solid ASCII
  facet normal 1.550876e-02 -1.509130e-02 9.997658e-01
    outer loop
      vertex   4.754772e+01 -7.175358e+00 -1.418772e+01
      vertex   4.761888e+01 -7.250000e+00 -1.418995e+01
      vertex   4.791831e+01 -6.845799e+00 -1.418849e+01
    endloop
  endfacet
  facet normal 1.389878e-02 -1.389878e-02 9.998068e-01
    outer loop
      vertex   4.791831e+01 -6.845799e+00 -1.418849e+01
      vertex   4.761888e+01 -7.250000e+00 -1.418995e+01
      vertex   4.766286e+01 -7.206023e+00 -1.418995e+01
    endloop
  endfacet
  facet normal 1.389878e-02 -1.389878e-02 9.998068e-01
    outer loop
      vertex   4.791831e+01 -6.845799e+00 -1.418849e+01
      vertex   4.766286e+01 -7.206023e+00 -1.418995e+01
      vertex   4.770683e+01 -7.162046e+00 -1.418995e+01
    endloop
  endfacet
  facet normal 1.389878e-02 -1.389878e-02 9.998068e-01
    outer loop
      vertex   4.770683e+01 -7.162046e+00 -1.418995e+01
      vertex   4.775081e+01 -7.118069e+00 -1.418995e+01
      vertex   4.791831e+01 -6.845799e+00 -1.418849e+01
    endloop
  endfacet
  facet normal 1.389878e-02 -1.389878e-02 9.998068e-01
    outer loop
      vertex   4.791831e+01 -6.845799e+00 -1.418849e+01
      vertex   4.775081e+01 -7.118069e+00 -1.418995e+01
      vertex   4.779479e+01 -7.074092e+00 -1.418995e+01
    endloop
  endfacet
  facet normal 1.389878e-02 -1.389878e-02 9.998068e-01
    outer loop
      vertex   4.791831e+01 -6.845799e+00 -1.418849e+01
      vertex   4.779479e+01 -7.074092e+00 -1.418995e+01
      vertex   4.788274e+01 -6.986138e+00 -1.418995e+01
    endloop
  endfacet
  facet normal 1.389878e-02 -1.389878e-02 9.998068e-01
    outer loop
      vertex   4.788274e+01 -6.986138e+00 -1.418995e+01
      vertex   4.797070e+01 -6.898183e+00 -1.418995e+01
      vertex   4.791831e+01 -6.845799e+00 -1.418849e+01
    endloop
  endfacet
  facet normal 1.389878e-02 -1.389878e-02 9.998068e-01
    outer loop
      vertex   4.791831e+01 -6.845799e+00 -1.418849e+01
      vertex   4.797070e+01 -6.898183e+00 -1.418995e+01
      vertex   4.801467e+01 -6.854206e+00 -1.418995e+01
    endloop
  endfacet
  facet normal 1.389878e-02 -1.389878e-02 9.998068e-01
    outer loop
      vertex   4.791831e+01 -6.845799e+00 -1.418849e+01
      vertex   4.801467e+01 -6.854206e+00 -1.418995e+01
      vertex   4.805865e+01 -6.810229e+00 -1.418995e+01
    endloop
  endfacet
  facet normal 1.389878e-02 -1.389878e-02 9.998068e-01
    outer loop
      vertex   4.805865e+01 -6.810229e+00 -1.418995e+01
      vertex   4.810263e+01 -6.766252e+00 -1.418995e+01
      vertex   4.791831e+01 -6.845799e+00 -1.418849e+01
    endloop
  endfacet
  facet normal 1.389878e-02 -1.389878e-02 9.998068e-01
    outer loop
      vertex   4.791831e+01 -6.845799e+00 -1.418849e+01
      vertex   4.810263e+01 -6.766252e+00 -1.418995e+01
      vertex   4.814660e+01 -6.722275e+00 -1.418995e+01
    endloop
  endfacet
  facet normal 1.389878e-02 -1.389878e-02 9.998068e-01
    outer loop
      vertex   4.791831e+01 -6.845799e+00 -1.418849e+01
      vertex   4.814660e+01 -6.722275e+00 -1.418995e+01
      vertex   4.819058e+01 -6.678298e+00 -1.418995e+01
    endloop
  endfacet
  facet normal 1.389878e-02 -1.389878e-02 9.998068e-01
    outer loop
      vertex   4.819058e+01 -6.678298e+00 -1.418995e+01
      vertex   4.823456e+01 -6.634321e+00 -1.418995e+01
      vertex   4.791831e+01 -6.845799e+00 -1.418849e+01
    endloop
  endfacet
  facet normal 1.389878e-02 -1.389878e-02 9.998068e-01
    outer loop
      vertex   4.791831e+01 -6.845799e+00 -1.418849e+01
      vertex   4.823456e+01 -6.634321e+00 -1.418995e+01
      vertex   4.832251e+01 -6.546367e+00 -1.418995e+01
    endloop
  endfacet
  facet normal 1.509130e-02 -1.550876e-02 9.997658e-01
    outer loop
      vertex   4.791831e+01 -6.845799e+00 -1.418849e+01
      vertex   4.832251e+01 -6.546367e+00 -1.418995e+01
      vertex   4.824787e+01 -6.475207e+00 -1.418772e+01
    endloop
  endfacet
  facet normal 1.885930e-02 -1.885930e-02 9.996443e-01
    outer loop
      vertex   4.824787e+01 -6.475207e+00 -1.418772e+01
      vertex   4.816035e+01 -6.562725e+00 -1.418772e+01
      vertex   4.791831e+01 -6.845799e+00 -1.418849e+01
    endloop
  endfacet
  facet normal 1.885930e-02 -1.885930e-02 9.996443e-01
    outer loop
      vertex   4.791831e+01 -6.845799e+00 -1.418849e+01
      vertex   4.816035e+01 -6.562725e+00 -1.418772e+01
      vertex   4.811659e+01 -6.606485e+00 -1.418772e+01
    endloop
  endfacet
  facet normal 1.885930e-02 -1.885930e-02 9.996443e-01
    outer loop
      vertex   4.791831e+01 -6.845799e+00 -1.418849e+01
      vertex   4.811659e+01 -6.606485e+00 -1.418772e+01
      vertex   4.807283e+01 -6.650244e+00 -1.418772e+01
    endloop
  endfacet
  facet normal 1.885930e-02 -1.885930e-02 9.996443e-01
    outer loop
      vertex   4.807283e+01 -6.650244e+00 -1.418772e+01
      vertex   4.802907e+01 -6.694004e+00 -1.418772e+01
      vertex   4.791831e+01 -6.845799e+00 -1.418849e+01
    endloop
  endfacet
  facet normal 1.885930e-02 -1.885930e-02 9.996443e-01
    outer loop
      vertex   4.791831e+01 -6.845799e+00 -1.418849e+01
      vertex   4.802907e+01 -6.694004e+00 -1.418772e+01
      vertex   4.798531e+01 -6.737763e+00 -1.418772e+01
    endloop
  endfacet
  facet normal 1.885930e-02 -1.885930e-02 9.996443e-01
    outer loop
      vertex   4.791831e+01 -6.845799e+00 -1.418849e+01
      vertex   4.798531e+01 -6.737763e+00 -1.418772e+01
      vertex   4.794155e+01 -6.781523e+00 -1.418772e+01
    endloop
  endfacet
  facet normal 1.885930e-02 -1.885930e-02 9.996443e-01
    outer loop
      vertex   4.794155e+01 -6.781523e+00 -1.418772e+01
      vertex   4.789779e+01 -6.825282e+00 -1.418772e+01
      vertex   4.791831e+01 -6.845799e+00 -1.418849e+01
    endloop
  endfacet
  facet normal 1.885930e-02 -1.885930e-02 9.996443e-01
    outer loop
      vertex   4.791831e+01 -6.845799e+00 -1.418849e+01
      vertex   4.789779e+01 -6.825282e+00 -1.418772e+01
      vertex   4.781028e+01 -6.912801e+00 -1.418772e+01
    endloop
  endfacet
  facet normal 1.885930e-02 -1.885930e-02 9.996443e-01
    outer loop
      vertex   4.791831e+01 -6.845799e+00 -1.418849e+01
      vertex   4.781028e+01 -6.912801e+00 -1.418772e+01
      vertex   4.772276e+01 -7.000320e+00 -1.418772e+01
    endloop
  endfacet
  facet normal 1.885930e-02 -1.885930e-02 9.996443e-01
    outer loop
      vertex   4.772276e+01 -7.000320e+00 -1.418772e+01
      vertex   4.767900e+01 -7.044079e+00 -1.418772e+01
      vertex   4.791831e+01 -6.845799e+00 -1.418849e+01
    endloop
  endfacet
  facet normal 1.885930e-02 -1.885930e-02 9.996443e-01
    outer loop
      vertex   4.791831e+01 -6.845799e+00 -1.418849e+01
      vertex   4.767900e+01 -7.044079e+00 -1.418772e+01
      vertex   4.763524e+01 -7.087839e+00 -1.418772e+01
    endloop
  endfacet
  facet normal 1.885930e-02 -1.885930e-02 9.996443e-01
    outer loop
      vertex   4.791831e+01 -6.845799e+00 -1.418849e+01
      vertex   4.763524e+01 -7.087839e+00 -1.418772e+01
      vertex   4.759148e+01 -7.131598e+00 -1.418772e+01
    endloop
  endfacet
  facet normal 1.885930e-02 -1.885930e-02 9.996443e-01
    outer loop
      vertex   4.759148e+01 -7.131598e+00 -1.418772e+01
      vertex   4.754772e+01 -7.175358e+00 -1.418772e+01
      vertex   4.791831e+01 -6.845799e+00 -1.418849e+01
    endloop
  endfacet
  facet normal 7.387972e-02 -7.387972e-02 9.945268e-01
    outer loop
      vertex   4.754772e+01 -7.175358e+00 -1.418772e+01
      vertex   4.759148e+01 -7.131598e+00 -1.418772e+01
      vertex   4.735973e+01 -6.972018e+00 -1.415865e+01
    endloop
  endfacet
  facet normal 7.387972e-02 -7.387972e-02 9.945268e-01
    outer loop
      vertex   4.735973e+01 -6.972018e+00 -1.415865e+01
      vertex   4.759148e+01 -7.131598e+00 -1.418772e+01
      vertex   4.763524e+01 -7.087839e+00 -1.418772e+01
    endloop
  endfacet
  facet normal 7.387972e-02 -7.387972e-02 9.945268e-01
    outer loop
      vertex   4.735973e+01 -6.972018e+00 -1.415865e+01
      vertex   4.763524e+01 -7.087839e+00 -1.418772e+01
      vertex   4.767900e+01 -7.044079e+00 -1.418772e+01
    endloop
  endfacet
  facet normal 7.387972e-02 -7.387972e-02 9.945268e-01
    outer loop
      vertex   4.767900e+01 -7.044079e+00 -1.418772e+01
      vertex   4.772276e+01 -7.000320e+00 -1.418772e+01
      vertex   4.735973e+01 -6.972018e+00 -1.415865e+01
    endloop
  endfacet
  facet normal 7.387972e-02 -7.387972e-02 9.945268e-01
    outer loop
      vertex   4.735973e+01 -6.972018e+00 -1.415865e+01
      vertex   4.772276e+01 -7.000320e+00 -1.418772e+01
      vertex   4.781028e+01 -6.912801e+00 -1.418772e+01
    endloop
  endfacet
  facet normal 7.387972e-02 -7.387972e-02 9.945268e-01
    outer loop
      vertex   4.735973e+01 -6.972018e+00 -1.415865e+01
      vertex   4.781028e+01 -6.912801e+00 -1.418772e+01
      vertex   4.789779e+01 -6.825282e+00 -1.418772e+01
    endloop
  endfacet
  facet normal 8.172029e-02 -1.032717e-01 9.912904e-01
    outer loop
      vertex   4.735973e+01 -6.972018e+00 -1.415865e+01
      vertex   4.789779e+01 -6.825282e+00 -1.418772e+01
      vertex   4.762216e+01 -6.549651e+00 -1.413628e+01
    endloop
  endfacet
  facet normal 9.250672e-02 -9.250672e-02 9.914056e-01
    outer loop
      vertex   4.762216e+01 -6.549651e+00 -1.413628e+01
      vertex   4.789779e+01 -6.825282e+00 -1.418772e+01
      vertex   4.794155e+01 -6.781523e+00 -1.418772e+01
    endloop
  endfacet
  facet normal 9.250672e-02 -9.250672e-02 9.914056e-01
    outer loop
      vertex   4.762216e+01 -6.549651e+00 -1.413628e+01
      vertex   4.794155e+01 -6.781523e+00 -1.418772e+01
      vertex   4.798531e+01 -6.737763e+00 -1.418772e+01
    endloop
  endfacet
  facet normal 9.250672e-02 -9.250672e-02 9.914056e-01
    outer loop
      vertex   4.762216e+01 -6.549651e+00 -1.413628e+01
      vertex   4.798531e+01 -6.737763e+00 -1.418772e+01
      vertex   4.779116e+01 -6.380653e+00 -1.413628e+01
    endloop
  endfacet
  facet normal 9.250672e-02 -9.250672e-02 9.914056e-01
    outer loop
      vertex   4.779116e+01 -6.380653e+00 -1.413628e+01
      vertex   4.798531e+01 -6.737763e+00 -1.418772e+01
      vertex   4.802907e+01 -6.694004e+00 -1.418772e+01
    endloop
  endfacet
  facet normal 9.250672e-02 -9.250672e-02 9.914056e-01
    outer loop
      vertex   4.779116e+01 -6.380653e+00 -1.413628e+01
      vertex   4.802907e+01 -6.694004e+00 -1.418772e+01
      vertex   4.807283e+01 -6.650244e+00 -1.418772e+01
    endloop
  endfacet
  facet normal 1.134904e-01 -7.051189e-02 9.910338e-01
    outer loop
      vertex   4.779116e+01 -6.380653e+00 -1.413628e+01
      vertex   4.807283e+01 -6.650244e+00 -1.418772e+01
      vertex   4.804453e+01 -6.287215e+00 -1.415865e+01
    endloop
  endfacet
  facet normal 7.387972e-02 -7.387972e-02 9.945268e-01
    outer loop
      vertex   4.804453e+01 -6.287215e+00 -1.415865e+01
      vertex   4.807283e+01 -6.650244e+00 -1.418772e+01
      vertex   4.811659e+01 -6.606485e+00 -1.418772e+01
    endloop
  endfacet
  facet normal 7.387972e-02 -7.387972e-02 9.945268e-01
    outer loop
      vertex   4.804453e+01 -6.287215e+00 -1.415865e+01
      vertex   4.811659e+01 -6.606485e+00 -1.418772e+01
      vertex   4.816035e+01 -6.562725e+00 -1.418772e+01
    endloop
  endfacet
  facet normal 7.387972e-02 -7.387972e-02 9.945268e-01
    outer loop
      vertex   4.816035e+01 -6.562725e+00 -1.418772e+01
      vertex   4.824787e+01 -6.475207e+00 -1.418772e+01
      vertex   4.804453e+01 -6.287215e+00 -1.415865e+01
    endloop
  endfacet
  facet normal 1.518166e-01 -1.789776e-01 9.720693e-01
    outer loop
      vertex   4.804453e+01 -6.287215e+00 -1.415865e+01
      vertex   4.784307e+01 -6.108941e+00 -1.409436e+01
      vertex   4.779116e+01 -6.380653e+00 -1.413628e+01
    endloop
  endfacet
  facet normal 1.943524e-01 -1.857331e-01 9.631876e-01
    outer loop
      vertex   4.779116e+01 -6.380653e+00 -1.413628e+01
      vertex   4.784307e+01 -6.108941e+00 -1.409436e+01
      vertex   4.765391e+01 -6.252279e+00 -1.408383e+01
    endloop
  endfacet
  facet normal 1.901799e-01 -1.901799e-01 9.631527e-01
    outer loop
      vertex   4.779116e+01 -6.380653e+00 -1.413628e+01
      vertex   4.765391e+01 -6.252279e+00 -1.408383e+01
      vertex   4.748935e+01 -6.416839e+00 -1.408383e+01
    endloop
  endfacet
  facet normal 2.602263e-01 -2.602263e-01 9.298196e-01
    outer loop
      vertex   4.748935e+01 -6.416839e+00 -1.408383e+01
      vertex   4.765391e+01 -6.252279e+00 -1.408383e+01
      vertex   4.736212e+01 -6.289612e+00 -1.401262e+01
    endloop
  endfacet
  facet normal 2.634492e-01 -2.569980e-01 9.298100e-01
    outer loop
      vertex   4.748935e+01 -6.416839e+00 -1.408383e+01
      vertex   4.736212e+01 -6.289612e+00 -1.401262e+01
      vertex   4.718145e+01 -6.770555e+00 -1.409436e+01
    endloop
  endfacet
  facet normal 2.677404e-01 -2.583383e-01 9.282114e-01
    outer loop
      vertex   4.718145e+01 -6.770555e+00 -1.409436e+01
      vertex   4.736212e+01 -6.289612e+00 -1.401262e+01
      vertex   4.701704e+01 -6.576341e+00 -1.399288e+01
    endloop
  endfacet
  facet normal 3.303742e-01 -3.369231e-01 8.816664e-01
    outer loop
      vertex   4.701704e+01 -6.576341e+00 -1.399288e+01
      vertex   4.736212e+01 -6.289612e+00 -1.401262e+01
      vertex   4.724229e+01 -6.169777e+00 -1.392192e+01
    endloop
  endfacet
  facet normal 3.774988e-01 -3.581904e-01 8.539287e-01
    outer loop
      vertex   4.701704e+01 -6.576341e+00 -1.399288e+01
      vertex   4.724229e+01 -6.169777e+00 -1.392192e+01
      vertex   4.687080e+01 -6.395734e+00 -1.385247e+01
    endloop
  endfacet
  facet normal 4.041446e-01 -4.137225e-01 8.157823e-01
    outer loop
      vertex   4.687080e+01 -6.395734e+00 -1.385247e+01
      vertex   4.724229e+01 -6.169777e+00 -1.392192e+01
      vertex   4.713222e+01 -6.059710e+00 -1.381157e+01
    endloop
  endfacet
  facet normal 4.827893e-01 -4.658708e-01 7.415382e-01
    outer loop
      vertex   4.687080e+01 -6.395734e+00 -1.385247e+01
      vertex   4.713222e+01 -6.059710e+00 -1.381157e+01
      vertex   4.674772e+01 -6.237424e+00 -1.367288e+01
    endloop
  endfacet
  facet normal 4.858979e-01 -4.826362e-01 7.286738e-01
    outer loop
      vertex   4.674772e+01 -6.237424e+00 -1.367288e+01
      vertex   4.713222e+01 -6.059710e+00 -1.381157e+01
      vertex   4.703443e+01 -5.961915e+00 -1.368158e+01
    endloop
  endfacet
  facet normal 5.549223e-01 -5.579948e-01 6.170114e-01
    outer loop
      vertex   4.674772e+01 -6.237424e+00 -1.367288e+01
      vertex   4.703443e+01 -5.961915e+00 -1.368158e+01
      vertex   4.695161e+01 -5.879102e+00 -1.353221e+01
    endloop
  endfacet
  facet normal 5.564599e-01 -5.564599e-01 6.170128e-01
    outer loop
      vertex   4.695161e+01 -5.879102e+00 -1.353221e+01
      vertex   4.703443e+01 -5.961915e+00 -1.368158e+01
      vertex   4.717536e+01 -5.820981e+00 -1.368158e+01
    endloop
  endfacet
  facet normal 5.564599e-01 -5.564599e-01 6.170128e-01
    outer loop
      vertex   4.695161e+01 -5.879102e+00 -1.353221e+01
      vertex   4.717536e+01 -5.820981e+00 -1.368158e+01
      vertex   4.708672e+01 -5.743991e+00 -1.353221e+01
    endloop
  endfacet
  facet normal 5.594452e-01 -5.532995e-01 6.171554e-01
    outer loop
      vertex   4.708672e+01 -5.743991e+00 -1.353221e+01
      vertex   4.717536e+01 -5.820981e+00 -1.368158e+01
      vertex   4.730994e+01 -5.675202e+00 -1.367288e+01
    endloop
  endfacet
  facet normal 5.504997e-01 -6.006422e-01 5.798094e-01
    outer loop
      vertex   4.708672e+01 -5.743991e+00 -1.353221e+01
      vertex   4.730994e+01 -5.675202e+00 -1.367288e+01
      vertex   4.718377e+01 -5.580700e+00 -1.345519e+01
    endloop
  endfacet
  facet normal 2.539918e-01 -2.668999e-01 9.296519e-01
    outer loop
      vertex   4.765391e+01 -6.252279e+00 -1.408383e+01
      vertex   4.784307e+01 -6.108941e+00 -1.409436e+01
      vertex   4.752143e+01 -6.130306e+00 -1.401262e+01
    endloop
  endfacet
  facet normal 2.539512e-01 -2.727668e-01 9.279586e-01
    outer loop
      vertex   4.752143e+01 -6.130306e+00 -1.401262e+01
      vertex   4.784307e+01 -6.108941e+00 -1.409436e+01
      vertex   4.764885e+01 -5.944528e+00 -1.399288e+01
    endloop
  endfacet
  facet normal 3.399337e-01 -3.268404e-01 8.818279e-01
    outer loop
      vertex   4.752143e+01 -6.130306e+00 -1.401262e+01
      vertex   4.764885e+01 -5.944528e+00 -1.399288e+01
      vertex   4.739569e+01 -6.016378e+00 -1.392192e+01
    endloop
  endfacet
  facet normal 3.491676e-01 -3.877982e-01 8.530501e-01
    outer loop
      vertex   4.739569e+01 -6.016378e+00 -1.392192e+01
      vertex   4.764885e+01 -5.944528e+00 -1.399288e+01
      vertex   4.746825e+01 -5.798284e+00 -1.385247e+01
    endloop
  endfacet
  facet normal 4.181199e-01 -3.989682e-01 8.160883e-01
    outer loop
      vertex   4.739569e+01 -6.016378e+00 -1.392192e+01
      vertex   4.746825e+01 -5.798284e+00 -1.385247e+01
      vertex   4.727938e+01 -5.912550e+00 -1.381157e+01
    endloop
  endfacet
  facet normal 4.578977e-01 -4.917238e-01 7.406331e-01
    outer loop
      vertex   4.727938e+01 -5.912550e+00 -1.381157e+01
      vertex   4.746825e+01 -5.798284e+00 -1.385247e+01
      vertex   4.730994e+01 -5.675202e+00 -1.367288e+01
    endloop
  endfacet
  facet normal 4.811120e-01 -4.876349e-01 7.285214e-01
    outer loop
      vertex   4.727938e+01 -5.912550e+00 -1.381157e+01
      vertex   4.730994e+01 -5.675202e+00 -1.367288e+01
      vertex   4.717536e+01 -5.820981e+00 -1.368158e+01
    endloop
  endfacet
  facet normal 6.557595e-01 -6.036071e-01 4.534732e-01
    outer loop
      vertex   4.708672e+01 -5.743991e+00 -1.353221e+01
      vertex   4.718377e+01 -5.580700e+00 -1.345519e+01
      vertex   4.699629e+01 -5.666416e+00 -1.329817e+01
    endloop
  endfacet
  facet normal 6.257114e-01 -6.850101e-01 3.731575e-01
    outer loop
      vertex   4.699629e+01 -5.666416e+00 -1.329817e+01
      vertex   4.718377e+01 -5.580700e+00 -1.345519e+01
      vertex   4.710132e+01 -5.520655e+00 -1.320671e+01
    endloop
  endfacet
  facet normal 7.188161e-01 -6.582577e-01 2.236075e-01
    outer loop
      vertex   4.699629e+01 -5.666416e+00 -1.329817e+01
      vertex   4.710132e+01 -5.520655e+00 -1.320671e+01
      vertex   4.695137e+01 -5.628264e+00 -1.304148e+01
    endloop
  endfacet
  facet normal 7.042184e-01 -6.828703e-01 1.943311e-01
    outer loop
      vertex   4.695137e+01 -5.628264e+00 -1.304148e+01
      vertex   4.710132e+01 -5.520655e+00 -1.320671e+01
      vertex   4.707981e+01 -5.505211e+00 -1.307452e+01
    endloop
  endfacet
  facet normal 6.990495e-01 -7.120679e-01 6.549068e-02
    outer loop
      vertex   4.695137e+01 -5.628264e+00 -1.304148e+01
      vertex   4.707981e+01 -5.505211e+00 -1.307452e+01
      vertex   4.707251e+01 -5.500000e+00 -1.293995e+01
    endloop
  endfacet
  facet normal 7.062382e-01 -7.062382e-01 4.954888e-02
    outer loop
      vertex   4.695137e+01 -5.628264e+00 -1.304148e+01
      vertex   4.707251e+01 -5.500000e+00 -1.293995e+01
      vertex   4.682607e+01 -5.753562e+00 -1.304148e+01
    endloop
  endfacet
  facet normal 7.062382e-01 -7.062382e-01 4.954888e-02
    outer loop
      vertex   4.682607e+01 -5.753562e+00 -1.304148e+01
      vertex   4.707251e+01 -5.500000e+00 -1.293995e+01
      vertex   4.657251e+01 -6.000000e+00 -1.293995e+01
    endloop
  endfacet
  facet normal 7.088360e-01 -7.023216e-01 6.554299e-02
    outer loop
      vertex   4.682607e+01 -5.753562e+00 -1.304148e+01
      vertex   4.657251e+01 -6.000000e+00 -1.293995e+01
      vertex   4.657772e+01 -6.007299e+00 -1.307452e+01
    endloop
  endfacet
  facet normal 6.883056e-01 -6.989678e-01 1.941120e-01
    outer loop
      vertex   4.657772e+01 -6.007299e+00 -1.307452e+01
      vertex   4.659317e+01 -6.028802e+00 -1.320671e+01
      vertex   4.682607e+01 -5.753562e+00 -1.304148e+01
    endloop
  endfacet
  facet normal 6.740341e-01 -7.042354e-01 2.230035e-01
    outer loop
      vertex   4.682607e+01 -5.753562e+00 -1.304148e+01
      vertex   4.659317e+01 -6.028802e+00 -1.320671e+01
      vertex   4.686761e+01 -5.795095e+00 -1.329817e+01
    endloop
  endfacet
  facet normal 6.892919e-01 -6.892919e-01 2.230544e-01
    outer loop
      vertex   4.682607e+01 -5.753562e+00 -1.304148e+01
      vertex   4.686761e+01 -5.795095e+00 -1.329817e+01
      vertex   4.699629e+01 -5.666416e+00 -1.329817e+01
    endloop
  endfacet
  facet normal 6.305217e-01 -6.305217e-01 4.526419e-01
    outer loop
      vertex   4.699629e+01 -5.666416e+00 -1.329817e+01
      vertex   4.686761e+01 -5.795095e+00 -1.329817e+01
      vertex   4.708672e+01 -5.743991e+00 -1.353221e+01
    endloop
  endfacet
  facet normal 6.703408e-01 -6.405901e-01 3.745498e-01
    outer loop
      vertex   4.659317e+01 -6.028802e+00 -1.320671e+01
      vertex   4.665321e+01 -6.111255e+00 -1.345519e+01
      vertex   4.686761e+01 -5.795095e+00 -1.329817e+01
    endloop
  endfacet
  facet normal 6.173965e-01 -6.434332e-01 4.525651e-01
    outer loop
      vertex   4.686761e+01 -5.795095e+00 -1.329817e+01
      vertex   4.665321e+01 -6.111255e+00 -1.345519e+01
      vertex   4.695161e+01 -5.879102e+00 -1.353221e+01
    endloop
  endfacet
  facet normal 6.305217e-01 -6.305217e-01 4.526419e-01
    outer loop
      vertex   4.686761e+01 -5.795095e+00 -1.329817e+01
      vertex   4.695161e+01 -5.879102e+00 -1.353221e+01
      vertex   4.708672e+01 -5.743991e+00 -1.353221e+01
    endloop
  endfacet
  facet normal 5.877929e-01 -5.626754e-01 5.812881e-01
    outer loop
      vertex   4.665321e+01 -6.111255e+00 -1.345519e+01
      vertex   4.674772e+01 -6.237424e+00 -1.367288e+01
      vertex   4.695161e+01 -5.879102e+00 -1.353221e+01
    endloop
  endfacet
  facet normal 1.880233e-01 -1.923348e-01 9.631483e-01
    outer loop
      vertex   4.748935e+01 -6.416839e+00 -1.408383e+01
      vertex   4.718145e+01 -6.770555e+00 -1.409436e+01
      vertex   4.762216e+01 -6.549651e+00 -1.413628e+01
    endloop
  endfacet
  facet normal 1.718099e-01 -1.582449e-01 9.723374e-01
    outer loop
      vertex   4.762216e+01 -6.549651e+00 -1.413628e+01
      vertex   4.718145e+01 -6.770555e+00 -1.409436e+01
      vertex   4.735973e+01 -6.972018e+00 -1.415865e+01
    endloop
  endfacet
  facet normal 1.901799e-01 -1.901799e-01 9.631527e-01
    outer loop
      vertex   4.748935e+01 -6.416839e+00 -1.408383e+01
      vertex   4.762216e+01 -6.549651e+00 -1.413628e+01
      vertex   4.779116e+01 -6.380653e+00 -1.413628e+01
    endloop
  endfacet
  facet normal 3.336522e-01 -3.336522e-01 8.816759e-01
    outer loop
      vertex   4.739569e+01 -6.016378e+00 -1.392192e+01
      vertex   4.724229e+01 -6.169777e+00 -1.392192e+01
      vertex   4.752143e+01 -6.130306e+00 -1.401262e+01
    endloop
  endfacet
  facet normal 3.336522e-01 -3.336522e-01 8.816759e-01
    outer loop
      vertex   4.752143e+01 -6.130306e+00 -1.401262e+01
      vertex   4.724229e+01 -6.169777e+00 -1.392192e+01
      vertex   4.736212e+01 -6.289612e+00 -1.401262e+01
    endloop
  endfacet
  facet normal 2.602263e-01 -2.602263e-01 9.298196e-01
    outer loop
      vertex   4.752143e+01 -6.130306e+00 -1.401262e+01
      vertex   4.736212e+01 -6.289612e+00 -1.401262e+01
      vertex   4.765391e+01 -6.252279e+00 -1.408383e+01
    endloop
  endfacet
  facet normal 4.089429e-01 -4.089429e-01 8.158010e-01
    outer loop
      vertex   4.724229e+01 -6.169777e+00 -1.392192e+01
      vertex   4.739569e+01 -6.016378e+00 -1.392192e+01
      vertex   4.713222e+01 -6.059710e+00 -1.381157e+01
    endloop
  endfacet
  facet normal 4.089429e-01 -4.089429e-01 8.158010e-01
    outer loop
      vertex   4.713222e+01 -6.059710e+00 -1.381157e+01
      vertex   4.739569e+01 -6.016378e+00 -1.392192e+01
      vertex   4.727938e+01 -5.912550e+00 -1.381157e+01
    endloop
  endfacet
  facet normal 4.842683e-01 -4.842683e-01 7.286757e-01
    outer loop
      vertex   4.713222e+01 -6.059710e+00 -1.381157e+01
      vertex   4.727938e+01 -5.912550e+00 -1.381157e+01
      vertex   4.703443e+01 -5.961915e+00 -1.368158e+01
    endloop
  endfacet
  facet normal 4.842683e-01 -4.842683e-01 7.286757e-01
    outer loop
      vertex   4.703443e+01 -5.961915e+00 -1.368158e+01
      vertex   4.727938e+01 -5.912550e+00 -1.381157e+01
      vertex   4.717536e+01 -5.820981e+00 -1.368158e+01
    endloop
  endfacet
  facet normal 6.892919e-01 -6.892919e-01 2.230544e-01
    outer loop
      vertex   4.695137e+01 -5.628264e+00 -1.304148e+01
      vertex   4.682607e+01 -5.753562e+00 -1.304148e+01
      vertex   4.699629e+01 -5.666416e+00 -1.329817e+01
    endloop
  endfacet
  facet normal 7.071068e-01 -7.071068e-01 1.467440e-17
    outer loop
      vertex   4.657251e+01 -6.000000e+00 2.985819e+01
      vertex   4.657251e+01 -6.000000e+00 -1.293995e+01
      vertex   4.707251e+01 -5.500000e+00 2.985819e+01
    endloop
  endfacet
  facet normal 7.071068e-01 -7.071068e-01 2.934880e-17
    outer loop
      vertex   4.707251e+01 -5.500000e+00 2.985819e+01
      vertex   4.657251e+01 -6.000000e+00 -1.293995e+01
      vertex   4.707251e+01 -5.500000e+00 -1.293995e+01
    endloop
  endfacet
  facet normal 1.000000e+00 -0.000000e+00 0.000000e+00
    outer loop
      vertex   4.707251e+01 -5.500000e+00 2.985819e+01
      vertex   4.707251e+01 -5.500000e+00 -1.293995e+01
      vertex   4.707251e+01 -5.000000e-01 2.985819e+01
    endloop
  endfacet
  facet normal 1.000000e+00 0.000000e+00 0.000000e+00
    outer loop
      vertex   4.707251e+01 -5.000000e-01 2.985819e+01
      vertex   4.707251e+01 -5.500000e+00 -1.293995e+01
      vertex   4.707251e+01 0.000000e+00 -1.293995e+01
    endloop
  endfacet
  facet normal 1.000000e+00 0.000000e+00 0.000000e+00
    outer loop
      vertex   4.707251e+01 -5.000000e-01 2.985819e+01
      vertex   4.707251e+01 0.000000e+00 -1.293995e+01
      vertex   4.707251e+01 0.000000e+00 2.935819e+01
    endloop
  endfacet
  facet normal 9.985329e-01 3.080080e-04 5.414671e-02
    outer loop
      vertex   4.707981e+01 -5.505211e+00 -1.307452e+01
      vertex   4.707345e+01 -2.458782e-02 -1.298846e+01
      vertex   4.707251e+01 -5.500000e+00 -1.293995e+01
    endloop
  endfacet
  facet normal 9.995537e-01 9.276019e-05 2.987205e-02
    outer loop
      vertex   4.707251e+01 -5.500000e+00 -1.293995e+01
      vertex   4.707345e+01 -2.458782e-02 -1.298846e+01
      vertex   4.707279e+01 -7.484997e-03 -1.296625e+01
    endloop
  endfacet
  facet normal 9.998711e-01 2.656785e-05 1.605491e-02
    outer loop
      vertex   4.707251e+01 -5.500000e+00 -1.293995e+01
      vertex   4.707279e+01 -7.484997e-03 -1.296625e+01
      vertex   4.707259e+01 -2.124035e-03 -1.295387e+01
    endloop
  endfacet
  facet normal 9.870292e-01 1.532164e-04 1.605409e-01
    outer loop
      vertex   4.710132e+01 -5.520655e+00 -1.320671e+01
      vertex   4.708167e+01 -1.781008e-01 -1.309102e+01
      vertex   4.707981e+01 -5.505211e+00 -1.307452e+01
    endloop
  endfacet
  facet normal 9.954508e-01 -5.193369e-05 9.527702e-02
    outer loop
      vertex   4.707981e+01 -5.505211e+00 -1.307452e+01
      vertex   4.708167e+01 -1.781008e-01 -1.309102e+01
      vertex   4.707555e+01 -7.209419e-02 -1.302703e+01
    endloop
  endfacet
  facet normal 9.985483e-01 3.124757e-04 5.386331e-02
    outer loop
      vertex   4.707981e+01 -5.505211e+00 -1.307452e+01
      vertex   4.707555e+01 -7.209419e-02 -1.302703e+01
      vertex   4.707345e+01 -2.458782e-02 -1.298846e+01
    endloop
  endfacet
  facet normal 9.491565e-01 6.218115e-04 3.148039e-01
    outer loop
      vertex   4.718377e+01 -5.580700e+00 -1.345519e+01
      vertex   4.716546e+01 -8.614116e-01 -1.340931e+01
      vertex   4.710132e+01 -5.520655e+00 -1.320671e+01
    endloop
  endfacet
  facet normal 9.534498e-01 -1.356322e-05 3.015516e-01
    outer loop
      vertex   4.710132e+01 -5.520655e+00 -1.320671e+01
      vertex   4.716546e+01 -8.614116e-01 -1.340931e+01
      vertex   4.710112e+01 -4.108424e-01 -1.320586e+01
    endloop
  endfacet
  facet normal 9.859609e-01 9.937224e-06 1.669763e-01
    outer loop
      vertex   4.710132e+01 -5.520655e+00 -1.320671e+01
      vertex   4.710112e+01 -4.108424e-01 -1.320586e+01
      vertex   4.708167e+01 -1.781008e-01 -1.309102e+01
    endloop
  endfacet
  facet normal 8.867215e-01 -1.054254e-03 4.623029e-01
    outer loop
      vertex   4.716546e+01 -8.614116e-01 -1.340931e+01
      vertex   4.718377e+01 -5.580700e+00 -1.345519e+01
      vertex   4.726872e+01 -1.333413e+00 -1.360844e+01
    endloop
  endfacet
  facet normal 8.653338e-01 7.768641e-04 5.011955e-01
    outer loop
      vertex   4.726872e+01 -1.333413e+00 -1.360844e+01
      vertex   4.718377e+01 -5.580700e+00 -1.345519e+01
      vertex   4.730994e+01 -5.675202e+00 -1.367288e+01
    endloop
  endfacet
  facet normal 7.962791e-01 -1.418218e-03 6.049278e-01
    outer loop
      vertex   4.726872e+01 -1.333413e+00 -1.360844e+01
      vertex   4.730994e+01 -5.675202e+00 -1.367288e+01
      vertex   4.740376e+01 -1.792291e+00 -1.378727e+01
    endloop
  endfacet
  facet normal 7.506070e-01 1.329808e-03 6.607476e-01
    outer loop
      vertex   4.740376e+01 -1.792291e+00 -1.378727e+01
      vertex   4.730994e+01 -5.675202e+00 -1.367288e+01
      vertex   4.746825e+01 -5.798284e+00 -1.385247e+01
    endloop
  endfacet
  facet normal 6.687927e-01 -1.333239e-03 7.434477e-01
    outer loop
      vertex   4.740376e+01 -1.792291e+00 -1.378727e+01
      vertex   4.746825e+01 -5.798284e+00 -1.385247e+01
      vertex   4.757163e+01 -2.229605e+00 -1.393907e+01
    endloop
  endfacet
  facet normal 6.144450e-01 1.345615e-03 7.889585e-01
    outer loop
      vertex   4.757163e+01 -2.229605e+00 -1.393907e+01
      vertex   4.746825e+01 -5.798284e+00 -1.385247e+01
      vertex   4.764885e+01 -5.944528e+00 -1.399288e+01
    endloop
  endfacet
  facet normal 5.155493e-01 -1.693616e-03 8.568582e-01
    outer loop
      vertex   4.757163e+01 -2.229605e+00 -1.393907e+01
      vertex   4.764885e+01 -5.944528e+00 -1.399288e+01
      vertex   4.778598e+01 -2.680802e+00 -1.406893e+01
    endloop
  endfacet
  facet normal 4.638673e-01 1.154600e-03 8.859039e-01
    outer loop
      vertex   4.778598e+01 -2.680802e+00 -1.406893e+01
      vertex   4.764885e+01 -5.944528e+00 -1.399288e+01
      vertex   4.784307e+01 -6.108941e+00 -1.409436e+01
    endloop
  endfacet
  facet normal 3.255683e-01 -1.590737e-03 9.455172e-01
    outer loop
      vertex   4.778598e+01 -2.680802e+00 -1.406893e+01
      vertex   4.784307e+01 -6.108941e+00 -1.409436e+01
      vertex   4.804136e+01 -3.121544e+00 -1.415761e+01
    endloop
  endfacet
  facet normal 3.039976e-01 -7.440455e-06 9.526728e-01
    outer loop
      vertex   4.804136e+01 -3.121544e+00 -1.415761e+01
      vertex   4.784307e+01 -6.108941e+00 -1.409436e+01
      vertex   4.804453e+01 -6.287215e+00 -1.415865e+01
    endloop
  endfacet
  facet normal 1.704396e-01 -1.518280e-04 9.853681e-01
    outer loop
      vertex   4.804136e+01 -3.121544e+00 -1.415761e+01
      vertex   4.804453e+01 -6.287215e+00 -1.415865e+01
      vertex   4.817989e+01 -3.330656e+00 -1.418160e+01
    endloop
  endfacet
  facet normal 1.425755e-01 1.158107e-03 9.897833e-01
    outer loop
      vertex   4.817989e+01 -3.330656e+00 -1.418160e+01
      vertex   4.804453e+01 -6.287215e+00 -1.415865e+01
      vertex   4.824787e+01 -6.475207e+00 -1.418772e+01
    endloop
  endfacet
  facet normal 5.743748e-02 -6.992323e-04 9.983489e-01
    outer loop
      vertex   4.817989e+01 -3.330656e+00 -1.418160e+01
      vertex   4.824787e+01 -6.475207e+00 -1.418772e+01
      vertex   4.832251e+01 -3.528591e+00 -1.418995e+01
    endloop
  endfacet
  facet normal 2.987027e-02 -1.106407e-15 9.995538e-01
    outer loop
      vertex   4.832251e+01 -3.528591e+00 -1.418995e+01
      vertex   4.824787e+01 -6.475207e+00 -1.418772e+01
      vertex   4.832251e+01 -6.546367e+00 -1.418995e+01
    endloop
  endfacet
  facet normal 9.999641e-01 7.368305e-06 8.475601e-03
    outer loop
      vertex   4.707259e+01 -2.124035e-03 -1.295387e+01
      vertex   4.707253e+01 -5.654096e-04 -1.294715e+01
      vertex   4.707251e+01 -5.500000e+00 -1.293995e+01
    endloop
  endfacet
  facet normal 9.999959e-01 -0.000000e+00 2.852140e-03
    outer loop
      vertex   4.707251e+01 -5.500000e+00 -1.293995e+01
      vertex   4.707253e+01 -5.654096e-04 -1.294715e+01
      vertex   4.707251e+01 0.000000e+00 -1.293995e+01
    endloop
  endfacet
  facet normal 7.013389e-01 -7.087354e-01 -7.627520e-02
    outer loop
      vertex   4.043741e+01 -5.500000e+00 1.684395e+01
      vertex   3.993795e+01 -6.000000e+00 1.689743e+01
      vertex   4.040000e+01 -5.500000e+00 1.650000e+01
    endloop
  endfacet
  facet normal 7.055004e-01 -7.055004e-01 -6.736712e-02
    outer loop
      vertex   4.040000e+01 -5.500000e+00 1.650000e+01
      vertex   3.993795e+01 -6.000000e+00 1.689743e+01
      vertex   3.990000e+01 -6.000000e+00 1.650000e+01
    endloop
  endfacet
  facet normal 7.055004e-01 -7.055004e-01 6.736712e-02
    outer loop
      vertex   4.040000e+01 -5.500000e+00 1.650000e+01
      vertex   3.990000e+01 -6.000000e+00 1.650000e+01
      vertex   3.993795e+01 -6.000000e+00 1.610257e+01
    endloop
  endfacet
  facet normal 6.823480e-01 -7.030355e-01 -2.003555e-01
    outer loop
      vertex   3.993795e+01 -6.000000e+00 1.689743e+01
      vertex   4.043741e+01 -5.500000e+00 1.684395e+01
      vertex   4.005043e+01 -6.000000e+00 1.728049e+01
    endloop
  endfacet
  facet normal 6.660103e-01 -7.113878e-01 -2.244050e-01
    outer loop
      vertex   4.005043e+01 -6.000000e+00 1.728049e+01
      vertex   4.043741e+01 -5.500000e+00 1.684395e+01
      vertex   4.054788e+01 -5.500000e+00 1.717182e+01
    endloop
  endfacet
  facet normal 6.335826e-01 -7.013437e-01 -3.266345e-01
    outer loop
      vertex   4.005043e+01 -6.000000e+00 1.728049e+01
      vertex   4.054788e+01 -5.500000e+00 1.717182e+01
      vertex   4.023337e+01 -6.000000e+00 1.763535e+01
    endloop
  endfacet
  facet normal 6.007839e-01 -7.130156e-01 -3.614797e-01
    outer loop
      vertex   4.023337e+01 -6.000000e+00 1.763535e+01
      vertex   4.054788e+01 -5.500000e+00 1.717182e+01
      vertex   4.072625e+01 -5.500000e+00 1.746828e+01
    endloop
  endfacet
  facet normal 5.610128e-01 -7.004429e-01 -4.411853e-01
    outer loop
      vertex   4.023337e+01 -6.000000e+00 1.763535e+01
      vertex   4.072625e+01 -5.500000e+00 1.746828e+01
      vertex   4.048016e+01 -6.000000e+00 1.794917e+01
    endloop
  endfacet
  facet normal 5.085700e-01 -7.136387e-01 -4.817431e-01
    outer loop
      vertex   4.048016e+01 -6.000000e+00 1.794917e+01
      vertex   4.072625e+01 -5.500000e+00 1.746828e+01
      vertex   4.096418e+01 -5.500000e+00 1.771946e+01
    endloop
  endfacet
  facet normal 4.674441e-01 -7.003426e-01 -5.394593e-01
    outer loop
      vertex   4.048016e+01 -6.000000e+00 1.794917e+01
      vertex   4.096418e+01 -5.500000e+00 1.771946e+01
      vertex   4.078188e+01 -6.000000e+00 1.821061e+01
    endloop
  endfacet
  facet normal 3.933329e-01 -7.132650e-01 -5.801226e-01
    outer loop
      vertex   4.078188e+01 -6.000000e+00 1.821061e+01
      vertex   4.096418e+01 -5.500000e+00 1.771946e+01
      vertex   4.125055e+01 -5.500000e+00 1.791362e+01
    endloop
  endfacet
  facet normal 3.565591e-01 -7.010438e-01 -6.175785e-01
    outer loop
      vertex   4.078188e+01 -6.000000e+00 1.821061e+01
      vertex   4.125055e+01 -5.500000e+00 1.791362e+01
      vertex   4.112763e+01 -6.000000e+00 1.841023e+01
    endloop
  endfacet
  facet normal 2.599447e-01 -7.118898e-01 -6.524121e-01
    outer loop
      vertex   4.112763e+01 -6.000000e+00 1.841023e+01
      vertex   4.125055e+01 -5.500000e+00 1.791362e+01
      vertex   4.157195e+01 -5.500000e+00 1.804168e+01
    endloop
  endfacet
  facet normal 2.327563e-01 -7.025392e-01 -6.725051e-01
    outer loop
      vertex   4.112763e+01 -6.000000e+00 1.841023e+01
      vertex   4.157195e+01 -5.500000e+00 1.804168e+01
      vertex   4.150491e+01 -6.000000e+00 1.854080e+01
    endloop
  endfacet
  facet normal 1.140093e-01 -7.094962e-01 -6.954258e-01
    outer loop
      vertex   4.150491e+01 -6.000000e+00 1.854080e+01
      vertex   4.157195e+01 -5.500000e+00 1.804168e+01
      vertex   4.191338e+01 -5.500000e+00 1.809765e+01
    endloop
  endfacet
  facet normal 1.009572e-01 -7.048130e-01 -7.021726e-01
    outer loop
      vertex   4.150491e+01 -6.000000e+00 1.854080e+01
      vertex   4.191338e+01 -5.500000e+00 1.809765e+01
      vertex   4.190008e+01 -6.000000e+00 1.859762e+01
    endloop
  endfacet
  facet normal -3.368694e-02 -7.062346e-01 -7.071760e-01
    outer loop
      vertex   4.190008e+01 -6.000000e+00 1.859762e+01
      vertex   4.191338e+01 -5.500000e+00 1.809765e+01
      vertex   4.229886e+01 -6.000000e+00 1.857863e+01
    endloop
  endfacet
  facet normal -3.823853e-02 -7.079086e-01 -7.052682e-01
    outer loop
      vertex   4.229886e+01 -6.000000e+00 1.857863e+01
      vertex   4.191338e+01 -5.500000e+00 1.809765e+01
      vertex   4.225885e+01 -5.500000e+00 1.807892e+01
    endloop
  endfacet
  facet normal -1.675341e-01 -7.035801e-01 -6.905848e-01
    outer loop
      vertex   4.229886e+01 -6.000000e+00 1.857863e+01
      vertex   4.225885e+01 -5.500000e+00 1.807892e+01
      vertex   4.268684e+01 -6.000000e+00 1.848450e+01
    endloop
  endfacet
  facet normal -1.881720e-01 -7.108219e-01 -6.777342e-01
    outer loop
      vertex   4.268684e+01 -6.000000e+00 1.848450e+01
      vertex   4.225885e+01 -5.500000e+00 1.807892e+01
      vertex   4.259222e+01 -5.500000e+00 1.798636e+01
    endloop
  endfacet
  facet normal -2.959746e-01 -7.016930e-01 -6.480941e-01
    outer loop
      vertex   4.268684e+01 -6.000000e+00 1.848450e+01
      vertex   4.259222e+01 -5.500000e+00 1.798636e+01
      vertex   4.305000e+01 -6.000000e+00 1.831865e+01
    endloop
  endfacet
  facet normal -3.285724e-01 -7.127034e-01 -6.197532e-01
    outer loop
      vertex   4.305000e+01 -6.000000e+00 1.831865e+01
      vertex   4.259222e+01 -5.500000e+00 1.798636e+01
      vertex   4.289790e+01 -5.500000e+00 1.782430e+01
    endloop
  endfacet
  facet normal -4.139059e-01 -7.005933e-01 -5.812495e-01
    outer loop
      vertex   4.305000e+01 -6.000000e+00 1.831865e+01
      vertex   4.289790e+01 -5.500000e+00 1.782430e+01
      vertex   4.337521e+01 -6.000000e+00 1.808707e+01
    endloop
  endfacet
  facet normal -4.535442e-01 -7.135765e-01 -5.339535e-01
    outer loop
      vertex   4.337521e+01 -6.000000e+00 1.808707e+01
      vertex   4.289790e+01 -5.500000e+00 1.782430e+01
      vertex   4.316159e+01 -5.500000e+00 1.760032e+01
    endloop
  endfacet
  facet normal -5.166420e-01 -7.002924e-01 -4.926171e-01
    outer loop
      vertex   4.337521e+01 -6.000000e+00 1.808707e+01
      vertex   4.316159e+01 -5.500000e+00 1.760032e+01
      vertex   4.365071e+01 -6.000000e+00 1.779813e+01
    endloop
  endfacet
  facet normal -5.578257e-01 -7.134519e-01 -4.240481e-01
    outer loop
      vertex   4.365071e+01 -6.000000e+00 1.779813e+01
      vertex   4.316159e+01 -5.500000e+00 1.760032e+01
      vertex   4.337097e+01 -5.500000e+00 1.732489e+01
    endloop
  endfacet
  facet normal -6.001201e-01 -7.007936e-01 -3.856737e-01
    outer loop
      vertex   4.365071e+01 -6.000000e+00 1.779813e+01
      vertex   4.337097e+01 -5.500000e+00 1.732489e+01
      vertex   4.386655e+01 -6.000000e+00 1.746228e+01
    endloop
  endfacet
  facet normal -6.369786e-01 -7.123282e-01 -2.946977e-01
    outer loop
      vertex   4.386655e+01 -6.000000e+00 1.746228e+01
      vertex   4.337097e+01 -5.500000e+00 1.732489e+01
      vertex   4.351625e+01 -5.500000e+00 1.701088e+01
    endloop
  endfacet
  facet normal -6.610784e-01 -7.020916e-01 -2.646559e-01
    outer loop
      vertex   4.386655e+01 -6.000000e+00 1.746228e+01
      vertex   4.351625e+01 -5.500000e+00 1.701088e+01
      vertex   4.401494e+01 -6.000000e+00 1.709164e+01
    endloop
  endfacet
  facet normal -6.875492e-01 -7.101915e-01 -1.513410e-01
    outer loop
      vertex   4.401494e+01 -6.000000e+00 1.709164e+01
      vertex   4.351625e+01 -5.500000e+00 1.701088e+01
      vertex   4.359062e+01 -5.500000e+00 1.667299e+01
    endloop
  endfacet
  facet normal -6.971976e-01 -7.041727e-01 -1.343738e-01
    outer loop
      vertex   4.401494e+01 -6.000000e+00 1.709164e+01
      vertex   4.359062e+01 -5.500000e+00 1.667299e+01
      vertex   4.409049e+01 -6.000000e+00 1.669962e+01
    endloop
  endfacet
  facet normal -7.071985e-01 -7.070151e-01 0.000000e+00
    outer loop
      vertex   4.409049e+01 -6.000000e+00 1.669962e+01
      vertex   4.359062e+01 -5.500000e+00 1.667299e+01
      vertex   4.359062e+01 -5.500000e+00 1.632701e+01
    endloop
  endfacet
  facet normal -7.071985e-01 -7.070151e-01 -0.000000e+00
    outer loop
      vertex   4.409049e+01 -6.000000e+00 1.669962e+01
      vertex   4.359062e+01 -5.500000e+00 1.632701e+01
      vertex   4.409049e+01 -6.000000e+00 1.630038e+01
    endloop
  endfacet
  facet normal -6.971976e-01 -7.041727e-01 1.343738e-01
    outer loop
      vertex   4.409049e+01 -6.000000e+00 1.630038e+01
      vertex   4.359062e+01 -5.500000e+00 1.632701e+01
      vertex   4.401494e+01 -6.000000e+00 1.590836e+01
    endloop
  endfacet
  facet normal -6.875492e-01 -7.101915e-01 1.513410e-01
    outer loop
      vertex   4.401494e+01 -6.000000e+00 1.590836e+01
      vertex   4.359062e+01 -5.500000e+00 1.632701e+01
      vertex   4.351625e+01 -5.500000e+00 1.598912e+01
    endloop
  endfacet
  facet normal -6.610784e-01 -7.020916e-01 2.646559e-01
    outer loop
      vertex   4.401494e+01 -6.000000e+00 1.590836e+01
      vertex   4.351625e+01 -5.500000e+00 1.598912e+01
      vertex   4.386655e+01 -6.000000e+00 1.553772e+01
    endloop
  endfacet
  facet normal -6.369786e-01 -7.123282e-01 2.946977e-01
    outer loop
      vertex   4.386655e+01 -6.000000e+00 1.553772e+01
      vertex   4.351625e+01 -5.500000e+00 1.598912e+01
      vertex   4.337097e+01 -5.500000e+00 1.567511e+01
    endloop
  endfacet
  facet normal -6.001201e-01 -7.007936e-01 3.856737e-01
    outer loop
      vertex   4.386655e+01 -6.000000e+00 1.553772e+01
      vertex   4.337097e+01 -5.500000e+00 1.567511e+01
      vertex   4.365071e+01 -6.000000e+00 1.520187e+01
    endloop
  endfacet
  facet normal -5.578257e-01 -7.134519e-01 4.240481e-01
    outer loop
      vertex   4.365071e+01 -6.000000e+00 1.520187e+01
      vertex   4.337097e+01 -5.500000e+00 1.567511e+01
      vertex   4.316159e+01 -5.500000e+00 1.539968e+01
    endloop
  endfacet
  facet normal -5.166420e-01 -7.002924e-01 4.926171e-01
    outer loop
      vertex   4.365071e+01 -6.000000e+00 1.520187e+01
      vertex   4.316159e+01 -5.500000e+00 1.539968e+01
      vertex   4.337521e+01 -6.000000e+00 1.491293e+01
    endloop
  endfacet
  facet normal -4.535442e-01 -7.135765e-01 5.339535e-01
    outer loop
      vertex   4.337521e+01 -6.000000e+00 1.491293e+01
      vertex   4.316159e+01 -5.500000e+00 1.539968e+01
      vertex   4.289790e+01 -5.500000e+00 1.517570e+01
    endloop
  endfacet
  facet normal -4.139059e-01 -7.005933e-01 5.812495e-01
    outer loop
      vertex   4.337521e+01 -6.000000e+00 1.491293e+01
      vertex   4.289790e+01 -5.500000e+00 1.517570e+01
      vertex   4.305000e+01 -6.000000e+00 1.468135e+01
    endloop
  endfacet
  facet normal -3.285724e-01 -7.127034e-01 6.197532e-01
    outer loop
      vertex   4.305000e+01 -6.000000e+00 1.468135e+01
      vertex   4.289790e+01 -5.500000e+00 1.517570e+01
      vertex   4.259222e+01 -5.500000e+00 1.501364e+01
    endloop
  endfacet
  facet normal -2.959746e-01 -7.016930e-01 6.480941e-01
    outer loop
      vertex   4.305000e+01 -6.000000e+00 1.468135e+01
      vertex   4.259222e+01 -5.500000e+00 1.501364e+01
      vertex   4.268684e+01 -6.000000e+00 1.451550e+01
    endloop
  endfacet
  facet normal -1.881720e-01 -7.108219e-01 6.777342e-01
    outer loop
      vertex   4.268684e+01 -6.000000e+00 1.451550e+01
      vertex   4.259222e+01 -5.500000e+00 1.501364e+01
      vertex   4.225885e+01 -5.500000e+00 1.492108e+01
    endloop
  endfacet
  facet normal -1.675341e-01 -7.035801e-01 6.905848e-01
    outer loop
      vertex   4.268684e+01 -6.000000e+00 1.451550e+01
      vertex   4.225885e+01 -5.500000e+00 1.492108e+01
      vertex   4.229886e+01 -6.000000e+00 1.442137e+01
    endloop
  endfacet
  facet normal -3.823853e-02 -7.079086e-01 7.052682e-01
    outer loop
      vertex   4.229886e+01 -6.000000e+00 1.442137e+01
      vertex   4.225885e+01 -5.500000e+00 1.492108e+01
      vertex   4.191338e+01 -5.500000e+00 1.490235e+01
    endloop
  endfacet
  facet normal -3.368694e-02 -7.062346e-01 7.071760e-01
    outer loop
      vertex   4.229886e+01 -6.000000e+00 1.442137e+01
      vertex   4.191338e+01 -5.500000e+00 1.490235e+01
      vertex   4.190008e+01 -6.000000e+00 1.440238e+01
    endloop
  endfacet
  facet normal 1.009572e-01 -7.048130e-01 7.021726e-01
    outer loop
      vertex   4.190008e+01 -6.000000e+00 1.440238e+01
      vertex   4.191338e+01 -5.500000e+00 1.490235e+01
      vertex   4.150491e+01 -6.000000e+00 1.445920e+01
    endloop
  endfacet
  facet normal 1.140093e-01 -7.094962e-01 6.954258e-01
    outer loop
      vertex   4.150491e+01 -6.000000e+00 1.445920e+01
      vertex   4.191338e+01 -5.500000e+00 1.490235e+01
      vertex   4.157195e+01 -5.500000e+00 1.495832e+01
    endloop
  endfacet
  facet normal 2.327563e-01 -7.025392e-01 6.725051e-01
    outer loop
      vertex   4.150491e+01 -6.000000e+00 1.445920e+01
      vertex   4.157195e+01 -5.500000e+00 1.495832e+01
      vertex   4.112763e+01 -6.000000e+00 1.458977e+01
    endloop
  endfacet
  facet normal 2.599447e-01 -7.118898e-01 6.524121e-01
    outer loop
      vertex   4.112763e+01 -6.000000e+00 1.458977e+01
      vertex   4.157195e+01 -5.500000e+00 1.495832e+01
      vertex   4.125055e+01 -5.500000e+00 1.508638e+01
    endloop
  endfacet
  facet normal 3.565591e-01 -7.010438e-01 6.175785e-01
    outer loop
      vertex   4.112763e+01 -6.000000e+00 1.458977e+01
      vertex   4.125055e+01 -5.500000e+00 1.508638e+01
      vertex   4.078188e+01 -6.000000e+00 1.478939e+01
    endloop
  endfacet
  facet normal 3.933329e-01 -7.132650e-01 5.801226e-01
    outer loop
      vertex   4.078188e+01 -6.000000e+00 1.478939e+01
      vertex   4.125055e+01 -5.500000e+00 1.508638e+01
      vertex   4.096418e+01 -5.500000e+00 1.528054e+01
    endloop
  endfacet
  facet normal 4.674441e-01 -7.003426e-01 5.394593e-01
    outer loop
      vertex   4.078188e+01 -6.000000e+00 1.478939e+01
      vertex   4.096418e+01 -5.500000e+00 1.528054e+01
      vertex   4.048016e+01 -6.000000e+00 1.505083e+01
    endloop
  endfacet
  facet normal 5.085700e-01 -7.136387e-01 4.817431e-01
    outer loop
      vertex   4.048016e+01 -6.000000e+00 1.505083e+01
      vertex   4.096418e+01 -5.500000e+00 1.528054e+01
      vertex   4.072625e+01 -5.500000e+00 1.553172e+01
    endloop
  endfacet
  facet normal 5.610128e-01 -7.004429e-01 4.411853e-01
    outer loop
      vertex   4.048016e+01 -6.000000e+00 1.505083e+01
      vertex   4.072625e+01 -5.500000e+00 1.553172e+01
      vertex   4.023337e+01 -6.000000e+00 1.536465e+01
    endloop
  endfacet
  facet normal 6.007839e-01 -7.130156e-01 3.614797e-01
    outer loop
      vertex   4.023337e+01 -6.000000e+00 1.536465e+01
      vertex   4.072625e+01 -5.500000e+00 1.553172e+01
      vertex   4.054788e+01 -5.500000e+00 1.582818e+01
    endloop
  endfacet
  facet normal 6.335826e-01 -7.013437e-01 3.266345e-01
    outer loop
      vertex   4.023337e+01 -6.000000e+00 1.536465e+01
      vertex   4.054788e+01 -5.500000e+00 1.582818e+01
      vertex   4.005043e+01 -6.000000e+00 1.571951e+01
    endloop
  endfacet
  facet normal 6.660103e-01 -7.113878e-01 2.244050e-01
    outer loop
      vertex   4.005043e+01 -6.000000e+00 1.571951e+01
      vertex   4.054788e+01 -5.500000e+00 1.582818e+01
      vertex   4.043741e+01 -5.500000e+00 1.615605e+01
    endloop
  endfacet
  facet normal 6.823480e-01 -7.030355e-01 2.003555e-01
    outer loop
      vertex   4.005043e+01 -6.000000e+00 1.571951e+01
      vertex   4.043741e+01 -5.500000e+00 1.615605e+01
      vertex   3.993795e+01 -6.000000e+00 1.610257e+01
    endloop
  endfacet
  facet normal 7.013389e-01 -7.087354e-01 7.627520e-02
    outer loop
      vertex   3.993795e+01 -6.000000e+00 1.610257e+01
      vertex   4.043741e+01 -5.500000e+00 1.615605e+01
      vertex   4.040000e+01 -5.500000e+00 1.650000e+01
    endloop
  endfacet
  facet normal -1.133598e-16 -1.000000e+00 2.075273e-17
    outer loop
      vertex   4.657251e+01 -6.000000e+00 2.985819e+01
      vertex   4.409049e+01 -6.000000e+00 1.630038e+01
      vertex   4.657251e+01 -6.000000e+00 -1.293995e+01
    endloop
  endfacet
  facet normal -1.094135e-16 -1.000000e+00 2.108772e-17
    outer loop
      vertex   4.657251e+01 -6.000000e+00 -1.293995e+01
      vertex   4.409049e+01 -6.000000e+00 1.630038e+01
      vertex   4.401494e+01 -6.000000e+00 1.590836e+01
    endloop
  endfacet
  facet normal -6.296147e-17 -1.000000e+00 2.520597e-17
    outer loop
      vertex   4.657251e+01 -6.000000e+00 -1.293995e+01
      vertex   4.401494e+01 -6.000000e+00 1.590836e+01
      vertex   4.386655e+01 -6.000000e+00 1.553772e+01
    endloop
  endfacet
  facet normal 0.000000e+00 -1.000000e+00 0.000000e+00
    outer loop
      vertex   3.700433e+01 -6.000000e+00 2.985819e+01
      vertex   4.190008e+01 -6.000000e+00 2.859762e+01
      vertex   4.657251e+01 -6.000000e+00 2.985819e+01
    endloop
  endfacet
  facet normal 0.000000e+00 -1.000000e+00 0.000000e+00
    outer loop
      vertex   4.657251e+01 -6.000000e+00 2.985819e+01
      vertex   4.190008e+01 -6.000000e+00 2.859762e+01
      vertex   4.229886e+01 -6.000000e+00 2.857863e+01
    endloop
  endfacet
  facet normal 0.000000e+00 -1.000000e+00 0.000000e+00
    outer loop
      vertex   4.657251e+01 -6.000000e+00 2.985819e+01
      vertex   4.229886e+01 -6.000000e+00 2.857863e+01
      vertex   4.268684e+01 -6.000000e+00 2.848450e+01
    endloop
  endfacet
  facet normal 0.000000e+00 -1.000000e+00 0.000000e+00
    outer loop
      vertex   3.700433e+01 -6.000000e+00 -1.293995e+01
      vertex   3.990000e+01 -6.000000e+00 1.650000e+01
      vertex   3.700433e+01 -6.000000e+00 2.985819e+01
    endloop
  endfacet
  facet normal 0.000000e+00 -1.000000e+00 0.000000e+00
    outer loop
      vertex   3.700433e+01 -6.000000e+00 2.985819e+01
      vertex   3.990000e+01 -6.000000e+00 1.650000e+01
      vertex   3.993795e+01 -6.000000e+00 1.689743e+01
    endloop
  endfacet
  facet normal 0.000000e+00 -1.000000e+00 0.000000e+00
    outer loop
      vertex   3.700433e+01 -6.000000e+00 2.985819e+01
      vertex   3.993795e+01 -6.000000e+00 1.689743e+01
      vertex   3.993795e+01 -6.000000e+00 2.610257e+01
    endloop
  endfacet
  facet normal 0.000000e+00 -1.000000e+00 0.000000e+00
    outer loop
      vertex   3.993795e+01 -6.000000e+00 2.610257e+01
      vertex   3.993795e+01 -6.000000e+00 1.689743e+01
      vertex   4.005043e+01 -6.000000e+00 2.571951e+01
    endloop
  endfacet
  facet normal 0.000000e+00 -1.000000e+00 -0.000000e+00
    outer loop
      vertex   4.005043e+01 -6.000000e+00 2.571951e+01
      vertex   3.993795e+01 -6.000000e+00 1.689743e+01
      vertex   4.005043e+01 -6.000000e+00 1.728049e+01
    endloop
  endfacet
  facet normal 0.000000e+00 -1.000000e+00 0.000000e+00
    outer loop
      vertex   4.005043e+01 -6.000000e+00 2.571951e+01
      vertex   4.005043e+01 -6.000000e+00 1.728049e+01
      vertex   4.023337e+01 -6.000000e+00 2.536465e+01
    endloop
  endfacet
  facet normal 0.000000e+00 -1.000000e+00 -0.000000e+00
    outer loop
      vertex   4.023337e+01 -6.000000e+00 2.536465e+01
      vertex   4.005043e+01 -6.000000e+00 1.728049e+01
      vertex   4.023337e+01 -6.000000e+00 1.763535e+01
    endloop
  endfacet
  facet normal 0.000000e+00 -1.000000e+00 0.000000e+00
    outer loop
      vertex   4.023337e+01 -6.000000e+00 2.536465e+01
      vertex   4.023337e+01 -6.000000e+00 1.763535e+01
      vertex   4.048016e+01 -6.000000e+00 2.505083e+01
    endloop
  endfacet
  facet normal 0.000000e+00 -1.000000e+00 -0.000000e+00
    outer loop
      vertex   4.048016e+01 -6.000000e+00 2.505083e+01
      vertex   4.023337e+01 -6.000000e+00 1.763535e+01
      vertex   4.048016e+01 -6.000000e+00 1.794917e+01
    endloop
  endfacet
  facet normal 0.000000e+00 -1.000000e+00 0.000000e+00
    outer loop
      vertex   4.048016e+01 -6.000000e+00 2.505083e+01
      vertex   4.048016e+01 -6.000000e+00 1.794917e+01
      vertex   4.078188e+01 -6.000000e+00 2.478939e+01
    endloop
  endfacet
  facet normal 0.000000e+00 -1.000000e+00 -0.000000e+00
    outer loop
      vertex   4.078188e+01 -6.000000e+00 2.478939e+01
      vertex   4.048016e+01 -6.000000e+00 1.794917e+01
      vertex   4.078188e+01 -6.000000e+00 1.821061e+01
    endloop
  endfacet
  facet normal 0.000000e+00 -1.000000e+00 0.000000e+00
    outer loop
      vertex   4.078188e+01 -6.000000e+00 2.478939e+01
      vertex   4.078188e+01 -6.000000e+00 1.821061e+01
      vertex   4.112763e+01 -6.000000e+00 2.458977e+01
    endloop
  endfacet
  facet normal 0.000000e+00 -1.000000e+00 -0.000000e+00
    outer loop
      vertex   4.112763e+01 -6.000000e+00 2.458977e+01
      vertex   4.078188e+01 -6.000000e+00 1.821061e+01
      vertex   4.112763e+01 -6.000000e+00 1.841023e+01
    endloop
  endfacet
  facet normal 0.000000e+00 -1.000000e+00 0.000000e+00
    outer loop
      vertex   4.112763e+01 -6.000000e+00 2.458977e+01
      vertex   4.112763e+01 -6.000000e+00 1.841023e+01
      vertex   4.150491e+01 -6.000000e+00 2.445920e+01
    endloop
  endfacet
  facet normal 0.000000e+00 -1.000000e+00 -0.000000e+00
    outer loop
      vertex   4.150491e+01 -6.000000e+00 2.445920e+01
      vertex   4.112763e+01 -6.000000e+00 1.841023e+01
      vertex   4.150491e+01 -6.000000e+00 1.854080e+01
    endloop
  endfacet
  facet normal 0.000000e+00 -1.000000e+00 0.000000e+00
    outer loop
      vertex   4.150491e+01 -6.000000e+00 2.445920e+01
      vertex   4.150491e+01 -6.000000e+00 1.854080e+01
      vertex   4.190008e+01 -6.000000e+00 2.440238e+01
    endloop
  endfacet
  facet normal 0.000000e+00 -1.000000e+00 0.000000e+00
    outer loop
      vertex   4.190008e+01 -6.000000e+00 2.440238e+01
      vertex   4.150491e+01 -6.000000e+00 1.854080e+01
      vertex   4.190008e+01 -6.000000e+00 1.859762e+01
    endloop
  endfacet
  facet normal 0.000000e+00 -1.000000e+00 -0.000000e+00
    outer loop
      vertex   4.190008e+01 -6.000000e+00 2.440238e+01
      vertex   4.190008e+01 -6.000000e+00 1.859762e+01
      vertex   4.229886e+01 -6.000000e+00 1.857863e+01
    endloop
  endfacet
  facet normal -9.282626e-17 -1.000000e+00 1.662089e-17
    outer loop
      vertex   4.657251e+01 -6.000000e+00 -1.293995e+01
      vertex   4.190008e+01 -6.000000e+00 1.440238e+01
      vertex   3.700433e+01 -6.000000e+00 -1.293995e+01
    endloop
  endfacet
  facet normal 0.000000e+00 -1.000000e+00 0.000000e+00
    outer loop
      vertex   3.700433e+01 -6.000000e+00 -1.293995e+01
      vertex   4.190008e+01 -6.000000e+00 1.440238e+01
      vertex   4.150491e+01 -6.000000e+00 1.445920e+01
    endloop
  endfacet
  facet normal 0.000000e+00 -1.000000e+00 0.000000e+00
    outer loop
      vertex   3.700433e+01 -6.000000e+00 -1.293995e+01
      vertex   4.150491e+01 -6.000000e+00 1.445920e+01
      vertex   4.112763e+01 -6.000000e+00 1.458977e+01
    endloop
  endfacet
  facet normal 0.000000e+00 -1.000000e+00 0.000000e+00
    outer loop
      vertex   3.993795e+01 -6.000000e+00 2.610257e+01
      vertex   3.990000e+01 -6.000000e+00 2.650000e+01
      vertex   3.700433e+01 -6.000000e+00 2.985819e+01
    endloop
  endfacet
  facet normal 0.000000e+00 -1.000000e+00 0.000000e+00
    outer loop
      vertex   3.700433e+01 -6.000000e+00 2.985819e+01
      vertex   3.990000e+01 -6.000000e+00 2.650000e+01
      vertex   3.993795e+01 -6.000000e+00 2.689743e+01
    endloop
  endfacet
  facet normal 0.000000e+00 -1.000000e+00 0.000000e+00
    outer loop
      vertex   3.700433e+01 -6.000000e+00 2.985819e+01
      vertex   3.993795e+01 -6.000000e+00 2.689743e+01
      vertex   4.005043e+01 -6.000000e+00 2.728049e+01
    endloop
  endfacet
  facet normal 0.000000e+00 -1.000000e+00 0.000000e+00
    outer loop
      vertex   4.005043e+01 -6.000000e+00 2.728049e+01
      vertex   4.023337e+01 -6.000000e+00 2.763535e+01
      vertex   3.700433e+01 -6.000000e+00 2.985819e+01
    endloop
  endfacet
  facet normal 0.000000e+00 -1.000000e+00 0.000000e+00
    outer loop
      vertex   3.700433e+01 -6.000000e+00 2.985819e+01
      vertex   4.023337e+01 -6.000000e+00 2.763535e+01
      vertex   4.048016e+01 -6.000000e+00 2.794917e+01
    endloop
  endfacet
  facet normal 0.000000e+00 -1.000000e+00 0.000000e+00
    outer loop
      vertex   3.700433e+01 -6.000000e+00 2.985819e+01
      vertex   4.048016e+01 -6.000000e+00 2.794917e+01
      vertex   4.078188e+01 -6.000000e+00 2.821061e+01
    endloop
  endfacet
  facet normal 0.000000e+00 -1.000000e+00 0.000000e+00
    outer loop
      vertex   4.078188e+01 -6.000000e+00 2.821061e+01
      vertex   4.112763e+01 -6.000000e+00 2.841023e+01
      vertex   3.700433e+01 -6.000000e+00 2.985819e+01
    endloop
  endfacet
  facet normal 0.000000e+00 -1.000000e+00 0.000000e+00
    outer loop
      vertex   3.700433e+01 -6.000000e+00 2.985819e+01
      vertex   4.112763e+01 -6.000000e+00 2.841023e+01
      vertex   4.150491e+01 -6.000000e+00 2.854080e+01
    endloop
  endfacet
  facet normal 0.000000e+00 -1.000000e+00 0.000000e+00
    outer loop
      vertex   3.700433e+01 -6.000000e+00 2.985819e+01
      vertex   4.150491e+01 -6.000000e+00 2.854080e+01
      vertex   4.190008e+01 -6.000000e+00 2.859762e+01
    endloop
  endfacet
  facet normal 0.000000e+00 -1.000000e+00 0.000000e+00
    outer loop
      vertex   4.268684e+01 -6.000000e+00 2.848450e+01
      vertex   4.305000e+01 -6.000000e+00 2.831865e+01
      vertex   4.657251e+01 -6.000000e+00 2.985819e+01
    endloop
  endfacet
  facet normal 0.000000e+00 -1.000000e+00 0.000000e+00
    outer loop
      vertex   4.657251e+01 -6.000000e+00 2.985819e+01
      vertex   4.305000e+01 -6.000000e+00 2.831865e+01
      vertex   4.337521e+01 -6.000000e+00 2.808707e+01
    endloop
  endfacet
  facet normal 0.000000e+00 -1.000000e+00 0.000000e+00
    outer loop
      vertex   4.657251e+01 -6.000000e+00 2.985819e+01
      vertex   4.337521e+01 -6.000000e+00 2.808707e+01
      vertex   4.365071e+01 -6.000000e+00 2.779813e+01
    endloop
  endfacet
  facet normal 0.000000e+00 -1.000000e+00 0.000000e+00
    outer loop
      vertex   4.365071e+01 -6.000000e+00 2.779813e+01
      vertex   4.386655e+01 -6.000000e+00 2.746228e+01
      vertex   4.657251e+01 -6.000000e+00 2.985819e+01
    endloop
  endfacet
  facet normal 0.000000e+00 -1.000000e+00 0.000000e+00
    outer loop
      vertex   4.657251e+01 -6.000000e+00 2.985819e+01
      vertex   4.386655e+01 -6.000000e+00 2.746228e+01
      vertex   4.401494e+01 -6.000000e+00 2.709164e+01
    endloop
  endfacet
  facet normal 0.000000e+00 -1.000000e+00 0.000000e+00
    outer loop
      vertex   4.657251e+01 -6.000000e+00 2.985819e+01
      vertex   4.401494e+01 -6.000000e+00 2.709164e+01
      vertex   4.409049e+01 -6.000000e+00 2.669962e+01
    endloop
  endfacet
  facet normal 0.000000e+00 -1.000000e+00 0.000000e+00
    outer loop
      vertex   4.409049e+01 -6.000000e+00 2.669962e+01
      vertex   4.409049e+01 -6.000000e+00 2.630038e+01
      vertex   4.657251e+01 -6.000000e+00 2.985819e+01
    endloop
  endfacet
  facet normal 0.000000e+00 -1.000000e+00 0.000000e+00
    outer loop
      vertex   4.657251e+01 -6.000000e+00 2.985819e+01
      vertex   4.409049e+01 -6.000000e+00 2.630038e+01
      vertex   4.409049e+01 -6.000000e+00 1.669962e+01
    endloop
  endfacet
  facet normal 0.000000e+00 -1.000000e+00 0.000000e+00
    outer loop
      vertex   4.657251e+01 -6.000000e+00 2.985819e+01
      vertex   4.409049e+01 -6.000000e+00 1.669962e+01
      vertex   4.409049e+01 -6.000000e+00 1.630038e+01
    endloop
  endfacet
  facet normal 0.000000e+00 -1.000000e+00 -0.000000e+00
    outer loop
      vertex   4.409049e+01 -6.000000e+00 2.630038e+01
      vertex   4.401494e+01 -6.000000e+00 2.590836e+01
      vertex   4.409049e+01 -6.000000e+00 1.669962e+01
    endloop
  endfacet
  facet normal 0.000000e+00 -1.000000e+00 0.000000e+00
    outer loop
      vertex   4.409049e+01 -6.000000e+00 1.669962e+01
      vertex   4.401494e+01 -6.000000e+00 2.590836e+01
      vertex   4.401494e+01 -6.000000e+00 1.709164e+01
    endloop
  endfacet
  facet normal 0.000000e+00 -1.000000e+00 0.000000e+00
    outer loop
      vertex   4.401494e+01 -6.000000e+00 1.709164e+01
      vertex   4.401494e+01 -6.000000e+00 2.590836e+01
      vertex   4.386655e+01 -6.000000e+00 2.553772e+01
    endloop
  endfacet
  facet normal 0.000000e+00 -1.000000e+00 0.000000e+00
    outer loop
      vertex   4.401494e+01 -6.000000e+00 1.709164e+01
      vertex   4.386655e+01 -6.000000e+00 2.553772e+01
      vertex   4.386655e+01 -6.000000e+00 1.746228e+01
    endloop
  endfacet
  facet normal 0.000000e+00 -1.000000e+00 0.000000e+00
    outer loop
      vertex   4.386655e+01 -6.000000e+00 1.746228e+01
      vertex   4.386655e+01 -6.000000e+00 2.553772e+01
      vertex   4.365071e+01 -6.000000e+00 2.520187e+01
    endloop
  endfacet
  facet normal 0.000000e+00 -1.000000e+00 0.000000e+00
    outer loop
      vertex   4.386655e+01 -6.000000e+00 1.746228e+01
      vertex   4.365071e+01 -6.000000e+00 2.520187e+01
      vertex   4.365071e+01 -6.000000e+00 1.779813e+01
    endloop
  endfacet
  facet normal 0.000000e+00 -1.000000e+00 0.000000e+00
    outer loop
      vertex   4.365071e+01 -6.000000e+00 1.779813e+01
      vertex   4.365071e+01 -6.000000e+00 2.520187e+01
      vertex   4.337521e+01 -6.000000e+00 2.491293e+01
    endloop
  endfacet
  facet normal 0.000000e+00 -1.000000e+00 0.000000e+00
    outer loop
      vertex   4.365071e+01 -6.000000e+00 1.779813e+01
      vertex   4.337521e+01 -6.000000e+00 2.491293e+01
      vertex   4.337521e+01 -6.000000e+00 1.808707e+01
    endloop
  endfacet
  facet normal 0.000000e+00 -1.000000e+00 0.000000e+00
    outer loop
      vertex   4.337521e+01 -6.000000e+00 1.808707e+01
      vertex   4.337521e+01 -6.000000e+00 2.491293e+01
      vertex   4.305000e+01 -6.000000e+00 2.468135e+01
    endloop
  endfacet
  facet normal 0.000000e+00 -1.000000e+00 0.000000e+00
    outer loop
      vertex   4.337521e+01 -6.000000e+00 1.808707e+01
      vertex   4.305000e+01 -6.000000e+00 2.468135e+01
      vertex   4.305000e+01 -6.000000e+00 1.831865e+01
    endloop
  endfacet
  facet normal 0.000000e+00 -1.000000e+00 0.000000e+00
    outer loop
      vertex   4.305000e+01 -6.000000e+00 1.831865e+01
      vertex   4.305000e+01 -6.000000e+00 2.468135e+01
      vertex   4.268684e+01 -6.000000e+00 2.451550e+01
    endloop
  endfacet
  facet normal 0.000000e+00 -1.000000e+00 0.000000e+00
    outer loop
      vertex   4.305000e+01 -6.000000e+00 1.831865e+01
      vertex   4.268684e+01 -6.000000e+00 2.451550e+01
      vertex   4.268684e+01 -6.000000e+00 1.848450e+01
    endloop
  endfacet
  facet normal 0.000000e+00 -1.000000e+00 0.000000e+00
    outer loop
      vertex   4.268684e+01 -6.000000e+00 1.848450e+01
      vertex   4.268684e+01 -6.000000e+00 2.451550e+01
      vertex   4.229886e+01 -6.000000e+00 2.442137e+01
    endloop
  endfacet
  facet normal 0.000000e+00 -1.000000e+00 0.000000e+00
    outer loop
      vertex   4.268684e+01 -6.000000e+00 1.848450e+01
      vertex   4.229886e+01 -6.000000e+00 2.442137e+01
      vertex   4.229886e+01 -6.000000e+00 1.857863e+01
    endloop
  endfacet
  facet normal 0.000000e+00 -1.000000e+00 0.000000e+00
    outer loop
      vertex   4.229886e+01 -6.000000e+00 1.857863e+01
      vertex   4.229886e+01 -6.000000e+00 2.442137e+01
      vertex   4.190008e+01 -6.000000e+00 2.440238e+01
    endloop
  endfacet
  facet normal -4.227922e-17 -1.000000e+00 2.717120e-17
    outer loop
      vertex   4.386655e+01 -6.000000e+00 1.553772e+01
      vertex   4.365071e+01 -6.000000e+00 1.520187e+01
      vertex   4.657251e+01 -6.000000e+00 -1.293995e+01
    endloop
  endfacet
  facet normal -2.984975e-17 -1.000000e+00 2.846168e-17
    outer loop
      vertex   4.657251e+01 -6.000000e+00 -1.293995e+01
      vertex   4.365071e+01 -6.000000e+00 1.520187e+01
      vertex   4.337521e+01 -6.000000e+00 1.491293e+01
    endloop
  endfacet
  facet normal -2.099157e-17 -1.000000e+00 2.947854e-17
    outer loop
      vertex   4.657251e+01 -6.000000e+00 -1.293995e+01
      vertex   4.337521e+01 -6.000000e+00 1.491293e+01
      vertex   4.305000e+01 -6.000000e+00 1.468135e+01
    endloop
  endfacet
  facet normal -1.387677e-17 -1.000000e+00 3.038588e-17
    outer loop
      vertex   4.305000e+01 -6.000000e+00 1.468135e+01
      vertex   4.268684e+01 -6.000000e+00 1.451550e+01
      vertex   4.657251e+01 -6.000000e+00 -1.293995e+01
    endloop
  endfacet
  facet normal -7.587471e-18 -1.000000e+00 3.127598e-17
    outer loop
      vertex   4.657251e+01 -6.000000e+00 -1.293995e+01
      vertex   4.268684e+01 -6.000000e+00 1.451550e+01
      vertex   4.229886e+01 -6.000000e+00 1.442137e+01
    endloop
  endfacet
  facet normal -1.534892e-18 -1.000000e+00 3.222135e-17
    outer loop
      vertex   4.657251e+01 -6.000000e+00 -1.293995e+01
      vertex   4.229886e+01 -6.000000e+00 1.442137e+01
      vertex   4.190008e+01 -6.000000e+00 1.440238e+01
    endloop
  endfacet
  facet normal -0.000000e+00 -1.000000e+00 0.000000e+00
    outer loop
      vertex   4.112763e+01 -6.000000e+00 1.458977e+01
      vertex   4.078188e+01 -6.000000e+00 1.478939e+01
      vertex   3.700433e+01 -6.000000e+00 -1.293995e+01
    endloop
  endfacet
  facet normal 0.000000e+00 -1.000000e+00 0.000000e+00
    outer loop
      vertex   3.700433e+01 -6.000000e+00 -1.293995e+01
      vertex   4.078188e+01 -6.000000e+00 1.478939e+01
      vertex   4.048016e+01 -6.000000e+00 1.505083e+01
    endloop
  endfacet
  facet normal 0.000000e+00 -1.000000e+00 0.000000e+00
    outer loop
      vertex   3.700433e+01 -6.000000e+00 -1.293995e+01
      vertex   4.048016e+01 -6.000000e+00 1.505083e+01
      vertex   4.023337e+01 -6.000000e+00 1.536465e+01
    endloop
  endfacet
  facet normal -0.000000e+00 -1.000000e+00 0.000000e+00
    outer loop
      vertex   4.023337e+01 -6.000000e+00 1.536465e+01
      vertex   4.005043e+01 -6.000000e+00 1.571951e+01
      vertex   3.700433e+01 -6.000000e+00 -1.293995e+01
    endloop
  endfacet
  facet normal 0.000000e+00 -1.000000e+00 0.000000e+00
    outer loop
      vertex   3.700433e+01 -6.000000e+00 -1.293995e+01
      vertex   4.005043e+01 -6.000000e+00 1.571951e+01
      vertex   3.993795e+01 -6.000000e+00 1.610257e+01
    endloop
  endfacet
  facet normal 0.000000e+00 -1.000000e+00 0.000000e+00
    outer loop
      vertex   3.700433e+01 -6.000000e+00 -1.293995e+01
      vertex   3.993795e+01 -6.000000e+00 1.610257e+01
      vertex   3.990000e+01 -6.000000e+00 1.650000e+01
    endloop
  endfacet
  facet normal 9.941380e-01 0.000000e+00 -1.081190e-01
    outer loop
      vertex   4.043741e+01 -5.000000e-01 1.684395e+01
      vertex   4.043741e+01 -5.500000e+00 1.684395e+01
      vertex   4.040000e+01 -5.000000e-01 1.650000e+01
    endloop
  endfacet
  facet normal 9.941380e-01 0.000000e+00 -1.081190e-01
    outer loop
      vertex   4.040000e+01 -5.000000e-01 1.650000e+01
      vertex   4.043741e+01 -5.500000e+00 1.684395e+01
      vertex   4.040000e+01 -5.500000e+00 1.650000e+01
    endloop
  endfacet
  facet normal 9.941380e-01 0.000000e+00 1.081190e-01
    outer loop
      vertex   4.040000e+01 -5.000000e-01 1.650000e+01
      vertex   4.040000e+01 -5.500000e+00 1.650000e+01
      vertex   4.043741e+01 -5.000000e-01 1.615605e+01
    endloop
  endfacet
  facet normal 9.941380e-01 0.000000e+00 1.081190e-01
    outer loop
      vertex   4.043741e+01 -5.000000e-01 1.615605e+01
      vertex   4.040000e+01 -5.500000e+00 1.650000e+01
      vertex   4.043741e+01 -5.500000e+00 1.615605e+01
    endloop
  endfacet
  facet normal 9.476532e-01 0.000000e+00 3.193015e-01
    outer loop
      vertex   4.043741e+01 -5.000000e-01 1.615605e+01
      vertex   4.043741e+01 -5.500000e+00 1.615605e+01
      vertex   4.054788e+01 -5.000000e-01 1.582818e+01
    endloop
  endfacet
  facet normal 9.476532e-01 0.000000e+00 3.193015e-01
    outer loop
      vertex   4.054788e+01 -5.000000e-01 1.582818e+01
      vertex   4.043741e+01 -5.500000e+00 1.615605e+01
      vertex   4.054788e+01 -5.500000e+00 1.582818e+01
    endloop
  endfacet
  facet normal 8.568572e-01 0.000000e+00 5.155539e-01
    outer loop
      vertex   4.054788e+01 -5.000000e-01 1.582818e+01
      vertex   4.054788e+01 -5.500000e+00 1.582818e+01
      vertex   4.072625e+01 -5.000000e-01 1.553172e+01
    endloop
  endfacet
  facet normal 8.568572e-01 0.000000e+00 5.155539e-01
    outer loop
      vertex   4.072625e+01 -5.000000e-01 1.553172e+01
      vertex   4.054788e+01 -5.500000e+00 1.582818e+01
      vertex   4.072625e+01 -5.500000e+00 1.553172e+01
    endloop
  endfacet
  facet normal 7.259955e-01 0.000000e+00 6.876995e-01
    outer loop
      vertex   4.072625e+01 -5.000000e-01 1.553172e+01
      vertex   4.072625e+01 -5.500000e+00 1.553172e+01
      vertex   4.096418e+01 -5.000000e-01 1.528054e+01
    endloop
  endfacet
  facet normal 7.259955e-01 -1.031702e-15 6.876995e-01
    outer loop
      vertex   4.096418e+01 -5.000000e-01 1.528054e+01
      vertex   4.072625e+01 -5.500000e+00 1.553172e+01
      vertex   4.096418e+01 -5.500000e+00 1.528054e+01
    endloop
  endfacet
  facet normal 5.611871e-01 -7.974948e-16 8.276890e-01
    outer loop
      vertex   4.096418e+01 -5.000000e-01 1.528054e+01
      vertex   4.096418e+01 -5.500000e+00 1.528054e+01
      vertex   4.125055e+01 -5.000000e-01 1.508638e+01
    endloop
  endfacet
  facet normal 5.611871e-01 0.000000e+00 8.276890e-01
    outer loop
      vertex   4.125055e+01 -5.000000e-01 1.508638e+01
      vertex   4.096418e+01 -5.500000e+00 1.528054e+01
      vertex   4.125055e+01 -5.500000e+00 1.508638e+01
    endloop
  endfacet
  facet normal 3.701382e-01 0.000000e+00 9.289767e-01
    outer loop
      vertex   4.125055e+01 -5.000000e-01 1.508638e+01
      vertex   4.125055e+01 -5.500000e+00 1.508638e+01
      vertex   4.157195e+01 -5.000000e-01 1.495832e+01
    endloop
  endfacet
  facet normal 3.701382e-01 0.000000e+00 9.289767e-01
    outer loop
      vertex   4.157195e+01 -5.000000e-01 1.495832e+01
      vertex   4.125055e+01 -5.500000e+00 1.508638e+01
      vertex   4.157195e+01 -5.500000e+00 1.495832e+01
    endloop
  endfacet
  facet normal 1.617820e-01 0.000000e+00 9.868265e-01
    outer loop
      vertex   4.157195e+01 -5.000000e-01 1.495832e+01
      vertex   4.157195e+01 -5.500000e+00 1.495832e+01
      vertex   4.191338e+01 -5.000000e-01 1.490235e+01
    endloop
  endfacet
  facet normal 1.617820e-01 0.000000e+00 9.868265e-01
    outer loop
      vertex   4.191338e+01 -5.000000e-01 1.490235e+01
      vertex   4.157195e+01 -5.500000e+00 1.495832e+01
      vertex   4.191338e+01 -5.500000e+00 1.490235e+01
    endloop
  endfacet
  facet normal -5.413891e-02 0.000000e+00 9.985334e-01
    outer loop
      vertex   4.191338e+01 -5.000000e-01 1.490235e+01
      vertex   4.191338e+01 -5.500000e+00 1.490235e+01
      vertex   4.225885e+01 -5.000000e-01 1.492108e+01
    endloop
  endfacet
  facet normal -5.413891e-02 0.000000e+00 9.985334e-01
    outer loop
      vertex   4.225885e+01 -5.000000e-01 1.492108e+01
      vertex   4.191338e+01 -5.500000e+00 1.490235e+01
      vertex   4.225885e+01 -5.500000e+00 1.492108e+01
    endloop
  endfacet
  facet normal -2.675283e-01 0.000000e+00 9.635500e-01
    outer loop
      vertex   4.225885e+01 -5.000000e-01 1.492108e+01
      vertex   4.225885e+01 -5.500000e+00 1.492108e+01
      vertex   4.259222e+01 -5.000000e-01 1.501364e+01
    endloop
  endfacet
  facet normal -2.675283e-01 0.000000e+00 9.635500e-01
    outer loop
      vertex   4.259222e+01 -5.000000e-01 1.501364e+01
      vertex   4.225885e+01 -5.500000e+00 1.492108e+01
      vertex   4.259222e+01 -5.500000e+00 1.501364e+01
    endloop
  endfacet
  facet normal -4.684084e-01 0.000000e+00 8.835120e-01
    outer loop
      vertex   4.259222e+01 -5.000000e-01 1.501364e+01
      vertex   4.259222e+01 -5.500000e+00 1.501364e+01
      vertex   4.289790e+01 -5.000000e-01 1.517570e+01
    endloop
  endfacet
  facet normal -4.684084e-01 0.000000e+00 8.835120e-01
    outer loop
      vertex   4.289790e+01 -5.000000e-01 1.517570e+01
      vertex   4.259222e+01 -5.500000e+00 1.501364e+01
      vertex   4.289790e+01 -5.500000e+00 1.517570e+01
    endloop
  endfacet
  facet normal -6.473863e-01 0.000000e+00 7.621621e-01
    outer loop
      vertex   4.289790e+01 -5.000000e-01 1.517570e+01
      vertex   4.289790e+01 -5.500000e+00 1.517570e+01
      vertex   4.316159e+01 -5.000000e-01 1.539968e+01
    endloop
  endfacet
  facet normal -6.473863e-01 -2.707744e-16 7.621621e-01
    outer loop
      vertex   4.316159e+01 -5.000000e-01 1.539968e+01
      vertex   4.289790e+01 -5.500000e+00 1.517570e+01
      vertex   4.316159e+01 -5.500000e+00 1.539968e+01
    endloop
  endfacet
  facet normal -7.960931e-01 -2.150011e-16 6.051742e-01
    outer loop
      vertex   4.316159e+01 -5.000000e-01 1.539968e+01
      vertex   4.316159e+01 -5.500000e+00 1.539968e+01
      vertex   4.337097e+01 -5.000000e-01 1.567511e+01
    endloop
  endfacet
  facet normal -7.960931e-01 -4.300021e-16 6.051742e-01
    outer loop
      vertex   4.337097e+01 -5.000000e-01 1.567511e+01
      vertex   4.316159e+01 -5.500000e+00 1.539968e+01
      vertex   4.337097e+01 -5.500000e+00 1.567511e+01
    endloop
  endfacet
  facet normal -9.075754e-01 -2.983492e-16 4.198891e-01
    outer loop
      vertex   4.337097e+01 -5.000000e-01 1.567511e+01
      vertex   4.337097e+01 -5.500000e+00 1.567511e+01
      vertex   4.351625e+01 -5.000000e-01 1.598912e+01
    endloop
  endfacet
  facet normal -9.075754e-01 0.000000e+00 4.198891e-01
    outer loop
      vertex   4.351625e+01 -5.000000e-01 1.598912e+01
      vertex   4.337097e+01 -5.500000e+00 1.567511e+01
      vertex   4.351625e+01 -5.500000e+00 1.598912e+01
    endloop
  endfacet
  facet normal -9.766206e-01 0.000000e+00 2.149704e-01
    outer loop
      vertex   4.351625e+01 -5.000000e-01 1.598912e+01
      vertex   4.351625e+01 -5.500000e+00 1.598912e+01
      vertex   4.359062e+01 -5.000000e-01 1.632701e+01
    endloop
  endfacet
  facet normal -9.766206e-01 0.000000e+00 2.149704e-01
    outer loop
      vertex   4.359062e+01 -5.000000e-01 1.632701e+01
      vertex   4.351625e+01 -5.500000e+00 1.598912e+01
      vertex   4.359062e+01 -5.500000e+00 1.632701e+01
    endloop
  endfacet
  facet normal -1.000000e+00 0.000000e+00 0.000000e+00
    outer loop
      vertex   4.359062e+01 -5.000000e-01 1.632701e+01
      vertex   4.359062e+01 -5.500000e+00 1.632701e+01
      vertex   4.359062e+01 -5.000000e-01 1.667299e+01
    endloop
  endfacet
  facet normal -1.000000e+00 -0.000000e+00 0.000000e+00
    outer loop
      vertex   4.359062e+01 -5.000000e-01 1.667299e+01
      vertex   4.359062e+01 -5.500000e+00 1.632701e+01
      vertex   4.359062e+01 -5.500000e+00 1.667299e+01
    endloop
  endfacet
  facet normal -9.766206e-01 -0.000000e+00 -2.149704e-01
    outer loop
      vertex   4.359062e+01 -5.000000e-01 1.667299e+01
      vertex   4.359062e+01 -5.500000e+00 1.667299e+01
      vertex   4.351625e+01 -5.000000e-01 1.701088e+01
    endloop
  endfacet
  facet normal -9.766206e-01 -0.000000e+00 -2.149704e-01
    outer loop
      vertex   4.351625e+01 -5.000000e-01 1.701088e+01
      vertex   4.359062e+01 -5.500000e+00 1.667299e+01
      vertex   4.351625e+01 -5.500000e+00 1.701088e+01
    endloop
  endfacet
  facet normal -9.075754e-01 -0.000000e+00 -4.198891e-01
    outer loop
      vertex   4.351625e+01 -5.000000e-01 1.701088e+01
      vertex   4.351625e+01 -5.500000e+00 1.701088e+01
      vertex   4.337097e+01 -5.000000e-01 1.732489e+01
    endloop
  endfacet
  facet normal -9.075754e-01 2.983492e-16 -4.198891e-01
    outer loop
      vertex   4.337097e+01 -5.000000e-01 1.732489e+01
      vertex   4.351625e+01 -5.500000e+00 1.701088e+01
      vertex   4.337097e+01 -5.500000e+00 1.732489e+01
    endloop
  endfacet
  facet normal -7.960931e-01 4.300021e-16 -6.051742e-01
    outer loop
      vertex   4.337097e+01 -5.000000e-01 1.732489e+01
      vertex   4.337097e+01 -5.500000e+00 1.732489e+01
      vertex   4.316159e+01 -5.000000e-01 1.760032e+01
    endloop
  endfacet
  facet normal -7.960931e-01 4.300021e-16 -6.051742e-01
    outer loop
      vertex   4.316159e+01 -5.000000e-01 1.760032e+01
      vertex   4.337097e+01 -5.500000e+00 1.732489e+01
      vertex   4.316159e+01 -5.500000e+00 1.760032e+01
    endloop
  endfacet
  facet normal -6.473863e-01 5.415487e-16 -7.621621e-01
    outer loop
      vertex   4.316159e+01 -5.000000e-01 1.760032e+01
      vertex   4.316159e+01 -5.500000e+00 1.760032e+01
      vertex   4.289790e+01 -5.000000e-01 1.782430e+01
    endloop
  endfacet
  facet normal -6.473863e-01 -0.000000e+00 -7.621621e-01
    outer loop
      vertex   4.289790e+01 -5.000000e-01 1.782430e+01
      vertex   4.316159e+01 -5.500000e+00 1.760032e+01
      vertex   4.289790e+01 -5.500000e+00 1.782430e+01
    endloop
  endfacet
  facet normal -4.684084e-01 -0.000000e+00 -8.835120e-01
    outer loop
      vertex   4.289790e+01 -5.000000e-01 1.782430e+01
      vertex   4.289790e+01 -5.500000e+00 1.782430e+01
      vertex   4.259222e+01 -5.000000e-01 1.798636e+01
    endloop
  endfacet
  facet normal -4.684084e-01 -0.000000e+00 -8.835120e-01
    outer loop
      vertex   4.259222e+01 -5.000000e-01 1.798636e+01
      vertex   4.289790e+01 -5.500000e+00 1.782430e+01
      vertex   4.259222e+01 -5.500000e+00 1.798636e+01
    endloop
  endfacet
  facet normal -2.675283e-01 -0.000000e+00 -9.635500e-01
    outer loop
      vertex   4.259222e+01 -5.000000e-01 1.798636e+01
      vertex   4.259222e+01 -5.500000e+00 1.798636e+01
      vertex   4.225885e+01 -5.000000e-01 1.807892e+01
    endloop
  endfacet
  facet normal -2.675283e-01 -0.000000e+00 -9.635500e-01
    outer loop
      vertex   4.225885e+01 -5.000000e-01 1.807892e+01
      vertex   4.259222e+01 -5.500000e+00 1.798636e+01
      vertex   4.225885e+01 -5.500000e+00 1.807892e+01
    endloop
  endfacet
  facet normal -5.413891e-02 -0.000000e+00 -9.985334e-01
    outer loop
      vertex   4.225885e+01 -5.000000e-01 1.807892e+01
      vertex   4.225885e+01 -5.500000e+00 1.807892e+01
      vertex   4.191338e+01 -5.000000e-01 1.809765e+01
    endloop
  endfacet
  facet normal -5.413891e-02 -0.000000e+00 -9.985334e-01
    outer loop
      vertex   4.191338e+01 -5.000000e-01 1.809765e+01
      vertex   4.225885e+01 -5.500000e+00 1.807892e+01
      vertex   4.191338e+01 -5.500000e+00 1.809765e+01
    endloop
  endfacet
  facet normal 1.617820e-01 0.000000e+00 -9.868265e-01
    outer loop
      vertex   4.191338e+01 -5.000000e-01 1.809765e+01
      vertex   4.191338e+01 -5.500000e+00 1.809765e+01
      vertex   4.157195e+01 -5.000000e-01 1.804168e+01
    endloop
  endfacet
  facet normal 1.617820e-01 0.000000e+00 -9.868265e-01
    outer loop
      vertex   4.157195e+01 -5.000000e-01 1.804168e+01
      vertex   4.191338e+01 -5.500000e+00 1.809765e+01
      vertex   4.157195e+01 -5.500000e+00 1.804168e+01
    endloop
  endfacet
  facet normal 3.701382e-01 0.000000e+00 -9.289767e-01
    outer loop
      vertex   4.157195e+01 -5.000000e-01 1.804168e+01
      vertex   4.157195e+01 -5.500000e+00 1.804168e+01
      vertex   4.125055e+01 -5.000000e-01 1.791362e+01
    endloop
  endfacet
  facet normal 3.701382e-01 0.000000e+00 -9.289767e-01
    outer loop
      vertex   4.125055e+01 -5.000000e-01 1.791362e+01
      vertex   4.157195e+01 -5.500000e+00 1.804168e+01
      vertex   4.125055e+01 -5.500000e+00 1.791362e+01
    endloop
  endfacet
  facet normal 5.611871e-01 0.000000e+00 -8.276890e-01
    outer loop
      vertex   4.125055e+01 -5.000000e-01 1.791362e+01
      vertex   4.125055e+01 -5.500000e+00 1.791362e+01
      vertex   4.096418e+01 -5.000000e-01 1.771946e+01
    endloop
  endfacet
  facet normal 5.611871e-01 7.974948e-16 -8.276890e-01
    outer loop
      vertex   4.096418e+01 -5.000000e-01 1.771946e+01
      vertex   4.125055e+01 -5.500000e+00 1.791362e+01
      vertex   4.096418e+01 -5.500000e+00 1.771946e+01
    endloop
  endfacet
  facet normal 7.259955e-01 1.031702e-15 -6.876995e-01
    outer loop
      vertex   4.096418e+01 -5.000000e-01 1.771946e+01
      vertex   4.096418e+01 -5.500000e+00 1.771946e+01
      vertex   4.072625e+01 -5.000000e-01 1.746828e+01
    endloop
  endfacet
  facet normal 7.259955e-01 0.000000e+00 -6.876995e-01
    outer loop
      vertex   4.072625e+01 -5.000000e-01 1.746828e+01
      vertex   4.096418e+01 -5.500000e+00 1.771946e+01
      vertex   4.072625e+01 -5.500000e+00 1.746828e+01
    endloop
  endfacet
  facet normal 8.568572e-01 0.000000e+00 -5.155539e-01
    outer loop
      vertex   4.072625e+01 -5.000000e-01 1.746828e+01
      vertex   4.072625e+01 -5.500000e+00 1.746828e+01
      vertex   4.054788e+01 -5.000000e-01 1.717182e+01
    endloop
  endfacet
  facet normal 8.568572e-01 0.000000e+00 -5.155539e-01
    outer loop
      vertex   4.054788e+01 -5.000000e-01 1.717182e+01
      vertex   4.072625e+01 -5.500000e+00 1.746828e+01
      vertex   4.054788e+01 -5.500000e+00 1.717182e+01
    endloop
  endfacet
  facet normal 9.476532e-01 0.000000e+00 -3.193015e-01
    outer loop
      vertex   4.054788e+01 -5.000000e-01 1.717182e+01
      vertex   4.054788e+01 -5.500000e+00 1.717182e+01
      vertex   4.043741e+01 -5.000000e-01 1.684395e+01
    endloop
  endfacet
  facet normal 9.476532e-01 0.000000e+00 -3.193015e-01
    outer loop
      vertex   4.043741e+01 -5.000000e-01 1.684395e+01
      vertex   4.054788e+01 -5.500000e+00 1.717182e+01
      vertex   4.043741e+01 -5.500000e+00 1.684395e+01
    endloop
  endfacet
  facet normal 7.013389e-01 -7.087354e-01 -7.627520e-02
    outer loop
      vertex   4.043741e+01 -5.500000e+00 2.684395e+01
      vertex   3.993795e+01 -6.000000e+00 2.689743e+01
      vertex   4.040000e+01 -5.500000e+00 2.650000e+01
    endloop
  endfacet
  facet normal 7.055004e-01 -7.055004e-01 -6.736712e-02
    outer loop
      vertex   4.040000e+01 -5.500000e+00 2.650000e+01
      vertex   3.993795e+01 -6.000000e+00 2.689743e+01
      vertex   3.990000e+01 -6.000000e+00 2.650000e+01
    endloop
  endfacet
  facet normal 7.055004e-01 -7.055004e-01 6.736712e-02
    outer loop
      vertex   4.040000e+01 -5.500000e+00 2.650000e+01
      vertex   3.990000e+01 -6.000000e+00 2.650000e+01
      vertex   3.993795e+01 -6.000000e+00 2.610257e+01
    endloop
  endfacet
  facet normal 6.823480e-01 -7.030355e-01 -2.003555e-01
    outer loop
      vertex   3.993795e+01 -6.000000e+00 2.689743e+01
      vertex   4.043741e+01 -5.500000e+00 2.684395e+01
      vertex   4.005043e+01 -6.000000e+00 2.728049e+01
    endloop
  endfacet
  facet normal 6.660103e-01 -7.113878e-01 -2.244050e-01
    outer loop
      vertex   4.005043e+01 -6.000000e+00 2.728049e+01
      vertex   4.043741e+01 -5.500000e+00 2.684395e+01
      vertex   4.054788e+01 -5.500000e+00 2.717182e+01
    endloop
  endfacet
  facet normal 6.335826e-01 -7.013437e-01 -3.266345e-01
    outer loop
      vertex   4.005043e+01 -6.000000e+00 2.728049e+01
      vertex   4.054788e+01 -5.500000e+00 2.717182e+01
      vertex   4.023337e+01 -6.000000e+00 2.763535e+01
    endloop
  endfacet
  facet normal 6.007839e-01 -7.130156e-01 -3.614797e-01
    outer loop
      vertex   4.023337e+01 -6.000000e+00 2.763535e+01
      vertex   4.054788e+01 -5.500000e+00 2.717182e+01
      vertex   4.072625e+01 -5.500000e+00 2.746828e+01
    endloop
  endfacet
  facet normal 5.610128e-01 -7.004429e-01 -4.411853e-01
    outer loop
      vertex   4.023337e+01 -6.000000e+00 2.763535e+01
      vertex   4.072625e+01 -5.500000e+00 2.746828e+01
      vertex   4.048016e+01 -6.000000e+00 2.794917e+01
    endloop
  endfacet
  facet normal 5.085700e-01 -7.136387e-01 -4.817431e-01
    outer loop
      vertex   4.048016e+01 -6.000000e+00 2.794917e+01
      vertex   4.072625e+01 -5.500000e+00 2.746828e+01
      vertex   4.096418e+01 -5.500000e+00 2.771946e+01
    endloop
  endfacet
  facet normal 4.674441e-01 -7.003426e-01 -5.394593e-01
    outer loop
      vertex   4.048016e+01 -6.000000e+00 2.794917e+01
      vertex   4.096418e+01 -5.500000e+00 2.771946e+01
      vertex   4.078188e+01 -6.000000e+00 2.821061e+01
    endloop
  endfacet
  facet normal 3.933329e-01 -7.132650e-01 -5.801226e-01
    outer loop
      vertex   4.078188e+01 -6.000000e+00 2.821061e+01
      vertex   4.096418e+01 -5.500000e+00 2.771946e+01
      vertex   4.125055e+01 -5.500000e+00 2.791362e+01
    endloop
  endfacet
  facet normal 3.565591e-01 -7.010438e-01 -6.175785e-01
    outer loop
      vertex   4.078188e+01 -6.000000e+00 2.821061e+01
      vertex   4.125055e+01 -5.500000e+00 2.791362e+01
      vertex   4.112763e+01 -6.000000e+00 2.841023e+01
    endloop
  endfacet
  facet normal 2.599447e-01 -7.118898e-01 -6.524121e-01
    outer loop
      vertex   4.112763e+01 -6.000000e+00 2.841023e+01
      vertex   4.125055e+01 -5.500000e+00 2.791362e+01
      vertex   4.157195e+01 -5.500000e+00 2.804168e+01
    endloop
  endfacet
  facet normal 2.327563e-01 -7.025392e-01 -6.725051e-01
    outer loop
      vertex   4.112763e+01 -6.000000e+00 2.841023e+01
      vertex   4.157195e+01 -5.500000e+00 2.804168e+01
      vertex   4.150491e+01 -6.000000e+00 2.854080e+01
    endloop
  endfacet
  facet normal 1.140093e-01 -7.094962e-01 -6.954258e-01
    outer loop
      vertex   4.150491e+01 -6.000000e+00 2.854080e+01
      vertex   4.157195e+01 -5.500000e+00 2.804168e+01
      vertex   4.191338e+01 -5.500000e+00 2.809765e+01
    endloop
  endfacet
  facet normal 1.009572e-01 -7.048130e-01 -7.021726e-01
    outer loop
      vertex   4.150491e+01 -6.000000e+00 2.854080e+01
      vertex   4.191338e+01 -5.500000e+00 2.809765e+01
      vertex   4.190008e+01 -6.000000e+00 2.859762e+01
    endloop
  endfacet
  facet normal -3.368694e-02 -7.062346e-01 -7.071760e-01
    outer loop
      vertex   4.190008e+01 -6.000000e+00 2.859762e+01
      vertex   4.191338e+01 -5.500000e+00 2.809765e+01
      vertex   4.229886e+01 -6.000000e+00 2.857863e+01
    endloop
  endfacet
  facet normal -3.823853e-02 -7.079086e-01 -7.052682e-01
    outer loop
      vertex   4.229886e+01 -6.000000e+00 2.857863e+01
      vertex   4.191338e+01 -5.500000e+00 2.809765e+01
      vertex   4.225885e+01 -5.500000e+00 2.807892e+01
    endloop
  endfacet
  facet normal -1.675341e-01 -7.035801e-01 -6.905848e-01
    outer loop
      vertex   4.229886e+01 -6.000000e+00 2.857863e+01
      vertex   4.225885e+01 -5.500000e+00 2.807892e+01
      vertex   4.268684e+01 -6.000000e+00 2.848450e+01
    endloop
  endfacet
  facet normal -1.881720e-01 -7.108219e-01 -6.777342e-01
    outer loop
      vertex   4.268684e+01 -6.000000e+00 2.848450e+01
      vertex   4.225885e+01 -5.500000e+00 2.807892e+01
      vertex   4.259222e+01 -5.500000e+00 2.798636e+01
    endloop
  endfacet
  facet normal -2.959746e-01 -7.016930e-01 -6.480941e-01
    outer loop
      vertex   4.268684e+01 -6.000000e+00 2.848450e+01
      vertex   4.259222e+01 -5.500000e+00 2.798636e+01
      vertex   4.305000e+01 -6.000000e+00 2.831865e+01
    endloop
  endfacet
  facet normal -3.285724e-01 -7.127034e-01 -6.197532e-01
    outer loop
      vertex   4.305000e+01 -6.000000e+00 2.831865e+01
      vertex   4.259222e+01 -5.500000e+00 2.798636e+01
      vertex   4.289790e+01 -5.500000e+00 2.782430e+01
    endloop
  endfacet
  facet normal -4.139059e-01 -7.005933e-01 -5.812495e-01
    outer loop
      vertex   4.305000e+01 -6.000000e+00 2.831865e+01
      vertex   4.289790e+01 -5.500000e+00 2.782430e+01
      vertex   4.337521e+01 -6.000000e+00 2.808707e+01
    endloop
  endfacet
  facet normal -4.535442e-01 -7.135765e-01 -5.339535e-01
    outer loop
      vertex   4.337521e+01 -6.000000e+00 2.808707e+01
      vertex   4.289790e+01 -5.500000e+00 2.782430e+01
      vertex   4.316159e+01 -5.500000e+00 2.760032e+01
    endloop
  endfacet
  facet normal -5.166420e-01 -7.002924e-01 -4.926171e-01
    outer loop
      vertex   4.337521e+01 -6.000000e+00 2.808707e+01
      vertex   4.316159e+01 -5.500000e+00 2.760032e+01
      vertex   4.365071e+01 -6.000000e+00 2.779813e+01
    endloop
  endfacet
  facet normal -5.578257e-01 -7.134519e-01 -4.240481e-01
    outer loop
      vertex   4.365071e+01 -6.000000e+00 2.779813e+01
      vertex   4.316159e+01 -5.500000e+00 2.760032e+01
      vertex   4.337097e+01 -5.500000e+00 2.732489e+01
    endloop
  endfacet
  facet normal -6.001201e-01 -7.007936e-01 -3.856737e-01
    outer loop
      vertex   4.365071e+01 -6.000000e+00 2.779813e+01
      vertex   4.337097e+01 -5.500000e+00 2.732489e+01
      vertex   4.386655e+01 -6.000000e+00 2.746228e+01
    endloop
  endfacet
  facet normal -6.369786e-01 -7.123282e-01 -2.946977e-01
    outer loop
      vertex   4.386655e+01 -6.000000e+00 2.746228e+01
      vertex   4.337097e+01 -5.500000e+00 2.732489e+01
      vertex   4.351625e+01 -5.500000e+00 2.701088e+01
    endloop
  endfacet
  facet normal -6.610784e-01 -7.020916e-01 -2.646559e-01
    outer loop
      vertex   4.386655e+01 -6.000000e+00 2.746228e+01
      vertex   4.351625e+01 -5.500000e+00 2.701088e+01
      vertex   4.401494e+01 -6.000000e+00 2.709164e+01
    endloop
  endfacet
  facet normal -6.875492e-01 -7.101915e-01 -1.513410e-01
    outer loop
      vertex   4.401494e+01 -6.000000e+00 2.709164e+01
      vertex   4.351625e+01 -5.500000e+00 2.701088e+01
      vertex   4.359062e+01 -5.500000e+00 2.667299e+01
    endloop
  endfacet
  facet normal -6.971976e-01 -7.041727e-01 -1.343738e-01
    outer loop
      vertex   4.401494e+01 -6.000000e+00 2.709164e+01
      vertex   4.359062e+01 -5.500000e+00 2.667299e+01
      vertex   4.409049e+01 -6.000000e+00 2.669962e+01
    endloop
  endfacet
  facet normal -7.071985e-01 -7.070151e-01 0.000000e+00
    outer loop
      vertex   4.409049e+01 -6.000000e+00 2.669962e+01
      vertex   4.359062e+01 -5.500000e+00 2.667299e+01
      vertex   4.359062e+01 -5.500000e+00 2.632701e+01
    endloop
  endfacet
  facet normal -7.071985e-01 -7.070151e-01 -0.000000e+00
    outer loop
      vertex   4.409049e+01 -6.000000e+00 2.669962e+01
      vertex   4.359062e+01 -5.500000e+00 2.632701e+01
      vertex   4.409049e+01 -6.000000e+00 2.630038e+01
    endloop
  endfacet
  facet normal -6.971976e-01 -7.041727e-01 1.343738e-01
    outer loop
      vertex   4.409049e+01 -6.000000e+00 2.630038e+01
      vertex   4.359062e+01 -5.500000e+00 2.632701e+01
      vertex   4.401494e+01 -6.000000e+00 2.590836e+01
    endloop
  endfacet
  facet normal -6.875492e-01 -7.101915e-01 1.513410e-01
    outer loop
      vertex   4.401494e+01 -6.000000e+00 2.590836e+01
      vertex   4.359062e+01 -5.500000e+00 2.632701e+01
      vertex   4.351625e+01 -5.500000e+00 2.598912e+01
    endloop
  endfacet
  facet normal -6.610784e-01 -7.020916e-01 2.646559e-01
    outer loop
      vertex   4.401494e+01 -6.000000e+00 2.590836e+01
      vertex   4.351625e+01 -5.500000e+00 2.598912e+01
      vertex   4.386655e+01 -6.000000e+00 2.553772e+01
    endloop
  endfacet
  facet normal -6.369786e-01 -7.123282e-01 2.946977e-01
    outer loop
      vertex   4.386655e+01 -6.000000e+00 2.553772e+01
      vertex   4.351625e+01 -5.500000e+00 2.598912e+01
      vertex   4.337097e+01 -5.500000e+00 2.567511e+01
    endloop
  endfacet
  facet normal -6.001201e-01 -7.007936e-01 3.856737e-01
    outer loop
      vertex   4.386655e+01 -6.000000e+00 2.553772e+01
      vertex   4.337097e+01 -5.500000e+00 2.567511e+01
      vertex   4.365071e+01 -6.000000e+00 2.520187e+01
    endloop
  endfacet
  facet normal -5.578257e-01 -7.134519e-01 4.240481e-01
    outer loop
      vertex   4.365071e+01 -6.000000e+00 2.520187e+01
      vertex   4.337097e+01 -5.500000e+00 2.567511e+01
      vertex   4.316159e+01 -5.500000e+00 2.539968e+01
    endloop
  endfacet
  facet normal -5.166420e-01 -7.002924e-01 4.926171e-01
    outer loop
      vertex   4.365071e+01 -6.000000e+00 2.520187e+01
      vertex   4.316159e+01 -5.500000e+00 2.539968e+01
      vertex   4.337521e+01 -6.000000e+00 2.491293e+01
    endloop
  endfacet
  facet normal -4.535442e-01 -7.135765e-01 5.339535e-01
    outer loop
      vertex   4.337521e+01 -6.000000e+00 2.491293e+01
      vertex   4.316159e+01 -5.500000e+00 2.539968e+01
      vertex   4.289790e+01 -5.500000e+00 2.517570e+01
    endloop
  endfacet
  facet normal -4.139059e-01 -7.005933e-01 5.812495e-01
    outer loop
      vertex   4.337521e+01 -6.000000e+00 2.491293e+01
      vertex   4.289790e+01 -5.500000e+00 2.517570e+01
      vertex   4.305000e+01 -6.000000e+00 2.468135e+01
    endloop
  endfacet
  facet normal -3.285724e-01 -7.127034e-01 6.197532e-01
    outer loop
      vertex   4.305000e+01 -6.000000e+00 2.468135e+01
      vertex   4.289790e+01 -5.500000e+00 2.517570e+01
      vertex   4.259222e+01 -5.500000e+00 2.501364e+01
    endloop
  endfacet
  facet normal -2.959746e-01 -7.016930e-01 6.480941e-01
    outer loop
      vertex   4.305000e+01 -6.000000e+00 2.468135e+01
      vertex   4.259222e+01 -5.500000e+00 2.501364e+01
      vertex   4.268684e+01 -6.000000e+00 2.451550e+01
    endloop
  endfacet
  facet normal -1.881720e-01 -7.108219e-01 6.777342e-01
    outer loop
      vertex   4.268684e+01 -6.000000e+00 2.451550e+01
      vertex   4.259222e+01 -5.500000e+00 2.501364e+01
      vertex   4.225885e+01 -5.500000e+00 2.492108e+01
    endloop
  endfacet
  facet normal -1.675341e-01 -7.035801e-01 6.905848e-01
    outer loop
      vertex   4.268684e+01 -6.000000e+00 2.451550e+01
      vertex   4.225885e+01 -5.500000e+00 2.492108e+01
      vertex   4.229886e+01 -6.000000e+00 2.442137e+01
    endloop
  endfacet
  facet normal -3.823853e-02 -7.079086e-01 7.052682e-01
    outer loop
      vertex   4.229886e+01 -6.000000e+00 2.442137e+01
      vertex   4.225885e+01 -5.500000e+00 2.492108e+01
      vertex   4.191338e+01 -5.500000e+00 2.490235e+01
    endloop
  endfacet
  facet normal -3.368694e-02 -7.062346e-01 7.071760e-01
    outer loop
      vertex   4.229886e+01 -6.000000e+00 2.442137e+01
      vertex   4.191338e+01 -5.500000e+00 2.490235e+01
      vertex   4.190008e+01 -6.000000e+00 2.440238e+01
    endloop
  endfacet
  facet normal 1.009572e-01 -7.048130e-01 7.021726e-01
    outer loop
      vertex   4.190008e+01 -6.000000e+00 2.440238e+01
      vertex   4.191338e+01 -5.500000e+00 2.490235e+01
      vertex   4.150491e+01 -6.000000e+00 2.445920e+01
    endloop
  endfacet
  facet normal 1.140093e-01 -7.094962e-01 6.954258e-01
    outer loop
      vertex   4.150491e+01 -6.000000e+00 2.445920e+01
      vertex   4.191338e+01 -5.500000e+00 2.490235e+01
      vertex   4.157195e+01 -5.500000e+00 2.495832e+01
    endloop
  endfacet
  facet normal 2.327563e-01 -7.025392e-01 6.725051e-01
    outer loop
      vertex   4.150491e+01 -6.000000e+00 2.445920e+01
      vertex   4.157195e+01 -5.500000e+00 2.495832e+01
      vertex   4.112763e+01 -6.000000e+00 2.458977e+01
    endloop
  endfacet
  facet normal 2.599447e-01 -7.118898e-01 6.524121e-01
    outer loop
      vertex   4.112763e+01 -6.000000e+00 2.458977e+01
      vertex   4.157195e+01 -5.500000e+00 2.495832e+01
      vertex   4.125055e+01 -5.500000e+00 2.508638e+01
    endloop
  endfacet
  facet normal 3.565591e-01 -7.010438e-01 6.175785e-01
    outer loop
      vertex   4.112763e+01 -6.000000e+00 2.458977e+01
      vertex   4.125055e+01 -5.500000e+00 2.508638e+01
      vertex   4.078188e+01 -6.000000e+00 2.478939e+01
    endloop
  endfacet
  facet normal 3.933329e-01 -7.132650e-01 5.801226e-01
    outer loop
      vertex   4.078188e+01 -6.000000e+00 2.478939e+01
      vertex   4.125055e+01 -5.500000e+00 2.508638e+01
      vertex   4.096418e+01 -5.500000e+00 2.528054e+01
    endloop
  endfacet
  facet normal 4.674441e-01 -7.003426e-01 5.394593e-01
    outer loop
      vertex   4.078188e+01 -6.000000e+00 2.478939e+01
      vertex   4.096418e+01 -5.500000e+00 2.528054e+01
      vertex   4.048016e+01 -6.000000e+00 2.505083e+01
    endloop
  endfacet
  facet normal 5.085700e-01 -7.136387e-01 4.817431e-01
    outer loop
      vertex   4.048016e+01 -6.000000e+00 2.505083e+01
      vertex   4.096418e+01 -5.500000e+00 2.528054e+01
      vertex   4.072625e+01 -5.500000e+00 2.553172e+01
    endloop
  endfacet
  facet normal 5.610128e-01 -7.004429e-01 4.411853e-01
    outer loop
      vertex   4.048016e+01 -6.000000e+00 2.505083e+01
      vertex   4.072625e+01 -5.500000e+00 2.553172e+01
      vertex   4.023337e+01 -6.000000e+00 2.536465e+01
    endloop
  endfacet
  facet normal 6.007839e-01 -7.130156e-01 3.614797e-01
    outer loop
      vertex   4.023337e+01 -6.000000e+00 2.536465e+01
      vertex   4.072625e+01 -5.500000e+00 2.553172e+01
      vertex   4.054788e+01 -5.500000e+00 2.582818e+01
    endloop
  endfacet
  facet normal 6.335826e-01 -7.013437e-01 3.266345e-01
    outer loop
      vertex   4.023337e+01 -6.000000e+00 2.536465e+01
      vertex   4.054788e+01 -5.500000e+00 2.582818e+01
      vertex   4.005043e+01 -6.000000e+00 2.571951e+01
    endloop
  endfacet
  facet normal 6.660103e-01 -7.113878e-01 2.244050e-01
    outer loop
      vertex   4.005043e+01 -6.000000e+00 2.571951e+01
      vertex   4.054788e+01 -5.500000e+00 2.582818e+01
      vertex   4.043741e+01 -5.500000e+00 2.615605e+01
    endloop
  endfacet
  facet normal 6.823480e-01 -7.030355e-01 2.003555e-01
    outer loop
      vertex   4.005043e+01 -6.000000e+00 2.571951e+01
      vertex   4.043741e+01 -5.500000e+00 2.615605e+01
      vertex   3.993795e+01 -6.000000e+00 2.610257e+01
    endloop
  endfacet
  facet normal 7.013389e-01 -7.087354e-01 7.627520e-02
    outer loop
      vertex   3.993795e+01 -6.000000e+00 2.610257e+01
      vertex   4.043741e+01 -5.500000e+00 2.615605e+01
      vertex   4.040000e+01 -5.500000e+00 2.650000e+01
    endloop
  endfacet
  facet normal 9.941380e-01 0.000000e+00 -1.081190e-01
    outer loop
      vertex   4.043741e+01 -5.000000e-01 2.684395e+01
      vertex   4.043741e+01 -5.500000e+00 2.684395e+01
      vertex   4.040000e+01 -5.000000e-01 2.650000e+01
    endloop
  endfacet
  facet normal 9.941380e-01 0.000000e+00 -1.081190e-01
    outer loop
      vertex   4.040000e+01 -5.000000e-01 2.650000e+01
      vertex   4.043741e+01 -5.500000e+00 2.684395e+01
      vertex   4.040000e+01 -5.500000e+00 2.650000e+01
    endloop
  endfacet
  facet normal 9.941380e-01 0.000000e+00 1.081190e-01
    outer loop
      vertex   4.040000e+01 -5.000000e-01 2.650000e+01
      vertex   4.040000e+01 -5.500000e+00 2.650000e+01
      vertex   4.043741e+01 -5.000000e-01 2.615605e+01
    endloop
  endfacet
  facet normal 9.941380e-01 0.000000e+00 1.081190e-01
    outer loop
      vertex   4.043741e+01 -5.000000e-01 2.615605e+01
      vertex   4.040000e+01 -5.500000e+00 2.650000e+01
      vertex   4.043741e+01 -5.500000e+00 2.615605e+01
    endloop
  endfacet
  facet normal 9.476532e-01 0.000000e+00 3.193015e-01
    outer loop
      vertex   4.043741e+01 -5.000000e-01 2.615605e+01
      vertex   4.043741e+01 -5.500000e+00 2.615605e+01
      vertex   4.054788e+01 -5.000000e-01 2.582818e+01
    endloop
  endfacet
  facet normal 9.476532e-01 0.000000e+00 3.193015e-01
    outer loop
      vertex   4.054788e+01 -5.000000e-01 2.582818e+01
      vertex   4.043741e+01 -5.500000e+00 2.615605e+01
      vertex   4.054788e+01 -5.500000e+00 2.582818e+01
    endloop
  endfacet
  facet normal 8.568572e-01 0.000000e+00 5.155539e-01
    outer loop
      vertex   4.054788e+01 -5.000000e-01 2.582818e+01
      vertex   4.054788e+01 -5.500000e+00 2.582818e+01
      vertex   4.072625e+01 -5.000000e-01 2.553172e+01
    endloop
  endfacet
  facet normal 8.568572e-01 0.000000e+00 5.155539e-01
    outer loop
      vertex   4.072625e+01 -5.000000e-01 2.553172e+01
      vertex   4.054788e+01 -5.500000e+00 2.582818e+01
      vertex   4.072625e+01 -5.500000e+00 2.553172e+01
    endloop
  endfacet
  facet normal 7.259955e-01 0.000000e+00 6.876995e-01
    outer loop
      vertex   4.072625e+01 -5.000000e-01 2.553172e+01
      vertex   4.072625e+01 -5.500000e+00 2.553172e+01
      vertex   4.096418e+01 -5.000000e-01 2.528054e+01
    endloop
  endfacet
  facet normal 7.259955e-01 -1.031702e-15 6.876995e-01
    outer loop
      vertex   4.096418e+01 -5.000000e-01 2.528054e+01
      vertex   4.072625e+01 -5.500000e+00 2.553172e+01
      vertex   4.096418e+01 -5.500000e+00 2.528054e+01
    endloop
  endfacet
  facet normal 5.611871e-01 -7.974948e-16 8.276890e-01
    outer loop
      vertex   4.096418e+01 -5.000000e-01 2.528054e+01
      vertex   4.096418e+01 -5.500000e+00 2.528054e+01
      vertex   4.125055e+01 -5.000000e-01 2.508638e+01
    endloop
  endfacet
  facet normal 5.611871e-01 5.881084e-16 8.276890e-01
    outer loop
      vertex   4.125055e+01 -5.000000e-01 2.508638e+01
      vertex   4.096418e+01 -5.500000e+00 2.528054e+01
      vertex   4.125055e+01 -5.500000e+00 2.508638e+01
    endloop
  endfacet
  facet normal 3.701382e-01 6.600777e-16 9.289767e-01
    outer loop
      vertex   4.125055e+01 -5.000000e-01 2.508638e+01
      vertex   4.125055e+01 -5.500000e+00 2.508638e+01
      vertex   4.157195e+01 -5.000000e-01 2.495832e+01
    endloop
  endfacet
  facet normal 3.701382e-01 0.000000e+00 9.289767e-01
    outer loop
      vertex   4.157195e+01 -5.000000e-01 2.495832e+01
      vertex   4.125055e+01 -5.500000e+00 2.508638e+01
      vertex   4.157195e+01 -5.500000e+00 2.495832e+01
    endloop
  endfacet
  facet normal 1.617820e-01 0.000000e+00 9.868265e-01
    outer loop
      vertex   4.157195e+01 -5.000000e-01 2.495832e+01
      vertex   4.157195e+01 -5.500000e+00 2.495832e+01
      vertex   4.191338e+01 -5.000000e-01 2.490235e+01
    endloop
  endfacet
  facet normal 1.617820e-01 0.000000e+00 9.868265e-01
    outer loop
      vertex   4.191338e+01 -5.000000e-01 2.490235e+01
      vertex   4.157195e+01 -5.500000e+00 2.495832e+01
      vertex   4.191338e+01 -5.500000e+00 2.490235e+01
    endloop
  endfacet
  facet normal -5.413891e-02 0.000000e+00 9.985334e-01
    outer loop
      vertex   4.191338e+01 -5.000000e-01 2.490235e+01
      vertex   4.191338e+01 -5.500000e+00 2.490235e+01
      vertex   4.225885e+01 -5.000000e-01 2.492108e+01
    endloop
  endfacet
  facet normal -5.413891e-02 0.000000e+00 9.985334e-01
    outer loop
      vertex   4.225885e+01 -5.000000e-01 2.492108e+01
      vertex   4.191338e+01 -5.500000e+00 2.490235e+01
      vertex   4.225885e+01 -5.500000e+00 2.492108e+01
    endloop
  endfacet
  facet normal -2.675283e-01 0.000000e+00 9.635500e-01
    outer loop
      vertex   4.225885e+01 -5.000000e-01 2.492108e+01
      vertex   4.225885e+01 -5.500000e+00 2.492108e+01
      vertex   4.259222e+01 -5.000000e-01 2.501364e+01
    endloop
  endfacet
  facet normal -2.675283e-01 0.000000e+00 9.635500e-01
    outer loop
      vertex   4.259222e+01 -5.000000e-01 2.501364e+01
      vertex   4.225885e+01 -5.500000e+00 2.492108e+01
      vertex   4.259222e+01 -5.500000e+00 2.501364e+01
    endloop
  endfacet
  facet normal -4.684084e-01 0.000000e+00 8.835120e-01
    outer loop
      vertex   4.259222e+01 -5.000000e-01 2.501364e+01
      vertex   4.259222e+01 -5.500000e+00 2.501364e+01
      vertex   4.289790e+01 -5.000000e-01 2.517570e+01
    endloop
  endfacet
  facet normal -4.684084e-01 0.000000e+00 8.835120e-01
    outer loop
      vertex   4.289790e+01 -5.000000e-01 2.517570e+01
      vertex   4.259222e+01 -5.500000e+00 2.501364e+01
      vertex   4.289790e+01 -5.500000e+00 2.517570e+01
    endloop
  endfacet
  facet normal -6.473863e-01 0.000000e+00 7.621621e-01
    outer loop
      vertex   4.289790e+01 -5.000000e-01 2.517570e+01
      vertex   4.289790e+01 -5.500000e+00 2.517570e+01
      vertex   4.316159e+01 -5.000000e-01 2.539968e+01
    endloop
  endfacet
  facet normal -6.473863e-01 0.000000e+00 7.621621e-01
    outer loop
      vertex   4.316159e+01 -5.000000e-01 2.539968e+01
      vertex   4.289790e+01 -5.500000e+00 2.517570e+01
      vertex   4.316159e+01 -5.500000e+00 2.539968e+01
    endloop
  endfacet
  facet normal -7.960931e-01 0.000000e+00 6.051742e-01
    outer loop
      vertex   4.316159e+01 -5.000000e-01 2.539968e+01
      vertex   4.316159e+01 -5.500000e+00 2.539968e+01
      vertex   4.337097e+01 -5.000000e-01 2.567511e+01
    endloop
  endfacet
  facet normal -7.960931e-01 0.000000e+00 6.051742e-01
    outer loop
      vertex   4.337097e+01 -5.000000e-01 2.567511e+01
      vertex   4.316159e+01 -5.500000e+00 2.539968e+01
      vertex   4.337097e+01 -5.500000e+00 2.567511e+01
    endloop
  endfacet
  facet normal -9.075754e-01 0.000000e+00 4.198891e-01
    outer loop
      vertex   4.337097e+01 -5.000000e-01 2.567511e+01
      vertex   4.337097e+01 -5.500000e+00 2.567511e+01
      vertex   4.351625e+01 -5.000000e-01 2.598912e+01
    endloop
  endfacet
  facet normal -9.075754e-01 0.000000e+00 4.198891e-01
    outer loop
      vertex   4.351625e+01 -5.000000e-01 2.598912e+01
      vertex   4.337097e+01 -5.500000e+00 2.567511e+01
      vertex   4.351625e+01 -5.500000e+00 2.598912e+01
    endloop
  endfacet
  facet normal -9.766206e-01 0.000000e+00 2.149704e-01
    outer loop
      vertex   4.351625e+01 -5.000000e-01 2.598912e+01
      vertex   4.351625e+01 -5.500000e+00 2.598912e+01
      vertex   4.359062e+01 -5.000000e-01 2.632701e+01
    endloop
  endfacet
  facet normal -9.766206e-01 0.000000e+00 2.149704e-01
    outer loop
      vertex   4.359062e+01 -5.000000e-01 2.632701e+01
      vertex   4.351625e+01 -5.500000e+00 2.598912e+01
      vertex   4.359062e+01 -5.500000e+00 2.632701e+01
    endloop
  endfacet
  facet normal -1.000000e+00 0.000000e+00 0.000000e+00
    outer loop
      vertex   4.359062e+01 -5.000000e-01 2.632701e+01
      vertex   4.359062e+01 -5.500000e+00 2.632701e+01
      vertex   4.359062e+01 -5.000000e-01 2.667299e+01
    endloop
  endfacet
  facet normal -1.000000e+00 -0.000000e+00 0.000000e+00
    outer loop
      vertex   4.359062e+01 -5.000000e-01 2.667299e+01
      vertex   4.359062e+01 -5.500000e+00 2.632701e+01
      vertex   4.359062e+01 -5.500000e+00 2.667299e+01
    endloop
  endfacet
  facet normal -9.766206e-01 -0.000000e+00 -2.149704e-01
    outer loop
      vertex   4.359062e+01 -5.000000e-01 2.667299e+01
      vertex   4.359062e+01 -5.500000e+00 2.667299e+01
      vertex   4.351625e+01 -5.000000e-01 2.701088e+01
    endloop
  endfacet
  facet normal -9.766206e-01 -0.000000e+00 -2.149704e-01
    outer loop
      vertex   4.351625e+01 -5.000000e-01 2.701088e+01
      vertex   4.359062e+01 -5.500000e+00 2.667299e+01
      vertex   4.351625e+01 -5.500000e+00 2.701088e+01
    endloop
  endfacet
  facet normal -9.075754e-01 -0.000000e+00 -4.198891e-01
    outer loop
      vertex   4.351625e+01 -5.000000e-01 2.701088e+01
      vertex   4.351625e+01 -5.500000e+00 2.701088e+01
      vertex   4.337097e+01 -5.000000e-01 2.732489e+01
    endloop
  endfacet
  facet normal -9.075754e-01 -0.000000e+00 -4.198891e-01
    outer loop
      vertex   4.337097e+01 -5.000000e-01 2.732489e+01
      vertex   4.351625e+01 -5.500000e+00 2.701088e+01
      vertex   4.337097e+01 -5.500000e+00 2.732489e+01
    endloop
  endfacet
  facet normal -7.960931e-01 -0.000000e+00 -6.051742e-01
    outer loop
      vertex   4.337097e+01 -5.000000e-01 2.732489e+01
      vertex   4.337097e+01 -5.500000e+00 2.732489e+01
      vertex   4.316159e+01 -5.000000e-01 2.760032e+01
    endloop
  endfacet
  facet normal -7.960931e-01 -0.000000e+00 -6.051742e-01
    outer loop
      vertex   4.316159e+01 -5.000000e-01 2.760032e+01
      vertex   4.337097e+01 -5.500000e+00 2.732489e+01
      vertex   4.316159e+01 -5.500000e+00 2.760032e+01
    endloop
  endfacet
  facet normal -6.473863e-01 -0.000000e+00 -7.621621e-01
    outer loop
      vertex   4.316159e+01 -5.000000e-01 2.760032e+01
      vertex   4.316159e+01 -5.500000e+00 2.760032e+01
      vertex   4.289790e+01 -5.000000e-01 2.782430e+01
    endloop
  endfacet
  facet normal -6.473863e-01 -0.000000e+00 -7.621621e-01
    outer loop
      vertex   4.289790e+01 -5.000000e-01 2.782430e+01
      vertex   4.316159e+01 -5.500000e+00 2.760032e+01
      vertex   4.289790e+01 -5.500000e+00 2.782430e+01
    endloop
  endfacet
  facet normal -4.684084e-01 -0.000000e+00 -8.835120e-01
    outer loop
      vertex   4.289790e+01 -5.000000e-01 2.782430e+01
      vertex   4.289790e+01 -5.500000e+00 2.782430e+01
      vertex   4.259222e+01 -5.000000e-01 2.798636e+01
    endloop
  endfacet
  facet normal -4.684084e-01 -0.000000e+00 -8.835120e-01
    outer loop
      vertex   4.259222e+01 -5.000000e-01 2.798636e+01
      vertex   4.289790e+01 -5.500000e+00 2.782430e+01
      vertex   4.259222e+01 -5.500000e+00 2.798636e+01
    endloop
  endfacet
  facet normal -2.675283e-01 -0.000000e+00 -9.635500e-01
    outer loop
      vertex   4.259222e+01 -5.000000e-01 2.798636e+01
      vertex   4.259222e+01 -5.500000e+00 2.798636e+01
      vertex   4.225885e+01 -5.000000e-01 2.807892e+01
    endloop
  endfacet
  facet normal -2.675283e-01 -0.000000e+00 -9.635500e-01
    outer loop
      vertex   4.225885e+01 -5.000000e-01 2.807892e+01
      vertex   4.259222e+01 -5.500000e+00 2.798636e+01
      vertex   4.225885e+01 -5.500000e+00 2.807892e+01
    endloop
  endfacet
  facet normal -5.413891e-02 -0.000000e+00 -9.985334e-01
    outer loop
      vertex   4.225885e+01 -5.000000e-01 2.807892e+01
      vertex   4.225885e+01 -5.500000e+00 2.807892e+01
      vertex   4.191338e+01 -5.000000e-01 2.809765e+01
    endloop
  endfacet
  facet normal -5.413891e-02 -0.000000e+00 -9.985334e-01
    outer loop
      vertex   4.191338e+01 -5.000000e-01 2.809765e+01
      vertex   4.225885e+01 -5.500000e+00 2.807892e+01
      vertex   4.191338e+01 -5.500000e+00 2.809765e+01
    endloop
  endfacet
  facet normal 1.617820e-01 0.000000e+00 -9.868265e-01
    outer loop
      vertex   4.191338e+01 -5.000000e-01 2.809765e+01
      vertex   4.191338e+01 -5.500000e+00 2.809765e+01
      vertex   4.157195e+01 -5.000000e-01 2.804168e+01
    endloop
  endfacet
  facet normal 1.617820e-01 0.000000e+00 -9.868265e-01
    outer loop
      vertex   4.157195e+01 -5.000000e-01 2.804168e+01
      vertex   4.191338e+01 -5.500000e+00 2.809765e+01
      vertex   4.157195e+01 -5.500000e+00 2.804168e+01
    endloop
  endfacet
  facet normal 3.701382e-01 0.000000e+00 -9.289767e-01
    outer loop
      vertex   4.157195e+01 -5.000000e-01 2.804168e+01
      vertex   4.157195e+01 -5.500000e+00 2.804168e+01
      vertex   4.125055e+01 -5.000000e-01 2.791362e+01
    endloop
  endfacet
  facet normal 3.701382e-01 -6.600777e-16 -9.289767e-01
    outer loop
      vertex   4.125055e+01 -5.000000e-01 2.791362e+01
      vertex   4.157195e+01 -5.500000e+00 2.804168e+01
      vertex   4.125055e+01 -5.500000e+00 2.791362e+01
    endloop
  endfacet
  facet normal 5.611871e-01 -5.881084e-16 -8.276890e-01
    outer loop
      vertex   4.125055e+01 -5.000000e-01 2.791362e+01
      vertex   4.125055e+01 -5.500000e+00 2.791362e+01
      vertex   4.096418e+01 -5.000000e-01 2.771946e+01
    endloop
  endfacet
  facet normal 5.611871e-01 7.974948e-16 -8.276890e-01
    outer loop
      vertex   4.096418e+01 -5.000000e-01 2.771946e+01
      vertex   4.125055e+01 -5.500000e+00 2.791362e+01
      vertex   4.096418e+01 -5.500000e+00 2.771946e+01
    endloop
  endfacet
  facet normal 7.259955e-01 1.031702e-15 -6.876995e-01
    outer loop
      vertex   4.096418e+01 -5.000000e-01 2.771946e+01
      vertex   4.096418e+01 -5.500000e+00 2.771946e+01
      vertex   4.072625e+01 -5.000000e-01 2.746828e+01
    endloop
  endfacet
  facet normal 7.259955e-01 0.000000e+00 -6.876995e-01
    outer loop
      vertex   4.072625e+01 -5.000000e-01 2.746828e+01
      vertex   4.096418e+01 -5.500000e+00 2.771946e+01
      vertex   4.072625e+01 -5.500000e+00 2.746828e+01
    endloop
  endfacet
  facet normal 8.568572e-01 0.000000e+00 -5.155539e-01
    outer loop
      vertex   4.072625e+01 -5.000000e-01 2.746828e+01
      vertex   4.072625e+01 -5.500000e+00 2.746828e+01
      vertex   4.054788e+01 -5.000000e-01 2.717182e+01
    endloop
  endfacet
  facet normal 8.568572e-01 0.000000e+00 -5.155539e-01
    outer loop
      vertex   4.054788e+01 -5.000000e-01 2.717182e+01
      vertex   4.072625e+01 -5.500000e+00 2.746828e+01
      vertex   4.054788e+01 -5.500000e+00 2.717182e+01
    endloop
  endfacet
  facet normal 9.476532e-01 0.000000e+00 -3.193015e-01
    outer loop
      vertex   4.054788e+01 -5.000000e-01 2.717182e+01
      vertex   4.054788e+01 -5.500000e+00 2.717182e+01
      vertex   4.043741e+01 -5.000000e-01 2.684395e+01
    endloop
  endfacet
  facet normal 9.476532e-01 0.000000e+00 -3.193015e-01
    outer loop
      vertex   4.043741e+01 -5.000000e-01 2.684395e+01
      vertex   4.054788e+01 -5.500000e+00 2.717182e+01
      vertex   4.043741e+01 -5.500000e+00 2.684395e+01
    endloop
  endfacet
  facet normal 7.055004e-01 7.055004e-01 6.736712e-02
    outer loop
      vertex   3.993795e+01 0.000000e+00 2.610257e+01
      vertex   3.990000e+01 0.000000e+00 2.650000e+01
      vertex   4.040000e+01 -5.000000e-01 2.650000e+01
    endloop
  endfacet
  facet normal 7.055004e-01 7.055004e-01 -6.736712e-02
    outer loop
      vertex   4.040000e+01 -5.000000e-01 2.650000e+01
      vertex   3.990000e+01 0.000000e+00 2.650000e+01
      vertex   3.993795e+01 0.000000e+00 2.689743e+01
    endloop
  endfacet
  facet normal 7.013389e-01 7.087354e-01 -7.627520e-02
    outer loop
      vertex   4.040000e+01 -5.000000e-01 2.650000e+01
      vertex   3.993795e+01 0.000000e+00 2.689743e+01
      vertex   4.043741e+01 -5.000000e-01 2.684395e+01
    endloop
  endfacet
  facet normal 6.823480e-01 7.030355e-01 -2.003555e-01
    outer loop
      vertex   4.043741e+01 -5.000000e-01 2.684395e+01
      vertex   3.993795e+01 0.000000e+00 2.689743e+01
      vertex   4.005043e+01 0.000000e+00 2.728049e+01
    endloop
  endfacet
  facet normal 6.660103e-01 7.113878e-01 -2.244050e-01
    outer loop
      vertex   4.043741e+01 -5.000000e-01 2.684395e+01
      vertex   4.005043e+01 0.000000e+00 2.728049e+01
      vertex   4.054788e+01 -5.000000e-01 2.717182e+01
    endloop
  endfacet
  facet normal 6.335826e-01 7.013437e-01 -3.266345e-01
    outer loop
      vertex   4.054788e+01 -5.000000e-01 2.717182e+01
      vertex   4.005043e+01 0.000000e+00 2.728049e+01
      vertex   4.023337e+01 0.000000e+00 2.763535e+01
    endloop
  endfacet
  facet normal 6.007839e-01 7.130156e-01 -3.614797e-01
    outer loop
      vertex   4.054788e+01 -5.000000e-01 2.717182e+01
      vertex   4.023337e+01 0.000000e+00 2.763535e+01
      vertex   4.072625e+01 -5.000000e-01 2.746828e+01
    endloop
  endfacet
  facet normal 5.610128e-01 7.004429e-01 -4.411853e-01
    outer loop
      vertex   4.072625e+01 -5.000000e-01 2.746828e+01
      vertex   4.023337e+01 0.000000e+00 2.763535e+01
      vertex   4.048016e+01 0.000000e+00 2.794917e+01
    endloop
  endfacet
  facet normal 5.085700e-01 7.136387e-01 -4.817431e-01
    outer loop
      vertex   4.072625e+01 -5.000000e-01 2.746828e+01
      vertex   4.048016e+01 0.000000e+00 2.794917e+01
      vertex   4.096418e+01 -5.000000e-01 2.771946e+01
    endloop
  endfacet
  facet normal 4.674441e-01 7.003426e-01 -5.394593e-01
    outer loop
      vertex   4.096418e+01 -5.000000e-01 2.771946e+01
      vertex   4.048016e+01 0.000000e+00 2.794917e+01
      vertex   4.078188e+01 0.000000e+00 2.821061e+01
    endloop
  endfacet
  facet normal 3.933329e-01 7.132650e-01 -5.801226e-01
    outer loop
      vertex   4.096418e+01 -5.000000e-01 2.771946e+01
      vertex   4.078188e+01 0.000000e+00 2.821061e+01
      vertex   4.125055e+01 -5.000000e-01 2.791362e+01
    endloop
  endfacet
  facet normal 3.565591e-01 7.010438e-01 -6.175785e-01
    outer loop
      vertex   4.125055e+01 -5.000000e-01 2.791362e+01
      vertex   4.078188e+01 0.000000e+00 2.821061e+01
      vertex   4.112763e+01 0.000000e+00 2.841023e+01
    endloop
  endfacet
  facet normal 2.599447e-01 7.118898e-01 -6.524121e-01
    outer loop
      vertex   4.125055e+01 -5.000000e-01 2.791362e+01
      vertex   4.112763e+01 0.000000e+00 2.841023e+01
      vertex   4.157195e+01 -5.000000e-01 2.804168e+01
    endloop
  endfacet
  facet normal 2.327563e-01 7.025392e-01 -6.725051e-01
    outer loop
      vertex   4.157195e+01 -5.000000e-01 2.804168e+01
      vertex   4.112763e+01 0.000000e+00 2.841023e+01
      vertex   4.150491e+01 0.000000e+00 2.854080e+01
    endloop
  endfacet
  facet normal 1.140093e-01 7.094962e-01 -6.954258e-01
    outer loop
      vertex   4.157195e+01 -5.000000e-01 2.804168e+01
      vertex   4.150491e+01 0.000000e+00 2.854080e+01
      vertex   4.191338e+01 -5.000000e-01 2.809765e+01
    endloop
  endfacet
  facet normal 1.009572e-01 7.048130e-01 -7.021726e-01
    outer loop
      vertex   4.191338e+01 -5.000000e-01 2.809765e+01
      vertex   4.150491e+01 0.000000e+00 2.854080e+01
      vertex   4.190008e+01 0.000000e+00 2.859762e+01
    endloop
  endfacet
  facet normal -3.368694e-02 7.062346e-01 -7.071760e-01
    outer loop
      vertex   4.191338e+01 -5.000000e-01 2.809765e+01
      vertex   4.190008e+01 0.000000e+00 2.859762e+01
      vertex   4.229886e+01 0.000000e+00 2.857863e+01
    endloop
  endfacet
  facet normal -3.823853e-02 7.079086e-01 -7.052682e-01
    outer loop
      vertex   4.191338e+01 -5.000000e-01 2.809765e+01
      vertex   4.229886e+01 0.000000e+00 2.857863e+01
      vertex   4.225885e+01 -5.000000e-01 2.807892e+01
    endloop
  endfacet
  facet normal -1.675341e-01 7.035801e-01 -6.905848e-01
    outer loop
      vertex   4.225885e+01 -5.000000e-01 2.807892e+01
      vertex   4.229886e+01 0.000000e+00 2.857863e+01
      vertex   4.268684e+01 0.000000e+00 2.848450e+01
    endloop
  endfacet
  facet normal -1.881720e-01 7.108219e-01 -6.777342e-01
    outer loop
      vertex   4.225885e+01 -5.000000e-01 2.807892e+01
      vertex   4.268684e+01 0.000000e+00 2.848450e+01
      vertex   4.259222e+01 -5.000000e-01 2.798636e+01
    endloop
  endfacet
  facet normal -2.959746e-01 7.016930e-01 -6.480941e-01
    outer loop
      vertex   4.259222e+01 -5.000000e-01 2.798636e+01
      vertex   4.268684e+01 0.000000e+00 2.848450e+01
      vertex   4.305000e+01 0.000000e+00 2.831865e+01
    endloop
  endfacet
  facet normal -3.285724e-01 7.127034e-01 -6.197532e-01
    outer loop
      vertex   4.259222e+01 -5.000000e-01 2.798636e+01
      vertex   4.305000e+01 0.000000e+00 2.831865e+01
      vertex   4.289790e+01 -5.000000e-01 2.782430e+01
    endloop
  endfacet
  facet normal -4.139059e-01 7.005933e-01 -5.812495e-01
    outer loop
      vertex   4.289790e+01 -5.000000e-01 2.782430e+01
      vertex   4.305000e+01 0.000000e+00 2.831865e+01
      vertex   4.337521e+01 0.000000e+00 2.808707e+01
    endloop
  endfacet
  facet normal -4.535442e-01 7.135765e-01 -5.339535e-01
    outer loop
      vertex   4.289790e+01 -5.000000e-01 2.782430e+01
      vertex   4.337521e+01 0.000000e+00 2.808707e+01
      vertex   4.316159e+01 -5.000000e-01 2.760032e+01
    endloop
  endfacet
  facet normal -5.166420e-01 7.002924e-01 -4.926171e-01
    outer loop
      vertex   4.316159e+01 -5.000000e-01 2.760032e+01
      vertex   4.337521e+01 0.000000e+00 2.808707e+01
      vertex   4.365071e+01 0.000000e+00 2.779813e+01
    endloop
  endfacet
  facet normal -5.578257e-01 7.134519e-01 -4.240481e-01
    outer loop
      vertex   4.316159e+01 -5.000000e-01 2.760032e+01
      vertex   4.365071e+01 0.000000e+00 2.779813e+01
      vertex   4.337097e+01 -5.000000e-01 2.732489e+01
    endloop
  endfacet
  facet normal -6.001201e-01 7.007936e-01 -3.856737e-01
    outer loop
      vertex   4.337097e+01 -5.000000e-01 2.732489e+01
      vertex   4.365071e+01 0.000000e+00 2.779813e+01
      vertex   4.386655e+01 0.000000e+00 2.746228e+01
    endloop
  endfacet
  facet normal -6.369786e-01 7.123282e-01 -2.946977e-01
    outer loop
      vertex   4.337097e+01 -5.000000e-01 2.732489e+01
      vertex   4.386655e+01 0.000000e+00 2.746228e+01
      vertex   4.351625e+01 -5.000000e-01 2.701088e+01
    endloop
  endfacet
  facet normal -6.610784e-01 7.020916e-01 -2.646559e-01
    outer loop
      vertex   4.351625e+01 -5.000000e-01 2.701088e+01
      vertex   4.386655e+01 0.000000e+00 2.746228e+01
      vertex   4.401494e+01 0.000000e+00 2.709164e+01
    endloop
  endfacet
  facet normal -6.875492e-01 7.101915e-01 -1.513410e-01
    outer loop
      vertex   4.351625e+01 -5.000000e-01 2.701088e+01
      vertex   4.401494e+01 0.000000e+00 2.709164e+01
      vertex   4.359062e+01 -5.000000e-01 2.667299e+01
    endloop
  endfacet
  facet normal -6.971976e-01 7.041727e-01 -1.343738e-01
    outer loop
      vertex   4.359062e+01 -5.000000e-01 2.667299e+01
      vertex   4.401494e+01 0.000000e+00 2.709164e+01
      vertex   4.409049e+01 0.000000e+00 2.669962e+01
    endloop
  endfacet
  facet normal -7.071985e-01 7.070151e-01 0.000000e+00
    outer loop
      vertex   4.359062e+01 -5.000000e-01 2.667299e+01
      vertex   4.409049e+01 0.000000e+00 2.669962e+01
      vertex   4.409049e+01 0.000000e+00 2.630038e+01
    endloop
  endfacet
  facet normal -7.071985e-01 7.070151e-01 0.000000e+00
    outer loop
      vertex   4.359062e+01 -5.000000e-01 2.667299e+01
      vertex   4.409049e+01 0.000000e+00 2.630038e+01
      vertex   4.359062e+01 -5.000000e-01 2.632701e+01
    endloop
  endfacet
  facet normal -6.971976e-01 7.041727e-01 1.343738e-01
    outer loop
      vertex   4.359062e+01 -5.000000e-01 2.632701e+01
      vertex   4.409049e+01 0.000000e+00 2.630038e+01
      vertex   4.401494e+01 0.000000e+00 2.590836e+01
    endloop
  endfacet
  facet normal -6.875492e-01 7.101915e-01 1.513410e-01
    outer loop
      vertex   4.359062e+01 -5.000000e-01 2.632701e+01
      vertex   4.401494e+01 0.000000e+00 2.590836e+01
      vertex   4.351625e+01 -5.000000e-01 2.598912e+01
    endloop
  endfacet
  facet normal -6.610784e-01 7.020916e-01 2.646559e-01
    outer loop
      vertex   4.351625e+01 -5.000000e-01 2.598912e+01
      vertex   4.401494e+01 0.000000e+00 2.590836e+01
      vertex   4.386655e+01 0.000000e+00 2.553772e+01
    endloop
  endfacet
  facet normal -6.369786e-01 7.123282e-01 2.946977e-01
    outer loop
      vertex   4.351625e+01 -5.000000e-01 2.598912e+01
      vertex   4.386655e+01 0.000000e+00 2.553772e+01
      vertex   4.337097e+01 -5.000000e-01 2.567511e+01
    endloop
  endfacet
  facet normal -6.001201e-01 7.007936e-01 3.856737e-01
    outer loop
      vertex   4.337097e+01 -5.000000e-01 2.567511e+01
      vertex   4.386655e+01 0.000000e+00 2.553772e+01
      vertex   4.365071e+01 0.000000e+00 2.520187e+01
    endloop
  endfacet
  facet normal -5.578257e-01 7.134519e-01 4.240481e-01
    outer loop
      vertex   4.337097e+01 -5.000000e-01 2.567511e+01
      vertex   4.365071e+01 0.000000e+00 2.520187e+01
      vertex   4.316159e+01 -5.000000e-01 2.539968e+01
    endloop
  endfacet
  facet normal -5.166420e-01 7.002924e-01 4.926171e-01
    outer loop
      vertex   4.316159e+01 -5.000000e-01 2.539968e+01
      vertex   4.365071e+01 0.000000e+00 2.520187e+01
      vertex   4.337521e+01 0.000000e+00 2.491293e+01
    endloop
  endfacet
  facet normal -4.535442e-01 7.135765e-01 5.339535e-01
    outer loop
      vertex   4.316159e+01 -5.000000e-01 2.539968e+01
      vertex   4.337521e+01 0.000000e+00 2.491293e+01
      vertex   4.289790e+01 -5.000000e-01 2.517570e+01
    endloop
  endfacet
  facet normal -4.139059e-01 7.005933e-01 5.812495e-01
    outer loop
      vertex   4.289790e+01 -5.000000e-01 2.517570e+01
      vertex   4.337521e+01 0.000000e+00 2.491293e+01
      vertex   4.305000e+01 0.000000e+00 2.468135e+01
    endloop
  endfacet
  facet normal -3.285724e-01 7.127034e-01 6.197532e-01
    outer loop
      vertex   4.289790e+01 -5.000000e-01 2.517570e+01
      vertex   4.305000e+01 0.000000e+00 2.468135e+01
      vertex   4.259222e+01 -5.000000e-01 2.501364e+01
    endloop
  endfacet
  facet normal -2.959746e-01 7.016930e-01 6.480941e-01
    outer loop
      vertex   4.259222e+01 -5.000000e-01 2.501364e+01
      vertex   4.305000e+01 0.000000e+00 2.468135e+01
      vertex   4.268684e+01 0.000000e+00 2.451550e+01
    endloop
  endfacet
  facet normal -1.881720e-01 7.108219e-01 6.777342e-01
    outer loop
      vertex   4.259222e+01 -5.000000e-01 2.501364e+01
      vertex   4.268684e+01 0.000000e+00 2.451550e+01
      vertex   4.225885e+01 -5.000000e-01 2.492108e+01
    endloop
  endfacet
  facet normal -1.675341e-01 7.035801e-01 6.905848e-01
    outer loop
      vertex   4.225885e+01 -5.000000e-01 2.492108e+01
      vertex   4.268684e+01 0.000000e+00 2.451550e+01
      vertex   4.229886e+01 0.000000e+00 2.442137e+01
    endloop
  endfacet
  facet normal -3.823853e-02 7.079086e-01 7.052682e-01
    outer loop
      vertex   4.225885e+01 -5.000000e-01 2.492108e+01
      vertex   4.229886e+01 0.000000e+00 2.442137e+01
      vertex   4.191338e+01 -5.000000e-01 2.490235e+01
    endloop
  endfacet
  facet normal -3.368694e-02 7.062346e-01 7.071760e-01
    outer loop
      vertex   4.191338e+01 -5.000000e-01 2.490235e+01
      vertex   4.229886e+01 0.000000e+00 2.442137e+01
      vertex   4.190008e+01 0.000000e+00 2.440238e+01
    endloop
  endfacet
  facet normal 1.009572e-01 7.048130e-01 7.021726e-01
    outer loop
      vertex   4.191338e+01 -5.000000e-01 2.490235e+01
      vertex   4.190008e+01 0.000000e+00 2.440238e+01
      vertex   4.150491e+01 0.000000e+00 2.445920e+01
    endloop
  endfacet
  facet normal 1.140093e-01 7.094962e-01 6.954258e-01
    outer loop
      vertex   4.191338e+01 -5.000000e-01 2.490235e+01
      vertex   4.150491e+01 0.000000e+00 2.445920e+01
      vertex   4.157195e+01 -5.000000e-01 2.495832e+01
    endloop
  endfacet
  facet normal 2.327563e-01 7.025392e-01 6.725051e-01
    outer loop
      vertex   4.157195e+01 -5.000000e-01 2.495832e+01
      vertex   4.150491e+01 0.000000e+00 2.445920e+01
      vertex   4.112763e+01 0.000000e+00 2.458977e+01
    endloop
  endfacet
  facet normal 2.599447e-01 7.118898e-01 6.524121e-01
    outer loop
      vertex   4.157195e+01 -5.000000e-01 2.495832e+01
      vertex   4.112763e+01 0.000000e+00 2.458977e+01
      vertex   4.125055e+01 -5.000000e-01 2.508638e+01
    endloop
  endfacet
  facet normal 3.565591e-01 7.010438e-01 6.175785e-01
    outer loop
      vertex   4.125055e+01 -5.000000e-01 2.508638e+01
      vertex   4.112763e+01 0.000000e+00 2.458977e+01
      vertex   4.078188e+01 0.000000e+00 2.478939e+01
    endloop
  endfacet
  facet normal 3.933329e-01 7.132650e-01 5.801226e-01
    outer loop
      vertex   4.125055e+01 -5.000000e-01 2.508638e+01
      vertex   4.078188e+01 0.000000e+00 2.478939e+01
      vertex   4.096418e+01 -5.000000e-01 2.528054e+01
    endloop
  endfacet
  facet normal 4.674441e-01 7.003426e-01 5.394593e-01
    outer loop
      vertex   4.096418e+01 -5.000000e-01 2.528054e+01
      vertex   4.078188e+01 0.000000e+00 2.478939e+01
      vertex   4.048016e+01 0.000000e+00 2.505083e+01
    endloop
  endfacet
  facet normal 5.085700e-01 7.136387e-01 4.817431e-01
    outer loop
      vertex   4.096418e+01 -5.000000e-01 2.528054e+01
      vertex   4.048016e+01 0.000000e+00 2.505083e+01
      vertex   4.072625e+01 -5.000000e-01 2.553172e+01
    endloop
  endfacet
  facet normal 5.610128e-01 7.004429e-01 4.411853e-01
    outer loop
      vertex   4.072625e+01 -5.000000e-01 2.553172e+01
      vertex   4.048016e+01 0.000000e+00 2.505083e+01
      vertex   4.023337e+01 0.000000e+00 2.536465e+01
    endloop
  endfacet
  facet normal 6.007839e-01 7.130156e-01 3.614797e-01
    outer loop
      vertex   4.072625e+01 -5.000000e-01 2.553172e+01
      vertex   4.023337e+01 0.000000e+00 2.536465e+01
      vertex   4.054788e+01 -5.000000e-01 2.582818e+01
    endloop
  endfacet
  facet normal 6.335826e-01 7.013437e-01 3.266345e-01
    outer loop
      vertex   4.054788e+01 -5.000000e-01 2.582818e+01
      vertex   4.023337e+01 0.000000e+00 2.536465e+01
      vertex   4.005043e+01 0.000000e+00 2.571951e+01
    endloop
  endfacet
  facet normal 6.660103e-01 7.113878e-01 2.244050e-01
    outer loop
      vertex   4.054788e+01 -5.000000e-01 2.582818e+01
      vertex   4.005043e+01 0.000000e+00 2.571951e+01
      vertex   4.043741e+01 -5.000000e-01 2.615605e+01
    endloop
  endfacet
  facet normal 6.823480e-01 7.030355e-01 2.003555e-01
    outer loop
      vertex   4.043741e+01 -5.000000e-01 2.615605e+01
      vertex   4.005043e+01 0.000000e+00 2.571951e+01
      vertex   3.993795e+01 0.000000e+00 2.610257e+01
    endloop
  endfacet
  facet normal 7.013389e-01 7.087354e-01 7.627520e-02
    outer loop
      vertex   4.043741e+01 -5.000000e-01 2.615605e+01
      vertex   3.993795e+01 0.000000e+00 2.610257e+01
      vertex   4.040000e+01 -5.000000e-01 2.650000e+01
    endloop
  endfacet
  facet normal 0.000000e+00 1.000000e+00 0.000000e+00
    outer loop
      vertex   3.993795e+01 0.000000e+00 1.610257e+01
      vertex   3.750433e+01 0.000000e+00 -2.018995e+01
      vertex   3.990000e+01 0.000000e+00 1.650000e+01
    endloop
  endfacet
  facet normal 0.000000e+00 1.000000e+00 0.000000e+00
    outer loop
      vertex   3.990000e+01 0.000000e+00 1.650000e+01
      vertex   3.750433e+01 0.000000e+00 -2.018995e+01
      vertex   3.750433e+01 0.000000e+00 2.935819e+01
    endloop
  endfacet
  facet normal 0.000000e+00 1.000000e+00 -0.000000e+00
    outer loop
      vertex   3.990000e+01 0.000000e+00 1.650000e+01
      vertex   3.750433e+01 0.000000e+00 2.935819e+01
      vertex   3.993795e+01 0.000000e+00 1.689743e+01
    endloop
  endfacet
  facet normal 0.000000e+00 1.000000e+00 -0.000000e+00
    outer loop
      vertex   3.993795e+01 0.000000e+00 1.689743e+01
      vertex   3.750433e+01 0.000000e+00 2.935819e+01
      vertex   3.993795e+01 0.000000e+00 2.610257e+01
    endloop
  endfacet
  facet normal 0.000000e+00 1.000000e+00 0.000000e+00
    outer loop
      vertex   3.993795e+01 0.000000e+00 1.689743e+01
      vertex   3.993795e+01 0.000000e+00 2.610257e+01
      vertex   4.005043e+01 0.000000e+00 2.571951e+01
    endloop
  endfacet
  facet normal 0.000000e+00 1.000000e+00 0.000000e+00
    outer loop
      vertex   3.993795e+01 0.000000e+00 1.610257e+01
      vertex   4.005043e+01 0.000000e+00 1.571951e+01
      vertex   3.750433e+01 0.000000e+00 -2.018995e+01
    endloop
  endfacet
  facet normal 0.000000e+00 1.000000e+00 0.000000e+00
    outer loop
      vertex   3.750433e+01 0.000000e+00 -2.018995e+01
      vertex   4.005043e+01 0.000000e+00 1.571951e+01
      vertex   4.023337e+01 0.000000e+00 1.536465e+01
    endloop
  endfacet
  facet normal 0.000000e+00 1.000000e+00 0.000000e+00
    outer loop
      vertex   3.750433e+01 0.000000e+00 -2.018995e+01
      vertex   4.023337e+01 0.000000e+00 1.536465e+01
      vertex   4.048016e+01 0.000000e+00 1.505083e+01
    endloop
  endfacet
  facet normal 0.000000e+00 1.000000e+00 0.000000e+00
    outer loop
      vertex   4.048016e+01 0.000000e+00 1.505083e+01
      vertex   4.078188e+01 0.000000e+00 1.478939e+01
      vertex   3.750433e+01 0.000000e+00 -2.018995e+01
    endloop
  endfacet
  facet normal 0.000000e+00 1.000000e+00 0.000000e+00
    outer loop
      vertex   3.750433e+01 0.000000e+00 -2.018995e+01
      vertex   4.078188e+01 0.000000e+00 1.478939e+01
      vertex   4.112763e+01 0.000000e+00 1.458977e+01
    endloop
  endfacet
  facet normal 0.000000e+00 1.000000e+00 0.000000e+00
    outer loop
      vertex   3.750433e+01 0.000000e+00 -2.018995e+01
      vertex   4.112763e+01 0.000000e+00 1.458977e+01
      vertex   4.150491e+01 0.000000e+00 1.445920e+01
    endloop
  endfacet
  facet normal 0.000000e+00 1.000000e+00 0.000000e+00
    outer loop
      vertex   4.150491e+01 0.000000e+00 1.445920e+01
      vertex   4.190008e+01 0.000000e+00 1.440238e+01
      vertex   3.750433e+01 0.000000e+00 -2.018995e+01
    endloop
  endfacet
  facet normal 0.000000e+00 1.000000e+00 0.000000e+00
    outer loop
      vertex   3.750433e+01 0.000000e+00 -2.018995e+01
      vertex   4.190008e+01 0.000000e+00 1.440238e+01
      vertex   4.707251e+01 0.000000e+00 -1.293995e+01
    endloop
  endfacet
  facet normal 0.000000e+00 1.000000e+00 0.000000e+00
    outer loop
      vertex   3.750433e+01 0.000000e+00 -2.018995e+01
      vertex   4.707251e+01 0.000000e+00 -1.293995e+01
      vertex   4.707251e+01 0.000000e+00 -2.018995e+01
    endloop
  endfacet
  facet normal -0.000000e+00 1.000000e+00 0.000000e+00
    outer loop
      vertex   4.190008e+01 0.000000e+00 1.440238e+01
      vertex   4.229886e+01 0.000000e+00 1.442137e+01
      vertex   4.707251e+01 0.000000e+00 -1.293995e+01
    endloop
  endfacet
  facet normal 0.000000e+00 1.000000e+00 0.000000e+00
    outer loop
      vertex   4.707251e+01 0.000000e+00 -1.293995e+01
      vertex   4.229886e+01 0.000000e+00 1.442137e+01
      vertex   4.268684e+01 0.000000e+00 1.451550e+01
    endloop
  endfacet
  facet normal 0.000000e+00 1.000000e+00 0.000000e+00
    outer loop
      vertex   4.707251e+01 0.000000e+00 -1.293995e+01
      vertex   4.268684e+01 0.000000e+00 1.451550e+01
      vertex   4.305000e+01 0.000000e+00 1.468135e+01
    endloop
  endfacet
  facet normal -0.000000e+00 1.000000e+00 0.000000e+00
    outer loop
      vertex   4.305000e+01 0.000000e+00 1.468135e+01
      vertex   4.337521e+01 0.000000e+00 1.491293e+01
      vertex   4.707251e+01 0.000000e+00 -1.293995e+01
    endloop
  endfacet
  facet normal 0.000000e+00 1.000000e+00 0.000000e+00
    outer loop
      vertex   4.707251e+01 0.000000e+00 -1.293995e+01
      vertex   4.337521e+01 0.000000e+00 1.491293e+01
      vertex   4.365071e+01 0.000000e+00 1.520187e+01
    endloop
  endfacet
  facet normal 0.000000e+00 1.000000e+00 0.000000e+00
    outer loop
      vertex   4.707251e+01 0.000000e+00 -1.293995e+01
      vertex   4.365071e+01 0.000000e+00 1.520187e+01
      vertex   4.386655e+01 0.000000e+00 1.553772e+01
    endloop
  endfacet
  facet normal -0.000000e+00 1.000000e+00 0.000000e+00
    outer loop
      vertex   4.386655e+01 0.000000e+00 1.553772e+01
      vertex   4.401494e+01 0.000000e+00 1.590836e+01
      vertex   4.707251e+01 0.000000e+00 -1.293995e+01
    endloop
  endfacet
  facet normal 0.000000e+00 1.000000e+00 0.000000e+00
    outer loop
      vertex   4.707251e+01 0.000000e+00 -1.293995e+01
      vertex   4.401494e+01 0.000000e+00 1.590836e+01
      vertex   4.409049e+01 0.000000e+00 1.630038e+01
    endloop
  endfacet
  facet normal 0.000000e+00 1.000000e+00 -0.000000e+00
    outer loop
      vertex   4.707251e+01 0.000000e+00 -1.293995e+01
      vertex   4.409049e+01 0.000000e+00 1.630038e+01
      vertex   4.707251e+01 0.000000e+00 2.935819e+01
    endloop
  endfacet
  facet normal 0.000000e+00 1.000000e+00 0.000000e+00
    outer loop
      vertex   4.707251e+01 0.000000e+00 2.935819e+01
      vertex   4.409049e+01 0.000000e+00 1.630038e+01
      vertex   4.409049e+01 0.000000e+00 1.669962e+01
    endloop
  endfacet
  facet normal 0.000000e+00 1.000000e+00 0.000000e+00
    outer loop
      vertex   4.707251e+01 0.000000e+00 2.935819e+01
      vertex   4.409049e+01 0.000000e+00 1.669962e+01
      vertex   4.409049e+01 0.000000e+00 2.630038e+01
    endloop
  endfacet
  facet normal 0.000000e+00 1.000000e+00 0.000000e+00
    outer loop
      vertex   4.409049e+01 0.000000e+00 2.630038e+01
      vertex   4.409049e+01 0.000000e+00 1.669962e+01
      vertex   4.401494e+01 0.000000e+00 2.590836e+01
    endloop
  endfacet
  facet normal 0.000000e+00 1.000000e+00 0.000000e+00
    outer loop
      vertex   4.401494e+01 0.000000e+00 2.590836e+01
      vertex   4.409049e+01 0.000000e+00 1.669962e+01
      vertex   4.401494e+01 0.000000e+00 1.709164e+01
    endloop
  endfacet
  facet normal 0.000000e+00 1.000000e+00 0.000000e+00
    outer loop
      vertex   4.401494e+01 0.000000e+00 2.590836e+01
      vertex   4.401494e+01 0.000000e+00 1.709164e+01
      vertex   4.386655e+01 0.000000e+00 2.553772e+01
    endloop
  endfacet
  facet normal 0.000000e+00 1.000000e+00 0.000000e+00
    outer loop
      vertex   4.386655e+01 0.000000e+00 2.553772e+01
      vertex   4.401494e+01 0.000000e+00 1.709164e+01
      vertex   4.386655e+01 0.000000e+00 1.746228e+01
    endloop
  endfacet
  facet normal 0.000000e+00 1.000000e+00 0.000000e+00
    outer loop
      vertex   4.386655e+01 0.000000e+00 2.553772e+01
      vertex   4.386655e+01 0.000000e+00 1.746228e+01
      vertex   4.365071e+01 0.000000e+00 2.520187e+01
    endloop
  endfacet
  facet normal 0.000000e+00 1.000000e+00 0.000000e+00
    outer loop
      vertex   4.365071e+01 0.000000e+00 2.520187e+01
      vertex   4.386655e+01 0.000000e+00 1.746228e+01
      vertex   4.365071e+01 0.000000e+00 1.779813e+01
    endloop
  endfacet
  facet normal 0.000000e+00 1.000000e+00 0.000000e+00
    outer loop
      vertex   4.365071e+01 0.000000e+00 2.520187e+01
      vertex   4.365071e+01 0.000000e+00 1.779813e+01
      vertex   4.337521e+01 0.000000e+00 2.491293e+01
    endloop
  endfacet
  facet normal 0.000000e+00 1.000000e+00 0.000000e+00
    outer loop
      vertex   4.337521e+01 0.000000e+00 2.491293e+01
      vertex   4.365071e+01 0.000000e+00 1.779813e+01
      vertex   4.337521e+01 0.000000e+00 1.808707e+01
    endloop
  endfacet
  facet normal 0.000000e+00 1.000000e+00 0.000000e+00
    outer loop
      vertex   4.337521e+01 0.000000e+00 2.491293e+01
      vertex   4.337521e+01 0.000000e+00 1.808707e+01
      vertex   4.305000e+01 0.000000e+00 2.468135e+01
    endloop
  endfacet
  facet normal 0.000000e+00 1.000000e+00 0.000000e+00
    outer loop
      vertex   4.305000e+01 0.000000e+00 2.468135e+01
      vertex   4.337521e+01 0.000000e+00 1.808707e+01
      vertex   4.305000e+01 0.000000e+00 1.831865e+01
    endloop
  endfacet
  facet normal 0.000000e+00 1.000000e+00 0.000000e+00
    outer loop
      vertex   4.305000e+01 0.000000e+00 2.468135e+01
      vertex   4.305000e+01 0.000000e+00 1.831865e+01
      vertex   4.268684e+01 0.000000e+00 2.451550e+01
    endloop
  endfacet
  facet normal 0.000000e+00 1.000000e+00 0.000000e+00
    outer loop
      vertex   4.268684e+01 0.000000e+00 2.451550e+01
      vertex   4.305000e+01 0.000000e+00 1.831865e+01
      vertex   4.268684e+01 0.000000e+00 1.848450e+01
    endloop
  endfacet
  facet normal 0.000000e+00 1.000000e+00 0.000000e+00
    outer loop
      vertex   4.268684e+01 0.000000e+00 2.451550e+01
      vertex   4.268684e+01 0.000000e+00 1.848450e+01
      vertex   4.229886e+01 0.000000e+00 2.442137e+01
    endloop
  endfacet
  facet normal 0.000000e+00 1.000000e+00 0.000000e+00
    outer loop
      vertex   4.229886e+01 0.000000e+00 2.442137e+01
      vertex   4.268684e+01 0.000000e+00 1.848450e+01
      vertex   4.229886e+01 0.000000e+00 1.857863e+01
    endloop
  endfacet
  facet normal 0.000000e+00 1.000000e+00 0.000000e+00
    outer loop
      vertex   4.229886e+01 0.000000e+00 2.442137e+01
      vertex   4.229886e+01 0.000000e+00 1.857863e+01
      vertex   4.190008e+01 0.000000e+00 2.440238e+01
    endloop
  endfacet
  facet normal 0.000000e+00 1.000000e+00 0.000000e+00
    outer loop
      vertex   4.190008e+01 0.000000e+00 2.440238e+01
      vertex   4.229886e+01 0.000000e+00 1.857863e+01
      vertex   4.190008e+01 0.000000e+00 1.859762e+01
    endloop
  endfacet
  facet normal 0.000000e+00 1.000000e+00 0.000000e+00
    outer loop
      vertex   4.190008e+01 0.000000e+00 2.440238e+01
      vertex   4.190008e+01 0.000000e+00 1.859762e+01
      vertex   4.150491e+01 0.000000e+00 1.854080e+01
    endloop
  endfacet
  facet normal 0.000000e+00 1.000000e+00 0.000000e+00
    outer loop
      vertex   4.190008e+01 0.000000e+00 2.440238e+01
      vertex   4.150491e+01 0.000000e+00 1.854080e+01
      vertex   4.150491e+01 0.000000e+00 2.445920e+01
    endloop
  endfacet
  facet normal 0.000000e+00 1.000000e+00 0.000000e+00
    outer loop
      vertex   4.150491e+01 0.000000e+00 2.445920e+01
      vertex   4.150491e+01 0.000000e+00 1.854080e+01
      vertex   4.112763e+01 0.000000e+00 1.841023e+01
    endloop
  endfacet
  facet normal 0.000000e+00 1.000000e+00 0.000000e+00
    outer loop
      vertex   4.150491e+01 0.000000e+00 2.445920e+01
      vertex   4.112763e+01 0.000000e+00 1.841023e+01
      vertex   4.112763e+01 0.000000e+00 2.458977e+01
    endloop
  endfacet
  facet normal 0.000000e+00 1.000000e+00 0.000000e+00
    outer loop
      vertex   4.112763e+01 0.000000e+00 2.458977e+01
      vertex   4.112763e+01 0.000000e+00 1.841023e+01
      vertex   4.078188e+01 0.000000e+00 1.821061e+01
    endloop
  endfacet
  facet normal 0.000000e+00 1.000000e+00 0.000000e+00
    outer loop
      vertex   4.112763e+01 0.000000e+00 2.458977e+01
      vertex   4.078188e+01 0.000000e+00 1.821061e+01
      vertex   4.078188e+01 0.000000e+00 2.478939e+01
    endloop
  endfacet
  facet normal 0.000000e+00 1.000000e+00 0.000000e+00
    outer loop
      vertex   4.078188e+01 0.000000e+00 2.478939e+01
      vertex   4.078188e+01 0.000000e+00 1.821061e+01
      vertex   4.048016e+01 0.000000e+00 1.794917e+01
    endloop
  endfacet
  facet normal 0.000000e+00 1.000000e+00 0.000000e+00
    outer loop
      vertex   4.078188e+01 0.000000e+00 2.478939e+01
      vertex   4.048016e+01 0.000000e+00 1.794917e+01
      vertex   4.048016e+01 0.000000e+00 2.505083e+01
    endloop
  endfacet
  facet normal 0.000000e+00 1.000000e+00 0.000000e+00
    outer loop
      vertex   4.048016e+01 0.000000e+00 2.505083e+01
      vertex   4.048016e+01 0.000000e+00 1.794917e+01
      vertex   4.023337e+01 0.000000e+00 1.763535e+01
    endloop
  endfacet
  facet normal 0.000000e+00 1.000000e+00 0.000000e+00
    outer loop
      vertex   4.048016e+01 0.000000e+00 2.505083e+01
      vertex   4.023337e+01 0.000000e+00 1.763535e+01
      vertex   4.023337e+01 0.000000e+00 2.536465e+01
    endloop
  endfacet
  facet normal 0.000000e+00 1.000000e+00 0.000000e+00
    outer loop
      vertex   4.023337e+01 0.000000e+00 2.536465e+01
      vertex   4.023337e+01 0.000000e+00 1.763535e+01
      vertex   4.005043e+01 0.000000e+00 1.728049e+01
    endloop
  endfacet
  facet normal 0.000000e+00 1.000000e+00 0.000000e+00
    outer loop
      vertex   4.023337e+01 0.000000e+00 2.536465e+01
      vertex   4.005043e+01 0.000000e+00 1.728049e+01
      vertex   4.005043e+01 0.000000e+00 2.571951e+01
    endloop
  endfacet
  facet normal 0.000000e+00 1.000000e+00 0.000000e+00
    outer loop
      vertex   4.005043e+01 0.000000e+00 2.571951e+01
      vertex   4.005043e+01 0.000000e+00 1.728049e+01
      vertex   3.993795e+01 0.000000e+00 1.689743e+01
    endloop
  endfacet
  facet normal 0.000000e+00 1.000000e+00 0.000000e+00
    outer loop
      vertex   4.707251e+01 0.000000e+00 2.935819e+01
      vertex   4.190008e+01 0.000000e+00 2.859762e+01
      vertex   3.750433e+01 0.000000e+00 2.935819e+01
    endloop
  endfacet
  facet normal 0.000000e+00 1.000000e+00 0.000000e+00
    outer loop
      vertex   3.750433e+01 0.000000e+00 2.935819e+01
      vertex   4.190008e+01 0.000000e+00 2.859762e+01
      vertex   4.150491e+01 0.000000e+00 2.854080e+01
    endloop
  endfacet
  facet normal 0.000000e+00 1.000000e+00 0.000000e+00
    outer loop
      vertex   3.750433e+01 0.000000e+00 2.935819e+01
      vertex   4.150491e+01 0.000000e+00 2.854080e+01
      vertex   4.112763e+01 0.000000e+00 2.841023e+01
    endloop
  endfacet
  facet normal 0.000000e+00 1.000000e+00 0.000000e+00
    outer loop
      vertex   3.993795e+01 0.000000e+00 2.689743e+01
      vertex   3.990000e+01 0.000000e+00 2.650000e+01
      vertex   3.750433e+01 0.000000e+00 2.935819e+01
    endloop
  endfacet
  facet normal 0.000000e+00 1.000000e+00 0.000000e+00
    outer loop
      vertex   3.750433e+01 0.000000e+00 2.935819e+01
      vertex   3.990000e+01 0.000000e+00 2.650000e+01
      vertex   3.993795e+01 0.000000e+00 2.610257e+01
    endloop
  endfacet
  facet normal 0.000000e+00 1.000000e+00 0.000000e+00
    outer loop
      vertex   4.409049e+01 0.000000e+00 2.630038e+01
      vertex   4.409049e+01 0.000000e+00 2.669962e+01
      vertex   4.707251e+01 0.000000e+00 2.935819e+01
    endloop
  endfacet
  facet normal 0.000000e+00 1.000000e+00 0.000000e+00
    outer loop
      vertex   4.707251e+01 0.000000e+00 2.935819e+01
      vertex   4.409049e+01 0.000000e+00 2.669962e+01
      vertex   4.401494e+01 0.000000e+00 2.709164e+01
    endloop
  endfacet
  facet normal 0.000000e+00 1.000000e+00 0.000000e+00
    outer loop
      vertex   4.707251e+01 0.000000e+00 2.935819e+01
      vertex   4.401494e+01 0.000000e+00 2.709164e+01
      vertex   4.386655e+01 0.000000e+00 2.746228e+01
    endloop
  endfacet
  facet normal 0.000000e+00 1.000000e+00 -0.000000e+00
    outer loop
      vertex   4.386655e+01 0.000000e+00 2.746228e+01
      vertex   4.365071e+01 0.000000e+00 2.779813e+01
      vertex   4.707251e+01 0.000000e+00 2.935819e+01
    endloop
  endfacet
  facet normal 0.000000e+00 1.000000e+00 0.000000e+00
    outer loop
      vertex   4.707251e+01 0.000000e+00 2.935819e+01
      vertex   4.365071e+01 0.000000e+00 2.779813e+01
      vertex   4.337521e+01 0.000000e+00 2.808707e+01
    endloop
  endfacet
  facet normal 0.000000e+00 1.000000e+00 0.000000e+00
    outer loop
      vertex   4.707251e+01 0.000000e+00 2.935819e+01
      vertex   4.337521e+01 0.000000e+00 2.808707e+01
      vertex   4.305000e+01 0.000000e+00 2.831865e+01
    endloop
  endfacet
  facet normal 0.000000e+00 1.000000e+00 -0.000000e+00
    outer loop
      vertex   4.305000e+01 0.000000e+00 2.831865e+01
      vertex   4.268684e+01 0.000000e+00 2.848450e+01
      vertex   4.707251e+01 0.000000e+00 2.935819e+01
    endloop
  endfacet
  facet normal 0.000000e+00 1.000000e+00 0.000000e+00
    outer loop
      vertex   4.707251e+01 0.000000e+00 2.935819e+01
      vertex   4.268684e+01 0.000000e+00 2.848450e+01
      vertex   4.229886e+01 0.000000e+00 2.857863e+01
    endloop
  endfacet
  facet normal 0.000000e+00 1.000000e+00 0.000000e+00
    outer loop
      vertex   4.707251e+01 0.000000e+00 2.935819e+01
      vertex   4.229886e+01 0.000000e+00 2.857863e+01
      vertex   4.190008e+01 0.000000e+00 2.859762e+01
    endloop
  endfacet
  facet normal 0.000000e+00 1.000000e+00 0.000000e+00
    outer loop
      vertex   4.112763e+01 0.000000e+00 2.841023e+01
      vertex   4.078188e+01 0.000000e+00 2.821061e+01
      vertex   3.750433e+01 0.000000e+00 2.935819e+01
    endloop
  endfacet
  facet normal 0.000000e+00 1.000000e+00 0.000000e+00
    outer loop
      vertex   3.750433e+01 0.000000e+00 2.935819e+01
      vertex   4.078188e+01 0.000000e+00 2.821061e+01
      vertex   4.048016e+01 0.000000e+00 2.794917e+01
    endloop
  endfacet
  facet normal 0.000000e+00 1.000000e+00 0.000000e+00
    outer loop
      vertex   3.750433e+01 0.000000e+00 2.935819e+01
      vertex   4.048016e+01 0.000000e+00 2.794917e+01
      vertex   4.023337e+01 0.000000e+00 2.763535e+01
    endloop
  endfacet
  facet normal 0.000000e+00 1.000000e+00 0.000000e+00
    outer loop
      vertex   4.023337e+01 0.000000e+00 2.763535e+01
      vertex   4.005043e+01 0.000000e+00 2.728049e+01
      vertex   3.750433e+01 0.000000e+00 2.935819e+01
    endloop
  endfacet
  facet normal 0.000000e+00 1.000000e+00 0.000000e+00
    outer loop
      vertex   3.750433e+01 0.000000e+00 2.935819e+01
      vertex   4.005043e+01 0.000000e+00 2.728049e+01
      vertex   3.993795e+01 0.000000e+00 2.689743e+01
    endloop
  endfacet
  facet normal 7.055004e-01 7.055004e-01 6.736712e-02
    outer loop
      vertex   3.993795e+01 0.000000e+00 1.610257e+01
      vertex   3.990000e+01 0.000000e+00 1.650000e+01
      vertex   4.040000e+01 -5.000000e-01 1.650000e+01
    endloop
  endfacet
  facet normal 7.055004e-01 7.055004e-01 -6.736712e-02
    outer loop
      vertex   4.040000e+01 -5.000000e-01 1.650000e+01
      vertex   3.990000e+01 0.000000e+00 1.650000e+01
      vertex   3.993795e+01 0.000000e+00 1.689743e+01
    endloop
  endfacet
  facet normal 7.013389e-01 7.087354e-01 -7.627520e-02
    outer loop
      vertex   4.040000e+01 -5.000000e-01 1.650000e+01
      vertex   3.993795e+01 0.000000e+00 1.689743e+01
      vertex   4.043741e+01 -5.000000e-01 1.684395e+01
    endloop
  endfacet
  facet normal 6.823480e-01 7.030355e-01 -2.003555e-01
    outer loop
      vertex   4.043741e+01 -5.000000e-01 1.684395e+01
      vertex   3.993795e+01 0.000000e+00 1.689743e+01
      vertex   4.005043e+01 0.000000e+00 1.728049e+01
    endloop
  endfacet
  facet normal 6.660103e-01 7.113878e-01 -2.244050e-01
    outer loop
      vertex   4.043741e+01 -5.000000e-01 1.684395e+01
      vertex   4.005043e+01 0.000000e+00 1.728049e+01
      vertex   4.054788e+01 -5.000000e-01 1.717182e+01
    endloop
  endfacet
  facet normal 6.335826e-01 7.013437e-01 -3.266345e-01
    outer loop
      vertex   4.054788e+01 -5.000000e-01 1.717182e+01
      vertex   4.005043e+01 0.000000e+00 1.728049e+01
      vertex   4.023337e+01 0.000000e+00 1.763535e+01
    endloop
  endfacet
  facet normal 6.007839e-01 7.130156e-01 -3.614797e-01
    outer loop
      vertex   4.054788e+01 -5.000000e-01 1.717182e+01
      vertex   4.023337e+01 0.000000e+00 1.763535e+01
      vertex   4.072625e+01 -5.000000e-01 1.746828e+01
    endloop
  endfacet
  facet normal 5.610128e-01 7.004429e-01 -4.411853e-01
    outer loop
      vertex   4.072625e+01 -5.000000e-01 1.746828e+01
      vertex   4.023337e+01 0.000000e+00 1.763535e+01
      vertex   4.048016e+01 0.000000e+00 1.794917e+01
    endloop
  endfacet
  facet normal 5.085700e-01 7.136387e-01 -4.817431e-01
    outer loop
      vertex   4.072625e+01 -5.000000e-01 1.746828e+01
      vertex   4.048016e+01 0.000000e+00 1.794917e+01
      vertex   4.096418e+01 -5.000000e-01 1.771946e+01
    endloop
  endfacet
  facet normal 4.674441e-01 7.003426e-01 -5.394593e-01
    outer loop
      vertex   4.096418e+01 -5.000000e-01 1.771946e+01
      vertex   4.048016e+01 0.000000e+00 1.794917e+01
      vertex   4.078188e+01 0.000000e+00 1.821061e+01
    endloop
  endfacet
  facet normal 3.933329e-01 7.132650e-01 -5.801226e-01
    outer loop
      vertex   4.096418e+01 -5.000000e-01 1.771946e+01
      vertex   4.078188e+01 0.000000e+00 1.821061e+01
      vertex   4.125055e+01 -5.000000e-01 1.791362e+01
    endloop
  endfacet
  facet normal 3.565591e-01 7.010438e-01 -6.175785e-01
    outer loop
      vertex   4.125055e+01 -5.000000e-01 1.791362e+01
      vertex   4.078188e+01 0.000000e+00 1.821061e+01
      vertex   4.112763e+01 0.000000e+00 1.841023e+01
    endloop
  endfacet
  facet normal 2.599447e-01 7.118898e-01 -6.524121e-01
    outer loop
      vertex   4.125055e+01 -5.000000e-01 1.791362e+01
      vertex   4.112763e+01 0.000000e+00 1.841023e+01
      vertex   4.157195e+01 -5.000000e-01 1.804168e+01
    endloop
  endfacet
  facet normal 2.327563e-01 7.025392e-01 -6.725051e-01
    outer loop
      vertex   4.157195e+01 -5.000000e-01 1.804168e+01
      vertex   4.112763e+01 0.000000e+00 1.841023e+01
      vertex   4.150491e+01 0.000000e+00 1.854080e+01
    endloop
  endfacet
  facet normal 1.140093e-01 7.094962e-01 -6.954258e-01
    outer loop
      vertex   4.157195e+01 -5.000000e-01 1.804168e+01
      vertex   4.150491e+01 0.000000e+00 1.854080e+01
      vertex   4.191338e+01 -5.000000e-01 1.809765e+01
    endloop
  endfacet
  facet normal 1.009572e-01 7.048130e-01 -7.021726e-01
    outer loop
      vertex   4.191338e+01 -5.000000e-01 1.809765e+01
      vertex   4.150491e+01 0.000000e+00 1.854080e+01
      vertex   4.190008e+01 0.000000e+00 1.859762e+01
    endloop
  endfacet
  facet normal -3.368694e-02 7.062346e-01 -7.071760e-01
    outer loop
      vertex   4.191338e+01 -5.000000e-01 1.809765e+01
      vertex   4.190008e+01 0.000000e+00 1.859762e+01
      vertex   4.229886e+01 0.000000e+00 1.857863e+01
    endloop
  endfacet
  facet normal -3.823853e-02 7.079086e-01 -7.052682e-01
    outer loop
      vertex   4.191338e+01 -5.000000e-01 1.809765e+01
      vertex   4.229886e+01 0.000000e+00 1.857863e+01
      vertex   4.225885e+01 -5.000000e-01 1.807892e+01
    endloop
  endfacet
  facet normal -1.675341e-01 7.035801e-01 -6.905848e-01
    outer loop
      vertex   4.225885e+01 -5.000000e-01 1.807892e+01
      vertex   4.229886e+01 0.000000e+00 1.857863e+01
      vertex   4.268684e+01 0.000000e+00 1.848450e+01
    endloop
  endfacet
  facet normal -1.881720e-01 7.108219e-01 -6.777342e-01
    outer loop
      vertex   4.225885e+01 -5.000000e-01 1.807892e+01
      vertex   4.268684e+01 0.000000e+00 1.848450e+01
      vertex   4.259222e+01 -5.000000e-01 1.798636e+01
    endloop
  endfacet
  facet normal -2.959746e-01 7.016930e-01 -6.480941e-01
    outer loop
      vertex   4.259222e+01 -5.000000e-01 1.798636e+01
      vertex   4.268684e+01 0.000000e+00 1.848450e+01
      vertex   4.305000e+01 0.000000e+00 1.831865e+01
    endloop
  endfacet
  facet normal -3.285724e-01 7.127034e-01 -6.197532e-01
    outer loop
      vertex   4.259222e+01 -5.000000e-01 1.798636e+01
      vertex   4.305000e+01 0.000000e+00 1.831865e+01
      vertex   4.289790e+01 -5.000000e-01 1.782430e+01
    endloop
  endfacet
  facet normal -4.139059e-01 7.005933e-01 -5.812495e-01
    outer loop
      vertex   4.289790e+01 -5.000000e-01 1.782430e+01
      vertex   4.305000e+01 0.000000e+00 1.831865e+01
      vertex   4.337521e+01 0.000000e+00 1.808707e+01
    endloop
  endfacet
  facet normal -4.535442e-01 7.135765e-01 -5.339535e-01
    outer loop
      vertex   4.289790e+01 -5.000000e-01 1.782430e+01
      vertex   4.337521e+01 0.000000e+00 1.808707e+01
      vertex   4.316159e+01 -5.000000e-01 1.760032e+01
    endloop
  endfacet
  facet normal -5.166420e-01 7.002924e-01 -4.926171e-01
    outer loop
      vertex   4.316159e+01 -5.000000e-01 1.760032e+01
      vertex   4.337521e+01 0.000000e+00 1.808707e+01
      vertex   4.365071e+01 0.000000e+00 1.779813e+01
    endloop
  endfacet
  facet normal -5.578257e-01 7.134519e-01 -4.240481e-01
    outer loop
      vertex   4.316159e+01 -5.000000e-01 1.760032e+01
      vertex   4.365071e+01 0.000000e+00 1.779813e+01
      vertex   4.337097e+01 -5.000000e-01 1.732489e+01
    endloop
  endfacet
  facet normal -6.001201e-01 7.007936e-01 -3.856737e-01
    outer loop
      vertex   4.337097e+01 -5.000000e-01 1.732489e+01
      vertex   4.365071e+01 0.000000e+00 1.779813e+01
      vertex   4.386655e+01 0.000000e+00 1.746228e+01
    endloop
  endfacet
  facet normal -6.369786e-01 7.123282e-01 -2.946977e-01
    outer loop
      vertex   4.337097e+01 -5.000000e-01 1.732489e+01
      vertex   4.386655e+01 0.000000e+00 1.746228e+01
      vertex   4.351625e+01 -5.000000e-01 1.701088e+01
    endloop
  endfacet
  facet normal -6.610784e-01 7.020916e-01 -2.646559e-01
    outer loop
      vertex   4.351625e+01 -5.000000e-01 1.701088e+01
      vertex   4.386655e+01 0.000000e+00 1.746228e+01
      vertex   4.401494e+01 0.000000e+00 1.709164e+01
    endloop
  endfacet
  facet normal -6.875492e-01 7.101915e-01 -1.513410e-01
    outer loop
      vertex   4.351625e+01 -5.000000e-01 1.701088e+01
      vertex   4.401494e+01 0.000000e+00 1.709164e+01
      vertex   4.359062e+01 -5.000000e-01 1.667299e+01
    endloop
  endfacet
  facet normal -6.971976e-01 7.041727e-01 -1.343738e-01
    outer loop
      vertex   4.359062e+01 -5.000000e-01 1.667299e+01
      vertex   4.401494e+01 0.000000e+00 1.709164e+01
      vertex   4.409049e+01 0.000000e+00 1.669962e+01
    endloop
  endfacet
  facet normal -7.071985e-01 7.070151e-01 0.000000e+00
    outer loop
      vertex   4.359062e+01 -5.000000e-01 1.667299e+01
      vertex   4.409049e+01 0.000000e+00 1.669962e+01
      vertex   4.409049e+01 0.000000e+00 1.630038e+01
    endloop
  endfacet
  facet normal -7.071985e-01 7.070151e-01 0.000000e+00
    outer loop
      vertex   4.359062e+01 -5.000000e-01 1.667299e+01
      vertex   4.409049e+01 0.000000e+00 1.630038e+01
      vertex   4.359062e+01 -5.000000e-01 1.632701e+01
    endloop
  endfacet
  facet normal -6.971976e-01 7.041727e-01 1.343738e-01
    outer loop
      vertex   4.359062e+01 -5.000000e-01 1.632701e+01
      vertex   4.409049e+01 0.000000e+00 1.630038e+01
      vertex   4.401494e+01 0.000000e+00 1.590836e+01
    endloop
  endfacet
  facet normal -6.875492e-01 7.101915e-01 1.513410e-01
    outer loop
      vertex   4.359062e+01 -5.000000e-01 1.632701e+01
      vertex   4.401494e+01 0.000000e+00 1.590836e+01
      vertex   4.351625e+01 -5.000000e-01 1.598912e+01
    endloop
  endfacet
  facet normal -6.610784e-01 7.020916e-01 2.646559e-01
    outer loop
      vertex   4.351625e+01 -5.000000e-01 1.598912e+01
      vertex   4.401494e+01 0.000000e+00 1.590836e+01
      vertex   4.386655e+01 0.000000e+00 1.553772e+01
    endloop
  endfacet
  facet normal -6.369786e-01 7.123282e-01 2.946977e-01
    outer loop
      vertex   4.351625e+01 -5.000000e-01 1.598912e+01
      vertex   4.386655e+01 0.000000e+00 1.553772e+01
      vertex   4.337097e+01 -5.000000e-01 1.567511e+01
    endloop
  endfacet
  facet normal -6.001201e-01 7.007936e-01 3.856737e-01
    outer loop
      vertex   4.337097e+01 -5.000000e-01 1.567511e+01
      vertex   4.386655e+01 0.000000e+00 1.553772e+01
      vertex   4.365071e+01 0.000000e+00 1.520187e+01
    endloop
  endfacet
  facet normal -5.578257e-01 7.134519e-01 4.240481e-01
    outer loop
      vertex   4.337097e+01 -5.000000e-01 1.567511e+01
      vertex   4.365071e+01 0.000000e+00 1.520187e+01
      vertex   4.316159e+01 -5.000000e-01 1.539968e+01
    endloop
  endfacet
  facet normal -5.166420e-01 7.002924e-01 4.926171e-01
    outer loop
      vertex   4.316159e+01 -5.000000e-01 1.539968e+01
      vertex   4.365071e+01 0.000000e+00 1.520187e+01
      vertex   4.337521e+01 0.000000e+00 1.491293e+01
    endloop
  endfacet
  facet normal -4.535442e-01 7.135765e-01 5.339535e-01
    outer loop
      vertex   4.316159e+01 -5.000000e-01 1.539968e+01
      vertex   4.337521e+01 0.000000e+00 1.491293e+01
      vertex   4.289790e+01 -5.000000e-01 1.517570e+01
    endloop
  endfacet
  facet normal -4.139059e-01 7.005933e-01 5.812495e-01
    outer loop
      vertex   4.289790e+01 -5.000000e-01 1.517570e+01
      vertex   4.337521e+01 0.000000e+00 1.491293e+01
      vertex   4.305000e+01 0.000000e+00 1.468135e+01
    endloop
  endfacet
  facet normal -3.285724e-01 7.127034e-01 6.197532e-01
    outer loop
      vertex   4.289790e+01 -5.000000e-01 1.517570e+01
      vertex   4.305000e+01 0.000000e+00 1.468135e+01
      vertex   4.259222e+01 -5.000000e-01 1.501364e+01
    endloop
  endfacet
  facet normal -2.959746e-01 7.016930e-01 6.480941e-01
    outer loop
      vertex   4.259222e+01 -5.000000e-01 1.501364e+01
      vertex   4.305000e+01 0.000000e+00 1.468135e+01
      vertex   4.268684e+01 0.000000e+00 1.451550e+01
    endloop
  endfacet
  facet normal -1.881720e-01 7.108219e-01 6.777342e-01
    outer loop
      vertex   4.259222e+01 -5.000000e-01 1.501364e+01
      vertex   4.268684e+01 0.000000e+00 1.451550e+01
      vertex   4.225885e+01 -5.000000e-01 1.492108e+01
    endloop
  endfacet
  facet normal -1.675341e-01 7.035801e-01 6.905848e-01
    outer loop
      vertex   4.225885e+01 -5.000000e-01 1.492108e+01
      vertex   4.268684e+01 0.000000e+00 1.451550e+01
      vertex   4.229886e+01 0.000000e+00 1.442137e+01
    endloop
  endfacet
  facet normal -3.823853e-02 7.079086e-01 7.052682e-01
    outer loop
      vertex   4.225885e+01 -5.000000e-01 1.492108e+01
      vertex   4.229886e+01 0.000000e+00 1.442137e+01
      vertex   4.191338e+01 -5.000000e-01 1.490235e+01
    endloop
  endfacet
  facet normal -3.368694e-02 7.062346e-01 7.071760e-01
    outer loop
      vertex   4.191338e+01 -5.000000e-01 1.490235e+01
      vertex   4.229886e+01 0.000000e+00 1.442137e+01
      vertex   4.190008e+01 0.000000e+00 1.440238e+01
    endloop
  endfacet
  facet normal 1.009572e-01 7.048130e-01 7.021726e-01
    outer loop
      vertex   4.191338e+01 -5.000000e-01 1.490235e+01
      vertex   4.190008e+01 0.000000e+00 1.440238e+01
      vertex   4.150491e+01 0.000000e+00 1.445920e+01
    endloop
  endfacet
  facet normal 1.140093e-01 7.094962e-01 6.954258e-01
    outer loop
      vertex   4.191338e+01 -5.000000e-01 1.490235e+01
      vertex   4.150491e+01 0.000000e+00 1.445920e+01
      vertex   4.157195e+01 -5.000000e-01 1.495832e+01
    endloop
  endfacet
  facet normal 2.327563e-01 7.025392e-01 6.725051e-01
    outer loop
      vertex   4.157195e+01 -5.000000e-01 1.495832e+01
      vertex   4.150491e+01 0.000000e+00 1.445920e+01
      vertex   4.112763e+01 0.000000e+00 1.458977e+01
    endloop
  endfacet
  facet normal 2.599447e-01 7.118898e-01 6.524121e-01
    outer loop
      vertex   4.157195e+01 -5.000000e-01 1.495832e+01
      vertex   4.112763e+01 0.000000e+00 1.458977e+01
      vertex   4.125055e+01 -5.000000e-01 1.508638e+01
    endloop
  endfacet
  facet normal 3.565591e-01 7.010438e-01 6.175785e-01
    outer loop
      vertex   4.125055e+01 -5.000000e-01 1.508638e+01
      vertex   4.112763e+01 0.000000e+00 1.458977e+01
      vertex   4.078188e+01 0.000000e+00 1.478939e+01
    endloop
  endfacet
  facet normal 3.933329e-01 7.132650e-01 5.801226e-01
    outer loop
      vertex   4.125055e+01 -5.000000e-01 1.508638e+01
      vertex   4.078188e+01 0.000000e+00 1.478939e+01
      vertex   4.096418e+01 -5.000000e-01 1.528054e+01
    endloop
  endfacet
  facet normal 4.674441e-01 7.003426e-01 5.394593e-01
    outer loop
      vertex   4.096418e+01 -5.000000e-01 1.528054e+01
      vertex   4.078188e+01 0.000000e+00 1.478939e+01
      vertex   4.048016e+01 0.000000e+00 1.505083e+01
    endloop
  endfacet
  facet normal 5.085700e-01 7.136387e-01 4.817431e-01
    outer loop
      vertex   4.096418e+01 -5.000000e-01 1.528054e+01
      vertex   4.048016e+01 0.000000e+00 1.505083e+01
      vertex   4.072625e+01 -5.000000e-01 1.553172e+01
    endloop
  endfacet
  facet normal 5.610128e-01 7.004429e-01 4.411853e-01
    outer loop
      vertex   4.072625e+01 -5.000000e-01 1.553172e+01
      vertex   4.048016e+01 0.000000e+00 1.505083e+01
      vertex   4.023337e+01 0.000000e+00 1.536465e+01
    endloop
  endfacet
  facet normal 6.007839e-01 7.130156e-01 3.614797e-01
    outer loop
      vertex   4.072625e+01 -5.000000e-01 1.553172e+01
      vertex   4.023337e+01 0.000000e+00 1.536465e+01
      vertex   4.054788e+01 -5.000000e-01 1.582818e+01
    endloop
  endfacet
  facet normal 6.335826e-01 7.013437e-01 3.266345e-01
    outer loop
      vertex   4.054788e+01 -5.000000e-01 1.582818e+01
      vertex   4.023337e+01 0.000000e+00 1.536465e+01
      vertex   4.005043e+01 0.000000e+00 1.571951e+01
    endloop
  endfacet
  facet normal 6.660103e-01 7.113878e-01 2.244050e-01
    outer loop
      vertex   4.054788e+01 -5.000000e-01 1.582818e+01
      vertex   4.005043e+01 0.000000e+00 1.571951e+01
      vertex   4.043741e+01 -5.000000e-01 1.615605e+01
    endloop
  endfacet
  facet normal 6.823480e-01 7.030355e-01 2.003555e-01
    outer loop
      vertex   4.043741e+01 -5.000000e-01 1.615605e+01
      vertex   4.005043e+01 0.000000e+00 1.571951e+01
      vertex   3.993795e+01 0.000000e+00 1.610257e+01
    endloop
  endfacet
  facet normal 7.013389e-01 7.087354e-01 7.627520e-02
    outer loop
      vertex   4.043741e+01 -5.000000e-01 1.615605e+01
      vertex   3.993795e+01 0.000000e+00 1.610257e+01
      vertex   4.040000e+01 -5.000000e-01 1.650000e+01
    endloop
  endfacet
  facet normal -0.000000e+00 7.071068e-01 7.071068e-01
    outer loop
      vertex   3.700433e+01 -5.000000e-01 2.985819e+01
      vertex   4.707251e+01 -5.000000e-01 2.985819e+01
      vertex   3.750433e+01 0.000000e+00 2.935819e+01
    endloop
  endfacet
  facet normal -0.000000e+00 7.071068e-01 7.071068e-01
    outer loop
      vertex   3.750433e+01 0.000000e+00 2.935819e+01
      vertex   4.707251e+01 -5.000000e-01 2.985819e+01
      vertex   4.707251e+01 0.000000e+00 2.935819e+01
    endloop
  endfacet
  facet normal -7.071068e-01 7.071068e-01 0.000000e+00
    outer loop
      vertex   3.750433e+01 0.000000e+00 -2.018995e+01
      vertex   3.725433e+01 -2.500000e-01 -2.043995e+01
      vertex   3.750433e+01 0.000000e+00 2.935819e+01
    endloop
  endfacet
  facet normal -7.071068e-01 7.071068e-01 0.000000e+00
    outer loop
      vertex   3.750433e+01 0.000000e+00 2.935819e+01
      vertex   3.725433e+01 -2.500000e-01 -2.043995e+01
      vertex   3.700433e+01 -5.000000e-01 2.985819e+01
    endloop
  endfacet
  facet normal -7.071068e-01 7.071068e-01 0.000000e+00
    outer loop
      vertex   3.700433e+01 -5.000000e-01 2.985819e+01
      vertex   3.725433e+01 -2.500000e-01 -2.043995e+01
      vertex   3.700433e+01 -5.000000e-01 -2.018995e+01
    endloop
  endfacet
  facet normal 0.000000e+00 -0.000000e+00 1.000000e+00
    outer loop
      vertex   4.657251e+01 -6.000000e+00 2.985819e+01
      vertex   4.707251e+01 -5.500000e+00 2.985819e+01
      vertex   3.700433e+01 -6.000000e+00 2.985819e+01
    endloop
  endfacet
  facet normal 0.000000e+00 0.000000e+00 1.000000e+00
    outer loop
      vertex   3.700433e+01 -6.000000e+00 2.985819e+01
      vertex   4.707251e+01 -5.500000e+00 2.985819e+01
      vertex   3.700433e+01 -5.000000e-01 2.985819e+01
    endloop
  endfacet
  facet normal -0.000000e+00 0.000000e+00 1.000000e+00
    outer loop
      vertex   3.700433e+01 -5.000000e-01 2.985819e+01
      vertex   4.707251e+01 -5.500000e+00 2.985819e+01
      vertex   4.707251e+01 -5.000000e-01 2.985819e+01
    endloop
  endfacet
  facet normal -1.000000e+00 0.000000e+00 0.000000e+00
    outer loop
      vertex   3.700433e+01 -6.000000e+00 2.985819e+01
      vertex   3.700433e+01 -5.000000e-01 2.985819e+01
      vertex   3.700433e+01 -6.000000e+00 -1.293995e+01
    endloop
  endfacet
  facet normal -1.000000e+00 0.000000e+00 0.000000e+00
    outer loop
      vertex   3.700433e+01 -6.000000e+00 -1.293995e+01
      vertex   3.700433e+01 -5.000000e-01 2.985819e+01
      vertex   3.700433e+01 -5.000000e-01 -2.018995e+01
    endloop
  endfacet
  facet normal -1.000000e+00 0.000000e+00 0.000000e+00
    outer loop
      vertex   3.700433e+01 -6.000000e+00 -1.293995e+01
      vertex   3.700433e+01 -5.000000e-01 -2.018995e+01
      vertex   3.700433e+01 -6.000000e+00 -2.018995e+01
    endloop
  endfacet
  facet normal -7.071068e-01 -0.000000e+00 -7.071068e-01
    outer loop
      vertex   3.700433e+01 -5.000000e-01 -2.018995e+01
      vertex   3.725433e+01 -2.500000e-01 -2.043995e+01
      vertex   3.700433e+01 -6.000000e+00 -2.018995e+01
    endloop
  endfacet
  facet normal -7.071068e-01 0.000000e+00 -7.071068e-01
    outer loop
      vertex   3.700433e+01 -6.000000e+00 -2.018995e+01
      vertex   3.725433e+01 -2.500000e-01 -2.043995e+01
      vertex   3.750433e+01 -5.937905e+00 -2.068995e+01
    endloop
  endfacet
  facet normal -7.071068e-01 0.000000e+00 -7.071068e-01
    outer loop
      vertex   3.750433e+01 -5.937905e+00 -2.068995e+01
      vertex   3.725433e+01 -2.500000e-01 -2.043995e+01
      vertex   3.750433e+01 -5.000000e-01 -2.068995e+01
    endloop
  endfacet
  facet normal 0.000000e+00 7.071068e-01 -7.071068e-01
    outer loop
      vertex   3.750433e+01 0.000000e+00 -2.018995e+01
      vertex   4.707251e+01 0.000000e+00 -2.018995e+01
      vertex   3.725433e+01 -2.500000e-01 -2.043995e+01
    endloop
  endfacet
  facet normal 0.000000e+00 7.071068e-01 -7.071068e-01
    outer loop
      vertex   3.725433e+01 -2.500000e-01 -2.043995e+01
      vertex   4.707251e+01 0.000000e+00 -2.018995e+01
      vertex   4.660765e+01 -5.000000e-01 -2.068995e+01
    endloop
  endfacet
  facet normal 0.000000e+00 7.071068e-01 -7.071068e-01
    outer loop
      vertex   3.725433e+01 -2.500000e-01 -2.043995e+01
      vertex   4.660765e+01 -5.000000e-01 -2.068995e+01
      vertex   3.750433e+01 -5.000000e-01 -2.068995e+01
    endloop
  endfacet
  facet normal -6.856263e-01 -1.729641e-01 -7.071068e-01
    outer loop
      vertex   4.087705e+01 -1.930729e+01 -2.068995e+01
      vertex   4.039224e+01 -1.942959e+01 -2.018995e+01
      vertex   3.750433e+01 -5.937905e+00 -2.068995e+01
    endloop
  endfacet
  facet normal -6.856263e-01 -1.729641e-01 -7.071068e-01
    outer loop
      vertex   3.750433e+01 -5.937905e+00 -2.068995e+01
      vertex   4.039224e+01 -1.942959e+01 -2.018995e+01
      vertex   3.700433e+01 -6.000000e+00 -2.018995e+01
    endloop
  endfacet
  facet normal -6.773472e-01 -2.042668e-01 -7.067361e-01
    outer loop
      vertex   4.039224e+01 -1.942959e+01 -2.018995e+01
      vertex   4.087705e+01 -1.930729e+01 -2.068995e+01
      vertex   4.062860e+01 -2.021338e+01 -2.018995e+01
    endloop
  endfacet
  facet normal -6.764750e-01 -2.048704e-01 -7.073964e-01
    outer loop
      vertex   4.062860e+01 -2.021338e+01 -2.018995e+01
      vertex   4.087705e+01 -1.930729e+01 -2.068995e+01
      vertex   4.110681e+01 -2.006595e+01 -2.068995e+01
    endloop
  endfacet
  facet normal -6.564135e-01 -2.655771e-01 -7.061092e-01
    outer loop
      vertex   4.062860e+01 -2.021338e+01 -2.018995e+01
      vertex   4.110681e+01 -2.006595e+01 -2.068995e+01
      vertex   4.093564e+01 -2.097227e+01 -2.018995e+01
    endloop
  endfacet
  facet normal -6.536875e-01 -2.671568e-01 -7.080395e-01
    outer loop
      vertex   4.093564e+01 -2.097227e+01 -2.018995e+01
      vertex   4.110681e+01 -2.006595e+01 -2.068995e+01
      vertex   4.140670e+01 -2.079972e+01 -2.068995e+01
    endloop
  endfacet
  facet normal -6.299090e-01 -3.247538e-01 -7.055137e-01
    outer loop
      vertex   4.093564e+01 -2.097227e+01 -2.018995e+01
      vertex   4.140670e+01 -2.079972e+01 -2.068995e+01
      vertex   4.131078e+01 -2.169991e+01 -2.018995e+01
    endloop
  endfacet
  facet normal -6.252166e-01 -3.269936e-01 -7.086461e-01
    outer loop
      vertex   4.131078e+01 -2.169991e+01 -2.018995e+01
      vertex   4.140670e+01 -2.079972e+01 -2.068995e+01
      vertex   4.177407e+01 -2.150214e+01 -2.068995e+01
    endloop
  endfacet
  facet normal -5.980505e-01 -3.812888e-01 -7.049499e-01
    outer loop
      vertex   4.131078e+01 -2.169991e+01 -2.018995e+01
      vertex   4.177407e+01 -2.150214e+01 -2.068995e+01
      vertex   4.175088e+01 -2.239020e+01 -2.018995e+01
    endloop
  endfacet
  facet normal -5.913188e-01 -3.838669e-01 -7.092167e-01
    outer loop
      vertex   4.175088e+01 -2.239020e+01 -2.018995e+01
      vertex   4.177407e+01 -2.150214e+01 -2.068995e+01
      vertex   4.220569e+01 -2.216702e+01 -2.068995e+01
    endloop
  endfacet
  facet normal -5.611010e-01 -4.346962e-01 -7.044181e-01
    outer loop
      vertex   4.175088e+01 -2.239020e+01 -2.018995e+01
      vertex   4.220569e+01 -2.216702e+01 -2.068995e+01
      vertex   4.225225e+01 -2.303736e+01 -2.018995e+01
    endloop
  endfacet
  facet normal -5.522962e-01 -4.372891e-01 -7.097514e-01
    outer loop
      vertex   4.225225e+01 -2.303736e+01 -2.018995e+01
      vertex   4.220569e+01 -2.216702e+01 -2.068995e+01
      vertex   4.269775e+01 -2.278849e+01 -2.068995e+01
    endloop
  endfacet
  facet normal -5.193680e-01 -4.845161e-01 -7.039184e-01
    outer loop
      vertex   4.225225e+01 -2.303736e+01 -2.018995e+01
      vertex   4.269775e+01 -2.278849e+01 -2.068995e+01
      vertex   4.281069e+01 -2.363597e+01 -2.018995e+01
    endloop
  endfacet
  facet normal -5.084948e-01 -4.868030e-01 -7.102506e-01
    outer loop
      vertex   4.281069e+01 -2.363597e+01 -2.018995e+01
      vertex   4.269775e+01 -2.278849e+01 -2.068995e+01
      vertex   4.324592e+01 -2.336109e+01 -2.068995e+01
    endloop
  endfacet
  facet normal -4.732004e-01 -5.303188e-01 -7.034510e-01
    outer loop
      vertex   4.281069e+01 -2.363597e+01 -2.018995e+01
      vertex   4.324592e+01 -2.336109e+01 -2.068995e+01
      vertex   4.342152e+01 -2.418101e+01 -2.018995e+01
    endloop
  endfacet
  facet normal -4.603006e-01 -5.319854e-01 -7.107144e-01
    outer loop
      vertex   4.342152e+01 -2.418101e+01 -2.018995e+01
      vertex   4.324592e+01 -2.336109e+01 -2.068995e+01
      vertex   4.384537e+01 -2.387976e+01 -2.068995e+01
    endloop
  endfacet
  facet normal -4.229860e-01 -5.717089e-01 -7.030162e-01
    outer loop
      vertex   4.342152e+01 -2.418101e+01 -2.018995e+01
      vertex   4.384537e+01 -2.387976e+01 -2.068995e+01
      vertex   4.407963e+01 -2.466792e+01 -2.018995e+01
    endloop
  endfacet
  facet normal -4.081369e-01 -5.724508e-01 -7.111430e-01
    outer loop
      vertex   4.407963e+01 -2.466792e+01 -2.018995e+01
      vertex   4.384537e+01 -2.387976e+01 -2.068995e+01
      vertex   4.449081e+01 -2.433994e+01 -2.068995e+01
    endloop
  endfacet
  facet normal -3.691478e-01 -6.083282e-01 -7.026142e-01
    outer loop
      vertex   4.407963e+01 -2.466792e+01 -2.018995e+01
      vertex   4.449081e+01 -2.433994e+01 -2.068995e+01
      vertex   4.477950e+01 -2.509262e+01 -2.018995e+01
    endloop
  endfacet
  facet normal -3.524603e-01 -6.078548e-01 -7.115366e-01
    outer loop
      vertex   4.477950e+01 -2.509262e+01 -2.018995e+01
      vertex   4.449081e+01 -2.433994e+01 -2.068995e+01
      vertex   4.517656e+01 -2.473757e+01 -2.068995e+01
    endloop
  endfacet
  facet normal -3.121406e-01 -6.398595e-01 -7.022450e-01
    outer loop
      vertex   4.477950e+01 -2.509262e+01 -2.018995e+01
      vertex   4.517656e+01 -2.473757e+01 -2.068995e+01
      vertex   4.551527e+01 -2.545155e+01 -2.018995e+01
    endloop
  endfacet
  facet normal -2.937569e-01 -6.378964e-01 -7.118954e-01
    outer loop
      vertex   4.551527e+01 -2.545155e+01 -2.018995e+01
      vertex   4.517656e+01 -2.473757e+01 -2.068995e+01
      vertex   4.589657e+01 -2.506914e+01 -2.068995e+01
    endloop
  endfacet
  facet normal -2.524469e-01 -6.660288e-01 -7.019089e-01
    outer loop
      vertex   4.551527e+01 -2.545155e+01 -2.018995e+01
      vertex   4.589657e+01 -2.506914e+01 -2.068995e+01
      vertex   4.628078e+01 -2.574170e+01 -2.018995e+01
    endloop
  endfacet
  facet normal -2.325384e-01 -6.623210e-01 -7.122196e-01
    outer loop
      vertex   4.628078e+01 -2.574170e+01 -2.018995e+01
      vertex   4.589657e+01 -2.506914e+01 -2.068995e+01
      vertex   4.664450e+01 -2.533173e+01 -2.068995e+01
    endloop
  endfacet
  facet normal -1.905729e-01 -6.866083e-01 -7.016061e-01
    outer loop
      vertex   4.628078e+01 -2.574170e+01 -2.018995e+01
      vertex   4.664450e+01 -2.533173e+01 -2.068995e+01
      vertex   4.706961e+01 -2.596065e+01 -2.018995e+01
    endloop
  endfacet
  facet normal -1.693372e-01 -6.809225e-01 -7.125093e-01
    outer loop
      vertex   4.706961e+01 -2.596065e+01 -2.018995e+01
      vertex   4.664450e+01 -2.533173e+01 -2.068995e+01
      vertex   4.741376e+01 -2.552304e+01 -2.068995e+01
    endloop
  endfacet
  facet normal -1.270440e-01 -7.014178e-01 -7.013365e-01
    outer loop
      vertex   4.706961e+01 -2.596065e+01 -2.018995e+01
      vertex   4.741376e+01 -2.552304e+01 -2.068995e+01
      vertex   4.787515e+01 -2.610655e+01 -2.018995e+01
    endloop
  endfacet
  facet normal -1.047025e-01 -6.935446e-01 -7.127646e-01
    outer loop
      vertex   4.787515e+01 -2.610655e+01 -2.018995e+01
      vertex   4.741376e+01 -2.552304e+01 -2.068995e+01
      vertex   4.819757e+01 -2.564137e+01 -2.068995e+01
    endloop
  endfacet
  facet normal -6.240007e-02 -7.103270e-01 -7.011004e-01
    outer loop
      vertex   4.787515e+01 -2.610655e+01 -2.018995e+01
      vertex   4.819757e+01 -2.564137e+01 -2.068995e+01
      vertex   4.869066e+01 -2.617819e+01 -2.018995e+01
    endloop
  endfacet
  facet normal -3.919523e-02 -7.000823e-01 -7.129856e-01
    outer loop
      vertex   4.869066e+01 -2.617819e+01 -2.018995e+01
      vertex   4.819757e+01 -2.564137e+01 -2.068995e+01
      vertex   4.898902e+01 -2.568568e+01 -2.068995e+01
    endloop
  endfacet
  facet normal 2.808731e-03 -7.132562e-01 -7.008978e-01
    outer loop
      vertex   4.869066e+01 -2.617819e+01 -2.018995e+01
      vertex   4.898902e+01 -2.568568e+01 -2.068995e+01
      vertex   4.950931e+01 -2.617497e+01 -2.018995e+01
    endloop
  endfacet
  facet normal 2.661672e-02 -7.004831e-01 -7.131724e-01
    outer loop
      vertex   4.950931e+01 -2.617497e+01 -2.018995e+01
      vertex   4.898902e+01 -2.568568e+01 -2.068995e+01
      vertex   4.978114e+01 -2.565558e+01 -2.068995e+01
    endloop
  endfacet
  facet normal 6.802726e-02 -7.101770e-01 -7.007289e-01
    outer loop
      vertex   4.950931e+01 -2.617497e+01 -2.018995e+01
      vertex   4.978114e+01 -2.565558e+01 -2.068995e+01
      vertex   5.032423e+01 -2.609691e+01 -2.018995e+01
    endloop
  endfacet
  facet normal 9.216305e-02 -6.947468e-01 -7.133252e-01
    outer loop
      vertex   5.032423e+01 -2.609691e+01 -2.018995e+01
      vertex   4.978114e+01 -2.565558e+01 -2.068995e+01
      vertex   5.056694e+01 -2.555134e+01 -2.068995e+01
    endloop
  endfacet
  facet normal 1.326999e-01 -7.011129e-01 -7.005936e-01
    outer loop
      vertex   5.032423e+01 -2.609691e+01 -2.018995e+01
      vertex   5.056694e+01 -2.555134e+01 -2.068995e+01
      vertex   5.112860e+01 -2.594466e+01 -2.018995e+01
    endloop
  endfacet
  facet normal 1.568761e-01 -6.829258e-01 -7.134440e-01
    outer loop
      vertex   5.112860e+01 -2.594466e+01 -2.018995e+01
      vertex   5.056694e+01 -2.555134e+01 -2.068995e+01
      vertex   5.133951e+01 -2.537387e+01 -2.068995e+01
    endloop
  endfacet
  facet normal 1.962757e-01 -6.861389e-01 -7.004922e-01
    outer loop
      vertex   5.112860e+01 -2.594466e+01 -2.018995e+01
      vertex   5.133951e+01 -2.537387e+01 -2.068995e+01
      vertex   5.191568e+01 -2.571951e+01 -2.018995e+01
    endloop
  endfacet
  facet normal 2.201954e-01 -6.651246e-01 -7.135288e-01
    outer loop
      vertex   5.191568e+01 -2.571951e+01 -2.018995e+01
      vertex   5.133951e+01 -2.537387e+01 -2.068995e+01
      vertex   5.209203e+01 -2.512474e+01 -2.068995e+01
    endloop
  endfacet
  facet normal 2.582126e-01 -6.653809e-01 -7.004245e-01
    outer loop
      vertex   5.191568e+01 -2.571951e+01 -2.018995e+01
      vertex   5.209203e+01 -2.512474e+01 -2.068995e+01
      vertex   5.267888e+01 -2.542334e+01 -2.018995e+01
    endloop
  endfacet
  facet normal 2.815729e-01 -6.414989e-01 -7.135796e-01
    outer loop
      vertex   5.267888e+01 -2.542334e+01 -2.018995e+01
      vertex   5.209203e+01 -2.512474e+01 -2.068995e+01
      vertex   5.281788e+01 -2.480614e+01 -2.068995e+01
    endloop
  endfacet
  facet normal 3.179830e-01 -6.390147e-01 -7.003906e-01
    outer loop
      vertex   5.267888e+01 -2.542334e+01 -2.018995e+01
      vertex   5.281788e+01 -2.480614e+01 -2.068995e+01
      vertex   5.341180e+01 -2.505863e+01 -2.018995e+01
    endloop
  endfacet
  facet normal 3.404770e-01 -6.122543e-01 -7.135966e-01
    outer loop
      vertex   5.341180e+01 -2.505863e+01 -2.018995e+01
      vertex   5.281788e+01 -2.480614e+01 -2.068995e+01
      vertex   5.351066e+01 -2.442089e+01 -2.068995e+01
    endloop
  endfacet
  facet normal 3.750775e-01 -6.072642e-01 -7.003906e-01
    outer loop
      vertex   5.341180e+01 -2.505863e+01 -2.018995e+01
      vertex   5.351066e+01 -2.442089e+01 -2.068995e+01
      vertex   5.410830e+01 -2.462843e+01 -2.018995e+01
    endloop
  endfacet
  facet normal 3.963974e-01 -5.776445e-01 -7.135796e-01
    outer loop
      vertex   5.410830e+01 -2.462843e+01 -2.018995e+01
      vertex   5.351066e+01 -2.442089e+01 -2.068995e+01
      vertex   5.416425e+01 -2.397237e+01 -2.068995e+01
    endloop
  endfacet
  facet normal 4.290098e-01 -5.703999e-01 -7.004245e-01
    outer loop
      vertex   5.410830e+01 -2.462843e+01 -2.018995e+01
      vertex   5.416425e+01 -2.397237e+01 -2.068995e+01
      vertex   5.476256e+01 -2.413635e+01 -2.018995e+01
    endloop
  endfacet
  facet normal 4.488496e-01 -5.379691e-01 -7.135288e-01
    outer loop
      vertex   5.476256e+01 -2.413635e+01 -2.018995e+01
      vertex   5.416425e+01 -2.397237e+01 -2.068995e+01
      vertex   5.477291e+01 -2.346454e+01 -2.068995e+01
    endloop
  endfacet
  facet normal 4.793211e-01 -5.287363e-01 -7.004922e-01
    outer loop
      vertex   5.476256e+01 -2.413635e+01 -2.018995e+01
      vertex   5.477291e+01 -2.346454e+01 -2.068995e+01
      vertex   5.536908e+01 -2.358652e+01 -2.018995e+01
    endloop
  endfacet
  facet normal 4.973784e-01 -4.935711e-01 -7.134440e-01
    outer loop
      vertex   5.536908e+01 -2.358652e+01 -2.018995e+01
      vertex   5.477291e+01 -2.346454e+01 -2.068995e+01
      vertex   5.533127e+01 -2.290188e+01 -2.068995e+01
    endloop
  endfacet
  facet normal 5.255834e-01 -4.826289e-01 -7.005936e-01
    outer loop
      vertex   5.536908e+01 -2.358652e+01 -2.018995e+01
      vertex   5.533127e+01 -2.290188e+01 -2.068995e+01
      vertex   5.592279e+01 -2.298353e+01 -2.018995e+01
    endloop
  endfacet
  facet normal 5.415623e-01 -4.448341e-01 -7.133252e-01
    outer loop
      vertex   5.592279e+01 -2.298353e+01 -2.018995e+01
      vertex   5.533127e+01 -2.290188e+01 -2.068995e+01
      vertex   5.583441e+01 -2.228933e+01 -2.068995e+01
    endloop
  endfacet
  facet normal 5.674040e-01 -4.324716e-01 -7.007289e-01
    outer loop
      vertex   5.592279e+01 -2.298353e+01 -2.018995e+01
      vertex   5.583441e+01 -2.228933e+01 -2.068995e+01
      vertex   5.641904e+01 -2.233244e+01 -2.018995e+01
    endloop
  endfacet
  facet normal 5.810169e-01 -3.921791e-01 -7.131724e-01
    outer loop
      vertex   5.641904e+01 -2.233244e+01 -2.018995e+01
      vertex   5.583441e+01 -2.228933e+01 -2.068995e+01
      vertex   5.627789e+01 -2.163231e+01 -2.068995e+01
    endloop
  endfacet
  facet normal 6.044285e-01 -3.786931e-01 -7.008978e-01
    outer loop
      vertex   5.641904e+01 -2.233244e+01 -2.018995e+01
      vertex   5.627789e+01 -2.163231e+01 -2.068995e+01
      vertex   5.685369e+01 -2.163870e+01 -2.018995e+01
    endloop
  endfacet
  facet normal 6.153982e-01 -3.360604e-01 -7.129856e-01
    outer loop
      vertex   5.685369e+01 -2.163870e+01 -2.018995e+01
      vertex   5.627789e+01 -2.163231e+01 -2.068995e+01
      vertex   5.665781e+01 -2.093659e+01 -2.068995e+01
    endloop
  endfacet
  facet normal 6.363437e-01 -3.217529e-01 -7.011004e-01
    outer loop
      vertex   5.685369e+01 -2.163870e+01 -2.018995e+01
      vertex   5.665781e+01 -2.093659e+01 -2.068995e+01
      vertex   5.722309e+01 -2.090813e+01 -2.018995e+01
    endloop
  endfacet
  facet normal 6.444054e-01 -2.769628e-01 -7.127646e-01
    outer loop
      vertex   5.722309e+01 -2.090813e+01 -2.018995e+01
      vertex   5.665781e+01 -2.093659e+01 -2.068995e+01
      vertex   5.697082e+01 -2.020832e+01 -2.068995e+01
    endloop
  endfacet
  facet normal 6.628808e-01 -2.621376e-01 -7.013365e-01
    outer loop
      vertex   5.722309e+01 -2.090813e+01 -2.018995e+01
      vertex   5.697082e+01 -2.020832e+01 -2.068995e+01
      vertex   5.752414e+01 -2.014684e+01 -2.018995e+01
    endloop
  endfacet
  facet normal 6.677836e-01 -2.153964e-01 -7.125093e-01
    outer loop
      vertex   5.752414e+01 -2.014684e+01 -2.018995e+01
      vertex   5.697082e+01 -2.020832e+01 -2.068995e+01
      vertex   5.721416e+01 -1.945391e+01 -2.068995e+01
    endloop
  endfacet
  facet normal 6.838174e-01 -2.003565e-01 -7.016061e-01
    outer loop
      vertex   5.752414e+01 -2.014684e+01 -2.018995e+01
      vertex   5.721416e+01 -1.945391e+01 -2.068995e+01
      vertex   5.775432e+01 -1.936122e+01 -2.018995e+01
    endloop
  endfacet
  facet normal 6.853260e-01 -1.518931e-01 -7.122196e-01
    outer loop
      vertex   5.775432e+01 -1.936122e+01 -2.018995e+01
      vertex   5.721416e+01 -1.945391e+01 -2.068995e+01
      vertex   5.738569e+01 -1.868000e+01 -2.068995e+01
    endloop
  endfacet
  facet normal 6.989793e-01 -1.369371e-01 -7.019089e-01
    outer loop
      vertex   5.775432e+01 -1.936122e+01 -2.018995e+01
      vertex   5.738569e+01 -1.868000e+01 -2.068995e+01
      vertex   5.791171e+01 -1.855784e+01 -2.018995e+01
    endloop
  endfacet
  facet normal 6.968756e-01 -8.700185e-02 -7.118954e-01
    outer loop
      vertex   5.791171e+01 -1.855784e+01 -2.018995e+01
      vertex   5.738569e+01 -1.868000e+01 -2.068995e+01
      vertex   5.748389e+01 -1.789341e+01 -2.068995e+01
    endloop
  endfacet
  facet normal 7.082423e-01 -7.242066e-02 -7.022450e-01
    outer loop
      vertex   5.791171e+01 -1.855784e+01 -2.018995e+01
      vertex   5.748389e+01 -1.789341e+01 -2.068995e+01
      vertex   5.799499e+01 -1.774344e+01 -2.018995e+01
    endloop
  endfacet
  facet normal 7.023266e-01 -2.128375e-02 -7.115366e-01
    outer loop
      vertex   5.799499e+01 -1.774344e+01 -2.018995e+01
      vertex   5.748389e+01 -1.789341e+01 -2.068995e+01
      vertex   5.750790e+01 -1.710109e+01 -2.068995e+01
    endloop
  endfacet
  facet normal 7.115330e-01 -7.357510e-03 -7.026142e-01
    outer loop
      vertex   5.799499e+01 -1.774344e+01 -2.018995e+01
      vertex   5.750790e+01 -1.710109e+01 -2.068995e+01
      vertex   5.800346e+01 -1.692483e+01 -2.018995e+01
    endloop
  endfacet
  facet normal 7.016255e-01 4.469226e-02 -7.111430e-01
    outer loop
      vertex   5.800346e+01 -1.692483e+01 -2.018995e+01
      vertex   5.750790e+01 -1.710109e+01 -2.068995e+01
      vertex   5.745751e+01 -1.631000e+01 -2.068995e+01
    endloop
  endfacet
  facet normal 7.088294e-01 5.769799e-02 -7.030162e-01
    outer loop
      vertex   5.800346e+01 -1.692483e+01 -2.018995e+01
      vertex   5.745751e+01 -1.631000e+01 -2.068995e+01
      vertex   5.793704e+01 -1.610888e+01 -2.018995e+01
    endloop
  endfacet
  facet normal 6.947712e-01 1.103545e-01 -7.107144e-01
    outer loop
      vertex   5.793704e+01 -1.610888e+01 -2.018995e+01
      vertex   5.745751e+01 -1.631000e+01 -2.068995e+01
      vertex   5.733316e+01 -1.552712e+01 -2.068995e+01
    endloop
  endfacet
  facet normal 7.001612e-01 1.221921e-01 -7.034510e-01
    outer loop
      vertex   5.793704e+01 -1.610888e+01 -2.018995e+01
      vertex   5.733316e+01 -1.552712e+01 -2.068995e+01
      vertex   5.779629e+01 -1.530242e+01 -2.018995e+01
    endloop
  endfacet
  facet normal 6.818156e-01 1.751332e-01 -7.102506e-01
    outer loop
      vertex   5.779629e+01 -1.530242e+01 -2.018995e+01
      vertex   5.733316e+01 -1.552712e+01 -2.068995e+01
      vertex   5.713595e+01 -1.475936e+01 -2.068995e+01
    endloop
  endfacet
  facet normal 6.856094e-01 1.855765e-01 -7.039184e-01
    outer loop
      vertex   5.779629e+01 -1.530242e+01 -2.018995e+01
      vertex   5.713595e+01 -1.475936e+01 -2.068995e+01
      vertex   5.758240e+01 -1.451220e+01 -2.018995e+01
    endloop
  endfacet
  facet normal 6.628628e-01 2.384655e-01 -7.097514e-01
    outer loop
      vertex   5.758240e+01 -1.451220e+01 -2.018995e+01
      vertex   5.713595e+01 -1.475936e+01 -2.068995e+01
      vertex   5.686761e+01 -1.401347e+01 -2.068995e+01
    endloop
  endfacet
  facet normal 6.653055e-01 2.473132e-01 -7.044181e-01
    outer loop
      vertex   5.758240e+01 -1.451220e+01 -2.018995e+01
      vertex   5.686761e+01 -1.401347e+01 -2.068995e+01
      vertex   5.729716e+01 -1.374485e+01 -2.018995e+01
    endloop
  endfacet
  facet normal 6.380686e-01 2.998001e-01 -7.092167e-01
    outer loop
      vertex   5.729716e+01 -1.374485e+01 -2.018995e+01
      vertex   5.686761e+01 -1.401347e+01 -2.068995e+01
      vertex   5.653052e+01 -1.329602e+01 -2.068995e+01
    endloop
  endfacet
  facet normal 6.394301e-01 3.068789e-01 -7.049499e-01
    outer loop
      vertex   5.729716e+01 -1.374485e+01 -2.018995e+01
      vertex   5.653052e+01 -1.329602e+01 -2.068995e+01
      vertex   5.694295e+01 -1.300680e+01 -2.018995e+01
    endloop
  endfacet
  facet normal 6.076390e-01 3.586022e-01 -7.086461e-01
    outer loop
      vertex   5.694295e+01 -1.300680e+01 -2.018995e+01
      vertex   5.653052e+01 -1.329602e+01 -2.068995e+01
      vertex   5.612764e+01 -1.261335e+01 -2.068995e+01
    endloop
  endfacet
  facet normal 6.082119e-01 3.637701e-01 -7.055137e-01
    outer loop
      vertex   5.694295e+01 -1.300680e+01 -2.018995e+01
      vertex   5.612764e+01 -1.261335e+01 -2.068995e+01
      vertex   5.652274e+01 -1.230422e+01 -2.018995e+01
    endloop
  endfacet
  facet normal 5.718287e-01 4.143574e-01 -7.080395e-01
    outer loop
      vertex   5.652274e+01 -1.230422e+01 -2.018995e+01
      vertex   5.612764e+01 -1.261335e+01 -2.068995e+01
      vertex   5.566251e+01 -1.197146e+01 -2.068995e+01
    endloop
  endfacet
  facet normal 5.719249e-01 4.175066e-01 -7.061092e-01
    outer loop
      vertex   5.652274e+01 -1.230422e+01 -2.018995e+01
      vertex   5.566251e+01 -1.197146e+01 -2.068995e+01
      vertex   5.604005e+01 -1.164301e+01 -2.018995e+01
    endloop
  endfacet
  facet normal 5.309389e-01 4.665771e-01 -7.073964e-01
    outer loop
      vertex   5.604005e+01 -1.164301e+01 -2.018995e+01
      vertex   5.566251e+01 -1.197146e+01 -2.068995e+01
      vertex   5.513925e+01 -1.137602e+01 -2.068995e+01
    endloop
  endfacet
  facet normal 5.308863e-01 4.676365e-01 -7.067361e-01
    outer loop
      vertex   5.604005e+01 -1.164301e+01 -2.018995e+01
      vertex   5.513925e+01 -1.137602e+01 -2.068995e+01
      vertex   5.549893e+01 -1.102870e+01 -2.018995e+01
    endloop
  endfacet
  facet normal 5.086626e-01 4.911846e-01 -7.071068e-01
    outer loop
      vertex   5.549893e+01 -1.102870e+01 -2.018995e+01
      vertex   5.513925e+01 -1.137602e+01 -2.068995e+01
      vertex   4.882241e+01 -4.114603e+00 -2.018995e+01
    endloop
  endfacet
  facet normal 5.086626e-01 4.911846e-01 -7.071068e-01
    outer loop
      vertex   4.882241e+01 -4.114603e+00 -2.018995e+01
      vertex   5.513925e+01 -1.137602e+01 -2.068995e+01
      vertex   4.846273e+01 -4.461923e+00 -2.068995e+01
    endloop
  endfacet
  facet normal 6.992325e-01 6.209283e-02 -7.121926e-01
    outer loop
      vertex   4.707251e+01 0.000000e+00 -2.018995e+01
      vertex   4.713027e+01 -6.503648e-01 -2.018995e+01
      vertex   4.660765e+01 -5.000000e-01 -2.068995e+01
    endloop
  endfacet
  facet normal 7.034399e-01 1.099451e-01 -7.021997e-01
    outer loop
      vertex   4.660765e+01 -5.000000e-01 -2.068995e+01
      vertex   4.713027e+01 -6.503648e-01 -2.018995e+01
      vertex   4.670589e+01 -1.128582e+00 -2.068995e+01
    endloop
  endfacet
  facet normal 6.882636e-01 1.345695e-01 -7.128705e-01
    outer loop
      vertex   4.670589e+01 -1.128582e+00 -2.068995e+01
      vertex   4.713027e+01 -6.503648e-01 -2.018995e+01
      vertex   4.725555e+01 -1.291156e+00 -2.018995e+01
    endloop
  endfacet
  facet normal 6.903655e-01 1.757872e-01 -7.017794e-01
    outer loop
      vertex   4.670589e+01 -1.128582e+00 -2.068995e+01
      vertex   4.725555e+01 -1.291156e+00 -2.018995e+01
      vertex   4.686288e+01 -1.745123e+00 -2.068995e+01
    endloop
  endfacet
  facet normal 6.702843e-01 2.055818e-01 -7.130603e-01
    outer loop
      vertex   4.686288e+01 -1.745123e+00 -2.068995e+01
      vertex   4.725555e+01 -1.291156e+00 -2.018995e+01
      vertex   4.744701e+01 -1.915379e+00 -2.018995e+01
    endloop
  endfacet
  facet normal 6.707005e-01 2.399865e-01 -7.018314e-01
    outer loop
      vertex   4.686288e+01 -1.745123e+00 -2.068995e+01
      vertex   4.744701e+01 -1.915379e+00 -2.018995e+01
      vertex   4.707722e+01 -2.344145e+00 -2.068995e+01
    endloop
  endfacet
  facet normal 6.454572e-01 2.745058e-01 -7.127633e-01
    outer loop
      vertex   4.707722e+01 -2.344145e+00 -2.068995e+01
      vertex   4.744701e+01 -1.915379e+00 -2.018995e+01
      vertex   4.770254e+01 -2.516223e+00 -2.018995e+01
    endloop
  endfacet
  facet normal 6.446590e-01 3.018473e-01 -7.023553e-01
    outer loop
      vertex   4.707722e+01 -2.344145e+00 -2.068995e+01
      vertex   4.770254e+01 -2.516223e+00 -2.018995e+01
      vertex   4.734700e+01 -2.920326e+00 -2.068995e+01
    endloop
  endfacet
  facet normal 6.139945e-01 3.407323e-01 -7.119777e-01
    outer loop
      vertex   4.734700e+01 -2.920326e+00 -2.068995e+01
      vertex   4.770254e+01 -2.516223e+00 -2.018995e+01
      vertex   4.801936e+01 -3.087129e+00 -2.018995e+01
    endloop
  endfacet
  facet normal 6.125316e-01 3.607029e-01 -7.033481e-01
    outer loop
      vertex   4.734700e+01 -2.920326e+00 -2.068995e+01
      vertex   4.801936e+01 -3.087129e+00 -2.018995e+01
      vertex   4.766984e+01 -3.468547e+00 -2.068995e+01
    endloop
  endfacet
  facet normal 5.761575e-01 4.036711e-01 -7.106984e-01
    outer loop
      vertex   4.766984e+01 -3.468547e+00 -2.068995e+01
      vertex   4.801936e+01 -3.087129e+00 -2.018995e+01
      vertex   4.839401e+01 -3.621868e+00 -2.018995e+01
    endloop
  endfacet
  facet normal 5.746817e-01 4.159238e-01 -7.048037e-01
    outer loop
      vertex   4.766984e+01 -3.468547e+00 -2.068995e+01
      vertex   4.839401e+01 -3.621868e+00 -2.018995e+01
      vertex   4.804285e+01 -3.983939e+00 -2.068995e+01
    endloop
  endfacet
  facet normal 5.322548e-01 4.627536e-01 -7.089175e-01
    outer loop
      vertex   4.804285e+01 -3.983939e+00 -2.068995e+01
      vertex   4.839401e+01 -3.621868e+00 -2.018995e+01
      vertex   4.882241e+01 -4.114603e+00 -2.018995e+01
    endloop
  endfacet
  facet normal 5.315407e-01 4.669265e-01 -7.067136e-01
    outer loop
      vertex   4.804285e+01 -3.983939e+00 -2.068995e+01
      vertex   4.882241e+01 -4.114603e+00 -2.018995e+01
      vertex   4.846273e+01 -4.461923e+00 -2.068995e+01
    endloop
  endfacet
  facet normal -9.696220e-01 -2.446081e-01 4.275124e-16
    outer loop
      vertex   4.039224e+01 -1.942959e+01 -2.018995e+01
      vertex   3.731967e+01 -7.250000e+00 -1.418995e+01
      vertex   3.700433e+01 -6.000000e+00 -2.018995e+01
    endloop
  endfacet
  facet normal -9.696220e-01 -2.446081e-01 2.331877e-15
    outer loop
      vertex   3.700433e+01 -6.000000e+00 -2.018995e+01
      vertex   3.731967e+01 -7.250000e+00 -1.418995e+01
      vertex   3.724950e+01 -6.971849e+00 -1.415861e+01
    endloop
  endfacet
  facet normal -9.696220e-01 -2.446081e-01 -1.215045e-15
    outer loop
      vertex   3.700433e+01 -6.000000e+00 -2.018995e+01
      vertex   3.724950e+01 -6.971849e+00 -1.415861e+01
      vertex   3.718285e+01 -6.707645e+00 -1.406616e+01
    endloop
  endfacet
  facet normal -9.696220e-01 -2.446081e-01 0.000000e+00
    outer loop
      vertex   4.039224e+01 -1.942959e+01 -2.018995e+01
      vertex   4.039224e+01 -1.942959e+01 -1.418995e+01
      vertex   3.731967e+01 -7.250000e+00 -1.418995e+01
    endloop
  endfacet
  facet normal -9.696220e-01 -2.446081e-01 4.840462e-16
    outer loop
      vertex   3.718285e+01 -6.707645e+00 -1.406616e+01
      vertex   3.712306e+01 -6.470638e+00 -1.391724e+01
      vertex   3.700433e+01 -6.000000e+00 -2.018995e+01
    endloop
  endfacet
  facet normal -9.696220e-01 -2.446081e-01 -1.461874e-16
    outer loop
      vertex   3.700433e+01 -6.000000e+00 -2.018995e+01
      vertex   3.712306e+01 -6.470638e+00 -1.391724e+01
      vertex   3.707313e+01 -6.272711e+00 -1.371931e+01
    endloop
  endfacet
  facet normal -9.696220e-01 -2.446081e-01 3.844152e-16
    outer loop
      vertex   3.700433e+01 -6.000000e+00 -2.018995e+01
      vertex   3.707313e+01 -6.272711e+00 -1.371931e+01
      vertex   3.703556e+01 -6.123789e+00 -1.348230e+01
    endloop
  endfacet
  facet normal -9.696220e-01 -2.446081e-01 -1.037064e-16
    outer loop
      vertex   3.703556e+01 -6.123789e+00 -1.348230e+01
      vertex   3.701224e+01 -6.031340e+00 -1.321810e+01
      vertex   3.700433e+01 -6.000000e+00 -2.018995e+01
    endloop
  endfacet
  facet normal -9.696220e-01 -2.446081e-01 0.000000e+00
    outer loop
      vertex   3.700433e+01 -6.000000e+00 -2.018995e+01
      vertex   3.701224e+01 -6.031340e+00 -1.321810e+01
      vertex   3.700433e+01 -6.000000e+00 -1.293995e+01
    endloop
  endfacet
  facet normal 0.000000e+00 0.000000e+00 -1.000000e+00
    outer loop
      vertex   4.435225e+01 -1.664641e+01 -2.068995e+01
      vertex   4.431480e+01 -1.724175e+01 -2.068995e+01
      vertex   4.087705e+01 -1.930729e+01 -2.068995e+01
    endloop
  endfacet
  facet normal 0.000000e+00 0.000000e+00 -1.000000e+00
    outer loop
      vertex   4.087705e+01 -1.930729e+01 -2.068995e+01
      vertex   4.431480e+01 -1.724175e+01 -2.068995e+01
      vertex   4.435225e+01 -1.783708e+01 -2.068995e+01
    endloop
  endfacet
  facet normal 0.000000e+00 0.000000e+00 -1.000000e+00
    outer loop
      vertex   4.087705e+01 -1.930729e+01 -2.068995e+01
      vertex   4.435225e+01 -1.783708e+01 -2.068995e+01
      vertex   4.446403e+01 -1.842302e+01 -2.068995e+01
    endloop
  endfacet
  facet normal -0.000000e+00 0.000000e+00 -1.000000e+00
    outer loop
      vertex   4.464836e+01 -1.899034e+01 -2.068995e+01
      vertex   4.140670e+01 -2.079972e+01 -2.068995e+01
      vertex   4.446403e+01 -1.842302e+01 -2.068995e+01
    endloop
  endfacet
  facet normal 0.000000e+00 0.000000e+00 -1.000000e+00
    outer loop
      vertex   4.446403e+01 -1.842302e+01 -2.068995e+01
      vertex   4.140670e+01 -2.079972e+01 -2.068995e+01
      vertex   4.110681e+01 -2.006595e+01 -2.068995e+01
    endloop
  endfacet
  facet normal 0.000000e+00 0.000000e+00 -1.000000e+00
    outer loop
      vertex   4.446403e+01 -1.842302e+01 -2.068995e+01
      vertex   4.110681e+01 -2.006595e+01 -2.068995e+01
      vertex   4.087705e+01 -1.930729e+01 -2.068995e+01
    endloop
  endfacet
  facet normal 0.000000e+00 0.000000e+00 -1.000000e+00
    outer loop
      vertex   4.140670e+01 -2.079972e+01 -2.068995e+01
      vertex   4.464836e+01 -1.899034e+01 -2.068995e+01
      vertex   4.177407e+01 -2.150214e+01 -2.068995e+01
    endloop
  endfacet
  facet normal 0.000000e+00 0.000000e+00 -1.000000e+00
    outer loop
      vertex   4.177407e+01 -2.150214e+01 -2.068995e+01
      vertex   4.464836e+01 -1.899034e+01 -2.068995e+01
      vertex   4.490234e+01 -1.953008e+01 -2.068995e+01
    endloop
  endfacet
  facet normal 0.000000e+00 0.000000e+00 -1.000000e+00
    outer loop
      vertex   4.177407e+01 -2.150214e+01 -2.068995e+01
      vertex   4.490234e+01 -1.953008e+01 -2.068995e+01
      vertex   4.220569e+01 -2.216702e+01 -2.068995e+01
    endloop
  endfacet
  facet normal 0.000000e+00 0.000000e+00 -1.000000e+00
    outer loop
      vertex   4.220569e+01 -2.216702e+01 -2.068995e+01
      vertex   4.490234e+01 -1.953008e+01 -2.068995e+01
      vertex   4.269775e+01 -2.278849e+01 -2.068995e+01
    endloop
  endfacet
  facet normal 0.000000e+00 0.000000e+00 -1.000000e+00
    outer loop
      vertex   4.269775e+01 -2.278849e+01 -2.068995e+01
      vertex   4.490234e+01 -1.953008e+01 -2.068995e+01
      vertex   4.522197e+01 -2.003373e+01 -2.068995e+01
    endloop
  endfacet
  facet normal 0.000000e+00 0.000000e+00 -1.000000e+00
    outer loop
      vertex   4.269775e+01 -2.278849e+01 -2.068995e+01
      vertex   4.522197e+01 -2.003373e+01 -2.068995e+01
      vertex   4.324592e+01 -2.336109e+01 -2.068995e+01
    endloop
  endfacet
  facet normal 0.000000e+00 0.000000e+00 -1.000000e+00
    outer loop
      vertex   4.324592e+01 -2.336109e+01 -2.068995e+01
      vertex   4.522197e+01 -2.003373e+01 -2.068995e+01
      vertex   4.560220e+01 -2.049335e+01 -2.068995e+01
    endloop
  endfacet
  facet normal 0.000000e+00 0.000000e+00 -1.000000e+00
    outer loop
      vertex   4.324592e+01 -2.336109e+01 -2.068995e+01
      vertex   4.560220e+01 -2.049335e+01 -2.068995e+01
      vertex   4.384537e+01 -2.387976e+01 -2.068995e+01
    endloop
  endfacet
  facet normal 0.000000e+00 0.000000e+00 -1.000000e+00
    outer loop
      vertex   4.384537e+01 -2.387976e+01 -2.068995e+01
      vertex   4.560220e+01 -2.049335e+01 -2.068995e+01
      vertex   4.603704e+01 -2.090169e+01 -2.068995e+01
    endloop
  endfacet
  facet normal 0.000000e+00 0.000000e+00 -1.000000e+00
    outer loop
      vertex   4.384537e+01 -2.387976e+01 -2.068995e+01
      vertex   4.603704e+01 -2.090169e+01 -2.068995e+01
      vertex   4.449081e+01 -2.433994e+01 -2.068995e+01
    endloop
  endfacet
  facet normal 0.000000e+00 0.000000e+00 -1.000000e+00
    outer loop
      vertex   4.449081e+01 -2.433994e+01 -2.068995e+01
      vertex   4.603704e+01 -2.090169e+01 -2.068995e+01
      vertex   4.517656e+01 -2.473757e+01 -2.068995e+01
    endloop
  endfacet
  facet normal 0.000000e+00 0.000000e+00 -1.000000e+00
    outer loop
      vertex   4.517656e+01 -2.473757e+01 -2.068995e+01
      vertex   4.603704e+01 -2.090169e+01 -2.068995e+01
      vertex   4.651962e+01 -2.125231e+01 -2.068995e+01
    endloop
  endfacet
  facet normal 0.000000e+00 0.000000e+00 -1.000000e+00
    outer loop
      vertex   4.517656e+01 -2.473757e+01 -2.068995e+01
      vertex   4.651962e+01 -2.125231e+01 -2.068995e+01
      vertex   4.589657e+01 -2.506914e+01 -2.068995e+01
    endloop
  endfacet
  facet normal 0.000000e+00 0.000000e+00 -1.000000e+00
    outer loop
      vertex   4.589657e+01 -2.506914e+01 -2.068995e+01
      vertex   4.651962e+01 -2.125231e+01 -2.068995e+01
      vertex   4.704235e+01 -2.153968e+01 -2.068995e+01
    endloop
  endfacet
  facet normal 0.000000e+00 0.000000e+00 -1.000000e+00
    outer loop
      vertex   4.589657e+01 -2.506914e+01 -2.068995e+01
      vertex   4.704235e+01 -2.153968e+01 -2.068995e+01
      vertex   4.664450e+01 -2.533173e+01 -2.068995e+01
    endloop
  endfacet
  facet normal 0.000000e+00 0.000000e+00 -1.000000e+00
    outer loop
      vertex   4.664450e+01 -2.533173e+01 -2.068995e+01
      vertex   4.704235e+01 -2.153968e+01 -2.068995e+01
      vertex   4.759697e+01 -2.175927e+01 -2.068995e+01
    endloop
  endfacet
  facet normal 0.000000e+00 0.000000e+00 -1.000000e+00
    outer loop
      vertex   4.664450e+01 -2.533173e+01 -2.068995e+01
      vertex   4.759697e+01 -2.175927e+01 -2.068995e+01
      vertex   4.741376e+01 -2.552304e+01 -2.068995e+01
    endloop
  endfacet
  facet normal 0.000000e+00 0.000000e+00 -1.000000e+00
    outer loop
      vertex   4.741376e+01 -2.552304e+01 -2.068995e+01
      vertex   4.759697e+01 -2.175927e+01 -2.068995e+01
      vertex   4.817474e+01 -2.190761e+01 -2.068995e+01
    endloop
  endfacet
  facet normal 0.000000e+00 0.000000e+00 -1.000000e+00
    outer loop
      vertex   4.741376e+01 -2.552304e+01 -2.068995e+01
      vertex   4.817474e+01 -2.190761e+01 -2.068995e+01
      vertex   4.819757e+01 -2.564137e+01 -2.068995e+01
    endloop
  endfacet
  facet normal 0.000000e+00 0.000000e+00 -1.000000e+00
    outer loop
      vertex   4.819757e+01 -2.564137e+01 -2.068995e+01
      vertex   4.817474e+01 -2.190761e+01 -2.068995e+01
      vertex   4.876654e+01 -2.198237e+01 -2.068995e+01
    endloop
  endfacet
  facet normal 0.000000e+00 0.000000e+00 -1.000000e+00
    outer loop
      vertex   4.819757e+01 -2.564137e+01 -2.068995e+01
      vertex   4.876654e+01 -2.198237e+01 -2.068995e+01
      vertex   4.898902e+01 -2.568568e+01 -2.068995e+01
    endloop
  endfacet
  facet normal 0.000000e+00 0.000000e+00 -1.000000e+00
    outer loop
      vertex   4.898902e+01 -2.568568e+01 -2.068995e+01
      vertex   4.876654e+01 -2.198237e+01 -2.068995e+01
      vertex   4.936305e+01 -2.198237e+01 -2.068995e+01
    endloop
  endfacet
  facet normal 0.000000e+00 0.000000e+00 -1.000000e+00
    outer loop
      vertex   4.898902e+01 -2.568568e+01 -2.068995e+01
      vertex   4.936305e+01 -2.198237e+01 -2.068995e+01
      vertex   4.978114e+01 -2.565558e+01 -2.068995e+01
    endloop
  endfacet
  facet normal 0.000000e+00 0.000000e+00 -1.000000e+00
    outer loop
      vertex   4.978114e+01 -2.565558e+01 -2.068995e+01
      vertex   4.936305e+01 -2.198237e+01 -2.068995e+01
      vertex   4.995486e+01 -2.190761e+01 -2.068995e+01
    endloop
  endfacet
  facet normal 0.000000e+00 0.000000e+00 -1.000000e+00
    outer loop
      vertex   4.978114e+01 -2.565558e+01 -2.068995e+01
      vertex   4.995486e+01 -2.190761e+01 -2.068995e+01
      vertex   5.056694e+01 -2.555134e+01 -2.068995e+01
    endloop
  endfacet
  facet normal 0.000000e+00 0.000000e+00 -1.000000e+00
    outer loop
      vertex   5.056694e+01 -2.555134e+01 -2.068995e+01
      vertex   4.995486e+01 -2.190761e+01 -2.068995e+01
      vertex   5.053263e+01 -2.175927e+01 -2.068995e+01
    endloop
  endfacet
  facet normal 0.000000e+00 0.000000e+00 -1.000000e+00
    outer loop
      vertex   5.056694e+01 -2.555134e+01 -2.068995e+01
      vertex   5.053263e+01 -2.175927e+01 -2.068995e+01
      vertex   5.133951e+01 -2.537387e+01 -2.068995e+01
    endloop
  endfacet
  facet normal 0.000000e+00 0.000000e+00 -1.000000e+00
    outer loop
      vertex   5.133951e+01 -2.537387e+01 -2.068995e+01
      vertex   5.053263e+01 -2.175927e+01 -2.068995e+01
      vertex   5.108725e+01 -2.153968e+01 -2.068995e+01
    endloop
  endfacet
  facet normal 0.000000e+00 0.000000e+00 -1.000000e+00
    outer loop
      vertex   5.133951e+01 -2.537387e+01 -2.068995e+01
      vertex   5.108725e+01 -2.153968e+01 -2.068995e+01
      vertex   5.209203e+01 -2.512474e+01 -2.068995e+01
    endloop
  endfacet
  facet normal 0.000000e+00 0.000000e+00 -1.000000e+00
    outer loop
      vertex   5.209203e+01 -2.512474e+01 -2.068995e+01
      vertex   5.108725e+01 -2.153968e+01 -2.068995e+01
      vertex   5.281788e+01 -2.480614e+01 -2.068995e+01
    endloop
  endfacet
  facet normal 0.000000e+00 0.000000e+00 -1.000000e+00
    outer loop
      vertex   5.281788e+01 -2.480614e+01 -2.068995e+01
      vertex   5.108725e+01 -2.153968e+01 -2.068995e+01
      vertex   5.160998e+01 -2.125231e+01 -2.068995e+01
    endloop
  endfacet
  facet normal 0.000000e+00 0.000000e+00 -1.000000e+00
    outer loop
      vertex   5.281788e+01 -2.480614e+01 -2.068995e+01
      vertex   5.160998e+01 -2.125231e+01 -2.068995e+01
      vertex   5.351066e+01 -2.442089e+01 -2.068995e+01
    endloop
  endfacet
  facet normal 0.000000e+00 0.000000e+00 -1.000000e+00
    outer loop
      vertex   5.351066e+01 -2.442089e+01 -2.068995e+01
      vertex   5.160998e+01 -2.125231e+01 -2.068995e+01
      vertex   5.209256e+01 -2.090169e+01 -2.068995e+01
    endloop
  endfacet
  facet normal 0.000000e+00 0.000000e+00 -1.000000e+00
    outer loop
      vertex   5.351066e+01 -2.442089e+01 -2.068995e+01
      vertex   5.209256e+01 -2.090169e+01 -2.068995e+01
      vertex   5.416425e+01 -2.397237e+01 -2.068995e+01
    endloop
  endfacet
  facet normal 0.000000e+00 0.000000e+00 -1.000000e+00
    outer loop
      vertex   5.416425e+01 -2.397237e+01 -2.068995e+01
      vertex   5.209256e+01 -2.090169e+01 -2.068995e+01
      vertex   5.252740e+01 -2.049335e+01 -2.068995e+01
    endloop
  endfacet
  facet normal 0.000000e+00 0.000000e+00 -1.000000e+00
    outer loop
      vertex   5.416425e+01 -2.397237e+01 -2.068995e+01
      vertex   5.252740e+01 -2.049335e+01 -2.068995e+01
      vertex   5.477291e+01 -2.346454e+01 -2.068995e+01
    endloop
  endfacet
  facet normal 0.000000e+00 0.000000e+00 -1.000000e+00
    outer loop
      vertex   5.477291e+01 -2.346454e+01 -2.068995e+01
      vertex   5.252740e+01 -2.049335e+01 -2.068995e+01
      vertex   5.290763e+01 -2.003373e+01 -2.068995e+01
    endloop
  endfacet
  facet normal 0.000000e+00 0.000000e+00 -1.000000e+00
    outer loop
      vertex   5.477291e+01 -2.346454e+01 -2.068995e+01
      vertex   5.290763e+01 -2.003373e+01 -2.068995e+01
      vertex   5.533127e+01 -2.290188e+01 -2.068995e+01
    endloop
  endfacet
  facet normal 0.000000e+00 0.000000e+00 -1.000000e+00
    outer loop
      vertex   5.533127e+01 -2.290188e+01 -2.068995e+01
      vertex   5.290763e+01 -2.003373e+01 -2.068995e+01
      vertex   5.322726e+01 -1.953008e+01 -2.068995e+01
    endloop
  endfacet
  facet normal 0.000000e+00 0.000000e+00 -1.000000e+00
    outer loop
      vertex   5.533127e+01 -2.290188e+01 -2.068995e+01
      vertex   5.322726e+01 -1.953008e+01 -2.068995e+01
      vertex   5.583441e+01 -2.228933e+01 -2.068995e+01
    endloop
  endfacet
  facet normal 0.000000e+00 0.000000e+00 -1.000000e+00
    outer loop
      vertex   5.583441e+01 -2.228933e+01 -2.068995e+01
      vertex   5.322726e+01 -1.953008e+01 -2.068995e+01
      vertex   5.627789e+01 -2.163231e+01 -2.068995e+01
    endloop
  endfacet
  facet normal 0.000000e+00 0.000000e+00 -1.000000e+00
    outer loop
      vertex   5.627789e+01 -2.163231e+01 -2.068995e+01
      vertex   5.322726e+01 -1.953008e+01 -2.068995e+01
      vertex   5.348124e+01 -1.899034e+01 -2.068995e+01
    endloop
  endfacet
  facet normal 0.000000e+00 0.000000e+00 -1.000000e+00
    outer loop
      vertex   5.627789e+01 -2.163231e+01 -2.068995e+01
      vertex   5.348124e+01 -1.899034e+01 -2.068995e+01
      vertex   5.665781e+01 -2.093659e+01 -2.068995e+01
    endloop
  endfacet
  facet normal 0.000000e+00 0.000000e+00 -1.000000e+00
    outer loop
      vertex   5.665781e+01 -2.093659e+01 -2.068995e+01
      vertex   5.348124e+01 -1.899034e+01 -2.068995e+01
      vertex   5.366557e+01 -1.842302e+01 -2.068995e+01
    endloop
  endfacet
  facet normal 0.000000e+00 0.000000e+00 -1.000000e+00
    outer loop
      vertex   5.665781e+01 -2.093659e+01 -2.068995e+01
      vertex   5.366557e+01 -1.842302e+01 -2.068995e+01
      vertex   5.697082e+01 -2.020832e+01 -2.068995e+01
    endloop
  endfacet
  facet normal 0.000000e+00 0.000000e+00 -1.000000e+00
    outer loop
      vertex   5.697082e+01 -2.020832e+01 -2.068995e+01
      vertex   5.366557e+01 -1.842302e+01 -2.068995e+01
      vertex   5.721416e+01 -1.945391e+01 -2.068995e+01
    endloop
  endfacet
  facet normal 0.000000e+00 0.000000e+00 -1.000000e+00
    outer loop
      vertex   5.721416e+01 -1.945391e+01 -2.068995e+01
      vertex   5.366557e+01 -1.842302e+01 -2.068995e+01
      vertex   5.377734e+01 -1.783708e+01 -2.068995e+01
    endloop
  endfacet
  facet normal 0.000000e+00 0.000000e+00 -1.000000e+00
    outer loop
      vertex   5.721416e+01 -1.945391e+01 -2.068995e+01
      vertex   5.377734e+01 -1.783708e+01 -2.068995e+01
      vertex   5.738569e+01 -1.868000e+01 -2.068995e+01
    endloop
  endfacet
  facet normal 0.000000e+00 0.000000e+00 -1.000000e+00
    outer loop
      vertex   5.738569e+01 -1.868000e+01 -2.068995e+01
      vertex   5.377734e+01 -1.783708e+01 -2.068995e+01
      vertex   5.748389e+01 -1.789341e+01 -2.068995e+01
    endloop
  endfacet
  facet normal 0.000000e+00 0.000000e+00 -1.000000e+00
    outer loop
      vertex   5.748389e+01 -1.789341e+01 -2.068995e+01
      vertex   5.377734e+01 -1.783708e+01 -2.068995e+01
      vertex   5.381480e+01 -1.724175e+01 -2.068995e+01
    endloop
  endfacet
  facet normal 0.000000e+00 0.000000e+00 -1.000000e+00
    outer loop
      vertex   5.748389e+01 -1.789341e+01 -2.068995e+01
      vertex   5.381480e+01 -1.724175e+01 -2.068995e+01
      vertex   5.750790e+01 -1.710109e+01 -2.068995e+01
    endloop
  endfacet
  facet normal -0.000000e+00 0.000000e+00 -1.000000e+00
    outer loop
      vertex   5.750790e+01 -1.710109e+01 -2.068995e+01
      vertex   5.381480e+01 -1.724175e+01 -2.068995e+01
      vertex   5.745751e+01 -1.631000e+01 -2.068995e+01
    endloop
  endfacet
  facet normal 0.000000e+00 0.000000e+00 -1.000000e+00
    outer loop
      vertex   5.745751e+01 -1.631000e+01 -2.068995e+01
      vertex   5.381480e+01 -1.724175e+01 -2.068995e+01
      vertex   5.377734e+01 -1.664641e+01 -2.068995e+01
    endloop
  endfacet
  facet normal -0.000000e+00 0.000000e+00 -1.000000e+00
    outer loop
      vertex   5.745751e+01 -1.631000e+01 -2.068995e+01
      vertex   5.377734e+01 -1.664641e+01 -2.068995e+01
      vertex   5.733316e+01 -1.552712e+01 -2.068995e+01
    endloop
  endfacet
  facet normal -0.000000e+00 0.000000e+00 -1.000000e+00
    outer loop
      vertex   5.733316e+01 -1.552712e+01 -2.068995e+01
      vertex   5.377734e+01 -1.664641e+01 -2.068995e+01
      vertex   5.713595e+01 -1.475936e+01 -2.068995e+01
    endloop
  endfacet
  facet normal 0.000000e+00 0.000000e+00 -1.000000e+00
    outer loop
      vertex   5.713595e+01 -1.475936e+01 -2.068995e+01
      vertex   5.377734e+01 -1.664641e+01 -2.068995e+01
      vertex   5.366557e+01 -1.606047e+01 -2.068995e+01
    endloop
  endfacet
  facet normal -0.000000e+00 0.000000e+00 -1.000000e+00
    outer loop
      vertex   5.713595e+01 -1.475936e+01 -2.068995e+01
      vertex   5.366557e+01 -1.606047e+01 -2.068995e+01
      vertex   5.686761e+01 -1.401347e+01 -2.068995e+01
    endloop
  endfacet
  facet normal 0.000000e+00 0.000000e+00 -1.000000e+00
    outer loop
      vertex   5.686761e+01 -1.401347e+01 -2.068995e+01
      vertex   5.366557e+01 -1.606047e+01 -2.068995e+01
      vertex   5.348124e+01 -1.549316e+01 -2.068995e+01
    endloop
  endfacet
  facet normal -0.000000e+00 0.000000e+00 -1.000000e+00
    outer loop
      vertex   5.686761e+01 -1.401347e+01 -2.068995e+01
      vertex   5.348124e+01 -1.549316e+01 -2.068995e+01
      vertex   5.653052e+01 -1.329602e+01 -2.068995e+01
    endloop
  endfacet
  facet normal -0.000000e+00 0.000000e+00 -1.000000e+00
    outer loop
      vertex   5.653052e+01 -1.329602e+01 -2.068995e+01
      vertex   5.348124e+01 -1.549316e+01 -2.068995e+01
      vertex   5.612764e+01 -1.261335e+01 -2.068995e+01
    endloop
  endfacet
  facet normal 0.000000e+00 0.000000e+00 -1.000000e+00
    outer loop
      vertex   5.612764e+01 -1.261335e+01 -2.068995e+01
      vertex   5.348124e+01 -1.549316e+01 -2.068995e+01
      vertex   5.322726e+01 -1.495342e+01 -2.068995e+01
    endloop
  endfacet
  facet normal -0.000000e+00 0.000000e+00 -1.000000e+00
    outer loop
      vertex   5.612764e+01 -1.261335e+01 -2.068995e+01
      vertex   5.322726e+01 -1.495342e+01 -2.068995e+01
      vertex   5.566251e+01 -1.197146e+01 -2.068995e+01
    endloop
  endfacet
  facet normal 0.000000e+00 0.000000e+00 -1.000000e+00
    outer loop
      vertex   5.566251e+01 -1.197146e+01 -2.068995e+01
      vertex   5.322726e+01 -1.495342e+01 -2.068995e+01
      vertex   5.290763e+01 -1.444977e+01 -2.068995e+01
    endloop
  endfacet
  facet normal -0.000000e+00 0.000000e+00 -1.000000e+00
    outer loop
      vertex   5.566251e+01 -1.197146e+01 -2.068995e+01
      vertex   5.290763e+01 -1.444977e+01 -2.068995e+01
      vertex   5.513925e+01 -1.137602e+01 -2.068995e+01
    endloop
  endfacet
  facet normal 0.000000e+00 0.000000e+00 -1.000000e+00
    outer loop
      vertex   5.513925e+01 -1.137602e+01 -2.068995e+01
      vertex   5.290763e+01 -1.444977e+01 -2.068995e+01
      vertex   5.252740e+01 -1.399015e+01 -2.068995e+01
    endloop
  endfacet
  facet normal 0.000000e+00 0.000000e+00 -1.000000e+00
    outer loop
      vertex   5.513925e+01 -1.137602e+01 -2.068995e+01
      vertex   5.252740e+01 -1.399015e+01 -2.068995e+01
      vertex   5.209256e+01 -1.358181e+01 -2.068995e+01
    endloop
  endfacet
  facet normal 0.000000e+00 0.000000e+00 -1.000000e+00
    outer loop
      vertex   5.209256e+01 -1.358181e+01 -2.068995e+01
      vertex   5.160998e+01 -1.323119e+01 -2.068995e+01
      vertex   5.513925e+01 -1.137602e+01 -2.068995e+01
    endloop
  endfacet
  facet normal 0.000000e+00 0.000000e+00 -1.000000e+00
    outer loop
      vertex   5.513925e+01 -1.137602e+01 -2.068995e+01
      vertex   5.160998e+01 -1.323119e+01 -2.068995e+01
      vertex   5.108725e+01 -1.294382e+01 -2.068995e+01
    endloop
  endfacet
  facet normal 0.000000e+00 0.000000e+00 -1.000000e+00
    outer loop
      vertex   5.513925e+01 -1.137602e+01 -2.068995e+01
      vertex   5.108725e+01 -1.294382e+01 -2.068995e+01
      vertex   5.053263e+01 -1.272423e+01 -2.068995e+01
    endloop
  endfacet
  facet normal -0.000000e+00 0.000000e+00 -1.000000e+00
    outer loop
      vertex   5.513925e+01 -1.137602e+01 -2.068995e+01
      vertex   5.053263e+01 -1.272423e+01 -2.068995e+01
      vertex   4.846273e+01 -4.461923e+00 -2.068995e+01
    endloop
  endfacet
  facet normal 0.000000e+00 0.000000e+00 -1.000000e+00
    outer loop
      vertex   4.846273e+01 -4.461923e+00 -2.068995e+01
      vertex   5.053263e+01 -1.272423e+01 -2.068995e+01
      vertex   4.995486e+01 -1.257588e+01 -2.068995e+01
    endloop
  endfacet
  facet normal 0.000000e+00 0.000000e+00 -1.000000e+00
    outer loop
      vertex   4.846273e+01 -4.461923e+00 -2.068995e+01
      vertex   4.995486e+01 -1.257588e+01 -2.068995e+01
      vertex   4.936305e+01 -1.250112e+01 -2.068995e+01
    endloop
  endfacet
  facet normal 0.000000e+00 0.000000e+00 -1.000000e+00
    outer loop
      vertex   4.936305e+01 -1.250112e+01 -2.068995e+01
      vertex   4.876654e+01 -1.250112e+01 -2.068995e+01
      vertex   4.846273e+01 -4.461923e+00 -2.068995e+01
    endloop
  endfacet
  facet normal 0.000000e+00 -0.000000e+00 -1.000000e+00
    outer loop
      vertex   4.846273e+01 -4.461923e+00 -2.068995e+01
      vertex   4.876654e+01 -1.250112e+01 -2.068995e+01
      vertex   4.817474e+01 -1.257588e+01 -2.068995e+01
    endloop
  endfacet
  facet normal 0.000000e+00 0.000000e+00 -1.000000e+00
    outer loop
      vertex   4.846273e+01 -4.461923e+00 -2.068995e+01
      vertex   4.817474e+01 -1.257588e+01 -2.068995e+01
      vertex   4.759697e+01 -1.272423e+01 -2.068995e+01
    endloop
  endfacet
  facet normal -0.000000e+00 0.000000e+00 -1.000000e+00
    outer loop
      vertex   4.759697e+01 -1.272423e+01 -2.068995e+01
      vertex   4.704235e+01 -1.294382e+01 -2.068995e+01
      vertex   4.846273e+01 -4.461923e+00 -2.068995e+01
    endloop
  endfacet
  facet normal -0.000000e+00 0.000000e+00 -1.000000e+00
    outer loop
      vertex   4.846273e+01 -4.461923e+00 -2.068995e+01
      vertex   4.704235e+01 -1.294382e+01 -2.068995e+01
      vertex   4.804285e+01 -3.983939e+00 -2.068995e+01
    endloop
  endfacet
  facet normal 0.000000e+00 0.000000e+00 -1.000000e+00
    outer loop
      vertex   4.804285e+01 -3.983939e+00 -2.068995e+01
      vertex   4.704235e+01 -1.294382e+01 -2.068995e+01
      vertex   4.651962e+01 -1.323119e+01 -2.068995e+01
    endloop
  endfacet
  facet normal -0.000000e+00 0.000000e+00 -1.000000e+00
    outer loop
      vertex   4.804285e+01 -3.983939e+00 -2.068995e+01
      vertex   4.651962e+01 -1.323119e+01 -2.068995e+01
      vertex   4.766984e+01 -3.468547e+00 -2.068995e+01
    endloop
  endfacet
  facet normal 0.000000e+00 0.000000e+00 -1.000000e+00
    outer loop
      vertex   4.766984e+01 -3.468547e+00 -2.068995e+01
      vertex   4.651962e+01 -1.323119e+01 -2.068995e+01
      vertex   4.603704e+01 -1.358181e+01 -2.068995e+01
    endloop
  endfacet
  facet normal 0.000000e+00 0.000000e+00 -1.000000e+00
    outer loop
      vertex   4.766984e+01 -3.468547e+00 -2.068995e+01
      vertex   4.603704e+01 -1.358181e+01 -2.068995e+01
      vertex   3.750433e+01 -5.937905e+00 -2.068995e+01
    endloop
  endfacet
  facet normal 0.000000e+00 0.000000e+00 -1.000000e+00
    outer loop
      vertex   3.750433e+01 -5.937905e+00 -2.068995e+01
      vertex   4.603704e+01 -1.358181e+01 -2.068995e+01
      vertex   4.560220e+01 -1.399015e+01 -2.068995e+01
    endloop
  endfacet
  facet normal 0.000000e+00 0.000000e+00 -1.000000e+00
    outer loop
      vertex   3.750433e+01 -5.937905e+00 -2.068995e+01
      vertex   4.560220e+01 -1.399015e+01 -2.068995e+01
      vertex   4.522197e+01 -1.444977e+01 -2.068995e+01
    endloop
  endfacet
  facet normal -0.000000e+00 0.000000e+00 -1.000000e+00
    outer loop
      vertex   4.522197e+01 -1.444977e+01 -2.068995e+01
      vertex   4.490234e+01 -1.495342e+01 -2.068995e+01
      vertex   3.750433e+01 -5.937905e+00 -2.068995e+01
    endloop
  endfacet
  facet normal 0.000000e+00 0.000000e+00 -1.000000e+00
    outer loop
      vertex   3.750433e+01 -5.937905e+00 -2.068995e+01
      vertex   4.490234e+01 -1.495342e+01 -2.068995e+01
      vertex   4.464836e+01 -1.549316e+01 -2.068995e+01
    endloop
  endfacet
  facet normal 0.000000e+00 0.000000e+00 -1.000000e+00
    outer loop
      vertex   3.750433e+01 -5.937905e+00 -2.068995e+01
      vertex   4.464836e+01 -1.549316e+01 -2.068995e+01
      vertex   4.087705e+01 -1.930729e+01 -2.068995e+01
    endloop
  endfacet
  facet normal 0.000000e+00 0.000000e+00 -1.000000e+00
    outer loop
      vertex   4.087705e+01 -1.930729e+01 -2.068995e+01
      vertex   4.464836e+01 -1.549316e+01 -2.068995e+01
      vertex   4.446403e+01 -1.606047e+01 -2.068995e+01
    endloop
  endfacet
  facet normal 0.000000e+00 0.000000e+00 -1.000000e+00
    outer loop
      vertex   4.087705e+01 -1.930729e+01 -2.068995e+01
      vertex   4.446403e+01 -1.606047e+01 -2.068995e+01
      vertex   4.435225e+01 -1.664641e+01 -2.068995e+01
    endloop
  endfacet
  facet normal 0.000000e+00 0.000000e+00 -1.000000e+00
    outer loop
      vertex   3.750433e+01 -5.000000e-01 -2.068995e+01
      vertex   4.670589e+01 -1.128582e+00 -2.068995e+01
      vertex   3.750433e+01 -5.937905e+00 -2.068995e+01
    endloop
  endfacet
  facet normal 0.000000e+00 0.000000e+00 -1.000000e+00
    outer loop
      vertex   3.750433e+01 -5.937905e+00 -2.068995e+01
      vertex   4.670589e+01 -1.128582e+00 -2.068995e+01
      vertex   4.686288e+01 -1.745123e+00 -2.068995e+01
    endloop
  endfacet
  facet normal 0.000000e+00 0.000000e+00 -1.000000e+00
    outer loop
      vertex   3.750433e+01 -5.937905e+00 -2.068995e+01
      vertex   4.686288e+01 -1.745123e+00 -2.068995e+01
      vertex   4.707722e+01 -2.344145e+00 -2.068995e+01
    endloop
  endfacet
  facet normal 0.000000e+00 0.000000e+00 -1.000000e+00
    outer loop
      vertex   3.750433e+01 -5.000000e-01 -2.068995e+01
      vertex   4.660765e+01 -5.000000e-01 -2.068995e+01
      vertex   4.670589e+01 -1.128582e+00 -2.068995e+01
    endloop
  endfacet
  facet normal 0.000000e+00 -0.000000e+00 -1.000000e+00
    outer loop
      vertex   4.707722e+01 -2.344145e+00 -2.068995e+01
      vertex   4.734700e+01 -2.920326e+00 -2.068995e+01
      vertex   3.750433e+01 -5.937905e+00 -2.068995e+01
    endloop
  endfacet
  facet normal 0.000000e+00 0.000000e+00 -1.000000e+00
    outer loop
      vertex   3.750433e+01 -5.937905e+00 -2.068995e+01
      vertex   4.734700e+01 -2.920326e+00 -2.068995e+01
      vertex   4.766984e+01 -3.468547e+00 -2.068995e+01
    endloop
  endfacet
  facet normal 7.046282e-01 4.716931e-02 -7.080072e-01
    outer loop
      vertex   4.485272e+01 -1.780822e+01 -2.018995e+01
      vertex   4.435225e+01 -1.783708e+01 -2.068995e+01
      vertex   4.481480e+01 -1.724175e+01 -2.018995e+01
    endloop
  endfacet
  facet normal 7.064081e-01 4.444343e-02 -7.064081e-01
    outer loop
      vertex   4.481480e+01 -1.724175e+01 -2.018995e+01
      vertex   4.435225e+01 -1.783708e+01 -2.068995e+01
      vertex   4.431480e+01 -1.724175e+01 -2.068995e+01
    endloop
  endfacet
  facet normal 7.064081e-01 -4.444343e-02 -7.064081e-01
    outer loop
      vertex   4.481480e+01 -1.724175e+01 -2.018995e+01
      vertex   4.431480e+01 -1.724175e+01 -2.068995e+01
      vertex   4.435225e+01 -1.664641e+01 -2.068995e+01
    endloop
  endfacet
  facet normal 6.966623e-01 1.328954e-01 -7.049825e-01
    outer loop
      vertex   4.435225e+01 -1.783708e+01 -2.068995e+01
      vertex   4.485272e+01 -1.780822e+01 -2.018995e+01
      vertex   4.446403e+01 -1.842302e+01 -2.068995e+01
    endloop
  endfacet
  facet normal 6.906111e-01 1.403729e-01 -7.094728e-01
    outer loop
      vertex   4.446403e+01 -1.842302e+01 -2.068995e+01
      vertex   4.485272e+01 -1.780822e+01 -2.018995e+01
      vertex   4.496581e+01 -1.836458e+01 -2.018995e+01
    endloop
  endfacet
  facet normal 6.756813e-01 2.195422e-01 -7.037443e-01
    outer loop
      vertex   4.446403e+01 -1.842302e+01 -2.068995e+01
      vertex   4.496581e+01 -1.836458e+01 -2.018995e+01
      vertex   4.464836e+01 -1.899034e+01 -2.068995e+01
    endloop
  endfacet
  facet normal 6.645540e-01 2.307583e-01 -7.107169e-01
    outer loop
      vertex   4.464836e+01 -1.899034e+01 -2.068995e+01
      vertex   4.496581e+01 -1.836458e+01 -2.018995e+01
      vertex   4.515204e+01 -1.890090e+01 -2.018995e+01
    endloop
  endfacet
  facet normal 6.437752e-01 3.029376e-01 -7.026964e-01
    outer loop
      vertex   4.464836e+01 -1.899034e+01 -2.068995e+01
      vertex   4.515204e+01 -1.890090e+01 -2.018995e+01
      vertex   4.490234e+01 -1.953008e+01 -2.068995e+01
    endloop
  endfacet
  facet normal 6.269410e-01 3.168076e-01 -7.117429e-01
    outer loop
      vertex   4.490234e+01 -1.953008e+01 -2.068995e+01
      vertex   4.515204e+01 -1.890090e+01 -2.018995e+01
      vertex   4.540809e+01 -1.940762e+01 -2.018995e+01
    endloop
  endfacet
  facet normal 6.014427e-01 3.816872e-01 -7.018416e-01
    outer loop
      vertex   4.490234e+01 -1.953008e+01 -2.068995e+01
      vertex   4.540809e+01 -1.940762e+01 -2.018995e+01
      vertex   4.522197e+01 -2.003373e+01 -2.068995e+01
    endloop
  endfacet
  facet normal 5.784429e-01 3.970786e-01 -7.125534e-01
    outer loop
      vertex   4.522197e+01 -2.003373e+01 -2.068995e+01
      vertex   4.540809e+01 -1.940762e+01 -2.018995e+01
      vertex   4.572940e+01 -1.987568e+01 -2.018995e+01
    endloop
  endfacet
  facet normal 5.493624e-01 4.544721e-01 -7.011818e-01
    outer loop
      vertex   4.522197e+01 -2.003373e+01 -2.068995e+01
      vertex   4.572940e+01 -1.987568e+01 -2.018995e+01
      vertex   4.560220e+01 -2.049335e+01 -2.068995e+01
    endloop
  endfacet
  facet normal 5.199061e-01 4.702273e-01 -7.131507e-01
    outer loop
      vertex   4.560220e+01 -2.049335e+01 -2.068995e+01
      vertex   4.572940e+01 -1.987568e+01 -2.018995e+01
      vertex   4.611023e+01 -2.029675e+01 -2.018995e+01
    endloop
  endfacet
  facet normal 4.883815e-01 5.200735e-01 -7.007189e-01
    outer loop
      vertex   4.560220e+01 -2.049335e+01 -2.068995e+01
      vertex   4.611023e+01 -2.029675e+01 -2.018995e+01
      vertex   4.603704e+01 -2.090169e+01 -2.068995e+01
    endloop
  endfacet
  facet normal 4.523386e-01 5.350286e-01 -7.135364e-01
    outer loop
      vertex   4.603704e+01 -2.090169e+01 -2.068995e+01
      vertex   4.611023e+01 -2.029675e+01 -2.018995e+01
      vertex   4.654379e+01 -2.066330e+01 -2.018995e+01
    endloop
  endfacet
  facet normal 4.195009e-01 5.773934e-01 -7.004540e-01
    outer loop
      vertex   4.603704e+01 -2.090169e+01 -2.068995e+01
      vertex   4.654379e+01 -2.066330e+01 -2.018995e+01
      vertex   4.651962e+01 -2.125231e+01 -2.068995e+01
    endloop
  endfacet
  facet normal 3.768943e-01 5.903953e-01 -7.137115e-01
    outer loop
      vertex   4.651962e+01 -2.125231e+01 -2.068995e+01
      vertex   4.654379e+01 -2.066330e+01 -2.018995e+01
      vertex   4.702233e+01 -2.096878e+01 -2.018995e+01
    endloop
  endfacet
  facet normal 3.438577e-01 6.254749e-01 -7.003877e-01
    outer loop
      vertex   4.651962e+01 -2.125231e+01 -2.068995e+01
      vertex   4.702233e+01 -2.096878e+01 -2.018995e+01
      vertex   4.704235e+01 -2.153968e+01 -2.068995e+01
    endloop
  endfacet
  facet normal 2.948545e-01 6.353950e-01 -7.136765e-01
    outer loop
      vertex   4.704235e+01 -2.153968e+01 -2.068995e+01
      vertex   4.702233e+01 -2.096878e+01 -2.018995e+01
      vertex   4.753732e+01 -2.120777e+01 -2.018995e+01
    endloop
  endfacet
  facet normal 2.627056e-01 6.635187e-01 -7.005203e-01
    outer loop
      vertex   4.704235e+01 -2.153968e+01 -2.068995e+01
      vertex   4.753732e+01 -2.120777e+01 -2.018995e+01
      vertex   4.759697e+01 -2.175927e+01 -2.068995e+01
    endloop
  endfacet
  facet normal 2.076078e-01 6.692644e-01 -7.134312e-01
    outer loop
      vertex   4.759697e+01 -2.175927e+01 -2.068995e+01
      vertex   4.753732e+01 -2.120777e+01 -2.018995e+01
      vertex   4.807956e+01 -2.137597e+01 -2.018995e+01
    endloop
  endfacet
  facet normal 1.773923e-01 6.908975e-01 -7.008513e-01
    outer loop
      vertex   4.759697e+01 -2.175927e+01 -2.068995e+01
      vertex   4.807956e+01 -2.137597e+01 -2.018995e+01
      vertex   4.817474e+01 -2.190761e+01 -2.068995e+01
    endloop
  endfacet
  facet normal 1.166284e-01 6.914219e-01 -7.129752e-01
    outer loop
      vertex   4.817474e+01 -2.190761e+01 -2.068995e+01
      vertex   4.807956e+01 -2.137597e+01 -2.018995e+01
      vertex   4.863939e+01 -2.147040e+01 -2.018995e+01
    endloop
  endfacet
  facet normal 8.933597e-02 7.071671e-01 -7.013800e-01
    outer loop
      vertex   4.817474e+01 -2.190761e+01 -2.068995e+01
      vertex   4.863939e+01 -2.147040e+01 -2.018995e+01
      vertex   4.876654e+01 -2.198237e+01 -2.068995e+01
    endloop
  endfacet
  facet normal 2.345290e-02 7.014761e-01 -7.123070e-01
    outer loop
      vertex   4.876654e+01 -2.198237e+01 -2.068995e+01
      vertex   4.863939e+01 -2.147040e+01 -2.018995e+01
      vertex   4.920681e+01 -2.148937e+01 -2.018995e+01
    endloop
  endfacet
  facet normal 0.000000e+00 7.120735e-01 -7.021049e-01
    outer loop
      vertex   4.876654e+01 -2.198237e+01 -2.068995e+01
      vertex   4.920681e+01 -2.148937e+01 -2.018995e+01
      vertex   4.936305e+01 -2.198237e+01 -2.068995e+01
    endloop
  endfacet
  facet normal -7.034346e-02 6.992327e-01 -7.114250e-01
    outer loop
      vertex   4.936305e+01 -2.198237e+01 -2.068995e+01
      vertex   4.920681e+01 -2.148937e+01 -2.018995e+01
      vertex   4.977170e+01 -2.143255e+01 -2.018995e+01
    endloop
  endfacet
  facet normal -8.913270e-02 7.055580e-01 -7.030244e-01
    outer loop
      vertex   4.936305e+01 -2.198237e+01 -2.068995e+01
      vertex   4.977170e+01 -2.143255e+01 -2.018995e+01
      vertex   4.995486e+01 -2.190761e+01 -2.068995e+01
    endloop
  endfacet
  facet normal -1.631718e-01 6.846978e-01 -7.103266e-01
    outer loop
      vertex   4.995486e+01 -2.190761e+01 -2.068995e+01
      vertex   4.977170e+01 -2.143255e+01 -2.018995e+01
      vertex   5.032397e+01 -2.130093e+01 -2.018995e+01
    endloop
  endfacet
  facet normal -1.765860e-01 6.877571e-01 -7.041360e-01
    outer loop
      vertex   4.995486e+01 -2.190761e+01 -2.068995e+01
      vertex   5.032397e+01 -2.130093e+01 -2.018995e+01
      vertex   5.053263e+01 -2.175927e+01 -2.068995e+01
    endloop
  endfacet
  facet normal -2.534541e-01 6.580784e-01 -7.090091e-01
    outer loop
      vertex   5.053263e+01 -2.175927e+01 -2.068995e+01
      vertex   5.032397e+01 -2.130093e+01 -2.018995e+01
      vertex   5.085377e+01 -2.109688e+01 -2.018995e+01
    endloop
  endfacet
  facet normal -2.609166e-01 6.590000e-01 -7.054371e-01
    outer loop
      vertex   5.053263e+01 -2.175927e+01 -2.068995e+01
      vertex   5.085377e+01 -2.109688e+01 -2.018995e+01
      vertex   5.108725e+01 -2.153968e+01 -2.068995e+01
    endloop
  endfacet
  facet normal -3.396486e-01 6.197797e-01 -7.074687e-01
    outer loop
      vertex   5.108725e+01 -2.153968e+01 -2.068995e+01
      vertex   5.085377e+01 -2.109688e+01 -2.018995e+01
      vertex   5.135165e+01 -2.082404e+01 -2.018995e+01
    endloop
  endfacet
  facet normal -3.407392e-01 6.198023e-01 -7.069243e-01
    outer loop
      vertex   5.108725e+01 -2.153968e+01 -2.068995e+01
      vertex   5.135165e+01 -2.082404e+01 -2.018995e+01
      vertex   5.160998e+01 -2.125231e+01 -2.068995e+01
    endloop
  endfacet
  facet normal -4.163278e-01 5.730261e-01 -7.059123e-01
    outer loop
      vertex   5.160998e+01 -2.125231e+01 -2.068995e+01
      vertex   5.135165e+01 -2.082404e+01 -2.018995e+01
      vertex   5.209256e+01 -2.090169e+01 -2.068995e+01
    endloop
  endfacet
  facet normal -4.186011e-01 5.681300e-01 -7.085206e-01
    outer loop
      vertex   5.209256e+01 -2.090169e+01 -2.068995e+01
      vertex   5.135165e+01 -2.082404e+01 -2.018995e+01
      vertex   5.180872e+01 -2.048727e+01 -2.018995e+01
    endloop
  endfacet
  facet normal -4.857926e-01 5.173166e-01 -7.045488e-01
    outer loop
      vertex   5.209256e+01 -2.090169e+01 -2.068995e+01
      vertex   5.180872e+01 -2.048727e+01 -2.018995e+01
      vertex   5.252740e+01 -2.049335e+01 -2.068995e+01
    endloop
  endfacet
  facet normal -4.896174e-01 5.062606e-01 -7.099120e-01
    outer loop
      vertex   5.252740e+01 -2.049335e+01 -2.068995e+01
      vertex   5.180872e+01 -2.048727e+01 -2.018995e+01
      vertex   5.221682e+01 -2.009258e+01 -2.018995e+01
    endloop
  endfacet
  facet normal -5.476964e-01 4.530939e-01 -7.033737e-01
    outer loop
      vertex   5.252740e+01 -2.049335e+01 -2.068995e+01
      vertex   5.221682e+01 -2.009258e+01 -2.018995e+01
      vertex   5.290763e+01 -2.003373e+01 -2.068995e+01
    endloop
  endfacet
  facet normal -5.517988e-01 4.357511e-01 -7.110830e-01
    outer loop
      vertex   5.290763e+01 -2.003373e+01 -2.068995e+01
      vertex   5.221682e+01 -2.009258e+01 -2.018995e+01
      vertex   5.256868e+01 -1.964702e+01 -2.018995e+01
    endloop
  endfacet
  facet normal -6.009862e-01 3.813974e-01 -7.023899e-01
    outer loop
      vertex   5.290763e+01 -2.003373e+01 -2.068995e+01
      vertex   5.256868e+01 -1.964702e+01 -2.018995e+01
      vertex   5.322726e+01 -1.953008e+01 -2.068995e+01
    endloop
  endfacet
  facet normal -6.041242e-01 3.578233e-01 -7.120369e-01
    outer loop
      vertex   5.322726e+01 -1.953008e+01 -2.068995e+01
      vertex   5.256868e+01 -1.964702e+01 -2.018995e+01
      vertex   5.285800e+01 -1.915854e+01 -2.018995e+01
    endloop
  endfacet
  facet normal -6.447536e-01 3.033980e-01 -7.015999e-01
    outer loop
      vertex   5.322726e+01 -1.953008e+01 -2.068995e+01
      vertex   5.285800e+01 -1.915854e+01 -2.018995e+01
      vertex   5.348124e+01 -1.899034e+01 -2.068995e+01
    endloop
  endfacet
  facet normal -6.457361e-01 2.738158e-01 -7.127761e-01
    outer loop
      vertex   5.348124e+01 -1.899034e+01 -2.068995e+01
      vertex   5.285800e+01 -1.915854e+01 -2.018995e+01
      vertex   5.307964e+01 -1.863585e+01 -2.018995e+01
    endloop
  endfacet
  facet normal -6.782514e-01 2.203772e-01 -7.010056e-01
    outer loop
      vertex   5.348124e+01 -1.899034e+01 -2.068995e+01
      vertex   5.307964e+01 -1.863585e+01 -2.018995e+01
      vertex   5.366557e+01 -1.842302e+01 -2.068995e+01
    endloop
  endfacet
  facet normal -6.759541e-01 1.851630e-01 -7.133027e-01
    outer loop
      vertex   5.366557e+01 -1.842302e+01 -2.068995e+01
      vertex   5.307964e+01 -1.863585e+01 -2.018995e+01
      vertex   5.322964e+01 -1.808829e+01 -2.018995e+01
    endloop
  endfacet
  facet normal -7.009069e-01 1.337051e-01 -7.006086e-01
    outer loop
      vertex   5.366557e+01 -1.842302e+01 -2.068995e+01
      vertex   5.322964e+01 -1.808829e+01 -2.018995e+01
      vertex   5.377734e+01 -1.783708e+01 -2.068995e+01
    endloop
  endfacet
  facet normal -6.942844e-01 9.337217e-02 -7.136181e-01
    outer loop
      vertex   5.377734e+01 -1.783708e+01 -2.068995e+01
      vertex   5.322964e+01 -1.808829e+01 -2.018995e+01
      vertex   5.330531e+01 -1.752562e+01 -2.018995e+01
    endloop
  endfacet
  facet normal -7.123325e-01 4.481616e-02 -7.004098e-01
    outer loop
      vertex   5.377734e+01 -1.783708e+01 -2.068995e+01
      vertex   5.330531e+01 -1.752562e+01 -2.018995e+01
      vertex   5.381480e+01 -1.724175e+01 -2.068995e+01
    endloop
  endfacet
  facet normal -7.004279e-01 0.000000e+00 -7.137231e-01
    outer loop
      vertex   5.381480e+01 -1.724175e+01 -2.068995e+01
      vertex   5.330531e+01 -1.752562e+01 -2.018995e+01
      vertex   5.330531e+01 -1.695788e+01 -2.018995e+01
    endloop
  endfacet
  facet normal -7.123325e-01 -4.481616e-02 -7.004098e-01
    outer loop
      vertex   5.381480e+01 -1.724175e+01 -2.068995e+01
      vertex   5.330531e+01 -1.695788e+01 -2.018995e+01
      vertex   5.377734e+01 -1.664641e+01 -2.068995e+01
    endloop
  endfacet
  facet normal -6.942844e-01 -9.337217e-02 -7.136181e-01
    outer loop
      vertex   5.377734e+01 -1.664641e+01 -2.068995e+01
      vertex   5.330531e+01 -1.695788e+01 -2.018995e+01
      vertex   5.322964e+01 -1.639521e+01 -2.018995e+01
    endloop
  endfacet
  facet normal -7.009069e-01 -1.337051e-01 -7.006086e-01
    outer loop
      vertex   5.377734e+01 -1.664641e+01 -2.068995e+01
      vertex   5.322964e+01 -1.639521e+01 -2.018995e+01
      vertex   5.366557e+01 -1.606047e+01 -2.068995e+01
    endloop
  endfacet
  facet normal -6.759541e-01 -1.851630e-01 -7.133027e-01
    outer loop
      vertex   5.366557e+01 -1.606047e+01 -2.068995e+01
      vertex   5.322964e+01 -1.639521e+01 -2.018995e+01
      vertex   5.307964e+01 -1.584764e+01 -2.018995e+01
    endloop
  endfacet
  facet normal -6.782514e-01 -2.203772e-01 -7.010056e-01
    outer loop
      vertex   5.366557e+01 -1.606047e+01 -2.068995e+01
      vertex   5.307964e+01 -1.584764e+01 -2.018995e+01
      vertex   5.348124e+01 -1.549316e+01 -2.068995e+01
    endloop
  endfacet
  facet normal -6.457361e-01 -2.738158e-01 -7.127761e-01
    outer loop
      vertex   5.348124e+01 -1.549316e+01 -2.068995e+01
      vertex   5.307964e+01 -1.584764e+01 -2.018995e+01
      vertex   5.285800e+01 -1.532495e+01 -2.018995e+01
    endloop
  endfacet
  facet normal -6.447536e-01 -3.033980e-01 -7.015999e-01
    outer loop
      vertex   5.348124e+01 -1.549316e+01 -2.068995e+01
      vertex   5.285800e+01 -1.532495e+01 -2.018995e+01
      vertex   5.322726e+01 -1.495342e+01 -2.068995e+01
    endloop
  endfacet
  facet normal -6.041242e-01 -3.578233e-01 -7.120369e-01
    outer loop
      vertex   5.322726e+01 -1.495342e+01 -2.068995e+01
      vertex   5.285800e+01 -1.532495e+01 -2.018995e+01
      vertex   5.256868e+01 -1.483647e+01 -2.018995e+01
    endloop
  endfacet
  facet normal -6.009862e-01 -3.813974e-01 -7.023899e-01
    outer loop
      vertex   5.322726e+01 -1.495342e+01 -2.068995e+01
      vertex   5.256868e+01 -1.483647e+01 -2.018995e+01
      vertex   5.290763e+01 -1.444977e+01 -2.068995e+01
    endloop
  endfacet
  facet normal -5.517988e-01 -4.357511e-01 -7.110830e-01
    outer loop
      vertex   5.290763e+01 -1.444977e+01 -2.068995e+01
      vertex   5.256868e+01 -1.483647e+01 -2.018995e+01
      vertex   5.221682e+01 -1.439091e+01 -2.018995e+01
    endloop
  endfacet
  facet normal -5.476964e-01 -4.530939e-01 -7.033737e-01
    outer loop
      vertex   5.290763e+01 -1.444977e+01 -2.068995e+01
      vertex   5.221682e+01 -1.439091e+01 -2.018995e+01
      vertex   5.252740e+01 -1.399015e+01 -2.068995e+01
    endloop
  endfacet
  facet normal -4.896174e-01 -5.062606e-01 -7.099120e-01
    outer loop
      vertex   5.252740e+01 -1.399015e+01 -2.068995e+01
      vertex   5.221682e+01 -1.439091e+01 -2.018995e+01
      vertex   5.180872e+01 -1.399623e+01 -2.018995e+01
    endloop
  endfacet
  facet normal -4.857926e-01 -5.173166e-01 -7.045488e-01
    outer loop
      vertex   5.252740e+01 -1.399015e+01 -2.068995e+01
      vertex   5.180872e+01 -1.399623e+01 -2.018995e+01
      vertex   5.209256e+01 -1.358181e+01 -2.068995e+01
    endloop
  endfacet
  facet normal -4.186011e-01 -5.681300e-01 -7.085206e-01
    outer loop
      vertex   5.209256e+01 -1.358181e+01 -2.068995e+01
      vertex   5.180872e+01 -1.399623e+01 -2.018995e+01
      vertex   5.135165e+01 -1.365946e+01 -2.018995e+01
    endloop
  endfacet
  facet normal -4.163278e-01 -5.730261e-01 -7.059123e-01
    outer loop
      vertex   5.209256e+01 -1.358181e+01 -2.068995e+01
      vertex   5.135165e+01 -1.365946e+01 -2.018995e+01
      vertex   5.160998e+01 -1.323119e+01 -2.068995e+01
    endloop
  endfacet
  facet normal -3.407392e-01 -6.198023e-01 -7.069243e-01
    outer loop
      vertex   5.160998e+01 -1.323119e+01 -2.068995e+01
      vertex   5.135165e+01 -1.365946e+01 -2.018995e+01
      vertex   5.108725e+01 -1.294382e+01 -2.068995e+01
    endloop
  endfacet
  facet normal -3.396486e-01 -6.197797e-01 -7.074687e-01
    outer loop
      vertex   5.108725e+01 -1.294382e+01 -2.068995e+01
      vertex   5.135165e+01 -1.365946e+01 -2.018995e+01
      vertex   5.085377e+01 -1.338661e+01 -2.018995e+01
    endloop
  endfacet
  facet normal -2.609166e-01 -6.590000e-01 -7.054371e-01
    outer loop
      vertex   5.108725e+01 -1.294382e+01 -2.068995e+01
      vertex   5.085377e+01 -1.338661e+01 -2.018995e+01
      vertex   5.053263e+01 -1.272423e+01 -2.068995e+01
    endloop
  endfacet
  facet normal -2.534541e-01 -6.580784e-01 -7.090091e-01
    outer loop
      vertex   5.053263e+01 -1.272423e+01 -2.068995e+01
      vertex   5.085377e+01 -1.338661e+01 -2.018995e+01
      vertex   5.032397e+01 -1.318256e+01 -2.018995e+01
    endloop
  endfacet
  facet normal -1.765860e-01 -6.877571e-01 -7.041360e-01
    outer loop
      vertex   5.053263e+01 -1.272423e+01 -2.068995e+01
      vertex   5.032397e+01 -1.318256e+01 -2.018995e+01
      vertex   4.995486e+01 -1.257588e+01 -2.068995e+01
    endloop
  endfacet
  facet normal -1.631718e-01 -6.846978e-01 -7.103266e-01
    outer loop
      vertex   4.995486e+01 -1.257588e+01 -2.068995e+01
      vertex   5.032397e+01 -1.318256e+01 -2.018995e+01
      vertex   4.977170e+01 -1.305095e+01 -2.018995e+01
    endloop
  endfacet
  facet normal -8.913270e-02 -7.055580e-01 -7.030244e-01
    outer loop
      vertex   4.995486e+01 -1.257588e+01 -2.068995e+01
      vertex   4.977170e+01 -1.305095e+01 -2.018995e+01
      vertex   4.936305e+01 -1.250112e+01 -2.068995e+01
    endloop
  endfacet
  facet normal -7.034346e-02 -6.992327e-01 -7.114250e-01
    outer loop
      vertex   4.936305e+01 -1.250112e+01 -2.068995e+01
      vertex   4.977170e+01 -1.305095e+01 -2.018995e+01
      vertex   4.920681e+01 -1.299412e+01 -2.018995e+01
    endloop
  endfacet
  facet normal -0.000000e+00 -7.120735e-01 -7.021049e-01
    outer loop
      vertex   4.936305e+01 -1.250112e+01 -2.068995e+01
      vertex   4.920681e+01 -1.299412e+01 -2.018995e+01
      vertex   4.876654e+01 -1.250112e+01 -2.068995e+01
    endloop
  endfacet
  facet normal 2.345290e-02 -7.014761e-01 -7.123070e-01
    outer loop
      vertex   4.876654e+01 -1.250112e+01 -2.068995e+01
      vertex   4.920681e+01 -1.299412e+01 -2.018995e+01
      vertex   4.863939e+01 -1.301309e+01 -2.018995e+01
    endloop
  endfacet
  facet normal 8.933597e-02 -7.071671e-01 -7.013800e-01
    outer loop
      vertex   4.876654e+01 -1.250112e+01 -2.068995e+01
      vertex   4.863939e+01 -1.301309e+01 -2.018995e+01
      vertex   4.817474e+01 -1.257588e+01 -2.068995e+01
    endloop
  endfacet
  facet normal 1.166284e-01 -6.914219e-01 -7.129752e-01
    outer loop
      vertex   4.817474e+01 -1.257588e+01 -2.068995e+01
      vertex   4.863939e+01 -1.301309e+01 -2.018995e+01
      vertex   4.807956e+01 -1.310752e+01 -2.018995e+01
    endloop
  endfacet
  facet normal 1.773923e-01 -6.908975e-01 -7.008513e-01
    outer loop
      vertex   4.817474e+01 -1.257588e+01 -2.068995e+01
      vertex   4.807956e+01 -1.310752e+01 -2.018995e+01
      vertex   4.759697e+01 -1.272423e+01 -2.068995e+01
    endloop
  endfacet
  facet normal 2.076078e-01 -6.692644e-01 -7.134312e-01
    outer loop
      vertex   4.759697e+01 -1.272423e+01 -2.068995e+01
      vertex   4.807956e+01 -1.310752e+01 -2.018995e+01
      vertex   4.753732e+01 -1.327573e+01 -2.018995e+01
    endloop
  endfacet
  facet normal 2.627056e-01 -6.635187e-01 -7.005203e-01
    outer loop
      vertex   4.759697e+01 -1.272423e+01 -2.068995e+01
      vertex   4.753732e+01 -1.327573e+01 -2.018995e+01
      vertex   4.704235e+01 -1.294382e+01 -2.068995e+01
    endloop
  endfacet
  facet normal 2.948545e-01 -6.353950e-01 -7.136765e-01
    outer loop
      vertex   4.704235e+01 -1.294382e+01 -2.068995e+01
      vertex   4.753732e+01 -1.327573e+01 -2.018995e+01
      vertex   4.702233e+01 -1.351471e+01 -2.018995e+01
    endloop
  endfacet
  facet normal 3.438577e-01 -6.254749e-01 -7.003877e-01
    outer loop
      vertex   4.704235e+01 -1.294382e+01 -2.068995e+01
      vertex   4.702233e+01 -1.351471e+01 -2.018995e+01
      vertex   4.651962e+01 -1.323119e+01 -2.068995e+01
    endloop
  endfacet
  facet normal 3.768943e-01 -5.903953e-01 -7.137115e-01
    outer loop
      vertex   4.651962e+01 -1.323119e+01 -2.068995e+01
      vertex   4.702233e+01 -1.351471e+01 -2.018995e+01
      vertex   4.654379e+01 -1.382020e+01 -2.018995e+01
    endloop
  endfacet
  facet normal 4.195009e-01 -5.773934e-01 -7.004540e-01
    outer loop
      vertex   4.651962e+01 -1.323119e+01 -2.068995e+01
      vertex   4.654379e+01 -1.382020e+01 -2.018995e+01
      vertex   4.603704e+01 -1.358181e+01 -2.068995e+01
    endloop
  endfacet
  facet normal 4.523386e-01 -5.350286e-01 -7.135364e-01
    outer loop
      vertex   4.603704e+01 -1.358181e+01 -2.068995e+01
      vertex   4.654379e+01 -1.382020e+01 -2.018995e+01
      vertex   4.611023e+01 -1.418675e+01 -2.018995e+01
    endloop
  endfacet
  facet normal 4.883815e-01 -5.200735e-01 -7.007189e-01
    outer loop
      vertex   4.603704e+01 -1.358181e+01 -2.068995e+01
      vertex   4.611023e+01 -1.418675e+01 -2.018995e+01
      vertex   4.560220e+01 -1.399015e+01 -2.068995e+01
    endloop
  endfacet
  facet normal 5.199061e-01 -4.702273e-01 -7.131507e-01
    outer loop
      vertex   4.560220e+01 -1.399015e+01 -2.068995e+01
      vertex   4.611023e+01 -1.418675e+01 -2.018995e+01
      vertex   4.572940e+01 -1.460781e+01 -2.018995e+01
    endloop
  endfacet
  facet normal 5.493624e-01 -4.544721e-01 -7.011818e-01
    outer loop
      vertex   4.560220e+01 -1.399015e+01 -2.068995e+01
      vertex   4.572940e+01 -1.460781e+01 -2.018995e+01
      vertex   4.522197e+01 -1.444977e+01 -2.068995e+01
    endloop
  endfacet
  facet normal 5.784429e-01 -3.970786e-01 -7.125534e-01
    outer loop
      vertex   4.522197e+01 -1.444977e+01 -2.068995e+01
      vertex   4.572940e+01 -1.460781e+01 -2.018995e+01
      vertex   4.540809e+01 -1.507588e+01 -2.018995e+01
    endloop
  endfacet
  facet normal 6.014427e-01 -3.816872e-01 -7.018416e-01
    outer loop
      vertex   4.522197e+01 -1.444977e+01 -2.068995e+01
      vertex   4.540809e+01 -1.507588e+01 -2.018995e+01
      vertex   4.490234e+01 -1.495342e+01 -2.068995e+01
    endloop
  endfacet
  facet normal 6.269410e-01 -3.168076e-01 -7.117429e-01
    outer loop
      vertex   4.490234e+01 -1.495342e+01 -2.068995e+01
      vertex   4.540809e+01 -1.507588e+01 -2.018995e+01
      vertex   4.515204e+01 -1.558259e+01 -2.018995e+01
    endloop
  endfacet
  facet normal 6.437752e-01 -3.029376e-01 -7.026964e-01
    outer loop
      vertex   4.490234e+01 -1.495342e+01 -2.068995e+01
      vertex   4.515204e+01 -1.558259e+01 -2.018995e+01
      vertex   4.464836e+01 -1.549316e+01 -2.068995e+01
    endloop
  endfacet
  facet normal 6.645540e-01 -2.307583e-01 -7.107169e-01
    outer loop
      vertex   4.464836e+01 -1.549316e+01 -2.068995e+01
      vertex   4.515204e+01 -1.558259e+01 -2.018995e+01
      vertex   4.496581e+01 -1.611892e+01 -2.018995e+01
    endloop
  endfacet
  facet normal 6.756813e-01 -2.195422e-01 -7.037443e-01
    outer loop
      vertex   4.464836e+01 -1.549316e+01 -2.068995e+01
      vertex   4.496581e+01 -1.611892e+01 -2.018995e+01
      vertex   4.446403e+01 -1.606047e+01 -2.068995e+01
    endloop
  endfacet
  facet normal 6.906111e-01 -1.403729e-01 -7.094728e-01
    outer loop
      vertex   4.446403e+01 -1.606047e+01 -2.068995e+01
      vertex   4.496581e+01 -1.611892e+01 -2.018995e+01
      vertex   4.485272e+01 -1.667528e+01 -2.018995e+01
    endloop
  endfacet
  facet normal 6.966623e-01 -1.328954e-01 -7.049825e-01
    outer loop
      vertex   4.446403e+01 -1.606047e+01 -2.068995e+01
      vertex   4.485272e+01 -1.667528e+01 -2.018995e+01
      vertex   4.435225e+01 -1.664641e+01 -2.068995e+01
    endloop
  endfacet
  facet normal 7.046282e-01 -4.716931e-02 -7.080072e-01
    outer loop
      vertex   4.435225e+01 -1.664641e+01 -2.068995e+01
      vertex   4.485272e+01 -1.667528e+01 -2.018995e+01
      vertex   4.481480e+01 -1.724175e+01 -2.018995e+01
    endloop
  endfacet
  facet normal 9.977669e-01 6.679263e-02 0.000000e+00
    outer loop
      vertex   4.485272e+01 -1.780822e+01 -1.468995e+01
      vertex   4.485272e+01 -1.780822e+01 -2.018995e+01
      vertex   4.481480e+01 -1.724175e+01 -1.468995e+01
    endloop
  endfacet
  facet normal 9.977669e-01 6.679263e-02 0.000000e+00
    outer loop
      vertex   4.481480e+01 -1.724175e+01 -1.468995e+01
      vertex   4.485272e+01 -1.780822e+01 -2.018995e+01
      vertex   4.481480e+01 -1.724175e+01 -2.018995e+01
    endloop
  endfacet
  facet normal 9.977669e-01 -6.679263e-02 0.000000e+00
    outer loop
      vertex   4.481480e+01 -1.724175e+01 -1.468995e+01
      vertex   4.481480e+01 -1.724175e+01 -2.018995e+01
      vertex   4.485272e+01 -1.667528e+01 -1.468995e+01
    endloop
  endfacet
  facet normal 9.977669e-01 -6.679263e-02 0.000000e+00
    outer loop
      vertex   4.485272e+01 -1.667528e+01 -1.468995e+01
      vertex   4.481480e+01 -1.724175e+01 -2.018995e+01
      vertex   4.485272e+01 -1.667528e+01 -2.018995e+01
    endloop
  endfacet
  facet normal 9.799617e-01 -1.991860e-01 0.000000e+00
    outer loop
      vertex   4.485272e+01 -1.667528e+01 -1.468995e+01
      vertex   4.485272e+01 -1.667528e+01 -2.018995e+01
      vertex   4.496581e+01 -1.611892e+01 -1.468995e+01
    endloop
  endfacet
  facet normal 9.799617e-01 -1.991860e-01 0.000000e+00
    outer loop
      vertex   4.496581e+01 -1.611892e+01 -1.468995e+01
      vertex   4.485272e+01 -1.667528e+01 -2.018995e+01
      vertex   4.496581e+01 -1.611892e+01 -2.018995e+01
    endloop
  endfacet
  facet normal 9.446691e-01 -3.280249e-01 0.000000e+00
    outer loop
      vertex   4.496581e+01 -1.611892e+01 -1.468995e+01
      vertex   4.496581e+01 -1.611892e+01 -2.018995e+01
      vertex   4.515204e+01 -1.558259e+01 -1.468995e+01
    endloop
  endfacet
  facet normal 9.446691e-01 -3.280249e-01 0.000000e+00
    outer loop
      vertex   4.515204e+01 -1.558259e+01 -1.468995e+01
      vertex   4.496581e+01 -1.611892e+01 -2.018995e+01
      vertex   4.515204e+01 -1.558259e+01 -2.018995e+01
    endloop
  endfacet
  facet normal 8.925188e-01 -4.510101e-01 0.000000e+00
    outer loop
      vertex   4.515204e+01 -1.558259e+01 -1.468995e+01
      vertex   4.515204e+01 -1.558259e+01 -2.018995e+01
      vertex   4.540809e+01 -1.507588e+01 -1.468995e+01
    endloop
  endfacet
  facet normal 8.925188e-01 -4.510101e-01 0.000000e+00
    outer loop
      vertex   4.540809e+01 -1.507588e+01 -1.468995e+01
      vertex   4.515204e+01 -1.558259e+01 -2.018995e+01
      vertex   4.540809e+01 -1.507588e+01 -2.018995e+01
    endloop
  endfacet
  facet normal 8.244416e-01 -5.659471e-01 0.000000e+00
    outer loop
      vertex   4.540809e+01 -1.507588e+01 -1.468995e+01
      vertex   4.540809e+01 -1.507588e+01 -2.018995e+01
      vertex   4.572940e+01 -1.460781e+01 -1.468995e+01
    endloop
  endfacet
  facet normal 8.244416e-01 -5.659471e-01 0.000000e+00
    outer loop
      vertex   4.572940e+01 -1.460781e+01 -1.468995e+01
      vertex   4.540809e+01 -1.507588e+01 -2.018995e+01
      vertex   4.572940e+01 -1.460781e+01 -2.018995e+01
    endloop
  endfacet
  facet normal 7.416521e-01 -6.707847e-01 0.000000e+00
    outer loop
      vertex   4.572940e+01 -1.460781e+01 -1.468995e+01
      vertex   4.572940e+01 -1.460781e+01 -2.018995e+01
      vertex   4.611023e+01 -1.418675e+01 -1.468995e+01
    endloop
  endfacet
  facet normal 7.416521e-01 -6.707847e-01 0.000000e+00
    outer loop
      vertex   4.611023e+01 -1.418675e+01 -1.468995e+01
      vertex   4.572940e+01 -1.460781e+01 -2.018995e+01
      vertex   4.611023e+01 -1.418675e+01 -2.018995e+01
    endloop
  endfacet
  facet normal 6.456279e-01 -7.636522e-01 0.000000e+00
    outer loop
      vertex   4.611023e+01 -1.418675e+01 -1.468995e+01
      vertex   4.611023e+01 -1.418675e+01 -2.018995e+01
      vertex   4.654379e+01 -1.382020e+01 -1.468995e+01
    endloop
  endfacet
  facet normal 6.456279e-01 -7.636522e-01 0.000000e+00
    outer loop
      vertex   4.654379e+01 -1.382020e+01 -1.468995e+01
      vertex   4.611023e+01 -1.418675e+01 -2.018995e+01
      vertex   4.654379e+01 -1.382020e+01 -2.018995e+01
    endloop
  endfacet
  facet normal 5.380824e-01 -8.428923e-01 0.000000e+00
    outer loop
      vertex   4.654379e+01 -1.382020e+01 -1.468995e+01
      vertex   4.654379e+01 -1.382020e+01 -2.018995e+01
      vertex   4.702233e+01 -1.351471e+01 -1.468995e+01
    endloop
  endfacet
  facet normal 5.380824e-01 -8.428923e-01 -6.951464e-16
    outer loop
      vertex   4.702233e+01 -1.351471e+01 -1.468995e+01
      vertex   4.654379e+01 -1.382020e+01 -2.018995e+01
      vertex   4.702233e+01 -1.351471e+01 -2.018995e+01
    endloop
  endfacet
  facet normal 4.209348e-01 -9.070909e-01 -5.438039e-16
    outer loop
      vertex   4.702233e+01 -1.351471e+01 -1.468995e+01
      vertex   4.702233e+01 -1.351471e+01 -2.018995e+01
      vertex   4.753732e+01 -1.327573e+01 -1.468995e+01
    endloop
  endfacet
  facet normal 4.209348e-01 -9.070909e-01 0.000000e+00
    outer loop
      vertex   4.753732e+01 -1.327573e+01 -1.468995e+01
      vertex   4.702233e+01 -1.351471e+01 -2.018995e+01
      vertex   4.753732e+01 -1.327573e+01 -2.018995e+01
    endloop
  endfacet
  facet normal 2.962756e-01 -9.551025e-01 0.000000e+00
    outer loop
      vertex   4.753732e+01 -1.327573e+01 -1.468995e+01
      vertex   4.753732e+01 -1.327573e+01 -2.018995e+01
      vertex   4.807956e+01 -1.310752e+01 -1.468995e+01
    endloop
  endfacet
  facet normal 2.962756e-01 -9.551025e-01 -3.827572e-16
    outer loop
      vertex   4.807956e+01 -1.310752e+01 -1.468995e+01
      vertex   4.753732e+01 -1.327573e+01 -2.018995e+01
      vertex   4.807956e+01 -1.310752e+01 -2.018995e+01
    endloop
  endfacet
  facet normal 1.663294e-01 -9.860703e-01 -2.148802e-16
    outer loop
      vertex   4.807956e+01 -1.310752e+01 -1.468995e+01
      vertex   4.807956e+01 -1.310752e+01 -2.018995e+01
      vertex   4.863939e+01 -1.301309e+01 -1.468995e+01
    endloop
  endfacet
  facet normal 1.663294e-01 -9.860703e-01 0.000000e+00
    outer loop
      vertex   4.863939e+01 -1.301309e+01 -1.468995e+01
      vertex   4.807956e+01 -1.310752e+01 -2.018995e+01
      vertex   4.863939e+01 -1.301309e+01 -2.018995e+01
    endloop
  endfacet
  facet normal 3.341498e-02 -9.994416e-01 0.000000e+00
    outer loop
      vertex   4.863939e+01 -1.301309e+01 -1.468995e+01
      vertex   4.863939e+01 -1.301309e+01 -2.018995e+01
      vertex   4.920681e+01 -1.299412e+01 -1.468995e+01
    endloop
  endfacet
  facet normal 3.341498e-02 -9.994416e-01 0.000000e+00
    outer loop
      vertex   4.920681e+01 -1.299412e+01 -1.468995e+01
      vertex   4.863939e+01 -1.301309e+01 -2.018995e+01
      vertex   4.920681e+01 -1.299412e+01 -2.018995e+01
    endloop
  endfacet
  facet normal -1.000957e-01 -9.949778e-01 -0.000000e+00
    outer loop
      vertex   4.920681e+01 -1.299412e+01 -1.468995e+01
      vertex   4.920681e+01 -1.299412e+01 -2.018995e+01
      vertex   4.977170e+01 -1.305095e+01 -1.468995e+01
    endloop
  endfacet
  facet normal -1.000957e-01 -9.949778e-01 -0.000000e+00
    outer loop
      vertex   4.977170e+01 -1.305095e+01 -1.468995e+01
      vertex   4.920681e+01 -1.299412e+01 -2.018995e+01
      vertex   4.977170e+01 -1.305095e+01 -2.018995e+01
    endloop
  endfacet
  facet normal -2.318202e-01 -9.727587e-01 -0.000000e+00
    outer loop
      vertex   4.977170e+01 -1.305095e+01 -1.468995e+01
      vertex   4.977170e+01 -1.305095e+01 -2.018995e+01
      vertex   5.032397e+01 -1.318256e+01 -1.468995e+01
    endloop
  endfacet
  facet normal -2.318202e-01 -9.727587e-01 -0.000000e+00
    outer loop
      vertex   5.032397e+01 -1.318256e+01 -1.468995e+01
      vertex   4.977170e+01 -1.305095e+01 -2.018995e+01
      vertex   5.032397e+01 -1.318256e+01 -2.018995e+01
    endloop
  endfacet
  facet normal -3.594078e-01 -9.331806e-01 -0.000000e+00
    outer loop
      vertex   5.032397e+01 -1.318256e+01 -1.468995e+01
      vertex   5.032397e+01 -1.318256e+01 -2.018995e+01
      vertex   5.085377e+01 -1.338661e+01 -1.468995e+01
    endloop
  endfacet
  facet normal -3.594078e-01 -9.331806e-01 -0.000000e+00
    outer loop
      vertex   5.085377e+01 -1.338661e+01 -1.468995e+01
      vertex   5.032397e+01 -1.318256e+01 -2.018995e+01
      vertex   5.085377e+01 -1.338661e+01 -2.018995e+01
    endloop
  endfacet
  facet normal -4.805818e-01 -8.769499e-01 -0.000000e+00
    outer loop
      vertex   5.085377e+01 -1.338661e+01 -1.468995e+01
      vertex   5.085377e+01 -1.338661e+01 -2.018995e+01
      vertex   5.135165e+01 -1.365946e+01 -1.468995e+01
    endloop
  endfacet
  facet normal -4.805818e-01 -8.769499e-01 -0.000000e+00
    outer loop
      vertex   5.135165e+01 -1.365946e+01 -1.468995e+01
      vertex   5.085377e+01 -1.338661e+01 -2.018995e+01
      vertex   5.135165e+01 -1.365946e+01 -2.018995e+01
    endloop
  endfacet
  facet normal -5.931797e-01 -8.050701e-01 -0.000000e+00
    outer loop
      vertex   5.135165e+01 -1.365946e+01 -1.468995e+01
      vertex   5.135165e+01 -1.365946e+01 -2.018995e+01
      vertex   5.180872e+01 -1.399623e+01 -1.468995e+01
    endloop
  endfacet
  facet normal -5.931797e-01 -8.050701e-01 -0.000000e+00
    outer loop
      vertex   5.180872e+01 -1.399623e+01 -1.468995e+01
      vertex   5.135165e+01 -1.365946e+01 -2.018995e+01
      vertex   5.180872e+01 -1.399623e+01 -2.018995e+01
    endloop
  endfacet
  facet normal -6.951924e-01 -7.188237e-01 -0.000000e+00
    outer loop
      vertex   5.180872e+01 -1.399623e+01 -1.468995e+01
      vertex   5.180872e+01 -1.399623e+01 -2.018995e+01
      vertex   5.221682e+01 -1.439091e+01 -1.468995e+01
    endloop
  endfacet
  facet normal -6.951924e-01 -7.188237e-01 -0.000000e+00
    outer loop
      vertex   5.221682e+01 -1.439091e+01 -1.468995e+01
      vertex   5.180872e+01 -1.399623e+01 -2.018995e+01
      vertex   5.221682e+01 -1.439091e+01 -2.018995e+01
    endloop
  endfacet
  facet normal -7.847994e-01 -6.197499e-01 -0.000000e+00
    outer loop
      vertex   5.221682e+01 -1.439091e+01 -1.468995e+01
      vertex   5.221682e+01 -1.439091e+01 -2.018995e+01
      vertex   5.256868e+01 -1.483647e+01 -1.468995e+01
    endloop
  endfacet
  facet normal -7.847994e-01 -6.197499e-01 -0.000000e+00
    outer loop
      vertex   5.256868e+01 -1.483647e+01 -1.468995e+01
      vertex   5.221682e+01 -1.439091e+01 -2.018995e+01
      vertex   5.256868e+01 -1.483647e+01 -2.018995e+01
    endloop
  endfacet
  facet normal -8.604016e-01 -5.096166e-01 -0.000000e+00
    outer loop
      vertex   5.256868e+01 -1.483647e+01 -1.468995e+01
      vertex   5.256868e+01 -1.483647e+01 -2.018995e+01
      vertex   5.285800e+01 -1.532495e+01 -1.468995e+01
    endloop
  endfacet
  facet normal -8.604016e-01 -5.096166e-01 -1.645929e-16
    outer loop
      vertex   5.285800e+01 -1.532495e+01 -1.468995e+01
      vertex   5.256868e+01 -1.483647e+01 -2.018995e+01
      vertex   5.285800e+01 -1.532495e+01 -2.018995e+01
    endloop
  endfacet
  facet normal -9.206499e-01 -3.903893e-01 -1.260856e-16
    outer loop
      vertex   5.285800e+01 -1.532495e+01 -1.468995e+01
      vertex   5.285800e+01 -1.532495e+01 -2.018995e+01
      vertex   5.307964e+01 -1.584764e+01 -1.468995e+01
    endloop
  endfacet
  facet normal -9.206499e-01 -3.903893e-01 -0.000000e+00
    outer loop
      vertex   5.307964e+01 -1.584764e+01 -1.468995e+01
      vertex   5.285800e+01 -1.532495e+01 -2.018995e+01
      vertex   5.307964e+01 -1.584764e+01 -2.018995e+01
    endloop
  endfacet
  facet normal -9.644692e-01 -2.641954e-01 -0.000000e+00
    outer loop
      vertex   5.307964e+01 -1.584764e+01 -1.468995e+01
      vertex   5.307964e+01 -1.584764e+01 -2.018995e+01
      vertex   5.322964e+01 -1.639521e+01 -1.468995e+01
    endloop
  endfacet
  facet normal -9.644692e-01 -2.641954e-01 -0.000000e+00
    outer loop
      vertex   5.322964e+01 -1.639521e+01 -1.468995e+01
      vertex   5.307964e+01 -1.584764e+01 -2.018995e+01
      vertex   5.322964e+01 -1.639521e+01 -2.018995e+01
    endloop
  endfacet
  facet normal -9.910775e-01 -1.332870e-01 -0.000000e+00
    outer loop
      vertex   5.322964e+01 -1.639521e+01 -1.468995e+01
      vertex   5.322964e+01 -1.639521e+01 -2.018995e+01
      vertex   5.330531e+01 -1.695788e+01 -1.468995e+01
    endloop
  endfacet
  facet normal -9.910775e-01 -1.332870e-01 -0.000000e+00
    outer loop
      vertex   5.330531e+01 -1.695788e+01 -1.468995e+01
      vertex   5.322964e+01 -1.639521e+01 -2.018995e+01
      vertex   5.330531e+01 -1.695788e+01 -2.018995e+01
    endloop
  endfacet
  facet normal -1.000000e+00 -0.000000e+00 -0.000000e+00
    outer loop
      vertex   5.330531e+01 -1.695788e+01 -1.468995e+01
      vertex   5.330531e+01 -1.695788e+01 -2.018995e+01
      vertex   5.330531e+01 -1.752562e+01 -1.468995e+01
    endloop
  endfacet
  facet normal -1.000000e+00 0.000000e+00 0.000000e+00
    outer loop
      vertex   5.330531e+01 -1.752562e+01 -1.468995e+01
      vertex   5.330531e+01 -1.695788e+01 -2.018995e+01
      vertex   5.330531e+01 -1.752562e+01 -2.018995e+01
    endloop
  endfacet
  facet normal -9.910775e-01 1.332870e-01 0.000000e+00
    outer loop
      vertex   5.330531e+01 -1.752562e+01 -1.468995e+01
      vertex   5.330531e+01 -1.752562e+01 -2.018995e+01
      vertex   5.322964e+01 -1.808829e+01 -1.468995e+01
    endloop
  endfacet
  facet normal -9.910775e-01 1.332870e-01 0.000000e+00
    outer loop
      vertex   5.322964e+01 -1.808829e+01 -1.468995e+01
      vertex   5.330531e+01 -1.752562e+01 -2.018995e+01
      vertex   5.322964e+01 -1.808829e+01 -2.018995e+01
    endloop
  endfacet
  facet normal -9.644692e-01 2.641954e-01 0.000000e+00
    outer loop
      vertex   5.322964e+01 -1.808829e+01 -1.468995e+01
      vertex   5.322964e+01 -1.808829e+01 -2.018995e+01
      vertex   5.307964e+01 -1.863585e+01 -1.468995e+01
    endloop
  endfacet
  facet normal -9.644692e-01 2.641954e-01 0.000000e+00
    outer loop
      vertex   5.307964e+01 -1.863585e+01 -1.468995e+01
      vertex   5.322964e+01 -1.808829e+01 -2.018995e+01
      vertex   5.307964e+01 -1.863585e+01 -2.018995e+01
    endloop
  endfacet
  facet normal -9.206499e-01 3.903893e-01 0.000000e+00
    outer loop
      vertex   5.307964e+01 -1.863585e+01 -1.468995e+01
      vertex   5.307964e+01 -1.863585e+01 -2.018995e+01
      vertex   5.285800e+01 -1.915854e+01 -1.468995e+01
    endloop
  endfacet
  facet normal -9.206499e-01 3.903893e-01 0.000000e+00
    outer loop
      vertex   5.285800e+01 -1.915854e+01 -1.468995e+01
      vertex   5.307964e+01 -1.863585e+01 -2.018995e+01
      vertex   5.285800e+01 -1.915854e+01 -2.018995e+01
    endloop
  endfacet
  facet normal -8.604016e-01 5.096166e-01 0.000000e+00
    outer loop
      vertex   5.285800e+01 -1.915854e+01 -1.468995e+01
      vertex   5.285800e+01 -1.915854e+01 -2.018995e+01
      vertex   5.256868e+01 -1.964702e+01 -1.468995e+01
    endloop
  endfacet
  facet normal -8.604016e-01 5.096166e-01 0.000000e+00
    outer loop
      vertex   5.256868e+01 -1.964702e+01 -1.468995e+01
      vertex   5.285800e+01 -1.915854e+01 -2.018995e+01
      vertex   5.256868e+01 -1.964702e+01 -2.018995e+01
    endloop
  endfacet
  facet normal -7.847994e-01 6.197499e-01 0.000000e+00
    outer loop
      vertex   5.256868e+01 -1.964702e+01 -1.468995e+01
      vertex   5.256868e+01 -1.964702e+01 -2.018995e+01
      vertex   5.221682e+01 -2.009258e+01 -1.468995e+01
    endloop
  endfacet
  facet normal -7.847994e-01 6.197499e-01 0.000000e+00
    outer loop
      vertex   5.221682e+01 -2.009258e+01 -1.468995e+01
      vertex   5.256868e+01 -1.964702e+01 -2.018995e+01
      vertex   5.221682e+01 -2.009258e+01 -2.018995e+01
    endloop
  endfacet
  facet normal -6.951924e-01 7.188237e-01 0.000000e+00
    outer loop
      vertex   5.221682e+01 -2.009258e+01 -1.468995e+01
      vertex   5.221682e+01 -2.009258e+01 -2.018995e+01
      vertex   5.180872e+01 -2.048727e+01 -1.468995e+01
    endloop
  endfacet
  facet normal -6.951924e-01 7.188237e-01 0.000000e+00
    outer loop
      vertex   5.180872e+01 -2.048727e+01 -1.468995e+01
      vertex   5.221682e+01 -2.009258e+01 -2.018995e+01
      vertex   5.180872e+01 -2.048727e+01 -2.018995e+01
    endloop
  endfacet
  facet normal -5.931797e-01 8.050701e-01 0.000000e+00
    outer loop
      vertex   5.180872e+01 -2.048727e+01 -1.468995e+01
      vertex   5.180872e+01 -2.048727e+01 -2.018995e+01
      vertex   5.135165e+01 -2.082404e+01 -1.468995e+01
    endloop
  endfacet
  facet normal -5.931797e-01 8.050701e-01 0.000000e+00
    outer loop
      vertex   5.135165e+01 -2.082404e+01 -1.468995e+01
      vertex   5.180872e+01 -2.048727e+01 -2.018995e+01
      vertex   5.135165e+01 -2.082404e+01 -2.018995e+01
    endloop
  endfacet
  facet normal -4.805818e-01 8.769499e-01 0.000000e+00
    outer loop
      vertex   5.135165e+01 -2.082404e+01 -1.468995e+01
      vertex   5.135165e+01 -2.082404e+01 -2.018995e+01
      vertex   5.085377e+01 -2.109688e+01 -1.468995e+01
    endloop
  endfacet
  facet normal -4.805818e-01 8.769499e-01 0.000000e+00
    outer loop
      vertex   5.085377e+01 -2.109688e+01 -1.468995e+01
      vertex   5.135165e+01 -2.082404e+01 -2.018995e+01
      vertex   5.085377e+01 -2.109688e+01 -2.018995e+01
    endloop
  endfacet
  facet normal -3.594078e-01 9.331806e-01 0.000000e+00
    outer loop
      vertex   5.085377e+01 -2.109688e+01 -1.468995e+01
      vertex   5.085377e+01 -2.109688e+01 -2.018995e+01
      vertex   5.032397e+01 -2.130093e+01 -1.468995e+01
    endloop
  endfacet
  facet normal -3.594078e-01 9.331806e-01 0.000000e+00
    outer loop
      vertex   5.032397e+01 -2.130093e+01 -1.468995e+01
      vertex   5.085377e+01 -2.109688e+01 -2.018995e+01
      vertex   5.032397e+01 -2.130093e+01 -2.018995e+01
    endloop
  endfacet
  facet normal -2.318202e-01 9.727587e-01 0.000000e+00
    outer loop
      vertex   5.032397e+01 -2.130093e+01 -1.468995e+01
      vertex   5.032397e+01 -2.130093e+01 -2.018995e+01
      vertex   4.977170e+01 -2.143255e+01 -1.468995e+01
    endloop
  endfacet
  facet normal -2.318202e-01 9.727587e-01 0.000000e+00
    outer loop
      vertex   4.977170e+01 -2.143255e+01 -1.468995e+01
      vertex   5.032397e+01 -2.130093e+01 -2.018995e+01
      vertex   4.977170e+01 -2.143255e+01 -2.018995e+01
    endloop
  endfacet
  facet normal -1.000957e-01 9.949778e-01 0.000000e+00
    outer loop
      vertex   4.977170e+01 -2.143255e+01 -1.468995e+01
      vertex   4.977170e+01 -2.143255e+01 -2.018995e+01
      vertex   4.920681e+01 -2.148937e+01 -1.468995e+01
    endloop
  endfacet
  facet normal -1.000957e-01 9.949778e-01 0.000000e+00
    outer loop
      vertex   4.920681e+01 -2.148937e+01 -1.468995e+01
      vertex   4.977170e+01 -2.143255e+01 -2.018995e+01
      vertex   4.920681e+01 -2.148937e+01 -2.018995e+01
    endloop
  endfacet
  facet normal 3.341498e-02 9.994416e-01 0.000000e+00
    outer loop
      vertex   4.920681e+01 -2.148937e+01 -1.468995e+01
      vertex   4.920681e+01 -2.148937e+01 -2.018995e+01
      vertex   4.863939e+01 -2.147040e+01 -1.468995e+01
    endloop
  endfacet
  facet normal 3.341498e-02 9.994416e-01 0.000000e+00
    outer loop
      vertex   4.863939e+01 -2.147040e+01 -1.468995e+01
      vertex   4.920681e+01 -2.148937e+01 -2.018995e+01
      vertex   4.863939e+01 -2.147040e+01 -2.018995e+01
    endloop
  endfacet
  facet normal 1.663294e-01 9.860703e-01 0.000000e+00
    outer loop
      vertex   4.863939e+01 -2.147040e+01 -1.468995e+01
      vertex   4.863939e+01 -2.147040e+01 -2.018995e+01
      vertex   4.807956e+01 -2.137597e+01 -1.468995e+01
    endloop
  endfacet
  facet normal 1.663294e-01 9.860703e-01 2.148802e-16
    outer loop
      vertex   4.807956e+01 -2.137597e+01 -1.468995e+01
      vertex   4.863939e+01 -2.147040e+01 -2.018995e+01
      vertex   4.807956e+01 -2.137597e+01 -2.018995e+01
    endloop
  endfacet
  facet normal 2.962756e-01 9.551025e-01 3.827572e-16
    outer loop
      vertex   4.807956e+01 -2.137597e+01 -1.468995e+01
      vertex   4.807956e+01 -2.137597e+01 -2.018995e+01
      vertex   4.753732e+01 -2.120777e+01 -1.468995e+01
    endloop
  endfacet
  facet normal 2.962756e-01 9.551025e-01 0.000000e+00
    outer loop
      vertex   4.753732e+01 -2.120777e+01 -1.468995e+01
      vertex   4.807956e+01 -2.137597e+01 -2.018995e+01
      vertex   4.753732e+01 -2.120777e+01 -2.018995e+01
    endloop
  endfacet
  facet normal 4.209348e-01 9.070909e-01 0.000000e+00
    outer loop
      vertex   4.753732e+01 -2.120777e+01 -1.468995e+01
      vertex   4.753732e+01 -2.120777e+01 -2.018995e+01
      vertex   4.702233e+01 -2.096878e+01 -1.468995e+01
    endloop
  endfacet
  facet normal 4.209348e-01 9.070909e-01 5.438039e-16
    outer loop
      vertex   4.702233e+01 -2.096878e+01 -1.468995e+01
      vertex   4.753732e+01 -2.120777e+01 -2.018995e+01
      vertex   4.702233e+01 -2.096878e+01 -2.018995e+01
    endloop
  endfacet
  facet normal 5.380824e-01 8.428923e-01 6.951464e-16
    outer loop
      vertex   4.702233e+01 -2.096878e+01 -1.468995e+01
      vertex   4.702233e+01 -2.096878e+01 -2.018995e+01
      vertex   4.654379e+01 -2.066330e+01 -1.468995e+01
    endloop
  endfacet
  facet normal 5.380824e-01 8.428923e-01 0.000000e+00
    outer loop
      vertex   4.654379e+01 -2.066330e+01 -1.468995e+01
      vertex   4.702233e+01 -2.096878e+01 -2.018995e+01
      vertex   4.654379e+01 -2.066330e+01 -2.018995e+01
    endloop
  endfacet
  facet normal 6.456279e-01 7.636522e-01 0.000000e+00
    outer loop
      vertex   4.654379e+01 -2.066330e+01 -1.468995e+01
      vertex   4.654379e+01 -2.066330e+01 -2.018995e+01
      vertex   4.611023e+01 -2.029675e+01 -1.468995e+01
    endloop
  endfacet
  facet normal 6.456279e-01 7.636522e-01 0.000000e+00
    outer loop
      vertex   4.611023e+01 -2.029675e+01 -1.468995e+01
      vertex   4.654379e+01 -2.066330e+01 -2.018995e+01
      vertex   4.611023e+01 -2.029675e+01 -2.018995e+01
    endloop
  endfacet
  facet normal 7.416521e-01 6.707847e-01 0.000000e+00
    outer loop
      vertex   4.611023e+01 -2.029675e+01 -1.468995e+01
      vertex   4.611023e+01 -2.029675e+01 -2.018995e+01
      vertex   4.572940e+01 -1.987568e+01 -1.468995e+01
    endloop
  endfacet
  facet normal 7.416521e-01 6.707847e-01 0.000000e+00
    outer loop
      vertex   4.572940e+01 -1.987568e+01 -1.468995e+01
      vertex   4.611023e+01 -2.029675e+01 -2.018995e+01
      vertex   4.572940e+01 -1.987568e+01 -2.018995e+01
    endloop
  endfacet
  facet normal 8.244416e-01 5.659471e-01 0.000000e+00
    outer loop
      vertex   4.572940e+01 -1.987568e+01 -1.468995e+01
      vertex   4.572940e+01 -1.987568e+01 -2.018995e+01
      vertex   4.540809e+01 -1.940762e+01 -1.468995e+01
    endloop
  endfacet
  facet normal 8.244416e-01 5.659471e-01 0.000000e+00
    outer loop
      vertex   4.540809e+01 -1.940762e+01 -1.468995e+01
      vertex   4.572940e+01 -1.987568e+01 -2.018995e+01
      vertex   4.540809e+01 -1.940762e+01 -2.018995e+01
    endloop
  endfacet
  facet normal 8.925188e-01 4.510101e-01 0.000000e+00
    outer loop
      vertex   4.540809e+01 -1.940762e+01 -1.468995e+01
      vertex   4.540809e+01 -1.940762e+01 -2.018995e+01
      vertex   4.515204e+01 -1.890090e+01 -1.468995e+01
    endloop
  endfacet
  facet normal 8.925188e-01 4.510101e-01 0.000000e+00
    outer loop
      vertex   4.515204e+01 -1.890090e+01 -1.468995e+01
      vertex   4.540809e+01 -1.940762e+01 -2.018995e+01
      vertex   4.515204e+01 -1.890090e+01 -2.018995e+01
    endloop
  endfacet
  facet normal 9.446691e-01 3.280249e-01 0.000000e+00
    outer loop
      vertex   4.515204e+01 -1.890090e+01 -1.468995e+01
      vertex   4.515204e+01 -1.890090e+01 -2.018995e+01
      vertex   4.496581e+01 -1.836458e+01 -1.468995e+01
    endloop
  endfacet
  facet normal 9.446691e-01 3.280249e-01 0.000000e+00
    outer loop
      vertex   4.496581e+01 -1.836458e+01 -1.468995e+01
      vertex   4.515204e+01 -1.890090e+01 -2.018995e+01
      vertex   4.496581e+01 -1.836458e+01 -2.018995e+01
    endloop
  endfacet
  facet normal 9.799617e-01 1.991860e-01 0.000000e+00
    outer loop
      vertex   4.496581e+01 -1.836458e+01 -1.468995e+01
      vertex   4.496581e+01 -1.836458e+01 -2.018995e+01
      vertex   4.485272e+01 -1.780822e+01 -1.468995e+01
    endloop
  endfacet
  facet normal 9.799617e-01 1.991860e-01 0.000000e+00
    outer loop
      vertex   4.485272e+01 -1.780822e+01 -1.468995e+01
      vertex   4.496581e+01 -1.836458e+01 -2.018995e+01
      vertex   4.485272e+01 -1.780822e+01 -2.018995e+01
    endloop
  endfacet
  facet normal 7.046282e-01 -4.716931e-02 7.080072e-01
    outer loop
      vertex   4.485272e+01 -1.667528e+01 -1.468995e+01
      vertex   4.435225e+01 -1.664641e+01 -1.418995e+01
      vertex   4.481480e+01 -1.724175e+01 -1.468995e+01
    endloop
  endfacet
  facet normal 7.064081e-01 -4.444343e-02 7.064081e-01
    outer loop
      vertex   4.481480e+01 -1.724175e+01 -1.468995e+01
      vertex   4.435225e+01 -1.664641e+01 -1.418995e+01
      vertex   4.431480e+01 -1.724175e+01 -1.418995e+01
    endloop
  endfacet
  facet normal 7.064081e-01 4.444343e-02 7.064081e-01
    outer loop
      vertex   4.481480e+01 -1.724175e+01 -1.468995e+01
      vertex   4.431480e+01 -1.724175e+01 -1.418995e+01
      vertex   4.435225e+01 -1.783708e+01 -1.418995e+01
    endloop
  endfacet
  facet normal 6.966623e-01 -1.328954e-01 7.049825e-01
    outer loop
      vertex   4.435225e+01 -1.664641e+01 -1.418995e+01
      vertex   4.485272e+01 -1.667528e+01 -1.468995e+01
      vertex   4.446403e+01 -1.606047e+01 -1.418995e+01
    endloop
  endfacet
  facet normal 6.906111e-01 -1.403729e-01 7.094728e-01
    outer loop
      vertex   4.446403e+01 -1.606047e+01 -1.418995e+01
      vertex   4.485272e+01 -1.667528e+01 -1.468995e+01
      vertex   4.496581e+01 -1.611892e+01 -1.468995e+01
    endloop
  endfacet
  facet normal 6.756813e-01 -2.195422e-01 7.037443e-01
    outer loop
      vertex   4.446403e+01 -1.606047e+01 -1.418995e+01
      vertex   4.496581e+01 -1.611892e+01 -1.468995e+01
      vertex   4.464836e+01 -1.549316e+01 -1.418995e+01
    endloop
  endfacet
  facet normal 6.645540e-01 -2.307583e-01 7.107169e-01
    outer loop
      vertex   4.464836e+01 -1.549316e+01 -1.418995e+01
      vertex   4.496581e+01 -1.611892e+01 -1.468995e+01
      vertex   4.515204e+01 -1.558259e+01 -1.468995e+01
    endloop
  endfacet
  facet normal 6.437752e-01 -3.029376e-01 7.026964e-01
    outer loop
      vertex   4.464836e+01 -1.549316e+01 -1.418995e+01
      vertex   4.515204e+01 -1.558259e+01 -1.468995e+01
      vertex   4.490234e+01 -1.495342e+01 -1.418995e+01
    endloop
  endfacet
  facet normal 6.269410e-01 -3.168076e-01 7.117429e-01
    outer loop
      vertex   4.490234e+01 -1.495342e+01 -1.418995e+01
      vertex   4.515204e+01 -1.558259e+01 -1.468995e+01
      vertex   4.540809e+01 -1.507588e+01 -1.468995e+01
    endloop
  endfacet
  facet normal 6.014427e-01 -3.816872e-01 7.018416e-01
    outer loop
      vertex   4.490234e+01 -1.495342e+01 -1.418995e+01
      vertex   4.540809e+01 -1.507588e+01 -1.468995e+01
      vertex   4.522197e+01 -1.444977e+01 -1.418995e+01
    endloop
  endfacet
  facet normal 5.784429e-01 -3.970786e-01 7.125534e-01
    outer loop
      vertex   4.522197e+01 -1.444977e+01 -1.418995e+01
      vertex   4.540809e+01 -1.507588e+01 -1.468995e+01
      vertex   4.572940e+01 -1.460781e+01 -1.468995e+01
    endloop
  endfacet
  facet normal 5.493624e-01 -4.544721e-01 7.011818e-01
    outer loop
      vertex   4.522197e+01 -1.444977e+01 -1.418995e+01
      vertex   4.572940e+01 -1.460781e+01 -1.468995e+01
      vertex   4.560220e+01 -1.399015e+01 -1.418995e+01
    endloop
  endfacet
  facet normal 5.199061e-01 -4.702273e-01 7.131507e-01
    outer loop
      vertex   4.560220e+01 -1.399015e+01 -1.418995e+01
      vertex   4.572940e+01 -1.460781e+01 -1.468995e+01
      vertex   4.611023e+01 -1.418675e+01 -1.468995e+01
    endloop
  endfacet
  facet normal 4.883815e-01 -5.200735e-01 7.007189e-01
    outer loop
      vertex   4.560220e+01 -1.399015e+01 -1.418995e+01
      vertex   4.611023e+01 -1.418675e+01 -1.468995e+01
      vertex   4.603704e+01 -1.358181e+01 -1.418995e+01
    endloop
  endfacet
  facet normal 4.523386e-01 -5.350286e-01 7.135364e-01
    outer loop
      vertex   4.603704e+01 -1.358181e+01 -1.418995e+01
      vertex   4.611023e+01 -1.418675e+01 -1.468995e+01
      vertex   4.654379e+01 -1.382020e+01 -1.468995e+01
    endloop
  endfacet
  facet normal 4.195009e-01 -5.773934e-01 7.004540e-01
    outer loop
      vertex   4.603704e+01 -1.358181e+01 -1.418995e+01
      vertex   4.654379e+01 -1.382020e+01 -1.468995e+01
      vertex   4.651962e+01 -1.323119e+01 -1.418995e+01
    endloop
  endfacet
  facet normal 3.768943e-01 -5.903953e-01 7.137115e-01
    outer loop
      vertex   4.651962e+01 -1.323119e+01 -1.418995e+01
      vertex   4.654379e+01 -1.382020e+01 -1.468995e+01
      vertex   4.702233e+01 -1.351471e+01 -1.468995e+01
    endloop
  endfacet
  facet normal 3.438577e-01 -6.254749e-01 7.003877e-01
    outer loop
      vertex   4.651962e+01 -1.323119e+01 -1.418995e+01
      vertex   4.702233e+01 -1.351471e+01 -1.468995e+01
      vertex   4.704235e+01 -1.294382e+01 -1.418995e+01
    endloop
  endfacet
  facet normal 2.948545e-01 -6.353950e-01 7.136765e-01
    outer loop
      vertex   4.704235e+01 -1.294382e+01 -1.418995e+01
      vertex   4.702233e+01 -1.351471e+01 -1.468995e+01
      vertex   4.753732e+01 -1.327573e+01 -1.468995e+01
    endloop
  endfacet
  facet normal 2.627056e-01 -6.635187e-01 7.005203e-01
    outer loop
      vertex   4.704235e+01 -1.294382e+01 -1.418995e+01
      vertex   4.753732e+01 -1.327573e+01 -1.468995e+01
      vertex   4.759697e+01 -1.272423e+01 -1.418995e+01
    endloop
  endfacet
  facet normal 2.076078e-01 -6.692644e-01 7.134312e-01
    outer loop
      vertex   4.759697e+01 -1.272423e+01 -1.418995e+01
      vertex   4.753732e+01 -1.327573e+01 -1.468995e+01
      vertex   4.807956e+01 -1.310752e+01 -1.468995e+01
    endloop
  endfacet
  facet normal 1.773923e-01 -6.908975e-01 7.008513e-01
    outer loop
      vertex   4.759697e+01 -1.272423e+01 -1.418995e+01
      vertex   4.807956e+01 -1.310752e+01 -1.468995e+01
      vertex   4.817474e+01 -1.257588e+01 -1.418995e+01
    endloop
  endfacet
  facet normal 1.166284e-01 -6.914219e-01 7.129752e-01
    outer loop
      vertex   4.817474e+01 -1.257588e+01 -1.418995e+01
      vertex   4.807956e+01 -1.310752e+01 -1.468995e+01
      vertex   4.863939e+01 -1.301309e+01 -1.468995e+01
    endloop
  endfacet
  facet normal 8.933597e-02 -7.071671e-01 7.013800e-01
    outer loop
      vertex   4.817474e+01 -1.257588e+01 -1.418995e+01
      vertex   4.863939e+01 -1.301309e+01 -1.468995e+01
      vertex   4.876654e+01 -1.250112e+01 -1.418995e+01
    endloop
  endfacet
  facet normal 2.345290e-02 -7.014761e-01 7.123070e-01
    outer loop
      vertex   4.876654e+01 -1.250112e+01 -1.418995e+01
      vertex   4.863939e+01 -1.301309e+01 -1.468995e+01
      vertex   4.920681e+01 -1.299412e+01 -1.468995e+01
    endloop
  endfacet
  facet normal 0.000000e+00 -7.120735e-01 7.021049e-01
    outer loop
      vertex   4.876654e+01 -1.250112e+01 -1.418995e+01
      vertex   4.920681e+01 -1.299412e+01 -1.468995e+01
      vertex   4.936305e+01 -1.250112e+01 -1.418995e+01
    endloop
  endfacet
  facet normal -7.034346e-02 -6.992327e-01 7.114250e-01
    outer loop
      vertex   4.936305e+01 -1.250112e+01 -1.418995e+01
      vertex   4.920681e+01 -1.299412e+01 -1.468995e+01
      vertex   4.977170e+01 -1.305095e+01 -1.468995e+01
    endloop
  endfacet
  facet normal -8.913270e-02 -7.055580e-01 7.030244e-01
    outer loop
      vertex   4.936305e+01 -1.250112e+01 -1.418995e+01
      vertex   4.977170e+01 -1.305095e+01 -1.468995e+01
      vertex   4.995486e+01 -1.257588e+01 -1.418995e+01
    endloop
  endfacet
  facet normal -1.631718e-01 -6.846978e-01 7.103266e-01
    outer loop
      vertex   4.995486e+01 -1.257588e+01 -1.418995e+01
      vertex   4.977170e+01 -1.305095e+01 -1.468995e+01
      vertex   5.032397e+01 -1.318256e+01 -1.468995e+01
    endloop
  endfacet
  facet normal -1.765860e-01 -6.877571e-01 7.041360e-01
    outer loop
      vertex   4.995486e+01 -1.257588e+01 -1.418995e+01
      vertex   5.032397e+01 -1.318256e+01 -1.468995e+01
      vertex   5.053263e+01 -1.272423e+01 -1.418995e+01
    endloop
  endfacet
  facet normal -2.534541e-01 -6.580784e-01 7.090091e-01
    outer loop
      vertex   5.053263e+01 -1.272423e+01 -1.418995e+01
      vertex   5.032397e+01 -1.318256e+01 -1.468995e+01
      vertex   5.085377e+01 -1.338661e+01 -1.468995e+01
    endloop
  endfacet
  facet normal -2.609166e-01 -6.590000e-01 7.054371e-01
    outer loop
      vertex   5.053263e+01 -1.272423e+01 -1.418995e+01
      vertex   5.085377e+01 -1.338661e+01 -1.468995e+01
      vertex   5.108725e+01 -1.294382e+01 -1.418995e+01
    endloop
  endfacet
  facet normal -3.396486e-01 -6.197797e-01 7.074687e-01
    outer loop
      vertex   5.108725e+01 -1.294382e+01 -1.418995e+01
      vertex   5.085377e+01 -1.338661e+01 -1.468995e+01
      vertex   5.135165e+01 -1.365946e+01 -1.468995e+01
    endloop
  endfacet
  facet normal -3.407392e-01 -6.198023e-01 7.069243e-01
    outer loop
      vertex   5.108725e+01 -1.294382e+01 -1.418995e+01
      vertex   5.135165e+01 -1.365946e+01 -1.468995e+01
      vertex   5.160998e+01 -1.323119e+01 -1.418995e+01
    endloop
  endfacet
  facet normal -4.163278e-01 -5.730261e-01 7.059123e-01
    outer loop
      vertex   5.160998e+01 -1.323119e+01 -1.418995e+01
      vertex   5.135165e+01 -1.365946e+01 -1.468995e+01
      vertex   5.209256e+01 -1.358181e+01 -1.418995e+01
    endloop
  endfacet
  facet normal -4.186011e-01 -5.681300e-01 7.085206e-01
    outer loop
      vertex   5.209256e+01 -1.358181e+01 -1.418995e+01
      vertex   5.135165e+01 -1.365946e+01 -1.468995e+01
      vertex   5.180872e+01 -1.399623e+01 -1.468995e+01
    endloop
  endfacet
  facet normal -4.857926e-01 -5.173166e-01 7.045488e-01
    outer loop
      vertex   5.209256e+01 -1.358181e+01 -1.418995e+01
      vertex   5.180872e+01 -1.399623e+01 -1.468995e+01
      vertex   5.252740e+01 -1.399015e+01 -1.418995e+01
    endloop
  endfacet
  facet normal -4.896174e-01 -5.062606e-01 7.099120e-01
    outer loop
      vertex   5.252740e+01 -1.399015e+01 -1.418995e+01
      vertex   5.180872e+01 -1.399623e+01 -1.468995e+01
      vertex   5.221682e+01 -1.439091e+01 -1.468995e+01
    endloop
  endfacet
  facet normal -5.476964e-01 -4.530939e-01 7.033737e-01
    outer loop
      vertex   5.252740e+01 -1.399015e+01 -1.418995e+01
      vertex   5.221682e+01 -1.439091e+01 -1.468995e+01
      vertex   5.290763e+01 -1.444977e+01 -1.418995e+01
    endloop
  endfacet
  facet normal -5.517988e-01 -4.357511e-01 7.110830e-01
    outer loop
      vertex   5.290763e+01 -1.444977e+01 -1.418995e+01
      vertex   5.221682e+01 -1.439091e+01 -1.468995e+01
      vertex   5.256868e+01 -1.483647e+01 -1.468995e+01
    endloop
  endfacet
  facet normal -6.009862e-01 -3.813974e-01 7.023899e-01
    outer loop
      vertex   5.290763e+01 -1.444977e+01 -1.418995e+01
      vertex   5.256868e+01 -1.483647e+01 -1.468995e+01
      vertex   5.322726e+01 -1.495342e+01 -1.418995e+01
    endloop
  endfacet
  facet normal -6.041242e-01 -3.578233e-01 7.120369e-01
    outer loop
      vertex   5.322726e+01 -1.495342e+01 -1.418995e+01
      vertex   5.256868e+01 -1.483647e+01 -1.468995e+01
      vertex   5.285800e+01 -1.532495e+01 -1.468995e+01
    endloop
  endfacet
  facet normal -6.447536e-01 -3.033980e-01 7.015999e-01
    outer loop
      vertex   5.322726e+01 -1.495342e+01 -1.418995e+01
      vertex   5.285800e+01 -1.532495e+01 -1.468995e+01
      vertex   5.348124e+01 -1.549316e+01 -1.418995e+01
    endloop
  endfacet
  facet normal -6.457361e-01 -2.738158e-01 7.127761e-01
    outer loop
      vertex   5.348124e+01 -1.549316e+01 -1.418995e+01
      vertex   5.285800e+01 -1.532495e+01 -1.468995e+01
      vertex   5.307964e+01 -1.584764e+01 -1.468995e+01
    endloop
  endfacet
  facet normal -6.782514e-01 -2.203772e-01 7.010056e-01
    outer loop
      vertex   5.348124e+01 -1.549316e+01 -1.418995e+01
      vertex   5.307964e+01 -1.584764e+01 -1.468995e+01
      vertex   5.366557e+01 -1.606047e+01 -1.418995e+01
    endloop
  endfacet
  facet normal -6.759541e-01 -1.851630e-01 7.133027e-01
    outer loop
      vertex   5.366557e+01 -1.606047e+01 -1.418995e+01
      vertex   5.307964e+01 -1.584764e+01 -1.468995e+01
      vertex   5.322964e+01 -1.639521e+01 -1.468995e+01
    endloop
  endfacet
  facet normal -7.009069e-01 -1.337051e-01 7.006086e-01
    outer loop
      vertex   5.366557e+01 -1.606047e+01 -1.418995e+01
      vertex   5.322964e+01 -1.639521e+01 -1.468995e+01
      vertex   5.377734e+01 -1.664641e+01 -1.418995e+01
    endloop
  endfacet
  facet normal -6.942844e-01 -9.337217e-02 7.136181e-01
    outer loop
      vertex   5.377734e+01 -1.664641e+01 -1.418995e+01
      vertex   5.322964e+01 -1.639521e+01 -1.468995e+01
      vertex   5.330531e+01 -1.695788e+01 -1.468995e+01
    endloop
  endfacet
  facet normal -7.123325e-01 -4.481616e-02 7.004098e-01
    outer loop
      vertex   5.377734e+01 -1.664641e+01 -1.418995e+01
      vertex   5.330531e+01 -1.695788e+01 -1.468995e+01
      vertex   5.381480e+01 -1.724175e+01 -1.418995e+01
    endloop
  endfacet
  facet normal -7.004279e-01 0.000000e+00 7.137231e-01
    outer loop
      vertex   5.381480e+01 -1.724175e+01 -1.418995e+01
      vertex   5.330531e+01 -1.695788e+01 -1.468995e+01
      vertex   5.330531e+01 -1.752562e+01 -1.468995e+01
    endloop
  endfacet
  facet normal -7.123325e-01 4.481616e-02 7.004098e-01
    outer loop
      vertex   5.381480e+01 -1.724175e+01 -1.418995e+01
      vertex   5.330531e+01 -1.752562e+01 -1.468995e+01
      vertex   5.377734e+01 -1.783708e+01 -1.418995e+01
    endloop
  endfacet
  facet normal -6.942844e-01 9.337217e-02 7.136181e-01
    outer loop
      vertex   5.377734e+01 -1.783708e+01 -1.418995e+01
      vertex   5.330531e+01 -1.752562e+01 -1.468995e+01
      vertex   5.322964e+01 -1.808829e+01 -1.468995e+01
    endloop
  endfacet
  facet normal -7.009069e-01 1.337051e-01 7.006086e-01
    outer loop
      vertex   5.377734e+01 -1.783708e+01 -1.418995e+01
      vertex   5.322964e+01 -1.808829e+01 -1.468995e+01
      vertex   5.366557e+01 -1.842302e+01 -1.418995e+01
    endloop
  endfacet
  facet normal -6.759541e-01 1.851630e-01 7.133027e-01
    outer loop
      vertex   5.366557e+01 -1.842302e+01 -1.418995e+01
      vertex   5.322964e+01 -1.808829e+01 -1.468995e+01
      vertex   5.307964e+01 -1.863585e+01 -1.468995e+01
    endloop
  endfacet
  facet normal -6.782514e-01 2.203772e-01 7.010056e-01
    outer loop
      vertex   5.366557e+01 -1.842302e+01 -1.418995e+01
      vertex   5.307964e+01 -1.863585e+01 -1.468995e+01
      vertex   5.348124e+01 -1.899034e+01 -1.418995e+01
    endloop
  endfacet
  facet normal -6.457361e-01 2.738158e-01 7.127761e-01
    outer loop
      vertex   5.348124e+01 -1.899034e+01 -1.418995e+01
      vertex   5.307964e+01 -1.863585e+01 -1.468995e+01
      vertex   5.285800e+01 -1.915854e+01 -1.468995e+01
    endloop
  endfacet
  facet normal -6.447536e-01 3.033980e-01 7.015999e-01
    outer loop
      vertex   5.348124e+01 -1.899034e+01 -1.418995e+01
      vertex   5.285800e+01 -1.915854e+01 -1.468995e+01
      vertex   5.322726e+01 -1.953008e+01 -1.418995e+01
    endloop
  endfacet
  facet normal -6.041242e-01 3.578233e-01 7.120369e-01
    outer loop
      vertex   5.322726e+01 -1.953008e+01 -1.418995e+01
      vertex   5.285800e+01 -1.915854e+01 -1.468995e+01
      vertex   5.256868e+01 -1.964702e+01 -1.468995e+01
    endloop
  endfacet
  facet normal -6.009862e-01 3.813974e-01 7.023899e-01
    outer loop
      vertex   5.322726e+01 -1.953008e+01 -1.418995e+01
      vertex   5.256868e+01 -1.964702e+01 -1.468995e+01
      vertex   5.290763e+01 -2.003373e+01 -1.418995e+01
    endloop
  endfacet
  facet normal -5.517988e-01 4.357511e-01 7.110830e-01
    outer loop
      vertex   5.290763e+01 -2.003373e+01 -1.418995e+01
      vertex   5.256868e+01 -1.964702e+01 -1.468995e+01
      vertex   5.221682e+01 -2.009258e+01 -1.468995e+01
    endloop
  endfacet
  facet normal -5.476964e-01 4.530939e-01 7.033737e-01
    outer loop
      vertex   5.290763e+01 -2.003373e+01 -1.418995e+01
      vertex   5.221682e+01 -2.009258e+01 -1.468995e+01
      vertex   5.252740e+01 -2.049335e+01 -1.418995e+01
    endloop
  endfacet
  facet normal -4.896174e-01 5.062606e-01 7.099120e-01
    outer loop
      vertex   5.252740e+01 -2.049335e+01 -1.418995e+01
      vertex   5.221682e+01 -2.009258e+01 -1.468995e+01
      vertex   5.180872e+01 -2.048727e+01 -1.468995e+01
    endloop
  endfacet
  facet normal -4.857926e-01 5.173166e-01 7.045488e-01
    outer loop
      vertex   5.252740e+01 -2.049335e+01 -1.418995e+01
      vertex   5.180872e+01 -2.048727e+01 -1.468995e+01
      vertex   5.209256e+01 -2.090169e+01 -1.418995e+01
    endloop
  endfacet
  facet normal -4.186011e-01 5.681300e-01 7.085206e-01
    outer loop
      vertex   5.209256e+01 -2.090169e+01 -1.418995e+01
      vertex   5.180872e+01 -2.048727e+01 -1.468995e+01
      vertex   5.135165e+01 -2.082404e+01 -1.468995e+01
    endloop
  endfacet
  facet normal -4.163278e-01 5.730261e-01 7.059123e-01
    outer loop
      vertex   5.209256e+01 -2.090169e+01 -1.418995e+01
      vertex   5.135165e+01 -2.082404e+01 -1.468995e+01
      vertex   5.160998e+01 -2.125231e+01 -1.418995e+01
    endloop
  endfacet
  facet normal -3.407392e-01 6.198023e-01 7.069243e-01
    outer loop
      vertex   5.160998e+01 -2.125231e+01 -1.418995e+01
      vertex   5.135165e+01 -2.082404e+01 -1.468995e+01
      vertex   5.108725e+01 -2.153968e+01 -1.418995e+01
    endloop
  endfacet
  facet normal -3.396486e-01 6.197797e-01 7.074687e-01
    outer loop
      vertex   5.108725e+01 -2.153968e+01 -1.418995e+01
      vertex   5.135165e+01 -2.082404e+01 -1.468995e+01
      vertex   5.085377e+01 -2.109688e+01 -1.468995e+01
    endloop
  endfacet
  facet normal -2.609166e-01 6.590000e-01 7.054371e-01
    outer loop
      vertex   5.108725e+01 -2.153968e+01 -1.418995e+01
      vertex   5.085377e+01 -2.109688e+01 -1.468995e+01
      vertex   5.053263e+01 -2.175927e+01 -1.418995e+01
    endloop
  endfacet
  facet normal -2.534541e-01 6.580784e-01 7.090091e-01
    outer loop
      vertex   5.053263e+01 -2.175927e+01 -1.418995e+01
      vertex   5.085377e+01 -2.109688e+01 -1.468995e+01
      vertex   5.032397e+01 -2.130093e+01 -1.468995e+01
    endloop
  endfacet
  facet normal -1.765860e-01 6.877571e-01 7.041360e-01
    outer loop
      vertex   5.053263e+01 -2.175927e+01 -1.418995e+01
      vertex   5.032397e+01 -2.130093e+01 -1.468995e+01
      vertex   4.995486e+01 -2.190761e+01 -1.418995e+01
    endloop
  endfacet
  facet normal -1.631718e-01 6.846978e-01 7.103266e-01
    outer loop
      vertex   4.995486e+01 -2.190761e+01 -1.418995e+01
      vertex   5.032397e+01 -2.130093e+01 -1.468995e+01
      vertex   4.977170e+01 -2.143255e+01 -1.468995e+01
    endloop
  endfacet
  facet normal -8.913270e-02 7.055580e-01 7.030244e-01
    outer loop
      vertex   4.995486e+01 -2.190761e+01 -1.418995e+01
      vertex   4.977170e+01 -2.143255e+01 -1.468995e+01
      vertex   4.936305e+01 -2.198237e+01 -1.418995e+01
    endloop
  endfacet
  facet normal -7.034346e-02 6.992327e-01 7.114250e-01
    outer loop
      vertex   4.936305e+01 -2.198237e+01 -1.418995e+01
      vertex   4.977170e+01 -2.143255e+01 -1.468995e+01
      vertex   4.920681e+01 -2.148937e+01 -1.468995e+01
    endloop
  endfacet
  facet normal 0.000000e+00 7.120735e-01 7.021049e-01
    outer loop
      vertex   4.936305e+01 -2.198237e+01 -1.418995e+01
      vertex   4.920681e+01 -2.148937e+01 -1.468995e+01
      vertex   4.876654e+01 -2.198237e+01 -1.418995e+01
    endloop
  endfacet
  facet normal 2.345290e-02 7.014761e-01 7.123070e-01
    outer loop
      vertex   4.876654e+01 -2.198237e+01 -1.418995e+01
      vertex   4.920681e+01 -2.148937e+01 -1.468995e+01
      vertex   4.863939e+01 -2.147040e+01 -1.468995e+01
    endloop
  endfacet
  facet normal 8.933597e-02 7.071671e-01 7.013800e-01
    outer loop
      vertex   4.876654e+01 -2.198237e+01 -1.418995e+01
      vertex   4.863939e+01 -2.147040e+01 -1.468995e+01
      vertex   4.817474e+01 -2.190761e+01 -1.418995e+01
    endloop
  endfacet
  facet normal 1.166284e-01 6.914219e-01 7.129752e-01
    outer loop
      vertex   4.817474e+01 -2.190761e+01 -1.418995e+01
      vertex   4.863939e+01 -2.147040e+01 -1.468995e+01
      vertex   4.807956e+01 -2.137597e+01 -1.468995e+01
    endloop
  endfacet
  facet normal 1.773923e-01 6.908975e-01 7.008513e-01
    outer loop
      vertex   4.817474e+01 -2.190761e+01 -1.418995e+01
      vertex   4.807956e+01 -2.137597e+01 -1.468995e+01
      vertex   4.759697e+01 -2.175927e+01 -1.418995e+01
    endloop
  endfacet
  facet normal 2.076078e-01 6.692644e-01 7.134312e-01
    outer loop
      vertex   4.759697e+01 -2.175927e+01 -1.418995e+01
      vertex   4.807956e+01 -2.137597e+01 -1.468995e+01
      vertex   4.753732e+01 -2.120777e+01 -1.468995e+01
    endloop
  endfacet
  facet normal 2.627056e-01 6.635187e-01 7.005203e-01
    outer loop
      vertex   4.759697e+01 -2.175927e+01 -1.418995e+01
      vertex   4.753732e+01 -2.120777e+01 -1.468995e+01
      vertex   4.704235e+01 -2.153968e+01 -1.418995e+01
    endloop
  endfacet
  facet normal 2.948545e-01 6.353950e-01 7.136765e-01
    outer loop
      vertex   4.704235e+01 -2.153968e+01 -1.418995e+01
      vertex   4.753732e+01 -2.120777e+01 -1.468995e+01
      vertex   4.702233e+01 -2.096878e+01 -1.468995e+01
    endloop
  endfacet
  facet normal 3.438577e-01 6.254749e-01 7.003877e-01
    outer loop
      vertex   4.704235e+01 -2.153968e+01 -1.418995e+01
      vertex   4.702233e+01 -2.096878e+01 -1.468995e+01
      vertex   4.651962e+01 -2.125231e+01 -1.418995e+01
    endloop
  endfacet
  facet normal 3.768943e-01 5.903953e-01 7.137115e-01
    outer loop
      vertex   4.651962e+01 -2.125231e+01 -1.418995e+01
      vertex   4.702233e+01 -2.096878e+01 -1.468995e+01
      vertex   4.654379e+01 -2.066330e+01 -1.468995e+01
    endloop
  endfacet
  facet normal 4.195009e-01 5.773934e-01 7.004540e-01
    outer loop
      vertex   4.651962e+01 -2.125231e+01 -1.418995e+01
      vertex   4.654379e+01 -2.066330e+01 -1.468995e+01
      vertex   4.603704e+01 -2.090169e+01 -1.418995e+01
    endloop
  endfacet
  facet normal 4.523386e-01 5.350286e-01 7.135364e-01
    outer loop
      vertex   4.603704e+01 -2.090169e+01 -1.418995e+01
      vertex   4.654379e+01 -2.066330e+01 -1.468995e+01
      vertex   4.611023e+01 -2.029675e+01 -1.468995e+01
    endloop
  endfacet
  facet normal 4.883815e-01 5.200735e-01 7.007189e-01
    outer loop
      vertex   4.603704e+01 -2.090169e+01 -1.418995e+01
      vertex   4.611023e+01 -2.029675e+01 -1.468995e+01
      vertex   4.560220e+01 -2.049335e+01 -1.418995e+01
    endloop
  endfacet
  facet normal 5.199061e-01 4.702273e-01 7.131507e-01
    outer loop
      vertex   4.560220e+01 -2.049335e+01 -1.418995e+01
      vertex   4.611023e+01 -2.029675e+01 -1.468995e+01
      vertex   4.572940e+01 -1.987568e+01 -1.468995e+01
    endloop
  endfacet
  facet normal 5.493624e-01 4.544721e-01 7.011818e-01
    outer loop
      vertex   4.560220e+01 -2.049335e+01 -1.418995e+01
      vertex   4.572940e+01 -1.987568e+01 -1.468995e+01
      vertex   4.522197e+01 -2.003373e+01 -1.418995e+01
    endloop
  endfacet
  facet normal 5.784429e-01 3.970786e-01 7.125534e-01
    outer loop
      vertex   4.522197e+01 -2.003373e+01 -1.418995e+01
      vertex   4.572940e+01 -1.987568e+01 -1.468995e+01
      vertex   4.540809e+01 -1.940762e+01 -1.468995e+01
    endloop
  endfacet
  facet normal 6.014427e-01 3.816872e-01 7.018416e-01
    outer loop
      vertex   4.522197e+01 -2.003373e+01 -1.418995e+01
      vertex   4.540809e+01 -1.940762e+01 -1.468995e+01
      vertex   4.490234e+01 -1.953008e+01 -1.418995e+01
    endloop
  endfacet
  facet normal 6.269410e-01 3.168076e-01 7.117429e-01
    outer loop
      vertex   4.490234e+01 -1.953008e+01 -1.418995e+01
      vertex   4.540809e+01 -1.940762e+01 -1.468995e+01
      vertex   4.515204e+01 -1.890090e+01 -1.468995e+01
    endloop
  endfacet
  facet normal 6.437752e-01 3.029376e-01 7.026964e-01
    outer loop
      vertex   4.490234e+01 -1.953008e+01 -1.418995e+01
      vertex   4.515204e+01 -1.890090e+01 -1.468995e+01
      vertex   4.464836e+01 -1.899034e+01 -1.418995e+01
    endloop
  endfacet
  facet normal 6.645540e-01 2.307583e-01 7.107169e-01
    outer loop
      vertex   4.464836e+01 -1.899034e+01 -1.418995e+01
      vertex   4.515204e+01 -1.890090e+01 -1.468995e+01
      vertex   4.496581e+01 -1.836458e+01 -1.468995e+01
    endloop
  endfacet
  facet normal 6.756813e-01 2.195422e-01 7.037443e-01
    outer loop
      vertex   4.464836e+01 -1.899034e+01 -1.418995e+01
      vertex   4.496581e+01 -1.836458e+01 -1.468995e+01
      vertex   4.446403e+01 -1.842302e+01 -1.418995e+01
    endloop
  endfacet
  facet normal 6.906111e-01 1.403729e-01 7.094728e-01
    outer loop
      vertex   4.446403e+01 -1.842302e+01 -1.418995e+01
      vertex   4.496581e+01 -1.836458e+01 -1.468995e+01
      vertex   4.485272e+01 -1.780822e+01 -1.468995e+01
    endloop
  endfacet
  facet normal 6.966623e-01 1.328954e-01 7.049825e-01
    outer loop
      vertex   4.446403e+01 -1.842302e+01 -1.418995e+01
      vertex   4.485272e+01 -1.780822e+01 -1.468995e+01
      vertex   4.435225e+01 -1.783708e+01 -1.418995e+01
    endloop
  endfacet
  facet normal 7.046282e-01 4.716931e-02 7.080072e-01
    outer loop
      vertex   4.435225e+01 -1.783708e+01 -1.418995e+01
      vertex   4.485272e+01 -1.780822e+01 -1.468995e+01
      vertex   4.481480e+01 -1.724175e+01 -1.468995e+01
    endloop
  endfacet
  facet normal -0.000000e+00 0.000000e+00 1.000000e+00
    outer loop
      vertex   3.731967e+01 -7.250000e+00 -1.418995e+01
      vertex   4.603704e+01 -1.358181e+01 -1.418995e+01
      vertex   4.761888e+01 -7.250000e+00 -1.418995e+01
    endloop
  endfacet
  facet normal 0.000000e+00 0.000000e+00 1.000000e+00
    outer loop
      vertex   4.761888e+01 -7.250000e+00 -1.418995e+01
      vertex   4.603704e+01 -1.358181e+01 -1.418995e+01
      vertex   4.651962e+01 -1.323119e+01 -1.418995e+01
    endloop
  endfacet
  facet normal 0.000000e+00 0.000000e+00 1.000000e+00
    outer loop
      vertex   4.761888e+01 -7.250000e+00 -1.418995e+01
      vertex   4.651962e+01 -1.323119e+01 -1.418995e+01
      vertex   4.704235e+01 -1.294382e+01 -1.418995e+01
    endloop
  endfacet
  facet normal 0.000000e+00 -0.000000e+00 1.000000e+00
    outer loop
      vertex   4.039224e+01 -1.942959e+01 -1.418995e+01
      vertex   4.464836e+01 -1.549316e+01 -1.418995e+01
      vertex   3.731967e+01 -7.250000e+00 -1.418995e+01
    endloop
  endfacet
  facet normal 0.000000e+00 0.000000e+00 1.000000e+00
    outer loop
      vertex   3.731967e+01 -7.250000e+00 -1.418995e+01
      vertex   4.464836e+01 -1.549316e+01 -1.418995e+01
      vertex   4.490234e+01 -1.495342e+01 -1.418995e+01
    endloop
  endfacet
  facet normal 0.000000e+00 0.000000e+00 1.000000e+00
    outer loop
      vertex   3.731967e+01 -7.250000e+00 -1.418995e+01
      vertex   4.490234e+01 -1.495342e+01 -1.418995e+01
      vertex   4.522197e+01 -1.444977e+01 -1.418995e+01
    endloop
  endfacet
  facet normal 0.000000e+00 -0.000000e+00 1.000000e+00
    outer loop
      vertex   4.062860e+01 -2.021338e+01 -1.418995e+01
      vertex   4.446403e+01 -1.842302e+01 -1.418995e+01
      vertex   4.039224e+01 -1.942959e+01 -1.418995e+01
    endloop
  endfacet
  facet normal 0.000000e+00 0.000000e+00 1.000000e+00
    outer loop
      vertex   4.039224e+01 -1.942959e+01 -1.418995e+01
      vertex   4.446403e+01 -1.842302e+01 -1.418995e+01
      vertex   4.435225e+01 -1.783708e+01 -1.418995e+01
    endloop
  endfacet
  facet normal 0.000000e+00 0.000000e+00 1.000000e+00
    outer loop
      vertex   4.039224e+01 -1.942959e+01 -1.418995e+01
      vertex   4.435225e+01 -1.783708e+01 -1.418995e+01
      vertex   4.431480e+01 -1.724175e+01 -1.418995e+01
    endloop
  endfacet
  facet normal 0.000000e+00 0.000000e+00 1.000000e+00
    outer loop
      vertex   4.446403e+01 -1.842302e+01 -1.418995e+01
      vertex   4.062860e+01 -2.021338e+01 -1.418995e+01
      vertex   4.464836e+01 -1.899034e+01 -1.418995e+01
    endloop
  endfacet
  facet normal 0.000000e+00 0.000000e+00 1.000000e+00
    outer loop
      vertex   4.464836e+01 -1.899034e+01 -1.418995e+01
      vertex   4.062860e+01 -2.021338e+01 -1.418995e+01
      vertex   4.093564e+01 -2.097227e+01 -1.418995e+01
    endloop
  endfacet
  facet normal 0.000000e+00 0.000000e+00 1.000000e+00
    outer loop
      vertex   4.464836e+01 -1.899034e+01 -1.418995e+01
      vertex   4.093564e+01 -2.097227e+01 -1.418995e+01
      vertex   4.131078e+01 -2.169991e+01 -1.418995e+01
    endloop
  endfacet
  facet normal 0.000000e+00 0.000000e+00 1.000000e+00
    outer loop
      vertex   4.464836e+01 -1.899034e+01 -1.418995e+01
      vertex   4.131078e+01 -2.169991e+01 -1.418995e+01
      vertex   4.490234e+01 -1.953008e+01 -1.418995e+01
    endloop
  endfacet
  facet normal 0.000000e+00 0.000000e+00 1.000000e+00
    outer loop
      vertex   4.490234e+01 -1.953008e+01 -1.418995e+01
      vertex   4.131078e+01 -2.169991e+01 -1.418995e+01
      vertex   4.175088e+01 -2.239020e+01 -1.418995e+01
    endloop
  endfacet
  facet normal 0.000000e+00 0.000000e+00 1.000000e+00
    outer loop
      vertex   4.490234e+01 -1.953008e+01 -1.418995e+01
      vertex   4.175088e+01 -2.239020e+01 -1.418995e+01
      vertex   4.522197e+01 -2.003373e+01 -1.418995e+01
    endloop
  endfacet
  facet normal 0.000000e+00 0.000000e+00 1.000000e+00
    outer loop
      vertex   4.522197e+01 -2.003373e+01 -1.418995e+01
      vertex   4.175088e+01 -2.239020e+01 -1.418995e+01
      vertex   4.225225e+01 -2.303736e+01 -1.418995e+01
    endloop
  endfacet
  facet normal 0.000000e+00 0.000000e+00 1.000000e+00
    outer loop
      vertex   4.522197e+01 -2.003373e+01 -1.418995e+01
      vertex   4.225225e+01 -2.303736e+01 -1.418995e+01
      vertex   4.560220e+01 -2.049335e+01 -1.418995e+01
    endloop
  endfacet
  facet normal 0.000000e+00 0.000000e+00 1.000000e+00
    outer loop
      vertex   4.560220e+01 -2.049335e+01 -1.418995e+01
      vertex   4.225225e+01 -2.303736e+01 -1.418995e+01
      vertex   4.281069e+01 -2.363597e+01 -1.418995e+01
    endloop
  endfacet
  facet normal 0.000000e+00 0.000000e+00 1.000000e+00
    outer loop
      vertex   4.560220e+01 -2.049335e+01 -1.418995e+01
      vertex   4.281069e+01 -2.363597e+01 -1.418995e+01
      vertex   4.342152e+01 -2.418101e+01 -1.418995e+01
    endloop
  endfacet
  facet normal 0.000000e+00 0.000000e+00 1.000000e+00
    outer loop
      vertex   4.560220e+01 -2.049335e+01 -1.418995e+01
      vertex   4.342152e+01 -2.418101e+01 -1.418995e+01
      vertex   4.603704e+01 -2.090169e+01 -1.418995e+01
    endloop
  endfacet
  facet normal 0.000000e+00 0.000000e+00 1.000000e+00
    outer loop
      vertex   4.603704e+01 -2.090169e+01 -1.418995e+01
      vertex   4.342152e+01 -2.418101e+01 -1.418995e+01
      vertex   4.407963e+01 -2.466792e+01 -1.418995e+01
    endloop
  endfacet
  facet normal 0.000000e+00 0.000000e+00 1.000000e+00
    outer loop
      vertex   4.603704e+01 -2.090169e+01 -1.418995e+01
      vertex   4.407963e+01 -2.466792e+01 -1.418995e+01
      vertex   4.651962e+01 -2.125231e+01 -1.418995e+01
    endloop
  endfacet
  facet normal 0.000000e+00 0.000000e+00 1.000000e+00
    outer loop
      vertex   4.651962e+01 -2.125231e+01 -1.418995e+01
      vertex   4.407963e+01 -2.466792e+01 -1.418995e+01
      vertex   4.477950e+01 -2.509262e+01 -1.418995e+01
    endloop
  endfacet
  facet normal 0.000000e+00 0.000000e+00 1.000000e+00
    outer loop
      vertex   4.651962e+01 -2.125231e+01 -1.418995e+01
      vertex   4.477950e+01 -2.509262e+01 -1.418995e+01
      vertex   4.704235e+01 -2.153968e+01 -1.418995e+01
    endloop
  endfacet
  facet normal 0.000000e+00 0.000000e+00 1.000000e+00
    outer loop
      vertex   4.704235e+01 -2.153968e+01 -1.418995e+01
      vertex   4.477950e+01 -2.509262e+01 -1.418995e+01
      vertex   4.551527e+01 -2.545155e+01 -1.418995e+01
    endloop
  endfacet
  facet normal 0.000000e+00 0.000000e+00 1.000000e+00
    outer loop
      vertex   4.704235e+01 -2.153968e+01 -1.418995e+01
      vertex   4.551527e+01 -2.545155e+01 -1.418995e+01
      vertex   4.628078e+01 -2.574170e+01 -1.418995e+01
    endloop
  endfacet
  facet normal 0.000000e+00 0.000000e+00 1.000000e+00
    outer loop
      vertex   4.704235e+01 -2.153968e+01 -1.418995e+01
      vertex   4.628078e+01 -2.574170e+01 -1.418995e+01
      vertex   4.759697e+01 -2.175927e+01 -1.418995e+01
    endloop
  endfacet
  facet normal 0.000000e+00 0.000000e+00 1.000000e+00
    outer loop
      vertex   4.759697e+01 -2.175927e+01 -1.418995e+01
      vertex   4.628078e+01 -2.574170e+01 -1.418995e+01
      vertex   4.706961e+01 -2.596065e+01 -1.418995e+01
    endloop
  endfacet
  facet normal 0.000000e+00 0.000000e+00 1.000000e+00
    outer loop
      vertex   4.759697e+01 -2.175927e+01 -1.418995e+01
      vertex   4.706961e+01 -2.596065e+01 -1.418995e+01
      vertex   4.817474e+01 -2.190761e+01 -1.418995e+01
    endloop
  endfacet
  facet normal 0.000000e+00 0.000000e+00 1.000000e+00
    outer loop
      vertex   4.817474e+01 -2.190761e+01 -1.418995e+01
      vertex   4.706961e+01 -2.596065e+01 -1.418995e+01
      vertex   4.787515e+01 -2.610655e+01 -1.418995e+01
    endloop
  endfacet
  facet normal 0.000000e+00 0.000000e+00 1.000000e+00
    outer loop
      vertex   4.817474e+01 -2.190761e+01 -1.418995e+01
      vertex   4.787515e+01 -2.610655e+01 -1.418995e+01
      vertex   4.876654e+01 -2.198237e+01 -1.418995e+01
    endloop
  endfacet
  facet normal 0.000000e+00 0.000000e+00 1.000000e+00
    outer loop
      vertex   4.876654e+01 -2.198237e+01 -1.418995e+01
      vertex   4.787515e+01 -2.610655e+01 -1.418995e+01
      vertex   4.869066e+01 -2.617819e+01 -1.418995e+01
    endloop
  endfacet
  facet normal -0.000000e+00 0.000000e+00 1.000000e+00
    outer loop
      vertex   4.876654e+01 -2.198237e+01 -1.418995e+01
      vertex   4.869066e+01 -2.617819e+01 -1.418995e+01
      vertex   4.936305e+01 -2.198237e+01 -1.418995e+01
    endloop
  endfacet
  facet normal 0.000000e+00 0.000000e+00 1.000000e+00
    outer loop
      vertex   4.936305e+01 -2.198237e+01 -1.418995e+01
      vertex   4.869066e+01 -2.617819e+01 -1.418995e+01
      vertex   4.950931e+01 -2.617497e+01 -1.418995e+01
    endloop
  endfacet
  facet normal 0.000000e+00 0.000000e+00 1.000000e+00
    outer loop
      vertex   4.936305e+01 -2.198237e+01 -1.418995e+01
      vertex   4.950931e+01 -2.617497e+01 -1.418995e+01
      vertex   5.032423e+01 -2.609691e+01 -1.418995e+01
    endloop
  endfacet
  facet normal -0.000000e+00 0.000000e+00 1.000000e+00
    outer loop
      vertex   4.936305e+01 -2.198237e+01 -1.418995e+01
      vertex   5.032423e+01 -2.609691e+01 -1.418995e+01
      vertex   4.995486e+01 -2.190761e+01 -1.418995e+01
    endloop
  endfacet
  facet normal 0.000000e+00 0.000000e+00 1.000000e+00
    outer loop
      vertex   4.995486e+01 -2.190761e+01 -1.418995e+01
      vertex   5.032423e+01 -2.609691e+01 -1.418995e+01
      vertex   5.112860e+01 -2.594466e+01 -1.418995e+01
    endloop
  endfacet
  facet normal -0.000000e+00 0.000000e+00 1.000000e+00
    outer loop
      vertex   4.995486e+01 -2.190761e+01 -1.418995e+01
      vertex   5.112860e+01 -2.594466e+01 -1.418995e+01
      vertex   5.053263e+01 -2.175927e+01 -1.418995e+01
    endloop
  endfacet
  facet normal 0.000000e+00 0.000000e+00 1.000000e+00
    outer loop
      vertex   5.053263e+01 -2.175927e+01 -1.418995e+01
      vertex   5.112860e+01 -2.594466e+01 -1.418995e+01
      vertex   5.191568e+01 -2.571951e+01 -1.418995e+01
    endloop
  endfacet
  facet normal -0.000000e+00 0.000000e+00 1.000000e+00
    outer loop
      vertex   5.053263e+01 -2.175927e+01 -1.418995e+01
      vertex   5.191568e+01 -2.571951e+01 -1.418995e+01
      vertex   5.108725e+01 -2.153968e+01 -1.418995e+01
    endloop
  endfacet
  facet normal 0.000000e+00 0.000000e+00 1.000000e+00
    outer loop
      vertex   5.108725e+01 -2.153968e+01 -1.418995e+01
      vertex   5.191568e+01 -2.571951e+01 -1.418995e+01
      vertex   5.267888e+01 -2.542334e+01 -1.418995e+01
    endloop
  endfacet
  facet normal -0.000000e+00 0.000000e+00 1.000000e+00
    outer loop
      vertex   5.108725e+01 -2.153968e+01 -1.418995e+01
      vertex   5.267888e+01 -2.542334e+01 -1.418995e+01
      vertex   5.160998e+01 -2.125231e+01 -1.418995e+01
    endloop
  endfacet
  facet normal 0.000000e+00 0.000000e+00 1.000000e+00
    outer loop
      vertex   5.160998e+01 -2.125231e+01 -1.418995e+01
      vertex   5.267888e+01 -2.542334e+01 -1.418995e+01
      vertex   5.341180e+01 -2.505863e+01 -1.418995e+01
    endloop
  endfacet
  facet normal 0.000000e+00 0.000000e+00 1.000000e+00
    outer loop
      vertex   5.160998e+01 -2.125231e+01 -1.418995e+01
      vertex   5.341180e+01 -2.505863e+01 -1.418995e+01
      vertex   5.410830e+01 -2.462843e+01 -1.418995e+01
    endloop
  endfacet
  facet normal -0.000000e+00 0.000000e+00 1.000000e+00
    outer loop
      vertex   5.160998e+01 -2.125231e+01 -1.418995e+01
      vertex   5.410830e+01 -2.462843e+01 -1.418995e+01
      vertex   5.209256e+01 -2.090169e+01 -1.418995e+01
    endloop
  endfacet
  facet normal 0.000000e+00 0.000000e+00 1.000000e+00
    outer loop
      vertex   5.209256e+01 -2.090169e+01 -1.418995e+01
      vertex   5.410830e+01 -2.462843e+01 -1.418995e+01
      vertex   5.476256e+01 -2.413635e+01 -1.418995e+01
    endloop
  endfacet
  facet normal -0.000000e+00 0.000000e+00 1.000000e+00
    outer loop
      vertex   5.209256e+01 -2.090169e+01 -1.418995e+01
      vertex   5.476256e+01 -2.413635e+01 -1.418995e+01
      vertex   5.252740e+01 -2.049335e+01 -1.418995e+01
    endloop
  endfacet
  facet normal 0.000000e+00 0.000000e+00 1.000000e+00
    outer loop
      vertex   5.252740e+01 -2.049335e+01 -1.418995e+01
      vertex   5.476256e+01 -2.413635e+01 -1.418995e+01
      vertex   5.536908e+01 -2.358652e+01 -1.418995e+01
    endloop
  endfacet
  facet normal -0.000000e+00 0.000000e+00 1.000000e+00
    outer loop
      vertex   5.252740e+01 -2.049335e+01 -1.418995e+01
      vertex   5.536908e+01 -2.358652e+01 -1.418995e+01
      vertex   5.290763e+01 -2.003373e+01 -1.418995e+01
    endloop
  endfacet
  facet normal 0.000000e+00 0.000000e+00 1.000000e+00
    outer loop
      vertex   5.290763e+01 -2.003373e+01 -1.418995e+01
      vertex   5.536908e+01 -2.358652e+01 -1.418995e+01
      vertex   5.592279e+01 -2.298353e+01 -1.418995e+01
    endloop
  endfacet
  facet normal 0.000000e+00 0.000000e+00 1.000000e+00
    outer loop
      vertex   5.290763e+01 -2.003373e+01 -1.418995e+01
      vertex   5.592279e+01 -2.298353e+01 -1.418995e+01
      vertex   5.641904e+01 -2.233244e+01 -1.418995e+01
    endloop
  endfacet
  facet normal -0.000000e+00 0.000000e+00 1.000000e+00
    outer loop
      vertex   5.290763e+01 -2.003373e+01 -1.418995e+01
      vertex   5.641904e+01 -2.233244e+01 -1.418995e+01
      vertex   5.322726e+01 -1.953008e+01 -1.418995e+01
    endloop
  endfacet
  facet normal 0.000000e+00 0.000000e+00 1.000000e+00
    outer loop
      vertex   5.322726e+01 -1.953008e+01 -1.418995e+01
      vertex   5.641904e+01 -2.233244e+01 -1.418995e+01
      vertex   5.685369e+01 -2.163870e+01 -1.418995e+01
    endloop
  endfacet
  facet normal -0.000000e+00 0.000000e+00 1.000000e+00
    outer loop
      vertex   5.322726e+01 -1.953008e+01 -1.418995e+01
      vertex   5.685369e+01 -2.163870e+01 -1.418995e+01
      vertex   5.348124e+01 -1.899034e+01 -1.418995e+01
    endloop
  endfacet
  facet normal 0.000000e+00 0.000000e+00 1.000000e+00
    outer loop
      vertex   5.348124e+01 -1.899034e+01 -1.418995e+01
      vertex   5.685369e+01 -2.163870e+01 -1.418995e+01
      vertex   5.722309e+01 -2.090813e+01 -1.418995e+01
    endloop
  endfacet
  facet normal 0.000000e+00 0.000000e+00 1.000000e+00
    outer loop
      vertex   5.348124e+01 -1.899034e+01 -1.418995e+01
      vertex   5.722309e+01 -2.090813e+01 -1.418995e+01
      vertex   5.752414e+01 -2.014684e+01 -1.418995e+01
    endloop
  endfacet
  facet normal -0.000000e+00 0.000000e+00 1.000000e+00
    outer loop
      vertex   5.348124e+01 -1.899034e+01 -1.418995e+01
      vertex   5.752414e+01 -2.014684e+01 -1.418995e+01
      vertex   5.366557e+01 -1.842302e+01 -1.418995e+01
    endloop
  endfacet
  facet normal 0.000000e+00 0.000000e+00 1.000000e+00
    outer loop
      vertex   5.366557e+01 -1.842302e+01 -1.418995e+01
      vertex   5.752414e+01 -2.014684e+01 -1.418995e+01
      vertex   5.775432e+01 -1.936122e+01 -1.418995e+01
    endloop
  endfacet
  facet normal -0.000000e+00 0.000000e+00 1.000000e+00
    outer loop
      vertex   5.366557e+01 -1.842302e+01 -1.418995e+01
      vertex   5.775432e+01 -1.936122e+01 -1.418995e+01
      vertex   5.377734e+01 -1.783708e+01 -1.418995e+01
    endloop
  endfacet
  facet normal 0.000000e+00 0.000000e+00 1.000000e+00
    outer loop
      vertex   5.377734e+01 -1.783708e+01 -1.418995e+01
      vertex   5.775432e+01 -1.936122e+01 -1.418995e+01
      vertex   5.791171e+01 -1.855784e+01 -1.418995e+01
    endloop
  endfacet
  facet normal -0.000000e+00 0.000000e+00 1.000000e+00
    outer loop
      vertex   5.377734e+01 -1.783708e+01 -1.418995e+01
      vertex   5.791171e+01 -1.855784e+01 -1.418995e+01
      vertex   5.799499e+01 -1.774344e+01 -1.418995e+01
    endloop
  endfacet
  facet normal 0.000000e+00 0.000000e+00 1.000000e+00
    outer loop
      vertex   5.377734e+01 -1.783708e+01 -1.418995e+01
      vertex   5.799499e+01 -1.774344e+01 -1.418995e+01
      vertex   5.381480e+01 -1.724175e+01 -1.418995e+01
    endloop
  endfacet
  facet normal -0.000000e+00 0.000000e+00 1.000000e+00
    outer loop
      vertex   5.381480e+01 -1.724175e+01 -1.418995e+01
      vertex   5.799499e+01 -1.774344e+01 -1.418995e+01
      vertex   5.800346e+01 -1.692483e+01 -1.418995e+01
    endloop
  endfacet
  facet normal 0.000000e+00 -0.000000e+00 1.000000e+00
    outer loop
      vertex   5.381480e+01 -1.724175e+01 -1.418995e+01
      vertex   5.800346e+01 -1.692483e+01 -1.418995e+01
      vertex   5.377734e+01 -1.664641e+01 -1.418995e+01
    endloop
  endfacet
  facet normal -0.000000e+00 0.000000e+00 1.000000e+00
    outer loop
      vertex   5.377734e+01 -1.664641e+01 -1.418995e+01
      vertex   5.800346e+01 -1.692483e+01 -1.418995e+01
      vertex   5.793704e+01 -1.610888e+01 -1.418995e+01
    endloop
  endfacet
  facet normal 0.000000e+00 0.000000e+00 1.000000e+00
    outer loop
      vertex   5.377734e+01 -1.664641e+01 -1.418995e+01
      vertex   5.793704e+01 -1.610888e+01 -1.418995e+01
      vertex   5.779629e+01 -1.530242e+01 -1.418995e+01
    endloop
  endfacet
  facet normal 0.000000e+00 -0.000000e+00 1.000000e+00
    outer loop
      vertex   5.377734e+01 -1.664641e+01 -1.418995e+01
      vertex   5.779629e+01 -1.530242e+01 -1.418995e+01
      vertex   5.366557e+01 -1.606047e+01 -1.418995e+01
    endloop
  endfacet
  facet normal 0.000000e+00 0.000000e+00 1.000000e+00
    outer loop
      vertex   5.366557e+01 -1.606047e+01 -1.418995e+01
      vertex   5.779629e+01 -1.530242e+01 -1.418995e+01
      vertex   5.758240e+01 -1.451220e+01 -1.418995e+01
    endloop
  endfacet
  facet normal 0.000000e+00 -0.000000e+00 1.000000e+00
    outer loop
      vertex   5.366557e+01 -1.606047e+01 -1.418995e+01
      vertex   5.758240e+01 -1.451220e+01 -1.418995e+01
      vertex   5.348124e+01 -1.549316e+01 -1.418995e+01
    endloop
  endfacet
  facet normal 0.000000e+00 0.000000e+00 1.000000e+00
    outer loop
      vertex   5.348124e+01 -1.549316e+01 -1.418995e+01
      vertex   5.758240e+01 -1.451220e+01 -1.418995e+01
      vertex   5.729716e+01 -1.374485e+01 -1.418995e+01
    endloop
  endfacet
  facet normal 0.000000e+00 0.000000e+00 1.000000e+00
    outer loop
      vertex   5.348124e+01 -1.549316e+01 -1.418995e+01
      vertex   5.729716e+01 -1.374485e+01 -1.418995e+01
      vertex   5.694295e+01 -1.300680e+01 -1.418995e+01
    endloop
  endfacet
  facet normal 0.000000e+00 -0.000000e+00 1.000000e+00
    outer loop
      vertex   5.348124e+01 -1.549316e+01 -1.418995e+01
      vertex   5.694295e+01 -1.300680e+01 -1.418995e+01
      vertex   5.322726e+01 -1.495342e+01 -1.418995e+01
    endloop
  endfacet
  facet normal 0.000000e+00 0.000000e+00 1.000000e+00
    outer loop
      vertex   5.322726e+01 -1.495342e+01 -1.418995e+01
      vertex   5.694295e+01 -1.300680e+01 -1.418995e+01
      vertex   5.652274e+01 -1.230422e+01 -1.418995e+01
    endloop
  endfacet
  facet normal 0.000000e+00 -0.000000e+00 1.000000e+00
    outer loop
      vertex   5.322726e+01 -1.495342e+01 -1.418995e+01
      vertex   5.652274e+01 -1.230422e+01 -1.418995e+01
      vertex   5.290763e+01 -1.444977e+01 -1.418995e+01
    endloop
  endfacet
  facet normal 0.000000e+00 0.000000e+00 1.000000e+00
    outer loop
      vertex   5.290763e+01 -1.444977e+01 -1.418995e+01
      vertex   5.652274e+01 -1.230422e+01 -1.418995e+01
      vertex   5.604005e+01 -1.164301e+01 -1.418995e+01
    endloop
  endfacet
  facet normal 0.000000e+00 0.000000e+00 1.000000e+00
    outer loop
      vertex   5.290763e+01 -1.444977e+01 -1.418995e+01
      vertex   5.604005e+01 -1.164301e+01 -1.418995e+01
      vertex   5.549893e+01 -1.102870e+01 -1.418995e+01
    endloop
  endfacet
  facet normal 0.000000e+00 0.000000e+00 1.000000e+00
    outer loop
      vertex   4.882241e+01 -4.114603e+00 -1.418995e+01
      vertex   4.832251e+01 -6.546367e+00 -1.418995e+01
      vertex   5.549893e+01 -1.102870e+01 -1.418995e+01
    endloop
  endfacet
  facet normal 0.000000e+00 0.000000e+00 1.000000e+00
    outer loop
      vertex   5.549893e+01 -1.102870e+01 -1.418995e+01
      vertex   4.832251e+01 -6.546367e+00 -1.418995e+01
      vertex   5.053263e+01 -1.272423e+01 -1.418995e+01
    endloop
  endfacet
  facet normal 0.000000e+00 0.000000e+00 1.000000e+00
    outer loop
      vertex   5.549893e+01 -1.102870e+01 -1.418995e+01
      vertex   5.053263e+01 -1.272423e+01 -1.418995e+01
      vertex   5.108725e+01 -1.294382e+01 -1.418995e+01
    endloop
  endfacet
  facet normal 1.665187e-14 -3.423107e-15 1.000000e+00
    outer loop
      vertex   4.882241e+01 -4.114603e+00 -1.418995e+01
      vertex   4.864779e+01 -3.926172e+00 -1.418995e+01
      vertex   4.832251e+01 -6.546367e+00 -1.418995e+01
    endloop
  endfacet
  facet normal -1.387550e-15 -1.183643e-15 1.000000e+00
    outer loop
      vertex   4.832251e+01 -6.546367e+00 -1.418995e+01
      vertex   4.864779e+01 -3.926172e+00 -1.418995e+01
      vertex   4.848107e+01 -3.730725e+00 -1.418995e+01
    endloop
  endfacet
  facet normal -1.500856e-15 -1.177262e-15 1.000000e+00
    outer loop
      vertex   4.832251e+01 -6.546367e+00 -1.418995e+01
      vertex   4.848107e+01 -3.730725e+00 -1.418995e+01
      vertex   4.832251e+01 -3.528591e+00 -1.418995e+01
    endloop
  endfacet
  facet normal 0.000000e+00 0.000000e+00 1.000000e+00
    outer loop
      vertex   5.053263e+01 -1.272423e+01 -1.418995e+01
      vertex   4.832251e+01 -6.546367e+00 -1.418995e+01
      vertex   4.995486e+01 -1.257588e+01 -1.418995e+01
    endloop
  endfacet
  facet normal 0.000000e+00 0.000000e+00 1.000000e+00
    outer loop
      vertex   4.995486e+01 -1.257588e+01 -1.418995e+01
      vertex   4.832251e+01 -6.546367e+00 -1.418995e+01
      vertex   4.823456e+01 -6.634321e+00 -1.418995e+01
    endloop
  endfacet
  facet normal 0.000000e+00 0.000000e+00 1.000000e+00
    outer loop
      vertex   4.995486e+01 -1.257588e+01 -1.418995e+01
      vertex   4.823456e+01 -6.634321e+00 -1.418995e+01
      vertex   4.819058e+01 -6.678298e+00 -1.418995e+01
    endloop
  endfacet
  facet normal 0.000000e+00 0.000000e+00 1.000000e+00
    outer loop
      vertex   4.819058e+01 -6.678298e+00 -1.418995e+01
      vertex   4.814660e+01 -6.722275e+00 -1.418995e+01
      vertex   4.995486e+01 -1.257588e+01 -1.418995e+01
    endloop
  endfacet
  facet normal 0.000000e+00 0.000000e+00 1.000000e+00
    outer loop
      vertex   4.995486e+01 -1.257588e+01 -1.418995e+01
      vertex   4.814660e+01 -6.722275e+00 -1.418995e+01
      vertex   4.810263e+01 -6.766252e+00 -1.418995e+01
    endloop
  endfacet
  facet normal 0.000000e+00 0.000000e+00 1.000000e+00
    outer loop
      vertex   4.995486e+01 -1.257588e+01 -1.418995e+01
      vertex   4.810263e+01 -6.766252e+00 -1.418995e+01
      vertex   4.805865e+01 -6.810229e+00 -1.418995e+01
    endloop
  endfacet
  facet normal 0.000000e+00 0.000000e+00 1.000000e+00
    outer loop
      vertex   4.805865e+01 -6.810229e+00 -1.418995e+01
      vertex   4.801467e+01 -6.854206e+00 -1.418995e+01
      vertex   4.995486e+01 -1.257588e+01 -1.418995e+01
    endloop
  endfacet
  facet normal 0.000000e+00 0.000000e+00 1.000000e+00
    outer loop
      vertex   4.995486e+01 -1.257588e+01 -1.418995e+01
      vertex   4.801467e+01 -6.854206e+00 -1.418995e+01
      vertex   4.797070e+01 -6.898183e+00 -1.418995e+01
    endloop
  endfacet
  facet normal 0.000000e+00 0.000000e+00 1.000000e+00
    outer loop
      vertex   4.995486e+01 -1.257588e+01 -1.418995e+01
      vertex   4.797070e+01 -6.898183e+00 -1.418995e+01
      vertex   4.936305e+01 -1.250112e+01 -1.418995e+01
    endloop
  endfacet
  facet normal 0.000000e+00 0.000000e+00 1.000000e+00
    outer loop
      vertex   4.936305e+01 -1.250112e+01 -1.418995e+01
      vertex   4.797070e+01 -6.898183e+00 -1.418995e+01
      vertex   4.788274e+01 -6.986138e+00 -1.418995e+01
    endloop
  endfacet
  facet normal 0.000000e+00 0.000000e+00 1.000000e+00
    outer loop
      vertex   4.936305e+01 -1.250112e+01 -1.418995e+01
      vertex   4.788274e+01 -6.986138e+00 -1.418995e+01
      vertex   4.779479e+01 -7.074092e+00 -1.418995e+01
    endloop
  endfacet
  facet normal 0.000000e+00 0.000000e+00 1.000000e+00
    outer loop
      vertex   4.779479e+01 -7.074092e+00 -1.418995e+01
      vertex   4.775081e+01 -7.118069e+00 -1.418995e+01
      vertex   4.936305e+01 -1.250112e+01 -1.418995e+01
    endloop
  endfacet
  facet normal 0.000000e+00 0.000000e+00 1.000000e+00
    outer loop
      vertex   4.936305e+01 -1.250112e+01 -1.418995e+01
      vertex   4.775081e+01 -7.118069e+00 -1.418995e+01
      vertex   4.770683e+01 -7.162046e+00 -1.418995e+01
    endloop
  endfacet
  facet normal 0.000000e+00 0.000000e+00 1.000000e+00
    outer loop
      vertex   4.936305e+01 -1.250112e+01 -1.418995e+01
      vertex   4.770683e+01 -7.162046e+00 -1.418995e+01
      vertex   4.766286e+01 -7.206023e+00 -1.418995e+01
    endloop
  endfacet
  facet normal 0.000000e+00 0.000000e+00 1.000000e+00
    outer loop
      vertex   4.766286e+01 -7.206023e+00 -1.418995e+01
      vertex   4.761888e+01 -7.250000e+00 -1.418995e+01
      vertex   4.936305e+01 -1.250112e+01 -1.418995e+01
    endloop
  endfacet
  facet normal 0.000000e+00 0.000000e+00 1.000000e+00
    outer loop
      vertex   4.936305e+01 -1.250112e+01 -1.418995e+01
      vertex   4.761888e+01 -7.250000e+00 -1.418995e+01
      vertex   4.876654e+01 -1.250112e+01 -1.418995e+01
    endloop
  endfacet
  facet normal 0.000000e+00 0.000000e+00 1.000000e+00
    outer loop
      vertex   4.876654e+01 -1.250112e+01 -1.418995e+01
      vertex   4.761888e+01 -7.250000e+00 -1.418995e+01
      vertex   4.817474e+01 -1.257588e+01 -1.418995e+01
    endloop
  endfacet
  facet normal 0.000000e+00 0.000000e+00 1.000000e+00
    outer loop
      vertex   4.817474e+01 -1.257588e+01 -1.418995e+01
      vertex   4.761888e+01 -7.250000e+00 -1.418995e+01
      vertex   4.759697e+01 -1.272423e+01 -1.418995e+01
    endloop
  endfacet
  facet normal 0.000000e+00 -0.000000e+00 1.000000e+00
    outer loop
      vertex   4.759697e+01 -1.272423e+01 -1.418995e+01
      vertex   4.761888e+01 -7.250000e+00 -1.418995e+01
      vertex   4.704235e+01 -1.294382e+01 -1.418995e+01
    endloop
  endfacet
  facet normal 0.000000e+00 -0.000000e+00 1.000000e+00
    outer loop
      vertex   4.431480e+01 -1.724175e+01 -1.418995e+01
      vertex   4.435225e+01 -1.664641e+01 -1.418995e+01
      vertex   4.039224e+01 -1.942959e+01 -1.418995e+01
    endloop
  endfacet
  facet normal 0.000000e+00 0.000000e+00 1.000000e+00
    outer loop
      vertex   4.039224e+01 -1.942959e+01 -1.418995e+01
      vertex   4.435225e+01 -1.664641e+01 -1.418995e+01
      vertex   4.446403e+01 -1.606047e+01 -1.418995e+01
    endloop
  endfacet
  facet normal 0.000000e+00 0.000000e+00 1.000000e+00
    outer loop
      vertex   4.039224e+01 -1.942959e+01 -1.418995e+01
      vertex   4.446403e+01 -1.606047e+01 -1.418995e+01
      vertex   4.464836e+01 -1.549316e+01 -1.418995e+01
    endloop
  endfacet
  facet normal 0.000000e+00 -0.000000e+00 1.000000e+00
    outer loop
      vertex   4.522197e+01 -1.444977e+01 -1.418995e+01
      vertex   4.560220e+01 -1.399015e+01 -1.418995e+01
      vertex   3.731967e+01 -7.250000e+00 -1.418995e+01
    endloop
  endfacet
  facet normal 0.000000e+00 0.000000e+00 1.000000e+00
    outer loop
      vertex   3.731967e+01 -7.250000e+00 -1.418995e+01
      vertex   4.560220e+01 -1.399015e+01 -1.418995e+01
      vertex   4.603704e+01 -1.358181e+01 -1.418995e+01
    endloop
  endfacet
  facet normal -0.000000e+00 0.000000e+00 1.000000e+00
    outer loop
      vertex   5.108725e+01 -1.294382e+01 -1.418995e+01
      vertex   5.160998e+01 -1.323119e+01 -1.418995e+01
      vertex   5.549893e+01 -1.102870e+01 -1.418995e+01
    endloop
  endfacet
  facet normal 0.000000e+00 0.000000e+00 1.000000e+00
    outer loop
      vertex   5.549893e+01 -1.102870e+01 -1.418995e+01
      vertex   5.160998e+01 -1.323119e+01 -1.418995e+01
      vertex   5.209256e+01 -1.358181e+01 -1.418995e+01
    endloop
  endfacet
  facet normal 0.000000e+00 0.000000e+00 1.000000e+00
    outer loop
      vertex   5.549893e+01 -1.102870e+01 -1.418995e+01
      vertex   5.209256e+01 -1.358181e+01 -1.418995e+01
      vertex   5.252740e+01 -1.399015e+01 -1.418995e+01
    endloop
  endfacet
  facet normal -0.000000e+00 0.000000e+00 1.000000e+00
    outer loop
      vertex   5.252740e+01 -1.399015e+01 -1.418995e+01
      vertex   5.290763e+01 -1.444977e+01 -1.418995e+01
      vertex   5.549893e+01 -1.102870e+01 -1.418995e+01
    endloop
  endfacet
  facet normal 7.334819e-01 6.797090e-01 3.018514e-16
    outer loop
      vertex   4.882241e+01 -4.114603e+00 -1.418995e+01
      vertex   4.882241e+01 -4.114603e+00 -2.018995e+01
      vertex   4.864779e+01 -3.926172e+00 -1.418995e+01
    endloop
  endfacet
  facet normal 7.546587e-01 6.561162e-01 1.357240e-03
    outer loop
      vertex   4.864779e+01 -3.926172e+00 -1.418995e+01
      vertex   4.882241e+01 -4.114603e+00 -2.018995e+01
      vertex   4.839401e+01 -3.621868e+00 -2.018995e+01
    endloop
  endfacet
  facet normal 7.607948e-01 6.489921e-01 7.363885e-04
    outer loop
      vertex   4.864779e+01 -3.926172e+00 -1.418995e+01
      vertex   4.839401e+01 -3.621868e+00 -2.018995e+01
      vertex   4.848107e+01 -3.730725e+00 -1.418995e+01
    endloop
  endfacet
  facet normal 7.868228e-01 6.171790e-01 -2.184215e-04
    outer loop
      vertex   4.848107e+01 -3.730725e+00 -1.418995e+01
      vertex   4.839401e+01 -3.621868e+00 -2.018995e+01
      vertex   4.832251e+01 -3.528591e+00 -1.418995e+01
    endloop
  endfacet
  facet normal 8.113230e-01 5.845978e-01 5.800563e-04
    outer loop
      vertex   4.832251e+01 -3.528591e+00 -1.418995e+01
      vertex   4.839401e+01 -3.621868e+00 -2.018995e+01
      vertex   4.817989e+01 -3.330656e+00 -1.418160e+01
    endloop
  endfacet
  facet normal 8.189901e-01 5.738060e-01 1.376361e-03
    outer loop
      vertex   4.817989e+01 -3.330656e+00 -1.418160e+01
      vertex   4.839401e+01 -3.621868e+00 -2.018995e+01
      vertex   4.801936e+01 -3.087129e+00 -2.018995e+01
    endloop
  endfacet
  facet normal 8.336798e-01 5.522481e-01 1.101296e-04
    outer loop
      vertex   4.817989e+01 -3.330656e+00 -1.418160e+01
      vertex   4.801936e+01 -3.087129e+00 -2.018995e+01
      vertex   4.804136e+01 -3.121544e+00 -1.415761e+01
    endloop
  endfacet
  facet normal 8.652145e-01 5.014018e-01 -2.949589e-04
    outer loop
      vertex   4.804136e+01 -3.121544e+00 -1.415761e+01
      vertex   4.801936e+01 -3.087129e+00 -2.018995e+01
      vertex   4.778598e+01 -2.680802e+00 -1.406893e+01
    endloop
  endfacet
  facet normal 8.743838e-01 4.852336e-01 1.127930e-03
    outer loop
      vertex   4.778598e+01 -2.680802e+00 -1.406893e+01
      vertex   4.801936e+01 -3.087129e+00 -2.018995e+01
      vertex   4.770254e+01 -2.516223e+00 -2.018995e+01
    endloop
  endfacet
  facet normal 9.031696e-01 4.292832e-01 -7.688268e-04
    outer loop
      vertex   4.778598e+01 -2.680802e+00 -1.406893e+01
      vertex   4.770254e+01 -2.516223e+00 -2.018995e+01
      vertex   4.757163e+01 -2.229605e+00 -1.393907e+01
    endloop
  endfacet
  facet normal 9.202344e-01 3.913654e-01 1.327179e-03
    outer loop
      vertex   4.757163e+01 -2.229605e+00 -1.393907e+01
      vertex   4.770254e+01 -2.516223e+00 -2.018995e+01
      vertex   4.744701e+01 -1.915379e+00 -2.018995e+01
    endloop
  endfacet
  facet normal 9.335090e-01 3.585536e-01 -5.868978e-04
    outer loop
      vertex   4.757163e+01 -2.229605e+00 -1.393907e+01
      vertex   4.744701e+01 -1.915379e+00 -2.018995e+01
      vertex   4.740376e+01 -1.792291e+00 -1.378727e+01
    endloop
  endfacet
  facet normal 9.560427e-01 2.932263e-01 8.212074e-04
    outer loop
      vertex   4.740376e+01 -1.792291e+00 -1.378727e+01
      vertex   4.744701e+01 -1.915379e+00 -2.018995e+01
      vertex   4.725555e+01 -1.291156e+00 -2.018995e+01
    endloop
  endfacet
  facet normal 9.593120e-01 2.823481e-01 -1.059010e-04
    outer loop
      vertex   4.740376e+01 -1.792291e+00 -1.378727e+01
      vertex   4.725555e+01 -1.291156e+00 -2.018995e+01
      vertex   4.726872e+01 -1.333413e+00 -1.360844e+01
    endloop
  endfacet
  facet normal 9.768456e-01 2.139448e-01 -5.801595e-04
    outer loop
      vertex   4.726872e+01 -1.333413e+00 -1.360844e+01
      vertex   4.725555e+01 -1.291156e+00 -2.018995e+01
      vertex   4.716546e+01 -8.614116e-01 -1.340931e+01
    endloop
  endfacet
  facet normal 9.814167e-01 1.918869e-01 8.785671e-04
    outer loop
      vertex   4.716546e+01 -8.614116e-01 -1.340931e+01
      vertex   4.725555e+01 -1.291156e+00 -2.018995e+01
      vertex   4.713027e+01 -6.503648e-01 -2.018995e+01
    endloop
  endfacet
  facet normal 9.899116e-01 1.416843e-01 -7.280768e-04
    outer loop
      vertex   4.716546e+01 -8.614116e-01 -1.340931e+01
      vertex   4.713027e+01 -6.503648e-01 -2.018995e+01
      vertex   4.710112e+01 -4.108424e-01 -1.320586e+01
    endloop
  endfacet
  facet normal 9.960797e-01 8.845327e-02 1.123247e-03
    outer loop
      vertex   4.710112e+01 -4.108424e-01 -1.320586e+01
      vertex   4.713027e+01 -6.503648e-01 -2.018995e+01
      vertex   4.707251e+01 0.000000e+00 -2.018995e+01
    endloop
  endfacet
  facet normal 9.965580e-01 8.289442e-02 7.942852e-04
    outer loop
      vertex   4.710112e+01 -4.108424e-01 -1.320586e+01
      vertex   4.707251e+01 0.000000e+00 -2.018995e+01
      vertex   4.708167e+01 -1.781008e-01 -1.309102e+01
    endloop
  endfacet
  facet normal 9.983433e-01 5.753782e-02 1.558256e-04
    outer loop
      vertex   4.708167e+01 -1.781008e-01 -1.309102e+01
      vertex   4.707251e+01 0.000000e+00 -2.018995e+01
      vertex   4.707555e+01 -7.209419e-02 -1.302703e+01
    endloop
  endfacet
  facet normal 9.990294e-01 4.404764e-02 1.975715e-05
    outer loop
      vertex   4.707555e+01 -7.209419e-02 -1.302703e+01
      vertex   4.707251e+01 0.000000e+00 -2.018995e+01
      vertex   4.707345e+01 -2.458782e-02 -1.298846e+01
    endloop
  endfacet
  facet normal 9.992445e-01 3.886307e-02 2.027497e-06
    outer loop
      vertex   4.707345e+01 -2.458782e-02 -1.298846e+01
      vertex   4.707251e+01 0.000000e+00 -2.018995e+01
      vertex   4.707279e+01 -7.484997e-03 -1.296625e+01
    endloop
  endfacet
  facet normal 9.993123e-01 3.708097e-02 1.783413e-07
    outer loop
      vertex   4.707279e+01 -7.484997e-03 -1.296625e+01
      vertex   4.707251e+01 0.000000e+00 -2.018995e+01
      vertex   4.707259e+01 -2.124035e-03 -1.295387e+01
    endloop
  endfacet
  facet normal 9.993326e-01 3.652852e-02 1.596144e-08
    outer loop
      vertex   4.707259e+01 -2.124035e-03 -1.295387e+01
      vertex   4.707251e+01 0.000000e+00 -2.018995e+01
      vertex   4.707253e+01 -5.654096e-04 -1.294715e+01
    endloop
  endfacet
  facet normal 9.993401e-01 3.632433e-02 0.000000e+00
    outer loop
      vertex   4.707253e+01 -5.654096e-04 -1.294715e+01
      vertex   4.707251e+01 0.000000e+00 -2.018995e+01
      vertex   4.707251e+01 0.000000e+00 -1.293995e+01
    endloop
  endfacet
  facet normal 1.490662e-06 -1.415250e-01 9.899347e-01
    outer loop
      vertex   4.735973e+01 -6.972018e+00 -1.415865e+01
      vertex   4.231161e+01 -6.971933e+00 -1.415863e+01
      vertex   4.754772e+01 -7.175358e+00 -1.418772e+01
    endloop
  endfacet
  facet normal 6.895984e-04 -1.241463e-01 9.922637e-01
    outer loop
      vertex   4.754772e+01 -7.175358e+00 -1.418772e+01
      vertex   4.231161e+01 -6.971933e+00 -1.415863e+01
      vertex   3.731967e+01 -7.250000e+00 -1.418995e+01
    endloop
  endfacet
  facet normal 0.000000e+00 -2.987027e-02 9.995538e-01
    outer loop
      vertex   4.754772e+01 -7.175358e+00 -1.418772e+01
      vertex   3.731967e+01 -7.250000e+00 -1.418995e+01
      vertex   4.761888e+01 -7.250000e+00 -1.418995e+01
    endloop
  endfacet
  facet normal -1.363593e-06 -3.040046e-01 9.526706e-01
    outer loop
      vertex   4.735973e+01 -6.972018e+00 -1.415865e+01
      vertex   4.718145e+01 -6.770555e+00 -1.409436e+01
      vertex   4.231161e+01 -6.971933e+00 -1.415863e+01
    endloop
  endfacet
  facet normal 1.199597e-03 -3.302461e-01 9.438941e-01
    outer loop
      vertex   4.231161e+01 -6.971933e+00 -1.415863e+01
      vertex   4.718145e+01 -6.770555e+00 -1.409436e+01
      vertex   4.231161e+01 -6.707645e+00 -1.406616e+01
    endloop
  endfacet
  facet normal -1.917080e-06 -3.302463e-01 9.438948e-01
    outer loop
      vertex   4.231161e+01 -6.971933e+00 -1.415863e+01
      vertex   4.231161e+01 -6.707645e+00 -1.406616e+01
      vertex   3.724950e+01 -6.971849e+00 -1.415861e+01
    endloop
  endfacet
  facet normal 0.000000e+00 -3.302791e-01 9.438833e-01
    outer loop
      vertex   3.724950e+01 -6.971849e+00 -1.415861e+01
      vertex   4.231161e+01 -6.707645e+00 -1.406616e+01
      vertex   3.718285e+01 -6.707645e+00 -1.406616e+01
    endloop
  endfacet
  facet normal 0.000000e+00 -5.320321e-01 8.467242e-01
    outer loop
      vertex   3.718285e+01 -6.707645e+00 -1.406616e+01
      vertex   4.231161e+01 -6.707645e+00 -1.406616e+01
      vertex   4.231161e+01 -6.470638e+00 -1.391724e+01
    endloop
  endfacet
  facet normal 0.000000e+00 -5.320321e-01 8.467242e-01
    outer loop
      vertex   3.718285e+01 -6.707645e+00 -1.406616e+01
      vertex   4.231161e+01 -6.470638e+00 -1.391724e+01
      vertex   3.712306e+01 -6.470638e+00 -1.391724e+01
    endloop
  endfacet
  facet normal 0.000000e+00 -7.071068e-01 7.071068e-01
    outer loop
      vertex   3.712306e+01 -6.470638e+00 -1.391724e+01
      vertex   4.231161e+01 -6.470638e+00 -1.391724e+01
      vertex   4.231161e+01 -6.272711e+00 -1.371931e+01
    endloop
  endfacet
  facet normal 0.000000e+00 -7.071068e-01 7.071068e-01
    outer loop
      vertex   3.712306e+01 -6.470638e+00 -1.391724e+01
      vertex   4.231161e+01 -6.272711e+00 -1.371931e+01
      vertex   3.707313e+01 -6.272711e+00 -1.371931e+01
    endloop
  endfacet
  facet normal 0.000000e+00 -8.467242e-01 5.320321e-01
    outer loop
      vertex   3.707313e+01 -6.272711e+00 -1.371931e+01
      vertex   4.231161e+01 -6.272711e+00 -1.371931e+01
      vertex   4.231161e+01 -6.123789e+00 -1.348230e+01
    endloop
  endfacet
  facet normal -1.409557e-16 -8.467242e-01 5.320321e-01
    outer loop
      vertex   3.707313e+01 -6.272711e+00 -1.371931e+01
      vertex   4.231161e+01 -6.123789e+00 -1.348230e+01
      vertex   3.703556e+01 -6.123789e+00 -1.348230e+01
    endloop
  endfacet
  facet normal -1.588949e-16 -9.438833e-01 3.302791e-01
    outer loop
      vertex   3.703556e+01 -6.123789e+00 -1.348230e+01
      vertex   4.231161e+01 -6.123789e+00 -1.348230e+01
      vertex   4.231161e+01 -6.031340e+00 -1.321810e+01
    endloop
  endfacet
  facet normal 0.000000e+00 -9.438833e-01 3.302791e-01
    outer loop
      vertex   3.703556e+01 -6.123789e+00 -1.348230e+01
      vertex   4.231161e+01 -6.031340e+00 -1.321810e+01
      vertex   3.701224e+01 -6.031340e+00 -1.321810e+01
    endloop
  endfacet
  facet normal 0.000000e+00 -9.937122e-01 1.119645e-01
    outer loop
      vertex   3.701224e+01 -6.031340e+00 -1.321810e+01
      vertex   4.231161e+01 -6.031340e+00 -1.321810e+01
      vertex   3.700433e+01 -6.000000e+00 -1.293995e+01
    endloop
  endfacet
  facet normal 1.112484e-03 -9.911288e-01 1.329002e-01
    outer loop
      vertex   3.700433e+01 -6.000000e+00 -1.293995e+01
      vertex   4.231161e+01 -6.031340e+00 -1.321810e+01
      vertex   4.657772e+01 -6.007299e+00 -1.307452e+01
    endloop
  endfacet
  facet normal -9.269002e-17 -9.985323e-01 5.415861e-02
    outer loop
      vertex   3.700433e+01 -6.000000e+00 -1.293995e+01
      vertex   4.657772e+01 -6.007299e+00 -1.307452e+01
      vertex   4.657251e+01 -6.000000e+00 -1.293995e+01
    endloop
  endfacet
  facet normal -8.592350e-04 -4.636711e-01 8.860070e-01
    outer loop
      vertex   4.718145e+01 -6.770555e+00 -1.409436e+01
      vertex   4.701704e+01 -6.576341e+00 -1.399288e+01
      vertex   4.231161e+01 -6.707645e+00 -1.406616e+01
    endloop
  endfacet
  facet normal 1.660121e-03 -5.320313e-01 8.467230e-01
    outer loop
      vertex   4.231161e+01 -6.707645e+00 -1.406616e+01
      vertex   4.701704e+01 -6.576341e+00 -1.399288e+01
      vertex   4.231161e+01 -6.470638e+00 -1.391724e+01
    endloop
  endfacet
  facet normal -1.115777e-03 -6.143293e-01 7.890490e-01
    outer loop
      vertex   4.701704e+01 -6.576341e+00 -1.399288e+01
      vertex   4.687080e+01 -6.395734e+00 -1.385247e+01
      vertex   4.231161e+01 -6.470638e+00 -1.391724e+01
    endloop
  endfacet
  facet normal 1.572496e-03 -7.071059e-01 7.071059e-01
    outer loop
      vertex   4.231161e+01 -6.470638e+00 -1.391724e+01
      vertex   4.687080e+01 -6.395734e+00 -1.385247e+01
      vertex   4.231161e+01 -6.272711e+00 -1.371931e+01
    endloop
  endfacet
  facet normal -9.475159e-04 -7.504775e-01 6.608954e-01
    outer loop
      vertex   4.687080e+01 -6.395734e+00 -1.385247e+01
      vertex   4.674772e+01 -6.237424e+00 -1.367288e+01
      vertex   4.231161e+01 -6.272711e+00 -1.371931e+01
    endloop
  endfacet
  facet normal 1.166786e-03 -8.467236e-01 5.320317e-01
    outer loop
      vertex   4.231161e+01 -6.272711e+00 -1.371931e+01
      vertex   4.674772e+01 -6.237424e+00 -1.367288e+01
      vertex   4.231161e+01 -6.123789e+00 -1.348230e+01
    endloop
  endfacet
  facet normal -6.319528e-04 -8.653066e-01 5.012426e-01
    outer loop
      vertex   4.674772e+01 -6.237424e+00 -1.367288e+01
      vertex   4.665321e+01 -6.111255e+00 -1.345519e+01
      vertex   4.231161e+01 -6.123789e+00 -1.348230e+01
    endloop
  endfacet
  facet normal 6.625021e-04 -9.438831e-01 3.302790e-01
    outer loop
      vertex   4.231161e+01 -6.123789e+00 -1.348230e+01
      vertex   4.665321e+01 -6.111255e+00 -1.345519e+01
      vertex   4.231161e+01 -6.031340e+00 -1.321810e+01
    endloop
  endfacet
  facet normal -2.750629e-04 -9.491316e-01 3.148794e-01
    outer loop
      vertex   4.665321e+01 -6.111255e+00 -1.345519e+01
      vertex   4.659317e+01 -6.028802e+00 -1.320671e+01
      vertex   4.231161e+01 -6.031340e+00 -1.321810e+01
    endloop
  endfacet
  facet normal 1.578727e-04 -9.870234e-01 1.605763e-01
    outer loop
      vertex   4.231161e+01 -6.031340e+00 -1.321810e+01
      vertex   4.659317e+01 -6.028802e+00 -1.320671e+01
      vertex   4.657772e+01 -6.007299e+00 -1.307452e+01
    endloop
  endfacet
  facet normal 1.916498e-06 -1.119640e-01 9.937123e-01
    outer loop
      vertex   3.724950e+01 -6.971849e+00 -1.415861e+01
      vertex   3.731967e+01 -7.250000e+00 -1.418995e+01
      vertex   4.231161e+01 -6.971933e+00 -1.415863e+01
    endloop
  endfacet
  facet normal 7.193576e-01 6.946399e-01 -0.000000e+00
    outer loop
      vertex   5.549893e+01 -1.102870e+01 -2.018995e+01
      vertex   4.882241e+01 -4.114603e+00 -2.018995e+01
      vertex   5.549893e+01 -1.102870e+01 -1.418995e+01
    endloop
  endfacet
  facet normal 7.193576e-01 6.946399e-01 3.696321e-16
    outer loop
      vertex   5.549893e+01 -1.102870e+01 -1.418995e+01
      vertex   4.882241e+01 -4.114603e+00 -2.018995e+01
      vertex   4.882241e+01 -4.114603e+00 -1.418995e+01
    endloop
  endfacet
  facet normal -9.574119e-01 -2.887256e-01 -0.000000e+00
    outer loop
      vertex   4.039224e+01 -1.942959e+01 -1.418995e+01
      vertex   4.039224e+01 -1.942959e+01 -2.018995e+01
      vertex   4.062860e+01 -2.021338e+01 -1.418995e+01
    endloop
  endfacet
  facet normal -9.574119e-01 -2.887256e-01 -0.000000e+00
    outer loop
      vertex   4.062860e+01 -2.021338e+01 -1.418995e+01
      vertex   4.039224e+01 -1.942959e+01 -2.018995e+01
      vertex   4.062860e+01 -2.021338e+01 -2.018995e+01
    endloop
  endfacet
  facet normal -9.270028e-01 -3.750543e-01 -0.000000e+00
    outer loop
      vertex   4.062860e+01 -2.021338e+01 -1.418995e+01
      vertex   4.062860e+01 -2.021338e+01 -2.018995e+01
      vertex   4.093564e+01 -2.097227e+01 -1.418995e+01
    endloop
  endfacet
  facet normal -9.270028e-01 -3.750543e-01 -0.000000e+00
    outer loop
      vertex   4.093564e+01 -2.097227e+01 -1.418995e+01
      vertex   4.062860e+01 -2.021338e+01 -2.018995e+01
      vertex   4.093564e+01 -2.097227e+01 -2.018995e+01
    endloop
  endfacet
  facet normal -8.888279e-01 -4.582411e-01 -0.000000e+00
    outer loop
      vertex   4.093564e+01 -2.097227e+01 -1.418995e+01
      vertex   4.093564e+01 -2.097227e+01 -2.018995e+01
      vertex   4.131078e+01 -2.169991e+01 -1.418995e+01
    endloop
  endfacet
  facet normal -8.888279e-01 -4.582411e-01 -0.000000e+00
    outer loop
      vertex   4.131078e+01 -2.169991e+01 -1.418995e+01
      vertex   4.093564e+01 -2.097227e+01 -2.018995e+01
      vertex   4.131078e+01 -2.169991e+01 -2.018995e+01
    endloop
  endfacet
  facet normal -8.432070e-01 -5.375890e-01 -0.000000e+00
    outer loop
      vertex   4.131078e+01 -2.169991e+01 -1.418995e+01
      vertex   4.131078e+01 -2.169991e+01 -2.018995e+01
      vertex   4.175088e+01 -2.239020e+01 -1.418995e+01
    endloop
  endfacet
  facet normal -8.432070e-01 -5.375890e-01 -0.000000e+00
    outer loop
      vertex   4.175088e+01 -2.239020e+01 -1.418995e+01
      vertex   4.131078e+01 -2.169991e+01 -2.018995e+01
      vertex   4.175088e+01 -2.239020e+01 -2.018995e+01
    endloop
  endfacet
  facet normal -7.905222e-01 -6.124334e-01 -0.000000e+00
    outer loop
      vertex   4.175088e+01 -2.239020e+01 -1.418995e+01
      vertex   4.175088e+01 -2.239020e+01 -2.018995e+01
      vertex   4.225225e+01 -2.303736e+01 -1.418995e+01
    endloop
  endfacet
  facet normal -7.905222e-01 -6.124334e-01 -3.626334e-16
    outer loop
      vertex   4.225225e+01 -2.303736e+01 -1.418995e+01
      vertex   4.175088e+01 -2.239020e+01 -2.018995e+01
      vertex   4.225225e+01 -2.303736e+01 -2.018995e+01
    endloop
  endfacet
  facet normal -7.312149e-01 -6.821471e-01 -4.039122e-16
    outer loop
      vertex   4.225225e+01 -2.303736e+01 -1.418995e+01
      vertex   4.225225e+01 -2.303736e+01 -2.018995e+01
      vertex   4.281069e+01 -2.363597e+01 -1.418995e+01
    endloop
  endfacet
  facet normal -7.312149e-01 -6.821471e-01 -0.000000e+00
    outer loop
      vertex   4.281069e+01 -2.363597e+01 -1.418995e+01
      vertex   4.225225e+01 -2.303736e+01 -2.018995e+01
      vertex   4.281069e+01 -2.363597e+01 -2.018995e+01
    endloop
  endfacet
  facet normal -6.657820e-01 -7.461463e-01 -0.000000e+00
    outer loop
      vertex   4.281069e+01 -2.363597e+01 -1.418995e+01
      vertex   4.281069e+01 -2.363597e+01 -2.018995e+01
      vertex   4.342152e+01 -2.418101e+01 -1.418995e+01
    endloop
  endfacet
  facet normal -6.657820e-01 -7.461463e-01 -8.836147e-16
    outer loop
      vertex   4.342152e+01 -2.418101e+01 -1.418995e+01
      vertex   4.281069e+01 -2.363597e+01 -2.018995e+01
      vertex   4.342152e+01 -2.418101e+01 -2.018995e+01
    endloop
  endfacet
  facet normal -5.947716e-01 -8.038947e-01 -9.520026e-16
    outer loop
      vertex   4.342152e+01 -2.418101e+01 -1.418995e+01
      vertex   4.342152e+01 -2.418101e+01 -2.018995e+01
      vertex   4.407963e+01 -2.466792e+01 -1.418995e+01
    endloop
  endfacet
  facet normal -5.947716e-01 -8.038947e-01 -0.000000e+00
    outer loop
      vertex   4.407963e+01 -2.466792e+01 -1.418995e+01
      vertex   4.342152e+01 -2.418101e+01 -2.018995e+01
      vertex   4.407963e+01 -2.466792e+01 -2.018995e+01
    endloop
  endfacet
  facet normal -5.187785e-01 -8.549087e-01 -0.000000e+00
    outer loop
      vertex   4.407963e+01 -2.466792e+01 -1.418995e+01
      vertex   4.407963e+01 -2.466792e+01 -2.018995e+01
      vertex   4.477950e+01 -2.509262e+01 -1.418995e+01
    endloop
  endfacet
  facet normal -5.187785e-01 -8.549087e-01 -0.000000e+00
    outer loop
      vertex   4.477950e+01 -2.509262e+01 -1.418995e+01
      vertex   4.407963e+01 -2.466792e+01 -2.018995e+01
      vertex   4.477950e+01 -2.509262e+01 -2.018995e+01
    endloop
  endfacet
  facet normal -4.384395e-01 -8.987607e-01 -0.000000e+00
    outer loop
      vertex   4.477950e+01 -2.509262e+01 -1.418995e+01
      vertex   4.477950e+01 -2.509262e+01 -2.018995e+01
      vertex   4.551527e+01 -2.545155e+01 -1.418995e+01
    endloop
  endfacet
  facet normal -4.384395e-01 -8.987607e-01 -0.000000e+00
    outer loop
      vertex   4.551527e+01 -2.545155e+01 -1.418995e+01
      vertex   4.477950e+01 -2.509262e+01 -2.018995e+01
      vertex   4.551527e+01 -2.545155e+01 -2.018995e+01
    endloop
  endfacet
  facet normal -3.544275e-01 -9.350835e-01 -0.000000e+00
    outer loop
      vertex   4.551527e+01 -2.545155e+01 -1.418995e+01
      vertex   4.551527e+01 -2.545155e+01 -2.018995e+01
      vertex   4.628078e+01 -2.574170e+01 -1.418995e+01
    endloop
  endfacet
  facet normal -3.544275e-01 -9.350835e-01 -0.000000e+00
    outer loop
      vertex   4.628078e+01 -2.574170e+01 -1.418995e+01
      vertex   4.551527e+01 -2.545155e+01 -2.018995e+01
      vertex   4.628078e+01 -2.574170e+01 -2.018995e+01
    endloop
  endfacet
  facet normal -2.674463e-01 -9.635728e-01 -0.000000e+00
    outer loop
      vertex   4.628078e+01 -2.574170e+01 -1.418995e+01
      vertex   4.628078e+01 -2.574170e+01 -2.018995e+01
      vertex   4.706961e+01 -2.596065e+01 -1.418995e+01
    endloop
  endfacet
  facet normal -2.674463e-01 -9.635728e-01 -0.000000e+00
    outer loop
      vertex   4.706961e+01 -2.596065e+01 -1.418995e+01
      vertex   4.628078e+01 -2.574170e+01 -2.018995e+01
      vertex   4.706961e+01 -2.596065e+01 -2.018995e+01
    endloop
  endfacet
  facet normal -1.782247e-01 -9.839898e-01 -0.000000e+00
    outer loop
      vertex   4.706961e+01 -2.596065e+01 -1.418995e+01
      vertex   4.706961e+01 -2.596065e+01 -2.018995e+01
      vertex   4.787515e+01 -2.610655e+01 -1.418995e+01
    endloop
  endfacet
  facet normal -1.782247e-01 -9.839898e-01 -0.000000e+00
    outer loop
      vertex   4.787515e+01 -2.610655e+01 -1.418995e+01
      vertex   4.706961e+01 -2.596065e+01 -2.018995e+01
      vertex   4.787515e+01 -2.610655e+01 -2.018995e+01
    endloop
  endfacet
  facet normal -8.750995e-02 -9.961636e-01 -0.000000e+00
    outer loop
      vertex   4.787515e+01 -2.610655e+01 -1.418995e+01
      vertex   4.787515e+01 -2.610655e+01 -2.018995e+01
      vertex   4.869066e+01 -2.617819e+01 -1.418995e+01
    endloop
  endfacet
  facet normal -8.750995e-02 -9.961636e-01 -0.000000e+00
    outer loop
      vertex   4.869066e+01 -2.617819e+01 -1.418995e+01
      vertex   4.787515e+01 -2.610655e+01 -2.018995e+01
      vertex   4.869066e+01 -2.617819e+01 -2.018995e+01
    endloop
  endfacet
  facet normal 3.937869e-03 -9.999922e-01 0.000000e+00
    outer loop
      vertex   4.869066e+01 -2.617819e+01 -1.418995e+01
      vertex   4.869066e+01 -2.617819e+01 -2.018995e+01
      vertex   4.950931e+01 -2.617497e+01 -1.418995e+01
    endloop
  endfacet
  facet normal 3.937869e-03 -9.999922e-01 0.000000e+00
    outer loop
      vertex   4.950931e+01 -2.617497e+01 -1.418995e+01
      vertex   4.869066e+01 -2.617819e+01 -2.018995e+01
      vertex   4.950931e+01 -2.617497e+01 -2.018995e+01
    endloop
  endfacet
  facet normal 9.535270e-02 -9.954436e-01 0.000000e+00
    outer loop
      vertex   4.950931e+01 -2.617497e+01 -1.418995e+01
      vertex   4.950931e+01 -2.617497e+01 -2.018995e+01
      vertex   5.032423e+01 -2.609691e+01 -1.418995e+01
    endloop
  endfacet
  facet normal 9.535270e-02 -9.954436e-01 0.000000e+00
    outer loop
      vertex   5.032423e+01 -2.609691e+01 -1.418995e+01
      vertex   4.950931e+01 -2.617497e+01 -2.018995e+01
      vertex   5.032423e+01 -2.609691e+01 -2.018995e+01
    endloop
  endfacet
  facet normal 1.859687e-01 -9.825557e-01 0.000000e+00
    outer loop
      vertex   5.032423e+01 -2.609691e+01 -1.418995e+01
      vertex   5.032423e+01 -2.609691e+01 -2.018995e+01
      vertex   5.112860e+01 -2.594466e+01 -1.418995e+01
    endloop
  endfacet
  facet normal 1.859687e-01 -9.825557e-01 -3.615586e-16
    outer loop
      vertex   5.112860e+01 -2.594466e+01 -1.418995e+01
      vertex   5.032423e+01 -2.609691e+01 -2.018995e+01
      vertex   5.112860e+01 -2.594466e+01 -2.018995e+01
    endloop
  endfacet
  facet normal 2.750268e-01 -9.614366e-01 -2.435876e-16
    outer loop
      vertex   5.112860e+01 -2.594466e+01 -1.418995e+01
      vertex   5.112860e+01 -2.594466e+01 -2.018995e+01
      vertex   5.191568e+01 -2.571951e+01 -1.418995e+01
    endloop
  endfacet
  facet normal 2.750268e-01 -9.614366e-01 0.000000e+00
    outer loop
      vertex   5.191568e+01 -2.571951e+01 -1.418995e+01
      vertex   5.112860e+01 -2.594466e+01 -2.018995e+01
      vertex   5.191568e+01 -2.571951e+01 -2.018995e+01
    endloop
  endfacet
  facet normal 3.617809e-01 -9.322631e-01 0.000000e+00
    outer loop
      vertex   5.191568e+01 -2.571951e+01 -1.418995e+01
      vertex   5.191568e+01 -2.571951e+01 -2.018995e+01
      vertex   5.267888e+01 -2.542334e+01 -1.418995e+01
    endloop
  endfacet
  facet normal 3.617809e-01 -9.322631e-01 0.000000e+00
    outer loop
      vertex   5.267888e+01 -2.542334e+01 -1.418995e+01
      vertex   5.191568e+01 -2.571951e+01 -2.018995e+01
      vertex   5.267888e+01 -2.542334e+01 -2.018995e+01
    endloop
  endfacet
  facet normal 4.455043e-01 -8.952798e-01 0.000000e+00
    outer loop
      vertex   5.267888e+01 -2.542334e+01 -1.418995e+01
      vertex   5.267888e+01 -2.542334e+01 -2.018995e+01
      vertex   5.341180e+01 -2.505863e+01 -1.418995e+01
    endloop
  endfacet
  facet normal 4.455043e-01 -8.952798e-01 0.000000e+00
    outer loop
      vertex   5.341180e+01 -2.505863e+01 -1.418995e+01
      vertex   5.267888e+01 -2.542334e+01 -2.018995e+01
      vertex   5.341180e+01 -2.505863e+01 -2.018995e+01
    endloop
  endfacet
  facet normal 5.254954e-01 -8.507964e-01 0.000000e+00
    outer loop
      vertex   5.341180e+01 -2.505863e+01 -1.418995e+01
      vertex   5.341180e+01 -2.505863e+01 -2.018995e+01
      vertex   5.410830e+01 -2.462843e+01 -1.418995e+01
    endloop
  endfacet
  facet normal 5.254954e-01 -8.507964e-01 -5.037727e-16
    outer loop
      vertex   5.410830e+01 -2.462843e+01 -1.418995e+01
      vertex   5.341180e+01 -2.505863e+01 -2.018995e+01
      vertex   5.410830e+01 -2.462843e+01 -2.018995e+01
    endloop
  endfacet
  facet normal 6.010844e-01 -7.991856e-01 -4.732129e-16
    outer loop
      vertex   5.410830e+01 -2.462843e+01 -1.418995e+01
      vertex   5.410830e+01 -2.462843e+01 -2.018995e+01
      vertex   5.476256e+01 -2.413635e+01 -1.418995e+01
    endloop
  endfacet
  facet normal 6.010844e-01 -7.991856e-01 0.000000e+00
    outer loop
      vertex   5.476256e+01 -2.413635e+01 -1.418995e+01
      vertex   5.410830e+01 -2.462843e+01 -2.018995e+01
      vertex   5.476256e+01 -2.413635e+01 -2.018995e+01
    endloop
  endfacet
  facet normal 6.716378e-01 -7.408797e-01 0.000000e+00
    outer loop
      vertex   5.476256e+01 -2.413635e+01 -1.418995e+01
      vertex   5.476256e+01 -2.413635e+01 -2.018995e+01
      vertex   5.536908e+01 -2.358652e+01 -1.418995e+01
    endloop
  endfacet
  facet normal 6.716378e-01 -7.408797e-01 0.000000e+00
    outer loop
      vertex   5.536908e+01 -2.358652e+01 -1.418995e+01
      vertex   5.476256e+01 -2.413635e+01 -2.018995e+01
      vertex   5.536908e+01 -2.358652e+01 -2.018995e+01
    endloop
  endfacet
  facet normal 7.365646e-01 -6.763672e-01 0.000000e+00
    outer loop
      vertex   5.536908e+01 -2.358652e+01 -1.418995e+01
      vertex   5.536908e+01 -2.358652e+01 -2.018995e+01
      vertex   5.592279e+01 -2.298353e+01 -1.418995e+01
    endloop
  endfacet
  facet normal 7.365646e-01 -6.763672e-01 0.000000e+00
    outer loop
      vertex   5.592279e+01 -2.298353e+01 -1.418995e+01
      vertex   5.536908e+01 -2.358652e+01 -2.018995e+01
      vertex   5.592279e+01 -2.298353e+01 -2.018995e+01
    endloop
  endfacet
  facet normal 7.953210e-01 -6.061885e-01 0.000000e+00
    outer loop
      vertex   5.592279e+01 -2.298353e+01 -1.418995e+01
      vertex   5.592279e+01 -2.298353e+01 -2.018995e+01
      vertex   5.641904e+01 -2.233244e+01 -1.418995e+01
    endloop
  endfacet
  facet normal 7.953210e-01 -6.061885e-01 -3.589357e-16
    outer loop
      vertex   5.641904e+01 -2.233244e+01 -1.418995e+01
      vertex   5.592279e+01 -2.298353e+01 -2.018995e+01
      vertex   5.641904e+01 -2.233244e+01 -2.018995e+01
    endloop
  endfacet
  facet normal 8.474147e-01 -5.309315e-01 -3.143746e-16
    outer loop
      vertex   5.641904e+01 -2.233244e+01 -1.418995e+01
      vertex   5.641904e+01 -2.233244e+01 -2.018995e+01
      vertex   5.685369e+01 -2.163870e+01 -1.418995e+01
    endloop
  endfacet
  facet normal 8.474147e-01 -5.309315e-01 0.000000e+00
    outer loop
      vertex   5.685369e+01 -2.163870e+01 -1.418995e+01
      vertex   5.641904e+01 -2.233244e+01 -2.018995e+01
      vertex   5.685369e+01 -2.163870e+01 -2.018995e+01
    endloop
  endfacet
  facet normal 8.924093e-01 -4.512268e-01 0.000000e+00
    outer loop
      vertex   5.685369e+01 -2.163870e+01 -1.418995e+01
      vertex   5.685369e+01 -2.163870e+01 -2.018995e+01
      vertex   5.722309e+01 -2.090813e+01 -1.418995e+01
    endloop
  endfacet
  facet normal 8.924093e-01 -4.512268e-01 0.000000e+00
    outer loop
      vertex   5.722309e+01 -2.090813e+01 -1.418995e+01
      vertex   5.685369e+01 -2.163870e+01 -2.018995e+01
      vertex   5.722309e+01 -2.090813e+01 -2.018995e+01
    endloop
  endfacet
  facet normal 9.299279e-01 -3.677419e-01 0.000000e+00
    outer loop
      vertex   5.722309e+01 -2.090813e+01 -1.418995e+01
      vertex   5.722309e+01 -2.090813e+01 -2.018995e+01
      vertex   5.752414e+01 -2.014684e+01 -1.418995e+01
    endloop
  endfacet
  facet normal 9.299279e-01 -3.677419e-01 0.000000e+00
    outer loop
      vertex   5.752414e+01 -2.014684e+01 -1.418995e+01
      vertex   5.722309e+01 -2.090813e+01 -2.018995e+01
      vertex   5.752414e+01 -2.014684e+01 -2.018995e+01
    endloop
  endfacet
  facet normal 9.596561e-01 -2.811764e-01 0.000000e+00
    outer loop
      vertex   5.752414e+01 -2.014684e+01 -1.418995e+01
      vertex   5.752414e+01 -2.014684e+01 -2.018995e+01
      vertex   5.775432e+01 -1.936122e+01 -1.418995e+01
    endloop
  endfacet
  facet normal 9.596561e-01 -2.811764e-01 0.000000e+00
    outer loop
      vertex   5.775432e+01 -1.936122e+01 -1.418995e+01
      vertex   5.752414e+01 -2.014684e+01 -2.018995e+01
      vertex   5.775432e+01 -1.936122e+01 -2.018995e+01
    endloop
  endfacet
  facet normal 9.813449e-01 -1.922553e-01 0.000000e+00
    outer loop
      vertex   5.775432e+01 -1.936122e+01 -1.418995e+01
      vertex   5.775432e+01 -1.936122e+01 -2.018995e+01
      vertex   5.791171e+01 -1.855784e+01 -1.418995e+01
    endloop
  endfacet
  facet normal 9.813449e-01 -1.922553e-01 -1.138380e-16
    outer loop
      vertex   5.791171e+01 -1.855784e+01 -1.418995e+01
      vertex   5.775432e+01 -1.936122e+01 -2.018995e+01
      vertex   5.791171e+01 -1.855784e+01 -2.018995e+01
    endloop
  endfacet
  facet normal 9.948127e-01 -1.017236e-01 -6.023250e-17
    outer loop
      vertex   5.791171e+01 -1.855784e+01 -1.418995e+01
      vertex   5.791171e+01 -1.855784e+01 -2.018995e+01
      vertex   5.799499e+01 -1.774344e+01 -1.418995e+01
    endloop
  endfacet
  facet normal 9.948127e-01 -1.017236e-01 -1.204650e-16
    outer loop
      vertex   5.799499e+01 -1.774344e+01 -1.418995e+01
      vertex   5.791171e+01 -1.855784e+01 -2.018995e+01
      vertex   5.799499e+01 -1.774344e+01 -2.018995e+01
    endloop
  endfacet
  facet normal 9.999465e-01 -1.033981e-02 -1.224480e-17
    outer loop
      vertex   5.799499e+01 -1.774344e+01 -1.418995e+01
      vertex   5.799499e+01 -1.774344e+01 -2.018995e+01
      vertex   5.800346e+01 -1.692483e+01 -1.418995e+01
    endloop
  endfacet
  facet normal 9.999465e-01 -1.033981e-02 -6.122398e-18
    outer loop
      vertex   5.800346e+01 -1.692483e+01 -1.418995e+01
      vertex   5.799499e+01 -1.774344e+01 -2.018995e+01
      vertex   5.800346e+01 -1.692483e+01 -2.018995e+01
    endloop
  endfacet
  facet normal 9.967035e-01 8.113065e-02 4.803899e-17
    outer loop
      vertex   5.800346e+01 -1.692483e+01 -1.418995e+01
      vertex   5.800346e+01 -1.692483e+01 -2.018995e+01
      vertex   5.793704e+01 -1.610888e+01 -1.418995e+01
    endloop
  endfacet
  facet normal 9.967035e-01 8.113065e-02 4.803899e-17
    outer loop
      vertex   5.793704e+01 -1.610888e+01 -1.418995e+01
      vertex   5.800346e+01 -1.692483e+01 -2.018995e+01
      vertex   5.793704e+01 -1.610888e+01 -2.018995e+01
    endloop
  endfacet
  facet normal 9.851107e-01 1.719214e-01 1.017979e-16
    outer loop
      vertex   5.793704e+01 -1.610888e+01 -1.418995e+01
      vertex   5.793704e+01 -1.610888e+01 -2.018995e+01
      vertex   5.779629e+01 -1.530242e+01 -1.418995e+01
    endloop
  endfacet
  facet normal 9.851107e-01 1.719214e-01 5.089897e-17
    outer loop
      vertex   5.779629e+01 -1.530242e+01 -1.418995e+01
      vertex   5.793704e+01 -1.610888e+01 -2.018995e+01
      vertex   5.779629e+01 -1.530242e+01 -2.018995e+01
    endloop
  endfacet
  facet normal 9.652652e-01 2.612720e-01 7.735205e-17
    outer loop
      vertex   5.779629e+01 -1.530242e+01 -1.418995e+01
      vertex   5.779629e+01 -1.530242e+01 -2.018995e+01
      vertex   5.758240e+01 -1.451220e+01 -1.418995e+01
    endloop
  endfacet
  facet normal 9.652652e-01 2.612720e-01 1.547041e-16
    outer loop
      vertex   5.758240e+01 -1.451220e+01 -1.418995e+01
      vertex   5.779629e+01 -1.530242e+01 -2.018995e+01
      vertex   5.758240e+01 -1.451220e+01 -2.018995e+01
    endloop
  endfacet
  facet normal 9.373334e-01 3.484338e-01 2.063142e-16
    outer loop
      vertex   5.758240e+01 -1.451220e+01 -1.418995e+01
      vertex   5.758240e+01 -1.451220e+01 -2.018995e+01
      vertex   5.729716e+01 -1.374485e+01 -1.418995e+01
    endloop
  endfacet
  facet normal 9.373334e-01 3.484338e-01 1.031571e-16
    outer loop
      vertex   5.729716e+01 -1.374485e+01 -1.418995e+01
      vertex   5.758240e+01 -1.451220e+01 -2.018995e+01
      vertex   5.729716e+01 -1.374485e+01 -2.018995e+01
    endloop
  endfacet
  facet normal 9.015492e-01 4.326766e-01 1.280980e-16
    outer loop
      vertex   5.729716e+01 -1.374485e+01 -1.418995e+01
      vertex   5.729716e+01 -1.374485e+01 -2.018995e+01
      vertex   5.694295e+01 -1.300680e+01 -1.418995e+01
    endloop
  endfacet
  facet normal 9.015492e-01 4.326766e-01 3.842940e-16
    outer loop
      vertex   5.694295e+01 -1.300680e+01 -1.418995e+01
      vertex   5.729716e+01 -1.374485e+01 -2.018995e+01
      vertex   5.694295e+01 -1.300680e+01 -2.018995e+01
    endloop
  endfacet
  facet normal 8.582124e-01 5.132947e-01 4.558973e-16
    outer loop
      vertex   5.694295e+01 -1.300680e+01 -1.418995e+01
      vertex   5.694295e+01 -1.300680e+01 -2.018995e+01
      vertex   5.652274e+01 -1.230422e+01 -1.418995e+01
    endloop
  endfacet
  facet normal 8.582124e-01 5.132947e-01 1.519658e-16
    outer loop
      vertex   5.652274e+01 -1.230422e+01 -1.418995e+01
      vertex   5.694295e+01 -1.300680e+01 -2.018995e+01
      vertex   5.652274e+01 -1.230422e+01 -2.018995e+01
    endloop
  endfacet
  facet normal 8.076860e-01 5.896128e-01 1.745605e-16
    outer loop
      vertex   5.652274e+01 -1.230422e+01 -1.418995e+01
      vertex   5.652274e+01 -1.230422e+01 -2.018995e+01
      vertex   5.604005e+01 -1.164301e+01 -1.418995e+01
    endloop
  endfacet
  facet normal 8.076860e-01 5.896128e-01 3.491209e-16
    outer loop
      vertex   5.604005e+01 -1.164301e+01 -1.418995e+01
      vertex   5.652274e+01 -1.230422e+01 -2.018995e+01
      vertex   5.604005e+01 -1.164301e+01 -2.018995e+01
    endloop
  endfacet
  facet normal 7.503934e-01 6.609915e-01 3.913856e-16
    outer loop
      vertex   5.604005e+01 -1.164301e+01 -1.418995e+01
      vertex   5.604005e+01 -1.164301e+01 -2.018995e+01
      vertex   5.549893e+01 -1.102870e+01 -1.418995e+01
    endloop
  endfacet
  facet normal 7.503934e-01 6.609915e-01 0.000000e+00
    outer loop
      vertex   5.549893e+01 -1.102870e+01 -1.418995e+01
      vertex   5.604005e+01 -1.164301e+01 -2.018995e+01
      vertex   5.549893e+01 -1.102870e+01 -2.018995e+01
    endloop
  endfacet
endsolid
