solid ASCII
  facet normal 7.047844e-01 7.076285e-01 5.040718e-02
    outer loop
      vertex   -1.970978e+01 1.500000e+00 2.139516e+01
      vertex   -2.020879e+01 2.000000e+00 2.135321e+01
      vertex   -1.975304e+01 1.500000e+00 2.200000e+01
    endloop
  endfacet
  facet normal 7.062811e-01 7.062811e-01 4.831095e-02
    outer loop
      vertex   -1.975304e+01 1.500000e+00 2.200000e+01
      vertex   -2.020879e+01 2.000000e+00 2.135321e+01
      vertex   -2.025304e+01 2.000000e+00 2.200000e+01
    endloop
  endfacet
  facet normal 7.062811e-01 7.062811e-01 -4.831095e-02
    outer loop
      vertex   -1.975304e+01 1.500000e+00 2.200000e+01
      vertex   -2.025304e+01 2.000000e+00 2.200000e+01
      vertex   -2.020879e+01 2.000000e+00 2.264679e+01
    endloop
  endfacet
  facet normal 6.943169e-01 7.050582e-01 1.442807e-01
    outer loop
      vertex   -2.020879e+01 2.000000e+00 2.135321e+01
      vertex   -1.970978e+01 1.500000e+00 2.139516e+01
      vertex   -2.007689e+01 2.000000e+00 2.071847e+01
    endloop
  endfacet
  facet normal 6.891748e-01 7.089160e-01 1.499208e-01
    outer loop
      vertex   -2.007689e+01 2.000000e+00 2.071847e+01
      vertex   -1.970978e+01 1.500000e+00 2.139516e+01
      vertex   -1.958088e+01 1.500000e+00 2.080264e+01
    endloop
  endfacet
  facet normal 6.692439e-01 7.039462e-01 2.378494e-01
    outer loop
      vertex   -2.007689e+01 2.000000e+00 2.071847e+01
      vertex   -1.958088e+01 1.500000e+00 2.080264e+01
      vertex   -1.985979e+01 2.000000e+00 2.010759e+01
    endloop
  endfacet
  facet normal 6.597365e-01 7.100688e-01 2.460690e-01
    outer loop
      vertex   -1.985979e+01 2.000000e+00 2.010759e+01
      vertex   -1.958088e+01 1.500000e+00 2.080264e+01
      vertex   -1.936897e+01 1.500000e+00 2.023449e+01
    endloop
  endfacet
  facet normal 6.315017e-01 7.029467e-01 3.272178e-01
    outer loop
      vertex   -1.985979e+01 2.000000e+00 2.010759e+01
      vertex   -1.936897e+01 1.500000e+00 2.023449e+01
      vertex   -1.956153e+01 2.000000e+00 1.953198e+01
    endloop
  endfacet
  facet normal 6.170979e-01 7.110889e-01 3.369610e-01
    outer loop
      vertex   -1.956153e+01 2.000000e+00 1.953198e+01
      vertex   -1.936897e+01 1.500000e+00 2.023449e+01
      vertex   -1.907836e+01 1.500000e+00 1.970228e+01
    endloop
  endfacet
  facet normal 5.817778e-01 7.020612e-01 4.106636e-01
    outer loop
      vertex   -1.956153e+01 2.000000e+00 1.953198e+01
      vertex   -1.907836e+01 1.500000e+00 1.970228e+01
      vertex   -1.918766e+01 2.000000e+00 1.900233e+01
    endloop
  endfacet
  facet normal 5.621415e-01 7.119779e-01 4.208139e-01
    outer loop
      vertex   -1.918766e+01 2.000000e+00 1.900233e+01
      vertex   -1.907836e+01 1.500000e+00 1.970228e+01
      vertex   -1.871497e+01 1.500000e+00 1.921684e+01
    endloop
  endfacet
  facet normal 5.209947e-01 7.012911e-01 4.865751e-01
    outer loop
      vertex   -1.918766e+01 2.000000e+00 1.900233e+01
      vertex   -1.871497e+01 1.500000e+00 1.921684e+01
      vertex   -1.874516e+01 2.000000e+00 1.852853e+01
    endloop
  endfacet
  facet normal 4.959867e-01 7.127373e-01 4.959867e-01
    outer loop
      vertex   -1.874516e+01 2.000000e+00 1.852853e+01
      vertex   -1.871497e+01 1.500000e+00 1.921684e+01
      vertex   -1.828619e+01 1.500000e+00 1.878806e+01
    endloop
  endfacet
  facet normal 4.502922e-01 7.006375e-01 5.534835e-01
    outer loop
      vertex   -1.874516e+01 2.000000e+00 1.852853e+01
      vertex   -1.828619e+01 1.500000e+00 1.878806e+01
      vertex   -1.824227e+01 2.000000e+00 1.811939e+01
    endloop
  endfacet
  facet normal 4.199674e-01 7.133682e-01 5.610108e-01
    outer loop
      vertex   -1.824227e+01 2.000000e+00 1.811939e+01
      vertex   -1.828619e+01 1.500000e+00 1.878806e+01
      vertex   -1.780076e+01 1.500000e+00 1.842467e+01
    endloop
  endfacet
  facet normal 3.710055e-01 7.001014e-01 6.100926e-01
    outer loop
      vertex   -1.824227e+01 2.000000e+00 1.811939e+01
      vertex   -1.780076e+01 1.500000e+00 1.842467e+01
      vertex   -1.768835e+01 2.000000e+00 1.778255e+01
    endloop
  endfacet
  facet normal 3.356068e-01 7.138717e-01 6.146180e-01
    outer loop
      vertex   -1.768835e+01 2.000000e+00 1.778255e+01
      vertex   -1.780076e+01 1.500000e+00 1.842467e+01
      vertex   -1.726855e+01 1.500000e+00 1.813406e+01
    endloop
  endfacet
  facet normal 2.846388e-01 6.996835e-01 6.553043e-01
    outer loop
      vertex   -1.768835e+01 2.000000e+00 1.778255e+01
      vertex   -1.726855e+01 1.500000e+00 1.813406e+01
      vertex   -1.709371e+01 2.000000e+00 1.752426e+01
    endloop
  endfacet
  facet normal 2.445872e-01 7.142487e-01 6.557636e-01
    outer loop
      vertex   -1.709371e+01 2.000000e+00 1.752426e+01
      vertex   -1.726855e+01 1.500000e+00 1.813406e+01
      vertex   -1.670040e+01 1.500000e+00 1.792215e+01
    endloop
  endfacet
  facet normal 1.928360e-01 6.993846e-01 6.882408e-01
    outer loop
      vertex   -1.709371e+01 2.000000e+00 1.752426e+01
      vertex   -1.670040e+01 1.500000e+00 1.792215e+01
      vertex   -1.646945e+01 2.000000e+00 1.734935e+01
    endloop
  endfacet
  facet normal 1.487183e-01 7.144996e-01 6.836470e-01
    outer loop
      vertex   -1.646945e+01 2.000000e+00 1.734935e+01
      vertex   -1.670040e+01 1.500000e+00 1.792215e+01
      vertex   -1.610787e+01 1.500000e+00 1.779326e+01
    endloop
  endfacet
  facet normal 9.734841e-02 6.992051e-01 7.082623e-01
    outer loop
      vertex   -1.646945e+01 2.000000e+00 1.734935e+01
      vertex   -1.610787e+01 1.500000e+00 1.779326e+01
      vertex   -1.582719e+01 2.000000e+00 1.726107e+01
    endloop
  endfacet
  facet normal 4.990231e-02 7.146250e-01 6.977255e-01
    outer loop
      vertex   -1.582719e+01 2.000000e+00 1.726107e+01
      vertex   -1.610787e+01 1.500000e+00 1.779326e+01
      vertex   -1.550304e+01 1.500000e+00 1.775000e+01
    endloop
  endfacet
  facet normal -0.000000e+00 6.991452e-01 7.149797e-01
    outer loop
      vertex   -1.582719e+01 2.000000e+00 1.726107e+01
      vertex   -1.550304e+01 1.500000e+00 1.775000e+01
      vertex   -1.517888e+01 2.000000e+00 1.726107e+01
    endloop
  endfacet
  facet normal -4.990231e-02 7.146250e-01 6.977255e-01
    outer loop
      vertex   -1.517888e+01 2.000000e+00 1.726107e+01
      vertex   -1.550304e+01 1.500000e+00 1.775000e+01
      vertex   -1.489820e+01 1.500000e+00 1.779326e+01
    endloop
  endfacet
  facet normal -9.734841e-02 6.992051e-01 7.082623e-01
    outer loop
      vertex   -1.517888e+01 2.000000e+00 1.726107e+01
      vertex   -1.489820e+01 1.500000e+00 1.779326e+01
      vertex   -1.453662e+01 2.000000e+00 1.734935e+01
    endloop
  endfacet
  facet normal -1.487183e-01 7.144996e-01 6.836470e-01
    outer loop
      vertex   -1.453662e+01 2.000000e+00 1.734935e+01
      vertex   -1.489820e+01 1.500000e+00 1.779326e+01
      vertex   -1.430567e+01 1.500000e+00 1.792215e+01
    endloop
  endfacet
  facet normal -1.928360e-01 6.993846e-01 6.882408e-01
    outer loop
      vertex   -1.453662e+01 2.000000e+00 1.734935e+01
      vertex   -1.430567e+01 1.500000e+00 1.792215e+01
      vertex   -1.391236e+01 2.000000e+00 1.752426e+01
    endloop
  endfacet
  facet normal -2.445872e-01 7.142487e-01 6.557636e-01
    outer loop
      vertex   -1.391236e+01 2.000000e+00 1.752426e+01
      vertex   -1.430567e+01 1.500000e+00 1.792215e+01
      vertex   -1.373752e+01 1.500000e+00 1.813406e+01
    endloop
  endfacet
  facet normal -2.846388e-01 6.996835e-01 6.553043e-01
    outer loop
      vertex   -1.391236e+01 2.000000e+00 1.752426e+01
      vertex   -1.373752e+01 1.500000e+00 1.813406e+01
      vertex   -1.331773e+01 2.000000e+00 1.778255e+01
    endloop
  endfacet
  facet normal -3.356068e-01 7.138717e-01 6.146180e-01
    outer loop
      vertex   -1.331773e+01 2.000000e+00 1.778255e+01
      vertex   -1.373752e+01 1.500000e+00 1.813406e+01
      vertex   -1.320531e+01 1.500000e+00 1.842467e+01
    endloop
  endfacet
  facet normal -3.710055e-01 7.001014e-01 6.100926e-01
    outer loop
      vertex   -1.331773e+01 2.000000e+00 1.778255e+01
      vertex   -1.320531e+01 1.500000e+00 1.842467e+01
      vertex   -1.276380e+01 2.000000e+00 1.811939e+01
    endloop
  endfacet
  facet normal -4.199674e-01 7.133682e-01 5.610108e-01
    outer loop
      vertex   -1.276380e+01 2.000000e+00 1.811939e+01
      vertex   -1.320531e+01 1.500000e+00 1.842467e+01
      vertex   -1.271988e+01 1.500000e+00 1.878806e+01
    endloop
  endfacet
  facet normal -4.502922e-01 7.006375e-01 5.534835e-01
    outer loop
      vertex   -1.276380e+01 2.000000e+00 1.811939e+01
      vertex   -1.271988e+01 1.500000e+00 1.878806e+01
      vertex   -1.226091e+01 2.000000e+00 1.852853e+01
    endloop
  endfacet
  facet normal -4.959867e-01 7.127373e-01 4.959867e-01
    outer loop
      vertex   -1.226091e+01 2.000000e+00 1.852853e+01
      vertex   -1.271988e+01 1.500000e+00 1.878806e+01
      vertex   -1.229110e+01 1.500000e+00 1.921684e+01
    endloop
  endfacet
  facet normal -5.209947e-01 7.012911e-01 4.865751e-01
    outer loop
      vertex   -1.226091e+01 2.000000e+00 1.852853e+01
      vertex   -1.229110e+01 1.500000e+00 1.921684e+01
      vertex   -1.181841e+01 2.000000e+00 1.900233e+01
    endloop
  endfacet
  facet normal -5.621415e-01 7.119779e-01 4.208139e-01
    outer loop
      vertex   -1.181841e+01 2.000000e+00 1.900233e+01
      vertex   -1.229110e+01 1.500000e+00 1.921684e+01
      vertex   -1.192771e+01 1.500000e+00 1.970228e+01
    endloop
  endfacet
  facet normal -5.817778e-01 7.020612e-01 4.106636e-01
    outer loop
      vertex   -1.181841e+01 2.000000e+00 1.900233e+01
      vertex   -1.192771e+01 1.500000e+00 1.970228e+01
      vertex   -1.144454e+01 2.000000e+00 1.953198e+01
    endloop
  endfacet
  facet normal -6.170979e-01 7.110889e-01 3.369610e-01
    outer loop
      vertex   -1.144454e+01 2.000000e+00 1.953198e+01
      vertex   -1.192771e+01 1.500000e+00 1.970228e+01
      vertex   -1.163710e+01 1.500000e+00 2.023449e+01
    endloop
  endfacet
  facet normal -6.315017e-01 7.029467e-01 3.272178e-01
    outer loop
      vertex   -1.144454e+01 2.000000e+00 1.953198e+01
      vertex   -1.163710e+01 1.500000e+00 2.023449e+01
      vertex   -1.114628e+01 2.000000e+00 2.010759e+01
    endloop
  endfacet
  facet normal -6.597365e-01 7.100688e-01 2.460690e-01
    outer loop
      vertex   -1.114628e+01 2.000000e+00 2.010759e+01
      vertex   -1.163710e+01 1.500000e+00 2.023449e+01
      vertex   -1.142519e+01 1.500000e+00 2.080264e+01
    endloop
  endfacet
  facet normal -6.692439e-01 7.039462e-01 2.378494e-01
    outer loop
      vertex   -1.114628e+01 2.000000e+00 2.010759e+01
      vertex   -1.142519e+01 1.500000e+00 2.080264e+01
      vertex   -1.092918e+01 2.000000e+00 2.071847e+01
    endloop
  endfacet
  facet normal -6.891748e-01 7.089160e-01 1.499208e-01
    outer loop
      vertex   -1.092918e+01 2.000000e+00 2.071847e+01
      vertex   -1.142519e+01 1.500000e+00 2.080264e+01
      vertex   -1.129630e+01 1.500000e+00 2.139516e+01
    endloop
  endfacet
  facet normal -6.943169e-01 7.050582e-01 1.442807e-01
    outer loop
      vertex   -1.092918e+01 2.000000e+00 2.071847e+01
      vertex   -1.129630e+01 1.500000e+00 2.139516e+01
      vertex   -1.079728e+01 2.000000e+00 2.135321e+01
    endloop
  endfacet
  facet normal -7.047844e-01 7.076285e-01 5.040718e-02
    outer loop
      vertex   -1.079728e+01 2.000000e+00 2.135321e+01
      vertex   -1.129630e+01 1.500000e+00 2.139516e+01
      vertex   -1.125304e+01 1.500000e+00 2.200000e+01
    endloop
  endfacet
  facet normal -7.062811e-01 7.062811e-01 4.831095e-02
    outer loop
      vertex   -1.079728e+01 2.000000e+00 2.135321e+01
      vertex   -1.125304e+01 1.500000e+00 2.200000e+01
      vertex   -1.075304e+01 2.000000e+00 2.200000e+01
    endloop
  endfacet
  facet normal -7.062811e-01 7.062811e-01 -4.831095e-02
    outer loop
      vertex   -1.075304e+01 2.000000e+00 2.200000e+01
      vertex   -1.125304e+01 1.500000e+00 2.200000e+01
      vertex   -1.079728e+01 2.000000e+00 2.264679e+01
    endloop
  endfacet
  facet normal -7.047844e-01 7.076285e-01 -5.040718e-02
    outer loop
      vertex   -1.079728e+01 2.000000e+00 2.264679e+01
      vertex   -1.125304e+01 1.500000e+00 2.200000e+01
      vertex   -1.129630e+01 1.500000e+00 2.260484e+01
    endloop
  endfacet
  facet normal -6.943169e-01 7.050582e-01 -1.442807e-01
    outer loop
      vertex   -1.079728e+01 2.000000e+00 2.264679e+01
      vertex   -1.129630e+01 1.500000e+00 2.260484e+01
      vertex   -1.092918e+01 2.000000e+00 2.328153e+01
    endloop
  endfacet
  facet normal -6.891748e-01 7.089160e-01 -1.499208e-01
    outer loop
      vertex   -1.092918e+01 2.000000e+00 2.328153e+01
      vertex   -1.129630e+01 1.500000e+00 2.260484e+01
      vertex   -1.142519e+01 1.500000e+00 2.319736e+01
    endloop
  endfacet
  facet normal -6.692439e-01 7.039462e-01 -2.378494e-01
    outer loop
      vertex   -1.092918e+01 2.000000e+00 2.328153e+01
      vertex   -1.142519e+01 1.500000e+00 2.319736e+01
      vertex   -1.114628e+01 2.000000e+00 2.389241e+01
    endloop
  endfacet
  facet normal -6.597365e-01 7.100688e-01 -2.460690e-01
    outer loop
      vertex   -1.114628e+01 2.000000e+00 2.389241e+01
      vertex   -1.142519e+01 1.500000e+00 2.319736e+01
      vertex   -1.163710e+01 1.500000e+00 2.376551e+01
    endloop
  endfacet
  facet normal -6.315017e-01 7.029467e-01 -3.272178e-01
    outer loop
      vertex   -1.114628e+01 2.000000e+00 2.389241e+01
      vertex   -1.163710e+01 1.500000e+00 2.376551e+01
      vertex   -1.144454e+01 2.000000e+00 2.446802e+01
    endloop
  endfacet
  facet normal -6.170979e-01 7.110889e-01 -3.369610e-01
    outer loop
      vertex   -1.144454e+01 2.000000e+00 2.446802e+01
      vertex   -1.163710e+01 1.500000e+00 2.376551e+01
      vertex   -1.192771e+01 1.500000e+00 2.429772e+01
    endloop
  endfacet
  facet normal -5.817778e-01 7.020612e-01 -4.106636e-01
    outer loop
      vertex   -1.144454e+01 2.000000e+00 2.446802e+01
      vertex   -1.192771e+01 1.500000e+00 2.429772e+01
      vertex   -1.181841e+01 2.000000e+00 2.499767e+01
    endloop
  endfacet
  facet normal -5.621415e-01 7.119779e-01 -4.208139e-01
    outer loop
      vertex   -1.181841e+01 2.000000e+00 2.499767e+01
      vertex   -1.192771e+01 1.500000e+00 2.429772e+01
      vertex   -1.229110e+01 1.500000e+00 2.478316e+01
    endloop
  endfacet
  facet normal -5.209947e-01 7.012911e-01 -4.865751e-01
    outer loop
      vertex   -1.181841e+01 2.000000e+00 2.499767e+01
      vertex   -1.229110e+01 1.500000e+00 2.478316e+01
      vertex   -1.226091e+01 2.000000e+00 2.547147e+01
    endloop
  endfacet
  facet normal -4.959867e-01 7.127373e-01 -4.959867e-01
    outer loop
      vertex   -1.226091e+01 2.000000e+00 2.547147e+01
      vertex   -1.229110e+01 1.500000e+00 2.478316e+01
      vertex   -1.271988e+01 1.500000e+00 2.521194e+01
    endloop
  endfacet
  facet normal -4.502922e-01 7.006375e-01 -5.534835e-01
    outer loop
      vertex   -1.226091e+01 2.000000e+00 2.547147e+01
      vertex   -1.271988e+01 1.500000e+00 2.521194e+01
      vertex   -1.276380e+01 2.000000e+00 2.588061e+01
    endloop
  endfacet
  facet normal -4.199674e-01 7.133682e-01 -5.610108e-01
    outer loop
      vertex   -1.276380e+01 2.000000e+00 2.588061e+01
      vertex   -1.271988e+01 1.500000e+00 2.521194e+01
      vertex   -1.320531e+01 1.500000e+00 2.557533e+01
    endloop
  endfacet
  facet normal -3.710055e-01 7.001014e-01 -6.100926e-01
    outer loop
      vertex   -1.276380e+01 2.000000e+00 2.588061e+01
      vertex   -1.320531e+01 1.500000e+00 2.557533e+01
      vertex   -1.331773e+01 2.000000e+00 2.621745e+01
    endloop
  endfacet
  facet normal -3.356068e-01 7.138717e-01 -6.146180e-01
    outer loop
      vertex   -1.331773e+01 2.000000e+00 2.621745e+01
      vertex   -1.320531e+01 1.500000e+00 2.557533e+01
      vertex   -1.373752e+01 1.500000e+00 2.586594e+01
    endloop
  endfacet
  facet normal -2.846388e-01 6.996835e-01 -6.553043e-01
    outer loop
      vertex   -1.331773e+01 2.000000e+00 2.621745e+01
      vertex   -1.373752e+01 1.500000e+00 2.586594e+01
      vertex   -1.391236e+01 2.000000e+00 2.647574e+01
    endloop
  endfacet
  facet normal -2.445872e-01 7.142487e-01 -6.557636e-01
    outer loop
      vertex   -1.391236e+01 2.000000e+00 2.647574e+01
      vertex   -1.373752e+01 1.500000e+00 2.586594e+01
      vertex   -1.430567e+01 1.500000e+00 2.607785e+01
    endloop
  endfacet
  facet normal -1.928360e-01 6.993846e-01 -6.882408e-01
    outer loop
      vertex   -1.391236e+01 2.000000e+00 2.647574e+01
      vertex   -1.430567e+01 1.500000e+00 2.607785e+01
      vertex   -1.453662e+01 2.000000e+00 2.665065e+01
    endloop
  endfacet
  facet normal -1.487183e-01 7.144996e-01 -6.836470e-01
    outer loop
      vertex   -1.453662e+01 2.000000e+00 2.665065e+01
      vertex   -1.430567e+01 1.500000e+00 2.607785e+01
      vertex   -1.489820e+01 1.500000e+00 2.620674e+01
    endloop
  endfacet
  facet normal -9.734841e-02 6.992051e-01 -7.082623e-01
    outer loop
      vertex   -1.453662e+01 2.000000e+00 2.665065e+01
      vertex   -1.489820e+01 1.500000e+00 2.620674e+01
      vertex   -1.517888e+01 2.000000e+00 2.673893e+01
    endloop
  endfacet
  facet normal -4.990231e-02 7.146250e-01 -6.977255e-01
    outer loop
      vertex   -1.517888e+01 2.000000e+00 2.673893e+01
      vertex   -1.489820e+01 1.500000e+00 2.620674e+01
      vertex   -1.550304e+01 1.500000e+00 2.625000e+01
    endloop
  endfacet
  facet normal 0.000000e+00 6.991452e-01 -7.149797e-01
    outer loop
      vertex   -1.517888e+01 2.000000e+00 2.673893e+01
      vertex   -1.550304e+01 1.500000e+00 2.625000e+01
      vertex   -1.582719e+01 2.000000e+00 2.673893e+01
    endloop
  endfacet
  facet normal 4.990231e-02 7.146250e-01 -6.977255e-01
    outer loop
      vertex   -1.582719e+01 2.000000e+00 2.673893e+01
      vertex   -1.550304e+01 1.500000e+00 2.625000e+01
      vertex   -1.610787e+01 1.500000e+00 2.620674e+01
    endloop
  endfacet
  facet normal 9.734841e-02 6.992051e-01 -7.082623e-01
    outer loop
      vertex   -1.582719e+01 2.000000e+00 2.673893e+01
      vertex   -1.610787e+01 1.500000e+00 2.620674e+01
      vertex   -1.646945e+01 2.000000e+00 2.665065e+01
    endloop
  endfacet
  facet normal 1.487183e-01 7.144996e-01 -6.836470e-01
    outer loop
      vertex   -1.646945e+01 2.000000e+00 2.665065e+01
      vertex   -1.610787e+01 1.500000e+00 2.620674e+01
      vertex   -1.670040e+01 1.500000e+00 2.607785e+01
    endloop
  endfacet
  facet normal 1.928360e-01 6.993846e-01 -6.882408e-01
    outer loop
      vertex   -1.646945e+01 2.000000e+00 2.665065e+01
      vertex   -1.670040e+01 1.500000e+00 2.607785e+01
      vertex   -1.709371e+01 2.000000e+00 2.647574e+01
    endloop
  endfacet
  facet normal 2.445872e-01 7.142487e-01 -6.557636e-01
    outer loop
      vertex   -1.709371e+01 2.000000e+00 2.647574e+01
      vertex   -1.670040e+01 1.500000e+00 2.607785e+01
      vertex   -1.726855e+01 1.500000e+00 2.586594e+01
    endloop
  endfacet
  facet normal 2.846388e-01 6.996835e-01 -6.553043e-01
    outer loop
      vertex   -1.709371e+01 2.000000e+00 2.647574e+01
      vertex   -1.726855e+01 1.500000e+00 2.586594e+01
      vertex   -1.768835e+01 2.000000e+00 2.621745e+01
    endloop
  endfacet
  facet normal 3.356068e-01 7.138717e-01 -6.146180e-01
    outer loop
      vertex   -1.768835e+01 2.000000e+00 2.621745e+01
      vertex   -1.726855e+01 1.500000e+00 2.586594e+01
      vertex   -1.780076e+01 1.500000e+00 2.557533e+01
    endloop
  endfacet
  facet normal 3.710055e-01 7.001014e-01 -6.100926e-01
    outer loop
      vertex   -1.768835e+01 2.000000e+00 2.621745e+01
      vertex   -1.780076e+01 1.500000e+00 2.557533e+01
      vertex   -1.824227e+01 2.000000e+00 2.588061e+01
    endloop
  endfacet
  facet normal 4.199674e-01 7.133682e-01 -5.610108e-01
    outer loop
      vertex   -1.824227e+01 2.000000e+00 2.588061e+01
      vertex   -1.780076e+01 1.500000e+00 2.557533e+01
      vertex   -1.828619e+01 1.500000e+00 2.521194e+01
    endloop
  endfacet
  facet normal 4.502922e-01 7.006375e-01 -5.534835e-01
    outer loop
      vertex   -1.824227e+01 2.000000e+00 2.588061e+01
      vertex   -1.828619e+01 1.500000e+00 2.521194e+01
      vertex   -1.874516e+01 2.000000e+00 2.547147e+01
    endloop
  endfacet
  facet normal 4.959867e-01 7.127373e-01 -4.959867e-01
    outer loop
      vertex   -1.874516e+01 2.000000e+00 2.547147e+01
      vertex   -1.828619e+01 1.500000e+00 2.521194e+01
      vertex   -1.871497e+01 1.500000e+00 2.478316e+01
    endloop
  endfacet
  facet normal 5.209947e-01 7.012911e-01 -4.865751e-01
    outer loop
      vertex   -1.874516e+01 2.000000e+00 2.547147e+01
      vertex   -1.871497e+01 1.500000e+00 2.478316e+01
      vertex   -1.918766e+01 2.000000e+00 2.499767e+01
    endloop
  endfacet
  facet normal 5.621415e-01 7.119779e-01 -4.208139e-01
    outer loop
      vertex   -1.918766e+01 2.000000e+00 2.499767e+01
      vertex   -1.871497e+01 1.500000e+00 2.478316e+01
      vertex   -1.907836e+01 1.500000e+00 2.429772e+01
    endloop
  endfacet
  facet normal 5.817778e-01 7.020612e-01 -4.106636e-01
    outer loop
      vertex   -1.918766e+01 2.000000e+00 2.499767e+01
      vertex   -1.907836e+01 1.500000e+00 2.429772e+01
      vertex   -1.956153e+01 2.000000e+00 2.446802e+01
    endloop
  endfacet
  facet normal 6.170979e-01 7.110889e-01 -3.369610e-01
    outer loop
      vertex   -1.956153e+01 2.000000e+00 2.446802e+01
      vertex   -1.907836e+01 1.500000e+00 2.429772e+01
      vertex   -1.936897e+01 1.500000e+00 2.376551e+01
    endloop
  endfacet
  facet normal 6.315017e-01 7.029467e-01 -3.272178e-01
    outer loop
      vertex   -1.956153e+01 2.000000e+00 2.446802e+01
      vertex   -1.936897e+01 1.500000e+00 2.376551e+01
      vertex   -1.985979e+01 2.000000e+00 2.389241e+01
    endloop
  endfacet
  facet normal 6.597365e-01 7.100688e-01 -2.460690e-01
    outer loop
      vertex   -1.985979e+01 2.000000e+00 2.389241e+01
      vertex   -1.936897e+01 1.500000e+00 2.376551e+01
      vertex   -1.958088e+01 1.500000e+00 2.319736e+01
    endloop
  endfacet
  facet normal 6.692439e-01 7.039462e-01 -2.378494e-01
    outer loop
      vertex   -1.985979e+01 2.000000e+00 2.389241e+01
      vertex   -1.958088e+01 1.500000e+00 2.319736e+01
      vertex   -2.007689e+01 2.000000e+00 2.328153e+01
    endloop
  endfacet
  facet normal 6.891748e-01 7.089160e-01 -1.499208e-01
    outer loop
      vertex   -2.007689e+01 2.000000e+00 2.328153e+01
      vertex   -1.958088e+01 1.500000e+00 2.319736e+01
      vertex   -1.970978e+01 1.500000e+00 2.260484e+01
    endloop
  endfacet
  facet normal 6.943169e-01 7.050582e-01 -1.442807e-01
    outer loop
      vertex   -2.007689e+01 2.000000e+00 2.328153e+01
      vertex   -1.970978e+01 1.500000e+00 2.260484e+01
      vertex   -2.020879e+01 2.000000e+00 2.264679e+01
    endloop
  endfacet
  facet normal 7.047844e-01 7.076285e-01 -5.040718e-02
    outer loop
      vertex   -2.020879e+01 2.000000e+00 2.264679e+01
      vertex   -1.970978e+01 1.500000e+00 2.260484e+01
      vertex   -1.975304e+01 1.500000e+00 2.200000e+01
    endloop
  endfacet
  facet normal 9.974521e-01 -0.000000e+00 7.133918e-02
    outer loop
      vertex   -1.970978e+01 -4.500000e+00 2.139516e+01
      vertex   -1.970978e+01 1.500000e+00 2.139516e+01
      vertex   -1.975304e+01 -4.500000e+00 2.200000e+01
    endloop
  endfacet
  facet normal 9.974521e-01 -0.000000e+00 7.133918e-02
    outer loop
      vertex   -1.975304e+01 -4.500000e+00 2.200000e+01
      vertex   -1.970978e+01 1.500000e+00 2.139516e+01
      vertex   -1.975304e+01 1.500000e+00 2.200000e+01
    endloop
  endfacet
  facet normal 9.974521e-01 0.000000e+00 -7.133918e-02
    outer loop
      vertex   -1.975304e+01 -4.500000e+00 2.200000e+01
      vertex   -1.975304e+01 1.500000e+00 2.200000e+01
      vertex   -1.970978e+01 -4.500000e+00 2.260484e+01
    endloop
  endfacet
  facet normal 9.974521e-01 0.000000e+00 -7.133918e-02
    outer loop
      vertex   -1.970978e+01 -4.500000e+00 2.260484e+01
      vertex   -1.975304e+01 1.500000e+00 2.200000e+01
      vertex   -1.970978e+01 1.500000e+00 2.260484e+01
    endloop
  endfacet
  facet normal 9.771469e-01 0.000000e+00 -2.125653e-01
    outer loop
      vertex   -1.970978e+01 -4.500000e+00 2.260484e+01
      vertex   -1.970978e+01 1.500000e+00 2.260484e+01
      vertex   -1.958088e+01 -4.500000e+00 2.319736e+01
    endloop
  endfacet
  facet normal 9.771469e-01 0.000000e+00 -2.125653e-01
    outer loop
      vertex   -1.958088e+01 -4.500000e+00 2.319736e+01
      vertex   -1.970978e+01 1.500000e+00 2.260484e+01
      vertex   -1.958088e+01 1.500000e+00 2.319736e+01
    endloop
  endfacet
  facet normal 9.369497e-01 0.000000e+00 -3.494642e-01
    outer loop
      vertex   -1.958088e+01 -4.500000e+00 2.319736e+01
      vertex   -1.958088e+01 1.500000e+00 2.319736e+01
      vertex   -1.936897e+01 -4.500000e+00 2.376551e+01
    endloop
  endfacet
  facet normal 9.369497e-01 0.000000e+00 -3.494642e-01
    outer loop
      vertex   -1.936897e+01 -4.500000e+00 2.376551e+01
      vertex   -1.958088e+01 1.500000e+00 2.319736e+01
      vertex   -1.936897e+01 1.500000e+00 2.376551e+01
    endloop
  endfacet
  facet normal 8.776790e-01 0.000000e+00 -4.792490e-01
    outer loop
      vertex   -1.936897e+01 -4.500000e+00 2.376551e+01
      vertex   -1.936897e+01 1.500000e+00 2.376551e+01
      vertex   -1.907836e+01 -4.500000e+00 2.429772e+01
    endloop
  endfacet
  facet normal 8.776790e-01 0.000000e+00 -4.792490e-01
    outer loop
      vertex   -1.907836e+01 -4.500000e+00 2.429772e+01
      vertex   -1.936897e+01 1.500000e+00 2.376551e+01
      vertex   -1.907836e+01 1.500000e+00 2.429772e+01
    endloop
  endfacet
  facet normal 8.005412e-01 0.000000e+00 -5.992777e-01
    outer loop
      vertex   -1.907836e+01 -4.500000e+00 2.429772e+01
      vertex   -1.907836e+01 1.500000e+00 2.429772e+01
      vertex   -1.871497e+01 -4.500000e+00 2.478316e+01
    endloop
  endfacet
  facet normal 8.005412e-01 -3.548437e-16 -5.992777e-01
    outer loop
      vertex   -1.871497e+01 -4.500000e+00 2.478316e+01
      vertex   -1.907836e+01 1.500000e+00 2.429772e+01
      vertex   -1.871497e+01 1.500000e+00 2.478316e+01
    endloop
  endfacet
  facet normal 7.071068e-01 -4.186913e-16 -7.071068e-01
    outer loop
      vertex   -1.871497e+01 -4.500000e+00 2.478316e+01
      vertex   -1.871497e+01 1.500000e+00 2.478316e+01
      vertex   -1.828619e+01 -4.500000e+00 2.521194e+01
    endloop
  endfacet
  facet normal 7.071068e-01 0.000000e+00 -7.071068e-01
    outer loop
      vertex   -1.828619e+01 -4.500000e+00 2.521194e+01
      vertex   -1.871497e+01 1.500000e+00 2.478316e+01
      vertex   -1.828619e+01 1.500000e+00 2.521194e+01
    endloop
  endfacet
  facet normal 5.992777e-01 0.000000e+00 -8.005412e-01
    outer loop
      vertex   -1.828619e+01 -4.500000e+00 2.521194e+01
      vertex   -1.828619e+01 1.500000e+00 2.521194e+01
      vertex   -1.780076e+01 -4.500000e+00 2.557533e+01
    endloop
  endfacet
  facet normal 5.992777e-01 0.000000e+00 -8.005412e-01
    outer loop
      vertex   -1.780076e+01 -4.500000e+00 2.557533e+01
      vertex   -1.828619e+01 1.500000e+00 2.521194e+01
      vertex   -1.780076e+01 1.500000e+00 2.557533e+01
    endloop
  endfacet
  facet normal 4.792490e-01 0.000000e+00 -8.776790e-01
    outer loop
      vertex   -1.780076e+01 -4.500000e+00 2.557533e+01
      vertex   -1.780076e+01 1.500000e+00 2.557533e+01
      vertex   -1.726855e+01 -4.500000e+00 2.586594e+01
    endloop
  endfacet
  facet normal 4.792490e-01 0.000000e+00 -8.776790e-01
    outer loop
      vertex   -1.726855e+01 -4.500000e+00 2.586594e+01
      vertex   -1.780076e+01 1.500000e+00 2.557533e+01
      vertex   -1.726855e+01 1.500000e+00 2.586594e+01
    endloop
  endfacet
  facet normal 3.494642e-01 0.000000e+00 -9.369497e-01
    outer loop
      vertex   -1.726855e+01 -4.500000e+00 2.586594e+01
      vertex   -1.726855e+01 1.500000e+00 2.586594e+01
      vertex   -1.670040e+01 -4.500000e+00 2.607785e+01
    endloop
  endfacet
  facet normal 3.494642e-01 0.000000e+00 -9.369497e-01
    outer loop
      vertex   -1.670040e+01 -4.500000e+00 2.607785e+01
      vertex   -1.726855e+01 1.500000e+00 2.586594e+01
      vertex   -1.670040e+01 1.500000e+00 2.607785e+01
    endloop
  endfacet
  facet normal 2.125653e-01 0.000000e+00 -9.771469e-01
    outer loop
      vertex   -1.670040e+01 -4.500000e+00 2.607785e+01
      vertex   -1.670040e+01 1.500000e+00 2.607785e+01
      vertex   -1.610787e+01 -4.500000e+00 2.620674e+01
    endloop
  endfacet
  facet normal 2.125653e-01 0.000000e+00 -9.771469e-01
    outer loop
      vertex   -1.610787e+01 -4.500000e+00 2.620674e+01
      vertex   -1.670040e+01 1.500000e+00 2.607785e+01
      vertex   -1.610787e+01 1.500000e+00 2.620674e+01
    endloop
  endfacet
  facet normal 7.133918e-02 0.000000e+00 -9.974521e-01
    outer loop
      vertex   -1.610787e+01 -4.500000e+00 2.620674e+01
      vertex   -1.610787e+01 1.500000e+00 2.620674e+01
      vertex   -1.550304e+01 -4.500000e+00 2.625000e+01
    endloop
  endfacet
  facet normal 7.133918e-02 0.000000e+00 -9.974521e-01
    outer loop
      vertex   -1.550304e+01 -4.500000e+00 2.625000e+01
      vertex   -1.610787e+01 1.500000e+00 2.620674e+01
      vertex   -1.550304e+01 1.500000e+00 2.625000e+01
    endloop
  endfacet
  facet normal -7.133918e-02 0.000000e+00 -9.974521e-01
    outer loop
      vertex   -1.550304e+01 -4.500000e+00 2.625000e+01
      vertex   -1.550304e+01 1.500000e+00 2.625000e+01
      vertex   -1.489820e+01 -4.500000e+00 2.620674e+01
    endloop
  endfacet
  facet normal -7.133918e-02 0.000000e+00 -9.974521e-01
    outer loop
      vertex   -1.489820e+01 -4.500000e+00 2.620674e+01
      vertex   -1.550304e+01 1.500000e+00 2.625000e+01
      vertex   -1.489820e+01 1.500000e+00 2.620674e+01
    endloop
  endfacet
  facet normal -2.125653e-01 0.000000e+00 -9.771469e-01
    outer loop
      vertex   -1.489820e+01 -4.500000e+00 2.620674e+01
      vertex   -1.489820e+01 1.500000e+00 2.620674e+01
      vertex   -1.430567e+01 -4.500000e+00 2.607785e+01
    endloop
  endfacet
  facet normal -2.125653e-01 0.000000e+00 -9.771469e-01
    outer loop
      vertex   -1.430567e+01 -4.500000e+00 2.607785e+01
      vertex   -1.489820e+01 1.500000e+00 2.620674e+01
      vertex   -1.430567e+01 1.500000e+00 2.607785e+01
    endloop
  endfacet
  facet normal -3.494642e-01 0.000000e+00 -9.369497e-01
    outer loop
      vertex   -1.430567e+01 -4.500000e+00 2.607785e+01
      vertex   -1.430567e+01 1.500000e+00 2.607785e+01
      vertex   -1.373752e+01 -4.500000e+00 2.586594e+01
    endloop
  endfacet
  facet normal -3.494642e-01 0.000000e+00 -9.369497e-01
    outer loop
      vertex   -1.373752e+01 -4.500000e+00 2.586594e+01
      vertex   -1.430567e+01 1.500000e+00 2.607785e+01
      vertex   -1.373752e+01 1.500000e+00 2.586594e+01
    endloop
  endfacet
  facet normal -4.792490e-01 0.000000e+00 -8.776790e-01
    outer loop
      vertex   -1.373752e+01 -4.500000e+00 2.586594e+01
      vertex   -1.373752e+01 1.500000e+00 2.586594e+01
      vertex   -1.320531e+01 -4.500000e+00 2.557533e+01
    endloop
  endfacet
  facet normal -4.792490e-01 -1.418862e-16 -8.776790e-01
    outer loop
      vertex   -1.320531e+01 -4.500000e+00 2.557533e+01
      vertex   -1.373752e+01 1.500000e+00 2.586594e+01
      vertex   -1.320531e+01 1.500000e+00 2.557533e+01
    endloop
  endfacet
  facet normal -5.992777e-01 -1.774218e-16 -8.005412e-01
    outer loop
      vertex   -1.320531e+01 -4.500000e+00 2.557533e+01
      vertex   -1.320531e+01 1.500000e+00 2.557533e+01
      vertex   -1.271988e+01 -4.500000e+00 2.521194e+01
    endloop
  endfacet
  facet normal -5.992777e-01 0.000000e+00 -8.005412e-01
    outer loop
      vertex   -1.271988e+01 -4.500000e+00 2.521194e+01
      vertex   -1.320531e+01 1.500000e+00 2.557533e+01
      vertex   -1.271988e+01 1.500000e+00 2.521194e+01
    endloop
  endfacet
  facet normal -7.071068e-01 0.000000e+00 -7.071068e-01
    outer loop
      vertex   -1.271988e+01 -4.500000e+00 2.521194e+01
      vertex   -1.271988e+01 1.500000e+00 2.521194e+01
      vertex   -1.229110e+01 -4.500000e+00 2.478316e+01
    endloop
  endfacet
  facet normal -7.071068e-01 0.000000e+00 -7.071068e-01
    outer loop
      vertex   -1.229110e+01 -4.500000e+00 2.478316e+01
      vertex   -1.271988e+01 1.500000e+00 2.521194e+01
      vertex   -1.229110e+01 1.500000e+00 2.478316e+01
    endloop
  endfacet
  facet normal -8.005412e-01 0.000000e+00 -5.992777e-01
    outer loop
      vertex   -1.229110e+01 -4.500000e+00 2.478316e+01
      vertex   -1.229110e+01 1.500000e+00 2.478316e+01
      vertex   -1.192771e+01 -4.500000e+00 2.429772e+01
    endloop
  endfacet
  facet normal -8.005412e-01 0.000000e+00 -5.992777e-01
    outer loop
      vertex   -1.192771e+01 -4.500000e+00 2.429772e+01
      vertex   -1.229110e+01 1.500000e+00 2.478316e+01
      vertex   -1.192771e+01 1.500000e+00 2.429772e+01
    endloop
  endfacet
  facet normal -8.776790e-01 0.000000e+00 -4.792490e-01
    outer loop
      vertex   -1.192771e+01 -4.500000e+00 2.429772e+01
      vertex   -1.192771e+01 1.500000e+00 2.429772e+01
      vertex   -1.163710e+01 -4.500000e+00 2.376551e+01
    endloop
  endfacet
  facet normal -8.776790e-01 0.000000e+00 -4.792490e-01
    outer loop
      vertex   -1.163710e+01 -4.500000e+00 2.376551e+01
      vertex   -1.192771e+01 1.500000e+00 2.429772e+01
      vertex   -1.163710e+01 1.500000e+00 2.376551e+01
    endloop
  endfacet
  facet normal -9.369497e-01 0.000000e+00 -3.494642e-01
    outer loop
      vertex   -1.163710e+01 -4.500000e+00 2.376551e+01
      vertex   -1.163710e+01 1.500000e+00 2.376551e+01
      vertex   -1.142519e+01 -4.500000e+00 2.319736e+01
    endloop
  endfacet
  facet normal -9.369497e-01 0.000000e+00 -3.494642e-01
    outer loop
      vertex   -1.142519e+01 -4.500000e+00 2.319736e+01
      vertex   -1.163710e+01 1.500000e+00 2.376551e+01
      vertex   -1.142519e+01 1.500000e+00 2.319736e+01
    endloop
  endfacet
  facet normal -9.771469e-01 0.000000e+00 -2.125653e-01
    outer loop
      vertex   -1.142519e+01 -4.500000e+00 2.319736e+01
      vertex   -1.142519e+01 1.500000e+00 2.319736e+01
      vertex   -1.129630e+01 -4.500000e+00 2.260484e+01
    endloop
  endfacet
  facet normal -9.771469e-01 0.000000e+00 -2.125653e-01
    outer loop
      vertex   -1.129630e+01 -4.500000e+00 2.260484e+01
      vertex   -1.142519e+01 1.500000e+00 2.319736e+01
      vertex   -1.129630e+01 1.500000e+00 2.260484e+01
    endloop
  endfacet
  facet normal -9.974521e-01 0.000000e+00 -7.133918e-02
    outer loop
      vertex   -1.129630e+01 -4.500000e+00 2.260484e+01
      vertex   -1.129630e+01 1.500000e+00 2.260484e+01
      vertex   -1.125304e+01 -4.500000e+00 2.200000e+01
    endloop
  endfacet
  facet normal -9.974521e-01 0.000000e+00 -7.133918e-02
    outer loop
      vertex   -1.125304e+01 -4.500000e+00 2.200000e+01
      vertex   -1.129630e+01 1.500000e+00 2.260484e+01
      vertex   -1.125304e+01 1.500000e+00 2.200000e+01
    endloop
  endfacet
  facet normal -9.974521e-01 0.000000e+00 7.133918e-02
    outer loop
      vertex   -1.125304e+01 -4.500000e+00 2.200000e+01
      vertex   -1.125304e+01 1.500000e+00 2.200000e+01
      vertex   -1.129630e+01 -4.500000e+00 2.139516e+01
    endloop
  endfacet
  facet normal -9.974521e-01 0.000000e+00 7.133918e-02
    outer loop
      vertex   -1.129630e+01 -4.500000e+00 2.139516e+01
      vertex   -1.125304e+01 1.500000e+00 2.200000e+01
      vertex   -1.129630e+01 1.500000e+00 2.139516e+01
    endloop
  endfacet
  facet normal -9.771469e-01 0.000000e+00 2.125653e-01
    outer loop
      vertex   -1.129630e+01 -4.500000e+00 2.139516e+01
      vertex   -1.129630e+01 1.500000e+00 2.139516e+01
      vertex   -1.142519e+01 -4.500000e+00 2.080264e+01
    endloop
  endfacet
  facet normal -9.771469e-01 0.000000e+00 2.125653e-01
    outer loop
      vertex   -1.142519e+01 -4.500000e+00 2.080264e+01
      vertex   -1.129630e+01 1.500000e+00 2.139516e+01
      vertex   -1.142519e+01 1.500000e+00 2.080264e+01
    endloop
  endfacet
  facet normal -9.369497e-01 0.000000e+00 3.494642e-01
    outer loop
      vertex   -1.142519e+01 -4.500000e+00 2.080264e+01
      vertex   -1.142519e+01 1.500000e+00 2.080264e+01
      vertex   -1.163710e+01 -4.500000e+00 2.023449e+01
    endloop
  endfacet
  facet normal -9.369497e-01 0.000000e+00 3.494642e-01
    outer loop
      vertex   -1.163710e+01 -4.500000e+00 2.023449e+01
      vertex   -1.142519e+01 1.500000e+00 2.080264e+01
      vertex   -1.163710e+01 1.500000e+00 2.023449e+01
    endloop
  endfacet
  facet normal -8.776790e-01 0.000000e+00 4.792490e-01
    outer loop
      vertex   -1.163710e+01 -4.500000e+00 2.023449e+01
      vertex   -1.163710e+01 1.500000e+00 2.023449e+01
      vertex   -1.192771e+01 -4.500000e+00 1.970228e+01
    endloop
  endfacet
  facet normal -8.776790e-01 0.000000e+00 4.792490e-01
    outer loop
      vertex   -1.192771e+01 -4.500000e+00 1.970228e+01
      vertex   -1.163710e+01 1.500000e+00 2.023449e+01
      vertex   -1.192771e+01 1.500000e+00 1.970228e+01
    endloop
  endfacet
  facet normal -8.005412e-01 0.000000e+00 5.992777e-01
    outer loop
      vertex   -1.192771e+01 -4.500000e+00 1.970228e+01
      vertex   -1.192771e+01 1.500000e+00 1.970228e+01
      vertex   -1.229110e+01 -4.500000e+00 1.921684e+01
    endloop
  endfacet
  facet normal -8.005412e-01 0.000000e+00 5.992777e-01
    outer loop
      vertex   -1.229110e+01 -4.500000e+00 1.921684e+01
      vertex   -1.192771e+01 1.500000e+00 1.970228e+01
      vertex   -1.229110e+01 1.500000e+00 1.921684e+01
    endloop
  endfacet
  facet normal -7.071068e-01 0.000000e+00 7.071068e-01
    outer loop
      vertex   -1.229110e+01 -4.500000e+00 1.921684e+01
      vertex   -1.229110e+01 1.500000e+00 1.921684e+01
      vertex   -1.271988e+01 -4.500000e+00 1.878806e+01
    endloop
  endfacet
  facet normal -7.071068e-01 0.000000e+00 7.071068e-01
    outer loop
      vertex   -1.271988e+01 -4.500000e+00 1.878806e+01
      vertex   -1.229110e+01 1.500000e+00 1.921684e+01
      vertex   -1.271988e+01 1.500000e+00 1.878806e+01
    endloop
  endfacet
  facet normal -5.992777e-01 0.000000e+00 8.005412e-01
    outer loop
      vertex   -1.271988e+01 -4.500000e+00 1.878806e+01
      vertex   -1.271988e+01 1.500000e+00 1.878806e+01
      vertex   -1.320531e+01 -4.500000e+00 1.842467e+01
    endloop
  endfacet
  facet normal -5.992777e-01 1.774218e-16 8.005412e-01
    outer loop
      vertex   -1.320531e+01 -4.500000e+00 1.842467e+01
      vertex   -1.271988e+01 1.500000e+00 1.878806e+01
      vertex   -1.320531e+01 1.500000e+00 1.842467e+01
    endloop
  endfacet
  facet normal -4.792490e-01 1.418862e-16 8.776790e-01
    outer loop
      vertex   -1.320531e+01 -4.500000e+00 1.842467e+01
      vertex   -1.320531e+01 1.500000e+00 1.842467e+01
      vertex   -1.373752e+01 -4.500000e+00 1.813406e+01
    endloop
  endfacet
  facet normal -4.792490e-01 0.000000e+00 8.776790e-01
    outer loop
      vertex   -1.373752e+01 -4.500000e+00 1.813406e+01
      vertex   -1.320531e+01 1.500000e+00 1.842467e+01
      vertex   -1.373752e+01 1.500000e+00 1.813406e+01
    endloop
  endfacet
  facet normal -3.494642e-01 0.000000e+00 9.369497e-01
    outer loop
      vertex   -1.373752e+01 -4.500000e+00 1.813406e+01
      vertex   -1.373752e+01 1.500000e+00 1.813406e+01
      vertex   -1.430567e+01 -4.500000e+00 1.792215e+01
    endloop
  endfacet
  facet normal -3.494642e-01 0.000000e+00 9.369497e-01
    outer loop
      vertex   -1.430567e+01 -4.500000e+00 1.792215e+01
      vertex   -1.373752e+01 1.500000e+00 1.813406e+01
      vertex   -1.430567e+01 1.500000e+00 1.792215e+01
    endloop
  endfacet
  facet normal -2.125653e-01 0.000000e+00 9.771469e-01
    outer loop
      vertex   -1.430567e+01 -4.500000e+00 1.792215e+01
      vertex   -1.430567e+01 1.500000e+00 1.792215e+01
      vertex   -1.489820e+01 -4.500000e+00 1.779326e+01
    endloop
  endfacet
  facet normal -2.125653e-01 0.000000e+00 9.771469e-01
    outer loop
      vertex   -1.489820e+01 -4.500000e+00 1.779326e+01
      vertex   -1.430567e+01 1.500000e+00 1.792215e+01
      vertex   -1.489820e+01 1.500000e+00 1.779326e+01
    endloop
  endfacet
  facet normal -7.133918e-02 0.000000e+00 9.974521e-01
    outer loop
      vertex   -1.489820e+01 -4.500000e+00 1.779326e+01
      vertex   -1.489820e+01 1.500000e+00 1.779326e+01
      vertex   -1.550304e+01 -4.500000e+00 1.775000e+01
    endloop
  endfacet
  facet normal -7.133918e-02 0.000000e+00 9.974521e-01
    outer loop
      vertex   -1.550304e+01 -4.500000e+00 1.775000e+01
      vertex   -1.489820e+01 1.500000e+00 1.779326e+01
      vertex   -1.550304e+01 1.500000e+00 1.775000e+01
    endloop
  endfacet
  facet normal 7.133918e-02 -0.000000e+00 9.974521e-01
    outer loop
      vertex   -1.550304e+01 -4.500000e+00 1.775000e+01
      vertex   -1.550304e+01 1.500000e+00 1.775000e+01
      vertex   -1.610787e+01 -4.500000e+00 1.779326e+01
    endloop
  endfacet
  facet normal 7.133918e-02 -0.000000e+00 9.974521e-01
    outer loop
      vertex   -1.610787e+01 -4.500000e+00 1.779326e+01
      vertex   -1.550304e+01 1.500000e+00 1.775000e+01
      vertex   -1.610787e+01 1.500000e+00 1.779326e+01
    endloop
  endfacet
  facet normal 2.125653e-01 -0.000000e+00 9.771469e-01
    outer loop
      vertex   -1.610787e+01 -4.500000e+00 1.779326e+01
      vertex   -1.610787e+01 1.500000e+00 1.779326e+01
      vertex   -1.670040e+01 -4.500000e+00 1.792215e+01
    endloop
  endfacet
  facet normal 2.125653e-01 -0.000000e+00 9.771469e-01
    outer loop
      vertex   -1.670040e+01 -4.500000e+00 1.792215e+01
      vertex   -1.610787e+01 1.500000e+00 1.779326e+01
      vertex   -1.670040e+01 1.500000e+00 1.792215e+01
    endloop
  endfacet
  facet normal 3.494642e-01 -0.000000e+00 9.369497e-01
    outer loop
      vertex   -1.670040e+01 -4.500000e+00 1.792215e+01
      vertex   -1.670040e+01 1.500000e+00 1.792215e+01
      vertex   -1.726855e+01 -4.500000e+00 1.813406e+01
    endloop
  endfacet
  facet normal 3.494642e-01 -5.547857e-16 9.369497e-01
    outer loop
      vertex   -1.726855e+01 -4.500000e+00 1.813406e+01
      vertex   -1.670040e+01 1.500000e+00 1.792215e+01
      vertex   -1.726855e+01 1.500000e+00 1.813406e+01
    endloop
  endfacet
  facet normal 4.792490e-01 -5.196904e-16 8.776790e-01
    outer loop
      vertex   -1.726855e+01 -4.500000e+00 1.813406e+01
      vertex   -1.726855e+01 1.500000e+00 1.813406e+01
      vertex   -1.780076e+01 -4.500000e+00 1.842467e+01
    endloop
  endfacet
  facet normal 4.792490e-01 -0.000000e+00 8.776790e-01
    outer loop
      vertex   -1.780076e+01 -4.500000e+00 1.842467e+01
      vertex   -1.726855e+01 1.500000e+00 1.813406e+01
      vertex   -1.780076e+01 1.500000e+00 1.842467e+01
    endloop
  endfacet
  facet normal 5.992777e-01 -0.000000e+00 8.005412e-01
    outer loop
      vertex   -1.780076e+01 -4.500000e+00 1.842467e+01
      vertex   -1.780076e+01 1.500000e+00 1.842467e+01
      vertex   -1.828619e+01 -4.500000e+00 1.878806e+01
    endloop
  endfacet
  facet normal 5.992777e-01 4.740156e-16 8.005412e-01
    outer loop
      vertex   -1.828619e+01 -4.500000e+00 1.878806e+01
      vertex   -1.780076e+01 1.500000e+00 1.842467e+01
      vertex   -1.828619e+01 1.500000e+00 1.878806e+01
    endloop
  endfacet
  facet normal 7.071068e-01 4.186913e-16 7.071068e-01
    outer loop
      vertex   -1.828619e+01 -4.500000e+00 1.878806e+01
      vertex   -1.828619e+01 1.500000e+00 1.878806e+01
      vertex   -1.871497e+01 -4.500000e+00 1.921684e+01
    endloop
  endfacet
  facet normal 7.071068e-01 4.186913e-16 7.071068e-01
    outer loop
      vertex   -1.871497e+01 -4.500000e+00 1.921684e+01
      vertex   -1.828619e+01 1.500000e+00 1.878806e+01
      vertex   -1.871497e+01 1.500000e+00 1.921684e+01
    endloop
  endfacet
  facet normal 8.005412e-01 3.548437e-16 5.992777e-01
    outer loop
      vertex   -1.871497e+01 -4.500000e+00 1.921684e+01
      vertex   -1.871497e+01 1.500000e+00 1.921684e+01
      vertex   -1.907836e+01 -4.500000e+00 1.970228e+01
    endloop
  endfacet
  facet normal 8.005412e-01 -0.000000e+00 5.992777e-01
    outer loop
      vertex   -1.907836e+01 -4.500000e+00 1.970228e+01
      vertex   -1.871497e+01 1.500000e+00 1.921684e+01
      vertex   -1.907836e+01 1.500000e+00 1.970228e+01
    endloop
  endfacet
  facet normal 8.776790e-01 -0.000000e+00 4.792490e-01
    outer loop
      vertex   -1.907836e+01 -4.500000e+00 1.970228e+01
      vertex   -1.907836e+01 1.500000e+00 1.970228e+01
      vertex   -1.936897e+01 -4.500000e+00 2.023449e+01
    endloop
  endfacet
  facet normal 8.776790e-01 -0.000000e+00 4.792490e-01
    outer loop
      vertex   -1.936897e+01 -4.500000e+00 2.023449e+01
      vertex   -1.907836e+01 1.500000e+00 1.970228e+01
      vertex   -1.936897e+01 1.500000e+00 2.023449e+01
    endloop
  endfacet
  facet normal 9.369497e-01 -0.000000e+00 3.494642e-01
    outer loop
      vertex   -1.936897e+01 -4.500000e+00 2.023449e+01
      vertex   -1.936897e+01 1.500000e+00 2.023449e+01
      vertex   -1.958088e+01 -4.500000e+00 2.080264e+01
    endloop
  endfacet
  facet normal 9.369497e-01 -0.000000e+00 3.494642e-01
    outer loop
      vertex   -1.958088e+01 -4.500000e+00 2.080264e+01
      vertex   -1.936897e+01 1.500000e+00 2.023449e+01
      vertex   -1.958088e+01 1.500000e+00 2.080264e+01
    endloop
  endfacet
  facet normal 9.771469e-01 -0.000000e+00 2.125653e-01
    outer loop
      vertex   -1.958088e+01 -4.500000e+00 2.080264e+01
      vertex   -1.958088e+01 1.500000e+00 2.080264e+01
      vertex   -1.970978e+01 -4.500000e+00 2.139516e+01
    endloop
  endfacet
  facet normal 9.771469e-01 -0.000000e+00 2.125653e-01
    outer loop
      vertex   -1.970978e+01 -4.500000e+00 2.139516e+01
      vertex   -1.958088e+01 1.500000e+00 2.080264e+01
      vertex   -1.970978e+01 1.500000e+00 2.139516e+01
    endloop
  endfacet
  facet normal -0.000000e+00 1.000000e+00 0.000000e+00
    outer loop
      vertex   -1.334590e+01 2.000000e+00 6.596988e+00
      vertex   -1.183153e+01 2.000000e+00 7.473762e+00
      vertex   -1.334590e+01 2.000000e+00 4.693519e+00
    endloop
  endfacet
  facet normal 0.000000e+00 1.000000e+00 0.000000e+00
    outer loop
      vertex   -1.334590e+01 2.000000e+00 4.693519e+00
      vertex   -1.183153e+01 2.000000e+00 7.473762e+00
      vertex   -1.000000e+01 2.000000e+00 7.000000e+00
    endloop
  endfacet
  facet normal -0.000000e+00 1.000000e+00 0.000000e+00
    outer loop
      vertex   -1.334590e+01 2.000000e+00 4.693519e+00
      vertex   -1.000000e+01 2.000000e+00 7.000000e+00
      vertex   -1.334916e+01 2.000000e+00 4.649505e+00
    endloop
  endfacet
  facet normal -0.000000e+00 1.000000e+00 0.000000e+00
    outer loop
      vertex   -1.334916e+01 2.000000e+00 4.649505e+00
      vertex   -1.000000e+01 2.000000e+00 7.000000e+00
      vertex   -1.000000e+01 2.000000e+00 1.000000e+00
    endloop
  endfacet
  facet normal 0.000000e+00 1.000000e+00 0.000000e+00
    outer loop
      vertex   -1.334916e+01 2.000000e+00 4.649505e+00
      vertex   -1.000000e+01 2.000000e+00 1.000000e+00
      vertex   -1.335811e+01 2.000000e+00 4.608553e+00
    endloop
  endfacet
  facet normal 0.000000e+00 1.000000e+00 0.000000e+00
    outer loop
      vertex   -1.335811e+01 2.000000e+00 4.608553e+00
      vertex   -1.000000e+01 2.000000e+00 1.000000e+00
      vertex   -1.338803e+01 2.000000e+00 4.534121e+00
    endloop
  endfacet
  facet normal -1.119191e-07 1.000000e+00 -1.072926e-07
    outer loop
      vertex   -1.338803e+01 2.000000e+00 4.534121e+00
      vertex   -1.000000e+01 2.000000e+00 1.000000e+00
      vertex   -1.250304e+01 2.000000e+00 0.000000e+00
    endloop
  endfacet
  facet normal 1.044368e-07 1.000000e+00 -6.506320e-08
    outer loop
      vertex   -1.338803e+01 2.000000e+00 4.534121e+00
      vertex   -1.250304e+01 2.000000e+00 0.000000e+00
      vertex   -1.341138e+01 2.000000e+00 4.496641e+00
    endloop
  endfacet
  facet normal 8.152102e-08 1.000000e+00 -6.969229e-08
    outer loop
      vertex   -1.341138e+01 2.000000e+00 4.496641e+00
      vertex   -1.250304e+01 2.000000e+00 0.000000e+00
      vertex   -1.345250e+01 2.000000e+00 4.448541e+00
    endloop
  endfacet
  facet normal 6.539341e-08 1.000000e+00 -7.313445e-08
    outer loop
      vertex   -1.345250e+01 2.000000e+00 4.448541e+00
      vertex   -1.250304e+01 2.000000e+00 0.000000e+00
      vertex   -1.351925e+01 2.000000e+00 4.388854e+00
    endloop
  endfacet
  facet normal 0.000000e+00 1.000000e+00 0.000000e+00
    outer loop
      vertex   -1.345250e+01 2.000000e+00 4.448541e+00
      vertex   -1.351925e+01 2.000000e+00 4.388854e+00
      vertex   -1.350047e+01 2.000000e+00 4.407550e+00
    endloop
  endfacet
  facet normal 0.000000e+00 1.000000e+00 0.000000e+00
    outer loop
      vertex   -1.350047e+01 2.000000e+00 4.407550e+00
      vertex   -1.351925e+01 2.000000e+00 4.388854e+00
      vertex   -1.351177e+01 2.000000e+00 4.398202e+00
    endloop
  endfacet
  facet normal 0.000000e+00 1.000000e+00 0.000000e+00
    outer loop
      vertex   -1.350047e+01 2.000000e+00 4.407550e+00
      vertex   -1.351177e+01 2.000000e+00 4.398202e+00
      vertex   -1.350386e+01 2.000000e+00 4.405602e+00
    endloop
  endfacet
  facet normal 0.000000e+00 1.000000e+00 0.000000e+00
    outer loop
      vertex   -1.350386e+01 2.000000e+00 4.405602e+00
      vertex   -1.351177e+01 2.000000e+00 4.398202e+00
      vertex   -1.350683e+01 2.000000e+00 4.403320e+00
    endloop
  endfacet
  facet normal -0.000000e+00 1.000000e+00 0.000000e+00
    outer loop
      vertex   -1.183153e+01 2.000000e+00 7.473762e+00
      vertex   -1.177492e+01 2.000000e+00 7.514301e+00
      vertex   -1.000000e+01 2.000000e+00 7.000000e+00
    endloop
  endfacet
  facet normal 0.000000e+00 1.000000e+00 0.000000e+00
    outer loop
      vertex   -1.000000e+01 2.000000e+00 7.000000e+00
      vertex   -1.177492e+01 2.000000e+00 7.514301e+00
      vertex   -1.172864e+01 2.000000e+00 7.564291e+00
    endloop
  endfacet
  facet normal 0.000000e+00 1.000000e+00 0.000000e+00
    outer loop
      vertex   -1.000000e+01 2.000000e+00 7.000000e+00
      vertex   -1.172864e+01 2.000000e+00 7.564291e+00
      vertex   -1.169334e+01 2.000000e+00 7.621752e+00
    endloop
  endfacet
  facet normal -0.000000e+00 1.000000e+00 0.000000e+00
    outer loop
      vertex   -1.169334e+01 2.000000e+00 7.621752e+00
      vertex   -1.166971e+01 2.000000e+00 7.684706e+00
      vertex   -1.000000e+01 2.000000e+00 7.000000e+00
    endloop
  endfacet
  facet normal 0.000000e+00 1.000000e+00 0.000000e+00
    outer loop
      vertex   -1.000000e+01 2.000000e+00 7.000000e+00
      vertex   -1.166971e+01 2.000000e+00 7.684706e+00
      vertex   -1.165840e+01 2.000000e+00 7.751174e+00
    endloop
  endfacet
  facet normal 0.000000e+00 1.000000e+00 0.000000e+00
    outer loop
      vertex   -1.000000e+01 2.000000e+00 7.000000e+00
      vertex   -1.165840e+01 2.000000e+00 7.751174e+00
      vertex   -1.166007e+01 2.000000e+00 7.819177e+00
    endloop
  endfacet
  facet normal -0.000000e+00 1.000000e+00 -0.000000e+00
    outer loop
      vertex   -1.166007e+01 2.000000e+00 7.819177e+00
      vertex   -1.167540e+01 2.000000e+00 7.886735e+00
      vertex   -1.000000e+01 2.000000e+00 7.000000e+00
    endloop
  endfacet
  facet normal 0.000000e+00 1.000000e+00 0.000000e+00
    outer loop
      vertex   -1.000000e+01 2.000000e+00 7.000000e+00
      vertex   -1.167540e+01 2.000000e+00 7.886735e+00
      vertex   -1.170505e+01 2.000000e+00 7.951870e+00
    endloop
  endfacet
  facet normal 0.000000e+00 1.000000e+00 0.000000e+00
    outer loop
      vertex   -1.000000e+01 2.000000e+00 7.000000e+00
      vertex   -1.170505e+01 2.000000e+00 7.951870e+00
      vertex   -1.174711e+01 2.000000e+00 8.009809e+00
    endloop
  endfacet
  facet normal -0.000000e+00 1.000000e+00 -0.000000e+00
    outer loop
      vertex   -1.179819e+01 2.000000e+00 8.056704e+00
      vertex   -1.226091e+01 2.000000e+00 1.852853e+01
      vertex   -1.174711e+01 2.000000e+00 8.009809e+00
    endloop
  endfacet
  facet normal 0.000000e+00 1.000000e+00 0.000000e+00
    outer loop
      vertex   -1.174711e+01 2.000000e+00 8.009809e+00
      vertex   -1.226091e+01 2.000000e+00 1.852853e+01
      vertex   -1.181841e+01 2.000000e+00 1.900233e+01
    endloop
  endfacet
  facet normal -0.000000e+00 1.000000e+00 -0.000000e+00
    outer loop
      vertex   -1.174711e+01 2.000000e+00 8.009809e+00
      vertex   -1.181841e+01 2.000000e+00 1.900233e+01
      vertex   -1.000000e+01 2.000000e+00 7.000000e+00
    endloop
  endfacet
  facet normal 0.000000e+00 1.000000e+00 0.000000e+00
    outer loop
      vertex   -1.000000e+01 2.000000e+00 7.000000e+00
      vertex   -1.181841e+01 2.000000e+00 1.900233e+01
      vertex   -1.144454e+01 2.000000e+00 1.953198e+01
    endloop
  endfacet
  facet normal 0.000000e+00 1.000000e+00 -0.000000e+00
    outer loop
      vertex   -1.000000e+01 2.000000e+00 7.000000e+00
      vertex   -1.144454e+01 2.000000e+00 1.953198e+01
      vertex   -5.003036e+00 2.000000e+00 7.000000e+00
    endloop
  endfacet
  facet normal 0.000000e+00 1.000000e+00 -0.000000e+00
    outer loop
      vertex   -5.003036e+00 2.000000e+00 7.000000e+00
      vertex   -1.144454e+01 2.000000e+00 1.953198e+01
      vertex   -5.003036e+00 2.000000e+00 2.150000e+01
    endloop
  endfacet
  facet normal 0.000000e+00 1.000000e+00 0.000000e+00
    outer loop
      vertex   -5.003036e+00 2.000000e+00 2.150000e+01
      vertex   -1.144454e+01 2.000000e+00 1.953198e+01
      vertex   -1.114628e+01 2.000000e+00 2.010759e+01
    endloop
  endfacet
  facet normal 0.000000e+00 1.000000e+00 0.000000e+00
    outer loop
      vertex   -5.003036e+00 2.000000e+00 2.150000e+01
      vertex   -1.114628e+01 2.000000e+00 2.010759e+01
      vertex   -1.092918e+01 2.000000e+00 2.071847e+01
    endloop
  endfacet
  facet normal 0.000000e+00 1.000000e+00 0.000000e+00
    outer loop
      vertex   -1.179819e+01 2.000000e+00 8.056704e+00
      vertex   -1.185631e+01 2.000000e+00 8.092060e+00
      vertex   -1.226091e+01 2.000000e+00 1.852853e+01
    endloop
  endfacet
  facet normal 0.000000e+00 1.000000e+00 0.000000e+00
    outer loop
      vertex   -1.226091e+01 2.000000e+00 1.852853e+01
      vertex   -1.185631e+01 2.000000e+00 8.092060e+00
      vertex   -1.276380e+01 2.000000e+00 1.811939e+01
    endloop
  endfacet
  facet normal 0.000000e+00 1.000000e+00 0.000000e+00
    outer loop
      vertex   -1.276380e+01 2.000000e+00 1.811939e+01
      vertex   -1.185631e+01 2.000000e+00 8.092060e+00
      vertex   -1.191949e+01 2.000000e+00 8.115382e+00
    endloop
  endfacet
  facet normal 0.000000e+00 1.000000e+00 0.000000e+00
    outer loop
      vertex   -1.276380e+01 2.000000e+00 1.811939e+01
      vertex   -1.191949e+01 2.000000e+00 8.115382e+00
      vertex   -1.198575e+01 2.000000e+00 8.126176e+00
    endloop
  endfacet
  facet normal 0.000000e+00 1.000000e+00 0.000000e+00
    outer loop
      vertex   -1.276380e+01 2.000000e+00 1.811939e+01
      vertex   -1.198575e+01 2.000000e+00 8.126176e+00
      vertex   -1.331773e+01 2.000000e+00 1.778255e+01
    endloop
  endfacet
  facet normal 0.000000e+00 1.000000e+00 0.000000e+00
    outer loop
      vertex   -1.331773e+01 2.000000e+00 1.778255e+01
      vertex   -1.198575e+01 2.000000e+00 8.126176e+00
      vertex   -1.205311e+01 2.000000e+00 8.123947e+00
    endloop
  endfacet
  facet normal 0.000000e+00 1.000000e+00 0.000000e+00
    outer loop
      vertex   -1.331773e+01 2.000000e+00 1.778255e+01
      vertex   -1.205311e+01 2.000000e+00 8.123947e+00
      vertex   -1.391236e+01 2.000000e+00 1.752426e+01
    endloop
  endfacet
  facet normal 0.000000e+00 1.000000e+00 0.000000e+00
    outer loop
      vertex   -1.391236e+01 2.000000e+00 1.752426e+01
      vertex   -1.205311e+01 2.000000e+00 8.123947e+00
      vertex   -1.211960e+01 2.000000e+00 8.108200e+00
    endloop
  endfacet
  facet normal 0.000000e+00 1.000000e+00 0.000000e+00
    outer loop
      vertex   -1.391236e+01 2.000000e+00 1.752426e+01
      vertex   -1.211960e+01 2.000000e+00 8.108200e+00
      vertex   -1.218324e+01 2.000000e+00 8.078441e+00
    endloop
  endfacet
  facet normal 0.000000e+00 1.000000e+00 -0.000000e+00
    outer loop
      vertex   -1.369752e+01 2.000000e+00 7.206491e+00
      vertex   -1.534785e+01 2.000000e+00 8.162878e+00
      vertex   -1.218324e+01 2.000000e+00 8.078441e+00
    endloop
  endfacet
  facet normal 0.000000e+00 1.000000e+00 0.000000e+00
    outer loop
      vertex   -1.218324e+01 2.000000e+00 8.078441e+00
      vertex   -1.534785e+01 2.000000e+00 8.162878e+00
      vertex   -1.453662e+01 2.000000e+00 1.734935e+01
    endloop
  endfacet
  facet normal 0.000000e+00 1.000000e+00 0.000000e+00
    outer loop
      vertex   -1.218324e+01 2.000000e+00 8.078441e+00
      vertex   -1.453662e+01 2.000000e+00 1.734935e+01
      vertex   -1.391236e+01 2.000000e+00 1.752426e+01
    endloop
  endfacet
  facet normal -0.000000e+00 1.000000e+00 -0.000000e+00
    outer loop
      vertex   -1.535533e+01 2.000000e+00 8.163460e+00
      vertex   -1.536663e+01 2.000000e+00 8.167531e+00
      vertex   -1.534785e+01 2.000000e+00 8.162878e+00
    endloop
  endfacet
  facet normal 0.000000e+00 1.000000e+00 0.000000e+00
    outer loop
      vertex   -1.534785e+01 2.000000e+00 8.162878e+00
      vertex   -1.536663e+01 2.000000e+00 8.167531e+00
      vertex   -1.544096e+01 2.000000e+00 8.197429e+00
    endloop
  endfacet
  facet normal 0.000000e+00 1.000000e+00 -0.000000e+00
    outer loop
      vertex   -1.534785e+01 2.000000e+00 8.162878e+00
      vertex   -1.544096e+01 2.000000e+00 8.197429e+00
      vertex   -1.517888e+01 2.000000e+00 1.726107e+01
    endloop
  endfacet
  facet normal 0.000000e+00 1.000000e+00 0.000000e+00
    outer loop
      vertex   -1.517888e+01 2.000000e+00 1.726107e+01
      vertex   -1.544096e+01 2.000000e+00 8.197429e+00
      vertex   -1.548192e+01 2.000000e+00 8.206449e+00
    endloop
  endfacet
  facet normal 0.000000e+00 1.000000e+00 0.000000e+00
    outer loop
      vertex   -1.517888e+01 2.000000e+00 1.726107e+01
      vertex   -1.548192e+01 2.000000e+00 8.206449e+00
      vertex   -1.552594e+01 2.000000e+00 8.209750e+00
    endloop
  endfacet
  facet normal 0.000000e+00 1.000000e+00 0.000000e+00
    outer loop
      vertex   -1.517888e+01 2.000000e+00 1.726107e+01
      vertex   -1.552594e+01 2.000000e+00 8.209750e+00
      vertex   -1.582719e+01 2.000000e+00 1.726107e+01
    endloop
  endfacet
  facet normal 0.000000e+00 1.000000e+00 0.000000e+00
    outer loop
      vertex   -1.582719e+01 2.000000e+00 1.726107e+01
      vertex   -1.552594e+01 2.000000e+00 8.209750e+00
      vertex   -1.556733e+01 2.000000e+00 8.206449e+00
    endloop
  endfacet
  facet normal 0.000000e+00 1.000000e+00 0.000000e+00
    outer loop
      vertex   -1.582719e+01 2.000000e+00 1.726107e+01
      vertex   -1.556733e+01 2.000000e+00 8.206449e+00
      vertex   -1.560738e+01 2.000000e+00 8.197429e+00
    endloop
  endfacet
  facet normal 0.000000e+00 1.000000e+00 -0.000000e+00
    outer loop
      vertex   -1.568525e+01 2.000000e+00 8.167531e+00
      vertex   -1.569947e+01 2.000000e+00 8.162878e+00
      vertex   -1.560738e+01 2.000000e+00 8.197429e+00
    endloop
  endfacet
  facet normal 0.000000e+00 1.000000e+00 0.000000e+00
    outer loop
      vertex   -1.560738e+01 2.000000e+00 8.197429e+00
      vertex   -1.569947e+01 2.000000e+00 8.162878e+00
      vertex   -1.646945e+01 2.000000e+00 1.734935e+01
    endloop
  endfacet
  facet normal 0.000000e+00 1.000000e+00 0.000000e+00
    outer loop
      vertex   -1.560738e+01 2.000000e+00 8.197429e+00
      vertex   -1.646945e+01 2.000000e+00 1.734935e+01
      vertex   -1.582719e+01 2.000000e+00 1.726107e+01
    endloop
  endfacet
  facet normal 0.000000e+00 1.000000e+00 -0.000000e+00
    outer loop
      vertex   -1.568883e+01 2.000000e+00 8.164841e+00
      vertex   -1.569060e+01 2.000000e+00 8.164014e+00
      vertex   -1.568525e+01 2.000000e+00 8.167531e+00
    endloop
  endfacet
  facet normal 0.000000e+00 1.000000e+00 0.000000e+00
    outer loop
      vertex   -1.568525e+01 2.000000e+00 8.167531e+00
      vertex   -1.569060e+01 2.000000e+00 8.164014e+00
      vertex   -1.569236e+01 2.000000e+00 8.163460e+00
    endloop
  endfacet
  facet normal 0.000000e+00 1.000000e+00 0.000000e+00
    outer loop
      vertex   -1.568525e+01 2.000000e+00 8.167531e+00
      vertex   -1.569236e+01 2.000000e+00 8.163460e+00
      vertex   -1.569947e+01 2.000000e+00 8.162878e+00
    endloop
  endfacet
  facet normal 0.000000e+00 1.000000e+00 -0.000000e+00
    outer loop
      vertex   -1.734954e+01 2.000000e+00 7.206491e+00
      vertex   -1.886408e+01 2.000000e+00 8.078441e+00
      vertex   -1.569947e+01 2.000000e+00 8.162878e+00
    endloop
  endfacet
  facet normal 0.000000e+00 1.000000e+00 0.000000e+00
    outer loop
      vertex   -1.569947e+01 2.000000e+00 8.162878e+00
      vertex   -1.886408e+01 2.000000e+00 8.078441e+00
      vertex   -1.646945e+01 2.000000e+00 1.734935e+01
    endloop
  endfacet
  facet normal 0.000000e+00 1.000000e+00 0.000000e+00
    outer loop
      vertex   -1.646945e+01 2.000000e+00 1.734935e+01
      vertex   -1.886408e+01 2.000000e+00 8.078441e+00
      vertex   -1.709371e+01 2.000000e+00 1.752426e+01
    endloop
  endfacet
  facet normal 0.000000e+00 1.000000e+00 0.000000e+00
    outer loop
      vertex   -1.709371e+01 2.000000e+00 1.752426e+01
      vertex   -1.886408e+01 2.000000e+00 8.078441e+00
      vertex   -1.892922e+01 2.000000e+00 8.108200e+00
    endloop
  endfacet
  facet normal 0.000000e+00 1.000000e+00 0.000000e+00
    outer loop
      vertex   -1.709371e+01 2.000000e+00 1.752426e+01
      vertex   -1.892922e+01 2.000000e+00 8.108200e+00
      vertex   -1.899684e+01 2.000000e+00 8.123947e+00
    endloop
  endfacet
  facet normal 0.000000e+00 1.000000e+00 0.000000e+00
    outer loop
      vertex   -1.709371e+01 2.000000e+00 1.752426e+01
      vertex   -1.899684e+01 2.000000e+00 8.123947e+00
      vertex   -1.768835e+01 2.000000e+00 1.778255e+01
    endloop
  endfacet
  facet normal 0.000000e+00 1.000000e+00 0.000000e+00
    outer loop
      vertex   -1.768835e+01 2.000000e+00 1.778255e+01
      vertex   -1.899684e+01 2.000000e+00 8.123947e+00
      vertex   -1.906502e+01 2.000000e+00 8.126176e+00
    endloop
  endfacet
  facet normal 0.000000e+00 1.000000e+00 0.000000e+00
    outer loop
      vertex   -1.768835e+01 2.000000e+00 1.778255e+01
      vertex   -1.906502e+01 2.000000e+00 8.126176e+00
      vertex   -1.824227e+01 2.000000e+00 1.811939e+01
    endloop
  endfacet
  facet normal 0.000000e+00 1.000000e+00 0.000000e+00
    outer loop
      vertex   -1.824227e+01 2.000000e+00 1.811939e+01
      vertex   -1.906502e+01 2.000000e+00 8.126176e+00
      vertex   -1.913182e+01 2.000000e+00 8.115382e+00
    endloop
  endfacet
  facet normal 0.000000e+00 1.000000e+00 0.000000e+00
    outer loop
      vertex   -1.824227e+01 2.000000e+00 1.811939e+01
      vertex   -1.913182e+01 2.000000e+00 8.115382e+00
      vertex   -1.919533e+01 2.000000e+00 8.092060e+00
    endloop
  endfacet
  facet normal 0.000000e+00 1.000000e+00 0.000000e+00
    outer loop
      vertex   -1.824227e+01 2.000000e+00 1.811939e+01
      vertex   -1.919533e+01 2.000000e+00 8.092060e+00
      vertex   -1.874516e+01 2.000000e+00 1.852853e+01
    endloop
  endfacet
  facet normal 0.000000e+00 1.000000e+00 0.000000e+00
    outer loop
      vertex   -1.874516e+01 2.000000e+00 1.852853e+01
      vertex   -1.919533e+01 2.000000e+00 8.092060e+00
      vertex   -1.925362e+01 2.000000e+00 8.056704e+00
    endloop
  endfacet
  facet normal 0.000000e+00 1.000000e+00 0.000000e+00
    outer loop
      vertex   -1.874516e+01 2.000000e+00 1.852853e+01
      vertex   -1.925362e+01 2.000000e+00 8.056704e+00
      vertex   -2.600304e+01 2.000000e+00 1.350000e+01
    endloop
  endfacet
  facet normal 0.000000e+00 1.000000e+00 0.000000e+00
    outer loop
      vertex   -2.600304e+01 2.000000e+00 1.350000e+01
      vertex   -1.925362e+01 2.000000e+00 8.056704e+00
      vertex   -2.596142e+01 2.000000e+00 1.244080e+01
    endloop
  endfacet
  facet normal 0.000000e+00 1.000000e+00 0.000000e+00
    outer loop
      vertex   -2.596142e+01 2.000000e+00 1.244080e+01
      vertex   -1.925362e+01 2.000000e+00 8.056704e+00
      vertex   -1.930476e+01 2.000000e+00 8.009809e+00
    endloop
  endfacet
  facet normal 0.000000e+00 1.000000e+00 0.000000e+00
    outer loop
      vertex   -2.596142e+01 2.000000e+00 1.244080e+01
      vertex   -1.930476e+01 2.000000e+00 8.009809e+00
      vertex   -2.583683e+01 2.000000e+00 1.138813e+01
    endloop
  endfacet
  facet normal 0.000000e+00 1.000000e+00 0.000000e+00
    outer loop
      vertex   -2.583683e+01 2.000000e+00 1.138813e+01
      vertex   -1.930476e+01 2.000000e+00 8.009809e+00
      vertex   -2.563003e+01 2.000000e+00 1.034849e+01
    endloop
  endfacet
  facet normal 0.000000e+00 1.000000e+00 0.000000e+00
    outer loop
      vertex   -2.563003e+01 2.000000e+00 1.034849e+01
      vertex   -1.930476e+01 2.000000e+00 8.009809e+00
      vertex   -2.534230e+01 2.000000e+00 9.328271e+00
    endloop
  endfacet
  facet normal 0.000000e+00 1.000000e+00 0.000000e+00
    outer loop
      vertex   -2.534230e+01 2.000000e+00 9.328271e+00
      vertex   -1.930476e+01 2.000000e+00 8.009809e+00
      vertex   -1.934684e+01 2.000000e+00 7.951870e+00
    endloop
  endfacet
  facet normal 0.000000e+00 1.000000e+00 0.000000e+00
    outer loop
      vertex   -2.534230e+01 2.000000e+00 9.328271e+00
      vertex   -1.934684e+01 2.000000e+00 7.951870e+00
      vertex   -2.497541e+01 2.000000e+00 8.333774e+00
    endloop
  endfacet
  facet normal 0.000000e+00 1.000000e+00 0.000000e+00
    outer loop
      vertex   -2.497541e+01 2.000000e+00 8.333774e+00
      vertex   -1.934684e+01 2.000000e+00 7.951870e+00
      vertex   -1.937640e+01 2.000000e+00 7.886722e+00
    endloop
  endfacet
  facet normal 0.000000e+00 1.000000e+00 0.000000e+00
    outer loop
      vertex   -2.497541e+01 2.000000e+00 8.333774e+00
      vertex   -1.937640e+01 2.000000e+00 7.886722e+00
      vertex   -2.453162e+01 2.000000e+00 7.371128e+00
    endloop
  endfacet
  facet normal -0.000000e+00 1.000000e+00 0.000000e+00
    outer loop
      vertex   -2.453162e+01 2.000000e+00 7.371128e+00
      vertex   -1.937640e+01 2.000000e+00 7.886722e+00
      vertex   -2.401368e+01 2.000000e+00 6.446269e+00
    endloop
  endfacet
  facet normal 0.000000e+00 1.000000e+00 0.000000e+00
    outer loop
      vertex   -2.401368e+01 2.000000e+00 6.446269e+00
      vertex   -1.937640e+01 2.000000e+00 7.886722e+00
      vertex   -1.939162e+01 2.000000e+00 7.819090e+00
    endloop
  endfacet
  facet normal -0.000000e+00 1.000000e+00 0.000000e+00
    outer loop
      vertex   -2.401368e+01 2.000000e+00 6.446269e+00
      vertex   -1.939162e+01 2.000000e+00 7.819090e+00
      vertex   -2.342477e+01 2.000000e+00 5.564899e+00
    endloop
  endfacet
  facet normal 0.000000e+00 1.000000e+00 0.000000e+00
    outer loop
      vertex   -2.342477e+01 2.000000e+00 5.564899e+00
      vertex   -1.939162e+01 2.000000e+00 7.819090e+00
      vertex   -1.939311e+01 2.000000e+00 7.750901e+00
    endloop
  endfacet
  facet normal -0.000000e+00 1.000000e+00 0.000000e+00
    outer loop
      vertex   -2.342477e+01 2.000000e+00 5.564899e+00
      vertex   -1.939311e+01 2.000000e+00 7.750901e+00
      vertex   -2.276852e+01 2.000000e+00 4.732451e+00
    endloop
  endfacet
  facet normal 0.000000e+00 1.000000e+00 0.000000e+00
    outer loop
      vertex   -2.276852e+01 2.000000e+00 4.732451e+00
      vertex   -1.939311e+01 2.000000e+00 7.750901e+00
      vertex   -1.938146e+01 2.000000e+00 7.684081e+00
    endloop
  endfacet
  facet normal -0.000000e+00 1.000000e+00 0.000000e+00
    outer loop
      vertex   -2.276852e+01 2.000000e+00 4.732451e+00
      vertex   -1.938146e+01 2.000000e+00 7.684081e+00
      vertex   -2.204898e+01 2.000000e+00 3.954058e+00
    endloop
  endfacet
  facet normal 0.000000e+00 1.000000e+00 0.000000e+00
    outer loop
      vertex   -2.204898e+01 2.000000e+00 3.954058e+00
      vertex   -1.938146e+01 2.000000e+00 7.684081e+00
      vertex   -1.935730e+01 2.000000e+00 7.620557e+00
    endloop
  endfacet
  facet normal 0.000000e+00 1.000000e+00 0.000000e+00
    outer loop
      vertex   -2.204898e+01 2.000000e+00 3.954058e+00
      vertex   -1.935730e+01 2.000000e+00 7.620557e+00
      vertex   -1.932121e+01 2.000000e+00 7.562255e+00
    endloop
  endfacet
  facet normal -0.000000e+00 1.000000e+00 0.000000e+00
    outer loop
      vertex   -2.204898e+01 2.000000e+00 3.954058e+00
      vertex   -1.932121e+01 2.000000e+00 7.562255e+00
      vertex   -2.127059e+01 2.000000e+00 3.234519e+00
    endloop
  endfacet
  facet normal 0.000000e+00 1.000000e+00 0.000000e+00
    outer loop
      vertex   -2.127059e+01 2.000000e+00 3.234519e+00
      vertex   -1.932121e+01 2.000000e+00 7.562255e+00
      vertex   -1.927381e+01 2.000000e+00 7.511101e+00
    endloop
  endfacet
  facet normal 0.000000e+00 1.000000e+00 0.000000e+00
    outer loop
      vertex   -2.127059e+01 2.000000e+00 3.234519e+00
      vertex   -1.927381e+01 2.000000e+00 7.511101e+00
      vertex   -1.921570e+01 2.000000e+00 7.469023e+00
    endloop
  endfacet
  facet normal 0.000000e+00 1.000000e+00 0.000000e+00
    outer loop
      vertex   -1.770116e+01 2.000000e+00 6.596988e+00
      vertex   -1.770116e+01 2.000000e+00 4.693519e+00
      vertex   -1.921570e+01 2.000000e+00 7.469023e+00
    endloop
  endfacet
  facet normal 0.000000e+00 1.000000e+00 0.000000e+00
    outer loop
      vertex   -1.921570e+01 2.000000e+00 7.469023e+00
      vertex   -1.770116e+01 2.000000e+00 4.693519e+00
      vertex   -2.043814e+01 2.000000e+00 2.578271e+00
    endloop
  endfacet
  facet normal 0.000000e+00 1.000000e+00 0.000000e+00
    outer loop
      vertex   -1.921570e+01 2.000000e+00 7.469023e+00
      vertex   -2.043814e+01 2.000000e+00 2.578271e+00
      vertex   -2.127059e+01 2.000000e+00 3.234519e+00
    endloop
  endfacet
  facet normal 0.000000e+00 1.000000e+00 0.000000e+00
    outer loop
      vertex   -1.770116e+01 2.000000e+00 4.693519e+00
      vertex   -1.769790e+01 2.000000e+00 4.649505e+00
      vertex   -2.043814e+01 2.000000e+00 2.578271e+00
    endloop
  endfacet
  facet normal -0.000000e+00 1.000000e+00 0.000000e+00
    outer loop
      vertex   -2.043814e+01 2.000000e+00 2.578271e+00
      vertex   -1.769790e+01 2.000000e+00 4.649505e+00
      vertex   -1.955677e+01 2.000000e+00 1.989358e+00
    endloop
  endfacet
  facet normal 0.000000e+00 1.000000e+00 0.000000e+00
    outer loop
      vertex   -1.955677e+01 2.000000e+00 1.989358e+00
      vertex   -1.769790e+01 2.000000e+00 4.649505e+00
      vertex   -1.768895e+01 2.000000e+00 4.608553e+00
    endloop
  endfacet
  facet normal 0.000000e+00 1.000000e+00 0.000000e+00
    outer loop
      vertex   -1.955677e+01 2.000000e+00 1.989358e+00
      vertex   -1.768895e+01 2.000000e+00 4.608553e+00
      vertex   -1.765903e+01 2.000000e+00 4.534121e+00
    endloop
  endfacet
  facet normal 0.000000e+00 1.000000e+00 0.000000e+00
    outer loop
      vertex   -1.765903e+01 2.000000e+00 4.534121e+00
      vertex   -1.765478e+01 2.000000e+00 4.524315e+00
      vertex   -1.955677e+01 2.000000e+00 1.989358e+00
    endloop
  endfacet
  facet normal 0.000000e+00 1.000000e+00 0.000000e+00
    outer loop
      vertex   -1.955677e+01 2.000000e+00 1.989358e+00
      vertex   -1.765478e+01 2.000000e+00 4.524315e+00
      vertex   -1.764917e+01 2.000000e+00 4.515381e+00
    endloop
  endfacet
  facet normal -0.000000e+00 1.000000e+00 0.000000e+00
    outer loop
      vertex   -1.955677e+01 2.000000e+00 1.989358e+00
      vertex   -1.764917e+01 2.000000e+00 4.515381e+00
      vertex   -1.863191e+01 2.000000e+00 1.471412e+00
    endloop
  endfacet
  facet normal 0.000000e+00 1.000000e+00 0.000000e+00
    outer loop
      vertex   -1.863191e+01 2.000000e+00 1.471412e+00
      vertex   -1.764917e+01 2.000000e+00 4.515381e+00
      vertex   -1.763568e+01 2.000000e+00 4.496641e+00
    endloop
  endfacet
  facet normal 0.000000e+00 1.000000e+00 0.000000e+00
    outer loop
      vertex   -1.863191e+01 2.000000e+00 1.471412e+00
      vertex   -1.763568e+01 2.000000e+00 4.496641e+00
      vertex   -1.759637e+01 2.000000e+00 4.446797e+00
    endloop
  endfacet
  facet normal 0.000000e+00 1.000000e+00 0.000000e+00
    outer loop
      vertex   -1.754659e+01 2.000000e+00 4.407550e+00
      vertex   -1.753338e+01 2.000000e+00 4.393083e+00
      vertex   -1.759637e+01 2.000000e+00 4.446797e+00
    endloop
  endfacet
  facet normal 0.000000e+00 1.000000e+00 0.000000e+00
    outer loop
      vertex   -1.759637e+01 2.000000e+00 4.446797e+00
      vertex   -1.753338e+01 2.000000e+00 4.393083e+00
      vertex   -1.753093e+01 2.000000e+00 4.390802e+00
    endloop
  endfacet
  facet normal 0.000000e+00 1.000000e+00 0.000000e+00
    outer loop
      vertex   -1.759637e+01 2.000000e+00 4.446797e+00
      vertex   -1.753093e+01 2.000000e+00 4.390802e+00
      vertex   -1.863191e+01 2.000000e+00 1.471412e+00
    endloop
  endfacet
  facet normal 0.000000e+00 1.000000e+00 0.000000e+00
    outer loop
      vertex   -1.863191e+01 2.000000e+00 1.471412e+00
      vertex   -1.753093e+01 2.000000e+00 4.390802e+00
      vertex   -1.752781e+01 2.000000e+00 4.388854e+00
    endloop
  endfacet
  facet normal -0.000000e+00 1.000000e+00 0.000000e+00
    outer loop
      vertex   -1.863191e+01 2.000000e+00 1.471412e+00
      vertex   -1.752781e+01 2.000000e+00 4.388854e+00
      vertex   -1.766926e+01 2.000000e+00 1.027626e+00
    endloop
  endfacet
  facet normal 0.000000e+00 1.000000e+00 0.000000e+00
    outer loop
      vertex   -1.766926e+01 2.000000e+00 1.027626e+00
      vertex   -1.752781e+01 2.000000e+00 4.388854e+00
      vertex   -1.587757e+01 2.000000e+00 2.227504e+00
    endloop
  endfacet
  facet normal -0.000000e+00 1.000000e+00 0.000000e+00
    outer loop
      vertex   -1.766926e+01 2.000000e+00 1.027626e+00
      vertex   -1.587757e+01 2.000000e+00 2.227504e+00
      vertex   -1.667477e+01 2.000000e+00 6.607370e-01
    endloop
  endfacet
  facet normal 0.000000e+00 1.000000e+00 0.000000e+00
    outer loop
      vertex   -1.667477e+01 2.000000e+00 6.607370e-01
      vertex   -1.587757e+01 2.000000e+00 2.227504e+00
      vertex   -1.587034e+01 2.000000e+00 2.157231e+00
    endloop
  endfacet
  facet normal 0.000000e+00 1.000000e+00 0.000000e+00
    outer loop
      vertex   -1.667477e+01 2.000000e+00 6.607370e-01
      vertex   -1.587034e+01 2.000000e+00 2.157231e+00
      vertex   -1.584967e+01 2.000000e+00 2.091505e+00
    endloop
  endfacet
  facet normal 0.000000e+00 1.000000e+00 0.000000e+00
    outer loop
      vertex   -1.754347e+01 2.000000e+00 4.405602e+00
      vertex   -1.754101e+01 2.000000e+00 4.403320e+00
      vertex   -1.754659e+01 2.000000e+00 4.407550e+00
    endloop
  endfacet
  facet normal 0.000000e+00 1.000000e+00 0.000000e+00
    outer loop
      vertex   -1.754659e+01 2.000000e+00 4.407550e+00
      vertex   -1.754101e+01 2.000000e+00 4.403320e+00
      vertex   -1.753720e+01 2.000000e+00 4.398202e+00
    endloop
  endfacet
  facet normal 0.000000e+00 1.000000e+00 0.000000e+00
    outer loop
      vertex   -1.754659e+01 2.000000e+00 4.407550e+00
      vertex   -1.753720e+01 2.000000e+00 4.398202e+00
      vertex   -1.753338e+01 2.000000e+00 4.393083e+00
    endloop
  endfacet
  facet normal 0.000000e+00 1.000000e+00 0.000000e+00
    outer loop
      vertex   -1.752781e+01 2.000000e+00 4.388854e+00
      vertex   -1.587757e+01 2.000000e+00 3.437119e+00
      vertex   -1.587757e+01 2.000000e+00 2.227504e+00
    endloop
  endfacet
  facet normal 0.000000e+00 1.000000e+00 0.000000e+00
    outer loop
      vertex   -1.584967e+01 2.000000e+00 2.091505e+00
      vertex   -1.581702e+01 2.000000e+00 2.031813e+00
      vertex   -1.667477e+01 2.000000e+00 6.607370e-01
    endloop
  endfacet
  facet normal 0.000000e+00 1.000000e+00 0.000000e+00
    outer loop
      vertex   -1.667477e+01 2.000000e+00 6.607370e-01
      vertex   -1.581702e+01 2.000000e+00 2.031813e+00
      vertex   -1.577387e+01 2.000000e+00 1.979641e+00
    endloop
  endfacet
  facet normal 0.000000e+00 1.000000e+00 0.000000e+00
    outer loop
      vertex   -1.667477e+01 2.000000e+00 6.607370e-01
      vertex   -1.577387e+01 2.000000e+00 1.979641e+00
      vertex   -1.572171e+01 2.000000e+00 1.936475e+00
    endloop
  endfacet
  facet normal -0.000000e+00 1.000000e+00 0.000000e+00
    outer loop
      vertex   -1.667477e+01 2.000000e+00 6.607370e-01
      vertex   -1.572171e+01 2.000000e+00 1.936475e+00
      vertex   -1.565455e+01 2.000000e+00 3.730061e-01
    endloop
  endfacet
  facet normal 0.000000e+00 1.000000e+00 0.000000e+00
    outer loop
      vertex   -1.565455e+01 2.000000e+00 3.730061e-01
      vertex   -1.572171e+01 2.000000e+00 1.936475e+00
      vertex   -1.566202e+01 2.000000e+00 1.903803e+00
    endloop
  endfacet
  facet normal 0.000000e+00 1.000000e+00 -0.000000e+00
    outer loop
      vertex   -1.565455e+01 2.000000e+00 3.730061e-01
      vertex   -1.566202e+01 2.000000e+00 1.903803e+00
      vertex   -1.559627e+01 2.000000e+00 1.883109e+00
    endloop
  endfacet
  facet normal 0.000000e+00 1.000000e+00 0.000000e+00
    outer loop
      vertex   -1.559627e+01 2.000000e+00 1.883109e+00
      vertex   -1.552594e+01 2.000000e+00 1.875881e+00
      vertex   -1.565455e+01 2.000000e+00 3.730061e-01
    endloop
  endfacet
  facet normal 0.000000e+00 1.000000e+00 0.000000e+00
    outer loop
      vertex   -1.565455e+01 2.000000e+00 3.730061e-01
      vertex   -1.552594e+01 2.000000e+00 1.875881e+00
      vertex   -1.545431e+01 2.000000e+00 1.883109e+00
    endloop
  endfacet
  facet normal 0.000000e+00 1.000000e+00 0.000000e+00
    outer loop
      vertex   -1.565455e+01 2.000000e+00 3.730061e-01
      vertex   -1.545431e+01 2.000000e+00 1.883109e+00
      vertex   -1.538794e+01 2.000000e+00 1.903803e+00
    endloop
  endfacet
  facet normal -0.000000e+00 1.000000e+00 0.000000e+00
    outer loop
      vertex   -1.538794e+01 2.000000e+00 1.903803e+00
      vertex   -1.532817e+01 2.000000e+00 1.936475e+00
      vertex   -1.565455e+01 2.000000e+00 3.730061e-01
    endloop
  endfacet
  facet normal -0.000000e+00 1.000000e+00 0.000000e+00
    outer loop
      vertex   -1.565455e+01 2.000000e+00 3.730061e-01
      vertex   -1.532817e+01 2.000000e+00 1.936475e+00
      vertex   -1.461490e+01 2.000000e+00 1.662074e-01
    endloop
  endfacet
  facet normal 0.000000e+00 1.000000e+00 0.000000e+00
    outer loop
      vertex   -1.461490e+01 2.000000e+00 1.662074e-01
      vertex   -1.532817e+01 2.000000e+00 1.936475e+00
      vertex   -1.527630e+01 2.000000e+00 1.979641e+00
    endloop
  endfacet
  facet normal 0.000000e+00 1.000000e+00 0.000000e+00
    outer loop
      vertex   -1.461490e+01 2.000000e+00 1.662074e-01
      vertex   -1.527630e+01 2.000000e+00 1.979641e+00
      vertex   -1.523366e+01 2.000000e+00 2.031813e+00
    endloop
  endfacet
  facet normal -0.000000e+00 1.000000e+00 0.000000e+00
    outer loop
      vertex   -1.523366e+01 2.000000e+00 2.031813e+00
      vertex   -1.520157e+01 2.000000e+00 2.091505e+00
      vertex   -1.461490e+01 2.000000e+00 1.662074e-01
    endloop
  endfacet
  facet normal 0.000000e+00 1.000000e+00 0.000000e+00
    outer loop
      vertex   -1.461490e+01 2.000000e+00 1.662074e-01
      vertex   -1.520157e+01 2.000000e+00 2.091505e+00
      vertex   -1.518135e+01 2.000000e+00 2.157231e+00
    endloop
  endfacet
  facet normal -0.000000e+00 1.000000e+00 -0.000000e+00
    outer loop
      vertex   -1.461490e+01 2.000000e+00 1.662074e-01
      vertex   -1.518135e+01 2.000000e+00 2.157231e+00
      vertex   -1.356223e+01 2.000000e+00 4.161599e-02
    endloop
  endfacet
  facet normal 0.000000e+00 1.000000e+00 0.000000e+00
    outer loop
      vertex   -1.356223e+01 2.000000e+00 4.161599e-02
      vertex   -1.518135e+01 2.000000e+00 2.157231e+00
      vertex   -1.517432e+01 2.000000e+00 2.227504e+00
    endloop
  endfacet
  facet normal 0.000000e+00 1.000000e+00 -0.000000e+00
    outer loop
      vertex   -1.356223e+01 2.000000e+00 4.161599e-02
      vertex   -1.517432e+01 2.000000e+00 2.227504e+00
      vertex   -1.351925e+01 2.000000e+00 4.388854e+00
    endloop
  endfacet
  facet normal 0.000000e+00 1.000000e+00 0.000000e+00
    outer loop
      vertex   -1.351925e+01 2.000000e+00 4.388854e+00
      vertex   -1.517432e+01 2.000000e+00 2.227504e+00
      vertex   -1.517432e+01 2.000000e+00 3.432380e+00
    endloop
  endfacet
  facet normal 3.656350e-07 1.000000e+00 -3.615104e-09
    outer loop
      vertex   -1.250304e+01 2.000000e+00 0.000000e+00
      vertex   -1.356223e+01 2.000000e+00 4.161599e-02
      vertex   -1.351925e+01 2.000000e+00 4.388854e+00
    endloop
  endfacet
  facet normal 0.000000e+00 1.000000e+00 0.000000e+00
    outer loop
      vertex   -2.600304e+01 2.000000e+00 2.150000e+01
      vertex   -1.985979e+01 2.000000e+00 2.010759e+01
      vertex   -2.600304e+01 2.000000e+00 1.350000e+01
    endloop
  endfacet
  facet normal 0.000000e+00 1.000000e+00 0.000000e+00
    outer loop
      vertex   -2.600304e+01 2.000000e+00 1.350000e+01
      vertex   -1.985979e+01 2.000000e+00 2.010759e+01
      vertex   -1.956153e+01 2.000000e+00 1.953198e+01
    endloop
  endfacet
  facet normal 0.000000e+00 1.000000e+00 0.000000e+00
    outer loop
      vertex   -2.600304e+01 2.000000e+00 1.350000e+01
      vertex   -1.956153e+01 2.000000e+00 1.953198e+01
      vertex   -1.918766e+01 2.000000e+00 1.900233e+01
    endloop
  endfacet
  facet normal 0.000000e+00 1.000000e+00 0.000000e+00
    outer loop
      vertex   -2.596077e+01 2.000000e+00 2.244121e+01
      vertex   -2.025304e+01 2.000000e+00 2.200000e+01
      vertex   -2.600304e+01 2.000000e+00 2.150000e+01
    endloop
  endfacet
  facet normal -0.000000e+00 1.000000e+00 0.000000e+00
    outer loop
      vertex   -2.600304e+01 2.000000e+00 2.150000e+01
      vertex   -2.025304e+01 2.000000e+00 2.200000e+01
      vertex   -2.020879e+01 2.000000e+00 2.135321e+01
    endloop
  endfacet
  facet normal 0.000000e+00 1.000000e+00 0.000000e+00
    outer loop
      vertex   -2.600304e+01 2.000000e+00 2.150000e+01
      vertex   -2.020879e+01 2.000000e+00 2.135321e+01
      vertex   -2.007689e+01 2.000000e+00 2.071847e+01
    endloop
  endfacet
  facet normal -0.000000e+00 1.000000e+00 0.000000e+00
    outer loop
      vertex   -2.596077e+01 2.000000e+00 2.244121e+01
      vertex   -2.583430e+01 2.000000e+00 2.337485e+01
      vertex   -2.025304e+01 2.000000e+00 2.200000e+01
    endloop
  endfacet
  facet normal 0.000000e+00 1.000000e+00 0.000000e+00
    outer loop
      vertex   -2.025304e+01 2.000000e+00 2.200000e+01
      vertex   -2.583430e+01 2.000000e+00 2.337485e+01
      vertex   -2.562465e+01 2.000000e+00 2.429339e+01
    endloop
  endfacet
  facet normal 0.000000e+00 1.000000e+00 -0.000000e+00
    outer loop
      vertex   -2.025304e+01 2.000000e+00 2.200000e+01
      vertex   -2.562465e+01 2.000000e+00 2.429339e+01
      vertex   -2.020879e+01 2.000000e+00 2.264679e+01
    endloop
  endfacet
  facet normal 0.000000e+00 1.000000e+00 0.000000e+00
    outer loop
      vertex   -2.020879e+01 2.000000e+00 2.264679e+01
      vertex   -2.562465e+01 2.000000e+00 2.429339e+01
      vertex   -2.533350e+01 2.000000e+00 2.518944e+01
    endloop
  endfacet
  facet normal 0.000000e+00 1.000000e+00 0.000000e+00
    outer loop
      vertex   -2.020879e+01 2.000000e+00 2.264679e+01
      vertex   -2.533350e+01 2.000000e+00 2.518944e+01
      vertex   -2.496321e+01 2.000000e+00 2.605578e+01
    endloop
  endfacet
  facet normal 0.000000e+00 1.000000e+00 -0.000000e+00
    outer loop
      vertex   -2.020879e+01 2.000000e+00 2.264679e+01
      vertex   -2.496321e+01 2.000000e+00 2.605578e+01
      vertex   -2.007689e+01 2.000000e+00 2.328153e+01
    endloop
  endfacet
  facet normal 0.000000e+00 1.000000e+00 0.000000e+00
    outer loop
      vertex   -2.007689e+01 2.000000e+00 2.328153e+01
      vertex   -2.496321e+01 2.000000e+00 2.605578e+01
      vertex   -2.451675e+01 2.000000e+00 2.688544e+01
    endloop
  endfacet
  facet normal 0.000000e+00 1.000000e+00 0.000000e+00
    outer loop
      vertex   -2.007689e+01 2.000000e+00 2.328153e+01
      vertex   -2.451675e+01 2.000000e+00 2.688544e+01
      vertex   -2.399771e+01 2.000000e+00 2.767175e+01
    endloop
  endfacet
  facet normal 0.000000e+00 1.000000e+00 -0.000000e+00
    outer loop
      vertex   -2.007689e+01 2.000000e+00 2.328153e+01
      vertex   -2.399771e+01 2.000000e+00 2.767175e+01
      vertex   -1.985979e+01 2.000000e+00 2.389241e+01
    endloop
  endfacet
  facet normal 0.000000e+00 1.000000e+00 0.000000e+00
    outer loop
      vertex   -1.985979e+01 2.000000e+00 2.389241e+01
      vertex   -2.399771e+01 2.000000e+00 2.767175e+01
      vertex   -2.341029e+01 2.000000e+00 2.840836e+01
    endloop
  endfacet
  facet normal 0.000000e+00 1.000000e+00 0.000000e+00
    outer loop
      vertex   -1.985979e+01 2.000000e+00 2.389241e+01
      vertex   -2.341029e+01 2.000000e+00 2.840836e+01
      vertex   -2.275919e+01 2.000000e+00 2.908935e+01
    endloop
  endfacet
  facet normal 0.000000e+00 1.000000e+00 -0.000000e+00
    outer loop
      vertex   -1.985979e+01 2.000000e+00 2.389241e+01
      vertex   -2.275919e+01 2.000000e+00 2.908935e+01
      vertex   -1.956153e+01 2.000000e+00 2.446802e+01
    endloop
  endfacet
  facet normal 0.000000e+00 1.000000e+00 0.000000e+00
    outer loop
      vertex   -1.956153e+01 2.000000e+00 2.446802e+01
      vertex   -2.275919e+01 2.000000e+00 2.908935e+01
      vertex   -2.204968e+01 2.000000e+00 2.970923e+01
    endloop
  endfacet
  facet normal 0.000000e+00 1.000000e+00 -0.000000e+00
    outer loop
      vertex   -1.956153e+01 2.000000e+00 2.446802e+01
      vertex   -2.204968e+01 2.000000e+00 2.970923e+01
      vertex   -1.918766e+01 2.000000e+00 2.499767e+01
    endloop
  endfacet
  facet normal 0.000000e+00 1.000000e+00 0.000000e+00
    outer loop
      vertex   -1.918766e+01 2.000000e+00 2.499767e+01
      vertex   -2.204968e+01 2.000000e+00 2.970923e+01
      vertex   -2.128745e+01 2.000000e+00 3.026302e+01
    endloop
  endfacet
  facet normal 0.000000e+00 1.000000e+00 -0.000000e+00
    outer loop
      vertex   -1.918766e+01 2.000000e+00 2.499767e+01
      vertex   -2.128745e+01 2.000000e+00 3.026302e+01
      vertex   -1.874516e+01 2.000000e+00 2.547147e+01
    endloop
  endfacet
  facet normal 0.000000e+00 1.000000e+00 0.000000e+00
    outer loop
      vertex   -1.874516e+01 2.000000e+00 2.547147e+01
      vertex   -2.128745e+01 2.000000e+00 3.026302e+01
      vertex   -2.047866e+01 2.000000e+00 3.074625e+01
    endloop
  endfacet
  facet normal 0.000000e+00 1.000000e+00 -0.000000e+00
    outer loop
      vertex   -1.874516e+01 2.000000e+00 2.547147e+01
      vertex   -2.047866e+01 2.000000e+00 3.074625e+01
      vertex   -1.824227e+01 2.000000e+00 2.588061e+01
    endloop
  endfacet
  facet normal 0.000000e+00 1.000000e+00 0.000000e+00
    outer loop
      vertex   -1.824227e+01 2.000000e+00 2.588061e+01
      vertex   -2.047866e+01 2.000000e+00 3.074625e+01
      vertex   -1.962980e+01 2.000000e+00 3.115504e+01
    endloop
  endfacet
  facet normal 0.000000e+00 1.000000e+00 -0.000000e+00
    outer loop
      vertex   -1.824227e+01 2.000000e+00 2.588061e+01
      vertex   -1.962980e+01 2.000000e+00 3.115504e+01
      vertex   -1.768835e+01 2.000000e+00 2.621745e+01
    endloop
  endfacet
  facet normal 0.000000e+00 1.000000e+00 0.000000e+00
    outer loop
      vertex   -1.768835e+01 2.000000e+00 2.621745e+01
      vertex   -1.962980e+01 2.000000e+00 3.115504e+01
      vertex   -1.874771e+01 2.000000e+00 3.148609e+01
    endloop
  endfacet
  facet normal 0.000000e+00 1.000000e+00 -0.000000e+00
    outer loop
      vertex   -1.768835e+01 2.000000e+00 2.621745e+01
      vertex   -1.874771e+01 2.000000e+00 3.148609e+01
      vertex   -1.709371e+01 2.000000e+00 2.647574e+01
    endloop
  endfacet
  facet normal 0.000000e+00 1.000000e+00 0.000000e+00
    outer loop
      vertex   -1.709371e+01 2.000000e+00 2.647574e+01
      vertex   -1.874771e+01 2.000000e+00 3.148609e+01
      vertex   -1.783951e+01 2.000000e+00 3.173674e+01
    endloop
  endfacet
  facet normal 0.000000e+00 1.000000e+00 -0.000000e+00
    outer loop
      vertex   -1.709371e+01 2.000000e+00 2.647574e+01
      vertex   -1.783951e+01 2.000000e+00 3.173674e+01
      vertex   -1.646945e+01 2.000000e+00 2.665065e+01
    endloop
  endfacet
  facet normal 0.000000e+00 1.000000e+00 0.000000e+00
    outer loop
      vertex   -1.646945e+01 2.000000e+00 2.665065e+01
      vertex   -1.783951e+01 2.000000e+00 3.173674e+01
      vertex   -1.691249e+01 2.000000e+00 3.190497e+01
    endloop
  endfacet
  facet normal 0.000000e+00 1.000000e+00 -0.000000e+00
    outer loop
      vertex   -1.646945e+01 2.000000e+00 2.665065e+01
      vertex   -1.691249e+01 2.000000e+00 3.190497e+01
      vertex   -1.582719e+01 2.000000e+00 2.673893e+01
    endloop
  endfacet
  facet normal 0.000000e+00 1.000000e+00 0.000000e+00
    outer loop
      vertex   -1.582719e+01 2.000000e+00 2.673893e+01
      vertex   -1.691249e+01 2.000000e+00 3.190497e+01
      vertex   -1.597412e+01 2.000000e+00 3.198943e+01
    endloop
  endfacet
  facet normal 0.000000e+00 1.000000e+00 -0.000000e+00
    outer loop
      vertex   -1.582719e+01 2.000000e+00 2.673893e+01
      vertex   -1.597412e+01 2.000000e+00 3.198943e+01
      vertex   -1.503196e+01 2.000000e+00 3.198943e+01
    endloop
  endfacet
  facet normal 0.000000e+00 1.000000e+00 0.000000e+00
    outer loop
      vertex   -1.582719e+01 2.000000e+00 2.673893e+01
      vertex   -1.503196e+01 2.000000e+00 3.198943e+01
      vertex   -1.517888e+01 2.000000e+00 2.673893e+01
    endloop
  endfacet
  facet normal 0.000000e+00 1.000000e+00 0.000000e+00
    outer loop
      vertex   -1.517888e+01 2.000000e+00 2.673893e+01
      vertex   -1.503196e+01 2.000000e+00 3.198943e+01
      vertex   -1.409359e+01 2.000000e+00 3.190497e+01
    endloop
  endfacet
  facet normal -0.000000e+00 1.000000e+00 0.000000e+00
    outer loop
      vertex   -1.517888e+01 2.000000e+00 2.673893e+01
      vertex   -1.409359e+01 2.000000e+00 3.190497e+01
      vertex   -1.453662e+01 2.000000e+00 2.665065e+01
    endloop
  endfacet
  facet normal 0.000000e+00 1.000000e+00 0.000000e+00
    outer loop
      vertex   -1.453662e+01 2.000000e+00 2.665065e+01
      vertex   -1.409359e+01 2.000000e+00 3.190497e+01
      vertex   -1.316657e+01 2.000000e+00 3.173674e+01
    endloop
  endfacet
  facet normal -0.000000e+00 1.000000e+00 0.000000e+00
    outer loop
      vertex   -1.453662e+01 2.000000e+00 2.665065e+01
      vertex   -1.316657e+01 2.000000e+00 3.173674e+01
      vertex   -1.391236e+01 2.000000e+00 2.647574e+01
    endloop
  endfacet
  facet normal 0.000000e+00 1.000000e+00 0.000000e+00
    outer loop
      vertex   -1.391236e+01 2.000000e+00 2.647574e+01
      vertex   -1.316657e+01 2.000000e+00 3.173674e+01
      vertex   -1.225836e+01 2.000000e+00 3.148609e+01
    endloop
  endfacet
  facet normal -0.000000e+00 1.000000e+00 0.000000e+00
    outer loop
      vertex   -1.391236e+01 2.000000e+00 2.647574e+01
      vertex   -1.225836e+01 2.000000e+00 3.148609e+01
      vertex   -1.331773e+01 2.000000e+00 2.621745e+01
    endloop
  endfacet
  facet normal 0.000000e+00 1.000000e+00 0.000000e+00
    outer loop
      vertex   -1.331773e+01 2.000000e+00 2.621745e+01
      vertex   -1.225836e+01 2.000000e+00 3.148609e+01
      vertex   -1.137627e+01 2.000000e+00 3.115504e+01
    endloop
  endfacet
  facet normal -0.000000e+00 1.000000e+00 0.000000e+00
    outer loop
      vertex   -1.331773e+01 2.000000e+00 2.621745e+01
      vertex   -1.137627e+01 2.000000e+00 3.115504e+01
      vertex   -1.276380e+01 2.000000e+00 2.588061e+01
    endloop
  endfacet
  facet normal 0.000000e+00 1.000000e+00 0.000000e+00
    outer loop
      vertex   -1.276380e+01 2.000000e+00 2.588061e+01
      vertex   -1.137627e+01 2.000000e+00 3.115504e+01
      vertex   -1.052742e+01 2.000000e+00 3.074625e+01
    endloop
  endfacet
  facet normal -0.000000e+00 1.000000e+00 0.000000e+00
    outer loop
      vertex   -1.276380e+01 2.000000e+00 2.588061e+01
      vertex   -1.052742e+01 2.000000e+00 3.074625e+01
      vertex   -1.226091e+01 2.000000e+00 2.547147e+01
    endloop
  endfacet
  facet normal 0.000000e+00 1.000000e+00 0.000000e+00
    outer loop
      vertex   -1.226091e+01 2.000000e+00 2.547147e+01
      vertex   -1.052742e+01 2.000000e+00 3.074625e+01
      vertex   -9.718618e+00 2.000000e+00 3.026302e+01
    endloop
  endfacet
  facet normal -0.000000e+00 1.000000e+00 0.000000e+00
    outer loop
      vertex   -1.226091e+01 2.000000e+00 2.547147e+01
      vertex   -9.718618e+00 2.000000e+00 3.026302e+01
      vertex   -1.181841e+01 2.000000e+00 2.499767e+01
    endloop
  endfacet
  facet normal 0.000000e+00 1.000000e+00 0.000000e+00
    outer loop
      vertex   -1.181841e+01 2.000000e+00 2.499767e+01
      vertex   -9.718618e+00 2.000000e+00 3.026302e+01
      vertex   -8.956393e+00 2.000000e+00 2.970923e+01
    endloop
  endfacet
  facet normal -0.000000e+00 1.000000e+00 0.000000e+00
    outer loop
      vertex   -1.181841e+01 2.000000e+00 2.499767e+01
      vertex   -8.956393e+00 2.000000e+00 2.970923e+01
      vertex   -1.144454e+01 2.000000e+00 2.446802e+01
    endloop
  endfacet
  facet normal 0.000000e+00 1.000000e+00 0.000000e+00
    outer loop
      vertex   -1.144454e+01 2.000000e+00 2.446802e+01
      vertex   -8.956393e+00 2.000000e+00 2.970923e+01
      vertex   -8.246879e+00 2.000000e+00 2.908935e+01
    endloop
  endfacet
  facet normal -0.000000e+00 1.000000e+00 0.000000e+00
    outer loop
      vertex   -1.144454e+01 2.000000e+00 2.446802e+01
      vertex   -8.246879e+00 2.000000e+00 2.908935e+01
      vertex   -1.114628e+01 2.000000e+00 2.389241e+01
    endloop
  endfacet
  facet normal 0.000000e+00 1.000000e+00 0.000000e+00
    outer loop
      vertex   -1.114628e+01 2.000000e+00 2.389241e+01
      vertex   -8.246879e+00 2.000000e+00 2.908935e+01
      vertex   -7.595786e+00 2.000000e+00 2.840836e+01
    endloop
  endfacet
  facet normal 0.000000e+00 1.000000e+00 0.000000e+00
    outer loop
      vertex   -1.114628e+01 2.000000e+00 2.389241e+01
      vertex   -7.595786e+00 2.000000e+00 2.840836e+01
      vertex   -7.008358e+00 2.000000e+00 2.767175e+01
    endloop
  endfacet
  facet normal -0.000000e+00 1.000000e+00 0.000000e+00
    outer loop
      vertex   -1.114628e+01 2.000000e+00 2.389241e+01
      vertex   -7.008358e+00 2.000000e+00 2.767175e+01
      vertex   -1.092918e+01 2.000000e+00 2.328153e+01
    endloop
  endfacet
  facet normal 0.000000e+00 1.000000e+00 0.000000e+00
    outer loop
      vertex   -1.092918e+01 2.000000e+00 2.328153e+01
      vertex   -7.008358e+00 2.000000e+00 2.767175e+01
      vertex   -6.489324e+00 2.000000e+00 2.688544e+01
    endloop
  endfacet
  facet normal 0.000000e+00 1.000000e+00 0.000000e+00
    outer loop
      vertex   -1.092918e+01 2.000000e+00 2.328153e+01
      vertex   -6.489324e+00 2.000000e+00 2.688544e+01
      vertex   -6.042863e+00 2.000000e+00 2.605578e+01
    endloop
  endfacet
  facet normal -0.000000e+00 1.000000e+00 0.000000e+00
    outer loop
      vertex   -1.092918e+01 2.000000e+00 2.328153e+01
      vertex   -6.042863e+00 2.000000e+00 2.605578e+01
      vertex   -1.079728e+01 2.000000e+00 2.264679e+01
    endloop
  endfacet
  facet normal 0.000000e+00 1.000000e+00 0.000000e+00
    outer loop
      vertex   -1.079728e+01 2.000000e+00 2.264679e+01
      vertex   -6.042863e+00 2.000000e+00 2.605578e+01
      vertex   -5.672570e+00 2.000000e+00 2.518944e+01
    endloop
  endfacet
  facet normal 0.000000e+00 1.000000e+00 0.000000e+00
    outer loop
      vertex   -1.079728e+01 2.000000e+00 2.264679e+01
      vertex   -5.672570e+00 2.000000e+00 2.518944e+01
      vertex   -5.381426e+00 2.000000e+00 2.429339e+01
    endloop
  endfacet
  facet normal -0.000000e+00 1.000000e+00 0.000000e+00
    outer loop
      vertex   -1.079728e+01 2.000000e+00 2.264679e+01
      vertex   -5.381426e+00 2.000000e+00 2.429339e+01
      vertex   -1.075304e+01 2.000000e+00 2.200000e+01
    endloop
  endfacet
  facet normal 0.000000e+00 1.000000e+00 0.000000e+00
    outer loop
      vertex   -1.075304e+01 2.000000e+00 2.200000e+01
      vertex   -5.381426e+00 2.000000e+00 2.429339e+01
      vertex   -5.171776e+00 2.000000e+00 2.337485e+01
    endloop
  endfacet
  facet normal 0.000000e+00 1.000000e+00 0.000000e+00
    outer loop
      vertex   -1.075304e+01 2.000000e+00 2.200000e+01
      vertex   -5.171776e+00 2.000000e+00 2.337485e+01
      vertex   -5.045306e+00 2.000000e+00 2.244121e+01
    endloop
  endfacet
  facet normal 0.000000e+00 1.000000e+00 0.000000e+00
    outer loop
      vertex   -5.045306e+00 2.000000e+00 2.244121e+01
      vertex   -5.003036e+00 2.000000e+00 2.150000e+01
      vertex   -1.075304e+01 2.000000e+00 2.200000e+01
    endloop
  endfacet
  facet normal 0.000000e+00 1.000000e+00 0.000000e+00
    outer loop
      vertex   -1.075304e+01 2.000000e+00 2.200000e+01
      vertex   -5.003036e+00 2.000000e+00 2.150000e+01
      vertex   -1.079728e+01 2.000000e+00 2.135321e+01
    endloop
  endfacet
  facet normal -0.000000e+00 1.000000e+00 0.000000e+00
    outer loop
      vertex   -1.079728e+01 2.000000e+00 2.135321e+01
      vertex   -5.003036e+00 2.000000e+00 2.150000e+01
      vertex   -1.092918e+01 2.000000e+00 2.071847e+01
    endloop
  endfacet
  facet normal 5.534717e-08 1.000000e+00 0.000000e+00
    outer loop
      vertex   -3.000000e+00 2.000000e+00 1.000000e+00
      vertex   -3.000000e+00 2.000000e+00 0.000000e+00
      vertex   -1.000000e+01 2.000000e+00 1.000000e+00
    endloop
  endfacet
  facet normal 0.000000e+00 1.000000e+00 -3.874302e-07
    outer loop
      vertex   -1.000000e+01 2.000000e+00 1.000000e+00
      vertex   -3.000000e+00 2.000000e+00 0.000000e+00
      vertex   -1.250304e+01 2.000000e+00 0.000000e+00
    endloop
  endfacet
  facet normal 0.000000e+00 1.000000e+00 0.000000e+00
    outer loop
      vertex   -2.007689e+01 2.000000e+00 2.071847e+01
      vertex   -1.985979e+01 2.000000e+00 2.010759e+01
      vertex   -2.600304e+01 2.000000e+00 2.150000e+01
    endloop
  endfacet
  facet normal 0.000000e+00 1.000000e+00 0.000000e+00
    outer loop
      vertex   -1.918766e+01 2.000000e+00 1.900233e+01
      vertex   -1.874516e+01 2.000000e+00 1.852853e+01
      vertex   -2.600304e+01 2.000000e+00 1.350000e+01
    endloop
  endfacet
  facet normal -0.000000e+00 1.000000e+00 0.000000e+00
    outer loop
      vertex   -1.517888e+01 2.000000e+00 1.726107e+01
      vertex   -1.453662e+01 2.000000e+00 1.734935e+01
      vertex   -1.534785e+01 2.000000e+00 8.162878e+00
    endloop
  endfacet
  facet normal 7.047844e-01 -7.076285e-01 -5.040718e-02
    outer loop
      vertex   -1.970978e+01 -4.500000e+00 2.260484e+01
      vertex   -2.020879e+01 -5.000000e+00 2.264679e+01
      vertex   -1.975304e+01 -4.500000e+00 2.200000e+01
    endloop
  endfacet
  facet normal 7.062811e-01 -7.062811e-01 -4.831095e-02
    outer loop
      vertex   -1.975304e+01 -4.500000e+00 2.200000e+01
      vertex   -2.020879e+01 -5.000000e+00 2.264679e+01
      vertex   -2.025304e+01 -5.000000e+00 2.200000e+01
    endloop
  endfacet
  facet normal 7.062811e-01 -7.062811e-01 4.831095e-02
    outer loop
      vertex   -1.975304e+01 -4.500000e+00 2.200000e+01
      vertex   -2.025304e+01 -5.000000e+00 2.200000e+01
      vertex   -2.020879e+01 -5.000000e+00 2.135321e+01
    endloop
  endfacet
  facet normal 6.943169e-01 -7.050582e-01 -1.442807e-01
    outer loop
      vertex   -2.020879e+01 -5.000000e+00 2.264679e+01
      vertex   -1.970978e+01 -4.500000e+00 2.260484e+01
      vertex   -2.007689e+01 -5.000000e+00 2.328153e+01
    endloop
  endfacet
  facet normal 6.891748e-01 -7.089160e-01 -1.499208e-01
    outer loop
      vertex   -2.007689e+01 -5.000000e+00 2.328153e+01
      vertex   -1.970978e+01 -4.500000e+00 2.260484e+01
      vertex   -1.958088e+01 -4.500000e+00 2.319736e+01
    endloop
  endfacet
  facet normal 6.692439e-01 -7.039462e-01 -2.378494e-01
    outer loop
      vertex   -2.007689e+01 -5.000000e+00 2.328153e+01
      vertex   -1.958088e+01 -4.500000e+00 2.319736e+01
      vertex   -1.985979e+01 -5.000000e+00 2.389241e+01
    endloop
  endfacet
  facet normal 6.597365e-01 -7.100688e-01 -2.460690e-01
    outer loop
      vertex   -1.985979e+01 -5.000000e+00 2.389241e+01
      vertex   -1.958088e+01 -4.500000e+00 2.319736e+01
      vertex   -1.936897e+01 -4.500000e+00 2.376551e+01
    endloop
  endfacet
  facet normal 6.315017e-01 -7.029467e-01 -3.272178e-01
    outer loop
      vertex   -1.985979e+01 -5.000000e+00 2.389241e+01
      vertex   -1.936897e+01 -4.500000e+00 2.376551e+01
      vertex   -1.956153e+01 -5.000000e+00 2.446802e+01
    endloop
  endfacet
  facet normal 6.170979e-01 -7.110889e-01 -3.369610e-01
    outer loop
      vertex   -1.956153e+01 -5.000000e+00 2.446802e+01
      vertex   -1.936897e+01 -4.500000e+00 2.376551e+01
      vertex   -1.907836e+01 -4.500000e+00 2.429772e+01
    endloop
  endfacet
  facet normal 5.817778e-01 -7.020612e-01 -4.106636e-01
    outer loop
      vertex   -1.956153e+01 -5.000000e+00 2.446802e+01
      vertex   -1.907836e+01 -4.500000e+00 2.429772e+01
      vertex   -1.918766e+01 -5.000000e+00 2.499767e+01
    endloop
  endfacet
  facet normal 5.621415e-01 -7.119779e-01 -4.208139e-01
    outer loop
      vertex   -1.918766e+01 -5.000000e+00 2.499767e+01
      vertex   -1.907836e+01 -4.500000e+00 2.429772e+01
      vertex   -1.871497e+01 -4.500000e+00 2.478316e+01
    endloop
  endfacet
  facet normal 5.209947e-01 -7.012911e-01 -4.865751e-01
    outer loop
      vertex   -1.918766e+01 -5.000000e+00 2.499767e+01
      vertex   -1.871497e+01 -4.500000e+00 2.478316e+01
      vertex   -1.874516e+01 -5.000000e+00 2.547147e+01
    endloop
  endfacet
  facet normal 4.959867e-01 -7.127373e-01 -4.959867e-01
    outer loop
      vertex   -1.874516e+01 -5.000000e+00 2.547147e+01
      vertex   -1.871497e+01 -4.500000e+00 2.478316e+01
      vertex   -1.828619e+01 -4.500000e+00 2.521194e+01
    endloop
  endfacet
  facet normal 4.502922e-01 -7.006375e-01 -5.534835e-01
    outer loop
      vertex   -1.874516e+01 -5.000000e+00 2.547147e+01
      vertex   -1.828619e+01 -4.500000e+00 2.521194e+01
      vertex   -1.824227e+01 -5.000000e+00 2.588061e+01
    endloop
  endfacet
  facet normal 4.199674e-01 -7.133682e-01 -5.610108e-01
    outer loop
      vertex   -1.824227e+01 -5.000000e+00 2.588061e+01
      vertex   -1.828619e+01 -4.500000e+00 2.521194e+01
      vertex   -1.780076e+01 -4.500000e+00 2.557533e+01
    endloop
  endfacet
  facet normal 3.710055e-01 -7.001014e-01 -6.100926e-01
    outer loop
      vertex   -1.824227e+01 -5.000000e+00 2.588061e+01
      vertex   -1.780076e+01 -4.500000e+00 2.557533e+01
      vertex   -1.768835e+01 -5.000000e+00 2.621745e+01
    endloop
  endfacet
  facet normal 3.356068e-01 -7.138717e-01 -6.146180e-01
    outer loop
      vertex   -1.768835e+01 -5.000000e+00 2.621745e+01
      vertex   -1.780076e+01 -4.500000e+00 2.557533e+01
      vertex   -1.726855e+01 -4.500000e+00 2.586594e+01
    endloop
  endfacet
  facet normal 2.846388e-01 -6.996835e-01 -6.553043e-01
    outer loop
      vertex   -1.768835e+01 -5.000000e+00 2.621745e+01
      vertex   -1.726855e+01 -4.500000e+00 2.586594e+01
      vertex   -1.709371e+01 -5.000000e+00 2.647574e+01
    endloop
  endfacet
  facet normal 2.445872e-01 -7.142487e-01 -6.557636e-01
    outer loop
      vertex   -1.709371e+01 -5.000000e+00 2.647574e+01
      vertex   -1.726855e+01 -4.500000e+00 2.586594e+01
      vertex   -1.670040e+01 -4.500000e+00 2.607785e+01
    endloop
  endfacet
  facet normal 1.928360e-01 -6.993846e-01 -6.882408e-01
    outer loop
      vertex   -1.709371e+01 -5.000000e+00 2.647574e+01
      vertex   -1.670040e+01 -4.500000e+00 2.607785e+01
      vertex   -1.646945e+01 -5.000000e+00 2.665065e+01
    endloop
  endfacet
  facet normal 1.487183e-01 -7.144996e-01 -6.836470e-01
    outer loop
      vertex   -1.646945e+01 -5.000000e+00 2.665065e+01
      vertex   -1.670040e+01 -4.500000e+00 2.607785e+01
      vertex   -1.610787e+01 -4.500000e+00 2.620674e+01
    endloop
  endfacet
  facet normal 9.734841e-02 -6.992051e-01 -7.082623e-01
    outer loop
      vertex   -1.646945e+01 -5.000000e+00 2.665065e+01
      vertex   -1.610787e+01 -4.500000e+00 2.620674e+01
      vertex   -1.582719e+01 -5.000000e+00 2.673893e+01
    endloop
  endfacet
  facet normal 4.990231e-02 -7.146250e-01 -6.977255e-01
    outer loop
      vertex   -1.582719e+01 -5.000000e+00 2.673893e+01
      vertex   -1.610787e+01 -4.500000e+00 2.620674e+01
      vertex   -1.550304e+01 -4.500000e+00 2.625000e+01
    endloop
  endfacet
  facet normal 0.000000e+00 -6.991452e-01 -7.149797e-01
    outer loop
      vertex   -1.582719e+01 -5.000000e+00 2.673893e+01
      vertex   -1.550304e+01 -4.500000e+00 2.625000e+01
      vertex   -1.517888e+01 -5.000000e+00 2.673893e+01
    endloop
  endfacet
  facet normal -4.990231e-02 -7.146250e-01 -6.977255e-01
    outer loop
      vertex   -1.517888e+01 -5.000000e+00 2.673893e+01
      vertex   -1.550304e+01 -4.500000e+00 2.625000e+01
      vertex   -1.489820e+01 -4.500000e+00 2.620674e+01
    endloop
  endfacet
  facet normal -9.734841e-02 -6.992051e-01 -7.082623e-01
    outer loop
      vertex   -1.517888e+01 -5.000000e+00 2.673893e+01
      vertex   -1.489820e+01 -4.500000e+00 2.620674e+01
      vertex   -1.453662e+01 -5.000000e+00 2.665065e+01
    endloop
  endfacet
  facet normal -1.487183e-01 -7.144996e-01 -6.836470e-01
    outer loop
      vertex   -1.453662e+01 -5.000000e+00 2.665065e+01
      vertex   -1.489820e+01 -4.500000e+00 2.620674e+01
      vertex   -1.430567e+01 -4.500000e+00 2.607785e+01
    endloop
  endfacet
  facet normal -1.928360e-01 -6.993846e-01 -6.882408e-01
    outer loop
      vertex   -1.453662e+01 -5.000000e+00 2.665065e+01
      vertex   -1.430567e+01 -4.500000e+00 2.607785e+01
      vertex   -1.391236e+01 -5.000000e+00 2.647574e+01
    endloop
  endfacet
  facet normal -2.445872e-01 -7.142487e-01 -6.557636e-01
    outer loop
      vertex   -1.391236e+01 -5.000000e+00 2.647574e+01
      vertex   -1.430567e+01 -4.500000e+00 2.607785e+01
      vertex   -1.373752e+01 -4.500000e+00 2.586594e+01
    endloop
  endfacet
  facet normal -2.846388e-01 -6.996835e-01 -6.553043e-01
    outer loop
      vertex   -1.391236e+01 -5.000000e+00 2.647574e+01
      vertex   -1.373752e+01 -4.500000e+00 2.586594e+01
      vertex   -1.331773e+01 -5.000000e+00 2.621745e+01
    endloop
  endfacet
  facet normal -3.356068e-01 -7.138717e-01 -6.146180e-01
    outer loop
      vertex   -1.331773e+01 -5.000000e+00 2.621745e+01
      vertex   -1.373752e+01 -4.500000e+00 2.586594e+01
      vertex   -1.320531e+01 -4.500000e+00 2.557533e+01
    endloop
  endfacet
  facet normal -3.710055e-01 -7.001014e-01 -6.100926e-01
    outer loop
      vertex   -1.331773e+01 -5.000000e+00 2.621745e+01
      vertex   -1.320531e+01 -4.500000e+00 2.557533e+01
      vertex   -1.276380e+01 -5.000000e+00 2.588061e+01
    endloop
  endfacet
  facet normal -4.199674e-01 -7.133682e-01 -5.610108e-01
    outer loop
      vertex   -1.276380e+01 -5.000000e+00 2.588061e+01
      vertex   -1.320531e+01 -4.500000e+00 2.557533e+01
      vertex   -1.271988e+01 -4.500000e+00 2.521194e+01
    endloop
  endfacet
  facet normal -4.502922e-01 -7.006375e-01 -5.534835e-01
    outer loop
      vertex   -1.276380e+01 -5.000000e+00 2.588061e+01
      vertex   -1.271988e+01 -4.500000e+00 2.521194e+01
      vertex   -1.226091e+01 -5.000000e+00 2.547147e+01
    endloop
  endfacet
  facet normal -4.959867e-01 -7.127373e-01 -4.959867e-01
    outer loop
      vertex   -1.226091e+01 -5.000000e+00 2.547147e+01
      vertex   -1.271988e+01 -4.500000e+00 2.521194e+01
      vertex   -1.229110e+01 -4.500000e+00 2.478316e+01
    endloop
  endfacet
  facet normal -5.209947e-01 -7.012911e-01 -4.865751e-01
    outer loop
      vertex   -1.226091e+01 -5.000000e+00 2.547147e+01
      vertex   -1.229110e+01 -4.500000e+00 2.478316e+01
      vertex   -1.181841e+01 -5.000000e+00 2.499767e+01
    endloop
  endfacet
  facet normal -5.621415e-01 -7.119779e-01 -4.208139e-01
    outer loop
      vertex   -1.181841e+01 -5.000000e+00 2.499767e+01
      vertex   -1.229110e+01 -4.500000e+00 2.478316e+01
      vertex   -1.192771e+01 -4.500000e+00 2.429772e+01
    endloop
  endfacet
  facet normal -5.817778e-01 -7.020612e-01 -4.106636e-01
    outer loop
      vertex   -1.181841e+01 -5.000000e+00 2.499767e+01
      vertex   -1.192771e+01 -4.500000e+00 2.429772e+01
      vertex   -1.144454e+01 -5.000000e+00 2.446802e+01
    endloop
  endfacet
  facet normal -6.170979e-01 -7.110889e-01 -3.369610e-01
    outer loop
      vertex   -1.144454e+01 -5.000000e+00 2.446802e+01
      vertex   -1.192771e+01 -4.500000e+00 2.429772e+01
      vertex   -1.163710e+01 -4.500000e+00 2.376551e+01
    endloop
  endfacet
  facet normal -6.315017e-01 -7.029467e-01 -3.272178e-01
    outer loop
      vertex   -1.144454e+01 -5.000000e+00 2.446802e+01
      vertex   -1.163710e+01 -4.500000e+00 2.376551e+01
      vertex   -1.114628e+01 -5.000000e+00 2.389241e+01
    endloop
  endfacet
  facet normal -6.597365e-01 -7.100688e-01 -2.460690e-01
    outer loop
      vertex   -1.114628e+01 -5.000000e+00 2.389241e+01
      vertex   -1.163710e+01 -4.500000e+00 2.376551e+01
      vertex   -1.142519e+01 -4.500000e+00 2.319736e+01
    endloop
  endfacet
  facet normal -6.692439e-01 -7.039462e-01 -2.378494e-01
    outer loop
      vertex   -1.114628e+01 -5.000000e+00 2.389241e+01
      vertex   -1.142519e+01 -4.500000e+00 2.319736e+01
      vertex   -1.092918e+01 -5.000000e+00 2.328153e+01
    endloop
  endfacet
  facet normal -6.891748e-01 -7.089160e-01 -1.499208e-01
    outer loop
      vertex   -1.092918e+01 -5.000000e+00 2.328153e+01
      vertex   -1.142519e+01 -4.500000e+00 2.319736e+01
      vertex   -1.129630e+01 -4.500000e+00 2.260484e+01
    endloop
  endfacet
  facet normal -6.943169e-01 -7.050582e-01 -1.442807e-01
    outer loop
      vertex   -1.092918e+01 -5.000000e+00 2.328153e+01
      vertex   -1.129630e+01 -4.500000e+00 2.260484e+01
      vertex   -1.079728e+01 -5.000000e+00 2.264679e+01
    endloop
  endfacet
  facet normal -7.047844e-01 -7.076285e-01 -5.040718e-02
    outer loop
      vertex   -1.079728e+01 -5.000000e+00 2.264679e+01
      vertex   -1.129630e+01 -4.500000e+00 2.260484e+01
      vertex   -1.125304e+01 -4.500000e+00 2.200000e+01
    endloop
  endfacet
  facet normal -7.062811e-01 -7.062811e-01 -4.831095e-02
    outer loop
      vertex   -1.079728e+01 -5.000000e+00 2.264679e+01
      vertex   -1.125304e+01 -4.500000e+00 2.200000e+01
      vertex   -1.075304e+01 -5.000000e+00 2.200000e+01
    endloop
  endfacet
  facet normal -7.062811e-01 -7.062811e-01 4.831095e-02
    outer loop
      vertex   -1.075304e+01 -5.000000e+00 2.200000e+01
      vertex   -1.125304e+01 -4.500000e+00 2.200000e+01
      vertex   -1.079728e+01 -5.000000e+00 2.135321e+01
    endloop
  endfacet
  facet normal -7.047844e-01 -7.076285e-01 5.040718e-02
    outer loop
      vertex   -1.079728e+01 -5.000000e+00 2.135321e+01
      vertex   -1.125304e+01 -4.500000e+00 2.200000e+01
      vertex   -1.129630e+01 -4.500000e+00 2.139516e+01
    endloop
  endfacet
  facet normal -6.943169e-01 -7.050582e-01 1.442807e-01
    outer loop
      vertex   -1.079728e+01 -5.000000e+00 2.135321e+01
      vertex   -1.129630e+01 -4.500000e+00 2.139516e+01
      vertex   -1.092918e+01 -5.000000e+00 2.071847e+01
    endloop
  endfacet
  facet normal -6.891748e-01 -7.089160e-01 1.499208e-01
    outer loop
      vertex   -1.092918e+01 -5.000000e+00 2.071847e+01
      vertex   -1.129630e+01 -4.500000e+00 2.139516e+01
      vertex   -1.142519e+01 -4.500000e+00 2.080264e+01
    endloop
  endfacet
  facet normal -6.692439e-01 -7.039462e-01 2.378494e-01
    outer loop
      vertex   -1.092918e+01 -5.000000e+00 2.071847e+01
      vertex   -1.142519e+01 -4.500000e+00 2.080264e+01
      vertex   -1.114628e+01 -5.000000e+00 2.010759e+01
    endloop
  endfacet
  facet normal -6.597365e-01 -7.100688e-01 2.460690e-01
    outer loop
      vertex   -1.114628e+01 -5.000000e+00 2.010759e+01
      vertex   -1.142519e+01 -4.500000e+00 2.080264e+01
      vertex   -1.163710e+01 -4.500000e+00 2.023449e+01
    endloop
  endfacet
  facet normal -6.315017e-01 -7.029467e-01 3.272178e-01
    outer loop
      vertex   -1.114628e+01 -5.000000e+00 2.010759e+01
      vertex   -1.163710e+01 -4.500000e+00 2.023449e+01
      vertex   -1.144454e+01 -5.000000e+00 1.953198e+01
    endloop
  endfacet
  facet normal -6.170979e-01 -7.110889e-01 3.369610e-01
    outer loop
      vertex   -1.144454e+01 -5.000000e+00 1.953198e+01
      vertex   -1.163710e+01 -4.500000e+00 2.023449e+01
      vertex   -1.192771e+01 -4.500000e+00 1.970228e+01
    endloop
  endfacet
  facet normal -5.817778e-01 -7.020612e-01 4.106636e-01
    outer loop
      vertex   -1.144454e+01 -5.000000e+00 1.953198e+01
      vertex   -1.192771e+01 -4.500000e+00 1.970228e+01
      vertex   -1.181841e+01 -5.000000e+00 1.900233e+01
    endloop
  endfacet
  facet normal -5.621415e-01 -7.119779e-01 4.208139e-01
    outer loop
      vertex   -1.181841e+01 -5.000000e+00 1.900233e+01
      vertex   -1.192771e+01 -4.500000e+00 1.970228e+01
      vertex   -1.229110e+01 -4.500000e+00 1.921684e+01
    endloop
  endfacet
  facet normal -5.209947e-01 -7.012911e-01 4.865751e-01
    outer loop
      vertex   -1.181841e+01 -5.000000e+00 1.900233e+01
      vertex   -1.229110e+01 -4.500000e+00 1.921684e+01
      vertex   -1.226091e+01 -5.000000e+00 1.852853e+01
    endloop
  endfacet
  facet normal -4.959867e-01 -7.127373e-01 4.959867e-01
    outer loop
      vertex   -1.226091e+01 -5.000000e+00 1.852853e+01
      vertex   -1.229110e+01 -4.500000e+00 1.921684e+01
      vertex   -1.271988e+01 -4.500000e+00 1.878806e+01
    endloop
  endfacet
  facet normal -4.502922e-01 -7.006375e-01 5.534835e-01
    outer loop
      vertex   -1.226091e+01 -5.000000e+00 1.852853e+01
      vertex   -1.271988e+01 -4.500000e+00 1.878806e+01
      vertex   -1.276380e+01 -5.000000e+00 1.811939e+01
    endloop
  endfacet
  facet normal -4.199674e-01 -7.133682e-01 5.610108e-01
    outer loop
      vertex   -1.276380e+01 -5.000000e+00 1.811939e+01
      vertex   -1.271988e+01 -4.500000e+00 1.878806e+01
      vertex   -1.320531e+01 -4.500000e+00 1.842467e+01
    endloop
  endfacet
  facet normal -3.710055e-01 -7.001014e-01 6.100926e-01
    outer loop
      vertex   -1.276380e+01 -5.000000e+00 1.811939e+01
      vertex   -1.320531e+01 -4.500000e+00 1.842467e+01
      vertex   -1.331773e+01 -5.000000e+00 1.778255e+01
    endloop
  endfacet
  facet normal -3.356068e-01 -7.138717e-01 6.146180e-01
    outer loop
      vertex   -1.331773e+01 -5.000000e+00 1.778255e+01
      vertex   -1.320531e+01 -4.500000e+00 1.842467e+01
      vertex   -1.373752e+01 -4.500000e+00 1.813406e+01
    endloop
  endfacet
  facet normal -2.846388e-01 -6.996835e-01 6.553043e-01
    outer loop
      vertex   -1.331773e+01 -5.000000e+00 1.778255e+01
      vertex   -1.373752e+01 -4.500000e+00 1.813406e+01
      vertex   -1.391236e+01 -5.000000e+00 1.752426e+01
    endloop
  endfacet
  facet normal -2.445872e-01 -7.142487e-01 6.557636e-01
    outer loop
      vertex   -1.391236e+01 -5.000000e+00 1.752426e+01
      vertex   -1.373752e+01 -4.500000e+00 1.813406e+01
      vertex   -1.430567e+01 -4.500000e+00 1.792215e+01
    endloop
  endfacet
  facet normal -1.928360e-01 -6.993846e-01 6.882408e-01
    outer loop
      vertex   -1.391236e+01 -5.000000e+00 1.752426e+01
      vertex   -1.430567e+01 -4.500000e+00 1.792215e+01
      vertex   -1.453662e+01 -5.000000e+00 1.734935e+01
    endloop
  endfacet
  facet normal -1.487183e-01 -7.144996e-01 6.836470e-01
    outer loop
      vertex   -1.453662e+01 -5.000000e+00 1.734935e+01
      vertex   -1.430567e+01 -4.500000e+00 1.792215e+01
      vertex   -1.489820e+01 -4.500000e+00 1.779326e+01
    endloop
  endfacet
  facet normal -9.734841e-02 -6.992051e-01 7.082623e-01
    outer loop
      vertex   -1.453662e+01 -5.000000e+00 1.734935e+01
      vertex   -1.489820e+01 -4.500000e+00 1.779326e+01
      vertex   -1.517888e+01 -5.000000e+00 1.726107e+01
    endloop
  endfacet
  facet normal -4.990231e-02 -7.146250e-01 6.977255e-01
    outer loop
      vertex   -1.517888e+01 -5.000000e+00 1.726107e+01
      vertex   -1.489820e+01 -4.500000e+00 1.779326e+01
      vertex   -1.550304e+01 -4.500000e+00 1.775000e+01
    endloop
  endfacet
  facet normal 0.000000e+00 -6.991452e-01 7.149797e-01
    outer loop
      vertex   -1.517888e+01 -5.000000e+00 1.726107e+01
      vertex   -1.550304e+01 -4.500000e+00 1.775000e+01
      vertex   -1.582719e+01 -5.000000e+00 1.726107e+01
    endloop
  endfacet
  facet normal 4.990231e-02 -7.146250e-01 6.977255e-01
    outer loop
      vertex   -1.582719e+01 -5.000000e+00 1.726107e+01
      vertex   -1.550304e+01 -4.500000e+00 1.775000e+01
      vertex   -1.610787e+01 -4.500000e+00 1.779326e+01
    endloop
  endfacet
  facet normal 9.734841e-02 -6.992051e-01 7.082623e-01
    outer loop
      vertex   -1.582719e+01 -5.000000e+00 1.726107e+01
      vertex   -1.610787e+01 -4.500000e+00 1.779326e+01
      vertex   -1.646945e+01 -5.000000e+00 1.734935e+01
    endloop
  endfacet
  facet normal 1.487183e-01 -7.144996e-01 6.836470e-01
    outer loop
      vertex   -1.646945e+01 -5.000000e+00 1.734935e+01
      vertex   -1.610787e+01 -4.500000e+00 1.779326e+01
      vertex   -1.670040e+01 -4.500000e+00 1.792215e+01
    endloop
  endfacet
  facet normal 1.928360e-01 -6.993846e-01 6.882408e-01
    outer loop
      vertex   -1.646945e+01 -5.000000e+00 1.734935e+01
      vertex   -1.670040e+01 -4.500000e+00 1.792215e+01
      vertex   -1.709371e+01 -5.000000e+00 1.752426e+01
    endloop
  endfacet
  facet normal 2.445872e-01 -7.142487e-01 6.557636e-01
    outer loop
      vertex   -1.709371e+01 -5.000000e+00 1.752426e+01
      vertex   -1.670040e+01 -4.500000e+00 1.792215e+01
      vertex   -1.726855e+01 -4.500000e+00 1.813406e+01
    endloop
  endfacet
  facet normal 2.846388e-01 -6.996835e-01 6.553043e-01
    outer loop
      vertex   -1.709371e+01 -5.000000e+00 1.752426e+01
      vertex   -1.726855e+01 -4.500000e+00 1.813406e+01
      vertex   -1.768835e+01 -5.000000e+00 1.778255e+01
    endloop
  endfacet
  facet normal 3.356068e-01 -7.138717e-01 6.146180e-01
    outer loop
      vertex   -1.768835e+01 -5.000000e+00 1.778255e+01
      vertex   -1.726855e+01 -4.500000e+00 1.813406e+01
      vertex   -1.780076e+01 -4.500000e+00 1.842467e+01
    endloop
  endfacet
  facet normal 3.710055e-01 -7.001014e-01 6.100926e-01
    outer loop
      vertex   -1.768835e+01 -5.000000e+00 1.778255e+01
      vertex   -1.780076e+01 -4.500000e+00 1.842467e+01
      vertex   -1.824227e+01 -5.000000e+00 1.811939e+01
    endloop
  endfacet
  facet normal 4.199674e-01 -7.133682e-01 5.610108e-01
    outer loop
      vertex   -1.824227e+01 -5.000000e+00 1.811939e+01
      vertex   -1.780076e+01 -4.500000e+00 1.842467e+01
      vertex   -1.828619e+01 -4.500000e+00 1.878806e+01
    endloop
  endfacet
  facet normal 4.502922e-01 -7.006375e-01 5.534835e-01
    outer loop
      vertex   -1.824227e+01 -5.000000e+00 1.811939e+01
      vertex   -1.828619e+01 -4.500000e+00 1.878806e+01
      vertex   -1.874516e+01 -5.000000e+00 1.852853e+01
    endloop
  endfacet
  facet normal 4.959867e-01 -7.127373e-01 4.959867e-01
    outer loop
      vertex   -1.874516e+01 -5.000000e+00 1.852853e+01
      vertex   -1.828619e+01 -4.500000e+00 1.878806e+01
      vertex   -1.871497e+01 -4.500000e+00 1.921684e+01
    endloop
  endfacet
  facet normal 5.209947e-01 -7.012911e-01 4.865751e-01
    outer loop
      vertex   -1.874516e+01 -5.000000e+00 1.852853e+01
      vertex   -1.871497e+01 -4.500000e+00 1.921684e+01
      vertex   -1.918766e+01 -5.000000e+00 1.900233e+01
    endloop
  endfacet
  facet normal 5.621415e-01 -7.119779e-01 4.208139e-01
    outer loop
      vertex   -1.918766e+01 -5.000000e+00 1.900233e+01
      vertex   -1.871497e+01 -4.500000e+00 1.921684e+01
      vertex   -1.907836e+01 -4.500000e+00 1.970228e+01
    endloop
  endfacet
  facet normal 5.817778e-01 -7.020612e-01 4.106636e-01
    outer loop
      vertex   -1.918766e+01 -5.000000e+00 1.900233e+01
      vertex   -1.907836e+01 -4.500000e+00 1.970228e+01
      vertex   -1.956153e+01 -5.000000e+00 1.953198e+01
    endloop
  endfacet
  facet normal 6.170979e-01 -7.110889e-01 3.369610e-01
    outer loop
      vertex   -1.956153e+01 -5.000000e+00 1.953198e+01
      vertex   -1.907836e+01 -4.500000e+00 1.970228e+01
      vertex   -1.936897e+01 -4.500000e+00 2.023449e+01
    endloop
  endfacet
  facet normal 6.315017e-01 -7.029467e-01 3.272178e-01
    outer loop
      vertex   -1.956153e+01 -5.000000e+00 1.953198e+01
      vertex   -1.936897e+01 -4.500000e+00 2.023449e+01
      vertex   -1.985979e+01 -5.000000e+00 2.010759e+01
    endloop
  endfacet
  facet normal 6.597365e-01 -7.100688e-01 2.460690e-01
    outer loop
      vertex   -1.985979e+01 -5.000000e+00 2.010759e+01
      vertex   -1.936897e+01 -4.500000e+00 2.023449e+01
      vertex   -1.958088e+01 -4.500000e+00 2.080264e+01
    endloop
  endfacet
  facet normal 6.692439e-01 -7.039462e-01 2.378494e-01
    outer loop
      vertex   -1.985979e+01 -5.000000e+00 2.010759e+01
      vertex   -1.958088e+01 -4.500000e+00 2.080264e+01
      vertex   -2.007689e+01 -5.000000e+00 2.071847e+01
    endloop
  endfacet
  facet normal 6.891748e-01 -7.089160e-01 1.499208e-01
    outer loop
      vertex   -2.007689e+01 -5.000000e+00 2.071847e+01
      vertex   -1.958088e+01 -4.500000e+00 2.080264e+01
      vertex   -1.970978e+01 -4.500000e+00 2.139516e+01
    endloop
  endfacet
  facet normal 6.943169e-01 -7.050582e-01 1.442807e-01
    outer loop
      vertex   -2.007689e+01 -5.000000e+00 2.071847e+01
      vertex   -1.970978e+01 -4.500000e+00 2.139516e+01
      vertex   -2.020879e+01 -5.000000e+00 2.135321e+01
    endloop
  endfacet
  facet normal 7.047844e-01 -7.076285e-01 5.040718e-02
    outer loop
      vertex   -2.020879e+01 -5.000000e+00 2.135321e+01
      vertex   -1.970978e+01 -4.500000e+00 2.139516e+01
      vertex   -1.975304e+01 -4.500000e+00 2.200000e+01
    endloop
  endfacet
  facet normal 0.000000e+00 -1.000000e+00 0.000000e+00
    outer loop
      vertex   -2.596142e+01 -5.000000e+00 1.244080e+01
      vertex   -1.874516e+01 -5.000000e+00 1.852853e+01
      vertex   -2.600304e+01 -5.000000e+00 1.350000e+01
    endloop
  endfacet
  facet normal 0.000000e+00 -1.000000e+00 0.000000e+00
    outer loop
      vertex   -2.600304e+01 -5.000000e+00 1.350000e+01
      vertex   -1.874516e+01 -5.000000e+00 1.852853e+01
      vertex   -1.918766e+01 -5.000000e+00 1.900233e+01
    endloop
  endfacet
  facet normal 0.000000e+00 -1.000000e+00 0.000000e+00
    outer loop
      vertex   -2.600304e+01 -5.000000e+00 1.350000e+01
      vertex   -1.918766e+01 -5.000000e+00 1.900233e+01
      vertex   -1.956153e+01 -5.000000e+00 1.953198e+01
    endloop
  endfacet
  facet normal 0.000000e+00 -1.000000e+00 0.000000e+00
    outer loop
      vertex   -2.596142e+01 -5.000000e+00 1.244080e+01
      vertex   -2.583683e+01 -5.000000e+00 1.138813e+01
      vertex   -1.874516e+01 -5.000000e+00 1.852853e+01
    endloop
  endfacet
  facet normal 0.000000e+00 -1.000000e+00 0.000000e+00
    outer loop
      vertex   -1.874516e+01 -5.000000e+00 1.852853e+01
      vertex   -2.583683e+01 -5.000000e+00 1.138813e+01
      vertex   -2.563003e+01 -5.000000e+00 1.034849e+01
    endloop
  endfacet
  facet normal 0.000000e+00 -1.000000e+00 -0.000000e+00
    outer loop
      vertex   -1.874516e+01 -5.000000e+00 1.852853e+01
      vertex   -2.563003e+01 -5.000000e+00 1.034849e+01
      vertex   -1.824227e+01 -5.000000e+00 1.811939e+01
    endloop
  endfacet
  facet normal 0.000000e+00 -1.000000e+00 0.000000e+00
    outer loop
      vertex   -1.824227e+01 -5.000000e+00 1.811939e+01
      vertex   -2.563003e+01 -5.000000e+00 1.034849e+01
      vertex   -2.534230e+01 -5.000000e+00 9.328271e+00
    endloop
  endfacet
  facet normal 0.000000e+00 -1.000000e+00 0.000000e+00
    outer loop
      vertex   -1.824227e+01 -5.000000e+00 1.811939e+01
      vertex   -2.534230e+01 -5.000000e+00 9.328271e+00
      vertex   -2.497541e+01 -5.000000e+00 8.333774e+00
    endloop
  endfacet
  facet normal 0.000000e+00 -1.000000e+00 0.000000e+00
    outer loop
      vertex   -2.497541e+01 -5.000000e+00 8.333774e+00
      vertex   -2.453162e+01 -5.000000e+00 7.371128e+00
      vertex   -1.824227e+01 -5.000000e+00 1.811939e+01
    endloop
  endfacet
  facet normal 0.000000e+00 -1.000000e+00 0.000000e+00
    outer loop
      vertex   -1.824227e+01 -5.000000e+00 1.811939e+01
      vertex   -2.453162e+01 -5.000000e+00 7.371128e+00
      vertex   -2.401368e+01 -5.000000e+00 6.446269e+00
    endloop
  endfacet
  facet normal 0.000000e+00 -1.000000e+00 -0.000000e+00
    outer loop
      vertex   -1.824227e+01 -5.000000e+00 1.811939e+01
      vertex   -2.401368e+01 -5.000000e+00 6.446269e+00
      vertex   -1.768835e+01 -5.000000e+00 1.778255e+01
    endloop
  endfacet
  facet normal 0.000000e+00 -1.000000e+00 0.000000e+00
    outer loop
      vertex   -1.768835e+01 -5.000000e+00 1.778255e+01
      vertex   -2.401368e+01 -5.000000e+00 6.446269e+00
      vertex   -2.342477e+01 -5.000000e+00 5.564899e+00
    endloop
  endfacet
  facet normal 0.000000e+00 -1.000000e+00 0.000000e+00
    outer loop
      vertex   -1.768835e+01 -5.000000e+00 1.778255e+01
      vertex   -2.342477e+01 -5.000000e+00 5.564899e+00
      vertex   -2.276852e+01 -5.000000e+00 4.732451e+00
    endloop
  endfacet
  facet normal 0.000000e+00 -1.000000e+00 0.000000e+00
    outer loop
      vertex   -2.276852e+01 -5.000000e+00 4.732451e+00
      vertex   -2.204898e+01 -5.000000e+00 3.954058e+00
      vertex   -1.768835e+01 -5.000000e+00 1.778255e+01
    endloop
  endfacet
  facet normal 0.000000e+00 -1.000000e+00 -0.000000e+00
    outer loop
      vertex   -1.768835e+01 -5.000000e+00 1.778255e+01
      vertex   -2.204898e+01 -5.000000e+00 3.954058e+00
      vertex   -1.709371e+01 -5.000000e+00 1.752426e+01
    endloop
  endfacet
  facet normal 0.000000e+00 -1.000000e+00 0.000000e+00
    outer loop
      vertex   -1.709371e+01 -5.000000e+00 1.752426e+01
      vertex   -2.204898e+01 -5.000000e+00 3.954058e+00
      vertex   -2.127059e+01 -5.000000e+00 3.234519e+00
    endloop
  endfacet
  facet normal 0.000000e+00 -1.000000e+00 0.000000e+00
    outer loop
      vertex   -1.709371e+01 -5.000000e+00 1.752426e+01
      vertex   -2.127059e+01 -5.000000e+00 3.234519e+00
      vertex   -2.043814e+01 -5.000000e+00 2.578271e+00
    endloop
  endfacet
  facet normal 0.000000e+00 -1.000000e+00 -0.000000e+00
    outer loop
      vertex   -1.709371e+01 -5.000000e+00 1.752426e+01
      vertex   -2.043814e+01 -5.000000e+00 2.578271e+00
      vertex   -1.646945e+01 -5.000000e+00 1.734935e+01
    endloop
  endfacet
  facet normal 0.000000e+00 -1.000000e+00 0.000000e+00
    outer loop
      vertex   -1.646945e+01 -5.000000e+00 1.734935e+01
      vertex   -2.043814e+01 -5.000000e+00 2.578271e+00
      vertex   -1.955677e+01 -5.000000e+00 1.989358e+00
    endloop
  endfacet
  facet normal 0.000000e+00 -1.000000e+00 0.000000e+00
    outer loop
      vertex   -1.646945e+01 -5.000000e+00 1.734935e+01
      vertex   -1.955677e+01 -5.000000e+00 1.989358e+00
      vertex   -1.863191e+01 -5.000000e+00 1.471412e+00
    endloop
  endfacet
  facet normal 0.000000e+00 -1.000000e+00 -0.000000e+00
    outer loop
      vertex   -1.646945e+01 -5.000000e+00 1.734935e+01
      vertex   -1.863191e+01 -5.000000e+00 1.471412e+00
      vertex   -1.582719e+01 -5.000000e+00 1.726107e+01
    endloop
  endfacet
  facet normal 0.000000e+00 -1.000000e+00 0.000000e+00
    outer loop
      vertex   -1.582719e+01 -5.000000e+00 1.726107e+01
      vertex   -1.863191e+01 -5.000000e+00 1.471412e+00
      vertex   -1.766926e+01 -5.000000e+00 1.027626e+00
    endloop
  endfacet
  facet normal 0.000000e+00 -1.000000e+00 -0.000000e+00
    outer loop
      vertex   -1.582719e+01 -5.000000e+00 1.726107e+01
      vertex   -1.766926e+01 -5.000000e+00 1.027626e+00
      vertex   -1.000000e+01 -5.000000e+00 7.000000e+00
    endloop
  endfacet
  facet normal 0.000000e+00 -1.000000e+00 0.000000e+00
    outer loop
      vertex   -1.000000e+01 -5.000000e+00 7.000000e+00
      vertex   -1.766926e+01 -5.000000e+00 1.027626e+00
      vertex   -1.667477e+01 -5.000000e+00 6.607370e-01
    endloop
  endfacet
  facet normal 0.000000e+00 -1.000000e+00 0.000000e+00
    outer loop
      vertex   -1.000000e+01 -5.000000e+00 7.000000e+00
      vertex   -1.667477e+01 -5.000000e+00 6.607370e-01
      vertex   -1.565455e+01 -5.000000e+00 3.730061e-01
    endloop
  endfacet
  facet normal 0.000000e+00 -1.000000e+00 -0.000000e+00
    outer loop
      vertex   -1.000000e+01 -5.000000e+00 7.000000e+00
      vertex   -1.565455e+01 -5.000000e+00 3.730061e-01
      vertex   -1.000000e+01 -5.000000e+00 1.000000e+00
    endloop
  endfacet
  facet normal 0.000000e+00 -1.000000e+00 0.000000e+00
    outer loop
      vertex   -1.000000e+01 -5.000000e+00 1.000000e+00
      vertex   -1.565455e+01 -5.000000e+00 3.730061e-01
      vertex   -1.461490e+01 -5.000000e+00 1.662074e-01
    endloop
  endfacet
  facet normal 0.000000e+00 -1.000000e+00 0.000000e+00
    outer loop
      vertex   -1.000000e+01 -5.000000e+00 1.000000e+00
      vertex   -1.461490e+01 -5.000000e+00 1.662074e-01
      vertex   -1.356223e+01 -5.000000e+00 4.161599e-02
    endloop
  endfacet
  facet normal -4.050960e-07 -1.000000e+00 1.505708e-06
    outer loop
      vertex   -1.356223e+01 -5.000000e+00 4.161599e-02
      vertex   -1.250304e+01 -5.000000e+00 0.000000e+00
      vertex   -1.000000e+01 -5.000000e+00 1.000000e+00
    endloop
  endfacet
  facet normal 0.000000e+00 -1.000000e+00 4.917383e-07
    outer loop
      vertex   -1.000000e+01 -5.000000e+00 1.000000e+00
      vertex   -1.250304e+01 -5.000000e+00 0.000000e+00
      vertex   -3.000000e+00 -5.000000e+00 0.000000e+00
    endloop
  endfacet
  facet normal -7.024833e-08 -1.000000e+00 0.000000e+00
    outer loop
      vertex   -1.000000e+01 -5.000000e+00 1.000000e+00
      vertex   -3.000000e+00 -5.000000e+00 0.000000e+00
      vertex   -3.000000e+00 -5.000000e+00 1.000000e+00
    endloop
  endfacet
  facet normal 0.000000e+00 -1.000000e+00 0.000000e+00
    outer loop
      vertex   -5.003036e+00 -5.000000e+00 7.000000e+00
      vertex   -1.144454e+01 -5.000000e+00 1.953198e+01
      vertex   -1.000000e+01 -5.000000e+00 7.000000e+00
    endloop
  endfacet
  facet normal 0.000000e+00 -1.000000e+00 0.000000e+00
    outer loop
      vertex   -1.000000e+01 -5.000000e+00 7.000000e+00
      vertex   -1.144454e+01 -5.000000e+00 1.953198e+01
      vertex   -1.181841e+01 -5.000000e+00 1.900233e+01
    endloop
  endfacet
  facet normal 0.000000e+00 -1.000000e+00 0.000000e+00
    outer loop
      vertex   -1.000000e+01 -5.000000e+00 7.000000e+00
      vertex   -1.181841e+01 -5.000000e+00 1.900233e+01
      vertex   -1.226091e+01 -5.000000e+00 1.852853e+01
    endloop
  endfacet
  facet normal 0.000000e+00 -1.000000e+00 0.000000e+00
    outer loop
      vertex   -5.003036e+00 -5.000000e+00 7.000000e+00
      vertex   -5.003036e+00 -5.000000e+00 2.150000e+01
      vertex   -1.144454e+01 -5.000000e+00 1.953198e+01
    endloop
  endfacet
  facet normal 0.000000e+00 -1.000000e+00 0.000000e+00
    outer loop
      vertex   -1.144454e+01 -5.000000e+00 1.953198e+01
      vertex   -5.003036e+00 -5.000000e+00 2.150000e+01
      vertex   -1.114628e+01 -5.000000e+00 2.010759e+01
    endloop
  endfacet
  facet normal 0.000000e+00 -1.000000e+00 0.000000e+00
    outer loop
      vertex   -1.114628e+01 -5.000000e+00 2.010759e+01
      vertex   -5.003036e+00 -5.000000e+00 2.150000e+01
      vertex   -1.092918e+01 -5.000000e+00 2.071847e+01
    endloop
  endfacet
  facet normal 0.000000e+00 -1.000000e+00 0.000000e+00
    outer loop
      vertex   -1.092918e+01 -5.000000e+00 2.071847e+01
      vertex   -5.003036e+00 -5.000000e+00 2.150000e+01
      vertex   -1.079728e+01 -5.000000e+00 2.135321e+01
    endloop
  endfacet
  facet normal 0.000000e+00 -1.000000e+00 0.000000e+00
    outer loop
      vertex   -1.079728e+01 -5.000000e+00 2.135321e+01
      vertex   -5.003036e+00 -5.000000e+00 2.150000e+01
      vertex   -1.075304e+01 -5.000000e+00 2.200000e+01
    endloop
  endfacet
  facet normal 0.000000e+00 -1.000000e+00 0.000000e+00
    outer loop
      vertex   -1.075304e+01 -5.000000e+00 2.200000e+01
      vertex   -5.003036e+00 -5.000000e+00 2.150000e+01
      vertex   -5.045306e+00 -5.000000e+00 2.244121e+01
    endloop
  endfacet
  facet normal 0.000000e+00 -1.000000e+00 0.000000e+00
    outer loop
      vertex   -1.075304e+01 -5.000000e+00 2.200000e+01
      vertex   -5.045306e+00 -5.000000e+00 2.244121e+01
      vertex   -5.171776e+00 -5.000000e+00 2.337485e+01
    endloop
  endfacet
  facet normal -0.000000e+00 -1.000000e+00 0.000000e+00
    outer loop
      vertex   -5.171776e+00 -5.000000e+00 2.337485e+01
      vertex   -5.381426e+00 -5.000000e+00 2.429339e+01
      vertex   -1.075304e+01 -5.000000e+00 2.200000e+01
    endloop
  endfacet
  facet normal 0.000000e+00 -1.000000e+00 0.000000e+00
    outer loop
      vertex   -1.075304e+01 -5.000000e+00 2.200000e+01
      vertex   -5.381426e+00 -5.000000e+00 2.429339e+01
      vertex   -1.079728e+01 -5.000000e+00 2.264679e+01
    endloop
  endfacet
  facet normal 0.000000e+00 -1.000000e+00 0.000000e+00
    outer loop
      vertex   -1.079728e+01 -5.000000e+00 2.264679e+01
      vertex   -5.381426e+00 -5.000000e+00 2.429339e+01
      vertex   -5.672570e+00 -5.000000e+00 2.518944e+01
    endloop
  endfacet
  facet normal 0.000000e+00 -1.000000e+00 0.000000e+00
    outer loop
      vertex   -1.079728e+01 -5.000000e+00 2.264679e+01
      vertex   -5.672570e+00 -5.000000e+00 2.518944e+01
      vertex   -6.042863e+00 -5.000000e+00 2.605578e+01
    endloop
  endfacet
  facet normal 0.000000e+00 -1.000000e+00 0.000000e+00
    outer loop
      vertex   -1.079728e+01 -5.000000e+00 2.264679e+01
      vertex   -6.042863e+00 -5.000000e+00 2.605578e+01
      vertex   -1.092918e+01 -5.000000e+00 2.328153e+01
    endloop
  endfacet
  facet normal 0.000000e+00 -1.000000e+00 0.000000e+00
    outer loop
      vertex   -1.092918e+01 -5.000000e+00 2.328153e+01
      vertex   -6.042863e+00 -5.000000e+00 2.605578e+01
      vertex   -6.489324e+00 -5.000000e+00 2.688544e+01
    endloop
  endfacet
  facet normal 0.000000e+00 -1.000000e+00 0.000000e+00
    outer loop
      vertex   -1.092918e+01 -5.000000e+00 2.328153e+01
      vertex   -6.489324e+00 -5.000000e+00 2.688544e+01
      vertex   -7.008358e+00 -5.000000e+00 2.767175e+01
    endloop
  endfacet
  facet normal 0.000000e+00 -1.000000e+00 0.000000e+00
    outer loop
      vertex   -1.092918e+01 -5.000000e+00 2.328153e+01
      vertex   -7.008358e+00 -5.000000e+00 2.767175e+01
      vertex   -1.114628e+01 -5.000000e+00 2.389241e+01
    endloop
  endfacet
  facet normal 0.000000e+00 -1.000000e+00 0.000000e+00
    outer loop
      vertex   -1.114628e+01 -5.000000e+00 2.389241e+01
      vertex   -7.008358e+00 -5.000000e+00 2.767175e+01
      vertex   -7.595786e+00 -5.000000e+00 2.840836e+01
    endloop
  endfacet
  facet normal 0.000000e+00 -1.000000e+00 0.000000e+00
    outer loop
      vertex   -1.114628e+01 -5.000000e+00 2.389241e+01
      vertex   -7.595786e+00 -5.000000e+00 2.840836e+01
      vertex   -8.246879e+00 -5.000000e+00 2.908935e+01
    endloop
  endfacet
  facet normal 0.000000e+00 -1.000000e+00 0.000000e+00
    outer loop
      vertex   -1.114628e+01 -5.000000e+00 2.389241e+01
      vertex   -8.246879e+00 -5.000000e+00 2.908935e+01
      vertex   -1.144454e+01 -5.000000e+00 2.446802e+01
    endloop
  endfacet
  facet normal 0.000000e+00 -1.000000e+00 0.000000e+00
    outer loop
      vertex   -1.144454e+01 -5.000000e+00 2.446802e+01
      vertex   -8.246879e+00 -5.000000e+00 2.908935e+01
      vertex   -8.956393e+00 -5.000000e+00 2.970923e+01
    endloop
  endfacet
  facet normal 0.000000e+00 -1.000000e+00 0.000000e+00
    outer loop
      vertex   -1.144454e+01 -5.000000e+00 2.446802e+01
      vertex   -8.956393e+00 -5.000000e+00 2.970923e+01
      vertex   -1.181841e+01 -5.000000e+00 2.499767e+01
    endloop
  endfacet
  facet normal 0.000000e+00 -1.000000e+00 0.000000e+00
    outer loop
      vertex   -1.181841e+01 -5.000000e+00 2.499767e+01
      vertex   -8.956393e+00 -5.000000e+00 2.970923e+01
      vertex   -9.718618e+00 -5.000000e+00 3.026302e+01
    endloop
  endfacet
  facet normal 0.000000e+00 -1.000000e+00 0.000000e+00
    outer loop
      vertex   -1.181841e+01 -5.000000e+00 2.499767e+01
      vertex   -9.718618e+00 -5.000000e+00 3.026302e+01
      vertex   -1.226091e+01 -5.000000e+00 2.547147e+01
    endloop
  endfacet
  facet normal 0.000000e+00 -1.000000e+00 0.000000e+00
    outer loop
      vertex   -1.226091e+01 -5.000000e+00 2.547147e+01
      vertex   -9.718618e+00 -5.000000e+00 3.026302e+01
      vertex   -1.052742e+01 -5.000000e+00 3.074625e+01
    endloop
  endfacet
  facet normal 0.000000e+00 -1.000000e+00 0.000000e+00
    outer loop
      vertex   -1.226091e+01 -5.000000e+00 2.547147e+01
      vertex   -1.052742e+01 -5.000000e+00 3.074625e+01
      vertex   -1.276380e+01 -5.000000e+00 2.588061e+01
    endloop
  endfacet
  facet normal 0.000000e+00 -1.000000e+00 0.000000e+00
    outer loop
      vertex   -1.276380e+01 -5.000000e+00 2.588061e+01
      vertex   -1.052742e+01 -5.000000e+00 3.074625e+01
      vertex   -1.137627e+01 -5.000000e+00 3.115504e+01
    endloop
  endfacet
  facet normal 0.000000e+00 -1.000000e+00 0.000000e+00
    outer loop
      vertex   -1.276380e+01 -5.000000e+00 2.588061e+01
      vertex   -1.137627e+01 -5.000000e+00 3.115504e+01
      vertex   -1.331773e+01 -5.000000e+00 2.621745e+01
    endloop
  endfacet
  facet normal 0.000000e+00 -1.000000e+00 0.000000e+00
    outer loop
      vertex   -1.331773e+01 -5.000000e+00 2.621745e+01
      vertex   -1.137627e+01 -5.000000e+00 3.115504e+01
      vertex   -1.225836e+01 -5.000000e+00 3.148609e+01
    endloop
  endfacet
  facet normal 0.000000e+00 -1.000000e+00 0.000000e+00
    outer loop
      vertex   -1.331773e+01 -5.000000e+00 2.621745e+01
      vertex   -1.225836e+01 -5.000000e+00 3.148609e+01
      vertex   -1.391236e+01 -5.000000e+00 2.647574e+01
    endloop
  endfacet
  facet normal 0.000000e+00 -1.000000e+00 0.000000e+00
    outer loop
      vertex   -1.391236e+01 -5.000000e+00 2.647574e+01
      vertex   -1.225836e+01 -5.000000e+00 3.148609e+01
      vertex   -1.316657e+01 -5.000000e+00 3.173674e+01
    endloop
  endfacet
  facet normal 0.000000e+00 -1.000000e+00 0.000000e+00
    outer loop
      vertex   -1.391236e+01 -5.000000e+00 2.647574e+01
      vertex   -1.316657e+01 -5.000000e+00 3.173674e+01
      vertex   -1.453662e+01 -5.000000e+00 2.665065e+01
    endloop
  endfacet
  facet normal 0.000000e+00 -1.000000e+00 0.000000e+00
    outer loop
      vertex   -1.453662e+01 -5.000000e+00 2.665065e+01
      vertex   -1.316657e+01 -5.000000e+00 3.173674e+01
      vertex   -1.409359e+01 -5.000000e+00 3.190497e+01
    endloop
  endfacet
  facet normal 0.000000e+00 -1.000000e+00 0.000000e+00
    outer loop
      vertex   -1.453662e+01 -5.000000e+00 2.665065e+01
      vertex   -1.409359e+01 -5.000000e+00 3.190497e+01
      vertex   -1.517888e+01 -5.000000e+00 2.673893e+01
    endloop
  endfacet
  facet normal 0.000000e+00 -1.000000e+00 0.000000e+00
    outer loop
      vertex   -1.517888e+01 -5.000000e+00 2.673893e+01
      vertex   -1.409359e+01 -5.000000e+00 3.190497e+01
      vertex   -1.503196e+01 -5.000000e+00 3.198943e+01
    endloop
  endfacet
  facet normal 0.000000e+00 -1.000000e+00 0.000000e+00
    outer loop
      vertex   -1.517888e+01 -5.000000e+00 2.673893e+01
      vertex   -1.503196e+01 -5.000000e+00 3.198943e+01
      vertex   -1.597412e+01 -5.000000e+00 3.198943e+01
    endloop
  endfacet
  facet normal 0.000000e+00 -1.000000e+00 0.000000e+00
    outer loop
      vertex   -1.517888e+01 -5.000000e+00 2.673893e+01
      vertex   -1.597412e+01 -5.000000e+00 3.198943e+01
      vertex   -1.582719e+01 -5.000000e+00 2.673893e+01
    endloop
  endfacet
  facet normal 0.000000e+00 -1.000000e+00 0.000000e+00
    outer loop
      vertex   -1.582719e+01 -5.000000e+00 2.673893e+01
      vertex   -1.597412e+01 -5.000000e+00 3.198943e+01
      vertex   -1.691249e+01 -5.000000e+00 3.190497e+01
    endloop
  endfacet
  facet normal -0.000000e+00 -1.000000e+00 0.000000e+00
    outer loop
      vertex   -1.582719e+01 -5.000000e+00 2.673893e+01
      vertex   -1.691249e+01 -5.000000e+00 3.190497e+01
      vertex   -1.646945e+01 -5.000000e+00 2.665065e+01
    endloop
  endfacet
  facet normal 0.000000e+00 -1.000000e+00 0.000000e+00
    outer loop
      vertex   -1.646945e+01 -5.000000e+00 2.665065e+01
      vertex   -1.691249e+01 -5.000000e+00 3.190497e+01
      vertex   -1.783951e+01 -5.000000e+00 3.173674e+01
    endloop
  endfacet
  facet normal -0.000000e+00 -1.000000e+00 0.000000e+00
    outer loop
      vertex   -1.646945e+01 -5.000000e+00 2.665065e+01
      vertex   -1.783951e+01 -5.000000e+00 3.173674e+01
      vertex   -1.709371e+01 -5.000000e+00 2.647574e+01
    endloop
  endfacet
  facet normal 0.000000e+00 -1.000000e+00 0.000000e+00
    outer loop
      vertex   -1.709371e+01 -5.000000e+00 2.647574e+01
      vertex   -1.783951e+01 -5.000000e+00 3.173674e+01
      vertex   -1.874771e+01 -5.000000e+00 3.148609e+01
    endloop
  endfacet
  facet normal -0.000000e+00 -1.000000e+00 0.000000e+00
    outer loop
      vertex   -1.709371e+01 -5.000000e+00 2.647574e+01
      vertex   -1.874771e+01 -5.000000e+00 3.148609e+01
      vertex   -1.768835e+01 -5.000000e+00 2.621745e+01
    endloop
  endfacet
  facet normal 0.000000e+00 -1.000000e+00 0.000000e+00
    outer loop
      vertex   -1.768835e+01 -5.000000e+00 2.621745e+01
      vertex   -1.874771e+01 -5.000000e+00 3.148609e+01
      vertex   -1.962980e+01 -5.000000e+00 3.115504e+01
    endloop
  endfacet
  facet normal -0.000000e+00 -1.000000e+00 0.000000e+00
    outer loop
      vertex   -1.768835e+01 -5.000000e+00 2.621745e+01
      vertex   -1.962980e+01 -5.000000e+00 3.115504e+01
      vertex   -1.824227e+01 -5.000000e+00 2.588061e+01
    endloop
  endfacet
  facet normal 0.000000e+00 -1.000000e+00 0.000000e+00
    outer loop
      vertex   -1.824227e+01 -5.000000e+00 2.588061e+01
      vertex   -1.962980e+01 -5.000000e+00 3.115504e+01
      vertex   -2.047866e+01 -5.000000e+00 3.074625e+01
    endloop
  endfacet
  facet normal -0.000000e+00 -1.000000e+00 0.000000e+00
    outer loop
      vertex   -1.824227e+01 -5.000000e+00 2.588061e+01
      vertex   -2.047866e+01 -5.000000e+00 3.074625e+01
      vertex   -1.874516e+01 -5.000000e+00 2.547147e+01
    endloop
  endfacet
  facet normal 0.000000e+00 -1.000000e+00 0.000000e+00
    outer loop
      vertex   -1.874516e+01 -5.000000e+00 2.547147e+01
      vertex   -2.047866e+01 -5.000000e+00 3.074625e+01
      vertex   -2.128745e+01 -5.000000e+00 3.026302e+01
    endloop
  endfacet
  facet normal -0.000000e+00 -1.000000e+00 0.000000e+00
    outer loop
      vertex   -1.874516e+01 -5.000000e+00 2.547147e+01
      vertex   -2.128745e+01 -5.000000e+00 3.026302e+01
      vertex   -1.918766e+01 -5.000000e+00 2.499767e+01
    endloop
  endfacet
  facet normal 0.000000e+00 -1.000000e+00 0.000000e+00
    outer loop
      vertex   -1.918766e+01 -5.000000e+00 2.499767e+01
      vertex   -2.128745e+01 -5.000000e+00 3.026302e+01
      vertex   -2.204968e+01 -5.000000e+00 2.970923e+01
    endloop
  endfacet
  facet normal -0.000000e+00 -1.000000e+00 0.000000e+00
    outer loop
      vertex   -1.918766e+01 -5.000000e+00 2.499767e+01
      vertex   -2.204968e+01 -5.000000e+00 2.970923e+01
      vertex   -1.956153e+01 -5.000000e+00 2.446802e+01
    endloop
  endfacet
  facet normal 0.000000e+00 -1.000000e+00 0.000000e+00
    outer loop
      vertex   -1.956153e+01 -5.000000e+00 2.446802e+01
      vertex   -2.204968e+01 -5.000000e+00 2.970923e+01
      vertex   -2.275919e+01 -5.000000e+00 2.908935e+01
    endloop
  endfacet
  facet normal -0.000000e+00 -1.000000e+00 0.000000e+00
    outer loop
      vertex   -1.956153e+01 -5.000000e+00 2.446802e+01
      vertex   -2.275919e+01 -5.000000e+00 2.908935e+01
      vertex   -1.985979e+01 -5.000000e+00 2.389241e+01
    endloop
  endfacet
  facet normal 0.000000e+00 -1.000000e+00 0.000000e+00
    outer loop
      vertex   -1.985979e+01 -5.000000e+00 2.389241e+01
      vertex   -2.275919e+01 -5.000000e+00 2.908935e+01
      vertex   -2.341029e+01 -5.000000e+00 2.840836e+01
    endloop
  endfacet
  facet normal 0.000000e+00 -1.000000e+00 0.000000e+00
    outer loop
      vertex   -1.985979e+01 -5.000000e+00 2.389241e+01
      vertex   -2.341029e+01 -5.000000e+00 2.840836e+01
      vertex   -2.399771e+01 -5.000000e+00 2.767175e+01
    endloop
  endfacet
  facet normal -0.000000e+00 -1.000000e+00 0.000000e+00
    outer loop
      vertex   -1.985979e+01 -5.000000e+00 2.389241e+01
      vertex   -2.399771e+01 -5.000000e+00 2.767175e+01
      vertex   -2.007689e+01 -5.000000e+00 2.328153e+01
    endloop
  endfacet
  facet normal 0.000000e+00 -1.000000e+00 0.000000e+00
    outer loop
      vertex   -2.007689e+01 -5.000000e+00 2.328153e+01
      vertex   -2.399771e+01 -5.000000e+00 2.767175e+01
      vertex   -2.451675e+01 -5.000000e+00 2.688544e+01
    endloop
  endfacet
  facet normal 0.000000e+00 -1.000000e+00 0.000000e+00
    outer loop
      vertex   -2.007689e+01 -5.000000e+00 2.328153e+01
      vertex   -2.451675e+01 -5.000000e+00 2.688544e+01
      vertex   -2.496321e+01 -5.000000e+00 2.605578e+01
    endloop
  endfacet
  facet normal -0.000000e+00 -1.000000e+00 0.000000e+00
    outer loop
      vertex   -2.007689e+01 -5.000000e+00 2.328153e+01
      vertex   -2.496321e+01 -5.000000e+00 2.605578e+01
      vertex   -2.020879e+01 -5.000000e+00 2.264679e+01
    endloop
  endfacet
  facet normal 0.000000e+00 -1.000000e+00 0.000000e+00
    outer loop
      vertex   -2.020879e+01 -5.000000e+00 2.264679e+01
      vertex   -2.496321e+01 -5.000000e+00 2.605578e+01
      vertex   -2.533350e+01 -5.000000e+00 2.518944e+01
    endloop
  endfacet
  facet normal 0.000000e+00 -1.000000e+00 0.000000e+00
    outer loop
      vertex   -2.020879e+01 -5.000000e+00 2.264679e+01
      vertex   -2.533350e+01 -5.000000e+00 2.518944e+01
      vertex   -2.562465e+01 -5.000000e+00 2.429339e+01
    endloop
  endfacet
  facet normal -0.000000e+00 -1.000000e+00 0.000000e+00
    outer loop
      vertex   -2.020879e+01 -5.000000e+00 2.264679e+01
      vertex   -2.562465e+01 -5.000000e+00 2.429339e+01
      vertex   -2.025304e+01 -5.000000e+00 2.200000e+01
    endloop
  endfacet
  facet normal 0.000000e+00 -1.000000e+00 0.000000e+00
    outer loop
      vertex   -2.025304e+01 -5.000000e+00 2.200000e+01
      vertex   -2.562465e+01 -5.000000e+00 2.429339e+01
      vertex   -2.583430e+01 -5.000000e+00 2.337485e+01
    endloop
  endfacet
  facet normal 0.000000e+00 -1.000000e+00 0.000000e+00
    outer loop
      vertex   -2.025304e+01 -5.000000e+00 2.200000e+01
      vertex   -2.583430e+01 -5.000000e+00 2.337485e+01
      vertex   -2.596077e+01 -5.000000e+00 2.244121e+01
    endloop
  endfacet
  facet normal 0.000000e+00 -1.000000e+00 -0.000000e+00
    outer loop
      vertex   -2.596077e+01 -5.000000e+00 2.244121e+01
      vertex   -2.600304e+01 -5.000000e+00 2.150000e+01
      vertex   -2.025304e+01 -5.000000e+00 2.200000e+01
    endloop
  endfacet
  facet normal 0.000000e+00 -1.000000e+00 -0.000000e+00
    outer loop
      vertex   -2.025304e+01 -5.000000e+00 2.200000e+01
      vertex   -2.600304e+01 -5.000000e+00 2.150000e+01
      vertex   -2.020879e+01 -5.000000e+00 2.135321e+01
    endloop
  endfacet
  facet normal -0.000000e+00 -1.000000e+00 -0.000000e+00
    outer loop
      vertex   -2.020879e+01 -5.000000e+00 2.135321e+01
      vertex   -2.600304e+01 -5.000000e+00 2.150000e+01
      vertex   -2.007689e+01 -5.000000e+00 2.071847e+01
    endloop
  endfacet
  facet normal -0.000000e+00 -1.000000e+00 -0.000000e+00
    outer loop
      vertex   -2.007689e+01 -5.000000e+00 2.071847e+01
      vertex   -2.600304e+01 -5.000000e+00 2.150000e+01
      vertex   -1.985979e+01 -5.000000e+00 2.010759e+01
    endloop
  endfacet
  facet normal -0.000000e+00 -1.000000e+00 0.000000e+00
    outer loop
      vertex   -1.985979e+01 -5.000000e+00 2.010759e+01
      vertex   -2.600304e+01 -5.000000e+00 2.150000e+01
      vertex   -2.600304e+01 -5.000000e+00 1.350000e+01
    endloop
  endfacet
  facet normal 0.000000e+00 -1.000000e+00 -0.000000e+00
    outer loop
      vertex   -1.985979e+01 -5.000000e+00 2.010759e+01
      vertex   -2.600304e+01 -5.000000e+00 1.350000e+01
      vertex   -1.956153e+01 -5.000000e+00 1.953198e+01
    endloop
  endfacet
  facet normal 0.000000e+00 -1.000000e+00 -0.000000e+00
    outer loop
      vertex   -1.226091e+01 -5.000000e+00 1.852853e+01
      vertex   -1.276380e+01 -5.000000e+00 1.811939e+01
      vertex   -1.000000e+01 -5.000000e+00 7.000000e+00
    endloop
  endfacet
  facet normal 0.000000e+00 -1.000000e+00 0.000000e+00
    outer loop
      vertex   -1.000000e+01 -5.000000e+00 7.000000e+00
      vertex   -1.276380e+01 -5.000000e+00 1.811939e+01
      vertex   -1.331773e+01 -5.000000e+00 1.778255e+01
    endloop
  endfacet
  facet normal 0.000000e+00 -1.000000e+00 0.000000e+00
    outer loop
      vertex   -1.000000e+01 -5.000000e+00 7.000000e+00
      vertex   -1.331773e+01 -5.000000e+00 1.778255e+01
      vertex   -1.391236e+01 -5.000000e+00 1.752426e+01
    endloop
  endfacet
  facet normal 0.000000e+00 -1.000000e+00 -0.000000e+00
    outer loop
      vertex   -1.391236e+01 -5.000000e+00 1.752426e+01
      vertex   -1.453662e+01 -5.000000e+00 1.734935e+01
      vertex   -1.000000e+01 -5.000000e+00 7.000000e+00
    endloop
  endfacet
  facet normal 0.000000e+00 -1.000000e+00 0.000000e+00
    outer loop
      vertex   -1.000000e+01 -5.000000e+00 7.000000e+00
      vertex   -1.453662e+01 -5.000000e+00 1.734935e+01
      vertex   -1.517888e+01 -5.000000e+00 1.726107e+01
    endloop
  endfacet
  facet normal 0.000000e+00 -1.000000e+00 0.000000e+00
    outer loop
      vertex   -1.000000e+01 -5.000000e+00 7.000000e+00
      vertex   -1.517888e+01 -5.000000e+00 1.726107e+01
      vertex   -1.582719e+01 -5.000000e+00 1.726107e+01
    endloop
  endfacet
  facet normal -9.992290e-01 0.000000e+00 -3.925982e-02
    outer loop
      vertex   -2.600304e+01 -5.000000e+00 1.350000e+01
      vertex   -2.600304e+01 2.000000e+00 1.350000e+01
      vertex   -2.596142e+01 -5.000000e+00 1.244080e+01
    endloop
  endfacet
  facet normal -9.992290e-01 2.988833e-17 -3.925982e-02
    outer loop
      vertex   -2.596142e+01 -5.000000e+00 1.244080e+01
      vertex   -2.600304e+01 2.000000e+00 1.350000e+01
      vertex   -2.596142e+01 2.000000e+00 1.244080e+01
    endloop
  endfacet
  facet normal -9.930685e-01 8.948073e-17 -1.175374e-01
    outer loop
      vertex   -2.596142e+01 -5.000000e+00 1.244080e+01
      vertex   -2.596142e+01 2.000000e+00 1.244080e+01
      vertex   -2.583683e+01 -5.000000e+00 1.138813e+01
    endloop
  endfacet
  facet normal -9.930685e-01 2.982691e-17 -1.175374e-01
    outer loop
      vertex   -2.583683e+01 -5.000000e+00 1.138813e+01
      vertex   -2.596142e+01 2.000000e+00 1.244080e+01
      vertex   -2.583683e+01 2.000000e+00 1.138813e+01
    endloop
  endfacet
  facet normal -9.807853e-01 4.950715e-17 -1.950903e-01
    outer loop
      vertex   -2.583683e+01 -5.000000e+00 1.138813e+01
      vertex   -2.583683e+01 2.000000e+00 1.138813e+01
      vertex   -2.563003e+01 -5.000000e+00 1.034849e+01
    endloop
  endfacet
  facet normal -9.807853e-01 -4.950715e-17 -1.950903e-01
    outer loop
      vertex   -2.563003e+01 -5.000000e+00 1.034849e+01
      vertex   -2.583683e+01 2.000000e+00 1.138813e+01
      vertex   -2.563003e+01 2.000000e+00 1.034849e+01
    endloop
  endfacet
  facet normal -9.624552e-01 -6.888216e-17 -2.714404e-01
    outer loop
      vertex   -2.563003e+01 -5.000000e+00 1.034849e+01
      vertex   -2.563003e+01 2.000000e+00 1.034849e+01
      vertex   -2.534230e+01 -5.000000e+00 9.328271e+00
    endloop
  endfacet
  facet normal -9.624552e-01 1.377643e-16 -2.714404e-01
    outer loop
      vertex   -2.534230e+01 -5.000000e+00 9.328271e+00
      vertex   -2.563003e+01 2.000000e+00 1.034849e+01
      vertex   -2.534230e+01 2.000000e+00 9.328271e+00
    endloop
  endfacet
  facet normal -9.381913e-01 1.756650e-16 -3.461171e-01
    outer loop
      vertex   -2.534230e+01 -5.000000e+00 9.328271e+00
      vertex   -2.534230e+01 2.000000e+00 9.328271e+00
      vertex   -2.497541e+01 -5.000000e+00 8.333774e+00
    endloop
  endfacet
  facet normal -9.381913e-01 -1.248308e-16 -3.461171e-01
    outer loop
      vertex   -2.497541e+01 -5.000000e+00 8.333774e+00
      vertex   -2.534230e+01 2.000000e+00 9.328271e+00
      vertex   -2.497541e+01 2.000000e+00 8.333774e+00
    endloop
  endfacet
  facet normal -9.081432e-01 -3.594519e-17 -4.186597e-01
    outer loop
      vertex   -2.497541e+01 -5.000000e+00 8.333774e+00
      vertex   -2.497541e+01 2.000000e+00 8.333774e+00
      vertex   -2.453162e+01 -5.000000e+00 7.371128e+00
    endloop
  endfacet
  facet normal -9.081432e-01 -7.624588e-16 -4.186597e-01
    outer loop
      vertex   -2.453162e+01 -5.000000e+00 7.371128e+00
      vertex   -2.497541e+01 2.000000e+00 8.333774e+00
      vertex   -2.453162e+01 2.000000e+00 7.371128e+00
    endloop
  endfacet
  facet normal -8.724960e-01 -6.996441e-16 -4.886212e-01
    outer loop
      vertex   -2.453162e+01 -5.000000e+00 7.371128e+00
      vertex   -2.453162e+01 2.000000e+00 7.371128e+00
      vertex   -2.401368e+01 -5.000000e+00 6.446269e+00
    endloop
  endfacet
  facet normal -8.724960e-01 1.948282e-16 -4.886212e-01
    outer loop
      vertex   -2.401368e+01 -5.000000e+00 6.446269e+00
      vertex   -2.453162e+01 2.000000e+00 7.371128e+00
      vertex   -2.401368e+01 2.000000e+00 6.446269e+00
    endloop
  endfacet
  facet normal -8.314696e-01 1.400274e-16 -5.555702e-01
    outer loop
      vertex   -2.401368e+01 -5.000000e+00 6.446269e+00
      vertex   -2.401368e+01 2.000000e+00 6.446269e+00
      vertex   -2.342477e+01 -5.000000e+00 5.564899e+00
    endloop
  endfacet
  facet normal -8.314696e-01 -1.400274e-16 -5.555702e-01
    outer loop
      vertex   -2.342477e+01 -5.000000e+00 5.564899e+00
      vertex   -2.401368e+01 2.000000e+00 6.446269e+00
      vertex   -2.342477e+01 2.000000e+00 5.564899e+00
    endloop
  endfacet
  facet normal -7.853169e-01 -8.436324e-17 -6.190939e-01
    outer loop
      vertex   -2.342477e+01 -5.000000e+00 5.564899e+00
      vertex   -2.342477e+01 2.000000e+00 5.564899e+00
      vertex   -2.276852e+01 -5.000000e+00 4.732451e+00
    endloop
  endfacet
  facet normal -7.853169e-01 -6.458511e-16 -6.190939e-01
    outer loop
      vertex   -2.276852e+01 -5.000000e+00 4.732451e+00
      vertex   -2.342477e+01 2.000000e+00 5.564899e+00
      vertex   -2.276852e+01 2.000000e+00 4.732451e+00
    endloop
  endfacet
  facet normal -7.343225e-01 -5.151771e-16 -6.788007e-01
    outer loop
      vertex   -2.276852e+01 -5.000000e+00 4.732451e+00
      vertex   -2.276852e+01 2.000000e+00 4.732451e+00
      vertex   -2.204898e+01 -5.000000e+00 3.954058e+00
    endloop
  endfacet
  facet normal -7.343225e-01 -2.004350e-16 -6.788007e-01
    outer loop
      vertex   -2.204898e+01 -5.000000e+00 3.954058e+00
      vertex   -2.276852e+01 2.000000e+00 4.732451e+00
      vertex   -2.204898e+01 2.000000e+00 3.954058e+00
    endloop
  endfacet
  facet normal -6.788007e-01 -1.581666e-16 -7.343225e-01
    outer loop
      vertex   -2.204898e+01 -5.000000e+00 3.954058e+00
      vertex   -2.204898e+01 2.000000e+00 3.954058e+00
      vertex   -2.127059e+01 -5.000000e+00 3.234519e+00
    endloop
  endfacet
  facet normal -6.788007e-01 -2.329319e-16 -7.343225e-01
    outer loop
      vertex   -2.127059e+01 -5.000000e+00 3.234519e+00
      vertex   -2.204898e+01 2.000000e+00 3.954058e+00
      vertex   -2.127059e+01 2.000000e+00 3.234519e+00
    endloop
  endfacet
  facet normal -6.190939e-01 -2.491077e-16 -7.853169e-01
    outer loop
      vertex   -2.127059e+01 -5.000000e+00 3.234519e+00
      vertex   -2.127059e+01 2.000000e+00 3.234519e+00
      vertex   -2.043814e+01 -5.000000e+00 2.578271e+00
    endloop
  endfacet
  facet normal -6.190939e-01 1.992862e-16 -7.853169e-01
    outer loop
      vertex   -2.043814e+01 -5.000000e+00 2.578271e+00
      vertex   -2.127059e+01 2.000000e+00 3.234519e+00
      vertex   -2.043814e+01 2.000000e+00 2.578271e+00
    endloop
  endfacet
  facet normal -5.555702e-01 2.109981e-16 -8.314696e-01
    outer loop
      vertex   -2.043814e+01 -5.000000e+00 2.578271e+00
      vertex   -2.043814e+01 2.000000e+00 2.578271e+00
      vertex   -1.955677e+01 -5.000000e+00 1.989358e+00
    endloop
  endfacet
  facet normal -5.555702e-01 -6.281721e-17 -8.314696e-01
    outer loop
      vertex   -1.955677e+01 -5.000000e+00 1.989358e+00
      vertex   -2.043814e+01 2.000000e+00 2.578271e+00
      vertex   -1.955677e+01 2.000000e+00 1.989358e+00
    endloop
  endfacet
  facet normal -4.886212e-01 2.986641e-17 -8.724960e-01
    outer loop
      vertex   -1.955677e+01 -5.000000e+00 1.989358e+00
      vertex   -1.955677e+01 2.000000e+00 1.989358e+00
      vertex   -1.863191e+01 -5.000000e+00 1.471412e+00
    endloop
  endfacet
  facet normal -4.886212e-01 -3.575997e-16 -8.724960e-01
    outer loop
      vertex   -1.863191e+01 -5.000000e+00 1.471412e+00
      vertex   -1.955677e+01 2.000000e+00 1.989358e+00
      vertex   -1.863191e+01 2.000000e+00 1.471412e+00
    endloop
  endfacet
  facet normal -4.186597e-01 -2.809307e-16 -9.081432e-01
    outer loop
      vertex   -1.863191e+01 -5.000000e+00 1.471412e+00
      vertex   -1.863191e+01 2.000000e+00 1.471412e+00
      vertex   -1.766926e+01 -5.000000e+00 1.027626e+00
    endloop
  endfacet
  facet normal -4.186597e-01 -2.304552e-16 -9.081432e-01
    outer loop
      vertex   -1.766926e+01 -5.000000e+00 1.027626e+00
      vertex   -1.863191e+01 2.000000e+00 1.471412e+00
      vertex   -1.766926e+01 2.000000e+00 1.027626e+00
    endloop
  endfacet
  facet normal -3.461171e-01 -2.380804e-16 -9.381913e-01
    outer loop
      vertex   -1.766926e+01 -5.000000e+00 1.027626e+00
      vertex   -1.766926e+01 2.000000e+00 1.027626e+00
      vertex   -1.667477e+01 -5.000000e+00 6.607370e-01
    endloop
  endfacet
  facet normal -3.461171e-01 -1.012649e-16 -9.381913e-01
    outer loop
      vertex   -1.667477e+01 -5.000000e+00 6.607370e-01
      vertex   -1.766926e+01 2.000000e+00 1.027626e+00
      vertex   -1.667477e+01 2.000000e+00 6.607370e-01
    endloop
  endfacet
  facet normal -2.714404e-01 -6.144003e-17 -9.624552e-01
    outer loop
      vertex   -1.667477e+01 -5.000000e+00 6.607370e-01
      vertex   -1.667477e+01 2.000000e+00 6.607370e-01
      vertex   -1.565455e+01 -5.000000e+00 3.730061e-01
    endloop
  endfacet
  facet normal -2.714404e-01 2.438571e-16 -9.624552e-01
    outer loop
      vertex   -1.565455e+01 -5.000000e+00 3.730061e-01
      vertex   -1.667477e+01 2.000000e+00 6.607370e-01
      vertex   -1.565455e+01 2.000000e+00 3.730061e-01
    endloop
  endfacet
  facet normal -1.950903e-01 2.898751e-16 -9.807853e-01
    outer loop
      vertex   -1.565455e+01 -5.000000e+00 3.730061e-01
      vertex   -1.565455e+01 2.000000e+00 3.730061e-01
      vertex   -1.461490e+01 -5.000000e+00 1.662074e-01
    endloop
  endfacet
  facet normal -1.950903e-01 5.654148e-17 -9.807853e-01
    outer loop
      vertex   -1.461490e+01 -5.000000e+00 1.662074e-01
      vertex   -1.565455e+01 2.000000e+00 3.730061e-01
      vertex   -1.461490e+01 2.000000e+00 1.662074e-01
    endloop
  endfacet
  facet normal -1.175374e-01 9.785011e-17 -9.930685e-01
    outer loop
      vertex   -1.461490e+01 -5.000000e+00 1.662074e-01
      vertex   -1.461490e+01 2.000000e+00 1.662074e-01
      vertex   -1.356223e+01 -5.000000e+00 4.161599e-02
    endloop
  endfacet
  facet normal -1.175374e-01 0.000000e+00 -9.930685e-01
    outer loop
      vertex   -1.356223e+01 -5.000000e+00 4.161599e-02
      vertex   -1.461490e+01 2.000000e+00 1.662074e-01
      vertex   -1.356223e+01 2.000000e+00 4.161599e-02
    endloop
  endfacet
  facet normal -3.925982e-02 0.000000e+00 -9.992290e-01
    outer loop
      vertex   -1.356223e+01 -5.000000e+00 4.161599e-02
      vertex   -1.356223e+01 2.000000e+00 4.161599e-02
      vertex   -1.250304e+01 2.000000e+00 0.000000e+00
    endloop
  endfacet
  facet normal -3.925982e-02 -0.000000e+00 -9.992290e-01
    outer loop
      vertex   -1.250304e+01 2.000000e+00 0.000000e+00
      vertex   -1.250304e+01 -5.000000e+00 0.000000e+00
      vertex   -1.356223e+01 -5.000000e+00 4.161599e-02
    endloop
  endfacet
  facet normal 0.000000e+00 0.000000e+00 -1.000000e+00
    outer loop
      vertex   -1.250304e+01 2.000000e+00 0.000000e+00
      vertex   -3.000000e+00 2.000000e+00 0.000000e+00
      vertex   -1.250304e+01 -5.000000e+00 0.000000e+00
    endloop
  endfacet
  facet normal 0.000000e+00 0.000000e+00 -1.000000e+00
    outer loop
      vertex   -1.250304e+01 -5.000000e+00 0.000000e+00
      vertex   -3.000000e+00 2.000000e+00 0.000000e+00
      vertex   -3.000000e+00 -5.000000e+00 0.000000e+00
    endloop
  endfacet
  facet normal 0.000000e+00 0.000000e+00 -1.000000e+00
    outer loop
      vertex   -3.000000e+00 -5.000000e+00 0.000000e+00
      vertex   -3.000000e+00 2.000000e+00 0.000000e+00
      vertex   -2.000000e+00 2.100000e+01 0.000000e+00
    endloop
  endfacet
  facet normal 0.000000e+00 0.000000e+00 -1.000000e+00
    outer loop
      vertex   -3.000000e+00 -5.000000e+00 0.000000e+00
      vertex   -2.000000e+00 2.100000e+01 0.000000e+00
      vertex   -2.000000e+00 -2.450000e+01 0.000000e+00
    endloop
  endfacet
  facet normal 0.000000e+00 0.000000e+00 -1.000000e+00
    outer loop
      vertex   -3.000000e+00 2.000000e+00 0.000000e+00
      vertex   -3.000000e+00 1.300000e+01 0.000000e+00
      vertex   -2.000000e+00 2.100000e+01 0.000000e+00
    endloop
  endfacet
  facet normal -0.000000e+00 0.000000e+00 -1.000000e+00
    outer loop
      vertex   -2.000000e+00 2.100000e+01 0.000000e+00
      vertex   -3.000000e+00 1.300000e+01 0.000000e+00
      vertex   -7.500000e+00 2.800000e+01 0.000000e+00
    endloop
  endfacet
  facet normal 0.000000e+00 0.000000e+00 -1.000000e+00
    outer loop
      vertex   -2.000000e+00 2.100000e+01 0.000000e+00
      vertex   -7.500000e+00 2.800000e+01 0.000000e+00
      vertex   1.570188e+00 2.371808e+01 0.000000e+00
    endloop
  endfacet
  facet normal 0.000000e+00 0.000000e+00 -1.000000e+00
    outer loop
      vertex   1.570188e+00 2.371808e+01 0.000000e+00
      vertex   -7.500000e+00 2.800000e+01 0.000000e+00
      vertex   1.774329e+00 2.402846e+01 0.000000e+00
    endloop
  endfacet
  facet normal 0.000000e+00 0.000000e+00 -1.000000e+00
    outer loop
      vertex   1.774329e+00 2.402846e+01 0.000000e+00
      vertex   -7.500000e+00 2.800000e+01 0.000000e+00
      vertex   2.044546e+00 2.428340e+01 0.000000e+00
    endloop
  endfacet
  facet normal 0.000000e+00 0.000000e+00 -1.000000e+00
    outer loop
      vertex   2.044546e+00 2.428340e+01 0.000000e+00
      vertex   -7.500000e+00 2.800000e+01 0.000000e+00
      vertex   2.366272e+00 2.446915e+01 0.000000e+00
    endloop
  endfacet
  facet normal 0.000000e+00 0.000000e+00 -1.000000e+00
    outer loop
      vertex   2.366272e+00 2.446915e+01 0.000000e+00
      vertex   -7.500000e+00 2.800000e+01 0.000000e+00
      vertex   7.500000e+00 2.800000e+01 0.000000e+00
    endloop
  endfacet
  facet normal 0.000000e+00 0.000000e+00 -1.000000e+00
    outer loop
      vertex   2.366272e+00 2.446915e+01 0.000000e+00
      vertex   7.500000e+00 2.800000e+01 0.000000e+00
      vertex   2.722163e+00 2.457569e+01 0.000000e+00
    endloop
  endfacet
  facet normal 0.000000e+00 0.000000e+00 -1.000000e+00
    outer loop
      vertex   2.722163e+00 2.457569e+01 0.000000e+00
      vertex   7.500000e+00 2.800000e+01 0.000000e+00
      vertex   3.093032e+00 2.459729e+01 0.000000e+00
    endloop
  endfacet
  facet normal 0.000000e+00 0.000000e+00 -1.000000e+00
    outer loop
      vertex   3.093032e+00 2.459729e+01 0.000000e+00
      vertex   7.500000e+00 2.800000e+01 0.000000e+00
      vertex   3.458885e+00 2.453278e+01 0.000000e+00
    endloop
  endfacet
  facet normal 0.000000e+00 0.000000e+00 -1.000000e+00
    outer loop
      vertex   3.458885e+00 2.453278e+01 0.000000e+00
      vertex   7.500000e+00 2.800000e+01 0.000000e+00
      vertex   3.800000e+00 2.438564e+01 0.000000e+00
    endloop
  endfacet
  facet normal 0.000000e+00 0.000000e+00 -1.000000e+00
    outer loop
      vertex   3.800000e+00 2.438564e+01 0.000000e+00
      vertex   7.500000e+00 2.800000e+01 0.000000e+00
      vertex   4.097987e+00 2.416380e+01 0.000000e+00
    endloop
  endfacet
  facet normal 0.000000e+00 0.000000e+00 -1.000000e+00
    outer loop
      vertex   4.097987e+00 2.416380e+01 0.000000e+00
      vertex   7.500000e+00 2.800000e+01 0.000000e+00
      vertex   4.336780e+00 2.387921e+01 0.000000e+00
    endloop
  endfacet
  facet normal 0.000000e+00 0.000000e+00 -1.000000e+00
    outer loop
      vertex   4.336780e+00 2.387921e+01 0.000000e+00
      vertex   7.500000e+00 2.800000e+01 0.000000e+00
      vertex   4.503508e+00 2.354723e+01 0.000000e+00
    endloop
  endfacet
  facet normal 0.000000e+00 0.000000e+00 -1.000000e+00
    outer loop
      vertex   4.503508e+00 2.354723e+01 0.000000e+00
      vertex   7.500000e+00 2.800000e+01 0.000000e+00
      vertex   4.589181e+00 2.318575e+01 0.000000e+00
    endloop
  endfacet
  facet normal 0.000000e+00 0.000000e+00 -1.000000e+00
    outer loop
      vertex   4.589181e+00 2.318575e+01 0.000000e+00
      vertex   7.500000e+00 2.800000e+01 0.000000e+00
      vertex   8.000000e+00 2.100000e+01 0.000000e+00
    endloop
  endfacet
  facet normal 0.000000e+00 0.000000e+00 -1.000000e+00
    outer loop
      vertex   4.589181e+00 2.318575e+01 0.000000e+00
      vertex   8.000000e+00 2.100000e+01 0.000000e+00
      vertex   4.589181e+00 2.281425e+01 0.000000e+00
    endloop
  endfacet
  facet normal 0.000000e+00 -0.000000e+00 -1.000000e+00
    outer loop
      vertex   4.589181e+00 2.281425e+01 0.000000e+00
      vertex   8.000000e+00 2.100000e+01 0.000000e+00
      vertex   4.503508e+00 2.245277e+01 0.000000e+00
    endloop
  endfacet
  facet normal 0.000000e+00 -0.000000e+00 -1.000000e+00
    outer loop
      vertex   4.503508e+00 2.245277e+01 0.000000e+00
      vertex   8.000000e+00 2.100000e+01 0.000000e+00
      vertex   4.336780e+00 2.212079e+01 0.000000e+00
    endloop
  endfacet
  facet normal 0.000000e+00 -0.000000e+00 -1.000000e+00
    outer loop
      vertex   4.336780e+00 2.212079e+01 0.000000e+00
      vertex   8.000000e+00 2.100000e+01 0.000000e+00
      vertex   4.097987e+00 2.183620e+01 0.000000e+00
    endloop
  endfacet
  facet normal 0.000000e+00 -0.000000e+00 -1.000000e+00
    outer loop
      vertex   4.097987e+00 2.183620e+01 0.000000e+00
      vertex   8.000000e+00 2.100000e+01 0.000000e+00
      vertex   3.800000e+00 2.161436e+01 0.000000e+00
    endloop
  endfacet
  facet normal 0.000000e+00 -0.000000e+00 -1.000000e+00
    outer loop
      vertex   3.800000e+00 2.161436e+01 0.000000e+00
      vertex   8.000000e+00 2.100000e+01 0.000000e+00
      vertex   3.458885e+00 2.146722e+01 0.000000e+00
    endloop
  endfacet
  facet normal 0.000000e+00 -0.000000e+00 -1.000000e+00
    outer loop
      vertex   3.458885e+00 2.146722e+01 0.000000e+00
      vertex   8.000000e+00 2.100000e+01 0.000000e+00
      vertex   3.093032e+00 2.140271e+01 0.000000e+00
    endloop
  endfacet
  facet normal 0.000000e+00 -0.000000e+00 -1.000000e+00
    outer loop
      vertex   3.093032e+00 2.140271e+01 0.000000e+00
      vertex   8.000000e+00 2.100000e+01 0.000000e+00
      vertex   -2.000000e+00 2.100000e+01 0.000000e+00
    endloop
  endfacet
  facet normal -0.000000e+00 0.000000e+00 -1.000000e+00
    outer loop
      vertex   3.093032e+00 2.140271e+01 0.000000e+00
      vertex   -2.000000e+00 2.100000e+01 0.000000e+00
      vertex   2.722163e+00 2.142431e+01 0.000000e+00
    endloop
  endfacet
  facet normal -0.000000e+00 0.000000e+00 -1.000000e+00
    outer loop
      vertex   2.722163e+00 2.142431e+01 0.000000e+00
      vertex   -2.000000e+00 2.100000e+01 0.000000e+00
      vertex   2.366272e+00 2.153085e+01 0.000000e+00
    endloop
  endfacet
  facet normal -0.000000e+00 0.000000e+00 -1.000000e+00
    outer loop
      vertex   2.366272e+00 2.153085e+01 0.000000e+00
      vertex   -2.000000e+00 2.100000e+01 0.000000e+00
      vertex   2.044546e+00 2.171660e+01 0.000000e+00
    endloop
  endfacet
  facet normal -0.000000e+00 0.000000e+00 -1.000000e+00
    outer loop
      vertex   2.044546e+00 2.171660e+01 0.000000e+00
      vertex   -2.000000e+00 2.100000e+01 0.000000e+00
      vertex   1.774329e+00 2.197154e+01 0.000000e+00
    endloop
  endfacet
  facet normal -0.000000e+00 0.000000e+00 -1.000000e+00
    outer loop
      vertex   1.774329e+00 2.197154e+01 0.000000e+00
      vertex   -2.000000e+00 2.100000e+01 0.000000e+00
      vertex   1.570188e+00 2.228192e+01 0.000000e+00
    endloop
  endfacet
  facet normal -0.000000e+00 0.000000e+00 -1.000000e+00
    outer loop
      vertex   1.570188e+00 2.228192e+01 0.000000e+00
      vertex   -2.000000e+00 2.100000e+01 0.000000e+00
      vertex   1.443128e+00 2.263101e+01 0.000000e+00
    endloop
  endfacet
  facet normal -0.000000e+00 0.000000e+00 -1.000000e+00
    outer loop
      vertex   1.443128e+00 2.263101e+01 0.000000e+00
      vertex   -2.000000e+00 2.100000e+01 0.000000e+00
      vertex   1.400000e+00 2.300000e+01 0.000000e+00
    endloop
  endfacet
  facet normal -0.000000e+00 0.000000e+00 -1.000000e+00
    outer loop
      vertex   1.400000e+00 2.300000e+01 0.000000e+00
      vertex   -2.000000e+00 2.100000e+01 0.000000e+00
      vertex   1.443128e+00 2.336899e+01 0.000000e+00
    endloop
  endfacet
  facet normal -0.000000e+00 0.000000e+00 -1.000000e+00
    outer loop
      vertex   1.443128e+00 2.336899e+01 0.000000e+00
      vertex   -2.000000e+00 2.100000e+01 0.000000e+00
      vertex   1.570188e+00 2.371808e+01 0.000000e+00
    endloop
  endfacet
  facet normal 0.000000e+00 0.000000e+00 -1.000000e+00
    outer loop
      vertex   -3.000000e+00 1.300000e+01 0.000000e+00
      vertex   -8.000000e+00 1.300000e+01 0.000000e+00
      vertex   -7.500000e+00 2.800000e+01 0.000000e+00
    endloop
  endfacet
  facet normal 0.000000e+00 0.000000e+00 -1.000000e+00
    outer loop
      vertex   -7.500000e+00 2.800000e+01 0.000000e+00
      vertex   -8.000000e+00 1.300000e+01 0.000000e+00
      vertex   -8.000000e+00 2.750000e+01 0.000000e+00
    endloop
  endfacet
  facet normal 0.000000e+00 0.000000e+00 -1.000000e+00
    outer loop
      vertex   -7.500000e+00 2.800000e+01 0.000000e+00
      vertex   -8.000000e+00 2.750000e+01 0.000000e+00
      vertex   -7.629410e+00 2.798296e+01 0.000000e+00
    endloop
  endfacet
  facet normal 0.000000e+00 0.000000e+00 -1.000000e+00
    outer loop
      vertex   -7.629410e+00 2.798296e+01 0.000000e+00
      vertex   -8.000000e+00 2.750000e+01 0.000000e+00
      vertex   -7.750000e+00 2.793301e+01 0.000000e+00
    endloop
  endfacet
  facet normal 0.000000e+00 0.000000e+00 -1.000000e+00
    outer loop
      vertex   -7.750000e+00 2.793301e+01 0.000000e+00
      vertex   -8.000000e+00 2.750000e+01 0.000000e+00
      vertex   -7.853554e+00 2.785355e+01 0.000000e+00
    endloop
  endfacet
  facet normal 0.000000e+00 0.000000e+00 -1.000000e+00
    outer loop
      vertex   -7.853554e+00 2.785355e+01 0.000000e+00
      vertex   -8.000000e+00 2.750000e+01 0.000000e+00
      vertex   -7.933013e+00 2.775000e+01 0.000000e+00
    endloop
  endfacet
  facet normal 0.000000e+00 0.000000e+00 -1.000000e+00
    outer loop
      vertex   -7.933013e+00 2.775000e+01 0.000000e+00
      vertex   -8.000000e+00 2.750000e+01 0.000000e+00
      vertex   -7.982963e+00 2.762941e+01 0.000000e+00
    endloop
  endfacet
  facet normal 0.000000e+00 0.000000e+00 -1.000000e+00
    outer loop
      vertex   8.000000e+00 2.100000e+01 0.000000e+00
      vertex   7.500000e+00 2.800000e+01 0.000000e+00
      vertex   8.000000e+00 2.750000e+01 0.000000e+00
    endloop
  endfacet
  facet normal 0.000000e+00 0.000000e+00 -1.000000e+00
    outer loop
      vertex   8.000000e+00 2.750000e+01 0.000000e+00
      vertex   7.500000e+00 2.800000e+01 0.000000e+00
      vertex   7.629410e+00 2.798296e+01 0.000000e+00
    endloop
  endfacet
  facet normal 0.000000e+00 0.000000e+00 -1.000000e+00
    outer loop
      vertex   8.000000e+00 2.750000e+01 0.000000e+00
      vertex   7.629410e+00 2.798296e+01 0.000000e+00
      vertex   7.750000e+00 2.793301e+01 0.000000e+00
    endloop
  endfacet
  facet normal 0.000000e+00 0.000000e+00 -1.000000e+00
    outer loop
      vertex   7.750000e+00 2.793301e+01 0.000000e+00
      vertex   7.853554e+00 2.785355e+01 0.000000e+00
      vertex   8.000000e+00 2.750000e+01 0.000000e+00
    endloop
  endfacet
  facet normal 0.000000e+00 0.000000e+00 -1.000000e+00
    outer loop
      vertex   8.000000e+00 2.750000e+01 0.000000e+00
      vertex   7.853554e+00 2.785355e+01 0.000000e+00
      vertex   7.933013e+00 2.775000e+01 0.000000e+00
    endloop
  endfacet
  facet normal 0.000000e+00 0.000000e+00 -1.000000e+00
    outer loop
      vertex   8.000000e+00 2.750000e+01 0.000000e+00
      vertex   7.933013e+00 2.775000e+01 0.000000e+00
      vertex   7.982963e+00 2.762941e+01 0.000000e+00
    endloop
  endfacet
  facet normal -0.000000e+00 0.000000e+00 -1.000000e+00
    outer loop
      vertex   -2.017037e+00 -2.462941e+01 0.000000e+00
      vertex   -2.066987e+00 -2.475000e+01 0.000000e+00
      vertex   -2.000000e+00 -2.450000e+01 0.000000e+00
    endloop
  endfacet
  facet normal 0.000000e+00 0.000000e+00 -1.000000e+00
    outer loop
      vertex   -2.000000e+00 -2.450000e+01 0.000000e+00
      vertex   -2.066987e+00 -2.475000e+01 0.000000e+00
      vertex   -2.146447e+00 -2.485355e+01 0.000000e+00
    endloop
  endfacet
  facet normal 0.000000e+00 0.000000e+00 -1.000000e+00
    outer loop
      vertex   -2.000000e+00 -2.450000e+01 0.000000e+00
      vertex   -2.146447e+00 -2.485355e+01 0.000000e+00
      vertex   -2.250000e+00 -2.493301e+01 0.000000e+00
    endloop
  endfacet
  facet normal -0.000000e+00 0.000000e+00 -1.000000e+00
    outer loop
      vertex   -2.250000e+00 -2.493301e+01 0.000000e+00
      vertex   -2.370590e+00 -2.498296e+01 0.000000e+00
      vertex   -2.000000e+00 -2.450000e+01 0.000000e+00
    endloop
  endfacet
  facet normal 0.000000e+00 0.000000e+00 -1.000000e+00
    outer loop
      vertex   -2.000000e+00 -2.450000e+01 0.000000e+00
      vertex   -2.370590e+00 -2.498296e+01 0.000000e+00
      vertex   -2.500000e+00 -2.500000e+01 0.000000e+00
    endloop
  endfacet
  facet normal -0.000000e+00 0.000000e+00 -1.000000e+00
    outer loop
      vertex   -2.000000e+00 -2.450000e+01 0.000000e+00
      vertex   -2.500000e+00 -2.500000e+01 0.000000e+00
      vertex   -3.496492e+00 -2.054723e+01 0.000000e+00
    endloop
  endfacet
  facet normal 0.000000e+00 -0.000000e+00 -1.000000e+00
    outer loop
      vertex   -3.496492e+00 -2.054723e+01 0.000000e+00
      vertex   -2.500000e+00 -2.500000e+01 0.000000e+00
      vertex   -3.663220e+00 -2.087921e+01 0.000000e+00
    endloop
  endfacet
  facet normal 0.000000e+00 -0.000000e+00 -1.000000e+00
    outer loop
      vertex   -3.663220e+00 -2.087921e+01 0.000000e+00
      vertex   -2.500000e+00 -2.500000e+01 0.000000e+00
      vertex   -3.902013e+00 -2.116380e+01 0.000000e+00
    endloop
  endfacet
  facet normal 0.000000e+00 -0.000000e+00 -1.000000e+00
    outer loop
      vertex   -3.902013e+00 -2.116380e+01 0.000000e+00
      vertex   -2.500000e+00 -2.500000e+01 0.000000e+00
      vertex   -4.200000e+00 -2.138564e+01 0.000000e+00
    endloop
  endfacet
  facet normal 0.000000e+00 -0.000000e+00 -1.000000e+00
    outer loop
      vertex   -4.200000e+00 -2.138564e+01 0.000000e+00
      vertex   -2.500000e+00 -2.500000e+01 0.000000e+00
      vertex   -4.541115e+00 -2.153278e+01 0.000000e+00
    endloop
  endfacet
  facet normal 0.000000e+00 -0.000000e+00 -1.000000e+00
    outer loop
      vertex   -4.541115e+00 -2.153278e+01 0.000000e+00
      vertex   -2.500000e+00 -2.500000e+01 0.000000e+00
      vertex   -4.906968e+00 -2.159729e+01 0.000000e+00
    endloop
  endfacet
  facet normal -0.000000e+00 -0.000000e+00 -1.000000e+00
    outer loop
      vertex   -4.906968e+00 -2.159729e+01 0.000000e+00
      vertex   -2.500000e+00 -2.500000e+01 0.000000e+00
      vertex   -5.277837e+00 -2.157569e+01 0.000000e+00
    endloop
  endfacet
  facet normal 0.000000e+00 -0.000000e+00 -1.000000e+00
    outer loop
      vertex   -5.277837e+00 -2.157569e+01 0.000000e+00
      vertex   -2.500000e+00 -2.500000e+01 0.000000e+00
      vertex   -9.500000e+00 -2.500000e+01 0.000000e+00
    endloop
  endfacet
  facet normal -0.000000e+00 0.000000e+00 -1.000000e+00
    outer loop
      vertex   -5.277837e+00 -2.157569e+01 0.000000e+00
      vertex   -9.500000e+00 -2.500000e+01 0.000000e+00
      vertex   -5.633728e+00 -2.146915e+01 0.000000e+00
    endloop
  endfacet
  facet normal -0.000000e+00 0.000000e+00 -1.000000e+00
    outer loop
      vertex   -5.633728e+00 -2.146915e+01 0.000000e+00
      vertex   -9.500000e+00 -2.500000e+01 0.000000e+00
      vertex   -5.955454e+00 -2.128340e+01 0.000000e+00
    endloop
  endfacet
  facet normal -0.000000e+00 0.000000e+00 -1.000000e+00
    outer loop
      vertex   -5.955454e+00 -2.128340e+01 0.000000e+00
      vertex   -9.500000e+00 -2.500000e+01 0.000000e+00
      vertex   -6.225671e+00 -2.102846e+01 0.000000e+00
    endloop
  endfacet
  facet normal -0.000000e+00 0.000000e+00 -1.000000e+00
    outer loop
      vertex   -6.225671e+00 -2.102846e+01 0.000000e+00
      vertex   -9.500000e+00 -2.500000e+01 0.000000e+00
      vertex   -6.429812e+00 -2.071808e+01 0.000000e+00
    endloop
  endfacet
  facet normal -0.000000e+00 0.000000e+00 -1.000000e+00
    outer loop
      vertex   -6.429812e+00 -2.071808e+01 0.000000e+00
      vertex   -9.500000e+00 -2.500000e+01 0.000000e+00
      vertex   -6.556872e+00 -2.036899e+01 0.000000e+00
    endloop
  endfacet
  facet normal -0.000000e+00 0.000000e+00 -1.000000e+00
    outer loop
      vertex   -6.556872e+00 -2.036899e+01 0.000000e+00
      vertex   -9.500000e+00 -2.500000e+01 0.000000e+00
      vertex   -6.600000e+00 -2.000000e+01 0.000000e+00
    endloop
  endfacet
  facet normal -0.000000e+00 0.000000e+00 -1.000000e+00
    outer loop
      vertex   -6.600000e+00 -2.000000e+01 0.000000e+00
      vertex   -9.500000e+00 -2.500000e+01 0.000000e+00
      vertex   -1.000000e+01 -1.720711e+01 0.000000e+00
    endloop
  endfacet
  facet normal 0.000000e+00 0.000000e+00 -1.000000e+00
    outer loop
      vertex   -6.600000e+00 -2.000000e+01 0.000000e+00
      vertex   -1.000000e+01 -1.720711e+01 0.000000e+00
      vertex   -9.955090e+00 -1.700000e+01 0.000000e+00
    endloop
  endfacet
  facet normal 0.000000e+00 0.000000e+00 -1.000000e+00
    outer loop
      vertex   -9.955090e+00 -1.700000e+01 0.000000e+00
      vertex   -1.000000e+01 -1.720711e+01 0.000000e+00
      vertex   -9.979870e+00 -1.706666e+01 0.000000e+00
    endloop
  endfacet
  facet normal 0.000000e+00 0.000000e+00 -1.000000e+00
    outer loop
      vertex   -9.979870e+00 -1.706666e+01 0.000000e+00
      vertex   -1.000000e+01 -1.720711e+01 0.000000e+00
      vertex   -9.994942e+00 -1.713617e+01 0.000000e+00
    endloop
  endfacet
  facet normal 0.000000e+00 0.000000e+00 -1.000000e+00
    outer loop
      vertex   -1.000000e+01 -1.720711e+01 0.000000e+00
      vertex   -9.500000e+00 -2.500000e+01 0.000000e+00
      vertex   -1.000000e+01 -2.450000e+01 0.000000e+00
    endloop
  endfacet
  facet normal 0.000000e+00 0.000000e+00 -1.000000e+00
    outer loop
      vertex   -1.000000e+01 -2.450000e+01 0.000000e+00
      vertex   -9.500000e+00 -2.500000e+01 0.000000e+00
      vertex   -9.629410e+00 -2.498296e+01 0.000000e+00
    endloop
  endfacet
  facet normal 0.000000e+00 0.000000e+00 -1.000000e+00
    outer loop
      vertex   -1.000000e+01 -2.450000e+01 0.000000e+00
      vertex   -9.629410e+00 -2.498296e+01 0.000000e+00
      vertex   -9.750000e+00 -2.493301e+01 0.000000e+00
    endloop
  endfacet
  facet normal 0.000000e+00 0.000000e+00 -1.000000e+00
    outer loop
      vertex   -9.750000e+00 -2.493301e+01 0.000000e+00
      vertex   -9.853554e+00 -2.485355e+01 0.000000e+00
      vertex   -1.000000e+01 -2.450000e+01 0.000000e+00
    endloop
  endfacet
  facet normal 0.000000e+00 0.000000e+00 -1.000000e+00
    outer loop
      vertex   -1.000000e+01 -2.450000e+01 0.000000e+00
      vertex   -9.853554e+00 -2.485355e+01 0.000000e+00
      vertex   -9.933013e+00 -2.475000e+01 0.000000e+00
    endloop
  endfacet
  facet normal 0.000000e+00 0.000000e+00 -1.000000e+00
    outer loop
      vertex   -1.000000e+01 -2.450000e+01 0.000000e+00
      vertex   -9.933013e+00 -2.475000e+01 0.000000e+00
      vertex   -9.982963e+00 -2.462941e+01 0.000000e+00
    endloop
  endfacet
  facet normal -0.000000e+00 0.000000e+00 -1.000000e+00
    outer loop
      vertex   -3.000000e+00 -1.700000e+01 0.000000e+00
      vertex   -5.277837e+00 -1.842431e+01 0.000000e+00
      vertex   -9.955090e+00 -1.700000e+01 0.000000e+00
    endloop
  endfacet
  facet normal 0.000000e+00 0.000000e+00 -1.000000e+00
    outer loop
      vertex   -9.955090e+00 -1.700000e+01 0.000000e+00
      vertex   -5.277837e+00 -1.842431e+01 0.000000e+00
      vertex   -5.633728e+00 -1.853085e+01 0.000000e+00
    endloop
  endfacet
  facet normal 0.000000e+00 0.000000e+00 -1.000000e+00
    outer loop
      vertex   -9.955090e+00 -1.700000e+01 0.000000e+00
      vertex   -5.633728e+00 -1.853085e+01 0.000000e+00
      vertex   -5.955454e+00 -1.871660e+01 0.000000e+00
    endloop
  endfacet
  facet normal 0.000000e+00 0.000000e+00 -1.000000e+00
    outer loop
      vertex   -3.000000e+00 -5.000000e+00 0.000000e+00
      vertex   -2.000000e+00 -2.450000e+01 0.000000e+00
      vertex   -3.000000e+00 -1.700000e+01 0.000000e+00
    endloop
  endfacet
  facet normal 0.000000e+00 -0.000000e+00 -1.000000e+00
    outer loop
      vertex   -3.000000e+00 -1.700000e+01 0.000000e+00
      vertex   -2.000000e+00 -2.450000e+01 0.000000e+00
      vertex   -3.410819e+00 -1.981425e+01 0.000000e+00
    endloop
  endfacet
  facet normal 0.000000e+00 0.000000e+00 -1.000000e+00
    outer loop
      vertex   -3.000000e+00 -1.700000e+01 0.000000e+00
      vertex   -3.410819e+00 -1.981425e+01 0.000000e+00
      vertex   -3.496492e+00 -1.945277e+01 0.000000e+00
    endloop
  endfacet
  facet normal 0.000000e+00 0.000000e+00 -1.000000e+00
    outer loop
      vertex   -3.496492e+00 -2.054723e+01 0.000000e+00
      vertex   -3.410819e+00 -2.018575e+01 0.000000e+00
      vertex   -2.000000e+00 -2.450000e+01 0.000000e+00
    endloop
  endfacet
  facet normal 0.000000e+00 0.000000e+00 -1.000000e+00
    outer loop
      vertex   -2.000000e+00 -2.450000e+01 0.000000e+00
      vertex   -3.410819e+00 -2.018575e+01 0.000000e+00
      vertex   -3.410819e+00 -1.981425e+01 0.000000e+00
    endloop
  endfacet
  facet normal 0.000000e+00 0.000000e+00 -1.000000e+00
    outer loop
      vertex   -3.496492e+00 -1.945277e+01 0.000000e+00
      vertex   -3.663220e+00 -1.912079e+01 0.000000e+00
      vertex   -3.000000e+00 -1.700000e+01 0.000000e+00
    endloop
  endfacet
  facet normal 0.000000e+00 0.000000e+00 -1.000000e+00
    outer loop
      vertex   -3.000000e+00 -1.700000e+01 0.000000e+00
      vertex   -3.663220e+00 -1.912079e+01 0.000000e+00
      vertex   -3.902013e+00 -1.883620e+01 0.000000e+00
    endloop
  endfacet
  facet normal 0.000000e+00 0.000000e+00 -1.000000e+00
    outer loop
      vertex   -3.000000e+00 -1.700000e+01 0.000000e+00
      vertex   -3.902013e+00 -1.883620e+01 0.000000e+00
      vertex   -4.200000e+00 -1.861436e+01 0.000000e+00
    endloop
  endfacet
  facet normal 0.000000e+00 0.000000e+00 -1.000000e+00
    outer loop
      vertex   -4.200000e+00 -1.861436e+01 0.000000e+00
      vertex   -4.541115e+00 -1.846722e+01 0.000000e+00
      vertex   -3.000000e+00 -1.700000e+01 0.000000e+00
    endloop
  endfacet
  facet normal 0.000000e+00 0.000000e+00 -1.000000e+00
    outer loop
      vertex   -3.000000e+00 -1.700000e+01 0.000000e+00
      vertex   -4.541115e+00 -1.846722e+01 0.000000e+00
      vertex   -4.906968e+00 -1.840271e+01 0.000000e+00
    endloop
  endfacet
  facet normal 0.000000e+00 0.000000e+00 -1.000000e+00
    outer loop
      vertex   -3.000000e+00 -1.700000e+01 0.000000e+00
      vertex   -4.906968e+00 -1.840271e+01 0.000000e+00
      vertex   -5.277837e+00 -1.842431e+01 0.000000e+00
    endloop
  endfacet
  facet normal -0.000000e+00 0.000000e+00 -1.000000e+00
    outer loop
      vertex   -5.955454e+00 -1.871660e+01 0.000000e+00
      vertex   -6.225671e+00 -1.897154e+01 0.000000e+00
      vertex   -9.955090e+00 -1.700000e+01 0.000000e+00
    endloop
  endfacet
  facet normal 0.000000e+00 0.000000e+00 -1.000000e+00
    outer loop
      vertex   -9.955090e+00 -1.700000e+01 0.000000e+00
      vertex   -6.225671e+00 -1.897154e+01 0.000000e+00
      vertex   -6.429812e+00 -1.928192e+01 0.000000e+00
    endloop
  endfacet
  facet normal 0.000000e+00 0.000000e+00 -1.000000e+00
    outer loop
      vertex   -9.955090e+00 -1.700000e+01 0.000000e+00
      vertex   -6.429812e+00 -1.928192e+01 0.000000e+00
      vertex   -6.556872e+00 -1.963101e+01 0.000000e+00
    endloop
  endfacet
  facet normal -0.000000e+00 0.000000e+00 -1.000000e+00
    outer loop
      vertex   -6.556872e+00 -1.963101e+01 0.000000e+00
      vertex   -6.600000e+00 -2.000000e+01 0.000000e+00
      vertex   -9.955090e+00 -1.700000e+01 0.000000e+00
    endloop
  endfacet
  facet normal -1.000000e+00 0.000000e+00 0.000000e+00
    outer loop
      vertex   -2.600304e+01 2.000000e+00 1.350000e+01
      vertex   -2.600304e+01 -5.000000e+00 1.350000e+01
      vertex   -2.600304e+01 2.000000e+00 2.150000e+01
    endloop
  endfacet
  facet normal -1.000000e+00 -0.000000e+00 0.000000e+00
    outer loop
      vertex   -2.600304e+01 2.000000e+00 2.150000e+01
      vertex   -2.600304e+01 -5.000000e+00 1.350000e+01
      vertex   -2.600304e+01 -5.000000e+00 2.150000e+01
    endloop
  endfacet
  facet normal 1.000000e+00 0.000000e+00 -0.000000e+00
    outer loop
      vertex   -1.587757e+01 2.000000e+00 5.950005e+00
      vertex   -1.587757e+01 2.000000e+00 7.248624e+00
      vertex   -1.587757e+01 1.700000e+00 5.950005e+00
    endloop
  endfacet
  facet normal 1.000000e+00 0.000000e+00 0.000000e+00
    outer loop
      vertex   -1.587757e+01 1.700000e+00 5.950005e+00
      vertex   -1.587757e+01 2.000000e+00 7.248624e+00
      vertex   -1.587757e+01 1.700000e+00 7.248624e+00
    endloop
  endfacet
  facet normal -5.027756e-01 0.000000e+00 8.644170e-01
    outer loop
      vertex   -1.587757e+01 2.000000e+00 7.248624e+00
      vertex   -1.699792e+01 2.000000e+00 6.596988e+00
      vertex   -1.587757e+01 1.700000e+00 7.248624e+00
    endloop
  endfacet
  facet normal -5.027756e-01 0.000000e+00 8.644170e-01
    outer loop
      vertex   -1.587757e+01 1.700000e+00 7.248624e+00
      vertex   -1.699792e+01 2.000000e+00 6.596988e+00
      vertex   -1.699792e+01 1.700000e+00 6.596988e+00
    endloop
  endfacet
  facet normal -1.000000e+00 -0.000000e+00 -0.000000e+00
    outer loop
      vertex   -1.699792e+01 2.000000e+00 6.596988e+00
      vertex   -1.699792e+01 2.000000e+00 5.303022e+00
      vertex   -1.699792e+01 1.700000e+00 6.596988e+00
    endloop
  endfacet
  facet normal -1.000000e+00 0.000000e+00 0.000000e+00
    outer loop
      vertex   -1.699792e+01 1.700000e+00 6.596988e+00
      vertex   -1.699792e+01 2.000000e+00 5.303022e+00
      vertex   -1.699792e+01 1.700000e+00 5.303022e+00
    endloop
  endfacet
  facet normal 5.000858e-01 0.000000e+00 -8.659759e-01
    outer loop
      vertex   -1.699792e+01 2.000000e+00 5.303022e+00
      vertex   -1.587757e+01 2.000000e+00 5.950005e+00
      vertex   -1.699792e+01 1.700000e+00 5.303022e+00
    endloop
  endfacet
  facet normal 5.000858e-01 0.000000e+00 -8.659759e-01
    outer loop
      vertex   -1.699792e+01 1.700000e+00 5.303022e+00
      vertex   -1.587757e+01 2.000000e+00 5.950005e+00
      vertex   -1.587757e+01 1.700000e+00 5.950005e+00
    endloop
  endfacet
  facet normal 4.984747e-01 0.000000e+00 8.669042e-01
    outer loop
      vertex   -1.440077e+01 2.000000e+00 4.693519e+00
      vertex   -1.552594e+01 2.000000e+00 5.340502e+00
      vertex   -1.440077e+01 1.700000e+00 4.693519e+00
    endloop
  endfacet
  facet normal 4.984747e-01 0.000000e+00 8.669042e-01
    outer loop
      vertex   -1.440077e+01 1.700000e+00 4.693519e+00
      vertex   -1.552594e+01 2.000000e+00 5.340502e+00
      vertex   -1.552594e+01 1.700000e+00 5.340502e+00
    endloop
  endfacet
  facet normal -5.000856e-01 0.000000e+00 8.659760e-01
    outer loop
      vertex   -1.552594e+01 2.000000e+00 5.340502e+00
      vertex   -1.664629e+01 2.000000e+00 4.693519e+00
      vertex   -1.552594e+01 1.700000e+00 5.340502e+00
    endloop
  endfacet
  facet normal -5.000856e-01 0.000000e+00 8.659760e-01
    outer loop
      vertex   -1.552594e+01 1.700000e+00 5.340502e+00
      vertex   -1.664629e+01 2.000000e+00 4.693519e+00
      vertex   -1.664629e+01 1.700000e+00 4.693519e+00
    endloop
  endfacet
  facet normal -5.027753e-01 -0.000000e+00 -8.644171e-01
    outer loop
      vertex   -1.664629e+01 2.000000e+00 4.693519e+00
      vertex   -1.552594e+01 2.000000e+00 4.041883e+00
      vertex   -1.664629e+01 1.700000e+00 4.693519e+00
    endloop
  endfacet
  facet normal -5.027753e-01 0.000000e+00 -8.644171e-01
    outer loop
      vertex   -1.664629e+01 1.700000e+00 4.693519e+00
      vertex   -1.552594e+01 2.000000e+00 4.041883e+00
      vertex   -1.552594e+01 1.700000e+00 4.041883e+00
    endloop
  endfacet
  facet normal 5.011616e-01 0.000000e+00 -8.653537e-01
    outer loop
      vertex   -1.552594e+01 2.000000e+00 4.041883e+00
      vertex   -1.440077e+01 2.000000e+00 4.693519e+00
      vertex   -1.552594e+01 1.700000e+00 4.041883e+00
    endloop
  endfacet
  facet normal 5.011616e-01 0.000000e+00 -8.653537e-01
    outer loop
      vertex   -1.552594e+01 1.700000e+00 4.041883e+00
      vertex   -1.440077e+01 2.000000e+00 4.693519e+00
      vertex   -1.440077e+01 1.700000e+00 4.693519e+00
    endloop
  endfacet
  facet normal 1.000000e+00 0.000000e+00 1.372800e-15
    outer loop
      vertex   -1.404914e+01 2.000000e+00 5.303022e+00
      vertex   -1.404914e+01 2.000000e+00 6.596988e+00
      vertex   -1.404914e+01 1.700000e+00 5.303022e+00
    endloop
  endfacet
  facet normal 1.000000e+00 0.000000e+00 1.372800e-15
    outer loop
      vertex   -1.404914e+01 1.700000e+00 5.303022e+00
      vertex   -1.404914e+01 2.000000e+00 6.596988e+00
      vertex   -1.404914e+01 1.700000e+00 6.596988e+00
    endloop
  endfacet
  facet normal 5.011619e-01 0.000000e+00 8.653536e-01
    outer loop
      vertex   -1.404914e+01 2.000000e+00 6.596988e+00
      vertex   -1.517432e+01 2.000000e+00 7.248624e+00
      vertex   -1.404914e+01 1.700000e+00 6.596988e+00
    endloop
  endfacet
  facet normal 5.011619e-01 0.000000e+00 8.653536e-01
    outer loop
      vertex   -1.404914e+01 1.700000e+00 6.596988e+00
      vertex   -1.517432e+01 2.000000e+00 7.248624e+00
      vertex   -1.517432e+01 1.700000e+00 7.248624e+00
    endloop
  endfacet
  facet normal -1.000000e+00 -0.000000e+00 -1.367881e-15
    outer loop
      vertex   -1.517432e+01 2.000000e+00 7.248624e+00
      vertex   -1.517432e+01 2.000000e+00 5.950005e+00
      vertex   -1.517432e+01 1.700000e+00 7.248624e+00
    endloop
  endfacet
  facet normal -1.000000e+00 0.000000e+00 -1.367881e-15
    outer loop
      vertex   -1.517432e+01 1.700000e+00 7.248624e+00
      vertex   -1.517432e+01 2.000000e+00 5.950005e+00
      vertex   -1.517432e+01 1.700000e+00 5.950005e+00
    endloop
  endfacet
  facet normal -4.984750e-01 -0.000000e+00 -8.669041e-01
    outer loop
      vertex   -1.517432e+01 2.000000e+00 5.950005e+00
      vertex   -1.404914e+01 2.000000e+00 5.303022e+00
      vertex   -1.517432e+01 1.700000e+00 5.950005e+00
    endloop
  endfacet
  facet normal -4.984750e-01 0.000000e+00 -8.669041e-01
    outer loop
      vertex   -1.517432e+01 1.700000e+00 5.950005e+00
      vertex   -1.404914e+01 2.000000e+00 5.303022e+00
      vertex   -1.404914e+01 1.700000e+00 5.303022e+00
    endloop
  endfacet
  facet normal -5.010516e-01 0.000000e+00 8.654174e-01
    outer loop
      vertex   -1.183153e+01 2.000000e+00 7.473762e+00
      vertex   -1.334590e+01 2.000000e+00 6.596988e+00
      vertex   -1.183153e+01 1.700000e+00 7.473762e+00
    endloop
  endfacet
  facet normal -5.010516e-01 0.000000e+00 8.654174e-01
    outer loop
      vertex   -1.183153e+01 1.700000e+00 7.473762e+00
      vertex   -1.334590e+01 2.000000e+00 6.596988e+00
      vertex   -1.334590e+01 1.700000e+00 6.596988e+00
    endloop
  endfacet
  facet normal -1.000000e+00 -0.000000e+00 -9.332205e-16
    outer loop
      vertex   -1.334590e+01 2.000000e+00 6.596988e+00
      vertex   -1.334590e+01 2.000000e+00 4.693519e+00
      vertex   -1.334590e+01 1.700000e+00 6.596988e+00
    endloop
  endfacet
  facet normal -1.000000e+00 0.000000e+00 -9.332205e-16
    outer loop
      vertex   -1.334590e+01 1.700000e+00 6.596988e+00
      vertex   -1.334590e+01 2.000000e+00 4.693519e+00
      vertex   -1.334590e+01 1.700000e+00 4.693519e+00
    endloop
  endfacet
  facet normal -9.972626e-01 0.000000e+00 7.394068e-02
    outer loop
      vertex   -1.334590e+01 2.000000e+00 4.693519e+00
      vertex   -1.334916e+01 2.000000e+00 4.649505e+00
      vertex   -1.334590e+01 1.700000e+00 4.693519e+00
    endloop
  endfacet
  facet normal -9.972626e-01 0.000000e+00 7.394068e-02
    outer loop
      vertex   -1.334590e+01 1.700000e+00 4.693519e+00
      vertex   -1.334916e+01 2.000000e+00 4.649505e+00
      vertex   -1.334916e+01 1.700000e+00 4.649505e+00
    endloop
  endfacet
  facet normal -9.769413e-01 0.000000e+00 2.135083e-01
    outer loop
      vertex   -1.334916e+01 1.700000e+00 4.649505e+00
      vertex   -1.334916e+01 2.000000e+00 4.649505e+00
      vertex   -1.335811e+01 2.000000e+00 4.608553e+00
    endloop
  endfacet
  facet normal -9.769413e-01 0.000000e+00 2.135083e-01
    outer loop
      vertex   -1.334916e+01 1.700000e+00 4.649505e+00
      vertex   -1.335811e+01 2.000000e+00 4.608553e+00
      vertex   -1.335811e+01 1.700000e+00 4.608553e+00
    endloop
  endfacet
  facet normal -9.278435e-01 0.000000e+00 3.729698e-01
    outer loop
      vertex   -1.335811e+01 1.700000e+00 4.608553e+00
      vertex   -1.335811e+01 2.000000e+00 4.608553e+00
      vertex   -1.338803e+01 2.000000e+00 4.534121e+00
    endloop
  endfacet
  facet normal -9.278435e-01 0.000000e+00 3.729698e-01
    outer loop
      vertex   -1.335811e+01 1.700000e+00 4.608553e+00
      vertex   -1.338803e+01 2.000000e+00 4.534121e+00
      vertex   -1.338803e+01 1.700000e+00 4.534121e+00
    endloop
  endfacet
  facet normal -8.487638e-01 0.000000e+00 5.287722e-01
    outer loop
      vertex   -1.338803e+01 2.000000e+00 4.534121e+00
      vertex   -1.341138e+01 2.000000e+00 4.496641e+00
      vertex   -1.338803e+01 1.700000e+00 4.534121e+00
    endloop
  endfacet
  facet normal -8.487638e-01 0.000000e+00 5.287722e-01
    outer loop
      vertex   -1.338803e+01 1.700000e+00 4.534121e+00
      vertex   -1.341138e+01 2.000000e+00 4.496641e+00
      vertex   -1.341138e+01 1.700000e+00 4.496641e+00
    endloop
  endfacet
  facet normal -7.600984e-01 0.000000e+00 6.498079e-01
    outer loop
      vertex   -1.341138e+01 2.000000e+00 4.496641e+00
      vertex   -1.345250e+01 2.000000e+00 4.448541e+00
      vertex   -1.341138e+01 1.700000e+00 4.496641e+00
    endloop
  endfacet
  facet normal -7.600984e-01 0.000000e+00 6.498079e-01
    outer loop
      vertex   -1.341138e+01 1.700000e+00 4.496641e+00
      vertex   -1.345250e+01 2.000000e+00 4.448541e+00
      vertex   -1.345250e+01 1.700000e+00 4.448541e+00
    endloop
  endfacet
  facet normal -6.496396e-01 0.000000e+00 7.602423e-01
    outer loop
      vertex   -1.345250e+01 1.700000e+00 4.448541e+00
      vertex   -1.345250e+01 2.000000e+00 4.448541e+00
      vertex   -1.350047e+01 2.000000e+00 4.407550e+00
    endloop
  endfacet
  facet normal -6.496396e-01 0.000000e+00 7.602423e-01
    outer loop
      vertex   -1.345250e+01 1.700000e+00 4.448541e+00
      vertex   -1.350047e+01 2.000000e+00 4.407550e+00
      vertex   -1.350047e+01 1.700000e+00 4.407550e+00
    endloop
  endfacet
  facet normal -4.982794e-01 0.000000e+00 8.670165e-01
    outer loop
      vertex   -1.350386e+01 2.000000e+00 4.405602e+00
      vertex   -1.350386e+01 1.900000e+00 4.405602e+00
      vertex   -1.350047e+01 2.000000e+00 4.407550e+00
    endloop
  endfacet
  facet normal -4.982794e-01 0.000000e+00 8.670165e-01
    outer loop
      vertex   -1.350047e+01 2.000000e+00 4.407550e+00
      vertex   -1.350386e+01 1.900000e+00 4.405602e+00
      vertex   -1.350386e+01 1.800000e+00 4.405602e+00
    endloop
  endfacet
  facet normal -4.982794e-01 0.000000e+00 8.670165e-01
    outer loop
      vertex   -1.350047e+01 2.000000e+00 4.407550e+00
      vertex   -1.350386e+01 1.800000e+00 4.405602e+00
      vertex   -1.350047e+01 1.700000e+00 4.407550e+00
    endloop
  endfacet
  facet normal -4.982794e-01 0.000000e+00 8.670165e-01
    outer loop
      vertex   -1.350047e+01 1.700000e+00 4.407550e+00
      vertex   -1.350386e+01 1.800000e+00 4.405602e+00
      vertex   -1.350386e+01 1.700000e+00 4.405602e+00
    endloop
  endfacet
  facet normal -6.087715e-01 0.000000e+00 7.933456e-01
    outer loop
      vertex   -1.350386e+01 1.700000e+00 4.405602e+00
      vertex   -1.350386e+01 1.800000e+00 4.405602e+00
      vertex   -1.350683e+01 1.800000e+00 4.403320e+00
    endloop
  endfacet
  facet normal -6.087715e-01 -1.081195e-14 7.933456e-01
    outer loop
      vertex   -1.350386e+01 1.700000e+00 4.405602e+00
      vertex   -1.350683e+01 1.800000e+00 4.403320e+00
      vertex   -1.350683e+01 1.700000e+00 4.403320e+00
    endloop
  endfacet
  facet normal -7.199517e-01 -1.278891e-14 6.940242e-01
    outer loop
      vertex   -1.350683e+01 1.700000e+00 4.403320e+00
      vertex   -1.350683e+01 1.800000e+00 4.403320e+00
      vertex   -1.351177e+01 1.800000e+00 4.398202e+00
    endloop
  endfacet
  facet normal -7.199517e-01 0.000000e+00 6.940242e-01
    outer loop
      vertex   -1.350683e+01 1.700000e+00 4.403320e+00
      vertex   -1.351177e+01 1.800000e+00 4.398202e+00
      vertex   -1.351177e+01 1.700000e+00 4.398202e+00
    endloop
  endfacet
  facet normal -7.805785e-01 0.000000e+00 6.250578e-01
    outer loop
      vertex   -1.351177e+01 1.700000e+00 4.398202e+00
      vertex   -1.351177e+01 1.800000e+00 4.398202e+00
      vertex   -1.351925e+01 1.700000e+00 4.388854e+00
    endloop
  endfacet
  facet normal -7.805785e-01 0.000000e+00 6.250578e-01
    outer loop
      vertex   -1.351925e+01 1.700000e+00 4.388854e+00
      vertex   -1.351177e+01 1.800000e+00 4.398202e+00
      vertex   -1.351177e+01 1.900000e+00 4.398202e+00
    endloop
  endfacet
  facet normal -7.805785e-01 0.000000e+00 6.250578e-01
    outer loop
      vertex   -1.351925e+01 1.700000e+00 4.388854e+00
      vertex   -1.351177e+01 1.900000e+00 4.398202e+00
      vertex   -1.351925e+01 2.000000e+00 4.388854e+00
    endloop
  endfacet
  facet normal -7.805785e-01 0.000000e+00 6.250578e-01
    outer loop
      vertex   -1.351925e+01 2.000000e+00 4.388854e+00
      vertex   -1.351177e+01 1.900000e+00 4.398202e+00
      vertex   -1.351177e+01 2.000000e+00 4.398202e+00
    endloop
  endfacet
  facet normal -7.199517e-01 0.000000e+00 6.940242e-01
    outer loop
      vertex   -1.351177e+01 2.000000e+00 4.398202e+00
      vertex   -1.351177e+01 1.900000e+00 4.398202e+00
      vertex   -1.350683e+01 1.900000e+00 4.403320e+00
    endloop
  endfacet
  facet normal -7.199517e-01 1.278624e-14 6.940242e-01
    outer loop
      vertex   -1.351177e+01 2.000000e+00 4.398202e+00
      vertex   -1.350683e+01 1.900000e+00 4.403320e+00
      vertex   -1.350683e+01 2.000000e+00 4.403320e+00
    endloop
  endfacet
  facet normal -6.087715e-01 1.081395e-14 7.933456e-01
    outer loop
      vertex   -1.350683e+01 2.000000e+00 4.403320e+00
      vertex   -1.350683e+01 1.900000e+00 4.403320e+00
      vertex   -1.350386e+01 1.900000e+00 4.405602e+00
    endloop
  endfacet
  facet normal -6.087715e-01 0.000000e+00 7.933456e-01
    outer loop
      vertex   -1.350683e+01 2.000000e+00 4.403320e+00
      vertex   -1.350386e+01 1.900000e+00 4.405602e+00
      vertex   -1.350386e+01 2.000000e+00 4.405602e+00
    endloop
  endfacet
  facet normal -6.087715e-01 0.000000e+00 7.933456e-01
    outer loop
      vertex   -1.350386e+01 1.800000e+00 4.405602e+00
      vertex   -1.350386e+01 1.900000e+00 4.405602e+00
      vertex   -1.350683e+01 1.900000e+00 4.403320e+00
    endloop
  endfacet
  facet normal -7.199517e-01 0.000000e+00 6.940242e-01
    outer loop
      vertex   -1.351177e+01 1.800000e+00 4.398202e+00
      vertex   -1.350683e+01 1.800000e+00 4.403320e+00
      vertex   -1.351177e+01 1.900000e+00 4.398202e+00
    endloop
  endfacet
  facet normal -7.199517e-01 0.000000e+00 6.940242e-01
    outer loop
      vertex   -1.351177e+01 1.900000e+00 4.398202e+00
      vertex   -1.350683e+01 1.800000e+00 4.403320e+00
      vertex   -1.350683e+01 1.900000e+00 4.403320e+00
    endloop
  endfacet
  facet normal -6.087715e-01 0.000000e+00 7.933456e-01
    outer loop
      vertex   -1.350683e+01 1.800000e+00 4.403320e+00
      vertex   -1.350386e+01 1.800000e+00 4.405602e+00
      vertex   -1.350683e+01 1.900000e+00 4.403320e+00
    endloop
  endfacet
  facet normal -5.003609e-01 0.000000e+00 8.658170e-01
    outer loop
      vertex   -1.351925e+01 2.000000e+00 4.388854e+00
      vertex   -1.517432e+01 2.000000e+00 3.432380e+00
      vertex   -1.351925e+01 1.700000e+00 4.388854e+00
    endloop
  endfacet
  facet normal -5.003609e-01 0.000000e+00 8.658170e-01
    outer loop
      vertex   -1.351925e+01 1.700000e+00 4.388854e+00
      vertex   -1.517432e+01 2.000000e+00 3.432380e+00
      vertex   -1.517432e+01 1.700000e+00 3.432380e+00
    endloop
  endfacet
  facet normal -1.000000e+00 -0.000000e+00 -0.000000e+00
    outer loop
      vertex   -1.517432e+01 2.000000e+00 3.432380e+00
      vertex   -1.517432e+01 2.000000e+00 2.227504e+00
      vertex   -1.517432e+01 1.700000e+00 3.432380e+00
    endloop
  endfacet
  facet normal -1.000000e+00 0.000000e+00 0.000000e+00
    outer loop
      vertex   -1.517432e+01 1.700000e+00 3.432380e+00
      vertex   -1.517432e+01 2.000000e+00 2.227504e+00
      vertex   -1.517432e+01 1.700000e+00 2.227504e+00
    endloop
  endfacet
  facet normal -9.950283e-01 0.000000e+00 9.959284e-02
    outer loop
      vertex   -1.517432e+01 2.000000e+00 2.227504e+00
      vertex   -1.518135e+01 2.000000e+00 2.157231e+00
      vertex   -1.517432e+01 1.700000e+00 2.227504e+00
    endloop
  endfacet
  facet normal -9.950283e-01 0.000000e+00 9.959284e-02
    outer loop
      vertex   -1.517432e+01 1.700000e+00 2.227504e+00
      vertex   -1.518135e+01 2.000000e+00 2.157231e+00
      vertex   -1.518135e+01 1.700000e+00 2.157231e+00
    endloop
  endfacet
  facet normal -9.557871e-01 0.000000e+00 2.940594e-01
    outer loop
      vertex   -1.518135e+01 1.700000e+00 2.157231e+00
      vertex   -1.518135e+01 2.000000e+00 2.157231e+00
      vertex   -1.520157e+01 2.000000e+00 2.091505e+00
    endloop
  endfacet
  facet normal -9.557871e-01 0.000000e+00 2.940594e-01
    outer loop
      vertex   -1.518135e+01 1.700000e+00 2.157231e+00
      vertex   -1.520157e+01 2.000000e+00 2.091505e+00
      vertex   -1.520157e+01 1.700000e+00 2.091505e+00
    endloop
  endfacet
  facet normal -8.807942e-01 0.000000e+00 4.734994e-01
    outer loop
      vertex   -1.520157e+01 1.700000e+00 2.091505e+00
      vertex   -1.520157e+01 2.000000e+00 2.091505e+00
      vertex   -1.523366e+01 2.000000e+00 2.031813e+00
    endloop
  endfacet
  facet normal -8.807942e-01 0.000000e+00 4.734994e-01
    outer loop
      vertex   -1.520157e+01 1.700000e+00 2.091505e+00
      vertex   -1.523366e+01 2.000000e+00 2.031813e+00
      vertex   -1.523366e+01 1.700000e+00 2.031813e+00
    endloop
  endfacet
  facet normal -7.743086e-01 0.000000e+00 6.328081e-01
    outer loop
      vertex   -1.523366e+01 1.700000e+00 2.031813e+00
      vertex   -1.523366e+01 2.000000e+00 2.031813e+00
      vertex   -1.527630e+01 2.000000e+00 1.979641e+00
    endloop
  endfacet
  facet normal -7.743086e-01 0.000000e+00 6.328081e-01
    outer loop
      vertex   -1.523366e+01 1.700000e+00 2.031813e+00
      vertex   -1.527630e+01 2.000000e+00 1.979641e+00
      vertex   -1.527630e+01 1.700000e+00 1.979641e+00
    endloop
  endfacet
  facet normal -6.396887e-01 0.000000e+00 7.686341e-01
    outer loop
      vertex   -1.527630e+01 1.700000e+00 1.979641e+00
      vertex   -1.527630e+01 2.000000e+00 1.979641e+00
      vertex   -1.532817e+01 2.000000e+00 1.936475e+00
    endloop
  endfacet
  facet normal -6.396887e-01 0.000000e+00 7.686341e-01
    outer loop
      vertex   -1.527630e+01 1.700000e+00 1.979641e+00
      vertex   -1.532817e+01 2.000000e+00 1.936475e+00
      vertex   -1.532817e+01 1.700000e+00 1.936475e+00
    endloop
  endfacet
  facet normal -4.796188e-01 0.000000e+00 8.774769e-01
    outer loop
      vertex   -1.532817e+01 1.700000e+00 1.936475e+00
      vertex   -1.532817e+01 2.000000e+00 1.936475e+00
      vertex   -1.538794e+01 2.000000e+00 1.903803e+00
    endloop
  endfacet
  facet normal -4.796188e-01 0.000000e+00 8.774769e-01
    outer loop
      vertex   -1.532817e+01 1.700000e+00 1.936475e+00
      vertex   -1.538794e+01 2.000000e+00 1.903803e+00
      vertex   -1.538794e+01 1.700000e+00 1.903803e+00
    endloop
  endfacet
  facet normal -2.976786e-01 0.000000e+00 9.546661e-01
    outer loop
      vertex   -1.538794e+01 1.700000e+00 1.903803e+00
      vertex   -1.538794e+01 2.000000e+00 1.903803e+00
      vertex   -1.545431e+01 2.000000e+00 1.883109e+00
    endloop
  endfacet
  facet normal -2.976786e-01 0.000000e+00 9.546661e-01
    outer loop
      vertex   -1.538794e+01 1.700000e+00 1.903803e+00
      vertex   -1.545431e+01 2.000000e+00 1.883109e+00
      vertex   -1.545431e+01 1.700000e+00 1.883109e+00
    endloop
  endfacet
  facet normal -1.003930e-01 0.000000e+00 9.949479e-01
    outer loop
      vertex   -1.545431e+01 1.700000e+00 1.883109e+00
      vertex   -1.545431e+01 2.000000e+00 1.883109e+00
      vertex   -1.552594e+01 2.000000e+00 1.875881e+00
    endloop
  endfacet
  facet normal -1.003930e-01 0.000000e+00 9.949479e-01
    outer loop
      vertex   -1.545431e+01 1.700000e+00 1.883109e+00
      vertex   -1.552594e+01 2.000000e+00 1.875881e+00
      vertex   -1.552594e+01 1.700000e+00 1.875881e+00
    endloop
  endfacet
  facet normal 1.022453e-01 0.000000e+00 9.947592e-01
    outer loop
      vertex   -1.552594e+01 2.000000e+00 1.875881e+00
      vertex   -1.559627e+01 2.000000e+00 1.883109e+00
      vertex   -1.552594e+01 1.700000e+00 1.875881e+00
    endloop
  endfacet
  facet normal 1.022453e-01 0.000000e+00 9.947592e-01
    outer loop
      vertex   -1.552594e+01 1.700000e+00 1.875881e+00
      vertex   -1.559627e+01 2.000000e+00 1.883109e+00
      vertex   -1.559627e+01 1.700000e+00 1.883109e+00
    endloop
  endfacet
  facet normal 3.002146e-01 -0.000000e+00 9.538717e-01
    outer loop
      vertex   -1.559627e+01 1.700000e+00 1.883109e+00
      vertex   -1.559627e+01 2.000000e+00 1.883109e+00
      vertex   -1.566202e+01 2.000000e+00 1.903803e+00
    endloop
  endfacet
  facet normal 3.002146e-01 0.000000e+00 9.538717e-01
    outer loop
      vertex   -1.559627e+01 1.700000e+00 1.883109e+00
      vertex   -1.566202e+01 2.000000e+00 1.903803e+00
      vertex   -1.566202e+01 1.700000e+00 1.903803e+00
    endloop
  endfacet
  facet normal 4.801148e-01 -0.000000e+00 8.772057e-01
    outer loop
      vertex   -1.566202e+01 1.700000e+00 1.903803e+00
      vertex   -1.566202e+01 2.000000e+00 1.903803e+00
      vertex   -1.572171e+01 2.000000e+00 1.936475e+00
    endloop
  endfacet
  facet normal 4.801148e-01 0.000000e+00 8.772057e-01
    outer loop
      vertex   -1.566202e+01 1.700000e+00 1.903803e+00
      vertex   -1.572171e+01 2.000000e+00 1.936475e+00
      vertex   -1.572171e+01 1.700000e+00 1.936475e+00
    endloop
  endfacet
  facet normal 6.375482e-01 -0.000000e+00 7.704104e-01
    outer loop
      vertex   -1.572171e+01 1.700000e+00 1.936475e+00
      vertex   -1.572171e+01 2.000000e+00 1.936475e+00
      vertex   -1.577387e+01 2.000000e+00 1.979641e+00
    endloop
  endfacet
  facet normal 6.375482e-01 0.000000e+00 7.704104e-01
    outer loop
      vertex   -1.572171e+01 1.700000e+00 1.936475e+00
      vertex   -1.577387e+01 2.000000e+00 1.979641e+00
      vertex   -1.577387e+01 1.700000e+00 1.979641e+00
    endloop
  endfacet
  facet normal 7.706156e-01 -0.000000e+00 6.373002e-01
    outer loop
      vertex   -1.577387e+01 1.700000e+00 1.979641e+00
      vertex   -1.577387e+01 2.000000e+00 1.979641e+00
      vertex   -1.581702e+01 2.000000e+00 2.031813e+00
    endloop
  endfacet
  facet normal 7.706156e-01 0.000000e+00 6.373002e-01
    outer loop
      vertex   -1.577387e+01 1.700000e+00 1.979641e+00
      vertex   -1.581702e+01 2.000000e+00 2.031813e+00
      vertex   -1.581702e+01 1.700000e+00 2.031813e+00
    endloop
  endfacet
  facet normal 8.773262e-01 -0.000000e+00 4.798945e-01
    outer loop
      vertex   -1.581702e+01 1.700000e+00 2.031813e+00
      vertex   -1.581702e+01 2.000000e+00 2.031813e+00
      vertex   -1.584967e+01 2.000000e+00 2.091505e+00
    endloop
  endfacet
  facet normal 8.773262e-01 0.000000e+00 4.798945e-01
    outer loop
      vertex   -1.581702e+01 1.700000e+00 2.031813e+00
      vertex   -1.584967e+01 2.000000e+00 2.091505e+00
      vertex   -1.584967e+01 1.700000e+00 2.091505e+00
    endloop
  endfacet
  facet normal 9.539125e-01 -0.000000e+00 3.000850e-01
    outer loop
      vertex   -1.584967e+01 1.700000e+00 2.091505e+00
      vertex   -1.584967e+01 2.000000e+00 2.091505e+00
      vertex   -1.587034e+01 2.000000e+00 2.157231e+00
    endloop
  endfacet
  facet normal 9.539125e-01 0.000000e+00 3.000850e-01
    outer loop
      vertex   -1.584967e+01 1.700000e+00 2.091505e+00
      vertex   -1.587034e+01 2.000000e+00 2.157231e+00
      vertex   -1.587034e+01 1.700000e+00 2.157231e+00
    endloop
  endfacet
  facet normal 9.947620e-01 -0.000000e+00 1.022177e-01
    outer loop
      vertex   -1.587034e+01 1.700000e+00 2.157231e+00
      vertex   -1.587034e+01 2.000000e+00 2.157231e+00
      vertex   -1.587757e+01 2.000000e+00 2.227504e+00
    endloop
  endfacet
  facet normal 9.947620e-01 -1.534746e-16 1.022177e-01
    outer loop
      vertex   -1.587034e+01 1.700000e+00 2.157231e+00
      vertex   -1.587757e+01 2.000000e+00 2.227504e+00
      vertex   -1.587757e+01 1.700000e+00 2.227504e+00
    endloop
  endfacet
  facet normal 1.000000e+00 0.000000e+00 -0.000000e+00
    outer loop
      vertex   -1.587757e+01 2.000000e+00 2.227504e+00
      vertex   -1.587757e+01 2.000000e+00 3.437119e+00
      vertex   -1.587757e+01 1.700000e+00 2.227504e+00
    endloop
  endfacet
  facet normal 1.000000e+00 0.000000e+00 0.000000e+00
    outer loop
      vertex   -1.587757e+01 1.700000e+00 2.227504e+00
      vertex   -1.587757e+01 2.000000e+00 3.437119e+00
      vertex   -1.587757e+01 1.700000e+00 3.437119e+00
    endloop
  endfacet
  facet normal 4.995933e-01 0.000000e+00 8.662601e-01
    outer loop
      vertex   -1.587757e+01 2.000000e+00 3.437119e+00
      vertex   -1.752781e+01 2.000000e+00 4.388854e+00
      vertex   -1.587757e+01 1.700000e+00 3.437119e+00
    endloop
  endfacet
  facet normal 4.995933e-01 0.000000e+00 8.662601e-01
    outer loop
      vertex   -1.587757e+01 1.700000e+00 3.437119e+00
      vertex   -1.752781e+01 2.000000e+00 4.388854e+00
      vertex   -1.752781e+01 1.700000e+00 4.388854e+00
    endloop
  endfacet
  facet normal 5.298843e-01 -7.532374e-15 8.480699e-01
    outer loop
      vertex   -1.753093e+01 2.000000e+00 4.390802e+00
      vertex   -1.753093e+01 1.900000e+00 4.390802e+00
      vertex   -1.752781e+01 2.000000e+00 4.388854e+00
    endloop
  endfacet
  facet normal 5.298843e-01 0.000000e+00 8.480699e-01
    outer loop
      vertex   -1.752781e+01 2.000000e+00 4.388854e+00
      vertex   -1.753093e+01 1.900000e+00 4.390802e+00
      vertex   -1.753093e+01 1.800000e+00 4.390802e+00
    endloop
  endfacet
  facet normal 5.298843e-01 0.000000e+00 8.480699e-01
    outer loop
      vertex   -1.752781e+01 2.000000e+00 4.388854e+00
      vertex   -1.753093e+01 1.800000e+00 4.390802e+00
      vertex   -1.752781e+01 1.700000e+00 4.388854e+00
    endloop
  endfacet
  facet normal 5.298843e-01 7.533053e-15 8.480699e-01
    outer loop
      vertex   -1.752781e+01 1.700000e+00 4.388854e+00
      vertex   -1.753093e+01 1.800000e+00 4.390802e+00
      vertex   -1.753093e+01 1.700000e+00 4.390802e+00
    endloop
  endfacet
  facet normal 6.803192e-01 6.509602e-15 7.329160e-01
    outer loop
      vertex   -1.753093e+01 1.700000e+00 4.390802e+00
      vertex   -1.753093e+01 1.800000e+00 4.390802e+00
      vertex   -1.753338e+01 1.800000e+00 4.393083e+00
    endloop
  endfacet
  facet normal 6.803192e-01 0.000000e+00 7.329160e-01
    outer loop
      vertex   -1.753093e+01 1.700000e+00 4.390802e+00
      vertex   -1.753338e+01 1.800000e+00 4.393083e+00
      vertex   -1.753338e+01 1.700000e+00 4.393083e+00
    endloop
  endfacet
  facet normal 8.017644e-01 -0.000000e+00 5.976403e-01
    outer loop
      vertex   -1.753338e+01 1.700000e+00 4.393083e+00
      vertex   -1.753338e+01 1.800000e+00 4.393083e+00
      vertex   -1.753720e+01 1.800000e+00 4.398202e+00
    endloop
  endfacet
  facet normal 8.017644e-01 5.307282e-15 5.976403e-01
    outer loop
      vertex   -1.753338e+01 1.700000e+00 4.393083e+00
      vertex   -1.753720e+01 1.800000e+00 4.398202e+00
      vertex   -1.753720e+01 1.700000e+00 4.398202e+00
    endloop
  endfacet
  facet normal 8.017629e-01 5.308129e-15 5.976422e-01
    outer loop
      vertex   -1.753720e+01 1.700000e+00 4.398202e+00
      vertex   -1.753720e+01 1.800000e+00 4.398202e+00
      vertex   -1.754101e+01 1.800000e+00 4.403320e+00
    endloop
  endfacet
  facet normal 8.017629e-01 0.000000e+00 5.976422e-01
    outer loop
      vertex   -1.753720e+01 1.700000e+00 4.398202e+00
      vertex   -1.754101e+01 1.800000e+00 4.403320e+00
      vertex   -1.754101e+01 1.700000e+00 4.403320e+00
    endloop
  endfacet
  facet normal 6.803202e-01 -0.000000e+00 7.329150e-01
    outer loop
      vertex   -1.754101e+01 1.700000e+00 4.403320e+00
      vertex   -1.754101e+01 1.800000e+00 4.403320e+00
      vertex   -1.754347e+01 1.800000e+00 4.405602e+00
    endloop
  endfacet
  facet normal 6.803202e-01 2.416787e-14 7.329150e-01
    outer loop
      vertex   -1.754101e+01 1.700000e+00 4.403320e+00
      vertex   -1.754347e+01 1.800000e+00 4.405602e+00
      vertex   -1.754347e+01 1.700000e+00 4.405602e+00
    endloop
  endfacet
  facet normal 5.298941e-01 1.882562e-14 8.480638e-01
    outer loop
      vertex   -1.754347e+01 1.700000e+00 4.405602e+00
      vertex   -1.754347e+01 1.800000e+00 4.405602e+00
      vertex   -1.754659e+01 1.700000e+00 4.407550e+00
    endloop
  endfacet
  facet normal 5.298941e-01 0.000000e+00 8.480638e-01
    outer loop
      vertex   -1.754659e+01 1.700000e+00 4.407550e+00
      vertex   -1.754347e+01 1.800000e+00 4.405602e+00
      vertex   -1.754347e+01 1.900000e+00 4.405602e+00
    endloop
  endfacet
  facet normal 5.298941e-01 -0.000000e+00 8.480638e-01
    outer loop
      vertex   -1.754659e+01 1.700000e+00 4.407550e+00
      vertex   -1.754347e+01 1.900000e+00 4.405602e+00
      vertex   -1.754659e+01 2.000000e+00 4.407550e+00
    endloop
  endfacet
  facet normal 5.298941e-01 -1.882709e-14 8.480638e-01
    outer loop
      vertex   -1.754659e+01 2.000000e+00 4.407550e+00
      vertex   -1.754347e+01 1.900000e+00 4.405602e+00
      vertex   -1.754347e+01 2.000000e+00 4.405602e+00
    endloop
  endfacet
  facet normal 6.803202e-01 -2.416983e-14 7.329150e-01
    outer loop
      vertex   -1.754347e+01 2.000000e+00 4.405602e+00
      vertex   -1.754347e+01 1.900000e+00 4.405602e+00
      vertex   -1.754101e+01 1.900000e+00 4.403320e+00
    endloop
  endfacet
  facet normal 6.803202e-01 0.000000e+00 7.329150e-01
    outer loop
      vertex   -1.754347e+01 2.000000e+00 4.405602e+00
      vertex   -1.754101e+01 1.900000e+00 4.403320e+00
      vertex   -1.754101e+01 2.000000e+00 4.403320e+00
    endloop
  endfacet
  facet normal 8.017629e-01 0.000000e+00 5.976422e-01
    outer loop
      vertex   -1.754101e+01 2.000000e+00 4.403320e+00
      vertex   -1.754101e+01 1.900000e+00 4.403320e+00
      vertex   -1.753720e+01 1.900000e+00 4.398202e+00
    endloop
  endfacet
  facet normal 8.017629e-01 -5.307194e-15 5.976422e-01
    outer loop
      vertex   -1.754101e+01 2.000000e+00 4.403320e+00
      vertex   -1.753720e+01 1.900000e+00 4.398202e+00
      vertex   -1.753720e+01 2.000000e+00 4.398202e+00
    endloop
  endfacet
  facet normal 8.017644e-01 -5.308112e-15 5.976403e-01
    outer loop
      vertex   -1.753720e+01 2.000000e+00 4.398202e+00
      vertex   -1.753720e+01 1.900000e+00 4.398202e+00
      vertex   -1.753338e+01 1.900000e+00 4.393083e+00
    endloop
  endfacet
  facet normal 8.017644e-01 0.000000e+00 5.976403e-01
    outer loop
      vertex   -1.753720e+01 2.000000e+00 4.398202e+00
      vertex   -1.753338e+01 1.900000e+00 4.393083e+00
      vertex   -1.753338e+01 2.000000e+00 4.393083e+00
    endloop
  endfacet
  facet normal 6.803192e-01 0.000000e+00 7.329160e-01
    outer loop
      vertex   -1.753338e+01 2.000000e+00 4.393083e+00
      vertex   -1.753338e+01 1.900000e+00 4.393083e+00
      vertex   -1.753093e+01 1.900000e+00 4.390802e+00
    endloop
  endfacet
  facet normal 6.803192e-01 -6.508839e-15 7.329160e-01
    outer loop
      vertex   -1.753338e+01 2.000000e+00 4.393083e+00
      vertex   -1.753093e+01 1.900000e+00 4.390802e+00
      vertex   -1.753093e+01 2.000000e+00 4.390802e+00
    endloop
  endfacet
  facet normal 6.803202e-01 -0.000000e+00 7.329150e-01
    outer loop
      vertex   -1.754347e+01 1.800000e+00 4.405602e+00
      vertex   -1.754101e+01 1.800000e+00 4.403320e+00
      vertex   -1.754347e+01 1.900000e+00 4.405602e+00
    endloop
  endfacet
  facet normal 6.803202e-01 0.000000e+00 7.329150e-01
    outer loop
      vertex   -1.754347e+01 1.900000e+00 4.405602e+00
      vertex   -1.754101e+01 1.800000e+00 4.403320e+00
      vertex   -1.754101e+01 1.900000e+00 4.403320e+00
    endloop
  endfacet
  facet normal 8.017629e-01 -0.000000e+00 5.976422e-01
    outer loop
      vertex   -1.754101e+01 1.800000e+00 4.403320e+00
      vertex   -1.753720e+01 1.800000e+00 4.398202e+00
      vertex   -1.754101e+01 1.900000e+00 4.403320e+00
    endloop
  endfacet
  facet normal 8.017629e-01 0.000000e+00 5.976422e-01
    outer loop
      vertex   -1.754101e+01 1.900000e+00 4.403320e+00
      vertex   -1.753720e+01 1.800000e+00 4.398202e+00
      vertex   -1.753720e+01 1.900000e+00 4.398202e+00
    endloop
  endfacet
  facet normal 6.803192e-01 -0.000000e+00 7.329160e-01
    outer loop
      vertex   -1.753093e+01 1.800000e+00 4.390802e+00
      vertex   -1.753093e+01 1.900000e+00 4.390802e+00
      vertex   -1.753338e+01 1.900000e+00 4.393083e+00
    endloop
  endfacet
  facet normal 8.017644e-01 -0.000000e+00 5.976403e-01
    outer loop
      vertex   -1.753720e+01 1.800000e+00 4.398202e+00
      vertex   -1.753338e+01 1.800000e+00 4.393083e+00
      vertex   -1.753720e+01 1.900000e+00 4.398202e+00
    endloop
  endfacet
  facet normal 8.017644e-01 0.000000e+00 5.976403e-01
    outer loop
      vertex   -1.753720e+01 1.900000e+00 4.398202e+00
      vertex   -1.753338e+01 1.800000e+00 4.393083e+00
      vertex   -1.753338e+01 1.900000e+00 4.393083e+00
    endloop
  endfacet
  facet normal 6.803192e-01 -0.000000e+00 7.329160e-01
    outer loop
      vertex   -1.753338e+01 1.800000e+00 4.393083e+00
      vertex   -1.753093e+01 1.800000e+00 4.390802e+00
      vertex   -1.753338e+01 1.900000e+00 4.393083e+00
    endloop
  endfacet
  facet normal 6.191260e-01 0.000000e+00 7.852917e-01
    outer loop
      vertex   -1.754659e+01 2.000000e+00 4.407550e+00
      vertex   -1.759637e+01 2.000000e+00 4.446797e+00
      vertex   -1.754659e+01 1.700000e+00 4.407550e+00
    endloop
  endfacet
  facet normal 6.191260e-01 0.000000e+00 7.852917e-01
    outer loop
      vertex   -1.754659e+01 1.700000e+00 4.407550e+00
      vertex   -1.759637e+01 2.000000e+00 4.446797e+00
      vertex   -1.759637e+01 1.700000e+00 4.446797e+00
    endloop
  endfacet
  facet normal 7.851866e-01 -0.000000e+00 6.192592e-01
    outer loop
      vertex   -1.759637e+01 1.700000e+00 4.446797e+00
      vertex   -1.759637e+01 2.000000e+00 4.446797e+00
      vertex   -1.763568e+01 2.000000e+00 4.496641e+00
    endloop
  endfacet
  facet normal 7.851866e-01 0.000000e+00 6.192592e-01
    outer loop
      vertex   -1.759637e+01 1.700000e+00 4.446797e+00
      vertex   -1.763568e+01 2.000000e+00 4.496641e+00
      vertex   -1.763568e+01 1.700000e+00 4.496641e+00
    endloop
  endfacet
  facet normal 8.117100e-01 0.000000e+00 5.840607e-01
    outer loop
      vertex   -1.763568e+01 2.000000e+00 4.496641e+00
      vertex   -1.764917e+01 2.000000e+00 4.515381e+00
      vertex   -1.763568e+01 1.700000e+00 4.496641e+00
    endloop
  endfacet
  facet normal 8.117100e-01 0.000000e+00 5.840607e-01
    outer loop
      vertex   -1.763568e+01 1.700000e+00 4.496641e+00
      vertex   -1.764917e+01 2.000000e+00 4.515381e+00
      vertex   -1.764917e+01 1.700000e+00 4.515381e+00
    endloop
  endfacet
  facet normal 8.468247e-01 -0.000000e+00 5.318721e-01
    outer loop
      vertex   -1.764917e+01 1.700000e+00 4.515381e+00
      vertex   -1.764917e+01 2.000000e+00 4.515381e+00
      vertex   -1.765478e+01 2.000000e+00 4.524315e+00
    endloop
  endfacet
  facet normal 8.468247e-01 0.000000e+00 5.318721e-01
    outer loop
      vertex   -1.764917e+01 1.700000e+00 4.515381e+00
      vertex   -1.765478e+01 2.000000e+00 4.524315e+00
      vertex   -1.765478e+01 1.700000e+00 4.524315e+00
    endloop
  endfacet
  facet normal 9.173983e-01 -0.000000e+00 3.979702e-01
    outer loop
      vertex   -1.765478e+01 1.700000e+00 4.524315e+00
      vertex   -1.765478e+01 2.000000e+00 4.524315e+00
      vertex   -1.765903e+01 2.000000e+00 4.534121e+00
    endloop
  endfacet
  facet normal 9.173983e-01 0.000000e+00 3.979702e-01
    outer loop
      vertex   -1.765478e+01 1.700000e+00 4.524315e+00
      vertex   -1.765903e+01 2.000000e+00 4.534121e+00
      vertex   -1.765903e+01 1.700000e+00 4.534121e+00
    endloop
  endfacet
  facet normal 9.278453e-01 0.000000e+00 3.729653e-01
    outer loop
      vertex   -1.765903e+01 2.000000e+00 4.534121e+00
      vertex   -1.768895e+01 2.000000e+00 4.608553e+00
      vertex   -1.765903e+01 1.700000e+00 4.534121e+00
    endloop
  endfacet
  facet normal 9.278453e-01 0.000000e+00 3.729653e-01
    outer loop
      vertex   -1.765903e+01 1.700000e+00 4.534121e+00
      vertex   -1.768895e+01 2.000000e+00 4.608553e+00
      vertex   -1.768895e+01 1.700000e+00 4.608553e+00
    endloop
  endfacet
  facet normal 9.769415e-01 -0.000000e+00 2.135072e-01
    outer loop
      vertex   -1.768895e+01 1.700000e+00 4.608553e+00
      vertex   -1.768895e+01 2.000000e+00 4.608553e+00
      vertex   -1.769790e+01 2.000000e+00 4.649505e+00
    endloop
  endfacet
  facet normal 9.769415e-01 0.000000e+00 2.135072e-01
    outer loop
      vertex   -1.768895e+01 1.700000e+00 4.608553e+00
      vertex   -1.769790e+01 2.000000e+00 4.649505e+00
      vertex   -1.769790e+01 1.700000e+00 4.649505e+00
    endloop
  endfacet
  facet normal 9.972626e-01 -0.000000e+00 7.394082e-02
    outer loop
      vertex   -1.769790e+01 1.700000e+00 4.649505e+00
      vertex   -1.769790e+01 2.000000e+00 4.649505e+00
      vertex   -1.770116e+01 2.000000e+00 4.693519e+00
    endloop
  endfacet
  facet normal 9.972626e-01 0.000000e+00 7.394082e-02
    outer loop
      vertex   -1.769790e+01 1.700000e+00 4.649505e+00
      vertex   -1.770116e+01 2.000000e+00 4.693519e+00
      vertex   -1.770116e+01 1.700000e+00 4.693519e+00
    endloop
  endfacet
  facet normal 1.000000e+00 0.000000e+00 -0.000000e+00
    outer loop
      vertex   -1.770116e+01 2.000000e+00 4.693519e+00
      vertex   -1.770116e+01 2.000000e+00 6.596988e+00
      vertex   -1.770116e+01 1.700000e+00 4.693519e+00
    endloop
  endfacet
  facet normal 1.000000e+00 0.000000e+00 0.000000e+00
    outer loop
      vertex   -1.770116e+01 1.700000e+00 4.693519e+00
      vertex   -1.770116e+01 2.000000e+00 6.596988e+00
      vertex   -1.770116e+01 1.700000e+00 6.596988e+00
    endloop
  endfacet
  facet normal 4.989768e-01 0.000000e+00 8.666153e-01
    outer loop
      vertex   -1.770116e+01 2.000000e+00 6.596988e+00
      vertex   -1.921570e+01 2.000000e+00 7.469023e+00
      vertex   -1.770116e+01 1.700000e+00 6.596988e+00
    endloop
  endfacet
  facet normal 4.989768e-01 0.000000e+00 8.666153e-01
    outer loop
      vertex   -1.770116e+01 1.700000e+00 6.596988e+00
      vertex   -1.921570e+01 2.000000e+00 7.469023e+00
      vertex   -1.921570e+01 1.700000e+00 7.469023e+00
    endloop
  endfacet
  facet normal 5.864944e-01 0.000000e+00 8.099533e-01
    outer loop
      vertex   -1.921570e+01 2.000000e+00 7.469023e+00
      vertex   -1.927381e+01 2.000000e+00 7.511101e+00
      vertex   -1.921570e+01 1.700000e+00 7.469023e+00
    endloop
  endfacet
  facet normal 5.864944e-01 0.000000e+00 8.099533e-01
    outer loop
      vertex   -1.921570e+01 1.700000e+00 7.469023e+00
      vertex   -1.927381e+01 2.000000e+00 7.511101e+00
      vertex   -1.927381e+01 1.700000e+00 7.511101e+00
    endloop
  endfacet
  facet normal 7.335015e-01 -0.000000e+00 6.796878e-01
    outer loop
      vertex   -1.927381e+01 1.700000e+00 7.511101e+00
      vertex   -1.927381e+01 2.000000e+00 7.511101e+00
      vertex   -1.932121e+01 2.000000e+00 7.562255e+00
    endloop
  endfacet
  facet normal 7.335015e-01 0.000000e+00 6.796878e-01
    outer loop
      vertex   -1.927381e+01 1.700000e+00 7.511101e+00
      vertex   -1.932121e+01 2.000000e+00 7.562255e+00
      vertex   -1.932121e+01 1.700000e+00 7.562255e+00
    endloop
  endfacet
  facet normal 8.503039e-01 -0.000000e+00 5.262920e-01
    outer loop
      vertex   -1.932121e+01 1.700000e+00 7.562255e+00
      vertex   -1.932121e+01 2.000000e+00 7.562255e+00
      vertex   -1.935730e+01 2.000000e+00 7.620557e+00
    endloop
  endfacet
  facet normal 8.503039e-01 0.000000e+00 5.262920e-01
    outer loop
      vertex   -1.932121e+01 1.700000e+00 7.562255e+00
      vertex   -1.935730e+01 2.000000e+00 7.620557e+00
      vertex   -1.935730e+01 1.700000e+00 7.620557e+00
    endloop
  endfacet
  facet normal 9.346511e-01 -0.000000e+00 3.555662e-01
    outer loop
      vertex   -1.935730e+01 1.700000e+00 7.620557e+00
      vertex   -1.935730e+01 2.000000e+00 7.620557e+00
      vertex   -1.938146e+01 2.000000e+00 7.684081e+00
    endloop
  endfacet
  facet normal 9.346511e-01 0.000000e+00 3.555662e-01
    outer loop
      vertex   -1.935730e+01 1.700000e+00 7.620557e+00
      vertex   -1.938146e+01 2.000000e+00 7.684081e+00
      vertex   -1.938146e+01 1.700000e+00 7.684081e+00
    endloop
  endfacet
  facet normal 9.851591e-01 -0.000000e+00 1.716438e-01
    outer loop
      vertex   -1.938146e+01 1.700000e+00 7.684081e+00
      vertex   -1.938146e+01 2.000000e+00 7.684081e+00
      vertex   -1.939311e+01 2.000000e+00 7.750901e+00
    endloop
  endfacet
  facet normal 9.851591e-01 0.000000e+00 1.716438e-01
    outer loop
      vertex   -1.938146e+01 1.700000e+00 7.684081e+00
      vertex   -1.939311e+01 2.000000e+00 7.750901e+00
      vertex   -1.939311e+01 1.700000e+00 7.750901e+00
    endloop
  endfacet
  facet normal 9.997623e-01 0.000000e+00 -2.180345e-02
    outer loop
      vertex   -1.939311e+01 1.700000e+00 7.750901e+00
      vertex   -1.939311e+01 2.000000e+00 7.750901e+00
      vertex   -1.939162e+01 2.000000e+00 7.819090e+00
    endloop
  endfacet
  facet normal 9.997623e-01 0.000000e+00 -2.180345e-02
    outer loop
      vertex   -1.939311e+01 1.700000e+00 7.750901e+00
      vertex   -1.939162e+01 2.000000e+00 7.819090e+00
      vertex   -1.939162e+01 1.700000e+00 7.819090e+00
    endloop
  endfacet
  facet normal 9.755978e-01 0.000000e+00 -2.195653e-01
    outer loop
      vertex   -1.939162e+01 1.700000e+00 7.819090e+00
      vertex   -1.939162e+01 2.000000e+00 7.819090e+00
      vertex   -1.937640e+01 2.000000e+00 7.886722e+00
    endloop
  endfacet
  facet normal 9.755978e-01 0.000000e+00 -2.195653e-01
    outer loop
      vertex   -1.939162e+01 1.700000e+00 7.819090e+00
      vertex   -1.937640e+01 2.000000e+00 7.886722e+00
      vertex   -1.937640e+01 1.700000e+00 7.886722e+00
    endloop
  endfacet
  facet normal 9.106454e-01 0.000000e+00 -4.131888e-01
    outer loop
      vertex   -1.937640e+01 1.700000e+00 7.886722e+00
      vertex   -1.937640e+01 2.000000e+00 7.886722e+00
      vertex   -1.934684e+01 2.000000e+00 7.951870e+00
    endloop
  endfacet
  facet normal 9.106454e-01 0.000000e+00 -4.131888e-01
    outer loop
      vertex   -1.937640e+01 1.700000e+00 7.886722e+00
      vertex   -1.934684e+01 2.000000e+00 7.951870e+00
      vertex   -1.934684e+01 1.700000e+00 7.951870e+00
    endloop
  endfacet
  facet normal 8.091538e-01 0.000000e+00 -5.875969e-01
    outer loop
      vertex   -1.934684e+01 2.000000e+00 7.951870e+00
      vertex   -1.930476e+01 2.000000e+00 8.009809e+00
      vertex   -1.934684e+01 1.700000e+00 7.951870e+00
    endloop
  endfacet
  facet normal 8.091538e-01 0.000000e+00 -5.875969e-01
    outer loop
      vertex   -1.934684e+01 1.700000e+00 7.951870e+00
      vertex   -1.930476e+01 2.000000e+00 8.009809e+00
      vertex   -1.930476e+01 1.700000e+00 8.009809e+00
    endloop
  endfacet
  facet normal 6.758278e-01 0.000000e+00 -7.370596e-01
    outer loop
      vertex   -1.930476e+01 1.700000e+00 8.009809e+00
      vertex   -1.930476e+01 2.000000e+00 8.009809e+00
      vertex   -1.925362e+01 2.000000e+00 8.056704e+00
    endloop
  endfacet
  facet normal 6.758278e-01 0.000000e+00 -7.370596e-01
    outer loop
      vertex   -1.930476e+01 1.700000e+00 8.009809e+00
      vertex   -1.925362e+01 2.000000e+00 8.056704e+00
      vertex   -1.925362e+01 1.700000e+00 8.056704e+00
    endloop
  endfacet
  facet normal 5.186208e-01 0.000000e+00 -8.550044e-01
    outer loop
      vertex   -1.925362e+01 1.700000e+00 8.056704e+00
      vertex   -1.925362e+01 2.000000e+00 8.056704e+00
      vertex   -1.919533e+01 2.000000e+00 8.092060e+00
    endloop
  endfacet
  facet normal 5.186208e-01 0.000000e+00 -8.550044e-01
    outer loop
      vertex   -1.925362e+01 1.700000e+00 8.056704e+00
      vertex   -1.919533e+01 2.000000e+00 8.092060e+00
      vertex   -1.919533e+01 1.700000e+00 8.092060e+00
    endloop
  endfacet
  facet normal 3.447230e-01 0.000000e+00 -9.387045e-01
    outer loop
      vertex   -1.919533e+01 1.700000e+00 8.092060e+00
      vertex   -1.919533e+01 2.000000e+00 8.092060e+00
      vertex   -1.913182e+01 2.000000e+00 8.115382e+00
    endloop
  endfacet
  facet normal 3.447230e-01 0.000000e+00 -9.387045e-01
    outer loop
      vertex   -1.919533e+01 1.700000e+00 8.092060e+00
      vertex   -1.913182e+01 2.000000e+00 8.115382e+00
      vertex   -1.913182e+01 1.700000e+00 8.115382e+00
    endloop
  endfacet
  facet normal 1.595086e-01 0.000000e+00 -9.871965e-01
    outer loop
      vertex   -1.913182e+01 1.700000e+00 8.115382e+00
      vertex   -1.913182e+01 2.000000e+00 8.115382e+00
      vertex   -1.906502e+01 2.000000e+00 8.126176e+00
    endloop
  endfacet
  facet normal 1.595086e-01 0.000000e+00 -9.871965e-01
    outer loop
      vertex   -1.913182e+01 1.700000e+00 8.115382e+00
      vertex   -1.906502e+01 2.000000e+00 8.126176e+00
      vertex   -1.906502e+01 1.700000e+00 8.126176e+00
    endloop
  endfacet
  facet normal -3.267842e-02 0.000000e+00 -9.994659e-01
    outer loop
      vertex   -1.906502e+01 1.700000e+00 8.126176e+00
      vertex   -1.906502e+01 2.000000e+00 8.126176e+00
      vertex   -1.899684e+01 2.000000e+00 8.123947e+00
    endloop
  endfacet
  facet normal -3.267842e-02 0.000000e+00 -9.994659e-01
    outer loop
      vertex   -1.906502e+01 1.700000e+00 8.126176e+00
      vertex   -1.899684e+01 2.000000e+00 8.123947e+00
      vertex   -1.899684e+01 1.700000e+00 8.123947e+00
    endloop
  endfacet
  facet normal -2.267981e-01 0.000000e+00 -9.739418e-01
    outer loop
      vertex   -1.899684e+01 1.700000e+00 8.123947e+00
      vertex   -1.899684e+01 2.000000e+00 8.123947e+00
      vertex   -1.892922e+01 2.000000e+00 8.108200e+00
    endloop
  endfacet
  facet normal -2.267981e-01 0.000000e+00 -9.739418e-01
    outer loop
      vertex   -1.899684e+01 1.700000e+00 8.123947e+00
      vertex   -1.892922e+01 2.000000e+00 8.108200e+00
      vertex   -1.892922e+01 1.700000e+00 8.108200e+00
    endloop
  endfacet
  facet normal -4.155200e-01 0.000000e+00 -9.095840e-01
    outer loop
      vertex   -1.892922e+01 1.700000e+00 8.108200e+00
      vertex   -1.892922e+01 2.000000e+00 8.108200e+00
      vertex   -1.886408e+01 2.000000e+00 8.078441e+00
    endloop
  endfacet
  facet normal -4.155200e-01 0.000000e+00 -9.095840e-01
    outer loop
      vertex   -1.892922e+01 1.700000e+00 8.108200e+00
      vertex   -1.886408e+01 2.000000e+00 8.078441e+00
      vertex   -1.886408e+01 1.700000e+00 8.078441e+00
    endloop
  endfacet
  facet normal -4.989399e-01 -0.000000e+00 -8.666366e-01
    outer loop
      vertex   -1.886408e+01 2.000000e+00 8.078441e+00
      vertex   -1.734954e+01 2.000000e+00 7.206491e+00
      vertex   -1.886408e+01 1.700000e+00 8.078441e+00
    endloop
  endfacet
  facet normal -4.989399e-01 0.000000e+00 -8.666366e-01
    outer loop
      vertex   -1.886408e+01 1.700000e+00 8.078441e+00
      vertex   -1.734954e+01 2.000000e+00 7.206491e+00
      vertex   -1.734954e+01 1.700000e+00 7.206491e+00
    endloop
  endfacet
  facet normal 5.014616e-01 0.000000e+00 -8.651799e-01
    outer loop
      vertex   -1.734954e+01 2.000000e+00 7.206491e+00
      vertex   -1.569947e+01 2.000000e+00 8.162878e+00
      vertex   -1.734954e+01 1.700000e+00 7.206491e+00
    endloop
  endfacet
  facet normal 5.014616e-01 0.000000e+00 -8.651799e-01
    outer loop
      vertex   -1.734954e+01 1.700000e+00 7.206491e+00
      vertex   -1.569947e+01 2.000000e+00 8.162878e+00
      vertex   -1.569947e+01 1.700000e+00 8.162878e+00
    endloop
  endfacet
  facet normal 8.155394e-02 0.000000e+00 -9.966689e-01
    outer loop
      vertex   -1.569236e+01 2.000000e+00 8.163460e+00
      vertex   -1.569236e+01 1.940000e+00 8.163460e+00
      vertex   -1.569947e+01 2.000000e+00 8.162878e+00
    endloop
  endfacet
  facet normal 8.155394e-02 0.000000e+00 -9.966689e-01
    outer loop
      vertex   -1.569947e+01 2.000000e+00 8.162878e+00
      vertex   -1.569236e+01 1.940000e+00 8.163460e+00
      vertex   -1.569236e+01 1.880000e+00 8.163460e+00
    endloop
  endfacet
  facet normal 8.155394e-02 0.000000e+00 -9.966689e-01
    outer loop
      vertex   -1.569947e+01 2.000000e+00 8.162878e+00
      vertex   -1.569236e+01 1.880000e+00 8.163460e+00
      vertex   -1.569236e+01 1.820000e+00 8.163460e+00
    endloop
  endfacet
  facet normal 3.001468e-01 0.000000e+00 -9.538930e-01
    outer loop
      vertex   -1.569236e+01 1.820000e+00 8.163460e+00
      vertex   -1.569236e+01 1.880000e+00 8.163460e+00
      vertex   -1.569060e+01 1.880000e+00 8.164014e+00
    endloop
  endfacet
  facet normal 3.001468e-01 0.000000e+00 -9.538930e-01
    outer loop
      vertex   -1.569236e+01 1.820000e+00 8.163460e+00
      vertex   -1.569060e+01 1.880000e+00 8.164014e+00
      vertex   -1.569060e+01 1.820000e+00 8.164014e+00
    endloop
  endfacet
  facet normal 4.237273e-01 0.000000e+00 -9.057898e-01
    outer loop
      vertex   -1.569060e+01 1.820000e+00 8.164014e+00
      vertex   -1.569060e+01 1.880000e+00 8.164014e+00
      vertex   -1.568883e+01 1.880000e+00 8.164841e+00
    endloop
  endfacet
  facet normal 4.237273e-01 0.000000e+00 -9.057898e-01
    outer loop
      vertex   -1.569060e+01 1.820000e+00 8.164014e+00
      vertex   -1.568883e+01 1.880000e+00 8.164841e+00
      vertex   -1.568883e+01 1.820000e+00 8.164841e+00
    endloop
  endfacet
  facet normal 6.009242e-01 0.000000e+00 -7.993060e-01
    outer loop
      vertex   -1.568883e+01 1.820000e+00 8.164841e+00
      vertex   -1.568883e+01 1.880000e+00 8.164841e+00
      vertex   -1.568525e+01 1.700000e+00 8.167531e+00
    endloop
  endfacet
  facet normal 6.009242e-01 0.000000e+00 -7.993060e-01
    outer loop
      vertex   -1.568883e+01 1.820000e+00 8.164841e+00
      vertex   -1.568525e+01 1.700000e+00 8.167531e+00
      vertex   -1.568883e+01 1.760000e+00 8.164841e+00
    endloop
  endfacet
  facet normal 6.009242e-01 0.000000e+00 -7.993060e-01
    outer loop
      vertex   -1.568883e+01 1.760000e+00 8.164841e+00
      vertex   -1.568525e+01 1.700000e+00 8.167531e+00
      vertex   -1.568883e+01 1.700000e+00 8.164841e+00
    endloop
  endfacet
  facet normal 4.237273e-01 0.000000e+00 -9.057898e-01
    outer loop
      vertex   -1.568883e+01 1.760000e+00 8.164841e+00
      vertex   -1.568883e+01 1.700000e+00 8.164841e+00
      vertex   -1.569060e+01 1.700000e+00 8.164014e+00
    endloop
  endfacet
  facet normal 3.001468e-01 0.000000e+00 -9.538930e-01
    outer loop
      vertex   -1.569236e+01 2.000000e+00 8.163460e+00
      vertex   -1.569060e+01 2.000000e+00 8.164014e+00
      vertex   -1.569236e+01 1.940000e+00 8.163460e+00
    endloop
  endfacet
  facet normal 3.001468e-01 0.000000e+00 -9.538930e-01
    outer loop
      vertex   -1.569236e+01 1.940000e+00 8.163460e+00
      vertex   -1.569060e+01 2.000000e+00 8.164014e+00
      vertex   -1.569060e+01 1.940000e+00 8.164014e+00
    endloop
  endfacet
  facet normal 3.001468e-01 0.000000e+00 -9.538930e-01
    outer loop
      vertex   -1.569236e+01 1.940000e+00 8.163460e+00
      vertex   -1.569060e+01 1.940000e+00 8.164014e+00
      vertex   -1.569236e+01 1.880000e+00 8.163460e+00
    endloop
  endfacet
  facet normal 3.001468e-01 0.000000e+00 -9.538930e-01
    outer loop
      vertex   -1.569236e+01 1.880000e+00 8.163460e+00
      vertex   -1.569060e+01 1.940000e+00 8.164014e+00
      vertex   -1.569060e+01 1.880000e+00 8.164014e+00
    endloop
  endfacet
  facet normal 4.237273e-01 0.000000e+00 -9.057898e-01
    outer loop
      vertex   -1.569060e+01 2.000000e+00 8.164014e+00
      vertex   -1.568883e+01 2.000000e+00 8.164841e+00
      vertex   -1.569060e+01 1.940000e+00 8.164014e+00
    endloop
  endfacet
  facet normal 4.237273e-01 0.000000e+00 -9.057898e-01
    outer loop
      vertex   -1.569060e+01 1.940000e+00 8.164014e+00
      vertex   -1.568883e+01 2.000000e+00 8.164841e+00
      vertex   -1.568883e+01 1.940000e+00 8.164841e+00
    endloop
  endfacet
  facet normal 4.237273e-01 0.000000e+00 -9.057898e-01
    outer loop
      vertex   -1.569060e+01 1.940000e+00 8.164014e+00
      vertex   -1.568883e+01 1.940000e+00 8.164841e+00
      vertex   -1.569060e+01 1.880000e+00 8.164014e+00
    endloop
  endfacet
  facet normal 4.237273e-01 0.000000e+00 -9.057898e-01
    outer loop
      vertex   -1.569060e+01 1.880000e+00 8.164014e+00
      vertex   -1.568883e+01 1.940000e+00 8.164841e+00
      vertex   -1.568883e+01 1.880000e+00 8.164841e+00
    endloop
  endfacet
  facet normal 6.009242e-01 0.000000e+00 -7.993060e-01
    outer loop
      vertex   -1.568883e+01 2.000000e+00 8.164841e+00
      vertex   -1.568525e+01 2.000000e+00 8.167531e+00
      vertex   -1.568883e+01 1.940000e+00 8.164841e+00
    endloop
  endfacet
  facet normal 6.009242e-01 0.000000e+00 -7.993060e-01
    outer loop
      vertex   -1.568883e+01 1.940000e+00 8.164841e+00
      vertex   -1.568525e+01 2.000000e+00 8.167531e+00
      vertex   -1.568883e+01 1.880000e+00 8.164841e+00
    endloop
  endfacet
  facet normal 6.009242e-01 0.000000e+00 -7.993060e-01
    outer loop
      vertex   -1.568525e+01 2.000000e+00 8.167531e+00
      vertex   -1.568525e+01 1.700000e+00 8.167531e+00
      vertex   -1.568883e+01 1.880000e+00 8.164841e+00
    endloop
  endfacet
  facet normal 4.237273e-01 0.000000e+00 -9.057898e-01
    outer loop
      vertex   -1.568883e+01 1.760000e+00 8.164841e+00
      vertex   -1.569060e+01 1.700000e+00 8.164014e+00
      vertex   -1.569060e+01 1.760000e+00 8.164014e+00
    endloop
  endfacet
  facet normal 3.001468e-01 0.000000e+00 -9.538930e-01
    outer loop
      vertex   -1.569060e+01 1.760000e+00 8.164014e+00
      vertex   -1.569060e+01 1.700000e+00 8.164014e+00
      vertex   -1.569236e+01 1.700000e+00 8.163460e+00
    endloop
  endfacet
  facet normal 3.001468e-01 0.000000e+00 -9.538930e-01
    outer loop
      vertex   -1.569060e+01 1.760000e+00 8.164014e+00
      vertex   -1.569236e+01 1.700000e+00 8.163460e+00
      vertex   -1.569236e+01 1.760000e+00 8.163460e+00
    endloop
  endfacet
  facet normal 8.155394e-02 0.000000e+00 -9.966689e-01
    outer loop
      vertex   -1.569236e+01 1.760000e+00 8.163460e+00
      vertex   -1.569236e+01 1.700000e+00 8.163460e+00
      vertex   -1.569947e+01 1.700000e+00 8.162878e+00
    endloop
  endfacet
  facet normal 8.155394e-02 0.000000e+00 -9.966689e-01
    outer loop
      vertex   -1.569236e+01 1.760000e+00 8.163460e+00
      vertex   -1.569947e+01 1.700000e+00 8.162878e+00
      vertex   -1.569236e+01 1.820000e+00 8.163460e+00
    endloop
  endfacet
  facet normal 8.155394e-02 0.000000e+00 -9.966689e-01
    outer loop
      vertex   -1.569236e+01 1.820000e+00 8.163460e+00
      vertex   -1.569947e+01 1.700000e+00 8.162878e+00
      vertex   -1.569947e+01 2.000000e+00 8.162878e+00
    endloop
  endfacet
  facet normal 4.237273e-01 0.000000e+00 -9.057898e-01
    outer loop
      vertex   -1.568883e+01 1.820000e+00 8.164841e+00
      vertex   -1.568883e+01 1.760000e+00 8.164841e+00
      vertex   -1.569060e+01 1.760000e+00 8.164014e+00
    endloop
  endfacet
  facet normal 3.001468e-01 0.000000e+00 -9.538930e-01
    outer loop
      vertex   -1.569236e+01 1.820000e+00 8.163460e+00
      vertex   -1.569060e+01 1.820000e+00 8.164014e+00
      vertex   -1.569236e+01 1.760000e+00 8.163460e+00
    endloop
  endfacet
  facet normal 3.001468e-01 0.000000e+00 -9.538930e-01
    outer loop
      vertex   -1.569236e+01 1.760000e+00 8.163460e+00
      vertex   -1.569060e+01 1.820000e+00 8.164014e+00
      vertex   -1.569060e+01 1.760000e+00 8.164014e+00
    endloop
  endfacet
  facet normal 4.237273e-01 0.000000e+00 -9.057898e-01
    outer loop
      vertex   -1.569060e+01 1.820000e+00 8.164014e+00
      vertex   -1.568883e+01 1.820000e+00 8.164841e+00
      vertex   -1.569060e+01 1.760000e+00 8.164014e+00
    endloop
  endfacet
  facet normal 3.584005e-01 0.000000e+00 -9.335679e-01
    outer loop
      vertex   -1.568525e+01 2.000000e+00 8.167531e+00
      vertex   -1.560738e+01 2.000000e+00 8.197429e+00
      vertex   -1.568525e+01 1.700000e+00 8.167531e+00
    endloop
  endfacet
  facet normal 3.584005e-01 0.000000e+00 -9.335679e-01
    outer loop
      vertex   -1.568525e+01 1.700000e+00 8.167531e+00
      vertex   -1.560738e+01 2.000000e+00 8.197429e+00
      vertex   -1.560738e+01 1.700000e+00 8.197429e+00
    endloop
  endfacet
  facet normal 2.197125e-01 0.000000e+00 -9.755647e-01
    outer loop
      vertex   -1.560738e+01 1.700000e+00 8.197429e+00
      vertex   -1.560738e+01 2.000000e+00 8.197429e+00
      vertex   -1.556733e+01 2.000000e+00 8.206449e+00
    endloop
  endfacet
  facet normal 2.197125e-01 0.000000e+00 -9.755647e-01
    outer loop
      vertex   -1.560738e+01 1.700000e+00 8.197429e+00
      vertex   -1.556733e+01 2.000000e+00 8.206449e+00
      vertex   -1.556733e+01 1.700000e+00 8.206449e+00
    endloop
  endfacet
  facet normal 7.951470e-02 0.000000e+00 -9.968337e-01
    outer loop
      vertex   -1.556733e+01 1.700000e+00 8.206449e+00
      vertex   -1.556733e+01 2.000000e+00 8.206449e+00
      vertex   -1.552594e+01 2.000000e+00 8.209750e+00
    endloop
  endfacet
  facet normal 7.951470e-02 0.000000e+00 -9.968337e-01
    outer loop
      vertex   -1.556733e+01 1.700000e+00 8.206449e+00
      vertex   -1.552594e+01 2.000000e+00 8.209750e+00
      vertex   -1.552594e+01 1.700000e+00 8.209750e+00
    endloop
  endfacet
  facet normal -7.477381e-02 -0.000000e+00 -9.972005e-01
    outer loop
      vertex   -1.552594e+01 2.000000e+00 8.209750e+00
      vertex   -1.548192e+01 2.000000e+00 8.206449e+00
      vertex   -1.552594e+01 1.700000e+00 8.209750e+00
    endloop
  endfacet
  facet normal -7.477381e-02 0.000000e+00 -9.972005e-01
    outer loop
      vertex   -1.552594e+01 1.700000e+00 8.209750e+00
      vertex   -1.548192e+01 2.000000e+00 8.206449e+00
      vertex   -1.548192e+01 1.700000e+00 8.206449e+00
    endloop
  endfacet
  facet normal -2.150494e-01 0.000000e+00 -9.766032e-01
    outer loop
      vertex   -1.548192e+01 1.700000e+00 8.206449e+00
      vertex   -1.548192e+01 2.000000e+00 8.206449e+00
      vertex   -1.544096e+01 2.000000e+00 8.197429e+00
    endloop
  endfacet
  facet normal -2.150494e-01 0.000000e+00 -9.766032e-01
    outer loop
      vertex   -1.548192e+01 1.700000e+00 8.206449e+00
      vertex   -1.544096e+01 2.000000e+00 8.197429e+00
      vertex   -1.544096e+01 1.700000e+00 8.197429e+00
    endloop
  endfacet
  facet normal -3.731950e-01 0.000000e+00 -9.277529e-01
    outer loop
      vertex   -1.544096e+01 1.700000e+00 8.197429e+00
      vertex   -1.544096e+01 2.000000e+00 8.197429e+00
      vertex   -1.536663e+01 2.000000e+00 8.167531e+00
    endloop
  endfacet
  facet normal -3.731950e-01 0.000000e+00 -9.277529e-01
    outer loop
      vertex   -1.544096e+01 1.700000e+00 8.197429e+00
      vertex   -1.536663e+01 2.000000e+00 8.167531e+00
      vertex   -1.536663e+01 1.700000e+00 8.167531e+00
    endloop
  endfacet
  facet normal -3.390471e-01 -0.000000e+00 -9.407694e-01
    outer loop
      vertex   -1.536663e+01 2.000000e+00 8.167531e+00
      vertex   -1.535533e+01 2.000000e+00 8.163460e+00
      vertex   -1.536663e+01 1.700000e+00 8.167531e+00
    endloop
  endfacet
  facet normal -3.390471e-01 0.000000e+00 -9.407694e-01
    outer loop
      vertex   -1.536663e+01 1.700000e+00 8.167531e+00
      vertex   -1.535533e+01 2.000000e+00 8.163460e+00
      vertex   -1.535533e+01 1.700000e+00 8.163460e+00
    endloop
  endfacet
  facet normal -7.747677e-02 0.000000e+00 -9.969942e-01
    outer loop
      vertex   -1.535533e+01 1.700000e+00 8.163460e+00
      vertex   -1.535533e+01 2.000000e+00 8.163460e+00
      vertex   -1.534785e+01 2.000000e+00 8.162878e+00
    endloop
  endfacet
  facet normal -7.747677e-02 0.000000e+00 -9.969942e-01
    outer loop
      vertex   -1.535533e+01 1.700000e+00 8.163460e+00
      vertex   -1.534785e+01 2.000000e+00 8.162878e+00
      vertex   -1.534785e+01 1.700000e+00 8.162878e+00
    endloop
  endfacet
  facet normal -5.014028e-01 -0.000000e+00 -8.652140e-01
    outer loop
      vertex   -1.534785e+01 2.000000e+00 8.162878e+00
      vertex   -1.369752e+01 2.000000e+00 7.206491e+00
      vertex   -1.534785e+01 1.700000e+00 8.162878e+00
    endloop
  endfacet
  facet normal -5.014028e-01 0.000000e+00 -8.652140e-01
    outer loop
      vertex   -1.534785e+01 1.700000e+00 8.162878e+00
      vertex   -1.369752e+01 2.000000e+00 7.206491e+00
      vertex   -1.369752e+01 1.700000e+00 7.206491e+00
    endloop
  endfacet
  facet normal 4.990038e-01 0.000000e+00 -8.665998e-01
    outer loop
      vertex   -1.369752e+01 2.000000e+00 7.206491e+00
      vertex   -1.218324e+01 2.000000e+00 8.078441e+00
      vertex   -1.369752e+01 1.700000e+00 7.206491e+00
    endloop
  endfacet
  facet normal 4.990038e-01 0.000000e+00 -8.665998e-01
    outer loop
      vertex   -1.369752e+01 1.700000e+00 7.206491e+00
      vertex   -1.218324e+01 2.000000e+00 8.078441e+00
      vertex   -1.218324e+01 1.700000e+00 8.078441e+00
    endloop
  endfacet
  facet normal 4.236131e-01 0.000000e+00 -9.058432e-01
    outer loop
      vertex   -1.218324e+01 2.000000e+00 8.078441e+00
      vertex   -1.211960e+01 2.000000e+00 8.108200e+00
      vertex   -1.218324e+01 1.700000e+00 8.078441e+00
    endloop
  endfacet
  facet normal 4.236131e-01 0.000000e+00 -9.058432e-01
    outer loop
      vertex   -1.218324e+01 1.700000e+00 8.078441e+00
      vertex   -1.211960e+01 2.000000e+00 8.108200e+00
      vertex   -1.211960e+01 1.700000e+00 8.108200e+00
    endloop
  endfacet
  facet normal 2.304585e-01 0.000000e+00 -9.730822e-01
    outer loop
      vertex   -1.211960e+01 1.700000e+00 8.108200e+00
      vertex   -1.211960e+01 2.000000e+00 8.108200e+00
      vertex   -1.205311e+01 2.000000e+00 8.123947e+00
    endloop
  endfacet
  facet normal 2.304585e-01 0.000000e+00 -9.730822e-01
    outer loop
      vertex   -1.211960e+01 1.700000e+00 8.108200e+00
      vertex   -1.205311e+01 2.000000e+00 8.123947e+00
      vertex   -1.205311e+01 1.700000e+00 8.123947e+00
    endloop
  endfacet
  facet normal 3.307173e-02 0.000000e+00 -9.994530e-01
    outer loop
      vertex   -1.205311e+01 1.700000e+00 8.123947e+00
      vertex   -1.205311e+01 2.000000e+00 8.123947e+00
      vertex   -1.198575e+01 2.000000e+00 8.126176e+00
    endloop
  endfacet
  facet normal 3.307173e-02 0.000000e+00 -9.994530e-01
    outer loop
      vertex   -1.205311e+01 1.700000e+00 8.123947e+00
      vertex   -1.198575e+01 2.000000e+00 8.126176e+00
      vertex   -1.198575e+01 1.700000e+00 8.126176e+00
    endloop
  endfacet
  facet normal -1.607847e-01 0.000000e+00 -9.869895e-01
    outer loop
      vertex   -1.198575e+01 1.700000e+00 8.126176e+00
      vertex   -1.198575e+01 2.000000e+00 8.126176e+00
      vertex   -1.191949e+01 2.000000e+00 8.115382e+00
    endloop
  endfacet
  facet normal -1.607847e-01 0.000000e+00 -9.869895e-01
    outer loop
      vertex   -1.198575e+01 1.700000e+00 8.126176e+00
      vertex   -1.191949e+01 2.000000e+00 8.115382e+00
      vertex   -1.191949e+01 1.700000e+00 8.115382e+00
    endloop
  endfacet
  facet normal -3.463082e-01 0.000000e+00 -9.381208e-01
    outer loop
      vertex   -1.191949e+01 1.700000e+00 8.115382e+00
      vertex   -1.191949e+01 2.000000e+00 8.115382e+00
      vertex   -1.185631e+01 2.000000e+00 8.092060e+00
    endloop
  endfacet
  facet normal -3.463082e-01 0.000000e+00 -9.381208e-01
    outer loop
      vertex   -1.191949e+01 1.700000e+00 8.115382e+00
      vertex   -1.185631e+01 2.000000e+00 8.092060e+00
      vertex   -1.185631e+01 1.700000e+00 8.092060e+00
    endloop
  endfacet
  facet normal -5.197250e-01 0.000000e+00 -8.543336e-01
    outer loop
      vertex   -1.185631e+01 1.700000e+00 8.092060e+00
      vertex   -1.185631e+01 2.000000e+00 8.092060e+00
      vertex   -1.179819e+01 2.000000e+00 8.056704e+00
    endloop
  endfacet
  facet normal -5.197250e-01 0.000000e+00 -8.543336e-01
    outer loop
      vertex   -1.185631e+01 1.700000e+00 8.092060e+00
      vertex   -1.179819e+01 2.000000e+00 8.056704e+00
      vertex   -1.179819e+01 1.700000e+00 8.056704e+00
    endloop
  endfacet
  facet normal -6.762761e-01 0.000000e+00 -7.366482e-01
    outer loop
      vertex   -1.179819e+01 1.700000e+00 8.056704e+00
      vertex   -1.179819e+01 2.000000e+00 8.056704e+00
      vertex   -1.174711e+01 2.000000e+00 8.009809e+00
    endloop
  endfacet
  facet normal -6.762761e-01 0.000000e+00 -7.366482e-01
    outer loop
      vertex   -1.179819e+01 1.700000e+00 8.056704e+00
      vertex   -1.174711e+01 2.000000e+00 8.009809e+00
      vertex   -1.174711e+01 1.700000e+00 8.009809e+00
    endloop
  endfacet
  facet normal -8.092130e-01 0.000000e+00 -5.875153e-01
    outer loop
      vertex   -1.174711e+01 1.700000e+00 8.009809e+00
      vertex   -1.174711e+01 2.000000e+00 8.009809e+00
      vertex   -1.170505e+01 2.000000e+00 7.951870e+00
    endloop
  endfacet
  facet normal -8.092130e-01 0.000000e+00 -5.875153e-01
    outer loop
      vertex   -1.174711e+01 1.700000e+00 8.009809e+00
      vertex   -1.170505e+01 2.000000e+00 7.951870e+00
      vertex   -1.170505e+01 1.700000e+00 7.951870e+00
    endloop
  endfacet
  facet normal -9.101566e-01 -0.000000e+00 -4.142644e-01
    outer loop
      vertex   -1.170505e+01 2.000000e+00 7.951870e+00
      vertex   -1.167540e+01 2.000000e+00 7.886735e+00
      vertex   -1.170505e+01 1.700000e+00 7.951870e+00
    endloop
  endfacet
  facet normal -9.101566e-01 0.000000e+00 -4.142644e-01
    outer loop
      vertex   -1.170505e+01 1.700000e+00 7.951870e+00
      vertex   -1.167540e+01 2.000000e+00 7.886735e+00
      vertex   -1.167540e+01 1.700000e+00 7.886735e+00
    endloop
  endfacet
  facet normal -9.752139e-01 0.000000e+00 -2.212640e-01
    outer loop
      vertex   -1.167540e+01 1.700000e+00 7.886735e+00
      vertex   -1.167540e+01 2.000000e+00 7.886735e+00
      vertex   -1.166007e+01 2.000000e+00 7.819177e+00
    endloop
  endfacet
  facet normal -9.752139e-01 0.000000e+00 -2.212640e-01
    outer loop
      vertex   -1.167540e+01 1.700000e+00 7.886735e+00
      vertex   -1.166007e+01 2.000000e+00 7.819177e+00
      vertex   -1.166007e+01 1.700000e+00 7.819177e+00
    endloop
  endfacet
  facet normal -9.996968e-01 0.000000e+00 -2.462390e-02
    outer loop
      vertex   -1.166007e+01 1.700000e+00 7.819177e+00
      vertex   -1.166007e+01 2.000000e+00 7.819177e+00
      vertex   -1.165840e+01 2.000000e+00 7.751174e+00
    endloop
  endfacet
  facet normal -9.996968e-01 0.000000e+00 -2.462390e-02
    outer loop
      vertex   -1.166007e+01 1.700000e+00 7.819177e+00
      vertex   -1.165840e+01 2.000000e+00 7.751174e+00
      vertex   -1.165840e+01 1.700000e+00 7.751174e+00
    endloop
  endfacet
  facet normal -9.858234e-01 0.000000e+00 1.677861e-01
    outer loop
      vertex   -1.165840e+01 1.700000e+00 7.751174e+00
      vertex   -1.165840e+01 2.000000e+00 7.751174e+00
      vertex   -1.166971e+01 2.000000e+00 7.684706e+00
    endloop
  endfacet
  facet normal -9.858234e-01 0.000000e+00 1.677861e-01
    outer loop
      vertex   -1.165840e+01 1.700000e+00 7.751174e+00
      vertex   -1.166971e+01 2.000000e+00 7.684706e+00
      vertex   -1.166971e+01 1.700000e+00 7.684706e+00
    endloop
  endfacet
  facet normal -9.361955e-01 0.000000e+00 3.514798e-01
    outer loop
      vertex   -1.166971e+01 1.700000e+00 7.684706e+00
      vertex   -1.166971e+01 2.000000e+00 7.684706e+00
      vertex   -1.169334e+01 2.000000e+00 7.621752e+00
    endloop
  endfacet
  facet normal -9.361955e-01 0.000000e+00 3.514798e-01
    outer loop
      vertex   -1.166971e+01 1.700000e+00 7.684706e+00
      vertex   -1.169334e+01 2.000000e+00 7.621752e+00
      vertex   -1.169334e+01 1.700000e+00 7.621752e+00
    endloop
  endfacet
  facet normal -8.521130e-01 0.000000e+00 5.233578e-01
    outer loop
      vertex   -1.169334e+01 1.700000e+00 7.621752e+00
      vertex   -1.169334e+01 2.000000e+00 7.621752e+00
      vertex   -1.172864e+01 2.000000e+00 7.564291e+00
    endloop
  endfacet
  facet normal -8.521130e-01 0.000000e+00 5.233578e-01
    outer loop
      vertex   -1.169334e+01 1.700000e+00 7.621752e+00
      vertex   -1.172864e+01 2.000000e+00 7.564291e+00
      vertex   -1.172864e+01 1.700000e+00 7.564291e+00
    endloop
  endfacet
  facet normal -7.337826e-01 0.000000e+00 6.793843e-01
    outer loop
      vertex   -1.172864e+01 1.700000e+00 7.564291e+00
      vertex   -1.172864e+01 2.000000e+00 7.564291e+00
      vertex   -1.177492e+01 2.000000e+00 7.514301e+00
    endloop
  endfacet
  facet normal -7.337826e-01 0.000000e+00 6.793843e-01
    outer loop
      vertex   -1.172864e+01 1.700000e+00 7.564291e+00
      vertex   -1.177492e+01 2.000000e+00 7.514301e+00
      vertex   -1.177492e+01 1.700000e+00 7.514301e+00
    endloop
  endfacet
  facet normal -5.822195e-01 0.000000e+00 8.130317e-01
    outer loop
      vertex   -1.177492e+01 1.700000e+00 7.514301e+00
      vertex   -1.177492e+01 2.000000e+00 7.514301e+00
      vertex   -1.183153e+01 2.000000e+00 7.473762e+00
    endloop
  endfacet
  facet normal -5.822195e-01 0.000000e+00 8.130317e-01
    outer loop
      vertex   -1.177492e+01 1.700000e+00 7.514301e+00
      vertex   -1.183153e+01 2.000000e+00 7.473762e+00
      vertex   -1.183153e+01 1.700000e+00 7.473762e+00
    endloop
  endfacet
  facet normal 0.000000e+00 1.000000e+00 0.000000e+00
    outer loop
      vertex   -1.404914e+01 1.700000e+00 5.303022e+00
      vertex   -1.552594e+01 1.700000e+00 5.340502e+00
      vertex   -1.517432e+01 1.700000e+00 5.950005e+00
    endloop
  endfacet
  facet normal 0.000000e+00 1.000000e+00 0.000000e+00
    outer loop
      vertex   -1.517432e+01 1.700000e+00 5.950005e+00
      vertex   -1.552594e+01 1.700000e+00 5.340502e+00
      vertex   -1.587757e+01 1.700000e+00 5.950005e+00
    endloop
  endfacet
  facet normal 0.000000e+00 1.000000e+00 0.000000e+00
    outer loop
      vertex   -1.517432e+01 1.700000e+00 5.950005e+00
      vertex   -1.587757e+01 1.700000e+00 5.950005e+00
      vertex   -1.587757e+01 1.700000e+00 7.248624e+00
    endloop
  endfacet
  facet normal -0.000000e+00 1.000000e+00 0.000000e+00
    outer loop
      vertex   -1.404914e+01 1.700000e+00 6.596988e+00
      vertex   -1.334590e+01 1.700000e+00 6.596988e+00
      vertex   -1.404914e+01 1.700000e+00 5.303022e+00
    endloop
  endfacet
  facet normal -0.000000e+00 1.000000e+00 0.000000e+00
    outer loop
      vertex   -1.404914e+01 1.700000e+00 5.303022e+00
      vertex   -1.334590e+01 1.700000e+00 6.596988e+00
      vertex   -1.334590e+01 1.700000e+00 4.693519e+00
    endloop
  endfacet
  facet normal 0.000000e+00 1.000000e+00 0.000000e+00
    outer loop
      vertex   -1.404914e+01 1.700000e+00 5.303022e+00
      vertex   -1.334590e+01 1.700000e+00 4.693519e+00
      vertex   -1.440077e+01 1.700000e+00 4.693519e+00
    endloop
  endfacet
  facet normal 0.000000e+00 1.000000e+00 0.000000e+00
    outer loop
      vertex   -1.440077e+01 1.700000e+00 4.693519e+00
      vertex   -1.334590e+01 1.700000e+00 4.693519e+00
      vertex   -1.334916e+01 1.700000e+00 4.649505e+00
    endloop
  endfacet
  facet normal 0.000000e+00 1.000000e+00 0.000000e+00
    outer loop
      vertex   -1.440077e+01 1.700000e+00 4.693519e+00
      vertex   -1.334916e+01 1.700000e+00 4.649505e+00
      vertex   -1.335811e+01 1.700000e+00 4.608553e+00
    endloop
  endfacet
  facet normal 0.000000e+00 1.000000e+00 0.000000e+00
    outer loop
      vertex   -1.334590e+01 1.700000e+00 6.596988e+00
      vertex   -1.404914e+01 1.700000e+00 6.596988e+00
      vertex   -1.369752e+01 1.700000e+00 7.206491e+00
    endloop
  endfacet
  facet normal 0.000000e+00 1.000000e+00 0.000000e+00
    outer loop
      vertex   -1.369752e+01 1.700000e+00 7.206491e+00
      vertex   -1.404914e+01 1.700000e+00 6.596988e+00
      vertex   -1.517432e+01 1.700000e+00 7.248624e+00
    endloop
  endfacet
  facet normal 0.000000e+00 1.000000e+00 0.000000e+00
    outer loop
      vertex   -1.369752e+01 1.700000e+00 7.206491e+00
      vertex   -1.517432e+01 1.700000e+00 7.248624e+00
      vertex   -1.534785e+01 1.700000e+00 8.162878e+00
    endloop
  endfacet
  facet normal 0.000000e+00 1.000000e+00 0.000000e+00
    outer loop
      vertex   -1.534785e+01 1.700000e+00 8.162878e+00
      vertex   -1.517432e+01 1.700000e+00 7.248624e+00
      vertex   -1.535533e+01 1.700000e+00 8.163460e+00
    endloop
  endfacet
  facet normal 0.000000e+00 1.000000e+00 0.000000e+00
    outer loop
      vertex   -1.535533e+01 1.700000e+00 8.163460e+00
      vertex   -1.517432e+01 1.700000e+00 7.248624e+00
      vertex   -1.569236e+01 1.700000e+00 8.163460e+00
    endloop
  endfacet
  facet normal 0.000000e+00 1.000000e+00 0.000000e+00
    outer loop
      vertex   -1.535533e+01 1.700000e+00 8.163460e+00
      vertex   -1.569236e+01 1.700000e+00 8.163460e+00
      vertex   -1.569060e+01 1.700000e+00 8.164014e+00
    endloop
  endfacet
  facet normal 0.000000e+00 1.000000e+00 0.000000e+00
    outer loop
      vertex   -1.569236e+01 1.700000e+00 8.163460e+00
      vertex   -1.517432e+01 1.700000e+00 7.248624e+00
      vertex   -1.587757e+01 1.700000e+00 7.248624e+00
    endloop
  endfacet
  facet normal -0.000000e+00 1.000000e+00 0.000000e+00
    outer loop
      vertex   -1.587757e+01 1.700000e+00 7.248624e+00
      vertex   -1.517432e+01 1.700000e+00 7.248624e+00
      vertex   -1.517432e+01 1.700000e+00 5.950005e+00
    endloop
  endfacet
  facet normal 0.000000e+00 1.000000e+00 0.000000e+00
    outer loop
      vertex   -1.440077e+01 1.700000e+00 4.693519e+00
      vertex   -1.517432e+01 1.700000e+00 3.432380e+00
      vertex   -1.552594e+01 1.700000e+00 4.041883e+00
    endloop
  endfacet
  facet normal 0.000000e+00 1.000000e+00 0.000000e+00
    outer loop
      vertex   -1.552594e+01 1.700000e+00 4.041883e+00
      vertex   -1.517432e+01 1.700000e+00 3.432380e+00
      vertex   -1.587757e+01 1.700000e+00 3.437119e+00
    endloop
  endfacet
  facet normal 0.000000e+00 1.000000e+00 0.000000e+00
    outer loop
      vertex   -1.552594e+01 1.700000e+00 4.041883e+00
      vertex   -1.587757e+01 1.700000e+00 3.437119e+00
      vertex   -1.664629e+01 1.700000e+00 4.693519e+00
    endloop
  endfacet
  facet normal 0.000000e+00 1.000000e+00 0.000000e+00
    outer loop
      vertex   -1.664629e+01 1.700000e+00 4.693519e+00
      vertex   -1.587757e+01 1.700000e+00 3.437119e+00
      vertex   -1.752781e+01 1.700000e+00 4.388854e+00
    endloop
  endfacet
  facet normal 0.000000e+00 1.000000e+00 0.000000e+00
    outer loop
      vertex   -1.664629e+01 1.700000e+00 4.693519e+00
      vertex   -1.752781e+01 1.700000e+00 4.388854e+00
      vertex   -1.754101e+01 1.700000e+00 4.403320e+00
    endloop
  endfacet
  facet normal 0.000000e+00 1.000000e+00 0.000000e+00
    outer loop
      vertex   -1.754101e+01 1.700000e+00 4.403320e+00
      vertex   -1.752781e+01 1.700000e+00 4.388854e+00
      vertex   -1.753720e+01 1.700000e+00 4.398202e+00
    endloop
  endfacet
  facet normal 0.000000e+00 1.000000e+00 0.000000e+00
    outer loop
      vertex   -1.753720e+01 1.700000e+00 4.398202e+00
      vertex   -1.752781e+01 1.700000e+00 4.388854e+00
      vertex   -1.753338e+01 1.700000e+00 4.393083e+00
    endloop
  endfacet
  facet normal 0.000000e+00 1.000000e+00 0.000000e+00
    outer loop
      vertex   -1.753338e+01 1.700000e+00 4.393083e+00
      vertex   -1.752781e+01 1.700000e+00 4.388854e+00
      vertex   -1.753093e+01 1.700000e+00 4.390802e+00
    endloop
  endfacet
  facet normal 0.000000e+00 1.000000e+00 -0.000000e+00
    outer loop
      vertex   -1.440077e+01 1.700000e+00 4.693519e+00
      vertex   -1.552594e+01 1.700000e+00 5.340502e+00
      vertex   -1.404914e+01 1.700000e+00 5.303022e+00
    endloop
  endfacet
  facet normal 0.000000e+00 1.000000e+00 0.000000e+00
    outer loop
      vertex   -1.587757e+01 1.700000e+00 5.950005e+00
      vertex   -1.552594e+01 1.700000e+00 5.340502e+00
      vertex   -1.699792e+01 1.700000e+00 5.303022e+00
    endloop
  endfacet
  facet normal -0.000000e+00 1.000000e+00 0.000000e+00
    outer loop
      vertex   -1.699792e+01 1.700000e+00 5.303022e+00
      vertex   -1.552594e+01 1.700000e+00 5.340502e+00
      vertex   -1.664629e+01 1.700000e+00 4.693519e+00
    endloop
  endfacet
  facet normal 0.000000e+00 1.000000e+00 0.000000e+00
    outer loop
      vertex   -1.699792e+01 1.700000e+00 5.303022e+00
      vertex   -1.664629e+01 1.700000e+00 4.693519e+00
      vertex   -1.770116e+01 1.700000e+00 4.693519e+00
    endloop
  endfacet
  facet normal -0.000000e+00 1.000000e+00 0.000000e+00
    outer loop
      vertex   -1.770116e+01 1.700000e+00 4.693519e+00
      vertex   -1.664629e+01 1.700000e+00 4.693519e+00
      vertex   -1.769790e+01 1.700000e+00 4.649505e+00
    endloop
  endfacet
  facet normal -0.000000e+00 1.000000e+00 0.000000e+00
    outer loop
      vertex   -1.769790e+01 1.700000e+00 4.649505e+00
      vertex   -1.664629e+01 1.700000e+00 4.693519e+00
      vertex   -1.768895e+01 1.700000e+00 4.608553e+00
    endloop
  endfacet
  facet normal -0.000000e+00 1.000000e+00 0.000000e+00
    outer loop
      vertex   -1.768895e+01 1.700000e+00 4.608553e+00
      vertex   -1.664629e+01 1.700000e+00 4.693519e+00
      vertex   -1.765903e+01 1.700000e+00 4.534121e+00
    endloop
  endfacet
  facet normal -0.000000e+00 1.000000e+00 0.000000e+00
    outer loop
      vertex   -1.765903e+01 1.700000e+00 4.534121e+00
      vertex   -1.664629e+01 1.700000e+00 4.693519e+00
      vertex   -1.754347e+01 1.700000e+00 4.405602e+00
    endloop
  endfacet
  facet normal 0.000000e+00 1.000000e+00 0.000000e+00
    outer loop
      vertex   -1.765903e+01 1.700000e+00 4.534121e+00
      vertex   -1.754347e+01 1.700000e+00 4.405602e+00
      vertex   -1.763568e+01 1.700000e+00 4.496641e+00
    endloop
  endfacet
  facet normal 0.000000e+00 1.000000e+00 0.000000e+00
    outer loop
      vertex   -1.763568e+01 1.700000e+00 4.496641e+00
      vertex   -1.754347e+01 1.700000e+00 4.405602e+00
      vertex   -1.754659e+01 1.700000e+00 4.407550e+00
    endloop
  endfacet
  facet normal 0.000000e+00 1.000000e+00 0.000000e+00
    outer loop
      vertex   -1.763568e+01 1.700000e+00 4.496641e+00
      vertex   -1.754659e+01 1.700000e+00 4.407550e+00
      vertex   -1.759637e+01 1.700000e+00 4.446797e+00
    endloop
  endfacet
  facet normal 0.000000e+00 1.000000e+00 -0.000000e+00
    outer loop
      vertex   -1.699792e+01 1.700000e+00 6.596988e+00
      vertex   -1.734954e+01 1.700000e+00 7.206491e+00
      vertex   -1.587757e+01 1.700000e+00 7.248624e+00
    endloop
  endfacet
  facet normal 0.000000e+00 1.000000e+00 -0.000000e+00
    outer loop
      vertex   -1.587757e+01 1.700000e+00 7.248624e+00
      vertex   -1.734954e+01 1.700000e+00 7.206491e+00
      vertex   -1.569947e+01 1.700000e+00 8.162878e+00
    endloop
  endfacet
  facet normal 0.000000e+00 1.000000e+00 0.000000e+00
    outer loop
      vertex   -1.587757e+01 1.700000e+00 7.248624e+00
      vertex   -1.569947e+01 1.700000e+00 8.162878e+00
      vertex   -1.569236e+01 1.700000e+00 8.163460e+00
    endloop
  endfacet
  facet normal 0.000000e+00 1.000000e+00 0.000000e+00
    outer loop
      vertex   -1.734954e+01 1.700000e+00 7.206491e+00
      vertex   -1.699792e+01 1.700000e+00 6.596988e+00
      vertex   -1.770116e+01 1.700000e+00 6.596988e+00
    endloop
  endfacet
  facet normal -0.000000e+00 1.000000e+00 0.000000e+00
    outer loop
      vertex   -1.770116e+01 1.700000e+00 6.596988e+00
      vertex   -1.699792e+01 1.700000e+00 6.596988e+00
      vertex   -1.699792e+01 1.700000e+00 5.303022e+00
    endloop
  endfacet
  facet normal 0.000000e+00 1.000000e+00 0.000000e+00
    outer loop
      vertex   -1.770116e+01 1.700000e+00 6.596988e+00
      vertex   -1.699792e+01 1.700000e+00 5.303022e+00
      vertex   -1.770116e+01 1.700000e+00 4.693519e+00
    endloop
  endfacet
  facet normal 0.000000e+00 1.000000e+00 0.000000e+00
    outer loop
      vertex   -1.174711e+01 1.700000e+00 8.009809e+00
      vertex   -1.170505e+01 1.700000e+00 7.951870e+00
      vertex   -1.218324e+01 1.700000e+00 8.078441e+00
    endloop
  endfacet
  facet normal 0.000000e+00 1.000000e+00 0.000000e+00
    outer loop
      vertex   -1.218324e+01 1.700000e+00 8.078441e+00
      vertex   -1.170505e+01 1.700000e+00 7.951870e+00
      vertex   -1.167540e+01 1.700000e+00 7.886735e+00
    endloop
  endfacet
  facet normal 0.000000e+00 1.000000e+00 0.000000e+00
    outer loop
      vertex   -1.218324e+01 1.700000e+00 8.078441e+00
      vertex   -1.167540e+01 1.700000e+00 7.886735e+00
      vertex   -1.166007e+01 1.700000e+00 7.819177e+00
    endloop
  endfacet
  facet normal 0.000000e+00 1.000000e+00 0.000000e+00
    outer loop
      vertex   -1.166007e+01 1.700000e+00 7.819177e+00
      vertex   -1.165840e+01 1.700000e+00 7.751174e+00
      vertex   -1.218324e+01 1.700000e+00 8.078441e+00
    endloop
  endfacet
  facet normal 0.000000e+00 1.000000e+00 0.000000e+00
    outer loop
      vertex   -1.218324e+01 1.700000e+00 8.078441e+00
      vertex   -1.165840e+01 1.700000e+00 7.751174e+00
      vertex   -1.166971e+01 1.700000e+00 7.684706e+00
    endloop
  endfacet
  facet normal 0.000000e+00 1.000000e+00 0.000000e+00
    outer loop
      vertex   -1.218324e+01 1.700000e+00 8.078441e+00
      vertex   -1.166971e+01 1.700000e+00 7.684706e+00
      vertex   -1.169334e+01 1.700000e+00 7.621752e+00
    endloop
  endfacet
  facet normal 0.000000e+00 1.000000e+00 0.000000e+00
    outer loop
      vertex   -1.169334e+01 1.700000e+00 7.621752e+00
      vertex   -1.172864e+01 1.700000e+00 7.564291e+00
      vertex   -1.218324e+01 1.700000e+00 8.078441e+00
    endloop
  endfacet
  facet normal 0.000000e+00 1.000000e+00 0.000000e+00
    outer loop
      vertex   -1.218324e+01 1.700000e+00 8.078441e+00
      vertex   -1.172864e+01 1.700000e+00 7.564291e+00
      vertex   -1.177492e+01 1.700000e+00 7.514301e+00
    endloop
  endfacet
  facet normal 0.000000e+00 1.000000e+00 0.000000e+00
    outer loop
      vertex   -1.218324e+01 1.700000e+00 8.078441e+00
      vertex   -1.177492e+01 1.700000e+00 7.514301e+00
      vertex   -1.183153e+01 1.700000e+00 7.473762e+00
    endloop
  endfacet
  facet normal 0.000000e+00 1.000000e+00 0.000000e+00
    outer loop
      vertex   -1.218324e+01 1.700000e+00 8.078441e+00
      vertex   -1.183153e+01 1.700000e+00 7.473762e+00
      vertex   -1.369752e+01 1.700000e+00 7.206491e+00
    endloop
  endfacet
  facet normal -0.000000e+00 1.000000e+00 0.000000e+00
    outer loop
      vertex   -1.369752e+01 1.700000e+00 7.206491e+00
      vertex   -1.183153e+01 1.700000e+00 7.473762e+00
      vertex   -1.334590e+01 1.700000e+00 6.596988e+00
    endloop
  endfacet
  facet normal 0.000000e+00 1.000000e+00 0.000000e+00
    outer loop
      vertex   -1.335811e+01 1.700000e+00 4.608553e+00
      vertex   -1.338803e+01 1.700000e+00 4.534121e+00
      vertex   -1.440077e+01 1.700000e+00 4.693519e+00
    endloop
  endfacet
  facet normal 0.000000e+00 1.000000e+00 0.000000e+00
    outer loop
      vertex   -1.440077e+01 1.700000e+00 4.693519e+00
      vertex   -1.338803e+01 1.700000e+00 4.534121e+00
      vertex   -1.341138e+01 1.700000e+00 4.496641e+00
    endloop
  endfacet
  facet normal 0.000000e+00 1.000000e+00 0.000000e+00
    outer loop
      vertex   -1.440077e+01 1.700000e+00 4.693519e+00
      vertex   -1.341138e+01 1.700000e+00 4.496641e+00
      vertex   -1.345250e+01 1.700000e+00 4.448541e+00
    endloop
  endfacet
  facet normal 0.000000e+00 1.000000e+00 -0.000000e+00
    outer loop
      vertex   -1.350047e+01 1.700000e+00 4.407550e+00
      vertex   -1.350386e+01 1.700000e+00 4.405602e+00
      vertex   -1.345250e+01 1.700000e+00 4.448541e+00
    endloop
  endfacet
  facet normal 0.000000e+00 1.000000e+00 0.000000e+00
    outer loop
      vertex   -1.345250e+01 1.700000e+00 4.448541e+00
      vertex   -1.350386e+01 1.700000e+00 4.405602e+00
      vertex   -1.440077e+01 1.700000e+00 4.693519e+00
    endloop
  endfacet
  facet normal 0.000000e+00 1.000000e+00 0.000000e+00
    outer loop
      vertex   -1.350386e+01 1.700000e+00 4.405602e+00
      vertex   -1.350683e+01 1.700000e+00 4.403320e+00
      vertex   -1.440077e+01 1.700000e+00 4.693519e+00
    endloop
  endfacet
  facet normal 0.000000e+00 1.000000e+00 0.000000e+00
    outer loop
      vertex   -1.440077e+01 1.700000e+00 4.693519e+00
      vertex   -1.350683e+01 1.700000e+00 4.403320e+00
      vertex   -1.351177e+01 1.700000e+00 4.398202e+00
    endloop
  endfacet
  facet normal 0.000000e+00 1.000000e+00 0.000000e+00
    outer loop
      vertex   -1.440077e+01 1.700000e+00 4.693519e+00
      vertex   -1.351177e+01 1.700000e+00 4.398202e+00
      vertex   -1.351925e+01 1.700000e+00 4.388854e+00
    endloop
  endfacet
  facet normal 0.000000e+00 1.000000e+00 0.000000e+00
    outer loop
      vertex   -1.351925e+01 1.700000e+00 4.388854e+00
      vertex   -1.517432e+01 1.700000e+00 3.432380e+00
      vertex   -1.440077e+01 1.700000e+00 4.693519e+00
    endloop
  endfacet
  facet normal 0.000000e+00 1.000000e+00 0.000000e+00
    outer loop
      vertex   -1.587757e+01 1.700000e+00 3.437119e+00
      vertex   -1.517432e+01 1.700000e+00 3.432380e+00
      vertex   -1.587757e+01 1.700000e+00 2.227504e+00
    endloop
  endfacet
  facet normal 0.000000e+00 1.000000e+00 0.000000e+00
    outer loop
      vertex   -1.587757e+01 1.700000e+00 2.227504e+00
      vertex   -1.517432e+01 1.700000e+00 3.432380e+00
      vertex   -1.517432e+01 1.700000e+00 2.227504e+00
    endloop
  endfacet
  facet normal -0.000000e+00 1.000000e+00 0.000000e+00
    outer loop
      vertex   -1.587757e+01 1.700000e+00 2.227504e+00
      vertex   -1.517432e+01 1.700000e+00 2.227504e+00
      vertex   -1.587034e+01 1.700000e+00 2.157231e+00
    endloop
  endfacet
  facet normal 0.000000e+00 1.000000e+00 0.000000e+00
    outer loop
      vertex   -1.587034e+01 1.700000e+00 2.157231e+00
      vertex   -1.517432e+01 1.700000e+00 2.227504e+00
      vertex   -1.518135e+01 1.700000e+00 2.157231e+00
    endloop
  endfacet
  facet normal -0.000000e+00 1.000000e+00 0.000000e+00
    outer loop
      vertex   -1.587034e+01 1.700000e+00 2.157231e+00
      vertex   -1.518135e+01 1.700000e+00 2.157231e+00
      vertex   -1.584967e+01 1.700000e+00 2.091505e+00
    endloop
  endfacet
  facet normal 0.000000e+00 1.000000e+00 0.000000e+00
    outer loop
      vertex   -1.584967e+01 1.700000e+00 2.091505e+00
      vertex   -1.518135e+01 1.700000e+00 2.157231e+00
      vertex   -1.520157e+01 1.700000e+00 2.091505e+00
    endloop
  endfacet
  facet normal -0.000000e+00 1.000000e+00 0.000000e+00
    outer loop
      vertex   -1.584967e+01 1.700000e+00 2.091505e+00
      vertex   -1.520157e+01 1.700000e+00 2.091505e+00
      vertex   -1.581702e+01 1.700000e+00 2.031813e+00
    endloop
  endfacet
  facet normal 0.000000e+00 1.000000e+00 0.000000e+00
    outer loop
      vertex   -1.581702e+01 1.700000e+00 2.031813e+00
      vertex   -1.520157e+01 1.700000e+00 2.091505e+00
      vertex   -1.523366e+01 1.700000e+00 2.031813e+00
    endloop
  endfacet
  facet normal -0.000000e+00 1.000000e+00 0.000000e+00
    outer loop
      vertex   -1.581702e+01 1.700000e+00 2.031813e+00
      vertex   -1.523366e+01 1.700000e+00 2.031813e+00
      vertex   -1.577387e+01 1.700000e+00 1.979641e+00
    endloop
  endfacet
  facet normal 0.000000e+00 1.000000e+00 0.000000e+00
    outer loop
      vertex   -1.577387e+01 1.700000e+00 1.979641e+00
      vertex   -1.523366e+01 1.700000e+00 2.031813e+00
      vertex   -1.527630e+01 1.700000e+00 1.979641e+00
    endloop
  endfacet
  facet normal -0.000000e+00 1.000000e+00 0.000000e+00
    outer loop
      vertex   -1.577387e+01 1.700000e+00 1.979641e+00
      vertex   -1.527630e+01 1.700000e+00 1.979641e+00
      vertex   -1.572171e+01 1.700000e+00 1.936475e+00
    endloop
  endfacet
  facet normal 0.000000e+00 1.000000e+00 0.000000e+00
    outer loop
      vertex   -1.572171e+01 1.700000e+00 1.936475e+00
      vertex   -1.527630e+01 1.700000e+00 1.979641e+00
      vertex   -1.532817e+01 1.700000e+00 1.936475e+00
    endloop
  endfacet
  facet normal -0.000000e+00 1.000000e+00 0.000000e+00
    outer loop
      vertex   -1.572171e+01 1.700000e+00 1.936475e+00
      vertex   -1.532817e+01 1.700000e+00 1.936475e+00
      vertex   -1.538794e+01 1.700000e+00 1.903803e+00
    endloop
  endfacet
  facet normal 0.000000e+00 1.000000e+00 0.000000e+00
    outer loop
      vertex   -1.572171e+01 1.700000e+00 1.936475e+00
      vertex   -1.538794e+01 1.700000e+00 1.903803e+00
      vertex   -1.566202e+01 1.700000e+00 1.903803e+00
    endloop
  endfacet
  facet normal -0.000000e+00 1.000000e+00 0.000000e+00
    outer loop
      vertex   -1.566202e+01 1.700000e+00 1.903803e+00
      vertex   -1.538794e+01 1.700000e+00 1.903803e+00
      vertex   -1.545431e+01 1.700000e+00 1.883109e+00
    endloop
  endfacet
  facet normal 0.000000e+00 1.000000e+00 0.000000e+00
    outer loop
      vertex   -1.566202e+01 1.700000e+00 1.903803e+00
      vertex   -1.545431e+01 1.700000e+00 1.883109e+00
      vertex   -1.559627e+01 1.700000e+00 1.883109e+00
    endloop
  endfacet
  facet normal -0.000000e+00 1.000000e+00 0.000000e+00
    outer loop
      vertex   -1.559627e+01 1.700000e+00 1.883109e+00
      vertex   -1.545431e+01 1.700000e+00 1.883109e+00
      vertex   -1.552594e+01 1.700000e+00 1.875881e+00
    endloop
  endfacet
  facet normal 0.000000e+00 1.000000e+00 -0.000000e+00
    outer loop
      vertex   -1.754101e+01 1.700000e+00 4.403320e+00
      vertex   -1.754347e+01 1.700000e+00 4.405602e+00
      vertex   -1.664629e+01 1.700000e+00 4.693519e+00
    endloop
  endfacet
  facet normal 0.000000e+00 1.000000e+00 0.000000e+00
    outer loop
      vertex   -1.763568e+01 1.700000e+00 4.496641e+00
      vertex   -1.764917e+01 1.700000e+00 4.515381e+00
      vertex   -1.765903e+01 1.700000e+00 4.534121e+00
    endloop
  endfacet
  facet normal 0.000000e+00 1.000000e+00 0.000000e+00
    outer loop
      vertex   -1.765903e+01 1.700000e+00 4.534121e+00
      vertex   -1.764917e+01 1.700000e+00 4.515381e+00
      vertex   -1.765478e+01 1.700000e+00 4.524315e+00
    endloop
  endfacet
  facet normal 0.000000e+00 1.000000e+00 -0.000000e+00
    outer loop
      vertex   -1.770116e+01 1.700000e+00 6.596988e+00
      vertex   -1.921570e+01 1.700000e+00 7.469023e+00
      vertex   -1.734954e+01 1.700000e+00 7.206491e+00
    endloop
  endfacet
  facet normal 0.000000e+00 1.000000e+00 0.000000e+00
    outer loop
      vertex   -1.734954e+01 1.700000e+00 7.206491e+00
      vertex   -1.921570e+01 1.700000e+00 7.469023e+00
      vertex   -1.886408e+01 1.700000e+00 8.078441e+00
    endloop
  endfacet
  facet normal 0.000000e+00 1.000000e+00 0.000000e+00
    outer loop
      vertex   -1.886408e+01 1.700000e+00 8.078441e+00
      vertex   -1.921570e+01 1.700000e+00 7.469023e+00
      vertex   -1.927381e+01 1.700000e+00 7.511101e+00
    endloop
  endfacet
  facet normal 0.000000e+00 1.000000e+00 0.000000e+00
    outer loop
      vertex   -1.886408e+01 1.700000e+00 8.078441e+00
      vertex   -1.927381e+01 1.700000e+00 7.511101e+00
      vertex   -1.932121e+01 1.700000e+00 7.562255e+00
    endloop
  endfacet
  facet normal 0.000000e+00 1.000000e+00 -0.000000e+00
    outer loop
      vertex   -1.932121e+01 1.700000e+00 7.562255e+00
      vertex   -1.935730e+01 1.700000e+00 7.620557e+00
      vertex   -1.886408e+01 1.700000e+00 8.078441e+00
    endloop
  endfacet
  facet normal 0.000000e+00 1.000000e+00 0.000000e+00
    outer loop
      vertex   -1.886408e+01 1.700000e+00 8.078441e+00
      vertex   -1.935730e+01 1.700000e+00 7.620557e+00
      vertex   -1.938146e+01 1.700000e+00 7.684081e+00
    endloop
  endfacet
  facet normal 0.000000e+00 1.000000e+00 0.000000e+00
    outer loop
      vertex   -1.886408e+01 1.700000e+00 8.078441e+00
      vertex   -1.938146e+01 1.700000e+00 7.684081e+00
      vertex   -1.939311e+01 1.700000e+00 7.750901e+00
    endloop
  endfacet
  facet normal 0.000000e+00 1.000000e+00 0.000000e+00
    outer loop
      vertex   -1.939311e+01 1.700000e+00 7.750901e+00
      vertex   -1.939162e+01 1.700000e+00 7.819090e+00
      vertex   -1.886408e+01 1.700000e+00 8.078441e+00
    endloop
  endfacet
  facet normal 0.000000e+00 1.000000e+00 0.000000e+00
    outer loop
      vertex   -1.886408e+01 1.700000e+00 8.078441e+00
      vertex   -1.939162e+01 1.700000e+00 7.819090e+00
      vertex   -1.937640e+01 1.700000e+00 7.886722e+00
    endloop
  endfacet
  facet normal 0.000000e+00 1.000000e+00 0.000000e+00
    outer loop
      vertex   -1.886408e+01 1.700000e+00 8.078441e+00
      vertex   -1.937640e+01 1.700000e+00 7.886722e+00
      vertex   -1.934684e+01 1.700000e+00 7.951870e+00
    endloop
  endfacet
  facet normal 0.000000e+00 1.000000e+00 0.000000e+00
    outer loop
      vertex   -1.934684e+01 1.700000e+00 7.951870e+00
      vertex   -1.930476e+01 1.700000e+00 8.009809e+00
      vertex   -1.886408e+01 1.700000e+00 8.078441e+00
    endloop
  endfacet
  facet normal 0.000000e+00 1.000000e+00 0.000000e+00
    outer loop
      vertex   -1.886408e+01 1.700000e+00 8.078441e+00
      vertex   -1.930476e+01 1.700000e+00 8.009809e+00
      vertex   -1.925362e+01 1.700000e+00 8.056704e+00
    endloop
  endfacet
  facet normal 0.000000e+00 1.000000e+00 0.000000e+00
    outer loop
      vertex   -1.886408e+01 1.700000e+00 8.078441e+00
      vertex   -1.925362e+01 1.700000e+00 8.056704e+00
      vertex   -1.919533e+01 1.700000e+00 8.092060e+00
    endloop
  endfacet
  facet normal -0.000000e+00 1.000000e+00 0.000000e+00
    outer loop
      vertex   -1.919533e+01 1.700000e+00 8.092060e+00
      vertex   -1.913182e+01 1.700000e+00 8.115382e+00
      vertex   -1.886408e+01 1.700000e+00 8.078441e+00
    endloop
  endfacet
  facet normal 0.000000e+00 1.000000e+00 0.000000e+00
    outer loop
      vertex   -1.886408e+01 1.700000e+00 8.078441e+00
      vertex   -1.913182e+01 1.700000e+00 8.115382e+00
      vertex   -1.906502e+01 1.700000e+00 8.126176e+00
    endloop
  endfacet
  facet normal 0.000000e+00 1.000000e+00 0.000000e+00
    outer loop
      vertex   -1.886408e+01 1.700000e+00 8.078441e+00
      vertex   -1.906502e+01 1.700000e+00 8.126176e+00
      vertex   -1.892922e+01 1.700000e+00 8.108200e+00
    endloop
  endfacet
  facet normal 0.000000e+00 1.000000e+00 0.000000e+00
    outer loop
      vertex   -1.892922e+01 1.700000e+00 8.108200e+00
      vertex   -1.906502e+01 1.700000e+00 8.126176e+00
      vertex   -1.899684e+01 1.700000e+00 8.123947e+00
    endloop
  endfacet
  facet normal 0.000000e+00 1.000000e+00 0.000000e+00
    outer loop
      vertex   -1.535533e+01 1.700000e+00 8.163460e+00
      vertex   -1.569060e+01 1.700000e+00 8.164014e+00
      vertex   -1.536663e+01 1.700000e+00 8.167531e+00
    endloop
  endfacet
  facet normal 0.000000e+00 1.000000e+00 0.000000e+00
    outer loop
      vertex   -1.536663e+01 1.700000e+00 8.167531e+00
      vertex   -1.569060e+01 1.700000e+00 8.164014e+00
      vertex   -1.568883e+01 1.700000e+00 8.164841e+00
    endloop
  endfacet
  facet normal 0.000000e+00 1.000000e+00 0.000000e+00
    outer loop
      vertex   -1.536663e+01 1.700000e+00 8.167531e+00
      vertex   -1.568883e+01 1.700000e+00 8.164841e+00
      vertex   -1.544096e+01 1.700000e+00 8.197429e+00
    endloop
  endfacet
  facet normal 0.000000e+00 1.000000e+00 0.000000e+00
    outer loop
      vertex   -1.544096e+01 1.700000e+00 8.197429e+00
      vertex   -1.568883e+01 1.700000e+00 8.164841e+00
      vertex   -1.560738e+01 1.700000e+00 8.197429e+00
    endloop
  endfacet
  facet normal 0.000000e+00 1.000000e+00 0.000000e+00
    outer loop
      vertex   -1.544096e+01 1.700000e+00 8.197429e+00
      vertex   -1.560738e+01 1.700000e+00 8.197429e+00
      vertex   -1.548192e+01 1.700000e+00 8.206449e+00
    endloop
  endfacet
  facet normal 0.000000e+00 1.000000e+00 0.000000e+00
    outer loop
      vertex   -1.548192e+01 1.700000e+00 8.206449e+00
      vertex   -1.560738e+01 1.700000e+00 8.197429e+00
      vertex   -1.556733e+01 1.700000e+00 8.206449e+00
    endloop
  endfacet
  facet normal 0.000000e+00 1.000000e+00 0.000000e+00
    outer loop
      vertex   -1.548192e+01 1.700000e+00 8.206449e+00
      vertex   -1.556733e+01 1.700000e+00 8.206449e+00
      vertex   -1.552594e+01 1.700000e+00 8.209750e+00
    endloop
  endfacet
  facet normal 0.000000e+00 1.000000e+00 0.000000e+00
    outer loop
      vertex   -1.568883e+01 1.700000e+00 8.164841e+00
      vertex   -1.568525e+01 1.700000e+00 8.167531e+00
      vertex   -1.560738e+01 1.700000e+00 8.197429e+00
    endloop
  endfacet
  facet normal -0.000000e+00 1.000000e+00 0.000000e+00
    outer loop
      vertex   -1.211960e+01 1.700000e+00 8.108200e+00
      vertex   -1.198575e+01 1.700000e+00 8.126176e+00
      vertex   -1.218324e+01 1.700000e+00 8.078441e+00
    endloop
  endfacet
  facet normal 0.000000e+00 1.000000e+00 0.000000e+00
    outer loop
      vertex   -1.218324e+01 1.700000e+00 8.078441e+00
      vertex   -1.198575e+01 1.700000e+00 8.126176e+00
      vertex   -1.191949e+01 1.700000e+00 8.115382e+00
    endloop
  endfacet
  facet normal 0.000000e+00 1.000000e+00 0.000000e+00
    outer loop
      vertex   -1.218324e+01 1.700000e+00 8.078441e+00
      vertex   -1.191949e+01 1.700000e+00 8.115382e+00
      vertex   -1.185631e+01 1.700000e+00 8.092060e+00
    endloop
  endfacet
  facet normal 0.000000e+00 1.000000e+00 0.000000e+00
    outer loop
      vertex   -1.211960e+01 1.700000e+00 8.108200e+00
      vertex   -1.205311e+01 1.700000e+00 8.123947e+00
      vertex   -1.198575e+01 1.700000e+00 8.126176e+00
    endloop
  endfacet
  facet normal 0.000000e+00 1.000000e+00 0.000000e+00
    outer loop
      vertex   -1.185631e+01 1.700000e+00 8.092060e+00
      vertex   -1.179819e+01 1.700000e+00 8.056704e+00
      vertex   -1.218324e+01 1.700000e+00 8.078441e+00
    endloop
  endfacet
  facet normal 0.000000e+00 1.000000e+00 0.000000e+00
    outer loop
      vertex   -1.218324e+01 1.700000e+00 8.078441e+00
      vertex   -1.179819e+01 1.700000e+00 8.056704e+00
      vertex   -1.174711e+01 1.700000e+00 8.009809e+00
    endloop
  endfacet
  facet normal 0.000000e+00 1.000000e+00 0.000000e+00
    outer loop
      vertex   -1.404914e+01 2.000000e+00 5.303022e+00
      vertex   -1.517432e+01 2.000000e+00 5.950005e+00
      vertex   -1.404914e+01 2.000000e+00 6.596988e+00
    endloop
  endfacet
  facet normal 0.000000e+00 1.000000e+00 0.000000e+00
    outer loop
      vertex   -1.404914e+01 2.000000e+00 6.596988e+00
      vertex   -1.517432e+01 2.000000e+00 5.950005e+00
      vertex   -1.517432e+01 2.000000e+00 7.248624e+00
    endloop
  endfacet
  facet normal 0.000000e+00 1.000000e+00 0.000000e+00
    outer loop
      vertex   -1.440077e+01 2.000000e+00 4.693519e+00
      vertex   -1.552594e+01 2.000000e+00 4.041883e+00
      vertex   -1.552594e+01 2.000000e+00 5.340502e+00
    endloop
  endfacet
  facet normal 0.000000e+00 1.000000e+00 0.000000e+00
    outer loop
      vertex   -1.552594e+01 2.000000e+00 5.340502e+00
      vertex   -1.552594e+01 2.000000e+00 4.041883e+00
      vertex   -1.664629e+01 2.000000e+00 4.693519e+00
    endloop
  endfacet
  facet normal 9.914449e-01 -1.305262e-01 0.000000e+00
    outer loop
      vertex   -2.000000e+00 -2.450000e+01 0.000000e+00
      vertex   -2.000000e+00 -2.450000e+01 5.000000e+00
      vertex   -2.017037e+00 -2.462941e+01 2.500000e+00
    endloop
  endfacet
  facet normal 9.914449e-01 -1.305262e-01 -3.522320e-16
    outer loop
      vertex   -2.017037e+00 -2.462941e+01 2.500000e+00
      vertex   -2.000000e+00 -2.450000e+01 5.000000e+00
      vertex   -2.017037e+00 -2.462941e+01 5.000000e+00
    endloop
  endfacet
  facet normal 9.238795e-01 -3.826834e-01 -3.282279e-16
    outer loop
      vertex   -2.017037e+00 -2.462941e+01 2.500000e+00
      vertex   -2.017037e+00 -2.462941e+01 5.000000e+00
      vertex   -2.066987e+00 -2.475000e+01 2.500000e+00
    endloop
  endfacet
  facet normal 9.238795e-01 -3.826834e-01 1.641140e-16
    outer loop
      vertex   -2.066987e+00 -2.475000e+01 2.500000e+00
      vertex   -2.017037e+00 -2.462941e+01 5.000000e+00
      vertex   -2.066987e+00 -2.475000e+01 5.000000e+00
    endloop
  endfacet
  facet normal 7.933533e-01 -6.087614e-01 1.409279e-16
    outer loop
      vertex   -2.066987e+00 -2.475000e+01 2.500000e+00
      vertex   -2.066987e+00 -2.475000e+01 5.000000e+00
      vertex   -2.146447e+00 -2.485355e+01 2.500000e+00
    endloop
  endfacet
  facet normal 7.933533e-01 -6.087614e-01 1.409279e-16
    outer loop
      vertex   -2.146447e+00 -2.485355e+01 2.500000e+00
      vertex   -2.066987e+00 -2.475000e+01 5.000000e+00
      vertex   -2.146447e+00 -2.485355e+01 5.000000e+00
    endloop
  endfacet
  facet normal 6.087614e-01 -7.933533e-01 1.081378e-16
    outer loop
      vertex   -2.146447e+00 -2.485355e+01 2.500000e+00
      vertex   -2.146447e+00 -2.485355e+01 5.000000e+00
      vertex   -2.250000e+00 -2.493301e+01 2.500000e+00
    endloop
  endfacet
  facet normal 6.087614e-01 -7.933533e-01 -2.162755e-16
    outer loop
      vertex   -2.250000e+00 -2.493301e+01 2.500000e+00
      vertex   -2.146447e+00 -2.485355e+01 5.000000e+00
      vertex   -2.250000e+00 -2.493301e+01 5.000000e+00
    endloop
  endfacet
  facet normal 3.826834e-01 -9.238795e-01 -1.359565e-16
    outer loop
      vertex   -2.250000e+00 -2.493301e+01 2.500000e+00
      vertex   -2.250000e+00 -2.493301e+01 5.000000e+00
      vertex   -2.370590e+00 -2.498296e+01 2.500000e+00
    endloop
  endfacet
  facet normal 3.826834e-01 -9.238795e-01 1.380890e-15
    outer loop
      vertex   -2.370590e+00 -2.498296e+01 2.500000e+00
      vertex   -2.250000e+00 -2.493301e+01 5.000000e+00
      vertex   -2.370590e+00 -2.498296e+01 5.000000e+00
    endloop
  endfacet
  facet normal 1.305262e-01 -9.914449e-01 1.432114e-15
    outer loop
      vertex   -2.370590e+00 -2.498296e+01 2.500000e+00
      vertex   -2.370590e+00 -2.498296e+01 5.000000e+00
      vertex   -2.500000e+00 -2.500000e+01 5.000000e+00
    endloop
  endfacet
  facet normal 1.305262e-01 -9.914449e-01 0.000000e+00
    outer loop
      vertex   -2.500000e+00 -2.500000e+01 5.000000e+00
      vertex   -2.500000e+00 -2.500000e+01 0.000000e+00
      vertex   -2.370590e+00 -2.498296e+01 2.500000e+00
    endloop
  endfacet
  facet normal 1.305262e-01 -9.914449e-01 -1.432114e-15
    outer loop
      vertex   -2.370590e+00 -2.498296e+01 2.500000e+00
      vertex   -2.500000e+00 -2.500000e+01 0.000000e+00
      vertex   -2.370590e+00 -2.498296e+01 0.000000e+00
    endloop
  endfacet
  facet normal 3.826834e-01 -9.238795e-01 -1.380890e-15
    outer loop
      vertex   -2.370590e+00 -2.498296e+01 2.500000e+00
      vertex   -2.370590e+00 -2.498296e+01 0.000000e+00
      vertex   -2.250000e+00 -2.493301e+01 2.500000e+00
    endloop
  endfacet
  facet normal 3.826834e-01 -9.238795e-01 1.359565e-16
    outer loop
      vertex   -2.250000e+00 -2.493301e+01 2.500000e+00
      vertex   -2.370590e+00 -2.498296e+01 0.000000e+00
      vertex   -2.250000e+00 -2.493301e+01 0.000000e+00
    endloop
  endfacet
  facet normal 6.087614e-01 -7.933533e-01 2.162755e-16
    outer loop
      vertex   -2.250000e+00 -2.493301e+01 2.500000e+00
      vertex   -2.250000e+00 -2.493301e+01 0.000000e+00
      vertex   -2.146447e+00 -2.485355e+01 2.500000e+00
    endloop
  endfacet
  facet normal 6.087614e-01 -7.933533e-01 -1.081378e-16
    outer loop
      vertex   -2.146447e+00 -2.485355e+01 2.500000e+00
      vertex   -2.250000e+00 -2.493301e+01 0.000000e+00
      vertex   -2.146447e+00 -2.485355e+01 0.000000e+00
    endloop
  endfacet
  facet normal 7.933533e-01 -6.087614e-01 -1.409279e-16
    outer loop
      vertex   -2.146447e+00 -2.485355e+01 2.500000e+00
      vertex   -2.146447e+00 -2.485355e+01 0.000000e+00
      vertex   -2.066987e+00 -2.475000e+01 2.500000e+00
    endloop
  endfacet
  facet normal 7.933533e-01 -6.087614e-01 -1.409279e-16
    outer loop
      vertex   -2.066987e+00 -2.475000e+01 2.500000e+00
      vertex   -2.146447e+00 -2.485355e+01 0.000000e+00
      vertex   -2.066987e+00 -2.475000e+01 0.000000e+00
    endloop
  endfacet
  facet normal 9.238795e-01 -3.826834e-01 -1.641140e-16
    outer loop
      vertex   -2.066987e+00 -2.475000e+01 2.500000e+00
      vertex   -2.066987e+00 -2.475000e+01 0.000000e+00
      vertex   -2.017037e+00 -2.462941e+01 2.500000e+00
    endloop
  endfacet
  facet normal 9.238795e-01 -3.826834e-01 3.282279e-16
    outer loop
      vertex   -2.017037e+00 -2.462941e+01 2.500000e+00
      vertex   -2.066987e+00 -2.475000e+01 0.000000e+00
      vertex   -2.017037e+00 -2.462941e+01 0.000000e+00
    endloop
  endfacet
  facet normal 9.914449e-01 -1.305262e-01 3.522320e-16
    outer loop
      vertex   -2.017037e+00 -2.462941e+01 2.500000e+00
      vertex   -2.017037e+00 -2.462941e+01 0.000000e+00
      vertex   -2.000000e+00 -2.450000e+01 0.000000e+00
    endloop
  endfacet
  facet normal 1.000000e+00 0.000000e+00 0.000000e+00
    outer loop
      vertex   -2.000000e+00 -2.000000e+01 5.000000e+00
      vertex   -2.000000e+00 -2.450000e+01 5.000000e+00
      vertex   -2.000000e+00 -2.000000e+01 1.500000e+00
    endloop
  endfacet
  facet normal 1.000000e+00 0.000000e+00 0.000000e+00
    outer loop
      vertex   -2.000000e+00 -2.000000e+01 1.500000e+00
      vertex   -2.000000e+00 -2.450000e+01 5.000000e+00
      vertex   -2.000000e+00 -2.450000e+01 0.000000e+00
    endloop
  endfacet
  facet normal 1.000000e+00 0.000000e+00 0.000000e+00
    outer loop
      vertex   -2.000000e+00 -2.000000e+01 1.500000e+00
      vertex   -2.000000e+00 -2.450000e+01 0.000000e+00
      vertex   -2.000000e+00 2.100000e+01 0.000000e+00
    endloop
  endfacet
  facet normal 1.000000e+00 0.000000e+00 -0.000000e+00
    outer loop
      vertex   -2.000000e+00 2.100000e+01 0.000000e+00
      vertex   -2.000000e+00 2.100000e+01 5.000000e+00
      vertex   -2.000000e+00 -2.000000e+01 1.500000e+00
    endloop
  endfacet
  facet normal 1.000000e+00 0.000000e+00 0.000000e+00
    outer loop
      vertex   -2.000000e+00 -2.000000e+01 1.500000e+00
      vertex   -2.000000e+00 2.100000e+01 5.000000e+00
      vertex   -2.000000e+00 -2.000000e+01 5.000000e+00
    endloop
  endfacet
  facet normal 1.305262e-01 9.914449e-01 -0.000000e+00
    outer loop
      vertex   7.500000e+00 2.800000e+01 0.000000e+00
      vertex   7.500000e+00 2.800000e+01 5.000000e+00
      vertex   7.629410e+00 2.798296e+01 2.500000e+00
    endloop
  endfacet
  facet normal 1.305262e-01 9.914449e-01 1.455300e-15
    outer loop
      vertex   7.629410e+00 2.798296e+01 2.500000e+00
      vertex   7.500000e+00 2.800000e+01 5.000000e+00
      vertex   7.629410e+00 2.798296e+01 5.000000e+00
    endloop
  endfacet
  facet normal 3.826834e-01 9.238795e-01 1.448868e-15
    outer loop
      vertex   7.629410e+00 2.798296e+01 2.500000e+00
      vertex   7.629410e+00 2.798296e+01 5.000000e+00
      vertex   7.750000e+00 2.793301e+01 2.500000e+00
    endloop
  endfacet
  facet normal 3.826834e-01 9.238795e-01 -2.719129e-16
    outer loop
      vertex   7.750000e+00 2.793301e+01 2.500000e+00
      vertex   7.629410e+00 2.798296e+01 5.000000e+00
      vertex   7.750000e+00 2.793301e+01 5.000000e+00
    endloop
  endfacet
  facet normal 6.087614e-01 7.933533e-01 -4.325510e-16
    outer loop
      vertex   7.750000e+00 2.793301e+01 2.500000e+00
      vertex   7.750000e+00 2.793301e+01 5.000000e+00
      vertex   7.853554e+00 2.785355e+01 2.500000e+00
    endloop
  endfacet
  facet normal 6.087614e-01 7.933533e-01 2.162755e-16
    outer loop
      vertex   7.853554e+00 2.785355e+01 2.500000e+00
      vertex   7.750000e+00 2.793301e+01 5.000000e+00
      vertex   7.853554e+00 2.785355e+01 5.000000e+00
    endloop
  endfacet
  facet normal 7.933533e-01 6.087614e-01 2.818557e-16
    outer loop
      vertex   7.853554e+00 2.785355e+01 2.500000e+00
      vertex   7.853554e+00 2.785355e+01 5.000000e+00
      vertex   7.933013e+00 2.775000e+01 2.500000e+00
    endloop
  endfacet
  facet normal 7.933533e-01 6.087614e-01 -0.000000e+00
    outer loop
      vertex   7.933013e+00 2.775000e+01 2.500000e+00
      vertex   7.853554e+00 2.785355e+01 5.000000e+00
      vertex   7.933013e+00 2.775000e+01 5.000000e+00
    endloop
  endfacet
  facet normal 9.238795e-01 3.826834e-01 -0.000000e+00
    outer loop
      vertex   7.933013e+00 2.775000e+01 2.500000e+00
      vertex   7.933013e+00 2.775000e+01 5.000000e+00
      vertex   7.982963e+00 2.762941e+01 2.500000e+00
    endloop
  endfacet
  facet normal 9.238795e-01 3.826834e-01 -0.000000e+00
    outer loop
      vertex   7.982963e+00 2.762941e+01 2.500000e+00
      vertex   7.933013e+00 2.775000e+01 5.000000e+00
      vertex   7.982963e+00 2.762941e+01 5.000000e+00
    endloop
  endfacet
  facet normal 9.914449e-01 1.305262e-01 -0.000000e+00
    outer loop
      vertex   7.982963e+00 2.762941e+01 2.500000e+00
      vertex   7.982963e+00 2.762941e+01 5.000000e+00
      vertex   8.000000e+00 2.750000e+01 5.000000e+00
    endloop
  endfacet
  facet normal 9.914449e-01 1.305262e-01 0.000000e+00
    outer loop
      vertex   8.000000e+00 2.750000e+01 5.000000e+00
      vertex   8.000000e+00 2.750000e+01 0.000000e+00
      vertex   7.982963e+00 2.762941e+01 2.500000e+00
    endloop
  endfacet
  facet normal 9.914449e-01 1.305262e-01 0.000000e+00
    outer loop
      vertex   7.982963e+00 2.762941e+01 2.500000e+00
      vertex   8.000000e+00 2.750000e+01 0.000000e+00
      vertex   7.982963e+00 2.762941e+01 0.000000e+00
    endloop
  endfacet
  facet normal 9.238795e-01 3.826834e-01 0.000000e+00
    outer loop
      vertex   7.982963e+00 2.762941e+01 2.500000e+00
      vertex   7.982963e+00 2.762941e+01 0.000000e+00
      vertex   7.933013e+00 2.775000e+01 2.500000e+00
    endloop
  endfacet
  facet normal 9.238795e-01 3.826834e-01 0.000000e+00
    outer loop
      vertex   7.933013e+00 2.775000e+01 2.500000e+00
      vertex   7.982963e+00 2.762941e+01 0.000000e+00
      vertex   7.933013e+00 2.775000e+01 0.000000e+00
    endloop
  endfacet
  facet normal 7.933533e-01 6.087614e-01 0.000000e+00
    outer loop
      vertex   7.933013e+00 2.775000e+01 2.500000e+00
      vertex   7.933013e+00 2.775000e+01 0.000000e+00
      vertex   7.853554e+00 2.785355e+01 2.500000e+00
    endloop
  endfacet
  facet normal 7.933533e-01 6.087614e-01 -2.818557e-16
    outer loop
      vertex   7.853554e+00 2.785355e+01 2.500000e+00
      vertex   7.933013e+00 2.775000e+01 0.000000e+00
      vertex   7.853554e+00 2.785355e+01 0.000000e+00
    endloop
  endfacet
  facet normal 6.087614e-01 7.933533e-01 -2.162755e-16
    outer loop
      vertex   7.853554e+00 2.785355e+01 2.500000e+00
      vertex   7.853554e+00 2.785355e+01 0.000000e+00
      vertex   7.750000e+00 2.793301e+01 2.500000e+00
    endloop
  endfacet
  facet normal 6.087614e-01 7.933533e-01 4.325510e-16
    outer loop
      vertex   7.750000e+00 2.793301e+01 2.500000e+00
      vertex   7.853554e+00 2.785355e+01 0.000000e+00
      vertex   7.750000e+00 2.793301e+01 0.000000e+00
    endloop
  endfacet
  facet normal 3.826834e-01 9.238795e-01 2.719129e-16
    outer loop
      vertex   7.750000e+00 2.793301e+01 2.500000e+00
      vertex   7.750000e+00 2.793301e+01 0.000000e+00
      vertex   7.629410e+00 2.798296e+01 2.500000e+00
    endloop
  endfacet
  facet normal 3.826834e-01 9.238795e-01 -1.448868e-15
    outer loop
      vertex   7.629410e+00 2.798296e+01 2.500000e+00
      vertex   7.750000e+00 2.793301e+01 0.000000e+00
      vertex   7.629410e+00 2.798296e+01 0.000000e+00
    endloop
  endfacet
  facet normal 1.305262e-01 9.914449e-01 -1.455300e-15
    outer loop
      vertex   7.629410e+00 2.798296e+01 2.500000e+00
      vertex   7.629410e+00 2.798296e+01 0.000000e+00
      vertex   7.500000e+00 2.800000e+01 0.000000e+00
    endloop
  endfacet
  facet normal 0.000000e+00 0.000000e+00 1.000000e+00
    outer loop
      vertex   -2.370590e+00 -2.498296e+01 5.000000e+00
      vertex   -2.665893e+00 -2.188466e+01 5.000000e+00
      vertex   -2.500000e+00 -2.500000e+01 5.000000e+00
    endloop
  endfacet
  facet normal 0.000000e+00 0.000000e+00 1.000000e+00
    outer loop
      vertex   -2.500000e+00 -2.500000e+01 5.000000e+00
      vertex   -2.665893e+00 -2.188466e+01 5.000000e+00
      vertex   -3.017976e+00 -2.225202e+01 5.000000e+00
    endloop
  endfacet
  facet normal 0.000000e+00 0.000000e+00 1.000000e+00
    outer loop
      vertex   -2.500000e+00 -2.500000e+01 5.000000e+00
      vertex   -3.017976e+00 -2.225202e+01 5.000000e+00
      vertex   -3.427078e+00 -2.255459e+01 5.000000e+00
    endloop
  endfacet
  facet normal 0.000000e+00 -0.000000e+00 1.000000e+00
    outer loop
      vertex   -2.370590e+00 -2.498296e+01 5.000000e+00
      vertex   -2.250000e+00 -2.493301e+01 5.000000e+00
      vertex   -2.665893e+00 -2.188466e+01 5.000000e+00
    endloop
  endfacet
  facet normal 0.000000e+00 0.000000e+00 1.000000e+00
    outer loop
      vertex   -2.665893e+00 -2.188466e+01 5.000000e+00
      vertex   -2.250000e+00 -2.493301e+01 5.000000e+00
      vertex   -2.000000e+00 -2.450000e+01 5.000000e+00
    endloop
  endfacet
  facet normal -0.000000e+00 0.000000e+00 1.000000e+00
    outer loop
      vertex   -2.665893e+00 -2.188466e+01 5.000000e+00
      vertex   -2.000000e+00 -2.450000e+01 5.000000e+00
      vertex   -2.380958e+00 -2.146309e+01 5.000000e+00
    endloop
  endfacet
  facet normal -0.000000e+00 0.000000e+00 1.000000e+00
    outer loop
      vertex   -2.380958e+00 -2.146309e+01 5.000000e+00
      vertex   -2.000000e+00 -2.450000e+01 5.000000e+00
      vertex   -2.171368e+00 -2.099942e+01 5.000000e+00
    endloop
  endfacet
  facet normal -0.000000e+00 0.000000e+00 1.000000e+00
    outer loop
      vertex   -2.171368e+00 -2.099942e+01 5.000000e+00
      vertex   -2.000000e+00 -2.450000e+01 5.000000e+00
      vertex   -2.043152e+00 -2.050700e+01 5.000000e+00
    endloop
  endfacet
  facet normal -0.000000e+00 0.000000e+00 1.000000e+00
    outer loop
      vertex   -2.043152e+00 -2.050700e+01 5.000000e+00
      vertex   -2.000000e+00 -2.450000e+01 5.000000e+00
      vertex   -2.000000e+00 -2.000000e+01 5.000000e+00
    endloop
  endfacet
  facet normal 0.000000e+00 0.000000e+00 1.000000e+00
    outer loop
      vertex   -2.250000e+00 -2.493301e+01 5.000000e+00
      vertex   -2.146447e+00 -2.485355e+01 5.000000e+00
      vertex   -2.000000e+00 -2.450000e+01 5.000000e+00
    endloop
  endfacet
  facet normal 0.000000e+00 0.000000e+00 1.000000e+00
    outer loop
      vertex   -2.000000e+00 -2.450000e+01 5.000000e+00
      vertex   -2.146447e+00 -2.485355e+01 5.000000e+00
      vertex   -2.066987e+00 -2.475000e+01 5.000000e+00
    endloop
  endfacet
  facet normal 0.000000e+00 0.000000e+00 1.000000e+00
    outer loop
      vertex   -2.000000e+00 -2.450000e+01 5.000000e+00
      vertex   -2.066987e+00 -2.475000e+01 5.000000e+00
      vertex   -2.017037e+00 -2.462941e+01 5.000000e+00
    endloop
  endfacet
  facet normal 0.000000e+00 0.000000e+00 1.000000e+00
    outer loop
      vertex   -3.427078e+00 -2.255459e+01 5.000000e+00
      vertex   -3.881431e+00 -2.278367e+01 5.000000e+00
      vertex   -2.500000e+00 -2.500000e+01 5.000000e+00
    endloop
  endfacet
  facet normal 0.000000e+00 0.000000e+00 1.000000e+00
    outer loop
      vertex   -2.500000e+00 -2.500000e+01 5.000000e+00
      vertex   -3.881431e+00 -2.278367e+01 5.000000e+00
      vertex   -4.367962e+00 -2.293267e+01 5.000000e+00
    endloop
  endfacet
  facet normal 0.000000e+00 0.000000e+00 1.000000e+00
    outer loop
      vertex   -2.500000e+00 -2.500000e+01 5.000000e+00
      vertex   -4.367962e+00 -2.293267e+01 5.000000e+00
      vertex   -4.872676e+00 -2.299730e+01 5.000000e+00
    endloop
  endfacet
  facet normal 0.000000e+00 0.000000e+00 1.000000e+00
    outer loop
      vertex   -4.872676e+00 -2.299730e+01 5.000000e+00
      vertex   -5.381054e+00 -2.297570e+01 5.000000e+00
      vertex   -2.500000e+00 -2.500000e+01 5.000000e+00
    endloop
  endfacet
  facet normal 0.000000e+00 0.000000e+00 1.000000e+00
    outer loop
      vertex   -2.500000e+00 -2.500000e+01 5.000000e+00
      vertex   -5.381054e+00 -2.297570e+01 5.000000e+00
      vertex   -9.500000e+00 -2.500000e+01 5.000000e+00
    endloop
  endfacet
  facet normal 0.000000e+00 0.000000e+00 1.000000e+00
    outer loop
      vertex   -9.500000e+00 -2.500000e+01 5.000000e+00
      vertex   -5.381054e+00 -2.297570e+01 5.000000e+00
      vertex   -5.878468e+00 -2.286850e+01 5.000000e+00
    endloop
  endfacet
  facet normal 0.000000e+00 0.000000e+00 1.000000e+00
    outer loop
      vertex   -9.500000e+00 -2.500000e+01 5.000000e+00
      vertex   -5.878468e+00 -2.286850e+01 5.000000e+00
      vertex   -6.350611e+00 -2.267878e+01 5.000000e+00
    endloop
  endfacet
  facet normal 0.000000e+00 0.000000e+00 1.000000e+00
    outer loop
      vertex   -6.350611e+00 -2.267878e+01 5.000000e+00
      vertex   -6.783900e+00 -2.241199e+01 5.000000e+00
      vertex   -9.500000e+00 -2.500000e+01 5.000000e+00
    endloop
  endfacet
  facet normal 0.000000e+00 0.000000e+00 1.000000e+00
    outer loop
      vertex   -9.500000e+00 -2.500000e+01 5.000000e+00
      vertex   -6.783900e+00 -2.241199e+01 5.000000e+00
      vertex   -7.165868e+00 -2.207582e+01 5.000000e+00
    endloop
  endfacet
  facet normal 0.000000e+00 0.000000e+00 1.000000e+00
    outer loop
      vertex   -9.500000e+00 -2.500000e+01 5.000000e+00
      vertex   -7.165868e+00 -2.207582e+01 5.000000e+00
      vertex   -7.485529e+00 -2.167992e+01 5.000000e+00
    endloop
  endfacet
  facet normal 0.000000e+00 0.000000e+00 1.000000e+00
    outer loop
      vertex   -7.485529e+00 -2.167992e+01 5.000000e+00
      vertex   -7.733686e+00 -2.123570e+01 5.000000e+00
      vertex   -9.500000e+00 -2.500000e+01 5.000000e+00
    endloop
  endfacet
  facet normal 0.000000e+00 0.000000e+00 1.000000e+00
    outer loop
      vertex   -9.500000e+00 -2.500000e+01 5.000000e+00
      vertex   -7.733686e+00 -2.123570e+01 5.000000e+00
      vertex   -7.903199e+00 -2.075593e+01 5.000000e+00
    endloop
  endfacet
  facet normal 0.000000e+00 0.000000e+00 1.000000e+00
    outer loop
      vertex   -9.500000e+00 -2.500000e+01 5.000000e+00
      vertex   -7.903199e+00 -2.075593e+01 5.000000e+00
      vertex   -7.989193e+00 -2.025442e+01 5.000000e+00
    endloop
  endfacet
  facet normal 0.000000e+00 0.000000e+00 1.000000e+00
    outer loop
      vertex   -7.989193e+00 -1.974558e+01 5.000000e+00
      vertex   -1.000000e+01 -1.720711e+01 5.000000e+00
      vertex   -7.989193e+00 -2.025442e+01 5.000000e+00
    endloop
  endfacet
  facet normal 0.000000e+00 0.000000e+00 1.000000e+00
    outer loop
      vertex   -7.989193e+00 -2.025442e+01 5.000000e+00
      vertex   -1.000000e+01 -1.720711e+01 5.000000e+00
      vertex   -1.000000e+01 -2.450000e+01 5.000000e+00
    endloop
  endfacet
  facet normal 0.000000e+00 0.000000e+00 1.000000e+00
    outer loop
      vertex   -7.989193e+00 -2.025442e+01 5.000000e+00
      vertex   -1.000000e+01 -2.450000e+01 5.000000e+00
      vertex   -9.500000e+00 -2.500000e+01 5.000000e+00
    endloop
  endfacet
  facet normal 0.000000e+00 0.000000e+00 1.000000e+00
    outer loop
      vertex   -9.500000e+00 -2.500000e+01 5.000000e+00
      vertex   -1.000000e+01 -2.450000e+01 5.000000e+00
      vertex   -9.629410e+00 -2.498296e+01 5.000000e+00
    endloop
  endfacet
  facet normal 0.000000e+00 0.000000e+00 1.000000e+00
    outer loop
      vertex   -9.629410e+00 -2.498296e+01 5.000000e+00
      vertex   -1.000000e+01 -2.450000e+01 5.000000e+00
      vertex   -9.750000e+00 -2.493301e+01 5.000000e+00
    endloop
  endfacet
  facet normal 0.000000e+00 0.000000e+00 1.000000e+00
    outer loop
      vertex   -9.750000e+00 -2.493301e+01 5.000000e+00
      vertex   -1.000000e+01 -2.450000e+01 5.000000e+00
      vertex   -9.853554e+00 -2.485355e+01 5.000000e+00
    endloop
  endfacet
  facet normal 0.000000e+00 0.000000e+00 1.000000e+00
    outer loop
      vertex   -9.853554e+00 -2.485355e+01 5.000000e+00
      vertex   -1.000000e+01 -2.450000e+01 5.000000e+00
      vertex   -9.933013e+00 -2.475000e+01 5.000000e+00
    endloop
  endfacet
  facet normal 0.000000e+00 0.000000e+00 1.000000e+00
    outer loop
      vertex   -9.933013e+00 -2.475000e+01 5.000000e+00
      vertex   -1.000000e+01 -2.450000e+01 5.000000e+00
      vertex   -9.982963e+00 -2.462941e+01 5.000000e+00
    endloop
  endfacet
  facet normal -0.000000e+00 0.000000e+00 1.000000e+00
    outer loop
      vertex   -1.000000e+01 -1.720711e+01 5.000000e+00
      vertex   -7.989193e+00 -1.974558e+01 5.000000e+00
      vertex   -9.853554e+00 -1.685355e+01 5.000000e+00
    endloop
  endfacet
  facet normal 0.000000e+00 0.000000e+00 1.000000e+00
    outer loop
      vertex   -9.853554e+00 -1.685355e+01 5.000000e+00
      vertex   -7.989193e+00 -1.974558e+01 5.000000e+00
      vertex   -7.903199e+00 -1.924407e+01 5.000000e+00
    endloop
  endfacet
  facet normal -0.000000e+00 0.000000e+00 1.000000e+00
    outer loop
      vertex   -9.853554e+00 -1.685355e+01 5.000000e+00
      vertex   -7.903199e+00 -1.924407e+01 5.000000e+00
      vertex   -8.146447e+00 -1.514645e+01 5.000000e+00
    endloop
  endfacet
  facet normal 0.000000e+00 0.000000e+00 1.000000e+00
    outer loop
      vertex   -8.146447e+00 -1.514645e+01 5.000000e+00
      vertex   -7.903199e+00 -1.924407e+01 5.000000e+00
      vertex   -7.733686e+00 -1.876430e+01 5.000000e+00
    endloop
  endfacet
  facet normal 0.000000e+00 0.000000e+00 1.000000e+00
    outer loop
      vertex   -8.146447e+00 -1.514645e+01 5.000000e+00
      vertex   -7.733686e+00 -1.876430e+01 5.000000e+00
      vertex   -7.485529e+00 -1.832008e+01 5.000000e+00
    endloop
  endfacet
  facet normal 0.000000e+00 0.000000e+00 1.000000e+00
    outer loop
      vertex   -7.165868e+00 -1.792418e+01 5.000000e+00
      vertex   -8.017037e+00 -1.492230e+01 5.000000e+00
      vertex   -7.485529e+00 -1.832008e+01 5.000000e+00
    endloop
  endfacet
  facet normal 0.000000e+00 0.000000e+00 1.000000e+00
    outer loop
      vertex   -7.485529e+00 -1.832008e+01 5.000000e+00
      vertex   -8.017037e+00 -1.492230e+01 5.000000e+00
      vertex   -8.066987e+00 -1.504289e+01 5.000000e+00
    endloop
  endfacet
  facet normal 0.000000e+00 0.000000e+00 1.000000e+00
    outer loop
      vertex   -7.485529e+00 -1.832008e+01 5.000000e+00
      vertex   -8.066987e+00 -1.504289e+01 5.000000e+00
      vertex   -8.146447e+00 -1.514645e+01 5.000000e+00
    endloop
  endfacet
  facet normal -0.000000e+00 0.000000e+00 1.000000e+00
    outer loop
      vertex   -8.017037e+00 -1.492230e+01 5.000000e+00
      vertex   -7.165868e+00 -1.792418e+01 5.000000e+00
      vertex   -8.000000e+00 -1.479289e+01 5.000000e+00
    endloop
  endfacet
  facet normal 0.000000e+00 0.000000e+00 1.000000e+00
    outer loop
      vertex   -8.000000e+00 -1.479289e+01 5.000000e+00
      vertex   -7.165868e+00 -1.792418e+01 5.000000e+00
      vertex   -6.783900e+00 -1.758801e+01 5.000000e+00
    endloop
  endfacet
  facet normal 0.000000e+00 0.000000e+00 1.000000e+00
    outer loop
      vertex   -8.000000e+00 -1.479289e+01 5.000000e+00
      vertex   -6.783900e+00 -1.758801e+01 5.000000e+00
      vertex   -6.350611e+00 -1.732122e+01 5.000000e+00
    endloop
  endfacet
  facet normal -0.000000e+00 0.000000e+00 1.000000e+00
    outer loop
      vertex   -8.000000e+00 -1.479289e+01 5.000000e+00
      vertex   -6.350611e+00 -1.732122e+01 5.000000e+00
      vertex   -5.003036e+00 -7.000000e+00 5.000000e+00
    endloop
  endfacet
  facet normal 0.000000e+00 0.000000e+00 1.000000e+00
    outer loop
      vertex   -5.003036e+00 -7.000000e+00 5.000000e+00
      vertex   -6.350611e+00 -1.732122e+01 5.000000e+00
      vertex   -5.878468e+00 -1.713150e+01 5.000000e+00
    endloop
  endfacet
  facet normal 0.000000e+00 0.000000e+00 1.000000e+00
    outer loop
      vertex   -5.003036e+00 -7.000000e+00 5.000000e+00
      vertex   -5.878468e+00 -1.713150e+01 5.000000e+00
      vertex   -5.381054e+00 -1.702430e+01 5.000000e+00
    endloop
  endfacet
  facet normal 0.000000e+00 0.000000e+00 1.000000e+00
    outer loop
      vertex   -5.381054e+00 -1.702430e+01 5.000000e+00
      vertex   -4.872676e+00 -1.700270e+01 5.000000e+00
      vertex   -5.003036e+00 -7.000000e+00 5.000000e+00
    endloop
  endfacet
  facet normal 0.000000e+00 0.000000e+00 1.000000e+00
    outer loop
      vertex   -5.003036e+00 -7.000000e+00 5.000000e+00
      vertex   -4.872676e+00 -1.700270e+01 5.000000e+00
      vertex   -4.367962e+00 -1.706733e+01 5.000000e+00
    endloop
  endfacet
  facet normal 0.000000e+00 0.000000e+00 1.000000e+00
    outer loop
      vertex   -5.003036e+00 -7.000000e+00 5.000000e+00
      vertex   -4.367962e+00 -1.706733e+01 5.000000e+00
      vertex   -3.881431e+00 -1.721633e+01 5.000000e+00
    endloop
  endfacet
  facet normal -0.000000e+00 -0.000000e+00 1.000000e+00
    outer loop
      vertex   -3.881431e+00 -1.721633e+01 5.000000e+00
      vertex   -3.427078e+00 -1.744541e+01 5.000000e+00
      vertex   -5.003036e+00 -7.000000e+00 5.000000e+00
    endloop
  endfacet
  facet normal 0.000000e+00 0.000000e+00 1.000000e+00
    outer loop
      vertex   -5.003036e+00 -7.000000e+00 5.000000e+00
      vertex   -3.427078e+00 -1.744541e+01 5.000000e+00
      vertex   -3.017976e+00 -1.774798e+01 5.000000e+00
    endloop
  endfacet
  facet normal 0.000000e+00 0.000000e+00 1.000000e+00
    outer loop
      vertex   -5.003036e+00 -7.000000e+00 5.000000e+00
      vertex   -3.017976e+00 -1.774798e+01 5.000000e+00
      vertex   -2.665893e+00 -1.811534e+01 5.000000e+00
    endloop
  endfacet
  facet normal -0.000000e+00 -0.000000e+00 1.000000e+00
    outer loop
      vertex   -2.665893e+00 -1.811534e+01 5.000000e+00
      vertex   -2.380958e+00 -1.853692e+01 5.000000e+00
      vertex   -5.003036e+00 -7.000000e+00 5.000000e+00
    endloop
  endfacet
  facet normal -0.000000e+00 0.000000e+00 1.000000e+00
    outer loop
      vertex   -5.003036e+00 -7.000000e+00 5.000000e+00
      vertex   -2.380958e+00 -1.853692e+01 5.000000e+00
      vertex   -3.100000e+00 9.981428e+00 5.000000e+00
    endloop
  endfacet
  facet normal 0.000000e+00 0.000000e+00 1.000000e+00
    outer loop
      vertex   -5.003036e+00 -7.000000e+00 5.000000e+00
      vertex   -3.100000e+00 9.981428e+00 5.000000e+00
      vertex   -5.003036e+00 4.000000e+00 5.000000e+00
    endloop
  endfacet
  facet normal 0.000000e+00 -0.000000e+00 1.000000e+00
    outer loop
      vertex   -5.003036e+00 4.000000e+00 5.000000e+00
      vertex   -3.100000e+00 9.981428e+00 5.000000e+00
      vertex   -6.047714e+00 8.168286e+00 5.000000e+00
    endloop
  endfacet
  facet normal 0.000000e+00 0.000000e+00 1.000000e+00
    outer loop
      vertex   -5.003036e+00 4.000000e+00 5.000000e+00
      vertex   -6.047714e+00 8.168286e+00 5.000000e+00
      vertex   -6.900000e+00 8.168286e+00 5.000000e+00
    endloop
  endfacet
  facet normal -0.000000e+00 -0.000000e+00 1.000000e+00
    outer loop
      vertex   -2.380958e+00 -1.853692e+01 5.000000e+00
      vertex   -2.171368e+00 -1.900058e+01 5.000000e+00
      vertex   -3.100000e+00 9.981428e+00 5.000000e+00
    endloop
  endfacet
  facet normal 0.000000e+00 0.000000e+00 1.000000e+00
    outer loop
      vertex   -3.100000e+00 9.981428e+00 5.000000e+00
      vertex   -2.171368e+00 -1.900058e+01 5.000000e+00
      vertex   -2.043152e+00 -1.949300e+01 5.000000e+00
    endloop
  endfacet
  facet normal -0.000000e+00 0.000000e+00 1.000000e+00
    outer loop
      vertex   -3.100000e+00 9.981428e+00 5.000000e+00
      vertex   -2.043152e+00 -1.949300e+01 5.000000e+00
      vertex   -2.000000e+00 2.100000e+01 5.000000e+00
    endloop
  endfacet
  facet normal 0.000000e+00 0.000000e+00 1.000000e+00
    outer loop
      vertex   -2.000000e+00 2.100000e+01 5.000000e+00
      vertex   -2.043152e+00 -1.949300e+01 5.000000e+00
      vertex   -2.000000e+00 -2.000000e+01 5.000000e+00
    endloop
  endfacet
  facet normal 0.000000e+00 0.000000e+00 1.000000e+00
    outer loop
      vertex   7.639321e-01 2.100000e+01 5.000000e+00
      vertex   4.571493e-01 2.140817e+01 5.000000e+00
      vertex   -2.000000e+00 2.100000e+01 5.000000e+00
    endloop
  endfacet
  facet normal 0.000000e+00 0.000000e+00 1.000000e+00
    outer loop
      vertex   -2.000000e+00 2.100000e+01 5.000000e+00
      vertex   4.571493e-01 2.140817e+01 5.000000e+00
      vertex   2.240305e-01 2.186246e+01 5.000000e+00
    endloop
  endfacet
  facet normal 0.000000e+00 0.000000e+00 1.000000e+00
    outer loop
      vertex   -2.000000e+00 2.100000e+01 5.000000e+00
      vertex   2.240305e-01 2.186246e+01 5.000000e+00
      vertex   7.132903e-02 2.234970e+01 5.000000e+00
    endloop
  endfacet
  facet normal 0.000000e+00 0.000000e+00 1.000000e+00
    outer loop
      vertex   7.132903e-02 2.234970e+01 5.000000e+00
      vertex   3.468482e-03 2.285578e+01 5.000000e+00
      vertex   -2.000000e+00 2.100000e+01 5.000000e+00
    endloop
  endfacet
  facet normal 0.000000e+00 0.000000e+00 1.000000e+00
    outer loop
      vertex   -2.000000e+00 2.100000e+01 5.000000e+00
      vertex   3.468482e-03 2.285578e+01 5.000000e+00
      vertex   2.241471e-02 2.336604e+01 5.000000e+00
    endloop
  endfacet
  facet normal 0.000000e+00 -0.000000e+00 1.000000e+00
    outer loop
      vertex   -2.000000e+00 2.100000e+01 5.000000e+00
      vertex   2.241471e-02 2.336604e+01 5.000000e+00
      vertex   -3.100000e+00 2.385143e+01 5.000000e+00
    endloop
  endfacet
  facet normal -0.000000e+00 0.000000e+00 1.000000e+00
    outer loop
      vertex   -3.100000e+00 2.385143e+01 5.000000e+00
      vertex   2.241471e-02 2.336604e+01 5.000000e+00
      vertex   -3.100000e+00 2.683172e+01 5.000000e+00
    endloop
  endfacet
  facet normal 0.000000e+00 0.000000e+00 1.000000e+00
    outer loop
      vertex   -3.100000e+00 2.683172e+01 5.000000e+00
      vertex   2.241471e-02 2.336604e+01 5.000000e+00
      vertex   1.276189e-01 2.386569e+01 5.000000e+00
    endloop
  endfacet
  facet normal 0.000000e+00 0.000000e+00 1.000000e+00
    outer loop
      vertex   -3.100000e+00 2.683172e+01 5.000000e+00
      vertex   1.276189e-01 2.386569e+01 5.000000e+00
      vertex   3.160333e-01 2.434027e+01 5.000000e+00
    endloop
  endfacet
  facet normal 0.000000e+00 -0.000000e+00 1.000000e+00
    outer loop
      vertex   3.160333e-01 2.434027e+01 5.000000e+00
      vertex   5.821997e-01 2.477602e+01 5.000000e+00
      vertex   -3.100000e+00 2.683172e+01 5.000000e+00
    endloop
  endfacet
  facet normal 0.000000e+00 0.000000e+00 1.000000e+00
    outer loop
      vertex   -3.100000e+00 2.683172e+01 5.000000e+00
      vertex   5.821997e-01 2.477602e+01 5.000000e+00
      vertex   9.184077e-01 2.516032e+01 5.000000e+00
    endloop
  endfacet
  facet normal 0.000000e+00 0.000000e+00 1.000000e+00
    outer loop
      vertex   -3.100000e+00 2.683172e+01 5.000000e+00
      vertex   9.184077e-01 2.516032e+01 5.000000e+00
      vertex   1.314917e+00 2.548204e+01 5.000000e+00
    endloop
  endfacet
  facet normal 0.000000e+00 -0.000000e+00 1.000000e+00
    outer loop
      vertex   1.314917e+00 2.548204e+01 5.000000e+00
      vertex   1.760242e+00 2.573185e+01 5.000000e+00
      vertex   -3.100000e+00 2.683172e+01 5.000000e+00
    endloop
  endfacet
  facet normal 0.000000e+00 0.000000e+00 1.000000e+00
    outer loop
      vertex   -3.100000e+00 2.683172e+01 5.000000e+00
      vertex   1.760242e+00 2.573185e+01 5.000000e+00
      vertex   2.241482e+00 2.590253e+01 5.000000e+00
    endloop
  endfacet
  facet normal 0.000000e+00 0.000000e+00 1.000000e+00
    outer loop
      vertex   -3.100000e+00 2.683172e+01 5.000000e+00
      vertex   2.241482e+00 2.590253e+01 5.000000e+00
      vertex   2.744695e+00 2.598912e+01 5.000000e+00
    endloop
  endfacet
  facet normal -0.000000e+00 0.000000e+00 1.000000e+00
    outer loop
      vertex   -3.100000e+00 2.683172e+01 5.000000e+00
      vertex   2.744695e+00 2.598912e+01 5.000000e+00
      vertex   7.500000e+00 2.800000e+01 5.000000e+00
    endloop
  endfacet
  facet normal 0.000000e+00 0.000000e+00 1.000000e+00
    outer loop
      vertex   7.500000e+00 2.800000e+01 5.000000e+00
      vertex   2.744695e+00 2.598912e+01 5.000000e+00
      vertex   3.255305e+00 2.598912e+01 5.000000e+00
    endloop
  endfacet
  facet normal 0.000000e+00 0.000000e+00 1.000000e+00
    outer loop
      vertex   7.500000e+00 2.800000e+01 5.000000e+00
      vertex   3.255305e+00 2.598912e+01 5.000000e+00
      vertex   3.758518e+00 2.590253e+01 5.000000e+00
    endloop
  endfacet
  facet normal -0.000000e+00 0.000000e+00 1.000000e+00
    outer loop
      vertex   3.758518e+00 2.590253e+01 5.000000e+00
      vertex   4.239758e+00 2.573185e+01 5.000000e+00
      vertex   7.500000e+00 2.800000e+01 5.000000e+00
    endloop
  endfacet
  facet normal 0.000000e+00 0.000000e+00 1.000000e+00
    outer loop
      vertex   7.500000e+00 2.800000e+01 5.000000e+00
      vertex   4.239758e+00 2.573185e+01 5.000000e+00
      vertex   4.685083e+00 2.548204e+01 5.000000e+00
    endloop
  endfacet
  facet normal 0.000000e+00 0.000000e+00 1.000000e+00
    outer loop
      vertex   7.500000e+00 2.800000e+01 5.000000e+00
      vertex   4.685083e+00 2.548204e+01 5.000000e+00
      vertex   5.081592e+00 2.516032e+01 5.000000e+00
    endloop
  endfacet
  facet normal -0.000000e+00 0.000000e+00 1.000000e+00
    outer loop
      vertex   5.081592e+00 2.516032e+01 5.000000e+00
      vertex   5.417800e+00 2.477602e+01 5.000000e+00
      vertex   7.500000e+00 2.800000e+01 5.000000e+00
    endloop
  endfacet
  facet normal 0.000000e+00 0.000000e+00 1.000000e+00
    outer loop
      vertex   7.500000e+00 2.800000e+01 5.000000e+00
      vertex   5.417800e+00 2.477602e+01 5.000000e+00
      vertex   5.683967e+00 2.434027e+01 5.000000e+00
    endloop
  endfacet
  facet normal 0.000000e+00 0.000000e+00 1.000000e+00
    outer loop
      vertex   7.500000e+00 2.800000e+01 5.000000e+00
      vertex   5.683967e+00 2.434027e+01 5.000000e+00
      vertex   5.872381e+00 2.386569e+01 5.000000e+00
    endloop
  endfacet
  facet normal -0.000000e+00 0.000000e+00 1.000000e+00
    outer loop
      vertex   5.872381e+00 2.386569e+01 5.000000e+00
      vertex   5.977585e+00 2.336604e+01 5.000000e+00
      vertex   7.500000e+00 2.800000e+01 5.000000e+00
    endloop
  endfacet
  facet normal 0.000000e+00 0.000000e+00 1.000000e+00
    outer loop
      vertex   7.500000e+00 2.800000e+01 5.000000e+00
      vertex   5.977585e+00 2.336604e+01 5.000000e+00
      vertex   8.000000e+00 2.100000e+01 5.000000e+00
    endloop
  endfacet
  facet normal 0.000000e+00 0.000000e+00 1.000000e+00
    outer loop
      vertex   7.500000e+00 2.800000e+01 5.000000e+00
      vertex   8.000000e+00 2.100000e+01 5.000000e+00
      vertex   8.000000e+00 2.750000e+01 5.000000e+00
    endloop
  endfacet
  facet normal 0.000000e+00 0.000000e+00 1.000000e+00
    outer loop
      vertex   5.977585e+00 2.336604e+01 5.000000e+00
      vertex   5.996532e+00 2.285578e+01 5.000000e+00
      vertex   8.000000e+00 2.100000e+01 5.000000e+00
    endloop
  endfacet
  facet normal 0.000000e+00 0.000000e+00 1.000000e+00
    outer loop
      vertex   8.000000e+00 2.100000e+01 5.000000e+00
      vertex   5.996532e+00 2.285578e+01 5.000000e+00
      vertex   5.928671e+00 2.234970e+01 5.000000e+00
    endloop
  endfacet
  facet normal 0.000000e+00 0.000000e+00 1.000000e+00
    outer loop
      vertex   8.000000e+00 2.100000e+01 5.000000e+00
      vertex   5.928671e+00 2.234970e+01 5.000000e+00
      vertex   5.775970e+00 2.186246e+01 5.000000e+00
    endloop
  endfacet
  facet normal 0.000000e+00 0.000000e+00 1.000000e+00
    outer loop
      vertex   5.775970e+00 2.186246e+01 5.000000e+00
      vertex   5.542851e+00 2.140817e+01 5.000000e+00
      vertex   8.000000e+00 2.100000e+01 5.000000e+00
    endloop
  endfacet
  facet normal 0.000000e+00 0.000000e+00 1.000000e+00
    outer loop
      vertex   8.000000e+00 2.100000e+01 5.000000e+00
      vertex   5.542851e+00 2.140817e+01 5.000000e+00
      vertex   5.236068e+00 2.100000e+01 5.000000e+00
    endloop
  endfacet
  facet normal 0.000000e+00 0.000000e+00 1.000000e+00
    outer loop
      vertex   7.982963e+00 2.762941e+01 5.000000e+00
      vertex   7.933013e+00 2.775000e+01 5.000000e+00
      vertex   8.000000e+00 2.750000e+01 5.000000e+00
    endloop
  endfacet
  facet normal 0.000000e+00 0.000000e+00 1.000000e+00
    outer loop
      vertex   8.000000e+00 2.750000e+01 5.000000e+00
      vertex   7.933013e+00 2.775000e+01 5.000000e+00
      vertex   7.853554e+00 2.785355e+01 5.000000e+00
    endloop
  endfacet
  facet normal 0.000000e+00 0.000000e+00 1.000000e+00
    outer loop
      vertex   8.000000e+00 2.750000e+01 5.000000e+00
      vertex   7.853554e+00 2.785355e+01 5.000000e+00
      vertex   7.750000e+00 2.793301e+01 5.000000e+00
    endloop
  endfacet
  facet normal 0.000000e+00 0.000000e+00 1.000000e+00
    outer loop
      vertex   7.750000e+00 2.793301e+01 5.000000e+00
      vertex   7.629410e+00 2.798296e+01 5.000000e+00
      vertex   8.000000e+00 2.750000e+01 5.000000e+00
    endloop
  endfacet
  facet normal 0.000000e+00 0.000000e+00 1.000000e+00
    outer loop
      vertex   8.000000e+00 2.750000e+01 5.000000e+00
      vertex   7.629410e+00 2.798296e+01 5.000000e+00
      vertex   7.500000e+00 2.800000e+01 5.000000e+00
    endloop
  endfacet
  facet normal 0.000000e+00 0.000000e+00 1.000000e+00
    outer loop
      vertex   7.500000e+00 2.800000e+01 5.000000e+00
      vertex   -7.500000e+00 2.800000e+01 5.000000e+00
      vertex   -3.100000e+00 2.683172e+01 5.000000e+00
    endloop
  endfacet
  facet normal 0.000000e+00 0.000000e+00 1.000000e+00
    outer loop
      vertex   -3.100000e+00 2.683172e+01 5.000000e+00
      vertex   -7.500000e+00 2.800000e+01 5.000000e+00
      vertex   -6.900000e+00 2.683172e+01 5.000000e+00
    endloop
  endfacet
  facet normal 0.000000e+00 0.000000e+00 1.000000e+00
    outer loop
      vertex   -6.900000e+00 2.683172e+01 5.000000e+00
      vertex   -7.500000e+00 2.800000e+01 5.000000e+00
      vertex   -7.629410e+00 2.798296e+01 5.000000e+00
    endloop
  endfacet
  facet normal 0.000000e+00 0.000000e+00 1.000000e+00
    outer loop
      vertex   -6.900000e+00 2.683172e+01 5.000000e+00
      vertex   -7.629410e+00 2.798296e+01 5.000000e+00
      vertex   -8.000000e+00 2.750000e+01 5.000000e+00
    endloop
  endfacet
  facet normal 0.000000e+00 0.000000e+00 1.000000e+00
    outer loop
      vertex   -8.000000e+00 2.750000e+01 5.000000e+00
      vertex   -7.629410e+00 2.798296e+01 5.000000e+00
      vertex   -7.750000e+00 2.793301e+01 5.000000e+00
    endloop
  endfacet
  facet normal 0.000000e+00 0.000000e+00 1.000000e+00
    outer loop
      vertex   -8.000000e+00 2.750000e+01 5.000000e+00
      vertex   -7.750000e+00 2.793301e+01 5.000000e+00
      vertex   -7.853554e+00 2.785355e+01 5.000000e+00
    endloop
  endfacet
  facet normal 0.000000e+00 0.000000e+00 1.000000e+00
    outer loop
      vertex   -7.853554e+00 2.785355e+01 5.000000e+00
      vertex   -7.933013e+00 2.775000e+01 5.000000e+00
      vertex   -8.000000e+00 2.750000e+01 5.000000e+00
    endloop
  endfacet
  facet normal 0.000000e+00 0.000000e+00 1.000000e+00
    outer loop
      vertex   -8.000000e+00 2.750000e+01 5.000000e+00
      vertex   -7.933013e+00 2.775000e+01 5.000000e+00
      vertex   -7.982963e+00 2.762941e+01 5.000000e+00
    endloop
  endfacet
  facet normal 0.000000e+00 0.000000e+00 1.000000e+00
    outer loop
      vertex   -8.000000e+00 4.000000e+00 5.000000e+00
      vertex   -6.900000e+00 1.553486e+01 5.000000e+00
      vertex   -8.000000e+00 2.750000e+01 5.000000e+00
    endloop
  endfacet
  facet normal 0.000000e+00 0.000000e+00 1.000000e+00
    outer loop
      vertex   -8.000000e+00 2.750000e+01 5.000000e+00
      vertex   -6.900000e+00 1.553486e+01 5.000000e+00
      vertex   -6.900000e+00 1.665314e+01 5.000000e+00
    endloop
  endfacet
  facet normal 0.000000e+00 0.000000e+00 1.000000e+00
    outer loop
      vertex   -8.000000e+00 2.750000e+01 5.000000e+00
      vertex   -6.900000e+00 1.665314e+01 5.000000e+00
      vertex   -6.900000e+00 1.885714e+01 5.000000e+00
    endloop
  endfacet
  facet normal 0.000000e+00 0.000000e+00 1.000000e+00
    outer loop
      vertex   -6.900000e+00 1.885714e+01 5.000000e+00
      vertex   -6.900000e+00 1.665314e+01 5.000000e+00
      vertex   -6.161714e+00 1.855857e+01 5.000000e+00
    endloop
  endfacet
  facet normal 0.000000e+00 0.000000e+00 1.000000e+00
    outer loop
      vertex   -6.161714e+00 1.855857e+01 5.000000e+00
      vertex   -6.900000e+00 1.665314e+01 5.000000e+00
      vertex   -6.161714e+00 1.695171e+01 5.000000e+00
    endloop
  endfacet
  facet normal 0.000000e+00 0.000000e+00 1.000000e+00
    outer loop
      vertex   -5.003036e+00 4.000000e+00 5.000000e+00
      vertex   -6.900000e+00 8.168286e+00 5.000000e+00
      vertex   -8.000000e+00 4.000000e+00 5.000000e+00
    endloop
  endfacet
  facet normal 0.000000e+00 0.000000e+00 1.000000e+00
    outer loop
      vertex   -8.000000e+00 4.000000e+00 5.000000e+00
      vertex   -6.900000e+00 8.168286e+00 5.000000e+00
      vertex   -6.900000e+00 1.105629e+01 5.000000e+00
    endloop
  endfacet
  facet normal 0.000000e+00 0.000000e+00 1.000000e+00
    outer loop
      vertex   -8.000000e+00 4.000000e+00 5.000000e+00
      vertex   -6.900000e+00 1.105629e+01 5.000000e+00
      vertex   -6.900000e+00 1.317886e+01 5.000000e+00
    endloop
  endfacet
  facet normal 0.000000e+00 0.000000e+00 1.000000e+00
    outer loop
      vertex   -6.900000e+00 1.317886e+01 5.000000e+00
      vertex   -6.900000e+00 1.105629e+01 5.000000e+00
      vertex   -6.888655e+00 1.287419e+01 5.000000e+00
    endloop
  endfacet
  facet normal 0.000000e+00 0.000000e+00 1.000000e+00
    outer loop
      vertex   -6.888655e+00 1.287419e+01 5.000000e+00
      vertex   -6.900000e+00 1.105629e+01 5.000000e+00
      vertex   -6.848786e+00 1.257671e+01 5.000000e+00
    endloop
  endfacet
  facet normal 0.000000e+00 0.000000e+00 1.000000e+00
    outer loop
      vertex   -6.848786e+00 1.257671e+01 5.000000e+00
      vertex   -6.900000e+00 1.105629e+01 5.000000e+00
      vertex   -6.756680e+00 1.229239e+01 5.000000e+00
    endloop
  endfacet
  facet normal 0.000000e+00 0.000000e+00 1.000000e+00
    outer loop
      vertex   -6.756680e+00 1.229239e+01 5.000000e+00
      vertex   -6.900000e+00 1.105629e+01 5.000000e+00
      vertex   -6.628571e+00 1.201714e+01 5.000000e+00
    endloop
  endfacet
  facet normal 0.000000e+00 0.000000e+00 1.000000e+00
    outer loop
      vertex   -6.628571e+00 1.201714e+01 5.000000e+00
      vertex   -6.900000e+00 1.105629e+01 5.000000e+00
      vertex   -6.472781e+00 1.184627e+01 5.000000e+00
    endloop
  endfacet
  facet normal 0.000000e+00 0.000000e+00 1.000000e+00
    outer loop
      vertex   -6.472781e+00 1.184627e+01 5.000000e+00
      vertex   -6.900000e+00 1.105629e+01 5.000000e+00
      vertex   -6.388551e+00 1.177291e+01 5.000000e+00
    endloop
  endfacet
  facet normal 0.000000e+00 0.000000e+00 1.000000e+00
    outer loop
      vertex   -6.388551e+00 1.177291e+01 5.000000e+00
      vertex   -6.900000e+00 1.105629e+01 5.000000e+00
      vertex   -6.296719e+00 1.171407e+01 5.000000e+00
    endloop
  endfacet
  facet normal 0.000000e+00 0.000000e+00 1.000000e+00
    outer loop
      vertex   -6.296719e+00 1.171407e+01 5.000000e+00
      vertex   -6.900000e+00 1.105629e+01 5.000000e+00
      vertex   -6.195681e+00 1.167278e+01 5.000000e+00
    endloop
  endfacet
  facet normal 0.000000e+00 0.000000e+00 1.000000e+00
    outer loop
      vertex   -6.195681e+00 1.167278e+01 5.000000e+00
      vertex   -6.900000e+00 1.105629e+01 5.000000e+00
      vertex   -6.087174e+00 1.164575e+01 5.000000e+00
    endloop
  endfacet
  facet normal 0.000000e+00 0.000000e+00 1.000000e+00
    outer loop
      vertex   -6.087174e+00 1.164575e+01 5.000000e+00
      vertex   -6.900000e+00 1.105629e+01 5.000000e+00
      vertex   -5.857714e+00 1.161543e+01 5.000000e+00
    endloop
  endfacet
  facet normal -0.000000e+00 0.000000e+00 1.000000e+00
    outer loop
      vertex   -5.857714e+00 1.161543e+01 5.000000e+00
      vertex   -6.900000e+00 1.105629e+01 5.000000e+00
      vertex   -5.701034e+00 1.162809e+01 5.000000e+00
    endloop
  endfacet
  facet normal -0.000000e+00 0.000000e+00 1.000000e+00
    outer loop
      vertex   -5.701034e+00 1.162809e+01 5.000000e+00
      vertex   -6.900000e+00 1.105629e+01 5.000000e+00
      vertex   -5.550106e+00 1.165861e+01 5.000000e+00
    endloop
  endfacet
  facet normal 0.000000e+00 0.000000e+00 1.000000e+00
    outer loop
      vertex   -5.550106e+00 1.165861e+01 5.000000e+00
      vertex   -6.900000e+00 1.105629e+01 5.000000e+00
      vertex   -3.100000e+00 1.105629e+01 5.000000e+00
    endloop
  endfacet
  facet normal -0.000000e+00 0.000000e+00 1.000000e+00
    outer loop
      vertex   -5.550106e+00 1.165861e+01 5.000000e+00
      vertex   -3.100000e+00 1.105629e+01 5.000000e+00
      vertex   -5.409059e+00 1.171979e+01 5.000000e+00
    endloop
  endfacet
  facet normal -0.000000e+00 0.000000e+00 1.000000e+00
    outer loop
      vertex   -5.409059e+00 1.171979e+01 5.000000e+00
      vertex   -3.100000e+00 1.105629e+01 5.000000e+00
      vertex   -4.345915e+00 1.183196e+01 5.000000e+00
    endloop
  endfacet
  facet normal 0.000000e+00 0.000000e+00 1.000000e+00
    outer loop
      vertex   -5.409059e+00 1.171979e+01 5.000000e+00
      vertex   -4.345915e+00 1.183196e+01 5.000000e+00
      vertex   -4.464428e+00 1.187587e+01 5.000000e+00
    endloop
  endfacet
  facet normal 0.000000e+00 0.000000e+00 1.000000e+00
    outer loop
      vertex   -5.003036e+00 -7.000000e+00 5.000000e+00
      vertex   -8.000000e+00 -7.000000e+00 5.000000e+00
      vertex   -8.000000e+00 -1.479289e+01 5.000000e+00
    endloop
  endfacet
  facet normal 0.000000e+00 0.000000e+00 1.000000e+00
    outer loop
      vertex   -9.853554e+00 -1.685355e+01 5.000000e+00
      vertex   -9.933013e+00 -1.695711e+01 5.000000e+00
      vertex   -1.000000e+01 -1.720711e+01 5.000000e+00
    endloop
  endfacet
  facet normal 0.000000e+00 0.000000e+00 1.000000e+00
    outer loop
      vertex   -1.000000e+01 -1.720711e+01 5.000000e+00
      vertex   -9.933013e+00 -1.695711e+01 5.000000e+00
      vertex   -9.982963e+00 -1.707770e+01 5.000000e+00
    endloop
  endfacet
  facet normal 0.000000e+00 0.000000e+00 1.000000e+00
    outer loop
      vertex   -5.374571e+00 2.576772e+01 5.000000e+00
      vertex   -6.069428e+00 2.576772e+01 5.000000e+00
      vertex   -5.374571e+00 2.407943e+01 5.000000e+00
    endloop
  endfacet
  facet normal 0.000000e+00 0.000000e+00 1.000000e+00
    outer loop
      vertex   -5.374571e+00 2.407943e+01 5.000000e+00
      vertex   -6.069428e+00 2.576772e+01 5.000000e+00
      vertex   -6.069428e+00 2.378086e+01 5.000000e+00
    endloop
  endfacet
  facet normal 0.000000e+00 0.000000e+00 1.000000e+00
    outer loop
      vertex   -5.374571e+00 2.407943e+01 5.000000e+00
      vertex   -6.069428e+00 2.378086e+01 5.000000e+00
      vertex   -6.226857e+00 2.337372e+01 5.000000e+00
    endloop
  endfacet
  facet normal 0.000000e+00 -0.000000e+00 1.000000e+00
    outer loop
      vertex   -6.226857e+00 2.337372e+01 5.000000e+00
      vertex   -6.069428e+00 2.378086e+01 5.000000e+00
      vertex   -6.900000e+00 2.378086e+01 5.000000e+00
    endloop
  endfacet
  facet normal 0.000000e+00 0.000000e+00 1.000000e+00
    outer loop
      vertex   -6.226857e+00 2.337372e+01 5.000000e+00
      vertex   -6.900000e+00 2.378086e+01 5.000000e+00
      vertex   -6.900000e+00 2.337372e+01 5.000000e+00
    endloop
  endfacet
  facet normal 0.000000e+00 -0.000000e+00 1.000000e+00
    outer loop
      vertex   -6.900000e+00 2.337372e+01 5.000000e+00
      vertex   -6.900000e+00 2.378086e+01 5.000000e+00
      vertex   -8.000000e+00 2.750000e+01 5.000000e+00
    endloop
  endfacet
  facet normal 0.000000e+00 0.000000e+00 1.000000e+00
    outer loop
      vertex   -6.900000e+00 2.337372e+01 5.000000e+00
      vertex   -8.000000e+00 2.750000e+01 5.000000e+00
      vertex   -6.900000e+00 1.997000e+01 5.000000e+00
    endloop
  endfacet
  facet normal 0.000000e+00 0.000000e+00 1.000000e+00
    outer loop
      vertex   -6.900000e+00 1.997000e+01 5.000000e+00
      vertex   -8.000000e+00 2.750000e+01 5.000000e+00
      vertex   -6.900000e+00 1.995371e+01 5.000000e+00
    endloop
  endfacet
  facet normal -0.000000e+00 0.000000e+00 1.000000e+00
    outer loop
      vertex   -6.900000e+00 1.997000e+01 5.000000e+00
      vertex   -6.900000e+00 1.995371e+01 5.000000e+00
      vertex   -6.047714e+00 1.997000e+01 5.000000e+00
    endloop
  endfacet
  facet normal 0.000000e+00 0.000000e+00 1.000000e+00
    outer loop
      vertex   -6.047714e+00 1.997000e+01 5.000000e+00
      vertex   -6.900000e+00 1.995371e+01 5.000000e+00
      vertex   -3.100000e+00 1.827629e+01 5.000000e+00
    endloop
  endfacet
  facet normal -0.000000e+00 0.000000e+00 1.000000e+00
    outer loop
      vertex   -6.047714e+00 1.997000e+01 5.000000e+00
      vertex   -3.100000e+00 1.827629e+01 5.000000e+00
      vertex   -3.773143e+00 2.005143e+01 5.000000e+00
    endloop
  endfacet
  facet normal -0.000000e+00 0.000000e+00 1.000000e+00
    outer loop
      vertex   -3.773143e+00 2.005143e+01 5.000000e+00
      vertex   -3.100000e+00 1.827629e+01 5.000000e+00
      vertex   -3.100000e+00 2.005143e+01 5.000000e+00
    endloop
  endfacet
  facet normal -0.000000e+00 0.000000e+00 1.000000e+00
    outer loop
      vertex   -3.100000e+00 2.005143e+01 5.000000e+00
      vertex   -3.100000e+00 1.827629e+01 5.000000e+00
      vertex   -2.000000e+00 2.100000e+01 5.000000e+00
    endloop
  endfacet
  facet normal 0.000000e+00 0.000000e+00 1.000000e+00
    outer loop
      vertex   -3.100000e+00 2.005143e+01 5.000000e+00
      vertex   -2.000000e+00 2.100000e+01 5.000000e+00
      vertex   -3.100000e+00 2.332486e+01 5.000000e+00
    endloop
  endfacet
  facet normal -0.000000e+00 0.000000e+00 1.000000e+00
    outer loop
      vertex   -3.100000e+00 2.332486e+01 5.000000e+00
      vertex   -2.000000e+00 2.100000e+01 5.000000e+00
      vertex   -3.100000e+00 2.385143e+01 5.000000e+00
    endloop
  endfacet
  facet normal 0.000000e+00 -0.000000e+00 1.000000e+00
    outer loop
      vertex   -3.100000e+00 2.332486e+01 5.000000e+00
      vertex   -3.100000e+00 2.385143e+01 5.000000e+00
      vertex   -3.930571e+00 2.385143e+01 5.000000e+00
    endloop
  endfacet
  facet normal 0.000000e+00 -0.000000e+00 1.000000e+00
    outer loop
      vertex   -6.900000e+00 2.378086e+01 5.000000e+00
      vertex   -6.900000e+00 2.683172e+01 5.000000e+00
      vertex   -8.000000e+00 2.750000e+01 5.000000e+00
    endloop
  endfacet
  facet normal 0.000000e+00 0.000000e+00 1.000000e+00
    outer loop
      vertex   -3.930571e+00 2.576772e+01 5.000000e+00
      vertex   -4.571143e+00 2.407943e+01 5.000000e+00
      vertex   -3.930571e+00 2.385143e+01 5.000000e+00
    endloop
  endfacet
  facet normal 0.000000e+00 0.000000e+00 1.000000e+00
    outer loop
      vertex   -3.930571e+00 2.385143e+01 5.000000e+00
      vertex   -4.571143e+00 2.407943e+01 5.000000e+00
      vertex   -3.952286e+00 2.332486e+01 5.000000e+00
    endloop
  endfacet
  facet normal 0.000000e+00 0.000000e+00 1.000000e+00
    outer loop
      vertex   -3.930571e+00 2.385143e+01 5.000000e+00
      vertex   -3.952286e+00 2.332486e+01 5.000000e+00
      vertex   -3.100000e+00 2.332486e+01 5.000000e+00
    endloop
  endfacet
  facet normal 0.000000e+00 0.000000e+00 1.000000e+00
    outer loop
      vertex   -3.930571e+00 2.576772e+01 5.000000e+00
      vertex   -4.571143e+00 2.576772e+01 5.000000e+00
      vertex   -4.571143e+00 2.407943e+01 5.000000e+00
    endloop
  endfacet
  facet normal 0.000000e+00 0.000000e+00 1.000000e+00
    outer loop
      vertex   -3.952286e+00 2.332486e+01 5.000000e+00
      vertex   -4.571143e+00 2.407943e+01 5.000000e+00
      vertex   -3.952286e+00 2.145743e+01 5.000000e+00
    endloop
  endfacet
  facet normal 0.000000e+00 0.000000e+00 1.000000e+00
    outer loop
      vertex   -3.952286e+00 2.145743e+01 5.000000e+00
      vertex   -4.571143e+00 2.407943e+01 5.000000e+00
      vertex   -5.374571e+00 2.407943e+01 5.000000e+00
    endloop
  endfacet
  facet normal 0.000000e+00 0.000000e+00 1.000000e+00
    outer loop
      vertex   -3.952286e+00 2.145743e+01 5.000000e+00
      vertex   -5.374571e+00 2.407943e+01 5.000000e+00
      vertex   -6.226857e+00 2.337372e+01 5.000000e+00
    endloop
  endfacet
  facet normal 0.000000e+00 0.000000e+00 1.000000e+00
    outer loop
      vertex   -3.100000e+00 9.981428e+00 5.000000e+00
      vertex   -2.000000e+00 2.100000e+01 5.000000e+00
      vertex   -3.100000e+00 1.105629e+01 5.000000e+00
    endloop
  endfacet
  facet normal 0.000000e+00 0.000000e+00 1.000000e+00
    outer loop
      vertex   -3.100000e+00 1.105629e+01 5.000000e+00
      vertex   -2.000000e+00 2.100000e+01 5.000000e+00
      vertex   -3.100000e+00 1.328743e+01 5.000000e+00
    endloop
  endfacet
  facet normal 0.000000e+00 -0.000000e+00 1.000000e+00
    outer loop
      vertex   -3.100000e+00 1.105629e+01 5.000000e+00
      vertex   -3.100000e+00 1.328743e+01 5.000000e+00
      vertex   -3.111247e+00 1.299593e+01 5.000000e+00
    endloop
  endfacet
  facet normal 0.000000e+00 0.000000e+00 1.000000e+00
    outer loop
      vertex   -3.100000e+00 9.981428e+00 5.000000e+00
      vertex   -6.047714e+00 9.981428e+00 5.000000e+00
      vertex   -6.047714e+00 8.168286e+00 5.000000e+00
    endloop
  endfacet
  facet normal 0.000000e+00 0.000000e+00 1.000000e+00
    outer loop
      vertex   -3.878491e+00 1.183037e+01 5.000000e+00
      vertex   -4.093428e+00 1.180000e+01 5.000000e+00
      vertex   -3.100000e+00 1.105629e+01 5.000000e+00
    endloop
  endfacet
  facet normal 0.000000e+00 0.000000e+00 1.000000e+00
    outer loop
      vertex   -3.100000e+00 1.105629e+01 5.000000e+00
      vertex   -4.093428e+00 1.180000e+01 5.000000e+00
      vertex   -4.221430e+00 1.180962e+01 5.000000e+00
    endloop
  endfacet
  facet normal 0.000000e+00 0.000000e+00 1.000000e+00
    outer loop
      vertex   -3.100000e+00 1.105629e+01 5.000000e+00
      vertex   -4.221430e+00 1.180962e+01 5.000000e+00
      vertex   -4.345915e+00 1.183196e+01 5.000000e+00
    endloop
  endfacet
  facet normal 0.000000e+00 0.000000e+00 1.000000e+00
    outer loop
      vertex   -5.409059e+00 1.171979e+01 5.000000e+00
      vertex   -4.464428e+00 1.187587e+01 5.000000e+00
      vertex   -5.274143e+00 1.180000e+01 5.000000e+00
    endloop
  endfacet
  facet normal 0.000000e+00 0.000000e+00 1.000000e+00
    outer loop
      vertex   -5.274143e+00 1.180000e+01 5.000000e+00
      vertex   -4.464428e+00 1.187587e+01 5.000000e+00
      vertex   -4.579286e+00 1.193300e+01 5.000000e+00
    endloop
  endfacet
  facet normal 0.000000e+00 0.000000e+00 1.000000e+00
    outer loop
      vertex   -5.274143e+00 1.180000e+01 5.000000e+00
      vertex   -4.579286e+00 1.193300e+01 5.000000e+00
      vertex   -5.158936e+00 1.190904e+01 5.000000e+00
    endloop
  endfacet
  facet normal 0.000000e+00 0.000000e+00 1.000000e+00
    outer loop
      vertex   -5.158936e+00 1.190904e+01 5.000000e+00
      vertex   -4.579286e+00 1.193300e+01 5.000000e+00
      vertex   -4.682195e+00 1.201095e+01 5.000000e+00
    endloop
  endfacet
  facet normal 0.000000e+00 0.000000e+00 1.000000e+00
    outer loop
      vertex   -5.158936e+00 1.190904e+01 5.000000e+00
      vertex   -4.682195e+00 1.201095e+01 5.000000e+00
      vertex   -5.058448e+00 1.202844e+01 5.000000e+00
    endloop
  endfacet
  facet normal -0.000000e+00 0.000000e+00 1.000000e+00
    outer loop
      vertex   -5.058448e+00 1.202844e+01 5.000000e+00
      vertex   -4.682195e+00 1.201095e+01 5.000000e+00
      vertex   -4.775076e+00 1.209798e+01 5.000000e+00
    endloop
  endfacet
  facet normal 0.000000e+00 0.000000e+00 1.000000e+00
    outer loop
      vertex   -5.058448e+00 1.202844e+01 5.000000e+00
      vertex   -4.775076e+00 1.209798e+01 5.000000e+00
      vertex   -4.981630e+00 1.216452e+01 5.000000e+00
    endloop
  endfacet
  facet normal -0.000000e+00 0.000000e+00 1.000000e+00
    outer loop
      vertex   -4.981630e+00 1.216452e+01 5.000000e+00
      vertex   -4.775076e+00 1.209798e+01 5.000000e+00
      vertex   -4.851621e+00 1.219979e+01 5.000000e+00
    endloop
  endfacet
  facet normal 0.000000e+00 0.000000e+00 1.000000e+00
    outer loop
      vertex   -4.981630e+00 1.216452e+01 5.000000e+00
      vertex   -4.851621e+00 1.219979e+01 5.000000e+00
      vertex   -4.918571e+00 1.231029e+01 5.000000e+00
    endloop
  endfacet
  facet normal 0.000000e+00 -0.000000e+00 1.000000e+00
    outer loop
      vertex   -6.900000e+00 1.317886e+01 5.000000e+00
      vertex   -6.900000e+00 1.523086e+01 5.000000e+00
      vertex   -8.000000e+00 4.000000e+00 5.000000e+00
    endloop
  endfacet
  facet normal 0.000000e+00 0.000000e+00 1.000000e+00
    outer loop
      vertex   -8.000000e+00 4.000000e+00 5.000000e+00
      vertex   -6.900000e+00 1.523086e+01 5.000000e+00
      vertex   -6.900000e+00 1.553486e+01 5.000000e+00
    endloop
  endfacet
  facet normal 0.000000e+00 0.000000e+00 1.000000e+00
    outer loop
      vertex   -6.900000e+00 1.523086e+01 5.000000e+00
      vertex   -3.100000e+00 1.523086e+01 5.000000e+00
      vertex   -6.900000e+00 1.553486e+01 5.000000e+00
    endloop
  endfacet
  facet normal -0.000000e+00 0.000000e+00 1.000000e+00
    outer loop
      vertex   -6.900000e+00 1.553486e+01 5.000000e+00
      vertex   -3.100000e+00 1.523086e+01 5.000000e+00
      vertex   -3.100000e+00 1.721771e+01 5.000000e+00
    endloop
  endfacet
  facet normal -0.000000e+00 0.000000e+00 1.000000e+00
    outer loop
      vertex   -3.100000e+00 1.721771e+01 5.000000e+00
      vertex   -3.100000e+00 1.523086e+01 5.000000e+00
      vertex   -2.000000e+00 2.100000e+01 5.000000e+00
    endloop
  endfacet
  facet normal 0.000000e+00 0.000000e+00 1.000000e+00
    outer loop
      vertex   -3.100000e+00 1.721771e+01 5.000000e+00
      vertex   -2.000000e+00 2.100000e+01 5.000000e+00
      vertex   -3.100000e+00 1.827629e+01 5.000000e+00
    endloop
  endfacet
  facet normal -0.000000e+00 0.000000e+00 1.000000e+00
    outer loop
      vertex   -3.100000e+00 1.523086e+01 5.000000e+00
      vertex   -3.100000e+00 1.328743e+01 5.000000e+00
      vertex   -2.000000e+00 2.100000e+01 5.000000e+00
    endloop
  endfacet
  facet normal 0.000000e+00 0.000000e+00 1.000000e+00
    outer loop
      vertex   -3.111247e+00 1.299593e+01 5.000000e+00
      vertex   -3.150729e+00 1.271183e+01 5.000000e+00
      vertex   -3.100000e+00 1.105629e+01 5.000000e+00
    endloop
  endfacet
  facet normal 0.000000e+00 0.000000e+00 1.000000e+00
    outer loop
      vertex   -3.100000e+00 1.105629e+01 5.000000e+00
      vertex   -3.150729e+00 1.271183e+01 5.000000e+00
      vertex   -3.241910e+00 1.244125e+01 5.000000e+00
    endloop
  endfacet
  facet normal 0.000000e+00 0.000000e+00 1.000000e+00
    outer loop
      vertex   -3.100000e+00 1.105629e+01 5.000000e+00
      vertex   -3.241910e+00 1.244125e+01 5.000000e+00
      vertex   -3.368714e+00 1.218000e+01 5.000000e+00
    endloop
  endfacet
  facet normal 0.000000e+00 0.000000e+00 1.000000e+00
    outer loop
      vertex   -3.368714e+00 1.218000e+01 5.000000e+00
      vertex   -3.516246e+00 1.202059e+01 5.000000e+00
      vertex   -3.100000e+00 1.105629e+01 5.000000e+00
    endloop
  endfacet
  facet normal 0.000000e+00 0.000000e+00 1.000000e+00
    outer loop
      vertex   -3.100000e+00 1.105629e+01 5.000000e+00
      vertex   -3.516246e+00 1.202059e+01 5.000000e+00
      vertex   -3.595722e+00 1.195181e+01 5.000000e+00
    endloop
  endfacet
  facet normal 0.000000e+00 0.000000e+00 1.000000e+00
    outer loop
      vertex   -3.100000e+00 1.105629e+01 5.000000e+00
      vertex   -3.595722e+00 1.195181e+01 5.000000e+00
      vertex   -3.682050e+00 1.189615e+01 5.000000e+00
    endloop
  endfacet
  facet normal 0.000000e+00 0.000000e+00 1.000000e+00
    outer loop
      vertex   -3.682050e+00 1.189615e+01 5.000000e+00
      vertex   -3.776803e+00 1.185662e+01 5.000000e+00
      vertex   -3.100000e+00 1.105629e+01 5.000000e+00
    endloop
  endfacet
  facet normal 0.000000e+00 0.000000e+00 1.000000e+00
    outer loop
      vertex   -3.100000e+00 1.105629e+01 5.000000e+00
      vertex   -3.776803e+00 1.185662e+01 5.000000e+00
      vertex   -3.878491e+00 1.183037e+01 5.000000e+00
    endloop
  endfacet
  facet normal 0.000000e+00 -0.000000e+00 1.000000e+00
    outer loop
      vertex   -6.900000e+00 1.885714e+01 5.000000e+00
      vertex   -6.900000e+00 1.995371e+01 5.000000e+00
      vertex   -8.000000e+00 2.750000e+01 5.000000e+00
    endloop
  endfacet
  facet normal 0.000000e+00 0.000000e+00 1.000000e+00
    outer loop
      vertex   -3.773143e+00 2.005143e+01 5.000000e+00
      vertex   -6.047714e+00 2.196772e+01 5.000000e+00
      vertex   -6.047714e+00 1.997000e+01 5.000000e+00
    endloop
  endfacet
  facet normal 0.000000e+00 1.000000e+00 -0.000000e+00
    outer loop
      vertex   7.500000e+00 2.800000e+01 0.000000e+00
      vertex   -7.500000e+00 2.800000e+01 0.000000e+00
      vertex   7.500000e+00 2.800000e+01 5.000000e+00
    endloop
  endfacet
  facet normal 0.000000e+00 1.000000e+00 0.000000e+00
    outer loop
      vertex   7.500000e+00 2.800000e+01 5.000000e+00
      vertex   -7.500000e+00 2.800000e+01 0.000000e+00
      vertex   -7.500000e+00 2.800000e+01 5.000000e+00
    endloop
  endfacet
  facet normal -9.914449e-01 1.305262e-01 0.000000e+00
    outer loop
      vertex   -8.000000e+00 2.750000e+01 0.000000e+00
      vertex   -8.000000e+00 2.750000e+01 5.000000e+00
      vertex   -7.982963e+00 2.762941e+01 2.500000e+00
    endloop
  endfacet
  facet normal -9.914449e-01 1.305262e-01 0.000000e+00
    outer loop
      vertex   -7.982963e+00 2.762941e+01 2.500000e+00
      vertex   -8.000000e+00 2.750000e+01 5.000000e+00
      vertex   -7.982963e+00 2.762941e+01 5.000000e+00
    endloop
  endfacet
  facet normal -9.238795e-01 3.826834e-01 0.000000e+00
    outer loop
      vertex   -7.982963e+00 2.762941e+01 2.500000e+00
      vertex   -7.982963e+00 2.762941e+01 5.000000e+00
      vertex   -7.933013e+00 2.775000e+01 2.500000e+00
    endloop
  endfacet
  facet normal -9.238795e-01 3.826834e-01 0.000000e+00
    outer loop
      vertex   -7.933013e+00 2.775000e+01 2.500000e+00
      vertex   -7.982963e+00 2.762941e+01 5.000000e+00
      vertex   -7.933013e+00 2.775000e+01 5.000000e+00
    endloop
  endfacet
  facet normal -7.933533e-01 6.087614e-01 0.000000e+00
    outer loop
      vertex   -7.933013e+00 2.775000e+01 2.500000e+00
      vertex   -7.933013e+00 2.775000e+01 5.000000e+00
      vertex   -7.853554e+00 2.785355e+01 2.500000e+00
    endloop
  endfacet
  facet normal -7.933533e-01 6.087614e-01 2.818557e-16
    outer loop
      vertex   -7.853554e+00 2.785355e+01 2.500000e+00
      vertex   -7.933013e+00 2.775000e+01 5.000000e+00
      vertex   -7.853554e+00 2.785355e+01 5.000000e+00
    endloop
  endfacet
  facet normal -6.087614e-01 7.933533e-01 2.162755e-16
    outer loop
      vertex   -7.853554e+00 2.785355e+01 2.500000e+00
      vertex   -7.853554e+00 2.785355e+01 5.000000e+00
      vertex   -7.750000e+00 2.793301e+01 2.500000e+00
    endloop
  endfacet
  facet normal -6.087614e-01 7.933533e-01 -4.325510e-16
    outer loop
      vertex   -7.750000e+00 2.793301e+01 2.500000e+00
      vertex   -7.853554e+00 2.785355e+01 5.000000e+00
      vertex   -7.750000e+00 2.793301e+01 5.000000e+00
    endloop
  endfacet
  facet normal -3.826834e-01 9.238795e-01 -2.719129e-16
    outer loop
      vertex   -7.750000e+00 2.793301e+01 2.500000e+00
      vertex   -7.750000e+00 2.793301e+01 5.000000e+00
      vertex   -7.629410e+00 2.798296e+01 2.500000e+00
    endloop
  endfacet
  facet normal -3.826834e-01 9.238795e-01 1.448868e-15
    outer loop
      vertex   -7.629410e+00 2.798296e+01 2.500000e+00
      vertex   -7.750000e+00 2.793301e+01 5.000000e+00
      vertex   -7.629410e+00 2.798296e+01 5.000000e+00
    endloop
  endfacet
  facet normal -1.305262e-01 9.914449e-01 1.455300e-15
    outer loop
      vertex   -7.629410e+00 2.798296e+01 2.500000e+00
      vertex   -7.629410e+00 2.798296e+01 5.000000e+00
      vertex   -7.500000e+00 2.800000e+01 5.000000e+00
    endloop
  endfacet
  facet normal -1.305262e-01 9.914449e-01 0.000000e+00
    outer loop
      vertex   -7.500000e+00 2.800000e+01 5.000000e+00
      vertex   -7.500000e+00 2.800000e+01 0.000000e+00
      vertex   -7.629410e+00 2.798296e+01 2.500000e+00
    endloop
  endfacet
  facet normal -1.305262e-01 9.914449e-01 -1.455300e-15
    outer loop
      vertex   -7.629410e+00 2.798296e+01 2.500000e+00
      vertex   -7.500000e+00 2.800000e+01 0.000000e+00
      vertex   -7.629410e+00 2.798296e+01 0.000000e+00
    endloop
  endfacet
  facet normal -3.826834e-01 9.238795e-01 -1.448868e-15
    outer loop
      vertex   -7.629410e+00 2.798296e+01 2.500000e+00
      vertex   -7.629410e+00 2.798296e+01 0.000000e+00
      vertex   -7.750000e+00 2.793301e+01 2.500000e+00
    endloop
  endfacet
  facet normal -3.826834e-01 9.238795e-01 2.719129e-16
    outer loop
      vertex   -7.750000e+00 2.793301e+01 2.500000e+00
      vertex   -7.629410e+00 2.798296e+01 0.000000e+00
      vertex   -7.750000e+00 2.793301e+01 0.000000e+00
    endloop
  endfacet
  facet normal -6.087614e-01 7.933533e-01 4.325510e-16
    outer loop
      vertex   -7.750000e+00 2.793301e+01 2.500000e+00
      vertex   -7.750000e+00 2.793301e+01 0.000000e+00
      vertex   -7.853554e+00 2.785355e+01 2.500000e+00
    endloop
  endfacet
  facet normal -6.087614e-01 7.933533e-01 -2.162755e-16
    outer loop
      vertex   -7.853554e+00 2.785355e+01 2.500000e+00
      vertex   -7.750000e+00 2.793301e+01 0.000000e+00
      vertex   -7.853554e+00 2.785355e+01 0.000000e+00
    endloop
  endfacet
  facet normal -7.933533e-01 6.087614e-01 -2.818557e-16
    outer loop
      vertex   -7.853554e+00 2.785355e+01 2.500000e+00
      vertex   -7.853554e+00 2.785355e+01 0.000000e+00
      vertex   -7.933013e+00 2.775000e+01 2.500000e+00
    endloop
  endfacet
  facet normal -7.933533e-01 6.087614e-01 0.000000e+00
    outer loop
      vertex   -7.933013e+00 2.775000e+01 2.500000e+00
      vertex   -7.853554e+00 2.785355e+01 0.000000e+00
      vertex   -7.933013e+00 2.775000e+01 0.000000e+00
    endloop
  endfacet
  facet normal -9.238795e-01 3.826834e-01 0.000000e+00
    outer loop
      vertex   -7.933013e+00 2.775000e+01 2.500000e+00
      vertex   -7.933013e+00 2.775000e+01 0.000000e+00
      vertex   -7.982963e+00 2.762941e+01 2.500000e+00
    endloop
  endfacet
  facet normal -9.238795e-01 3.826834e-01 0.000000e+00
    outer loop
      vertex   -7.982963e+00 2.762941e+01 2.500000e+00
      vertex   -7.933013e+00 2.775000e+01 0.000000e+00
      vertex   -7.982963e+00 2.762941e+01 0.000000e+00
    endloop
  endfacet
  facet normal -9.914449e-01 1.305262e-01 0.000000e+00
    outer loop
      vertex   -7.982963e+00 2.762941e+01 2.500000e+00
      vertex   -7.982963e+00 2.762941e+01 0.000000e+00
      vertex   -8.000000e+00 2.750000e+01 0.000000e+00
    endloop
  endfacet
  facet normal -1.305262e-01 -9.914449e-01 0.000000e+00
    outer loop
      vertex   -9.500000e+00 -2.500000e+01 0.000000e+00
      vertex   -9.500000e+00 -2.500000e+01 5.000000e+00
      vertex   -9.629410e+00 -2.498296e+01 2.500000e+00
    endloop
  endfacet
  facet normal -1.305262e-01 -9.914449e-01 1.501672e-15
    outer loop
      vertex   -9.629410e+00 -2.498296e+01 2.500000e+00
      vertex   -9.500000e+00 -2.500000e+01 5.000000e+00
      vertex   -9.629410e+00 -2.498296e+01 5.000000e+00
    endloop
  endfacet
  facet normal -3.826834e-01 -9.238795e-01 1.584825e-15
    outer loop
      vertex   -9.629410e+00 -2.498296e+01 2.500000e+00
      vertex   -9.629410e+00 -2.498296e+01 5.000000e+00
      vertex   -9.750000e+00 -2.493301e+01 2.500000e+00
    endloop
  endfacet
  facet normal -3.826834e-01 -9.238795e-01 -2.719129e-16
    outer loop
      vertex   -9.750000e+00 -2.493301e+01 2.500000e+00
      vertex   -9.629410e+00 -2.498296e+01 5.000000e+00
      vertex   -9.750000e+00 -2.493301e+01 5.000000e+00
    endloop
  endfacet
  facet normal -6.087614e-01 -7.933533e-01 -4.325510e-16
    outer loop
      vertex   -9.750000e+00 -2.493301e+01 2.500000e+00
      vertex   -9.750000e+00 -2.493301e+01 5.000000e+00
      vertex   -9.853554e+00 -2.485355e+01 2.500000e+00
    endloop
  endfacet
  facet normal -6.087614e-01 -7.933533e-01 0.000000e+00
    outer loop
      vertex   -9.853554e+00 -2.485355e+01 2.500000e+00
      vertex   -9.750000e+00 -2.493301e+01 5.000000e+00
      vertex   -9.853554e+00 -2.485355e+01 5.000000e+00
    endloop
  endfacet
  facet normal -7.933533e-01 -6.087614e-01 0.000000e+00
    outer loop
      vertex   -9.853554e+00 -2.485355e+01 2.500000e+00
      vertex   -9.853554e+00 -2.485355e+01 5.000000e+00
      vertex   -9.933013e+00 -2.475000e+01 2.500000e+00
    endloop
  endfacet
  facet normal -7.933533e-01 -6.087614e-01 0.000000e+00
    outer loop
      vertex   -9.933013e+00 -2.475000e+01 2.500000e+00
      vertex   -9.853554e+00 -2.485355e+01 5.000000e+00
      vertex   -9.933013e+00 -2.475000e+01 5.000000e+00
    endloop
  endfacet
  facet normal -9.238795e-01 -3.826834e-01 0.000000e+00
    outer loop
      vertex   -9.933013e+00 -2.475000e+01 2.500000e+00
      vertex   -9.933013e+00 -2.475000e+01 5.000000e+00
      vertex   -9.982963e+00 -2.462941e+01 2.500000e+00
    endloop
  endfacet
  facet normal -9.238795e-01 -3.826834e-01 0.000000e+00
    outer loop
      vertex   -9.982963e+00 -2.462941e+01 2.500000e+00
      vertex   -9.933013e+00 -2.475000e+01 5.000000e+00
      vertex   -9.982963e+00 -2.462941e+01 5.000000e+00
    endloop
  endfacet
  facet normal -9.914449e-01 -1.305262e-01 0.000000e+00
    outer loop
      vertex   -9.982963e+00 -2.462941e+01 2.500000e+00
      vertex   -9.982963e+00 -2.462941e+01 5.000000e+00
      vertex   -1.000000e+01 -2.450000e+01 5.000000e+00
    endloop
  endfacet
  facet normal -9.914449e-01 -1.305262e-01 -0.000000e+00
    outer loop
      vertex   -1.000000e+01 -2.450000e+01 5.000000e+00
      vertex   -1.000000e+01 -2.450000e+01 0.000000e+00
      vertex   -9.982963e+00 -2.462941e+01 2.500000e+00
    endloop
  endfacet
  facet normal -9.914449e-01 -1.305262e-01 -0.000000e+00
    outer loop
      vertex   -9.982963e+00 -2.462941e+01 2.500000e+00
      vertex   -1.000000e+01 -2.450000e+01 0.000000e+00
      vertex   -9.982963e+00 -2.462941e+01 0.000000e+00
    endloop
  endfacet
  facet normal -9.238795e-01 -3.826834e-01 -0.000000e+00
    outer loop
      vertex   -9.982963e+00 -2.462941e+01 2.500000e+00
      vertex   -9.982963e+00 -2.462941e+01 0.000000e+00
      vertex   -9.933013e+00 -2.475000e+01 2.500000e+00
    endloop
  endfacet
  facet normal -9.238795e-01 -3.826834e-01 -0.000000e+00
    outer loop
      vertex   -9.933013e+00 -2.475000e+01 2.500000e+00
      vertex   -9.982963e+00 -2.462941e+01 0.000000e+00
      vertex   -9.933013e+00 -2.475000e+01 0.000000e+00
    endloop
  endfacet
  facet normal -7.933533e-01 -6.087614e-01 -0.000000e+00
    outer loop
      vertex   -9.933013e+00 -2.475000e+01 2.500000e+00
      vertex   -9.933013e+00 -2.475000e+01 0.000000e+00
      vertex   -9.853554e+00 -2.485355e+01 2.500000e+00
    endloop
  endfacet
  facet normal -7.933533e-01 -6.087614e-01 -0.000000e+00
    outer loop
      vertex   -9.853554e+00 -2.485355e+01 2.500000e+00
      vertex   -9.933013e+00 -2.475000e+01 0.000000e+00
      vertex   -9.853554e+00 -2.485355e+01 0.000000e+00
    endloop
  endfacet
  facet normal -6.087614e-01 -7.933533e-01 -0.000000e+00
    outer loop
      vertex   -9.853554e+00 -2.485355e+01 2.500000e+00
      vertex   -9.853554e+00 -2.485355e+01 0.000000e+00
      vertex   -9.750000e+00 -2.493301e+01 2.500000e+00
    endloop
  endfacet
  facet normal -6.087614e-01 -7.933533e-01 4.325510e-16
    outer loop
      vertex   -9.750000e+00 -2.493301e+01 2.500000e+00
      vertex   -9.853554e+00 -2.485355e+01 0.000000e+00
      vertex   -9.750000e+00 -2.493301e+01 0.000000e+00
    endloop
  endfacet
  facet normal -3.826834e-01 -9.238795e-01 2.719129e-16
    outer loop
      vertex   -9.750000e+00 -2.493301e+01 2.500000e+00
      vertex   -9.750000e+00 -2.493301e+01 0.000000e+00
      vertex   -9.629410e+00 -2.498296e+01 2.500000e+00
    endloop
  endfacet
  facet normal -3.826834e-01 -9.238795e-01 -1.584825e-15
    outer loop
      vertex   -9.629410e+00 -2.498296e+01 2.500000e+00
      vertex   -9.750000e+00 -2.493301e+01 0.000000e+00
      vertex   -9.629410e+00 -2.498296e+01 0.000000e+00
    endloop
  endfacet
  facet normal -1.305262e-01 -9.914449e-01 -1.501672e-15
    outer loop
      vertex   -9.629410e+00 -2.498296e+01 2.500000e+00
      vertex   -9.629410e+00 -2.498296e+01 0.000000e+00
      vertex   -9.500000e+00 -2.500000e+01 0.000000e+00
    endloop
  endfacet
  facet normal -1.000000e+00 0.000000e+00 0.000000e+00
    outer loop
      vertex   -1.000000e+01 -2.450000e+01 5.000000e+00
      vertex   -1.000000e+01 -1.720711e+01 5.000000e+00
      vertex   -1.000000e+01 -2.450000e+01 0.000000e+00
    endloop
  endfacet
  facet normal -1.000000e+00 0.000000e+00 0.000000e+00
    outer loop
      vertex   -1.000000e+01 -2.450000e+01 0.000000e+00
      vertex   -1.000000e+01 -1.720711e+01 5.000000e+00
      vertex   -1.000000e+01 -1.720711e+01 0.000000e+00
    endloop
  endfacet
  facet normal -9.914449e-01 1.305262e-01 0.000000e+00
    outer loop
      vertex   -8.000000e+00 -1.479289e+01 5.000000e+00
      vertex   -8.000000e+00 -1.479289e+01 1.000000e+00
      vertex   -8.017037e+00 -1.492230e+01 3.000000e+00
    endloop
  endfacet
  facet normal -9.914449e-01 1.305262e-01 0.000000e+00
    outer loop
      vertex   -8.017037e+00 -1.492230e+01 3.000000e+00
      vertex   -8.000000e+00 -1.479289e+01 1.000000e+00
      vertex   -8.017037e+00 -1.492230e+01 1.000000e+00
    endloop
  endfacet
  facet normal -9.238795e-01 3.826834e-01 0.000000e+00
    outer loop
      vertex   -8.017037e+00 -1.492230e+01 3.000000e+00
      vertex   -8.017037e+00 -1.492230e+01 1.000000e+00
      vertex   -8.066987e+00 -1.504289e+01 3.000000e+00
    endloop
  endfacet
  facet normal -9.238795e-01 3.826834e-01 0.000000e+00
    outer loop
      vertex   -8.066987e+00 -1.504289e+01 3.000000e+00
      vertex   -8.017037e+00 -1.492230e+01 1.000000e+00
      vertex   -8.066987e+00 -1.504289e+01 1.000000e+00
    endloop
  endfacet
  facet normal -7.933533e-01 6.087614e-01 0.000000e+00
    outer loop
      vertex   -8.066987e+00 -1.504289e+01 3.000000e+00
      vertex   -8.066987e+00 -1.504289e+01 1.000000e+00
      vertex   -8.146447e+00 -1.514645e+01 1.000000e+00
    endloop
  endfacet
  facet normal -7.933533e-01 6.087614e-01 0.000000e+00
    outer loop
      vertex   -8.146447e+00 -1.514645e+01 1.000000e+00
      vertex   -8.146447e+00 -1.514645e+01 5.000000e+00
      vertex   -8.066987e+00 -1.504289e+01 3.000000e+00
    endloop
  endfacet
  facet normal -7.933533e-01 6.087614e-01 0.000000e+00
    outer loop
      vertex   -8.066987e+00 -1.504289e+01 3.000000e+00
      vertex   -8.146447e+00 -1.514645e+01 5.000000e+00
      vertex   -8.066987e+00 -1.504289e+01 5.000000e+00
    endloop
  endfacet
  facet normal -9.238795e-01 3.826834e-01 0.000000e+00
    outer loop
      vertex   -8.066987e+00 -1.504289e+01 3.000000e+00
      vertex   -8.066987e+00 -1.504289e+01 5.000000e+00
      vertex   -8.017037e+00 -1.492230e+01 3.000000e+00
    endloop
  endfacet
  facet normal -9.238795e-01 3.826834e-01 0.000000e+00
    outer loop
      vertex   -8.017037e+00 -1.492230e+01 3.000000e+00
      vertex   -8.066987e+00 -1.504289e+01 5.000000e+00
      vertex   -8.017037e+00 -1.492230e+01 5.000000e+00
    endloop
  endfacet
  facet normal -9.914449e-01 1.305262e-01 0.000000e+00
    outer loop
      vertex   -8.017037e+00 -1.492230e+01 3.000000e+00
      vertex   -8.017037e+00 -1.492230e+01 5.000000e+00
      vertex   -8.000000e+00 -1.479289e+01 5.000000e+00
    endloop
  endfacet
  facet normal -7.071068e-01 7.071068e-01 0.000000e+00
    outer loop
      vertex   -8.146447e+00 -1.514645e+01 1.000000e+00
      vertex   -9.853554e+00 -1.685355e+01 1.000000e+00
      vertex   -8.146447e+00 -1.514645e+01 5.000000e+00
    endloop
  endfacet
  facet normal -7.071068e-01 7.071068e-01 0.000000e+00
    outer loop
      vertex   -8.146447e+00 -1.514645e+01 5.000000e+00
      vertex   -9.853554e+00 -1.685355e+01 1.000000e+00
      vertex   -9.853554e+00 -1.685355e+01 5.000000e+00
    endloop
  endfacet
  facet normal -9.914449e-01 1.305262e-01 0.000000e+00
    outer loop
      vertex   -9.982963e+00 -1.707770e+01 5.000000e+00
      vertex   -9.982963e+00 -1.707770e+01 2.500000e+00
      vertex   -1.000000e+01 -1.720711e+01 5.000000e+00
    endloop
  endfacet
  facet normal -9.882826e-01 1.526307e-01 1.165763e-03
    outer loop
      vertex   -1.000000e+01 -1.720711e+01 5.000000e+00
      vertex   -9.982963e+00 -1.707770e+01 2.500000e+00
      vertex   -9.994942e+00 -1.713617e+01 0.000000e+00
    endloop
  endfacet
  facet normal -9.974678e-01 7.111967e-02 0.000000e+00
    outer loop
      vertex   -1.000000e+01 -1.720711e+01 5.000000e+00
      vertex   -9.994942e+00 -1.713617e+01 0.000000e+00
      vertex   -1.000000e+01 -1.720711e+01 0.000000e+00
    endloop
  endfacet
  facet normal -9.238795e-01 3.826834e-01 0.000000e+00
    outer loop
      vertex   -9.982963e+00 -1.707770e+01 2.500000e+00
      vertex   -9.982963e+00 -1.707770e+01 5.000000e+00
      vertex   -9.933013e+00 -1.695711e+01 2.500000e+00
    endloop
  endfacet
  facet normal -9.238795e-01 3.826834e-01 1.200282e-15
    outer loop
      vertex   -9.933013e+00 -1.695711e+01 2.500000e+00
      vertex   -9.982963e+00 -1.707770e+01 5.000000e+00
      vertex   -9.933013e+00 -1.695711e+01 5.000000e+00
    endloop
  endfacet
  facet normal -8.282726e-01 5.603253e-01 1.384793e-15
    outer loop
      vertex   -9.933013e+00 -1.695711e+01 2.500000e+00
      vertex   -9.933013e+00 -1.695711e+01 5.000000e+00
      vertex   -9.893163e+00 -1.689820e+01 1.000000e+00
    endloop
  endfacet
  facet normal -7.933529e-01 6.087611e-01 1.061184e-03
    outer loop
      vertex   -9.893163e+00 -1.689820e+01 1.000000e+00
      vertex   -9.933013e+00 -1.695711e+01 5.000000e+00
      vertex   -9.853554e+00 -1.685355e+01 5.000000e+00
    endloop
  endfacet
  facet normal -7.480495e-01 6.636429e-01 0.000000e+00
    outer loop
      vertex   -9.893163e+00 -1.689820e+01 1.000000e+00
      vertex   -9.853554e+00 -1.685355e+01 5.000000e+00
      vertex   -9.853554e+00 -1.685355e+01 1.000000e+00
    endloop
  endfacet
  facet normal -8.217970e-01 5.697801e-01 5.433345e-04
    outer loop
      vertex   -9.893163e+00 -1.689820e+01 1.000000e+00
      vertex   -9.927170e+00 -1.694725e+01 1.000000e+00
      vertex   -9.933013e+00 -1.695711e+01 2.500000e+00
    endloop
  endfacet
  facet normal -8.838350e-01 4.677987e-01 -3.685506e-04
    outer loop
      vertex   -9.933013e+00 -1.695711e+01 2.500000e+00
      vertex   -9.927170e+00 -1.694725e+01 1.000000e+00
      vertex   -9.955090e+00 -1.700000e+01 1.000000e+00
    endloop
  endfacet
  facet normal -9.238763e-01 3.826821e-01 2.654731e-03
    outer loop
      vertex   -9.933013e+00 -1.695711e+01 2.500000e+00
      vertex   -9.955090e+00 -1.700000e+01 1.000000e+00
      vertex   -9.982963e+00 -1.707770e+01 2.500000e+00
    endloop
  endfacet
  facet normal -9.390638e-01 3.437428e-01 3.555336e-04
    outer loop
      vertex   -9.982963e+00 -1.707770e+01 2.500000e+00
      vertex   -9.955090e+00 -1.700000e+01 1.000000e+00
      vertex   -9.979870e+00 -1.706666e+01 0.000000e+00
    endloop
  endfacet
  facet normal -9.772870e-01 2.119201e-01 -2.735835e-04
    outer loop
      vertex   -9.982963e+00 -1.707770e+01 2.500000e+00
      vertex   -9.979870e+00 -1.706666e+01 0.000000e+00
      vertex   -9.994942e+00 -1.713617e+01 0.000000e+00
    endloop
  endfacet
  facet normal -9.373337e-01 3.484330e-01 0.000000e+00
    outer loop
      vertex   -9.955090e+00 -1.700000e+01 1.000000e+00
      vertex   -9.955090e+00 -1.700000e+01 0.000000e+00
      vertex   -9.979870e+00 -1.706666e+01 0.000000e+00
    endloop
  endfacet
  facet normal -0.000000e+00 1.000000e+00 0.000000e+00
    outer loop
      vertex   -9.955090e+00 -1.700000e+01 1.000000e+00
      vertex   -3.000000e+00 -1.700000e+01 1.000000e+00
      vertex   -9.955090e+00 -1.700000e+01 0.000000e+00
    endloop
  endfacet
  facet normal 0.000000e+00 1.000000e+00 0.000000e+00
    outer loop
      vertex   -9.955090e+00 -1.700000e+01 0.000000e+00
      vertex   -3.000000e+00 -1.700000e+01 1.000000e+00
      vertex   -3.000000e+00 -1.700000e+01 0.000000e+00
    endloop
  endfacet
  facet normal 6.443043e-01 7.647692e-01 0.000000e+00
    outer loop
      vertex   -6.047714e+00 2.196772e+01 5.000000e+00
      vertex   -3.773143e+00 2.005143e+01 5.000000e+00
      vertex   -6.047714e+00 2.196772e+01 4.600000e+00
    endloop
  endfacet
  facet normal 6.443043e-01 7.647692e-01 0.000000e+00
    outer loop
      vertex   -6.047714e+00 2.196772e+01 4.600000e+00
      vertex   -3.773143e+00 2.005143e+01 5.000000e+00
      vertex   -3.773143e+00 2.005143e+01 4.600000e+00
    endloop
  endfacet
  facet normal -0.000000e+00 1.000000e+00 0.000000e+00
    outer loop
      vertex   -3.773143e+00 2.005143e+01 5.000000e+00
      vertex   -3.100000e+00 2.005143e+01 5.000000e+00
      vertex   -3.773143e+00 2.005143e+01 4.600000e+00
    endloop
  endfacet
  facet normal 0.000000e+00 1.000000e+00 0.000000e+00
    outer loop
      vertex   -3.773143e+00 2.005143e+01 4.600000e+00
      vertex   -3.100000e+00 2.005143e+01 5.000000e+00
      vertex   -3.100000e+00 2.005143e+01 4.600000e+00
    endloop
  endfacet
  facet normal -1.000000e+00 0.000000e+00 0.000000e+00
    outer loop
      vertex   -3.100000e+00 2.005143e+01 5.000000e+00
      vertex   -3.100000e+00 2.332486e+01 5.000000e+00
      vertex   -3.100000e+00 2.005143e+01 4.600000e+00
    endloop
  endfacet
  facet normal -1.000000e+00 0.000000e+00 0.000000e+00
    outer loop
      vertex   -3.100000e+00 2.005143e+01 4.600000e+00
      vertex   -3.100000e+00 2.332486e+01 5.000000e+00
      vertex   -3.100000e+00 2.332486e+01 4.600000e+00
    endloop
  endfacet
  facet normal -8.336906e-15 -1.000000e+00 -0.000000e+00
    outer loop
      vertex   -3.100000e+00 2.332486e+01 5.000000e+00
      vertex   -3.952286e+00 2.332486e+01 5.000000e+00
      vertex   -3.100000e+00 2.332486e+01 4.600000e+00
    endloop
  endfacet
  facet normal -8.336906e-15 -1.000000e+00 0.000000e+00
    outer loop
      vertex   -3.100000e+00 2.332486e+01 4.600000e+00
      vertex   -3.952286e+00 2.332486e+01 5.000000e+00
      vertex   -3.952286e+00 2.332486e+01 4.600000e+00
    endloop
  endfacet
  facet normal 1.000000e+00 0.000000e+00 0.000000e+00
    outer loop
      vertex   -3.952286e+00 2.332486e+01 5.000000e+00
      vertex   -3.952286e+00 2.145743e+01 5.000000e+00
      vertex   -3.952286e+00 2.332486e+01 4.600000e+00
    endloop
  endfacet
  facet normal 1.000000e+00 0.000000e+00 0.000000e+00
    outer loop
      vertex   -3.952286e+00 2.332486e+01 4.600000e+00
      vertex   -3.952286e+00 2.145743e+01 5.000000e+00
      vertex   -3.952286e+00 2.145743e+01 4.600000e+00
    endloop
  endfacet
  facet normal -6.443044e-01 -7.647692e-01 -0.000000e+00
    outer loop
      vertex   -3.952286e+00 2.145743e+01 5.000000e+00
      vertex   -6.226857e+00 2.337372e+01 5.000000e+00
      vertex   -3.952286e+00 2.145743e+01 4.600000e+00
    endloop
  endfacet
  facet normal -6.443044e-01 -7.647692e-01 0.000000e+00
    outer loop
      vertex   -3.952286e+00 2.145743e+01 4.600000e+00
      vertex   -6.226857e+00 2.337372e+01 5.000000e+00
      vertex   -6.226857e+00 2.337372e+01 4.600000e+00
    endloop
  endfacet
  facet normal -0.000000e+00 -1.000000e+00 -0.000000e+00
    outer loop
      vertex   -6.226857e+00 2.337372e+01 5.000000e+00
      vertex   -6.900000e+00 2.337372e+01 5.000000e+00
      vertex   -6.226857e+00 2.337372e+01 4.600000e+00
    endloop
  endfacet
  facet normal 0.000000e+00 -1.000000e+00 0.000000e+00
    outer loop
      vertex   -6.226857e+00 2.337372e+01 4.600000e+00
      vertex   -6.900000e+00 2.337372e+01 5.000000e+00
      vertex   -6.900000e+00 2.337372e+01 4.600000e+00
    endloop
  endfacet
  facet normal 1.000000e+00 0.000000e+00 0.000000e+00
    outer loop
      vertex   -6.900000e+00 2.337372e+01 5.000000e+00
      vertex   -6.900000e+00 1.997000e+01 5.000000e+00
      vertex   -6.900000e+00 2.337372e+01 4.600000e+00
    endloop
  endfacet
  facet normal 1.000000e+00 0.000000e+00 0.000000e+00
    outer loop
      vertex   -6.900000e+00 2.337372e+01 4.600000e+00
      vertex   -6.900000e+00 1.997000e+01 5.000000e+00
      vertex   -6.900000e+00 1.997000e+01 4.600000e+00
    endloop
  endfacet
  facet normal -4.168454e-15 1.000000e+00 0.000000e+00
    outer loop
      vertex   -6.900000e+00 1.997000e+01 5.000000e+00
      vertex   -6.047714e+00 1.997000e+01 5.000000e+00
      vertex   -6.900000e+00 1.997000e+01 4.600000e+00
    endloop
  endfacet
  facet normal -4.168454e-15 1.000000e+00 0.000000e+00
    outer loop
      vertex   -6.900000e+00 1.997000e+01 4.600000e+00
      vertex   -6.047714e+00 1.997000e+01 5.000000e+00
      vertex   -6.047714e+00 1.997000e+01 4.600000e+00
    endloop
  endfacet
  facet normal -1.000000e+00 0.000000e+00 0.000000e+00
    outer loop
      vertex   -6.047714e+00 1.997000e+01 5.000000e+00
      vertex   -6.047714e+00 2.196772e+01 5.000000e+00
      vertex   -6.047714e+00 1.997000e+01 4.600000e+00
    endloop
  endfacet
  facet normal -1.000000e+00 0.000000e+00 0.000000e+00
    outer loop
      vertex   -6.047714e+00 1.997000e+01 4.600000e+00
      vertex   -6.047714e+00 2.196772e+01 5.000000e+00
      vertex   -6.047714e+00 2.196772e+01 4.600000e+00
    endloop
  endfacet
  facet normal 0.000000e+00 -0.000000e+00 1.000000e+00
    outer loop
      vertex   -6.047714e+00 1.997000e+01 4.600000e+00
      vertex   -6.047714e+00 2.196772e+01 4.600000e+00
      vertex   -6.900000e+00 1.997000e+01 4.600000e+00
    endloop
  endfacet
  facet normal 0.000000e+00 0.000000e+00 1.000000e+00
    outer loop
      vertex   -6.900000e+00 1.997000e+01 4.600000e+00
      vertex   -6.047714e+00 2.196772e+01 4.600000e+00
      vertex   -6.900000e+00 2.337372e+01 4.600000e+00
    endloop
  endfacet
  facet normal -0.000000e+00 0.000000e+00 1.000000e+00
    outer loop
      vertex   -6.900000e+00 2.337372e+01 4.600000e+00
      vertex   -6.047714e+00 2.196772e+01 4.600000e+00
      vertex   -6.226857e+00 2.337372e+01 4.600000e+00
    endloop
  endfacet
  facet normal 0.000000e+00 0.000000e+00 1.000000e+00
    outer loop
      vertex   -6.226857e+00 2.337372e+01 4.600000e+00
      vertex   -6.047714e+00 2.196772e+01 4.600000e+00
      vertex   -3.952286e+00 2.145743e+01 4.600000e+00
    endloop
  endfacet
  facet normal 0.000000e+00 0.000000e+00 1.000000e+00
    outer loop
      vertex   -3.952286e+00 2.145743e+01 4.600000e+00
      vertex   -6.047714e+00 2.196772e+01 4.600000e+00
      vertex   -3.773143e+00 2.005143e+01 4.600000e+00
    endloop
  endfacet
  facet normal 0.000000e+00 0.000000e+00 1.000000e+00
    outer loop
      vertex   -3.952286e+00 2.145743e+01 4.600000e+00
      vertex   -3.773143e+00 2.005143e+01 4.600000e+00
      vertex   -3.100000e+00 2.005143e+01 4.600000e+00
    endloop
  endfacet
  facet normal 0.000000e+00 -0.000000e+00 1.000000e+00
    outer loop
      vertex   -3.100000e+00 2.005143e+01 4.600000e+00
      vertex   -3.100000e+00 2.332486e+01 4.600000e+00
      vertex   -3.952286e+00 2.145743e+01 4.600000e+00
    endloop
  endfacet
  facet normal 0.000000e+00 0.000000e+00 1.000000e+00
    outer loop
      vertex   -3.952286e+00 2.145743e+01 4.600000e+00
      vertex   -3.100000e+00 2.332486e+01 4.600000e+00
      vertex   -3.952286e+00 2.332486e+01 4.600000e+00
    endloop
  endfacet
  facet normal 3.728187e-01 9.279042e-01 0.000000e+00
    outer loop
      vertex   -5.369143e+00 1.824371e+01 5.000000e+00
      vertex   -4.153143e+00 1.775514e+01 5.000000e+00
      vertex   -5.369143e+00 1.824371e+01 4.600000e+00
    endloop
  endfacet
  facet normal 3.728187e-01 9.279042e-01 0.000000e+00
    outer loop
      vertex   -5.369143e+00 1.824371e+01 4.600000e+00
      vertex   -4.153143e+00 1.775514e+01 5.000000e+00
      vertex   -4.153143e+00 1.775514e+01 4.600000e+00
    endloop
  endfacet
  facet normal 3.728187e-01 -9.279042e-01 0.000000e+00
    outer loop
      vertex   -4.153143e+00 1.775514e+01 5.000000e+00
      vertex   -5.369143e+00 1.726657e+01 5.000000e+00
      vertex   -4.153143e+00 1.775514e+01 4.600000e+00
    endloop
  endfacet
  facet normal 3.728187e-01 -9.279042e-01 0.000000e+00
    outer loop
      vertex   -4.153143e+00 1.775514e+01 4.600000e+00
      vertex   -5.369143e+00 1.726657e+01 5.000000e+00
      vertex   -5.369143e+00 1.726657e+01 4.600000e+00
    endloop
  endfacet
  facet normal -1.000000e+00 0.000000e+00 0.000000e+00
    outer loop
      vertex   -5.369143e+00 1.726657e+01 5.000000e+00
      vertex   -5.369143e+00 1.824371e+01 5.000000e+00
      vertex   -5.369143e+00 1.726657e+01 4.600000e+00
    endloop
  endfacet
  facet normal -1.000000e+00 0.000000e+00 0.000000e+00
    outer loop
      vertex   -5.369143e+00 1.726657e+01 4.600000e+00
      vertex   -5.369143e+00 1.824371e+01 5.000000e+00
      vertex   -5.369143e+00 1.824371e+01 4.600000e+00
    endloop
  endfacet
  facet normal 1.000000e+00 0.000000e+00 0.000000e+00
    outer loop
      vertex   -6.900000e+00 1.665314e+01 5.000000e+00
      vertex   -6.900000e+00 1.553486e+01 5.000000e+00
      vertex   -6.900000e+00 1.665314e+01 4.600000e+00
    endloop
  endfacet
  facet normal 1.000000e+00 0.000000e+00 0.000000e+00
    outer loop
      vertex   -6.900000e+00 1.665314e+01 4.600000e+00
      vertex   -6.900000e+00 1.553486e+01 5.000000e+00
      vertex   -6.900000e+00 1.553486e+01 4.600000e+00
    endloop
  endfacet
  facet normal -4.049262e-01 9.143494e-01 0.000000e+00
    outer loop
      vertex   -6.900000e+00 1.553486e+01 5.000000e+00
      vertex   -3.100000e+00 1.721771e+01 5.000000e+00
      vertex   -6.900000e+00 1.553486e+01 4.600000e+00
    endloop
  endfacet
  facet normal -4.049262e-01 9.143494e-01 0.000000e+00
    outer loop
      vertex   -6.900000e+00 1.553486e+01 4.600000e+00
      vertex   -3.100000e+00 1.721771e+01 5.000000e+00
      vertex   -3.100000e+00 1.721771e+01 4.600000e+00
    endloop
  endfacet
  facet normal -1.000000e+00 0.000000e+00 0.000000e+00
    outer loop
      vertex   -3.100000e+00 1.721771e+01 5.000000e+00
      vertex   -3.100000e+00 1.827629e+01 5.000000e+00
      vertex   -3.100000e+00 1.721771e+01 4.600000e+00
    endloop
  endfacet
  facet normal -1.000000e+00 0.000000e+00 0.000000e+00
    outer loop
      vertex   -3.100000e+00 1.721771e+01 4.600000e+00
      vertex   -3.100000e+00 1.827629e+01 5.000000e+00
      vertex   -3.100000e+00 1.827629e+01 4.600000e+00
    endloop
  endfacet
  facet normal -4.038332e-01 -9.148326e-01 -0.000000e+00
    outer loop
      vertex   -3.100000e+00 1.827629e+01 5.000000e+00
      vertex   -6.900000e+00 1.995371e+01 5.000000e+00
      vertex   -3.100000e+00 1.827629e+01 4.600000e+00
    endloop
  endfacet
  facet normal -4.038332e-01 -9.148326e-01 0.000000e+00
    outer loop
      vertex   -3.100000e+00 1.827629e+01 4.600000e+00
      vertex   -6.900000e+00 1.995371e+01 5.000000e+00
      vertex   -6.900000e+00 1.995371e+01 4.600000e+00
    endloop
  endfacet
  facet normal 1.000000e+00 0.000000e+00 0.000000e+00
    outer loop
      vertex   -6.900000e+00 1.995371e+01 5.000000e+00
      vertex   -6.900000e+00 1.885714e+01 5.000000e+00
      vertex   -6.900000e+00 1.995371e+01 4.600000e+00
    endloop
  endfacet
  facet normal 1.000000e+00 0.000000e+00 0.000000e+00
    outer loop
      vertex   -6.900000e+00 1.995371e+01 4.600000e+00
      vertex   -6.900000e+00 1.885714e+01 5.000000e+00
      vertex   -6.900000e+00 1.885714e+01 4.600000e+00
    endloop
  endfacet
  facet normal 3.749140e-01 9.270596e-01 0.000000e+00
    outer loop
      vertex   -6.900000e+00 1.885714e+01 5.000000e+00
      vertex   -6.161714e+00 1.855857e+01 5.000000e+00
      vertex   -6.900000e+00 1.885714e+01 4.600000e+00
    endloop
  endfacet
  facet normal 3.749140e-01 9.270596e-01 0.000000e+00
    outer loop
      vertex   -6.900000e+00 1.885714e+01 4.600000e+00
      vertex   -6.161714e+00 1.855857e+01 5.000000e+00
      vertex   -6.161714e+00 1.855857e+01 4.600000e+00
    endloop
  endfacet
  facet normal 1.000000e+00 0.000000e+00 0.000000e+00
    outer loop
      vertex   -6.161714e+00 1.855857e+01 5.000000e+00
      vertex   -6.161714e+00 1.695171e+01 5.000000e+00
      vertex   -6.161714e+00 1.855857e+01 4.600000e+00
    endloop
  endfacet
  facet normal 1.000000e+00 0.000000e+00 0.000000e+00
    outer loop
      vertex   -6.161714e+00 1.855857e+01 4.600000e+00
      vertex   -6.161714e+00 1.695171e+01 5.000000e+00
      vertex   -6.161714e+00 1.695171e+01 4.600000e+00
    endloop
  endfacet
  facet normal 3.749140e-01 -9.270596e-01 0.000000e+00
    outer loop
      vertex   -6.161714e+00 1.695171e+01 5.000000e+00
      vertex   -6.900000e+00 1.665314e+01 5.000000e+00
      vertex   -6.161714e+00 1.695171e+01 4.600000e+00
    endloop
  endfacet
  facet normal 3.749140e-01 -9.270596e-01 0.000000e+00
    outer loop
      vertex   -6.161714e+00 1.695171e+01 4.600000e+00
      vertex   -6.900000e+00 1.665314e+01 5.000000e+00
      vertex   -6.900000e+00 1.665314e+01 4.600000e+00
    endloop
  endfacet
  facet normal -0.000000e+00 0.000000e+00 1.000000e+00
    outer loop
      vertex   -6.900000e+00 1.665314e+01 4.600000e+00
      vertex   -6.900000e+00 1.553486e+01 4.600000e+00
      vertex   -6.161714e+00 1.695171e+01 4.600000e+00
    endloop
  endfacet
  facet normal -0.000000e+00 0.000000e+00 1.000000e+00
    outer loop
      vertex   -6.161714e+00 1.695171e+01 4.600000e+00
      vertex   -6.900000e+00 1.553486e+01 4.600000e+00
      vertex   -5.369143e+00 1.726657e+01 4.600000e+00
    endloop
  endfacet
  facet normal 0.000000e+00 0.000000e+00 1.000000e+00
    outer loop
      vertex   -6.161714e+00 1.695171e+01 4.600000e+00
      vertex   -5.369143e+00 1.726657e+01 4.600000e+00
      vertex   -5.369143e+00 1.824371e+01 4.600000e+00
    endloop
  endfacet
  facet normal 0.000000e+00 0.000000e+00 1.000000e+00
    outer loop
      vertex   -6.900000e+00 1.553486e+01 4.600000e+00
      vertex   -3.100000e+00 1.721771e+01 4.600000e+00
      vertex   -5.369143e+00 1.726657e+01 4.600000e+00
    endloop
  endfacet
  facet normal -0.000000e+00 0.000000e+00 1.000000e+00
    outer loop
      vertex   -5.369143e+00 1.726657e+01 4.600000e+00
      vertex   -3.100000e+00 1.721771e+01 4.600000e+00
      vertex   -4.153143e+00 1.775514e+01 4.600000e+00
    endloop
  endfacet
  facet normal -0.000000e+00 0.000000e+00 1.000000e+00
    outer loop
      vertex   -4.153143e+00 1.775514e+01 4.600000e+00
      vertex   -3.100000e+00 1.721771e+01 4.600000e+00
      vertex   -3.100000e+00 1.827629e+01 4.600000e+00
    endloop
  endfacet
  facet normal 0.000000e+00 -0.000000e+00 1.000000e+00
    outer loop
      vertex   -4.153143e+00 1.775514e+01 4.600000e+00
      vertex   -3.100000e+00 1.827629e+01 4.600000e+00
      vertex   -5.369143e+00 1.824371e+01 4.600000e+00
    endloop
  endfacet
  facet normal 0.000000e+00 -0.000000e+00 1.000000e+00
    outer loop
      vertex   -5.369143e+00 1.824371e+01 4.600000e+00
      vertex   -3.100000e+00 1.827629e+01 4.600000e+00
      vertex   -6.900000e+00 1.995371e+01 4.600000e+00
    endloop
  endfacet
  facet normal 0.000000e+00 0.000000e+00 1.000000e+00
    outer loop
      vertex   -5.369143e+00 1.824371e+01 4.600000e+00
      vertex   -6.900000e+00 1.995371e+01 4.600000e+00
      vertex   -6.161714e+00 1.855857e+01 4.600000e+00
    endloop
  endfacet
  facet normal 0.000000e+00 0.000000e+00 1.000000e+00
    outer loop
      vertex   -6.161714e+00 1.855857e+01 4.600000e+00
      vertex   -6.900000e+00 1.995371e+01 4.600000e+00
      vertex   -6.900000e+00 1.885714e+01 4.600000e+00
    endloop
  endfacet
  facet normal 0.000000e+00 0.000000e+00 1.000000e+00
    outer loop
      vertex   -6.161714e+00 1.855857e+01 4.600000e+00
      vertex   -6.161714e+00 1.695171e+01 4.600000e+00
      vertex   -5.369143e+00 1.824371e+01 4.600000e+00
    endloop
  endfacet
  facet normal 9.985728e-01 -5.340797e-02 0.000000e+00
    outer loop
      vertex   -3.876285e+00 1.342857e+01 5.000000e+00
      vertex   -3.886908e+00 1.322996e+01 5.000000e+00
      vertex   -3.876285e+00 1.342857e+01 4.600000e+00
    endloop
  endfacet
  facet normal 9.985728e-01 -5.340797e-02 0.000000e+00
    outer loop
      vertex   -3.876285e+00 1.342857e+01 4.600000e+00
      vertex   -3.886908e+00 1.322996e+01 5.000000e+00
      vertex   -3.886908e+00 1.322996e+01 4.600000e+00
    endloop
  endfacet
  facet normal 9.810312e-01 -1.938499e-01 0.000000e+00
    outer loop
      vertex   -3.886908e+00 1.322996e+01 4.600000e+00
      vertex   -3.886908e+00 1.322996e+01 5.000000e+00
      vertex   -3.904613e+00 1.314036e+01 5.000000e+00
    endloop
  endfacet
  facet normal 9.810312e-01 -1.938499e-01 0.000000e+00
    outer loop
      vertex   -3.886908e+00 1.322996e+01 4.600000e+00
      vertex   -3.904613e+00 1.314036e+01 5.000000e+00
      vertex   -3.904613e+00 1.314036e+01 4.600000e+00
    endloop
  endfacet
  facet normal 9.226686e-01 -3.855939e-01 0.000000e+00
    outer loop
      vertex   -3.904613e+00 1.314036e+01 4.600000e+00
      vertex   -3.904613e+00 1.314036e+01 5.000000e+00
      vertex   -3.937189e+00 1.306241e+01 5.000000e+00
    endloop
  endfacet
  facet normal 9.226686e-01 -3.855939e-01 0.000000e+00
    outer loop
      vertex   -3.904613e+00 1.314036e+01 4.600000e+00
      vertex   -3.937189e+00 1.306241e+01 5.000000e+00
      vertex   -3.937189e+00 1.306241e+01 4.600000e+00
    endloop
  endfacet
  facet normal 8.187865e-01 -5.740982e-01 0.000000e+00
    outer loop
      vertex   -3.937189e+00 1.306241e+01 4.600000e+00
      vertex   -3.937189e+00 1.306241e+01 5.000000e+00
      vertex   -3.960604e+00 1.302901e+01 5.000000e+00
    endloop
  endfacet
  facet normal 8.187865e-01 -5.740982e-01 0.000000e+00
    outer loop
      vertex   -3.937189e+00 1.306241e+01 4.600000e+00
      vertex   -3.960604e+00 1.302901e+01 5.000000e+00
      vertex   -3.960604e+00 1.302901e+01 4.600000e+00
    endloop
  endfacet
  facet normal 7.097959e-01 -7.044074e-01 0.000000e+00
    outer loop
      vertex   -3.960604e+00 1.302901e+01 4.600000e+00
      vertex   -3.960604e+00 1.302901e+01 5.000000e+00
      vertex   -3.989491e+00 1.299991e+01 5.000000e+00
    endloop
  endfacet
  facet normal 7.097959e-01 -7.044074e-01 0.000000e+00
    outer loop
      vertex   -3.960604e+00 1.302901e+01 4.600000e+00
      vertex   -3.989491e+00 1.299991e+01 5.000000e+00
      vertex   -3.989491e+00 1.299991e+01 4.600000e+00
    endloop
  endfacet
  facet normal 5.449939e-01 -8.384400e-01 0.000000e+00
    outer loop
      vertex   -3.989491e+00 1.299991e+01 4.600000e+00
      vertex   -3.989491e+00 1.299991e+01 5.000000e+00
      vertex   -4.061681e+00 1.295298e+01 5.000000e+00
    endloop
  endfacet
  facet normal 5.449939e-01 -8.384400e-01 0.000000e+00
    outer loop
      vertex   -3.989491e+00 1.299991e+01 4.600000e+00
      vertex   -4.061681e+00 1.295298e+01 5.000000e+00
      vertex   -4.061681e+00 1.295298e+01 4.600000e+00
    endloop
  endfacet
  facet normal 3.529513e-01 -9.356417e-01 0.000000e+00
    outer loop
      vertex   -4.061681e+00 1.295298e+01 4.600000e+00
      vertex   -4.061681e+00 1.295298e+01 5.000000e+00
      vertex   -4.240000e+00 1.288571e+01 5.000000e+00
    endloop
  endfacet
  facet normal 3.529513e-01 -9.356417e-01 0.000000e+00
    outer loop
      vertex   -4.061681e+00 1.295298e+01 4.600000e+00
      vertex   -4.240000e+00 1.288571e+01 5.000000e+00
      vertex   -4.240000e+00 1.288571e+01 4.600000e+00
    endloop
  endfacet
  facet normal -3.460575e-01 -9.382133e-01 -0.000000e+00
    outer loop
      vertex   -4.240000e+00 1.288571e+01 5.000000e+00
      vertex   -4.419981e+00 1.295210e+01 5.000000e+00
      vertex   -4.240000e+00 1.288571e+01 4.600000e+00
    endloop
  endfacet
  facet normal -3.460575e-01 -9.382133e-01 0.000000e+00
    outer loop
      vertex   -4.240000e+00 1.288571e+01 4.600000e+00
      vertex   -4.419981e+00 1.295210e+01 5.000000e+00
      vertex   -4.419981e+00 1.295210e+01 4.600000e+00
    endloop
  endfacet
  facet normal -5.376813e-01 -8.431482e-01 0.000000e+00
    outer loop
      vertex   -4.419981e+00 1.295210e+01 4.600000e+00
      vertex   -4.419981e+00 1.295210e+01 5.000000e+00
      vertex   -4.493031e+00 1.299869e+01 5.000000e+00
    endloop
  endfacet
  facet normal -5.376813e-01 -8.431482e-01 0.000000e+00
    outer loop
      vertex   -4.419981e+00 1.295210e+01 4.600000e+00
      vertex   -4.493031e+00 1.299869e+01 5.000000e+00
      vertex   -4.493031e+00 1.299869e+01 4.600000e+00
    endloop
  endfacet
  facet normal -7.029054e-01 -7.112833e-01 0.000000e+00
    outer loop
      vertex   -4.493031e+00 1.299869e+01 4.600000e+00
      vertex   -4.493031e+00 1.299869e+01 5.000000e+00
      vertex   -4.522359e+00 1.302767e+01 5.000000e+00
    endloop
  endfacet
  facet normal -7.029054e-01 -7.112833e-01 0.000000e+00
    outer loop
      vertex   -4.493031e+00 1.299869e+01 4.600000e+00
      vertex   -4.522359e+00 1.302767e+01 5.000000e+00
      vertex   -4.522359e+00 1.302767e+01 4.600000e+00
    endloop
  endfacet
  facet normal -8.136035e-01 -5.814201e-01 0.000000e+00
    outer loop
      vertex   -4.522359e+00 1.302767e+01 4.600000e+00
      vertex   -4.522359e+00 1.302767e+01 5.000000e+00
      vertex   -4.546181e+00 1.306100e+01 5.000000e+00
    endloop
  endfacet
  facet normal -8.136035e-01 -5.814201e-01 0.000000e+00
    outer loop
      vertex   -4.522359e+00 1.302767e+01 4.600000e+00
      vertex   -4.546181e+00 1.306100e+01 5.000000e+00
      vertex   -4.546181e+00 1.306100e+01 4.600000e+00
    endloop
  endfacet
  facet normal -9.199610e-01 -3.920100e-01 0.000000e+00
    outer loop
      vertex   -4.546181e+00 1.306100e+01 4.600000e+00
      vertex   -4.546181e+00 1.306100e+01 5.000000e+00
      vertex   -4.579437e+00 1.313905e+01 5.000000e+00
    endloop
  endfacet
  facet normal -9.199610e-01 -3.920100e-01 0.000000e+00
    outer loop
      vertex   -4.546181e+00 1.306100e+01 4.600000e+00
      vertex   -4.579437e+00 1.313905e+01 5.000000e+00
      vertex   -4.579437e+00 1.313905e+01 4.600000e+00
    endloop
  endfacet
  facet normal -9.800323e-01 -1.988386e-01 0.000000e+00
    outer loop
      vertex   -4.579437e+00 1.313905e+01 4.600000e+00
      vertex   -4.579437e+00 1.313905e+01 5.000000e+00
      vertex   -4.597680e+00 1.322896e+01 5.000000e+00
    endloop
  endfacet
  facet normal -9.800323e-01 -1.988386e-01 0.000000e+00
    outer loop
      vertex   -4.579437e+00 1.313905e+01 4.600000e+00
      vertex   -4.597680e+00 1.322896e+01 5.000000e+00
      vertex   -4.597680e+00 1.322896e+01 4.600000e+00
    endloop
  endfacet
  facet normal -9.983552e-01 -5.733137e-02 0.000000e+00
    outer loop
      vertex   -4.597680e+00 1.322896e+01 4.600000e+00
      vertex   -4.597680e+00 1.322896e+01 5.000000e+00
      vertex   -4.609142e+00 1.342857e+01 5.000000e+00
    endloop
  endfacet
  facet normal -9.983552e-01 -5.733137e-02 0.000000e+00
    outer loop
      vertex   -4.597680e+00 1.322896e+01 4.600000e+00
      vertex   -4.609142e+00 1.342857e+01 5.000000e+00
      vertex   -4.609142e+00 1.342857e+01 4.600000e+00
    endloop
  endfacet
  facet normal -1.000000e+00 0.000000e+00 0.000000e+00
    outer loop
      vertex   -4.609142e+00 1.342857e+01 5.000000e+00
      vertex   -4.609142e+00 1.416686e+01 5.000000e+00
      vertex   -4.609142e+00 1.342857e+01 4.600000e+00
    endloop
  endfacet
  facet normal -1.000000e+00 0.000000e+00 0.000000e+00
    outer loop
      vertex   -4.609142e+00 1.342857e+01 4.600000e+00
      vertex   -4.609142e+00 1.416686e+01 5.000000e+00
      vertex   -4.609142e+00 1.416686e+01 4.600000e+00
    endloop
  endfacet
  facet normal -4.847758e-15 1.000000e+00 0.000000e+00
    outer loop
      vertex   -4.609142e+00 1.416686e+01 5.000000e+00
      vertex   -3.876285e+00 1.416686e+01 5.000000e+00
      vertex   -4.609142e+00 1.416686e+01 4.600000e+00
    endloop
  endfacet
  facet normal -4.847758e-15 1.000000e+00 0.000000e+00
    outer loop
      vertex   -4.609142e+00 1.416686e+01 4.600000e+00
      vertex   -3.876285e+00 1.416686e+01 5.000000e+00
      vertex   -3.876285e+00 1.416686e+01 4.600000e+00
    endloop
  endfacet
  facet normal 1.000000e+00 0.000000e+00 0.000000e+00
    outer loop
      vertex   -3.876285e+00 1.416686e+01 5.000000e+00
      vertex   -3.876285e+00 1.342857e+01 5.000000e+00
      vertex   -3.876285e+00 1.416686e+01 4.600000e+00
    endloop
  endfacet
  facet normal 1.000000e+00 0.000000e+00 0.000000e+00
    outer loop
      vertex   -3.876285e+00 1.416686e+01 4.600000e+00
      vertex   -3.876285e+00 1.342857e+01 5.000000e+00
      vertex   -3.876285e+00 1.342857e+01 4.600000e+00
    endloop
  endfacet
  facet normal -2.304391e-15 1.000000e+00 0.000000e+00
    outer loop
      vertex   -6.123714e+00 1.416686e+01 5.000000e+00
      vertex   -5.352857e+00 1.416686e+01 5.000000e+00
      vertex   -6.123714e+00 1.416686e+01 4.600000e+00
    endloop
  endfacet
  facet normal -2.304391e-15 1.000000e+00 0.000000e+00
    outer loop
      vertex   -6.123714e+00 1.416686e+01 4.600000e+00
      vertex   -5.352857e+00 1.416686e+01 5.000000e+00
      vertex   -5.352857e+00 1.416686e+01 4.600000e+00
    endloop
  endfacet
  facet normal 1.000000e+00 0.000000e+00 0.000000e+00
    outer loop
      vertex   -5.352857e+00 1.416686e+01 5.000000e+00
      vertex   -5.352857e+00 1.326571e+01 5.000000e+00
      vertex   -5.352857e+00 1.416686e+01 4.600000e+00
    endloop
  endfacet
  facet normal 1.000000e+00 0.000000e+00 0.000000e+00
    outer loop
      vertex   -5.352857e+00 1.416686e+01 4.600000e+00
      vertex   -5.352857e+00 1.326571e+01 5.000000e+00
      vertex   -5.352857e+00 1.326571e+01 4.600000e+00
    endloop
  endfacet
  facet normal 9.982939e-01 -5.838880e-02 0.000000e+00
    outer loop
      vertex   -5.352857e+00 1.326571e+01 5.000000e+00
      vertex   -5.365015e+00 1.305784e+01 5.000000e+00
      vertex   -5.352857e+00 1.326571e+01 4.600000e+00
    endloop
  endfacet
  facet normal 9.982939e-01 -5.838880e-02 0.000000e+00
    outer loop
      vertex   -5.352857e+00 1.326571e+01 4.600000e+00
      vertex   -5.365015e+00 1.305784e+01 5.000000e+00
      vertex   -5.365015e+00 1.305784e+01 4.600000e+00
    endloop
  endfacet
  facet normal 9.797588e-01 -2.001814e-01 0.000000e+00
    outer loop
      vertex   -5.365015e+00 1.305784e+01 4.600000e+00
      vertex   -5.365015e+00 1.305784e+01 5.000000e+00
      vertex   -5.384139e+00 1.296424e+01 5.000000e+00
    endloop
  endfacet
  facet normal 9.797588e-01 -2.001814e-01 0.000000e+00
    outer loop
      vertex   -5.365015e+00 1.305784e+01 4.600000e+00
      vertex   -5.384139e+00 1.296424e+01 5.000000e+00
      vertex   -5.384139e+00 1.296424e+01 4.600000e+00
    endloop
  endfacet
  facet normal 9.192249e-01 -3.937329e-01 0.000000e+00
    outer loop
      vertex   -5.384139e+00 1.296424e+01 4.600000e+00
      vertex   -5.384139e+00 1.296424e+01 5.000000e+00
      vertex   -5.418916e+00 1.288305e+01 5.000000e+00
    endloop
  endfacet
  facet normal 9.192249e-01 -3.937329e-01 0.000000e+00
    outer loop
      vertex   -5.384139e+00 1.296424e+01 4.600000e+00
      vertex   -5.418916e+00 1.288305e+01 5.000000e+00
      vertex   -5.418916e+00 1.288305e+01 4.600000e+00
    endloop
  endfacet
  facet normal 8.122003e-01 -5.833787e-01 0.000000e+00
    outer loop
      vertex   -5.418916e+00 1.288305e+01 4.600000e+00
      vertex   -5.418916e+00 1.288305e+01 5.000000e+00
      vertex   -5.443805e+00 1.284840e+01 5.000000e+00
    endloop
  endfacet
  facet normal 8.122003e-01 -5.833787e-01 0.000000e+00
    outer loop
      vertex   -5.418916e+00 1.288305e+01 4.600000e+00
      vertex   -5.443805e+00 1.284840e+01 5.000000e+00
      vertex   -5.443805e+00 1.284840e+01 4.600000e+00
    endloop
  endfacet
  facet normal 7.010549e-01 -7.131073e-01 0.000000e+00
    outer loop
      vertex   -5.443805e+00 1.284840e+01 4.600000e+00
      vertex   -5.443805e+00 1.284840e+01 5.000000e+00
      vertex   -5.474430e+00 1.281829e+01 5.000000e+00
    endloop
  endfacet
  facet normal 7.010549e-01 -7.131073e-01 0.000000e+00
    outer loop
      vertex   -5.443805e+00 1.284840e+01 4.600000e+00
      vertex   -5.474430e+00 1.281829e+01 5.000000e+00
      vertex   -5.474430e+00 1.281829e+01 4.600000e+00
    endloop
  endfacet
  facet normal 5.357302e-01 -8.443892e-01 0.000000e+00
    outer loop
      vertex   -5.474430e+00 1.281829e+01 4.600000e+00
      vertex   -5.474430e+00 1.281829e+01 5.000000e+00
      vertex   -5.550642e+00 1.276994e+01 5.000000e+00
    endloop
  endfacet
  facet normal 5.357302e-01 -8.443892e-01 0.000000e+00
    outer loop
      vertex   -5.474430e+00 1.281829e+01 4.600000e+00
      vertex   -5.550642e+00 1.276994e+01 5.000000e+00
      vertex   -5.550642e+00 1.276994e+01 4.600000e+00
    endloop
  endfacet
  facet normal 3.442264e-01 -9.388867e-01 0.000000e+00
    outer loop
      vertex   -5.550642e+00 1.276994e+01 4.600000e+00
      vertex   -5.550642e+00 1.276994e+01 5.000000e+00
      vertex   -5.738286e+00 1.270114e+01 5.000000e+00
    endloop
  endfacet
  facet normal 3.442264e-01 -9.388867e-01 0.000000e+00
    outer loop
      vertex   -5.550642e+00 1.276994e+01 4.600000e+00
      vertex   -5.738286e+00 1.270114e+01 5.000000e+00
      vertex   -5.738286e+00 1.270114e+01 4.600000e+00
    endloop
  endfacet
  facet normal -3.442264e-01 -9.388867e-01 -0.000000e+00
    outer loop
      vertex   -5.738286e+00 1.270114e+01 5.000000e+00
      vertex   -5.925929e+00 1.276994e+01 5.000000e+00
      vertex   -5.738286e+00 1.270114e+01 4.600000e+00
    endloop
  endfacet
  facet normal -3.442264e-01 -9.388867e-01 0.000000e+00
    outer loop
      vertex   -5.738286e+00 1.270114e+01 4.600000e+00
      vertex   -5.925929e+00 1.276994e+01 5.000000e+00
      vertex   -5.925929e+00 1.276994e+01 4.600000e+00
    endloop
  endfacet
  facet normal -5.357302e-01 -8.443892e-01 0.000000e+00
    outer loop
      vertex   -5.925929e+00 1.276994e+01 4.600000e+00
      vertex   -5.925929e+00 1.276994e+01 5.000000e+00
      vertex   -6.002142e+00 1.281829e+01 5.000000e+00
    endloop
  endfacet
  facet normal -5.357302e-01 -8.443892e-01 0.000000e+00
    outer loop
      vertex   -5.925929e+00 1.276994e+01 4.600000e+00
      vertex   -6.002142e+00 1.281829e+01 5.000000e+00
      vertex   -6.002142e+00 1.281829e+01 4.600000e+00
    endloop
  endfacet
  facet normal -7.010549e-01 -7.131073e-01 0.000000e+00
    outer loop
      vertex   -6.002142e+00 1.281829e+01 4.600000e+00
      vertex   -6.002142e+00 1.281829e+01 5.000000e+00
      vertex   -6.032766e+00 1.284840e+01 5.000000e+00
    endloop
  endfacet
  facet normal -7.010549e-01 -7.131073e-01 0.000000e+00
    outer loop
      vertex   -6.002142e+00 1.281829e+01 4.600000e+00
      vertex   -6.032766e+00 1.284840e+01 5.000000e+00
      vertex   -6.032766e+00 1.284840e+01 4.600000e+00
    endloop
  endfacet
  facet normal -8.122003e-01 -5.833787e-01 0.000000e+00
    outer loop
      vertex   -6.032766e+00 1.284840e+01 4.600000e+00
      vertex   -6.032766e+00 1.284840e+01 5.000000e+00
      vertex   -6.057655e+00 1.288305e+01 5.000000e+00
    endloop
  endfacet
  facet normal -8.122003e-01 -5.833787e-01 0.000000e+00
    outer loop
      vertex   -6.032766e+00 1.284840e+01 4.600000e+00
      vertex   -6.057655e+00 1.288305e+01 5.000000e+00
      vertex   -6.057655e+00 1.288305e+01 4.600000e+00
    endloop
  endfacet
  facet normal -9.192249e-01 -3.937329e-01 0.000000e+00
    outer loop
      vertex   -6.057655e+00 1.288305e+01 4.600000e+00
      vertex   -6.057655e+00 1.288305e+01 5.000000e+00
      vertex   -6.092432e+00 1.296424e+01 5.000000e+00
    endloop
  endfacet
  facet normal -9.192249e-01 -3.937329e-01 0.000000e+00
    outer loop
      vertex   -6.057655e+00 1.288305e+01 4.600000e+00
      vertex   -6.092432e+00 1.296424e+01 5.000000e+00
      vertex   -6.092432e+00 1.296424e+01 4.600000e+00
    endloop
  endfacet
  facet normal -9.797588e-01 -2.001814e-01 0.000000e+00
    outer loop
      vertex   -6.092432e+00 1.296424e+01 4.600000e+00
      vertex   -6.092432e+00 1.296424e+01 5.000000e+00
      vertex   -6.111556e+00 1.305784e+01 5.000000e+00
    endloop
  endfacet
  facet normal -9.797588e-01 -2.001814e-01 0.000000e+00
    outer loop
      vertex   -6.092432e+00 1.296424e+01 4.600000e+00
      vertex   -6.111556e+00 1.305784e+01 5.000000e+00
      vertex   -6.111556e+00 1.305784e+01 4.600000e+00
    endloop
  endfacet
  facet normal -9.982939e-01 -5.838880e-02 0.000000e+00
    outer loop
      vertex   -6.111556e+00 1.305784e+01 4.600000e+00
      vertex   -6.111556e+00 1.305784e+01 5.000000e+00
      vertex   -6.123714e+00 1.326571e+01 5.000000e+00
    endloop
  endfacet
  facet normal -9.982939e-01 -5.838880e-02 0.000000e+00
    outer loop
      vertex   -6.111556e+00 1.305784e+01 4.600000e+00
      vertex   -6.123714e+00 1.326571e+01 5.000000e+00
      vertex   -6.123714e+00 1.326571e+01 4.600000e+00
    endloop
  endfacet
  facet normal -1.000000e+00 0.000000e+00 0.000000e+00
    outer loop
      vertex   -6.123714e+00 1.326571e+01 5.000000e+00
      vertex   -6.123714e+00 1.416686e+01 5.000000e+00
      vertex   -6.123714e+00 1.326571e+01 4.600000e+00
    endloop
  endfacet
  facet normal -1.000000e+00 0.000000e+00 0.000000e+00
    outer loop
      vertex   -6.123714e+00 1.326571e+01 4.600000e+00
      vertex   -6.123714e+00 1.416686e+01 5.000000e+00
      vertex   -6.123714e+00 1.416686e+01 4.600000e+00
    endloop
  endfacet
  facet normal 4.453269e-01 8.953681e-01 0.000000e+00
    outer loop
      vertex   -4.579286e+00 1.193300e+01 5.000000e+00
      vertex   -4.464428e+00 1.187587e+01 5.000000e+00
      vertex   -4.579286e+00 1.193300e+01 4.600000e+00
    endloop
  endfacet
  facet normal 4.453269e-01 8.953681e-01 0.000000e+00
    outer loop
      vertex   -4.579286e+00 1.193300e+01 4.600000e+00
      vertex   -4.464428e+00 1.187587e+01 5.000000e+00
      vertex   -4.464428e+00 1.187587e+01 4.600000e+00
    endloop
  endfacet
  facet normal 3.474681e-01 9.376918e-01 -0.000000e+00
    outer loop
      vertex   -4.464428e+00 1.187587e+01 4.600000e+00
      vertex   -4.464428e+00 1.187587e+01 5.000000e+00
      vertex   -4.345915e+00 1.183196e+01 5.000000e+00
    endloop
  endfacet
  facet normal 3.474681e-01 9.376918e-01 0.000000e+00
    outer loop
      vertex   -4.464428e+00 1.187587e+01 4.600000e+00
      vertex   -4.345915e+00 1.183196e+01 5.000000e+00
      vertex   -4.345915e+00 1.183196e+01 4.600000e+00
    endloop
  endfacet
  facet normal 1.765933e-01 9.842839e-01 -0.000000e+00
    outer loop
      vertex   -4.345915e+00 1.183196e+01 4.600000e+00
      vertex   -4.345915e+00 1.183196e+01 5.000000e+00
      vertex   -4.221430e+00 1.180962e+01 5.000000e+00
    endloop
  endfacet
  facet normal 1.765933e-01 9.842839e-01 0.000000e+00
    outer loop
      vertex   -4.345915e+00 1.183196e+01 4.600000e+00
      vertex   -4.221430e+00 1.180962e+01 5.000000e+00
      vertex   -4.221430e+00 1.180962e+01 4.600000e+00
    endloop
  endfacet
  facet normal 7.497615e-02 9.971853e-01 -0.000000e+00
    outer loop
      vertex   -4.221430e+00 1.180962e+01 4.600000e+00
      vertex   -4.221430e+00 1.180962e+01 5.000000e+00
      vertex   -4.093428e+00 1.180000e+01 5.000000e+00
    endloop
  endfacet
  facet normal 7.497615e-02 9.971853e-01 0.000000e+00
    outer loop
      vertex   -4.221430e+00 1.180962e+01 4.600000e+00
      vertex   -4.093428e+00 1.180000e+01 5.000000e+00
      vertex   -4.093428e+00 1.180000e+01 4.600000e+00
    endloop
  endfacet
  facet normal -1.399136e-01 9.901637e-01 0.000000e+00
    outer loop
      vertex   -4.093428e+00 1.180000e+01 5.000000e+00
      vertex   -3.878491e+00 1.183037e+01 5.000000e+00
      vertex   -4.093428e+00 1.180000e+01 4.600000e+00
    endloop
  endfacet
  facet normal -1.399136e-01 9.901637e-01 0.000000e+00
    outer loop
      vertex   -4.093428e+00 1.180000e+01 4.600000e+00
      vertex   -3.878491e+00 1.183037e+01 5.000000e+00
      vertex   -3.878491e+00 1.183037e+01 4.600000e+00
    endloop
  endfacet
  facet normal -2.499558e-01 9.682572e-01 0.000000e+00
    outer loop
      vertex   -3.878491e+00 1.183037e+01 4.600000e+00
      vertex   -3.878491e+00 1.183037e+01 5.000000e+00
      vertex   -3.776803e+00 1.185662e+01 5.000000e+00
    endloop
  endfacet
  facet normal -2.499558e-01 9.682572e-01 0.000000e+00
    outer loop
      vertex   -3.878491e+00 1.183037e+01 4.600000e+00
      vertex   -3.776803e+00 1.185662e+01 5.000000e+00
      vertex   -3.776803e+00 1.185662e+01 4.600000e+00
    endloop
  endfacet
  facet normal -3.850214e-01 9.229077e-01 0.000000e+00
    outer loop
      vertex   -3.776803e+00 1.185662e+01 4.600000e+00
      vertex   -3.776803e+00 1.185662e+01 5.000000e+00
      vertex   -3.682050e+00 1.189615e+01 5.000000e+00
    endloop
  endfacet
  facet normal -3.850214e-01 9.229077e-01 0.000000e+00
    outer loop
      vertex   -3.776803e+00 1.185662e+01 4.600000e+00
      vertex   -3.682050e+00 1.189615e+01 5.000000e+00
      vertex   -3.682050e+00 1.189615e+01 4.600000e+00
    endloop
  endfacet
  facet normal -5.418677e-01 8.404638e-01 0.000000e+00
    outer loop
      vertex   -3.682050e+00 1.189615e+01 4.600000e+00
      vertex   -3.682050e+00 1.189615e+01 5.000000e+00
      vertex   -3.595722e+00 1.195181e+01 5.000000e+00
    endloop
  endfacet
  facet normal -5.418677e-01 8.404638e-01 0.000000e+00
    outer loop
      vertex   -3.682050e+00 1.189615e+01 4.600000e+00
      vertex   -3.595722e+00 1.195181e+01 5.000000e+00
      vertex   -3.595722e+00 1.195181e+01 4.600000e+00
    endloop
  endfacet
  facet normal -6.543699e-01 7.561746e-01 0.000000e+00
    outer loop
      vertex   -3.595722e+00 1.195181e+01 4.600000e+00
      vertex   -3.595722e+00 1.195181e+01 5.000000e+00
      vertex   -3.516246e+00 1.202059e+01 5.000000e+00
    endloop
  endfacet
  facet normal -6.543699e-01 7.561746e-01 0.000000e+00
    outer loop
      vertex   -3.595722e+00 1.195181e+01 4.600000e+00
      vertex   -3.516246e+00 1.202059e+01 5.000000e+00
      vertex   -3.516246e+00 1.202059e+01 4.600000e+00
    endloop
  endfacet
  facet normal -7.339338e-01 6.792210e-01 0.000000e+00
    outer loop
      vertex   -3.516246e+00 1.202059e+01 4.600000e+00
      vertex   -3.516246e+00 1.202059e+01 5.000000e+00
      vertex   -3.368714e+00 1.218000e+01 5.000000e+00
    endloop
  endfacet
  facet normal -7.339338e-01 6.792210e-01 0.000000e+00
    outer loop
      vertex   -3.516246e+00 1.202059e+01 4.600000e+00
      vertex   -3.368714e+00 1.218000e+01 5.000000e+00
      vertex   -3.368714e+00 1.218000e+01 4.600000e+00
    endloop
  endfacet
  facet normal -8.996281e-01 4.366570e-01 0.000000e+00
    outer loop
      vertex   -3.368714e+00 1.218000e+01 5.000000e+00
      vertex   -3.241910e+00 1.244125e+01 5.000000e+00
      vertex   -3.368714e+00 1.218000e+01 4.600000e+00
    endloop
  endfacet
  facet normal -8.996281e-01 4.366570e-01 0.000000e+00
    outer loop
      vertex   -3.368714e+00 1.218000e+01 4.600000e+00
      vertex   -3.241910e+00 1.244125e+01 5.000000e+00
      vertex   -3.241910e+00 1.244125e+01 4.600000e+00
    endloop
  endfacet
  facet normal -9.476391e-01 3.193433e-01 0.000000e+00
    outer loop
      vertex   -3.241910e+00 1.244125e+01 4.600000e+00
      vertex   -3.241910e+00 1.244125e+01 5.000000e+00
      vertex   -3.150729e+00 1.271183e+01 5.000000e+00
    endloop
  endfacet
  facet normal -9.476391e-01 3.193433e-01 0.000000e+00
    outer loop
      vertex   -3.241910e+00 1.244125e+01 4.600000e+00
      vertex   -3.150729e+00 1.271183e+01 5.000000e+00
      vertex   -3.150729e+00 1.271183e+01 4.600000e+00
    endloop
  endfacet
  facet normal -9.904815e-01 1.376462e-01 0.000000e+00
    outer loop
      vertex   -3.150729e+00 1.271183e+01 4.600000e+00
      vertex   -3.150729e+00 1.271183e+01 5.000000e+00
      vertex   -3.111247e+00 1.299593e+01 5.000000e+00
    endloop
  endfacet
  facet normal -9.904815e-01 1.376462e-01 0.000000e+00
    outer loop
      vertex   -3.150729e+00 1.271183e+01 4.600000e+00
      vertex   -3.111247e+00 1.299593e+01 5.000000e+00
      vertex   -3.111247e+00 1.299593e+01 4.600000e+00
    endloop
  endfacet
  facet normal -9.992564e-01 3.855735e-02 0.000000e+00
    outer loop
      vertex   -3.111247e+00 1.299593e+01 4.600000e+00
      vertex   -3.111247e+00 1.299593e+01 5.000000e+00
      vertex   -3.100000e+00 1.328743e+01 5.000000e+00
    endloop
  endfacet
  facet normal -9.992564e-01 3.855735e-02 0.000000e+00
    outer loop
      vertex   -3.111247e+00 1.299593e+01 4.600000e+00
      vertex   -3.100000e+00 1.328743e+01 5.000000e+00
      vertex   -3.100000e+00 1.328743e+01 4.600000e+00
    endloop
  endfacet
  facet normal -1.000000e+00 0.000000e+00 0.000000e+00
    outer loop
      vertex   -3.100000e+00 1.328743e+01 5.000000e+00
      vertex   -3.100000e+00 1.523086e+01 5.000000e+00
      vertex   -3.100000e+00 1.328743e+01 4.600000e+00
    endloop
  endfacet
  facet normal -1.000000e+00 0.000000e+00 0.000000e+00
    outer loop
      vertex   -3.100000e+00 1.328743e+01 4.600000e+00
      vertex   -3.100000e+00 1.523086e+01 5.000000e+00
      vertex   -3.100000e+00 1.523086e+01 4.600000e+00
    endloop
  endfacet
  facet normal 2.337311e-15 -1.000000e+00 0.000000e+00
    outer loop
      vertex   -3.100000e+00 1.523086e+01 5.000000e+00
      vertex   -6.900000e+00 1.523086e+01 5.000000e+00
      vertex   -3.100000e+00 1.523086e+01 4.600000e+00
    endloop
  endfacet
  facet normal 2.337311e-15 -1.000000e+00 0.000000e+00
    outer loop
      vertex   -3.100000e+00 1.523086e+01 4.600000e+00
      vertex   -6.900000e+00 1.523086e+01 5.000000e+00
      vertex   -6.900000e+00 1.523086e+01 4.600000e+00
    endloop
  endfacet
  facet normal 1.000000e+00 0.000000e+00 0.000000e+00
    outer loop
      vertex   -6.900000e+00 1.523086e+01 5.000000e+00
      vertex   -6.900000e+00 1.317886e+01 5.000000e+00
      vertex   -6.900000e+00 1.523086e+01 4.600000e+00
    endloop
  endfacet
  facet normal 1.000000e+00 0.000000e+00 0.000000e+00
    outer loop
      vertex   -6.900000e+00 1.523086e+01 4.600000e+00
      vertex   -6.900000e+00 1.317886e+01 5.000000e+00
      vertex   -6.900000e+00 1.317886e+01 4.600000e+00
    endloop
  endfacet
  facet normal 9.993075e-01 3.721000e-02 0.000000e+00
    outer loop
      vertex   -6.900000e+00 1.317886e+01 5.000000e+00
      vertex   -6.888655e+00 1.287419e+01 5.000000e+00
      vertex   -6.900000e+00 1.317886e+01 4.600000e+00
    endloop
  endfacet
  facet normal 9.993075e-01 3.721000e-02 0.000000e+00
    outer loop
      vertex   -6.900000e+00 1.317886e+01 4.600000e+00
      vertex   -6.888655e+00 1.287419e+01 5.000000e+00
      vertex   -6.888655e+00 1.287419e+01 4.600000e+00
    endloop
  endfacet
  facet normal 9.911382e-01 1.328351e-01 -0.000000e+00
    outer loop
      vertex   -6.888655e+00 1.287419e+01 4.600000e+00
      vertex   -6.888655e+00 1.287419e+01 5.000000e+00
      vertex   -6.848786e+00 1.257671e+01 5.000000e+00
    endloop
  endfacet
  facet normal 9.911382e-01 1.328351e-01 0.000000e+00
    outer loop
      vertex   -6.888655e+00 1.287419e+01 4.600000e+00
      vertex   -6.848786e+00 1.257671e+01 5.000000e+00
      vertex   -6.848786e+00 1.257671e+01 4.600000e+00
    endloop
  endfacet
  facet normal 9.513265e-01 3.081848e-01 -0.000000e+00
    outer loop
      vertex   -6.848786e+00 1.257671e+01 4.600000e+00
      vertex   -6.848786e+00 1.257671e+01 5.000000e+00
      vertex   -6.756680e+00 1.229239e+01 5.000000e+00
    endloop
  endfacet
  facet normal 9.513265e-01 3.081848e-01 0.000000e+00
    outer loop
      vertex   -6.848786e+00 1.257671e+01 4.600000e+00
      vertex   -6.756680e+00 1.229239e+01 5.000000e+00
      vertex   -6.756680e+00 1.229239e+01 4.600000e+00
    endloop
  endfacet
  facet normal 9.066103e-01 4.219688e-01 -0.000000e+00
    outer loop
      vertex   -6.756680e+00 1.229239e+01 4.600000e+00
      vertex   -6.756680e+00 1.229239e+01 5.000000e+00
      vertex   -6.628571e+00 1.201714e+01 5.000000e+00
    endloop
  endfacet
  facet normal 9.066103e-01 4.219688e-01 0.000000e+00
    outer loop
      vertex   -6.756680e+00 1.229239e+01 4.600000e+00
      vertex   -6.628571e+00 1.201714e+01 5.000000e+00
      vertex   -6.628571e+00 1.201714e+01 4.600000e+00
    endloop
  endfacet
  facet normal 7.389761e-01 6.737317e-01 0.000000e+00
    outer loop
      vertex   -6.628571e+00 1.201714e+01 5.000000e+00
      vertex   -6.472781e+00 1.184627e+01 5.000000e+00
      vertex   -6.628571e+00 1.201714e+01 4.600000e+00
    endloop
  endfacet
  facet normal 7.389761e-01 6.737317e-01 0.000000e+00
    outer loop
      vertex   -6.628571e+00 1.201714e+01 4.600000e+00
      vertex   -6.472781e+00 1.184627e+01 5.000000e+00
      vertex   -6.472781e+00 1.184627e+01 4.600000e+00
    endloop
  endfacet
  facet normal 6.567303e-01 7.541255e-01 -0.000000e+00
    outer loop
      vertex   -6.472781e+00 1.184627e+01 4.600000e+00
      vertex   -6.472781e+00 1.184627e+01 5.000000e+00
      vertex   -6.388551e+00 1.177291e+01 5.000000e+00
    endloop
  endfacet
  facet normal 6.567303e-01 7.541255e-01 0.000000e+00
    outer loop
      vertex   -6.472781e+00 1.184627e+01 4.600000e+00
      vertex   -6.388551e+00 1.177291e+01 5.000000e+00
      vertex   -6.388551e+00 1.177291e+01 4.600000e+00
    endloop
  endfacet
  facet normal 5.395436e-01 8.419577e-01 -0.000000e+00
    outer loop
      vertex   -6.388551e+00 1.177291e+01 4.600000e+00
      vertex   -6.388551e+00 1.177291e+01 5.000000e+00
      vertex   -6.296719e+00 1.171407e+01 5.000000e+00
    endloop
  endfacet
  facet normal 5.395436e-01 8.419577e-01 0.000000e+00
    outer loop
      vertex   -6.388551e+00 1.177291e+01 4.600000e+00
      vertex   -6.296719e+00 1.171407e+01 5.000000e+00
      vertex   -6.296719e+00 1.171407e+01 4.600000e+00
    endloop
  endfacet
  facet normal 3.782324e-01 9.257107e-01 -0.000000e+00
    outer loop
      vertex   -6.296719e+00 1.171407e+01 4.600000e+00
      vertex   -6.296719e+00 1.171407e+01 5.000000e+00
      vertex   -6.195681e+00 1.167278e+01 5.000000e+00
    endloop
  endfacet
  facet normal 3.782324e-01 9.257107e-01 0.000000e+00
    outer loop
      vertex   -6.296719e+00 1.171407e+01 4.600000e+00
      vertex   -6.195681e+00 1.167278e+01 5.000000e+00
      vertex   -6.195681e+00 1.167278e+01 4.600000e+00
    endloop
  endfacet
  facet normal 2.417595e-01 9.703362e-01 -0.000000e+00
    outer loop
      vertex   -6.195681e+00 1.167278e+01 4.600000e+00
      vertex   -6.195681e+00 1.167278e+01 5.000000e+00
      vertex   -6.087174e+00 1.164575e+01 5.000000e+00
    endloop
  endfacet
  facet normal 2.417595e-01 9.703362e-01 0.000000e+00
    outer loop
      vertex   -6.195681e+00 1.167278e+01 4.600000e+00
      vertex   -6.087174e+00 1.164575e+01 5.000000e+00
      vertex   -6.087174e+00 1.164575e+01 4.600000e+00
    endloop
  endfacet
  facet normal 1.310037e-01 9.913819e-01 -0.000000e+00
    outer loop
      vertex   -6.087174e+00 1.164575e+01 4.600000e+00
      vertex   -6.087174e+00 1.164575e+01 5.000000e+00
      vertex   -5.857714e+00 1.161543e+01 5.000000e+00
    endloop
  endfacet
  facet normal 1.310037e-01 9.913819e-01 0.000000e+00
    outer loop
      vertex   -6.087174e+00 1.164575e+01 4.600000e+00
      vertex   -5.857714e+00 1.161543e+01 5.000000e+00
      vertex   -5.857714e+00 1.161543e+01 4.600000e+00
    endloop
  endfacet
  facet normal -8.054860e-02 9.967507e-01 0.000000e+00
    outer loop
      vertex   -5.857714e+00 1.161543e+01 5.000000e+00
      vertex   -5.701034e+00 1.162809e+01 5.000000e+00
      vertex   -5.857714e+00 1.161543e+01 4.600000e+00
    endloop
  endfacet
  facet normal -8.054860e-02 9.967507e-01 0.000000e+00
    outer loop
      vertex   -5.857714e+00 1.161543e+01 4.600000e+00
      vertex   -5.701034e+00 1.162809e+01 5.000000e+00
      vertex   -5.701034e+00 1.162809e+01 4.600000e+00
    endloop
  endfacet
  facet normal -1.981865e-01 9.801643e-01 0.000000e+00
    outer loop
      vertex   -5.701034e+00 1.162809e+01 4.600000e+00
      vertex   -5.701034e+00 1.162809e+01 5.000000e+00
      vertex   -5.550106e+00 1.165861e+01 5.000000e+00
    endloop
  endfacet
  facet normal -1.981865e-01 9.801643e-01 0.000000e+00
    outer loop
      vertex   -5.701034e+00 1.162809e+01 4.600000e+00
      vertex   -5.550106e+00 1.165861e+01 5.000000e+00
      vertex   -5.550106e+00 1.165861e+01 4.600000e+00
    endloop
  endfacet
  facet normal -3.979450e-01 9.174093e-01 0.000000e+00
    outer loop
      vertex   -5.550106e+00 1.165861e+01 4.600000e+00
      vertex   -5.550106e+00 1.165861e+01 5.000000e+00
      vertex   -5.409059e+00 1.171979e+01 5.000000e+00
    endloop
  endfacet
  facet normal -3.979450e-01 9.174093e-01 0.000000e+00
    outer loop
      vertex   -5.550106e+00 1.165861e+01 4.600000e+00
      vertex   -5.409059e+00 1.171979e+01 5.000000e+00
      vertex   -5.409059e+00 1.171979e+01 4.600000e+00
    endloop
  endfacet
  facet normal -5.110303e-01 8.595627e-01 0.000000e+00
    outer loop
      vertex   -5.409059e+00 1.171979e+01 4.600000e+00
      vertex   -5.409059e+00 1.171979e+01 5.000000e+00
      vertex   -5.274143e+00 1.180000e+01 5.000000e+00
    endloop
  endfacet
  facet normal -5.110303e-01 8.595627e-01 0.000000e+00
    outer loop
      vertex   -5.409059e+00 1.171979e+01 4.600000e+00
      vertex   -5.274143e+00 1.180000e+01 5.000000e+00
      vertex   -5.274143e+00 1.180000e+01 4.600000e+00
    endloop
  endfacet
  facet normal -6.873984e-01 7.262805e-01 0.000000e+00
    outer loop
      vertex   -5.274143e+00 1.180000e+01 5.000000e+00
      vertex   -5.158936e+00 1.190904e+01 5.000000e+00
      vertex   -5.274143e+00 1.180000e+01 4.600000e+00
    endloop
  endfacet
  facet normal -6.873984e-01 7.262805e-01 0.000000e+00
    outer loop
      vertex   -5.274143e+00 1.180000e+01 4.600000e+00
      vertex   -5.158936e+00 1.190904e+01 5.000000e+00
      vertex   -5.158936e+00 1.190904e+01 4.600000e+00
    endloop
  endfacet
  facet normal -7.651119e-01 6.438974e-01 0.000000e+00
    outer loop
      vertex   -5.158936e+00 1.190904e+01 4.600000e+00
      vertex   -5.158936e+00 1.190904e+01 5.000000e+00
      vertex   -5.058448e+00 1.202844e+01 5.000000e+00
    endloop
  endfacet
  facet normal -7.651119e-01 6.438974e-01 0.000000e+00
    outer loop
      vertex   -5.158936e+00 1.190904e+01 4.600000e+00
      vertex   -5.058448e+00 1.202844e+01 5.000000e+00
      vertex   -5.058448e+00 1.202844e+01 4.600000e+00
    endloop
  endfacet
  facet normal -8.708206e-01 4.916010e-01 0.000000e+00
    outer loop
      vertex   -5.058448e+00 1.202844e+01 4.600000e+00
      vertex   -5.058448e+00 1.202844e+01 5.000000e+00
      vertex   -4.981630e+00 1.216452e+01 5.000000e+00
    endloop
  endfacet
  facet normal -8.708206e-01 4.916010e-01 0.000000e+00
    outer loop
      vertex   -5.058448e+00 1.202844e+01 4.600000e+00
      vertex   -4.981630e+00 1.216452e+01 5.000000e+00
      vertex   -4.981630e+00 1.216452e+01 4.600000e+00
    endloop
  endfacet
  facet normal -9.178013e-01 3.970400e-01 0.000000e+00
    outer loop
      vertex   -4.981630e+00 1.216452e+01 4.600000e+00
      vertex   -4.981630e+00 1.216452e+01 5.000000e+00
      vertex   -4.918571e+00 1.231029e+01 5.000000e+00
    endloop
  endfacet
  facet normal -9.178013e-01 3.970400e-01 0.000000e+00
    outer loop
      vertex   -4.981630e+00 1.216452e+01 4.600000e+00
      vertex   -4.918571e+00 1.231029e+01 5.000000e+00
      vertex   -4.918571e+00 1.231029e+01 4.600000e+00
    endloop
  endfacet
  facet normal 8.552493e-01 5.182167e-01 0.000000e+00
    outer loop
      vertex   -4.918571e+00 1.231029e+01 5.000000e+00
      vertex   -4.851621e+00 1.219979e+01 5.000000e+00
      vertex   -4.918571e+00 1.231029e+01 4.600000e+00
    endloop
  endfacet
  facet normal 8.552493e-01 5.182167e-01 0.000000e+00
    outer loop
      vertex   -4.918571e+00 1.231029e+01 4.600000e+00
      vertex   -4.851621e+00 1.219979e+01 5.000000e+00
      vertex   -4.851621e+00 1.219979e+01 4.600000e+00
    endloop
  endfacet
  facet normal 7.992900e-01 6.009455e-01 -0.000000e+00
    outer loop
      vertex   -4.851621e+00 1.219979e+01 4.600000e+00
      vertex   -4.851621e+00 1.219979e+01 5.000000e+00
      vertex   -4.775076e+00 1.209798e+01 5.000000e+00
    endloop
  endfacet
  facet normal 7.992900e-01 6.009455e-01 0.000000e+00
    outer loop
      vertex   -4.851621e+00 1.219979e+01 4.600000e+00
      vertex   -4.775076e+00 1.209798e+01 5.000000e+00
      vertex   -4.775076e+00 1.209798e+01 4.600000e+00
    endloop
  endfacet
  facet normal 6.837463e-01 7.297198e-01 -0.000000e+00
    outer loop
      vertex   -4.775076e+00 1.209798e+01 4.600000e+00
      vertex   -4.775076e+00 1.209798e+01 5.000000e+00
      vertex   -4.682195e+00 1.201095e+01 5.000000e+00
    endloop
  endfacet
  facet normal 6.837463e-01 7.297198e-01 0.000000e+00
    outer loop
      vertex   -4.775076e+00 1.209798e+01 4.600000e+00
      vertex   -4.682195e+00 1.201095e+01 5.000000e+00
      vertex   -4.682195e+00 1.201095e+01 4.600000e+00
    endloop
  endfacet
  facet normal 6.038216e-01 7.971195e-01 -0.000000e+00
    outer loop
      vertex   -4.682195e+00 1.201095e+01 4.600000e+00
      vertex   -4.682195e+00 1.201095e+01 5.000000e+00
      vertex   -4.579286e+00 1.193300e+01 5.000000e+00
    endloop
  endfacet
  facet normal 6.038216e-01 7.971195e-01 0.000000e+00
    outer loop
      vertex   -4.682195e+00 1.201095e+01 4.600000e+00
      vertex   -4.579286e+00 1.193300e+01 5.000000e+00
      vertex   -4.579286e+00 1.193300e+01 4.600000e+00
    endloop
  endfacet
  facet normal 0.000000e+00 -0.000000e+00 1.000000e+00
    outer loop
      vertex   -4.851621e+00 1.219979e+01 4.600000e+00
      vertex   -4.240000e+00 1.288571e+01 4.600000e+00
      vertex   -4.918571e+00 1.231029e+01 4.600000e+00
    endloop
  endfacet
  facet normal 0.000000e+00 0.000000e+00 1.000000e+00
    outer loop
      vertex   -4.918571e+00 1.231029e+01 4.600000e+00
      vertex   -4.240000e+00 1.288571e+01 4.600000e+00
      vertex   -4.419981e+00 1.295210e+01 4.600000e+00
    endloop
  endfacet
  facet normal 0.000000e+00 0.000000e+00 1.000000e+00
    outer loop
      vertex   -4.918571e+00 1.231029e+01 4.600000e+00
      vertex   -4.419981e+00 1.295210e+01 4.600000e+00
      vertex   -4.493031e+00 1.299869e+01 4.600000e+00
    endloop
  endfacet
  facet normal 5.308034e-15 -4.733060e-15 1.000000e+00
    outer loop
      vertex   -4.851621e+00 1.219979e+01 4.600000e+00
      vertex   -4.775076e+00 1.209798e+01 4.600000e+00
      vertex   -4.240000e+00 1.288571e+01 4.600000e+00
    endloop
  endfacet
  facet normal -6.489014e-15 3.280225e-15 1.000000e+00
    outer loop
      vertex   -4.240000e+00 1.288571e+01 4.600000e+00
      vertex   -4.775076e+00 1.209798e+01 4.600000e+00
      vertex   -4.682195e+00 1.201095e+01 4.600000e+00
    endloop
  endfacet
  facet normal 0.000000e+00 0.000000e+00 1.000000e+00
    outer loop
      vertex   -4.240000e+00 1.288571e+01 4.600000e+00
      vertex   -4.682195e+00 1.201095e+01 4.600000e+00
      vertex   -4.579286e+00 1.193300e+01 4.600000e+00
    endloop
  endfacet
  facet normal -0.000000e+00 0.000000e+00 1.000000e+00
    outer loop
      vertex   -4.579286e+00 1.193300e+01 4.600000e+00
      vertex   -4.464428e+00 1.187587e+01 4.600000e+00
      vertex   -4.240000e+00 1.288571e+01 4.600000e+00
    endloop
  endfacet
  facet normal 6.924128e-15 -1.538825e-15 1.000000e+00
    outer loop
      vertex   -4.240000e+00 1.288571e+01 4.600000e+00
      vertex   -4.464428e+00 1.187587e+01 4.600000e+00
      vertex   -4.345915e+00 1.183196e+01 4.600000e+00
    endloop
  endfacet
  facet normal -7.156995e-15 -1.235058e-16 1.000000e+00
    outer loop
      vertex   -4.240000e+00 1.288571e+01 4.600000e+00
      vertex   -4.345915e+00 1.183196e+01 4.600000e+00
      vertex   -4.221430e+00 1.180962e+01 4.600000e+00
    endloop
  endfacet
  facet normal -0.000000e+00 -0.000000e+00 1.000000e+00
    outer loop
      vertex   -4.221430e+00 1.180962e+01 4.600000e+00
      vertex   -4.093428e+00 1.180000e+01 4.600000e+00
      vertex   -4.240000e+00 1.288571e+01 4.600000e+00
    endloop
  endfacet
  facet normal 0.000000e+00 0.000000e+00 1.000000e+00
    outer loop
      vertex   -4.240000e+00 1.288571e+01 4.600000e+00
      vertex   -4.093428e+00 1.180000e+01 4.600000e+00
      vertex   -3.878491e+00 1.183037e+01 4.600000e+00
    endloop
  endfacet
  facet normal 0.000000e+00 0.000000e+00 1.000000e+00
    outer loop
      vertex   -4.240000e+00 1.288571e+01 4.600000e+00
      vertex   -3.878491e+00 1.183037e+01 4.600000e+00
      vertex   -3.776803e+00 1.185662e+01 4.600000e+00
    endloop
  endfacet
  facet normal 0.000000e+00 -0.000000e+00 1.000000e+00
    outer loop
      vertex   -3.776803e+00 1.185662e+01 4.600000e+00
      vertex   -3.682050e+00 1.189615e+01 4.600000e+00
      vertex   -4.240000e+00 1.288571e+01 4.600000e+00
    endloop
  endfacet
  facet normal 0.000000e+00 0.000000e+00 1.000000e+00
    outer loop
      vertex   -4.240000e+00 1.288571e+01 4.600000e+00
      vertex   -3.682050e+00 1.189615e+01 4.600000e+00
      vertex   -3.595722e+00 1.195181e+01 4.600000e+00
    endloop
  endfacet
  facet normal 0.000000e+00 0.000000e+00 1.000000e+00
    outer loop
      vertex   -4.240000e+00 1.288571e+01 4.600000e+00
      vertex   -3.595722e+00 1.195181e+01 4.600000e+00
      vertex   -3.516246e+00 1.202059e+01 4.600000e+00
    endloop
  endfacet
  facet normal -0.000000e+00 0.000000e+00 1.000000e+00
    outer loop
      vertex   -4.240000e+00 1.288571e+01 4.600000e+00
      vertex   -3.516246e+00 1.202059e+01 4.600000e+00
      vertex   -4.061681e+00 1.295298e+01 4.600000e+00
    endloop
  endfacet
  facet normal 0.000000e+00 0.000000e+00 1.000000e+00
    outer loop
      vertex   -4.061681e+00 1.295298e+01 4.600000e+00
      vertex   -3.516246e+00 1.202059e+01 4.600000e+00
      vertex   -3.368714e+00 1.218000e+01 4.600000e+00
    endloop
  endfacet
  facet normal 0.000000e+00 0.000000e+00 1.000000e+00
    outer loop
      vertex   -4.061681e+00 1.295298e+01 4.600000e+00
      vertex   -3.368714e+00 1.218000e+01 4.600000e+00
      vertex   -3.241910e+00 1.244125e+01 4.600000e+00
    endloop
  endfacet
  facet normal 0.000000e+00 0.000000e+00 1.000000e+00
    outer loop
      vertex   -3.150729e+00 1.271183e+01 4.600000e+00
      vertex   -3.960604e+00 1.302901e+01 4.600000e+00
      vertex   -3.241910e+00 1.244125e+01 4.600000e+00
    endloop
  endfacet
  facet normal 0.000000e+00 0.000000e+00 1.000000e+00
    outer loop
      vertex   -3.241910e+00 1.244125e+01 4.600000e+00
      vertex   -3.960604e+00 1.302901e+01 4.600000e+00
      vertex   -3.989491e+00 1.299991e+01 4.600000e+00
    endloop
  endfacet
  facet normal 0.000000e+00 0.000000e+00 1.000000e+00
    outer loop
      vertex   -3.241910e+00 1.244125e+01 4.600000e+00
      vertex   -3.989491e+00 1.299991e+01 4.600000e+00
      vertex   -4.061681e+00 1.295298e+01 4.600000e+00
    endloop
  endfacet
  facet normal -0.000000e+00 0.000000e+00 1.000000e+00
    outer loop
      vertex   -3.960604e+00 1.302901e+01 4.600000e+00
      vertex   -3.150729e+00 1.271183e+01 4.600000e+00
      vertex   -3.937189e+00 1.306241e+01 4.600000e+00
    endloop
  endfacet
  facet normal 0.000000e+00 0.000000e+00 1.000000e+00
    outer loop
      vertex   -3.937189e+00 1.306241e+01 4.600000e+00
      vertex   -3.150729e+00 1.271183e+01 4.600000e+00
      vertex   -3.111247e+00 1.299593e+01 4.600000e+00
    endloop
  endfacet
  facet normal 8.872137e-16 1.102327e-14 1.000000e+00
    outer loop
      vertex   -3.937189e+00 1.306241e+01 4.600000e+00
      vertex   -3.111247e+00 1.299593e+01 4.600000e+00
      vertex   -3.904613e+00 1.314036e+01 4.600000e+00
    endloop
  endfacet
  facet normal -2.822538e-15 -9.355044e-15 1.000000e+00
    outer loop
      vertex   -3.904613e+00 1.314036e+01 4.600000e+00
      vertex   -3.111247e+00 1.299593e+01 4.600000e+00
      vertex   -3.886908e+00 1.322996e+01 4.600000e+00
    endloop
  endfacet
  facet normal -0.000000e+00 0.000000e+00 1.000000e+00
    outer loop
      vertex   -3.886908e+00 1.322996e+01 4.600000e+00
      vertex   -3.111247e+00 1.299593e+01 4.600000e+00
      vertex   -3.100000e+00 1.328743e+01 4.600000e+00
    endloop
  endfacet
  facet normal 0.000000e+00 0.000000e+00 1.000000e+00
    outer loop
      vertex   -3.886908e+00 1.322996e+01 4.600000e+00
      vertex   -3.100000e+00 1.328743e+01 4.600000e+00
      vertex   -3.876285e+00 1.342857e+01 4.600000e+00
    endloop
  endfacet
  facet normal -0.000000e+00 0.000000e+00 1.000000e+00
    outer loop
      vertex   -3.876285e+00 1.342857e+01 4.600000e+00
      vertex   -3.100000e+00 1.328743e+01 4.600000e+00
      vertex   -3.876285e+00 1.416686e+01 4.600000e+00
    endloop
  endfacet
  facet normal -0.000000e+00 0.000000e+00 1.000000e+00
    outer loop
      vertex   -3.876285e+00 1.416686e+01 4.600000e+00
      vertex   -3.100000e+00 1.328743e+01 4.600000e+00
      vertex   -3.100000e+00 1.523086e+01 4.600000e+00
    endloop
  endfacet
  facet normal 0.000000e+00 -0.000000e+00 1.000000e+00
    outer loop
      vertex   -3.876285e+00 1.416686e+01 4.600000e+00
      vertex   -3.100000e+00 1.523086e+01 4.600000e+00
      vertex   -4.609142e+00 1.416686e+01 4.600000e+00
    endloop
  endfacet
  facet normal 0.000000e+00 -0.000000e+00 1.000000e+00
    outer loop
      vertex   -4.609142e+00 1.416686e+01 4.600000e+00
      vertex   -3.100000e+00 1.523086e+01 4.600000e+00
      vertex   -5.352857e+00 1.416686e+01 4.600000e+00
    endloop
  endfacet
  facet normal 0.000000e+00 0.000000e+00 1.000000e+00
    outer loop
      vertex   -4.609142e+00 1.416686e+01 4.600000e+00
      vertex   -5.352857e+00 1.416686e+01 4.600000e+00
      vertex   -4.609142e+00 1.342857e+01 4.600000e+00
    endloop
  endfacet
  facet normal 0.000000e+00 0.000000e+00 1.000000e+00
    outer loop
      vertex   -4.609142e+00 1.342857e+01 4.600000e+00
      vertex   -5.352857e+00 1.416686e+01 4.600000e+00
      vertex   -5.352857e+00 1.326571e+01 4.600000e+00
    endloop
  endfacet
  facet normal 0.000000e+00 0.000000e+00 1.000000e+00
    outer loop
      vertex   -4.609142e+00 1.342857e+01 4.600000e+00
      vertex   -5.352857e+00 1.326571e+01 4.600000e+00
      vertex   -4.597680e+00 1.322896e+01 4.600000e+00
    endloop
  endfacet
  facet normal 0.000000e+00 0.000000e+00 1.000000e+00
    outer loop
      vertex   -4.597680e+00 1.322896e+01 4.600000e+00
      vertex   -5.352857e+00 1.326571e+01 4.600000e+00
      vertex   -5.365015e+00 1.305784e+01 4.600000e+00
    endloop
  endfacet
  facet normal 0.000000e+00 0.000000e+00 1.000000e+00
    outer loop
      vertex   -4.597680e+00 1.322896e+01 4.600000e+00
      vertex   -5.365015e+00 1.305784e+01 4.600000e+00
      vertex   -4.579437e+00 1.313905e+01 4.600000e+00
    endloop
  endfacet
  facet normal 0.000000e+00 0.000000e+00 1.000000e+00
    outer loop
      vertex   -4.579437e+00 1.313905e+01 4.600000e+00
      vertex   -5.365015e+00 1.305784e+01 4.600000e+00
      vertex   -4.546181e+00 1.306100e+01 4.600000e+00
    endloop
  endfacet
  facet normal 0.000000e+00 0.000000e+00 1.000000e+00
    outer loop
      vertex   -4.546181e+00 1.306100e+01 4.600000e+00
      vertex   -5.365015e+00 1.305784e+01 4.600000e+00
      vertex   -5.384139e+00 1.296424e+01 4.600000e+00
    endloop
  endfacet
  facet normal 0.000000e+00 0.000000e+00 1.000000e+00
    outer loop
      vertex   -4.546181e+00 1.306100e+01 4.600000e+00
      vertex   -5.384139e+00 1.296424e+01 4.600000e+00
      vertex   -4.522359e+00 1.302767e+01 4.600000e+00
    endloop
  endfacet
  facet normal 0.000000e+00 0.000000e+00 1.000000e+00
    outer loop
      vertex   -4.522359e+00 1.302767e+01 4.600000e+00
      vertex   -5.384139e+00 1.296424e+01 4.600000e+00
      vertex   -4.918571e+00 1.231029e+01 4.600000e+00
    endloop
  endfacet
  facet normal 0.000000e+00 0.000000e+00 1.000000e+00
    outer loop
      vertex   -4.522359e+00 1.302767e+01 4.600000e+00
      vertex   -4.918571e+00 1.231029e+01 4.600000e+00
      vertex   -4.493031e+00 1.299869e+01 4.600000e+00
    endloop
  endfacet
  facet normal 0.000000e+00 0.000000e+00 1.000000e+00
    outer loop
      vertex   -3.100000e+00 1.523086e+01 4.600000e+00
      vertex   -6.900000e+00 1.523086e+01 4.600000e+00
      vertex   -5.352857e+00 1.416686e+01 4.600000e+00
    endloop
  endfacet
  facet normal 0.000000e+00 0.000000e+00 1.000000e+00
    outer loop
      vertex   -5.352857e+00 1.416686e+01 4.600000e+00
      vertex   -6.900000e+00 1.523086e+01 4.600000e+00
      vertex   -6.123714e+00 1.416686e+01 4.600000e+00
    endloop
  endfacet
  facet normal 0.000000e+00 0.000000e+00 1.000000e+00
    outer loop
      vertex   -6.123714e+00 1.416686e+01 4.600000e+00
      vertex   -6.900000e+00 1.523086e+01 4.600000e+00
      vertex   -6.900000e+00 1.317886e+01 4.600000e+00
    endloop
  endfacet
  facet normal 0.000000e+00 0.000000e+00 1.000000e+00
    outer loop
      vertex   -6.123714e+00 1.416686e+01 4.600000e+00
      vertex   -6.900000e+00 1.317886e+01 4.600000e+00
      vertex   -6.123714e+00 1.326571e+01 4.600000e+00
    endloop
  endfacet
  facet normal 0.000000e+00 0.000000e+00 1.000000e+00
    outer loop
      vertex   -6.123714e+00 1.326571e+01 4.600000e+00
      vertex   -6.900000e+00 1.317886e+01 4.600000e+00
      vertex   -6.111556e+00 1.305784e+01 4.600000e+00
    endloop
  endfacet
  facet normal 0.000000e+00 0.000000e+00 1.000000e+00
    outer loop
      vertex   -6.111556e+00 1.305784e+01 4.600000e+00
      vertex   -6.900000e+00 1.317886e+01 4.600000e+00
      vertex   -6.888655e+00 1.287419e+01 4.600000e+00
    endloop
  endfacet
  facet normal 0.000000e+00 0.000000e+00 1.000000e+00
    outer loop
      vertex   -6.111556e+00 1.305784e+01 4.600000e+00
      vertex   -6.888655e+00 1.287419e+01 4.600000e+00
      vertex   -6.092432e+00 1.296424e+01 4.600000e+00
    endloop
  endfacet
  facet normal 0.000000e+00 0.000000e+00 1.000000e+00
    outer loop
      vertex   -6.092432e+00 1.296424e+01 4.600000e+00
      vertex   -6.888655e+00 1.287419e+01 4.600000e+00
      vertex   -6.848786e+00 1.257671e+01 4.600000e+00
    endloop
  endfacet
  facet normal 0.000000e+00 0.000000e+00 1.000000e+00
    outer loop
      vertex   -6.092432e+00 1.296424e+01 4.600000e+00
      vertex   -6.848786e+00 1.257671e+01 4.600000e+00
      vertex   -6.057655e+00 1.288305e+01 4.600000e+00
    endloop
  endfacet
  facet normal 0.000000e+00 0.000000e+00 1.000000e+00
    outer loop
      vertex   -6.057655e+00 1.288305e+01 4.600000e+00
      vertex   -6.848786e+00 1.257671e+01 4.600000e+00
      vertex   -6.032766e+00 1.284840e+01 4.600000e+00
    endloop
  endfacet
  facet normal 0.000000e+00 0.000000e+00 1.000000e+00
    outer loop
      vertex   -6.032766e+00 1.284840e+01 4.600000e+00
      vertex   -6.848786e+00 1.257671e+01 4.600000e+00
      vertex   -6.756680e+00 1.229239e+01 4.600000e+00
    endloop
  endfacet
  facet normal 0.000000e+00 0.000000e+00 1.000000e+00
    outer loop
      vertex   -6.032766e+00 1.284840e+01 4.600000e+00
      vertex   -6.756680e+00 1.229239e+01 4.600000e+00
      vertex   -6.002142e+00 1.281829e+01 4.600000e+00
    endloop
  endfacet
  facet normal 0.000000e+00 0.000000e+00 1.000000e+00
    outer loop
      vertex   -6.002142e+00 1.281829e+01 4.600000e+00
      vertex   -6.756680e+00 1.229239e+01 4.600000e+00
      vertex   -5.925929e+00 1.276994e+01 4.600000e+00
    endloop
  endfacet
  facet normal 0.000000e+00 0.000000e+00 1.000000e+00
    outer loop
      vertex   -5.925929e+00 1.276994e+01 4.600000e+00
      vertex   -6.756680e+00 1.229239e+01 4.600000e+00
      vertex   -6.628571e+00 1.201714e+01 4.600000e+00
    endloop
  endfacet
  facet normal 0.000000e+00 0.000000e+00 1.000000e+00
    outer loop
      vertex   -5.925929e+00 1.276994e+01 4.600000e+00
      vertex   -6.628571e+00 1.201714e+01 4.600000e+00
      vertex   -6.472781e+00 1.184627e+01 4.600000e+00
    endloop
  endfacet
  facet normal 0.000000e+00 0.000000e+00 1.000000e+00
    outer loop
      vertex   -5.925929e+00 1.276994e+01 4.600000e+00
      vertex   -6.472781e+00 1.184627e+01 4.600000e+00
      vertex   -5.738286e+00 1.270114e+01 4.600000e+00
    endloop
  endfacet
  facet normal -6.031667e-15 5.182302e-15 1.000000e+00
    outer loop
      vertex   -5.738286e+00 1.270114e+01 4.600000e+00
      vertex   -6.472781e+00 1.184627e+01 4.600000e+00
      vertex   -6.388551e+00 1.177291e+01 4.600000e+00
    endloop
  endfacet
  facet normal 7.098337e-15 -4.015846e-15 1.000000e+00
    outer loop
      vertex   -5.738286e+00 1.270114e+01 4.600000e+00
      vertex   -6.388551e+00 1.177291e+01 4.600000e+00
      vertex   -6.296719e+00 1.171407e+01 4.600000e+00
    endloop
  endfacet
  facet normal -7.140045e-15 4.039442e-15 1.000000e+00
    outer loop
      vertex   -6.296719e+00 1.171407e+01 4.600000e+00
      vertex   -6.195681e+00 1.167278e+01 4.600000e+00
      vertex   -5.738286e+00 1.270114e+01 4.600000e+00
    endloop
  endfacet
  facet normal 7.562607e-15 -2.500020e-15 1.000000e+00
    outer loop
      vertex   -5.738286e+00 1.270114e+01 4.600000e+00
      vertex   -6.195681e+00 1.167278e+01 4.600000e+00
      vertex   -6.087174e+00 1.164575e+01 4.600000e+00
    endloop
  endfacet
  facet normal 0.000000e+00 0.000000e+00 1.000000e+00
    outer loop
      vertex   -5.738286e+00 1.270114e+01 4.600000e+00
      vertex   -6.087174e+00 1.164575e+01 4.600000e+00
      vertex   -5.857714e+00 1.161543e+01 4.600000e+00
    endloop
  endfacet
  facet normal 0.000000e+00 0.000000e+00 1.000000e+00
    outer loop
      vertex   -5.857714e+00 1.161543e+01 4.600000e+00
      vertex   -5.701034e+00 1.162809e+01 4.600000e+00
      vertex   -5.738286e+00 1.270114e+01 4.600000e+00
    endloop
  endfacet
  facet normal 0.000000e+00 0.000000e+00 1.000000e+00
    outer loop
      vertex   -5.738286e+00 1.270114e+01 4.600000e+00
      vertex   -5.701034e+00 1.162809e+01 4.600000e+00
      vertex   -5.550106e+00 1.165861e+01 4.600000e+00
    endloop
  endfacet
  facet normal 0.000000e+00 0.000000e+00 1.000000e+00
    outer loop
      vertex   -5.738286e+00 1.270114e+01 4.600000e+00
      vertex   -5.550106e+00 1.165861e+01 4.600000e+00
      vertex   -5.409059e+00 1.171979e+01 4.600000e+00
    endloop
  endfacet
  facet normal 0.000000e+00 -0.000000e+00 1.000000e+00
    outer loop
      vertex   -5.409059e+00 1.171979e+01 4.600000e+00
      vertex   -5.274143e+00 1.180000e+01 4.600000e+00
      vertex   -5.738286e+00 1.270114e+01 4.600000e+00
    endloop
  endfacet
  facet normal 0.000000e+00 0.000000e+00 1.000000e+00
    outer loop
      vertex   -5.738286e+00 1.270114e+01 4.600000e+00
      vertex   -5.274143e+00 1.180000e+01 4.600000e+00
      vertex   -5.158936e+00 1.190904e+01 4.600000e+00
    endloop
  endfacet
  facet normal 0.000000e+00 0.000000e+00 1.000000e+00
    outer loop
      vertex   -5.738286e+00 1.270114e+01 4.600000e+00
      vertex   -5.158936e+00 1.190904e+01 4.600000e+00
      vertex   -5.058448e+00 1.202844e+01 4.600000e+00
    endloop
  endfacet
  facet normal -0.000000e+00 0.000000e+00 1.000000e+00
    outer loop
      vertex   -5.738286e+00 1.270114e+01 4.600000e+00
      vertex   -5.058448e+00 1.202844e+01 4.600000e+00
      vertex   -5.550642e+00 1.276994e+01 4.600000e+00
    endloop
  endfacet
  facet normal 0.000000e+00 0.000000e+00 1.000000e+00
    outer loop
      vertex   -5.550642e+00 1.276994e+01 4.600000e+00
      vertex   -5.058448e+00 1.202844e+01 4.600000e+00
      vertex   -4.981630e+00 1.216452e+01 4.600000e+00
    endloop
  endfacet
  facet normal 0.000000e+00 0.000000e+00 1.000000e+00
    outer loop
      vertex   -5.550642e+00 1.276994e+01 4.600000e+00
      vertex   -4.981630e+00 1.216452e+01 4.600000e+00
      vertex   -4.918571e+00 1.231029e+01 4.600000e+00
    endloop
  endfacet
  facet normal 0.000000e+00 0.000000e+00 1.000000e+00
    outer loop
      vertex   -5.384139e+00 1.296424e+01 4.600000e+00
      vertex   -5.418916e+00 1.288305e+01 4.600000e+00
      vertex   -4.918571e+00 1.231029e+01 4.600000e+00
    endloop
  endfacet
  facet normal 0.000000e+00 0.000000e+00 1.000000e+00
    outer loop
      vertex   -4.918571e+00 1.231029e+01 4.600000e+00
      vertex   -5.418916e+00 1.288305e+01 4.600000e+00
      vertex   -5.443805e+00 1.284840e+01 4.600000e+00
    endloop
  endfacet
  facet normal 0.000000e+00 0.000000e+00 1.000000e+00
    outer loop
      vertex   -4.918571e+00 1.231029e+01 4.600000e+00
      vertex   -5.443805e+00 1.284840e+01 4.600000e+00
      vertex   -5.474430e+00 1.281829e+01 4.600000e+00
    endloop
  endfacet
  facet normal 0.000000e+00 0.000000e+00 1.000000e+00
    outer loop
      vertex   -5.474430e+00 1.281829e+01 4.600000e+00
      vertex   -5.550642e+00 1.276994e+01 4.600000e+00
      vertex   -4.918571e+00 1.231029e+01 4.600000e+00
    endloop
  endfacet
  facet normal 1.000000e+00 0.000000e+00 0.000000e+00
    outer loop
      vertex   -6.900000e+00 1.105629e+01 5.000000e+00
      vertex   -6.900000e+00 8.168286e+00 5.000000e+00
      vertex   -6.900000e+00 1.105629e+01 4.600000e+00
    endloop
  endfacet
  facet normal 1.000000e+00 0.000000e+00 0.000000e+00
    outer loop
      vertex   -6.900000e+00 1.105629e+01 4.600000e+00
      vertex   -6.900000e+00 8.168286e+00 5.000000e+00
      vertex   -6.900000e+00 8.168286e+00 4.600000e+00
    endloop
  endfacet
  facet normal -2.084227e-15 1.000000e+00 0.000000e+00
    outer loop
      vertex   -6.900000e+00 8.168286e+00 5.000000e+00
      vertex   -6.047714e+00 8.168286e+00 5.000000e+00
      vertex   -6.900000e+00 8.168286e+00 4.600000e+00
    endloop
  endfacet
  facet normal -2.084227e-15 1.000000e+00 0.000000e+00
    outer loop
      vertex   -6.900000e+00 8.168286e+00 4.600000e+00
      vertex   -6.047714e+00 8.168286e+00 5.000000e+00
      vertex   -6.047714e+00 8.168286e+00 4.600000e+00
    endloop
  endfacet
  facet normal -1.000000e+00 0.000000e+00 0.000000e+00
    outer loop
      vertex   -6.047714e+00 8.168286e+00 5.000000e+00
      vertex   -6.047714e+00 9.981428e+00 5.000000e+00
      vertex   -6.047714e+00 8.168286e+00 4.600000e+00
    endloop
  endfacet
  facet normal -1.000000e+00 0.000000e+00 0.000000e+00
    outer loop
      vertex   -6.047714e+00 8.168286e+00 4.600000e+00
      vertex   -6.047714e+00 9.981428e+00 5.000000e+00
      vertex   -6.047714e+00 9.981428e+00 4.600000e+00
    endloop
  endfacet
  facet normal -2.410487e-15 1.000000e+00 0.000000e+00
    outer loop
      vertex   -6.047714e+00 9.981428e+00 5.000000e+00
      vertex   -3.100000e+00 9.981428e+00 5.000000e+00
      vertex   -6.047714e+00 9.981428e+00 4.600000e+00
    endloop
  endfacet
  facet normal -2.410487e-15 1.000000e+00 0.000000e+00
    outer loop
      vertex   -6.047714e+00 9.981428e+00 4.600000e+00
      vertex   -3.100000e+00 9.981428e+00 5.000000e+00
      vertex   -3.100000e+00 9.981428e+00 4.600000e+00
    endloop
  endfacet
  facet normal -1.000000e+00 0.000000e+00 0.000000e+00
    outer loop
      vertex   -3.100000e+00 9.981428e+00 5.000000e+00
      vertex   -3.100000e+00 1.105629e+01 5.000000e+00
      vertex   -3.100000e+00 9.981428e+00 4.600000e+00
    endloop
  endfacet
  facet normal -1.000000e+00 0.000000e+00 0.000000e+00
    outer loop
      vertex   -3.100000e+00 9.981428e+00 4.600000e+00
      vertex   -3.100000e+00 1.105629e+01 5.000000e+00
      vertex   -3.100000e+00 1.105629e+01 4.600000e+00
    endloop
  endfacet
  facet normal 2.337311e-15 -1.000000e+00 0.000000e+00
    outer loop
      vertex   -3.100000e+00 1.105629e+01 5.000000e+00
      vertex   -6.900000e+00 1.105629e+01 5.000000e+00
      vertex   -3.100000e+00 1.105629e+01 4.600000e+00
    endloop
  endfacet
  facet normal 2.337311e-15 -1.000000e+00 0.000000e+00
    outer loop
      vertex   -3.100000e+00 1.105629e+01 4.600000e+00
      vertex   -6.900000e+00 1.105629e+01 5.000000e+00
      vertex   -6.900000e+00 1.105629e+01 4.600000e+00
    endloop
  endfacet
  facet normal 0.000000e+00 -0.000000e+00 1.000000e+00
    outer loop
      vertex   -3.100000e+00 9.981428e+00 4.600000e+00
      vertex   -3.100000e+00 1.105629e+01 4.600000e+00
      vertex   -6.047714e+00 9.981428e+00 4.600000e+00
    endloop
  endfacet
  facet normal 0.000000e+00 -0.000000e+00 1.000000e+00
    outer loop
      vertex   -6.047714e+00 9.981428e+00 4.600000e+00
      vertex   -3.100000e+00 1.105629e+01 4.600000e+00
      vertex   -6.900000e+00 1.105629e+01 4.600000e+00
    endloop
  endfacet
  facet normal 0.000000e+00 0.000000e+00 1.000000e+00
    outer loop
      vertex   -6.047714e+00 9.981428e+00 4.600000e+00
      vertex   -6.900000e+00 1.105629e+01 4.600000e+00
      vertex   -6.900000e+00 8.168286e+00 4.600000e+00
    endloop
  endfacet
  facet normal 0.000000e+00 0.000000e+00 1.000000e+00
    outer loop
      vertex   -6.900000e+00 8.168286e+00 4.600000e+00
      vertex   -6.047714e+00 8.168286e+00 4.600000e+00
      vertex   -6.047714e+00 9.981428e+00 4.600000e+00
    endloop
  endfacet
  facet normal -0.000000e+00 1.000000e+00 0.000000e+00
    outer loop
      vertex   -6.069428e+00 2.576772e+01 5.000000e+00
      vertex   -5.374571e+00 2.576772e+01 5.000000e+00
      vertex   -6.069428e+00 2.576772e+01 4.600000e+00
    endloop
  endfacet
  facet normal 0.000000e+00 1.000000e+00 0.000000e+00
    outer loop
      vertex   -6.069428e+00 2.576772e+01 4.600000e+00
      vertex   -5.374571e+00 2.576772e+01 5.000000e+00
      vertex   -5.374571e+00 2.576772e+01 4.600000e+00
    endloop
  endfacet
  facet normal 1.000000e+00 0.000000e+00 0.000000e+00
    outer loop
      vertex   -5.374571e+00 2.576772e+01 5.000000e+00
      vertex   -5.374571e+00 2.407943e+01 5.000000e+00
      vertex   -5.374571e+00 2.576772e+01 4.600000e+00
    endloop
  endfacet
  facet normal 1.000000e+00 0.000000e+00 0.000000e+00
    outer loop
      vertex   -5.374571e+00 2.576772e+01 4.600000e+00
      vertex   -5.374571e+00 2.407943e+01 5.000000e+00
      vertex   -5.374571e+00 2.407943e+01 4.600000e+00
    endloop
  endfacet
  facet normal -0.000000e+00 1.000000e+00 0.000000e+00
    outer loop
      vertex   -5.374571e+00 2.407943e+01 5.000000e+00
      vertex   -4.571143e+00 2.407943e+01 5.000000e+00
      vertex   -5.374571e+00 2.407943e+01 4.600000e+00
    endloop
  endfacet
  facet normal 0.000000e+00 1.000000e+00 0.000000e+00
    outer loop
      vertex   -5.374571e+00 2.407943e+01 4.600000e+00
      vertex   -4.571143e+00 2.407943e+01 5.000000e+00
      vertex   -4.571143e+00 2.407943e+01 4.600000e+00
    endloop
  endfacet
  facet normal -1.000000e+00 0.000000e+00 0.000000e+00
    outer loop
      vertex   -4.571143e+00 2.407943e+01 5.000000e+00
      vertex   -4.571143e+00 2.576772e+01 5.000000e+00
      vertex   -4.571143e+00 2.407943e+01 4.600000e+00
    endloop
  endfacet
  facet normal -1.000000e+00 0.000000e+00 0.000000e+00
    outer loop
      vertex   -4.571143e+00 2.407943e+01 4.600000e+00
      vertex   -4.571143e+00 2.576772e+01 5.000000e+00
      vertex   -4.571143e+00 2.576772e+01 4.600000e+00
    endloop
  endfacet
  facet normal -0.000000e+00 1.000000e+00 0.000000e+00
    outer loop
      vertex   -4.571143e+00 2.576772e+01 5.000000e+00
      vertex   -3.930571e+00 2.576772e+01 5.000000e+00
      vertex   -4.571143e+00 2.576772e+01 4.600000e+00
    endloop
  endfacet
  facet normal 0.000000e+00 1.000000e+00 0.000000e+00
    outer loop
      vertex   -4.571143e+00 2.576772e+01 4.600000e+00
      vertex   -3.930571e+00 2.576772e+01 5.000000e+00
      vertex   -3.930571e+00 2.576772e+01 4.600000e+00
    endloop
  endfacet
  facet normal 1.000000e+00 0.000000e+00 0.000000e+00
    outer loop
      vertex   -3.930571e+00 2.576772e+01 5.000000e+00
      vertex   -3.930571e+00 2.385143e+01 5.000000e+00
      vertex   -3.930571e+00 2.576772e+01 4.600000e+00
    endloop
  endfacet
  facet normal 1.000000e+00 0.000000e+00 0.000000e+00
    outer loop
      vertex   -3.930571e+00 2.576772e+01 4.600000e+00
      vertex   -3.930571e+00 2.385143e+01 5.000000e+00
      vertex   -3.930571e+00 2.385143e+01 4.600000e+00
    endloop
  endfacet
  facet normal -0.000000e+00 1.000000e+00 0.000000e+00
    outer loop
      vertex   -3.930571e+00 2.385143e+01 5.000000e+00
      vertex   -3.100000e+00 2.385143e+01 5.000000e+00
      vertex   -3.930571e+00 2.385143e+01 4.600000e+00
    endloop
  endfacet
  facet normal 0.000000e+00 1.000000e+00 0.000000e+00
    outer loop
      vertex   -3.930571e+00 2.385143e+01 4.600000e+00
      vertex   -3.100000e+00 2.385143e+01 5.000000e+00
      vertex   -3.100000e+00 2.385143e+01 4.600000e+00
    endloop
  endfacet
  facet normal -1.000000e+00 0.000000e+00 0.000000e+00
    outer loop
      vertex   -3.100000e+00 2.385143e+01 5.000000e+00
      vertex   -3.100000e+00 2.683172e+01 5.000000e+00
      vertex   -3.100000e+00 2.385143e+01 4.600000e+00
    endloop
  endfacet
  facet normal -1.000000e+00 0.000000e+00 0.000000e+00
    outer loop
      vertex   -3.100000e+00 2.385143e+01 4.600000e+00
      vertex   -3.100000e+00 2.683172e+01 5.000000e+00
      vertex   -3.100000e+00 2.683172e+01 4.600000e+00
    endloop
  endfacet
  facet normal 2.804774e-15 -1.000000e+00 0.000000e+00
    outer loop
      vertex   -3.100000e+00 2.683172e+01 5.000000e+00
      vertex   -6.900000e+00 2.683172e+01 5.000000e+00
      vertex   -3.100000e+00 2.683172e+01 4.600000e+00
    endloop
  endfacet
  facet normal 2.804774e-15 -1.000000e+00 0.000000e+00
    outer loop
      vertex   -3.100000e+00 2.683172e+01 4.600000e+00
      vertex   -6.900000e+00 2.683172e+01 5.000000e+00
      vertex   -6.900000e+00 2.683172e+01 4.600000e+00
    endloop
  endfacet
  facet normal 1.000000e+00 0.000000e+00 0.000000e+00
    outer loop
      vertex   -6.900000e+00 2.683172e+01 5.000000e+00
      vertex   -6.900000e+00 2.378086e+01 5.000000e+00
      vertex   -6.900000e+00 2.683172e+01 4.600000e+00
    endloop
  endfacet
  facet normal 1.000000e+00 0.000000e+00 0.000000e+00
    outer loop
      vertex   -6.900000e+00 2.683172e+01 4.600000e+00
      vertex   -6.900000e+00 2.378086e+01 5.000000e+00
      vertex   -6.900000e+00 2.378086e+01 4.600000e+00
    endloop
  endfacet
  facet normal -0.000000e+00 1.000000e+00 0.000000e+00
    outer loop
      vertex   -6.900000e+00 2.378086e+01 5.000000e+00
      vertex   -6.069428e+00 2.378086e+01 5.000000e+00
      vertex   -6.900000e+00 2.378086e+01 4.600000e+00
    endloop
  endfacet
  facet normal 0.000000e+00 1.000000e+00 0.000000e+00
    outer loop
      vertex   -6.900000e+00 2.378086e+01 4.600000e+00
      vertex   -6.069428e+00 2.378086e+01 5.000000e+00
      vertex   -6.069428e+00 2.378086e+01 4.600000e+00
    endloop
  endfacet
  facet normal -1.000000e+00 0.000000e+00 0.000000e+00
    outer loop
      vertex   -6.069428e+00 2.378086e+01 5.000000e+00
      vertex   -6.069428e+00 2.576772e+01 5.000000e+00
      vertex   -6.069428e+00 2.378086e+01 4.600000e+00
    endloop
  endfacet
  facet normal -1.000000e+00 0.000000e+00 0.000000e+00
    outer loop
      vertex   -6.069428e+00 2.378086e+01 4.600000e+00
      vertex   -6.069428e+00 2.576772e+01 5.000000e+00
      vertex   -6.069428e+00 2.576772e+01 4.600000e+00
    endloop
  endfacet
  facet normal 0.000000e+00 -0.000000e+00 1.000000e+00
    outer loop
      vertex   -6.069428e+00 2.378086e+01 4.600000e+00
      vertex   -6.069428e+00 2.576772e+01 4.600000e+00
      vertex   -6.900000e+00 2.378086e+01 4.600000e+00
    endloop
  endfacet
  facet normal 0.000000e+00 0.000000e+00 1.000000e+00
    outer loop
      vertex   -6.900000e+00 2.378086e+01 4.600000e+00
      vertex   -6.069428e+00 2.576772e+01 4.600000e+00
      vertex   -6.900000e+00 2.683172e+01 4.600000e+00
    endloop
  endfacet
  facet normal 0.000000e+00 0.000000e+00 1.000000e+00
    outer loop
      vertex   -6.900000e+00 2.683172e+01 4.600000e+00
      vertex   -6.069428e+00 2.576772e+01 4.600000e+00
      vertex   -5.374571e+00 2.576772e+01 4.600000e+00
    endloop
  endfacet
  facet normal -0.000000e+00 0.000000e+00 1.000000e+00
    outer loop
      vertex   -6.900000e+00 2.683172e+01 4.600000e+00
      vertex   -5.374571e+00 2.576772e+01 4.600000e+00
      vertex   -3.100000e+00 2.683172e+01 4.600000e+00
    endloop
  endfacet
  facet normal 0.000000e+00 0.000000e+00 1.000000e+00
    outer loop
      vertex   -3.100000e+00 2.683172e+01 4.600000e+00
      vertex   -5.374571e+00 2.576772e+01 4.600000e+00
      vertex   -4.571143e+00 2.576772e+01 4.600000e+00
    endloop
  endfacet
  facet normal 0.000000e+00 0.000000e+00 1.000000e+00
    outer loop
      vertex   -3.100000e+00 2.683172e+01 4.600000e+00
      vertex   -4.571143e+00 2.576772e+01 4.600000e+00
      vertex   -3.930571e+00 2.576772e+01 4.600000e+00
    endloop
  endfacet
  facet normal 0.000000e+00 0.000000e+00 1.000000e+00
    outer loop
      vertex   -5.374571e+00 2.407943e+01 4.600000e+00
      vertex   -4.571143e+00 2.407943e+01 4.600000e+00
      vertex   -5.374571e+00 2.576772e+01 4.600000e+00
    endloop
  endfacet
  facet normal -0.000000e+00 0.000000e+00 1.000000e+00
    outer loop
      vertex   -5.374571e+00 2.576772e+01 4.600000e+00
      vertex   -4.571143e+00 2.407943e+01 4.600000e+00
      vertex   -4.571143e+00 2.576772e+01 4.600000e+00
    endloop
  endfacet
  facet normal 0.000000e+00 0.000000e+00 1.000000e+00
    outer loop
      vertex   -3.930571e+00 2.385143e+01 4.600000e+00
      vertex   -3.100000e+00 2.385143e+01 4.600000e+00
      vertex   -3.930571e+00 2.576772e+01 4.600000e+00
    endloop
  endfacet
  facet normal -0.000000e+00 0.000000e+00 1.000000e+00
    outer loop
      vertex   -3.930571e+00 2.576772e+01 4.600000e+00
      vertex   -3.100000e+00 2.385143e+01 4.600000e+00
      vertex   -3.100000e+00 2.683172e+01 4.600000e+00
    endloop
  endfacet
  facet normal 0.000000e+00 0.000000e+00 1.000000e+00
    outer loop
      vertex   -5.352857e+00 1.416686e+01 5.000000e+00
      vertex   -6.123714e+00 1.416686e+01 5.000000e+00
      vertex   -5.352857e+00 1.326571e+01 5.000000e+00
    endloop
  endfacet
  facet normal 0.000000e+00 0.000000e+00 1.000000e+00
    outer loop
      vertex   -5.352857e+00 1.326571e+01 5.000000e+00
      vertex   -6.123714e+00 1.416686e+01 5.000000e+00
      vertex   -6.123714e+00 1.326571e+01 5.000000e+00
    endloop
  endfacet
  facet normal 0.000000e+00 0.000000e+00 1.000000e+00
    outer loop
      vertex   -5.352857e+00 1.326571e+01 5.000000e+00
      vertex   -6.123714e+00 1.326571e+01 5.000000e+00
      vertex   -5.738286e+00 1.270114e+01 5.000000e+00
    endloop
  endfacet
  facet normal 0.000000e+00 0.000000e+00 1.000000e+00
    outer loop
      vertex   -5.738286e+00 1.270114e+01 5.000000e+00
      vertex   -6.123714e+00 1.326571e+01 5.000000e+00
      vertex   -5.925929e+00 1.276994e+01 5.000000e+00
    endloop
  endfacet
  facet normal 0.000000e+00 0.000000e+00 1.000000e+00
    outer loop
      vertex   -5.925929e+00 1.276994e+01 5.000000e+00
      vertex   -6.123714e+00 1.326571e+01 5.000000e+00
      vertex   -6.002142e+00 1.281829e+01 5.000000e+00
    endloop
  endfacet
  facet normal 0.000000e+00 0.000000e+00 1.000000e+00
    outer loop
      vertex   -6.002142e+00 1.281829e+01 5.000000e+00
      vertex   -6.123714e+00 1.326571e+01 5.000000e+00
      vertex   -6.111556e+00 1.305784e+01 5.000000e+00
    endloop
  endfacet
  facet normal 0.000000e+00 0.000000e+00 1.000000e+00
    outer loop
      vertex   -6.002142e+00 1.281829e+01 5.000000e+00
      vertex   -6.111556e+00 1.305784e+01 5.000000e+00
      vertex   -6.032766e+00 1.284840e+01 5.000000e+00
    endloop
  endfacet
  facet normal 0.000000e+00 0.000000e+00 1.000000e+00
    outer loop
      vertex   -6.032766e+00 1.284840e+01 5.000000e+00
      vertex   -6.111556e+00 1.305784e+01 5.000000e+00
      vertex   -6.057655e+00 1.288305e+01 5.000000e+00
    endloop
  endfacet
  facet normal 0.000000e+00 0.000000e+00 1.000000e+00
    outer loop
      vertex   -6.057655e+00 1.288305e+01 5.000000e+00
      vertex   -6.111556e+00 1.305784e+01 5.000000e+00
      vertex   -6.092432e+00 1.296424e+01 5.000000e+00
    endloop
  endfacet
  facet normal 0.000000e+00 0.000000e+00 1.000000e+00
    outer loop
      vertex   -5.738286e+00 1.270114e+01 5.000000e+00
      vertex   -5.550642e+00 1.276994e+01 5.000000e+00
      vertex   -5.352857e+00 1.326571e+01 5.000000e+00
    endloop
  endfacet
  facet normal 0.000000e+00 0.000000e+00 1.000000e+00
    outer loop
      vertex   -5.352857e+00 1.326571e+01 5.000000e+00
      vertex   -5.550642e+00 1.276994e+01 5.000000e+00
      vertex   -5.474430e+00 1.281829e+01 5.000000e+00
    endloop
  endfacet
  facet normal 0.000000e+00 0.000000e+00 1.000000e+00
    outer loop
      vertex   -5.352857e+00 1.326571e+01 5.000000e+00
      vertex   -5.474430e+00 1.281829e+01 5.000000e+00
      vertex   -5.365015e+00 1.305784e+01 5.000000e+00
    endloop
  endfacet
  facet normal 0.000000e+00 0.000000e+00 1.000000e+00
    outer loop
      vertex   -5.365015e+00 1.305784e+01 5.000000e+00
      vertex   -5.474430e+00 1.281829e+01 5.000000e+00
      vertex   -5.443805e+00 1.284840e+01 5.000000e+00
    endloop
  endfacet
  facet normal 0.000000e+00 0.000000e+00 1.000000e+00
    outer loop
      vertex   -5.365015e+00 1.305784e+01 5.000000e+00
      vertex   -5.443805e+00 1.284840e+01 5.000000e+00
      vertex   -5.418916e+00 1.288305e+01 5.000000e+00
    endloop
  endfacet
  facet normal 0.000000e+00 0.000000e+00 1.000000e+00
    outer loop
      vertex   -5.418916e+00 1.288305e+01 5.000000e+00
      vertex   -5.384139e+00 1.296424e+01 5.000000e+00
      vertex   -5.365015e+00 1.305784e+01 5.000000e+00
    endloop
  endfacet
  facet normal 0.000000e+00 -0.000000e+00 1.000000e+00
    outer loop
      vertex   -4.061681e+00 1.295298e+01 5.000000e+00
      vertex   -3.876285e+00 1.342857e+01 5.000000e+00
      vertex   -4.240000e+00 1.288571e+01 5.000000e+00
    endloop
  endfacet
  facet normal 0.000000e+00 -0.000000e+00 1.000000e+00
    outer loop
      vertex   -4.240000e+00 1.288571e+01 5.000000e+00
      vertex   -3.876285e+00 1.342857e+01 5.000000e+00
      vertex   -4.609142e+00 1.342857e+01 5.000000e+00
    endloop
  endfacet
  facet normal 0.000000e+00 0.000000e+00 1.000000e+00
    outer loop
      vertex   -4.240000e+00 1.288571e+01 5.000000e+00
      vertex   -4.609142e+00 1.342857e+01 5.000000e+00
      vertex   -4.419981e+00 1.295210e+01 5.000000e+00
    endloop
  endfacet
  facet normal 0.000000e+00 0.000000e+00 1.000000e+00
    outer loop
      vertex   -4.419981e+00 1.295210e+01 5.000000e+00
      vertex   -4.609142e+00 1.342857e+01 5.000000e+00
      vertex   -4.493031e+00 1.299869e+01 5.000000e+00
    endloop
  endfacet
  facet normal 0.000000e+00 0.000000e+00 1.000000e+00
    outer loop
      vertex   -4.493031e+00 1.299869e+01 5.000000e+00
      vertex   -4.609142e+00 1.342857e+01 5.000000e+00
      vertex   -4.597680e+00 1.322896e+01 5.000000e+00
    endloop
  endfacet
  facet normal 0.000000e+00 0.000000e+00 1.000000e+00
    outer loop
      vertex   -4.493031e+00 1.299869e+01 5.000000e+00
      vertex   -4.597680e+00 1.322896e+01 5.000000e+00
      vertex   -4.522359e+00 1.302767e+01 5.000000e+00
    endloop
  endfacet
  facet normal 0.000000e+00 0.000000e+00 1.000000e+00
    outer loop
      vertex   -4.522359e+00 1.302767e+01 5.000000e+00
      vertex   -4.597680e+00 1.322896e+01 5.000000e+00
      vertex   -4.546181e+00 1.306100e+01 5.000000e+00
    endloop
  endfacet
  facet normal 0.000000e+00 0.000000e+00 1.000000e+00
    outer loop
      vertex   -4.546181e+00 1.306100e+01 5.000000e+00
      vertex   -4.597680e+00 1.322896e+01 5.000000e+00
      vertex   -4.579437e+00 1.313905e+01 5.000000e+00
    endloop
  endfacet
  facet normal 0.000000e+00 0.000000e+00 1.000000e+00
    outer loop
      vertex   -4.061681e+00 1.295298e+01 5.000000e+00
      vertex   -3.989491e+00 1.299991e+01 5.000000e+00
      vertex   -3.876285e+00 1.342857e+01 5.000000e+00
    endloop
  endfacet
  facet normal 0.000000e+00 0.000000e+00 1.000000e+00
    outer loop
      vertex   -3.876285e+00 1.342857e+01 5.000000e+00
      vertex   -3.989491e+00 1.299991e+01 5.000000e+00
      vertex   -3.886908e+00 1.322996e+01 5.000000e+00
    endloop
  endfacet
  facet normal 0.000000e+00 0.000000e+00 1.000000e+00
    outer loop
      vertex   -3.886908e+00 1.322996e+01 5.000000e+00
      vertex   -3.989491e+00 1.299991e+01 5.000000e+00
      vertex   -3.960604e+00 1.302901e+01 5.000000e+00
    endloop
  endfacet
  facet normal 0.000000e+00 0.000000e+00 1.000000e+00
    outer loop
      vertex   -3.886908e+00 1.322996e+01 5.000000e+00
      vertex   -3.960604e+00 1.302901e+01 5.000000e+00
      vertex   -3.937189e+00 1.306241e+01 5.000000e+00
    endloop
  endfacet
  facet normal 0.000000e+00 0.000000e+00 1.000000e+00
    outer loop
      vertex   -3.937189e+00 1.306241e+01 5.000000e+00
      vertex   -3.904613e+00 1.314036e+01 5.000000e+00
      vertex   -3.886908e+00 1.322996e+01 5.000000e+00
    endloop
  endfacet
  facet normal 0.000000e+00 0.000000e+00 1.000000e+00
    outer loop
      vertex   -3.876285e+00 1.416686e+01 5.000000e+00
      vertex   -4.609142e+00 1.416686e+01 5.000000e+00
      vertex   -3.876285e+00 1.342857e+01 5.000000e+00
    endloop
  endfacet
  facet normal 0.000000e+00 0.000000e+00 1.000000e+00
    outer loop
      vertex   -3.876285e+00 1.342857e+01 5.000000e+00
      vertex   -4.609142e+00 1.416686e+01 5.000000e+00
      vertex   -4.609142e+00 1.342857e+01 5.000000e+00
    endloop
  endfacet
  facet normal -2.908333e-17 -4.906767e-02 9.987955e-01
    outer loop
      vertex   -8.000000e+00 -7.000000e+00 5.000000e+00
      vertex   -5.003036e+00 -7.000000e+00 5.000000e+00
      vertex   -8.009631e+00 -6.803965e+00 5.009631e+00
    endloop
  endfacet
  facet normal -3.203125e-03 -9.801664e-02 9.951796e-01
    outer loop
      vertex   -8.009631e+00 -6.803965e+00 5.009631e+00
      vertex   -5.003036e+00 -7.000000e+00 5.000000e+00
      vertex   -5.003036e+00 -6.609819e+00 5.038429e+00
    endloop
  endfacet
  facet normal -3.319439e-16 -1.467305e-01 9.891765e-01
    outer loop
      vertex   -8.009631e+00 -6.803965e+00 5.009631e+00
      vertex   -5.003036e+00 -6.609819e+00 5.038429e+00
      vertex   -8.038430e+00 -6.609819e+00 5.038429e+00
    endloop
  endfacet
  facet normal -3.549361e-16 -2.429802e-01 9.700313e-01
    outer loop
      vertex   -8.038430e+00 -6.609819e+00 5.038429e+00
      vertex   -5.003036e+00 -6.609819e+00 5.038429e+00
      vertex   -8.086119e+00 -6.419430e+00 5.086119e+00
    endloop
  endfacet
  facet normal -3.123659e-03 -2.902833e-01 9.569357e-01
    outer loop
      vertex   -8.086119e+00 -6.419430e+00 5.086119e+00
      vertex   -5.003036e+00 -6.609819e+00 5.038429e+00
      vertex   -5.003036e+00 -6.234633e+00 5.152241e+00
    endloop
  endfacet
  facet normal -1.880393e-16 -3.368899e-01 9.415441e-01
    outer loop
      vertex   -8.086119e+00 -6.419430e+00 5.086119e+00
      vertex   -5.003036e+00 -6.234633e+00 5.152241e+00
      vertex   -8.152241e+00 -6.234633e+00 5.152241e+00
    endloop
  endfacet
  facet normal -2.411690e-16 -4.275551e-01 9.039893e-01
    outer loop
      vertex   -8.152241e+00 -6.234633e+00 5.152241e+00
      vertex   -5.003036e+00 -6.234633e+00 5.152241e+00
      vertex   -8.236158e+00 -6.057206e+00 5.236157e+00
    endloop
  endfacet
  facet normal -2.978702e-03 -4.713946e-01 8.819174e-01
    outer loop
      vertex   -8.236158e+00 -6.057206e+00 5.236157e+00
      vertex   -5.003036e+00 -6.234633e+00 5.152241e+00
      vertex   -5.003036e+00 -5.888859e+00 5.337061e+00
    endloop
  endfacet
  facet normal -1.378508e-16 -5.141027e-01 8.577286e-01
    outer loop
      vertex   -8.236158e+00 -6.057206e+00 5.236157e+00
      vertex   -5.003036e+00 -5.888859e+00 5.337061e+00
      vertex   -8.337061e+00 -5.888859e+00 5.337061e+00
    endloop
  endfacet
  facet normal -1.586933e-16 -5.956993e-01 8.032075e-01
    outer loop
      vertex   -8.337061e+00 -5.888859e+00 5.337061e+00
      vertex   -5.003036e+00 -5.888859e+00 5.337061e+00
      vertex   -8.453979e+00 -5.731213e+00 5.453979e+00
    endloop
  endfacet
  facet normal -2.790689e-03 -6.343908e-01 7.730074e-01
    outer loop
      vertex   -8.453979e+00 -5.731213e+00 5.453979e+00
      vertex   -5.003036e+00 -5.888859e+00 5.337061e+00
      vertex   -5.003036e+00 -5.585786e+00 5.585786e+00
    endloop
  endfacet
  facet normal 1.480163e-17 -6.715590e-01 7.409511e-01
    outer loop
      vertex   -8.453979e+00 -5.731213e+00 5.453979e+00
      vertex   -5.003036e+00 -5.585786e+00 5.585786e+00
      vertex   -8.585787e+00 -5.585786e+00 5.585786e+00
    endloop
  endfacet
  facet normal -1.720260e-17 -7.409511e-01 6.715590e-01
    outer loop
      vertex   -8.585787e+00 -5.585786e+00 5.585786e+00
      vertex   -5.003036e+00 -5.585786e+00 5.585786e+00
      vertex   -8.731214e+00 -5.453979e+00 5.731213e+00
    endloop
  endfacet
  facet normal -2.583170e-03 -7.730079e-01 6.343912e-01
    outer loop
      vertex   -8.731214e+00 -5.453979e+00 5.731213e+00
      vertex   -5.003036e+00 -5.585786e+00 5.585786e+00
      vertex   -5.003036e+00 -5.337060e+00 5.888860e+00
    endloop
  endfacet
  facet normal 0.000000e+00 -8.032075e-01 5.956993e-01
    outer loop
      vertex   -8.731214e+00 -5.453979e+00 5.731213e+00
      vertex   -5.003036e+00 -5.337060e+00 5.888860e+00
      vertex   -8.888860e+00 -5.337060e+00 5.888860e+00
    endloop
  endfacet
  facet normal 0.000000e+00 -8.819213e-01 4.713967e-01
    outer loop
      vertex   -8.888860e+00 -5.337060e+00 5.888860e+00
      vertex   -5.003036e+00 -5.337060e+00 5.888860e+00
      vertex   -5.003036e+00 -5.152241e+00 6.234633e+00
    endloop
  endfacet
  facet normal 1.923897e-16 -8.819213e-01 4.713967e-01
    outer loop
      vertex   -8.888860e+00 -5.337060e+00 5.888860e+00
      vertex   -5.003036e+00 -5.152241e+00 6.234633e+00
      vertex   -9.234633e+00 -5.152241e+00 6.234633e+00
    endloop
  endfacet
  facet normal 1.218569e-16 -9.569403e-01 2.902847e-01
    outer loop
      vertex   -9.234633e+00 -5.152241e+00 6.234633e+00
      vertex   -5.003036e+00 -5.152241e+00 6.234633e+00
      vertex   -5.003036e+00 -5.038429e+00 6.609819e+00
    endloop
  endfacet
  facet normal 0.000000e+00 -9.569403e-01 2.902847e-01
    outer loop
      vertex   -9.234633e+00 -5.152241e+00 6.234633e+00
      vertex   -5.003036e+00 -5.038429e+00 6.609819e+00
      vertex   -9.609819e+00 -5.038429e+00 6.609819e+00
    endloop
  endfacet
  facet normal 0.000000e+00 -9.951847e-01 9.801714e-02
    outer loop
      vertex   -9.609819e+00 -5.038429e+00 6.609819e+00
      vertex   -5.003036e+00 -5.038429e+00 6.609819e+00
      vertex   -5.003036e+00 -5.000000e+00 7.000000e+00
    endloop
  endfacet
  facet normal 0.000000e+00 -9.951847e-01 9.801714e-02
    outer loop
      vertex   -9.609819e+00 -5.038429e+00 6.609819e+00
      vertex   -5.003036e+00 -5.000000e+00 7.000000e+00
      vertex   -1.000000e+01 -5.000000e+00 7.000000e+00
    endloop
  endfacet
  facet normal -9.801714e-02 -9.951847e-01 -0.000000e+00
    outer loop
      vertex   -1.000000e+01 -5.000000e+00 7.000000e+00
      vertex   -1.000000e+01 -5.000000e+00 1.000000e+00
      vertex   -9.609819e+00 -5.038429e+00 6.609819e+00
    endloop
  endfacet
  facet normal -9.801714e-02 -9.951847e-01 1.575633e-16
    outer loop
      vertex   -9.609819e+00 -5.038429e+00 6.609819e+00
      vertex   -1.000000e+01 -5.000000e+00 1.000000e+00
      vertex   -9.609819e+00 -5.038429e+00 1.000000e+00
    endloop
  endfacet
  facet normal -2.902847e-01 -9.569403e-01 1.515082e-16
    outer loop
      vertex   -9.609819e+00 -5.038429e+00 6.609819e+00
      vertex   -9.609819e+00 -5.038429e+00 1.000000e+00
      vertex   -9.234633e+00 -5.152241e+00 6.234633e+00
    endloop
  endfacet
  facet normal -2.902847e-01 -9.569403e-01 9.850722e-17
    outer loop
      vertex   -9.234633e+00 -5.152241e+00 6.234633e+00
      vertex   -9.609819e+00 -5.038429e+00 1.000000e+00
      vertex   -9.234633e+00 -5.152241e+00 1.000000e+00
    endloop
  endfacet
  facet normal -4.713967e-01 -8.819213e-01 1.599670e-16
    outer loop
      vertex   -9.234633e+00 -5.152241e+00 6.234633e+00
      vertex   -9.234633e+00 -5.152241e+00 1.000000e+00
      vertex   -8.888860e+00 -5.337060e+00 5.888860e+00
    endloop
  endfacet
  facet normal -4.713967e-01 -8.819213e-01 1.712810e-16
    outer loop
      vertex   -8.888860e+00 -5.337060e+00 5.888860e+00
      vertex   -9.234633e+00 -5.152241e+00 1.000000e+00
      vertex   -8.888860e+00 -5.337060e+00 1.000000e+00
    endloop
  endfacet
  facet normal -5.956993e-01 -8.032075e-01 2.164461e-16
    outer loop
      vertex   -8.888860e+00 -5.337060e+00 5.888860e+00
      vertex   -8.888860e+00 -5.337060e+00 1.000000e+00
      vertex   -8.731214e+00 -5.453979e+00 5.731213e+00
    endloop
  endfacet
  facet normal -6.343920e-01 -7.730089e-01 2.035530e-03
    outer loop
      vertex   -8.731214e+00 -5.453979e+00 5.731213e+00
      vertex   -8.888860e+00 -5.337060e+00 1.000000e+00
      vertex   -8.585787e+00 -5.585786e+00 1.000000e+00
    endloop
  endfacet
  facet normal -6.715590e-01 -7.409511e-01 8.094877e-16
    outer loop
      vertex   -8.731214e+00 -5.453979e+00 5.731213e+00
      vertex   -8.585787e+00 -5.585786e+00 1.000000e+00
      vertex   -8.585787e+00 -5.585786e+00 5.585786e+00
    endloop
  endfacet
  facet normal -7.409511e-01 -6.715590e-01 8.341678e-16
    outer loop
      vertex   -8.585787e+00 -5.585786e+00 5.585786e+00
      vertex   -8.585787e+00 -5.585786e+00 1.000000e+00
      vertex   -8.453979e+00 -5.731213e+00 5.453979e+00
    endloop
  endfacet
  facet normal -7.730086e-01 -6.343918e-01 2.162229e-03
    outer loop
      vertex   -8.453979e+00 -5.731213e+00 5.453979e+00
      vertex   -8.585787e+00 -5.585786e+00 1.000000e+00
      vertex   -8.337061e+00 -5.888859e+00 1.000000e+00
    endloop
  endfacet
  facet normal -8.032075e-01 -5.956993e-01 5.746831e-16
    outer loop
      vertex   -8.453979e+00 -5.731213e+00 5.453979e+00
      vertex   -8.337061e+00 -5.888859e+00 1.000000e+00
      vertex   -8.337061e+00 -5.888859e+00 5.337061e+00
    endloop
  endfacet
  facet normal -8.577286e-01 -5.141027e-01 5.618695e-16
    outer loop
      vertex   -8.337061e+00 -5.888859e+00 5.337061e+00
      vertex   -8.337061e+00 -5.888859e+00 1.000000e+00
      vertex   -8.236158e+00 -6.057206e+00 5.236157e+00
    endloop
  endfacet
  facet normal -8.819190e-01 -4.713955e-01 2.273410e-03
    outer loop
      vertex   -8.236158e+00 -6.057206e+00 5.236157e+00
      vertex   -8.337061e+00 -5.888859e+00 1.000000e+00
      vertex   -8.152241e+00 -6.234633e+00 1.000000e+00
    endloop
  endfacet
  facet normal -9.039893e-01 -4.275551e-01 5.683338e-16
    outer loop
      vertex   -8.236158e+00 -6.057206e+00 5.236157e+00
      vertex   -8.152241e+00 -6.234633e+00 1.000000e+00
      vertex   -8.152241e+00 -6.234633e+00 5.152241e+00
    endloop
  endfacet
  facet normal -9.415441e-01 -3.368899e-01 5.469227e-16
    outer loop
      vertex   -8.152241e+00 -6.234633e+00 5.152241e+00
      vertex   -8.152241e+00 -6.234633e+00 1.000000e+00
      vertex   -8.086119e+00 -6.419430e+00 5.086119e+00
    endloop
  endfacet
  facet normal -9.569377e-01 -2.902839e-01 2.356887e-03
    outer loop
      vertex   -8.086119e+00 -6.419430e+00 5.086119e+00
      vertex   -8.152241e+00 -6.234633e+00 1.000000e+00
      vertex   -8.038430e+00 -6.609819e+00 1.000000e+00
    endloop
  endfacet
  facet normal -9.700313e-01 -2.429802e-01 9.607863e-16
    outer loop
      vertex   -8.086119e+00 -6.419430e+00 5.086119e+00
      vertex   -8.038430e+00 -6.609819e+00 1.000000e+00
      vertex   -8.038430e+00 -6.609819e+00 5.038429e+00
    endloop
  endfacet
  facet normal -9.891765e-01 -1.467305e-01 9.347462e-16
    outer loop
      vertex   -8.038430e+00 -6.609819e+00 5.038429e+00
      vertex   -8.038430e+00 -6.609819e+00 1.000000e+00
      vertex   -8.009631e+00 -6.803965e+00 5.009631e+00
    endloop
  endfacet
  facet normal -9.951819e-01 -9.801686e-02 2.401847e-03
    outer loop
      vertex   -8.009631e+00 -6.803965e+00 5.009631e+00
      vertex   -8.038430e+00 -6.609819e+00 1.000000e+00
      vertex   -8.000000e+00 -7.000000e+00 1.000000e+00
    endloop
  endfacet
  facet normal -9.987955e-01 -4.906767e-02 2.181986e-17
    outer loop
      vertex   -8.009631e+00 -6.803965e+00 5.009631e+00
      vertex   -8.000000e+00 -7.000000e+00 1.000000e+00
      vertex   -8.000000e+00 -7.000000e+00 5.000000e+00
    endloop
  endfacet
  facet normal 0.000000e+00 0.000000e+00 1.000000e+00
    outer loop
      vertex   -4.153143e+00 1.775514e+01 5.000000e+00
      vertex   -5.369143e+00 1.824371e+01 5.000000e+00
      vertex   -5.369143e+00 1.726657e+01 5.000000e+00
    endloop
  endfacet
  facet normal -1.000000e+00 0.000000e+00 0.000000e+00
    outer loop
      vertex   -8.000000e+00 -1.479289e+01 5.000000e+00
      vertex   -8.000000e+00 -7.000000e+00 5.000000e+00
      vertex   -8.000000e+00 -1.479289e+01 1.000000e+00
    endloop
  endfacet
  facet normal -1.000000e+00 0.000000e+00 0.000000e+00
    outer loop
      vertex   -8.000000e+00 -1.479289e+01 1.000000e+00
      vertex   -8.000000e+00 -7.000000e+00 5.000000e+00
      vertex   -8.000000e+00 -7.000000e+00 1.000000e+00
    endloop
  endfacet
  facet normal -9.987955e-01 4.906767e-02 2.179042e-17
    outer loop
      vertex   -8.000000e+00 4.000000e+00 5.000000e+00
      vertex   -8.000000e+00 4.000000e+00 1.000000e+00
      vertex   -8.009631e+00 3.803966e+00 5.009631e+00
    endloop
  endfacet
  facet normal -9.951819e-01 9.801686e-02 2.401847e-03
    outer loop
      vertex   -8.009631e+00 3.803966e+00 5.009631e+00
      vertex   -8.000000e+00 4.000000e+00 1.000000e+00
      vertex   -8.038430e+00 3.609820e+00 1.000000e+00
    endloop
  endfacet
  facet normal -9.891765e-01 1.467305e-01 8.097743e-17
    outer loop
      vertex   -8.009631e+00 3.803966e+00 5.009631e+00
      vertex   -8.038430e+00 3.609820e+00 1.000000e+00
      vertex   -8.038430e+00 3.609820e+00 5.038429e+00
    endloop
  endfacet
  facet normal -9.700313e-01 2.429802e-01 1.335976e-16
    outer loop
      vertex   -8.038430e+00 3.609820e+00 5.038429e+00
      vertex   -8.038430e+00 3.609820e+00 1.000000e+00
      vertex   -8.086119e+00 3.419431e+00 5.086119e+00
    endloop
  endfacet
  facet normal -9.569377e-01 2.902839e-01 2.356887e-03
    outer loop
      vertex   -8.086119e+00 3.419431e+00 5.086119e+00
      vertex   -8.038430e+00 3.609820e+00 1.000000e+00
      vertex   -8.152241e+00 3.234634e+00 1.000000e+00
    endloop
  endfacet
  facet normal -9.415441e-01 3.368899e-01 1.085581e-16
    outer loop
      vertex   -8.086119e+00 3.419431e+00 5.086119e+00
      vertex   -8.152241e+00 3.234634e+00 1.000000e+00
      vertex   -8.152241e+00 3.234634e+00 5.152241e+00
    endloop
  endfacet
  facet normal -9.039893e-01 4.275551e-01 1.371832e-16
    outer loop
      vertex   -8.152241e+00 3.234634e+00 5.152241e+00
      vertex   -8.152241e+00 3.234634e+00 1.000000e+00
      vertex   -8.236158e+00 3.057207e+00 5.236157e+00
    endloop
  endfacet
  facet normal -8.819190e-01 4.713955e-01 2.273410e-03
    outer loop
      vertex   -8.236158e+00 3.057207e+00 5.236157e+00
      vertex   -8.152241e+00 3.234634e+00 1.000000e+00
      vertex   -8.337061e+00 2.888860e+00 1.000000e+00
    endloop
  endfacet
  facet normal -8.577286e-01 5.141027e-01 -2.445460e-16
    outer loop
      vertex   -8.236158e+00 3.057207e+00 5.236157e+00
      vertex   -8.337061e+00 2.888860e+00 1.000000e+00
      vertex   -8.337061e+00 2.888860e+00 5.337061e+00
    endloop
  endfacet
  facet normal -8.032075e-01 5.956993e-01 -2.069826e-16
    outer loop
      vertex   -8.337061e+00 2.888860e+00 5.337061e+00
      vertex   -8.337061e+00 2.888860e+00 1.000000e+00
      vertex   -8.453979e+00 2.731214e+00 5.453979e+00
    endloop
  endfacet
  facet normal -7.730086e-01 6.343918e-01 2.162229e-03
    outer loop
      vertex   -8.453979e+00 2.731214e+00 5.453979e+00
      vertex   -8.337061e+00 2.888860e+00 1.000000e+00
      vertex   -8.585787e+00 2.585787e+00 1.000000e+00
    endloop
  endfacet
  facet normal -7.409511e-01 6.715590e-01 6.552996e-17
    outer loop
      vertex   -8.453979e+00 2.731214e+00 5.453979e+00
      vertex   -8.585787e+00 2.585787e+00 1.000000e+00
      vertex   -8.585787e+00 2.585787e+00 5.585786e+00
    endloop
  endfacet
  facet normal -6.715590e-01 7.409511e-01 7.175397e-17
    outer loop
      vertex   -8.585787e+00 2.585787e+00 5.585786e+00
      vertex   -8.585787e+00 2.585787e+00 1.000000e+00
      vertex   -8.731214e+00 2.453980e+00 5.731213e+00
    endloop
  endfacet
  facet normal -6.343920e-01 7.730089e-01 2.035530e-03
    outer loop
      vertex   -8.731214e+00 2.453980e+00 5.731213e+00
      vertex   -8.585787e+00 2.585787e+00 1.000000e+00
      vertex   -8.888860e+00 2.337061e+00 1.000000e+00
    endloop
  endfacet
  facet normal -5.956993e-01 8.032075e-01 7.231481e-17
    outer loop
      vertex   -8.731214e+00 2.453980e+00 5.731213e+00
      vertex   -8.888860e+00 2.337061e+00 1.000000e+00
      vertex   -8.888860e+00 2.337061e+00 5.888860e+00
    endloop
  endfacet
  facet normal -4.713967e-01 8.819213e-01 8.011106e-17
    outer loop
      vertex   -8.888860e+00 2.337061e+00 5.888860e+00
      vertex   -8.888860e+00 2.337061e+00 1.000000e+00
      vertex   -9.234633e+00 2.152241e+00 1.000000e+00
    endloop
  endfacet
  facet normal -4.713967e-01 8.819213e-01 7.438145e-17
    outer loop
      vertex   -8.888860e+00 2.337061e+00 5.888860e+00
      vertex   -9.234633e+00 2.152241e+00 1.000000e+00
      vertex   -9.234633e+00 2.152241e+00 6.234633e+00
    endloop
  endfacet
  facet normal -2.902847e-01 9.569403e-01 8.118370e-17
    outer loop
      vertex   -9.234633e+00 2.152241e+00 6.234633e+00
      vertex   -9.234633e+00 2.152241e+00 1.000000e+00
      vertex   -9.609819e+00 2.038430e+00 1.000000e+00
    endloop
  endfacet
  facet normal -2.902847e-01 9.569403e-01 7.571651e-17
    outer loop
      vertex   -9.234633e+00 2.152241e+00 6.234633e+00
      vertex   -9.609819e+00 2.038430e+00 1.000000e+00
      vertex   -9.609819e+00 2.038430e+00 6.609819e+00
    endloop
  endfacet
  facet normal -9.801714e-02 9.951847e-01 7.878165e-17
    outer loop
      vertex   -9.609819e+00 2.038430e+00 6.609819e+00
      vertex   -9.609819e+00 2.038430e+00 1.000000e+00
      vertex   -1.000000e+01 2.000000e+00 1.000000e+00
    endloop
  endfacet
  facet normal -9.801714e-02 9.951847e-01 0.000000e+00
    outer loop
      vertex   -9.609819e+00 2.038430e+00 6.609819e+00
      vertex   -1.000000e+01 2.000000e+00 1.000000e+00
      vertex   -1.000000e+01 2.000000e+00 7.000000e+00
    endloop
  endfacet
  facet normal -0.000000e+00 9.951847e-01 9.801714e-02
    outer loop
      vertex   -1.000000e+01 2.000000e+00 7.000000e+00
      vertex   -5.003036e+00 2.000000e+00 7.000000e+00
      vertex   -9.609819e+00 2.038430e+00 6.609819e+00
    endloop
  endfacet
  facet normal -1.918696e-16 9.951847e-01 9.801714e-02
    outer loop
      vertex   -9.609819e+00 2.038430e+00 6.609819e+00
      vertex   -5.003036e+00 2.000000e+00 7.000000e+00
      vertex   -5.003036e+00 2.038430e+00 6.609819e+00
    endloop
  endfacet
  facet normal -1.844962e-16 9.569403e-01 2.902847e-01
    outer loop
      vertex   -9.609819e+00 2.038430e+00 6.609819e+00
      vertex   -5.003036e+00 2.038430e+00 6.609819e+00
      vertex   -9.234633e+00 2.152241e+00 6.234633e+00
    endloop
  endfacet
  facet normal -1.794243e-16 9.569403e-01 2.902847e-01
    outer loop
      vertex   -9.234633e+00 2.152241e+00 6.234633e+00
      vertex   -5.003036e+00 2.038430e+00 6.609819e+00
      vertex   -5.003036e+00 2.152241e+00 6.234633e+00
    endloop
  endfacet
  facet normal -7.977753e-17 8.819213e-01 4.713967e-01
    outer loop
      vertex   -9.234633e+00 2.152241e+00 6.234633e+00
      vertex   -5.003036e+00 2.152241e+00 6.234633e+00
      vertex   -8.888860e+00 2.337061e+00 5.888860e+00
    endloop
  endfacet
  facet normal -4.031596e-16 8.819213e-01 4.713967e-01
    outer loop
      vertex   -8.888860e+00 2.337061e+00 5.888860e+00
      vertex   -5.003036e+00 2.152241e+00 6.234633e+00
      vertex   -5.003036e+00 2.337061e+00 5.888860e+00
    endloop
  endfacet
  facet normal -3.671766e-16 8.032075e-01 5.956993e-01
    outer loop
      vertex   -8.888860e+00 2.337061e+00 5.888860e+00
      vertex   -5.003036e+00 2.337061e+00 5.888860e+00
      vertex   -8.731214e+00 2.453980e+00 5.731213e+00
    endloop
  endfacet
  facet normal -2.583170e-03 7.730079e-01 6.343912e-01
    outer loop
      vertex   -8.731214e+00 2.453980e+00 5.731213e+00
      vertex   -5.003036e+00 2.337061e+00 5.888860e+00
      vertex   -5.003036e+00 2.585787e+00 5.585786e+00
    endloop
  endfacet
  facet normal -1.085453e-16 7.409511e-01 6.715590e-01
    outer loop
      vertex   -8.731214e+00 2.453980e+00 5.731213e+00
      vertex   -5.003036e+00 2.585787e+00 5.585786e+00
      vertex   -8.585787e+00 2.585787e+00 5.585786e+00
    endloop
  endfacet
  facet normal -6.603850e-17 6.715590e-01 7.409511e-01
    outer loop
      vertex   -8.585787e+00 2.585787e+00 5.585786e+00
      vertex   -5.003036e+00 2.585787e+00 5.585786e+00
      vertex   -8.453979e+00 2.731214e+00 5.453979e+00
    endloop
  endfacet
  facet normal -2.790689e-03 6.343908e-01 7.730074e-01
    outer loop
      vertex   -8.453979e+00 2.731214e+00 5.453979e+00
      vertex   -5.003036e+00 2.585787e+00 5.585786e+00
      vertex   -5.003036e+00 2.888860e+00 5.337061e+00
    endloop
  endfacet
  facet normal -4.771759e-16 5.956993e-01 8.032075e-01
    outer loop
      vertex   -8.453979e+00 2.731214e+00 5.453979e+00
      vertex   -5.003036e+00 2.888860e+00 5.337061e+00
      vertex   -8.337061e+00 2.888860e+00 5.337061e+00
    endloop
  endfacet
  facet normal -4.108683e-16 5.141027e-01 8.577286e-01
    outer loop
      vertex   -8.337061e+00 2.888860e+00 5.337061e+00
      vertex   -5.003036e+00 2.888860e+00 5.337061e+00
      vertex   -8.236158e+00 3.057207e+00 5.236157e+00
    endloop
  endfacet
  facet normal -2.978702e-03 4.713946e-01 8.819174e-01
    outer loop
      vertex   -8.236158e+00 3.057207e+00 5.236157e+00
      vertex   -5.003036e+00 2.888860e+00 5.337061e+00
      vertex   -5.003036e+00 3.234634e+00 5.152241e+00
    endloop
  endfacet
  facet normal -1.655869e-16 4.275551e-01 9.039893e-01
    outer loop
      vertex   -8.236158e+00 3.057207e+00 5.236157e+00
      vertex   -5.003036e+00 3.234634e+00 5.152241e+00
      vertex   -8.152241e+00 3.234634e+00 5.152241e+00
    endloop
  endfacet
  facet normal -6.700261e-17 3.368899e-01 9.415441e-01
    outer loop
      vertex   -8.152241e+00 3.234634e+00 5.152241e+00
      vertex   -5.003036e+00 3.234634e+00 5.152241e+00
      vertex   -8.086119e+00 3.419431e+00 5.086119e+00
    endloop
  endfacet
  facet normal -3.123659e-03 2.902833e-01 9.569357e-01
    outer loop
      vertex   -8.086119e+00 3.419431e+00 5.086119e+00
      vertex   -5.003036e+00 3.234634e+00 5.152241e+00
      vertex   -5.003036e+00 3.609820e+00 5.038429e+00
    endloop
  endfacet
  facet normal -2.504138e-16 2.429802e-01 9.700313e-01
    outer loop
      vertex   -8.086119e+00 3.419431e+00 5.086119e+00
      vertex   -5.003036e+00 3.609820e+00 5.038429e+00
      vertex   -8.038430e+00 3.609820e+00 5.038429e+00
    endloop
  endfacet
  facet normal -1.502705e-16 1.467305e-01 9.891765e-01
    outer loop
      vertex   -8.038430e+00 3.609820e+00 5.038429e+00
      vertex   -5.003036e+00 3.609820e+00 5.038429e+00
      vertex   -8.009631e+00 3.803966e+00 5.009631e+00
    endloop
  endfacet
  facet normal -3.203125e-03 9.801664e-02 9.951796e-01
    outer loop
      vertex   -8.009631e+00 3.803966e+00 5.009631e+00
      vertex   -5.003036e+00 3.609820e+00 5.038429e+00
      vertex   -5.003036e+00 4.000000e+00 5.000000e+00
    endloop
  endfacet
  facet normal -5.787659e-17 4.906767e-02 9.987955e-01
    outer loop
      vertex   -8.009631e+00 3.803966e+00 5.009631e+00
      vertex   -5.003036e+00 4.000000e+00 5.000000e+00
      vertex   -8.000000e+00 4.000000e+00 5.000000e+00
    endloop
  endfacet
  facet normal -1.000000e+00 0.000000e+00 0.000000e+00
    outer loop
      vertex   -8.000000e+00 4.000000e+00 5.000000e+00
      vertex   -8.000000e+00 2.750000e+01 5.000000e+00
      vertex   -8.000000e+00 1.300000e+01 1.000000e+00
    endloop
  endfacet
  facet normal -1.000000e+00 0.000000e+00 0.000000e+00
    outer loop
      vertex   -8.000000e+00 1.300000e+01 1.000000e+00
      vertex   -8.000000e+00 2.750000e+01 5.000000e+00
      vertex   -8.000000e+00 2.750000e+01 0.000000e+00
    endloop
  endfacet
  facet normal -1.000000e+00 0.000000e+00 0.000000e+00
    outer loop
      vertex   -8.000000e+00 1.300000e+01 1.000000e+00
      vertex   -8.000000e+00 2.750000e+01 0.000000e+00
      vertex   -8.000000e+00 1.300000e+01 0.000000e+00
    endloop
  endfacet
  facet normal -1.000000e+00 0.000000e+00 0.000000e+00
    outer loop
      vertex   -8.000000e+00 1.300000e+01 1.000000e+00
      vertex   -8.000000e+00 4.000000e+00 1.000000e+00
      vertex   -8.000000e+00 4.000000e+00 5.000000e+00
    endloop
  endfacet
  facet normal 0.000000e+00 1.000000e+00 0.000000e+00
    outer loop
      vertex   -1.587757e+01 2.000000e+00 7.248624e+00
      vertex   -1.587757e+01 2.000000e+00 5.950005e+00
      vertex   -1.699792e+01 2.000000e+00 6.596988e+00
    endloop
  endfacet
  facet normal 0.000000e+00 1.000000e+00 0.000000e+00
    outer loop
      vertex   -1.699792e+01 2.000000e+00 6.596988e+00
      vertex   -1.587757e+01 2.000000e+00 5.950005e+00
      vertex   -1.699792e+01 2.000000e+00 5.303022e+00
    endloop
  endfacet
  facet normal -9.989931e-01 0.000000e+00 4.486483e-02
    outer loop
      vertex   -2.600304e+01 2.000000e+00 2.150000e+01
      vertex   -2.600304e+01 -5.000000e+00 2.150000e+01
      vertex   -2.596077e+01 2.000000e+00 2.244121e+01
    endloop
  endfacet
  facet normal -9.989931e-01 0.000000e+00 4.486483e-02
    outer loop
      vertex   -2.596077e+01 2.000000e+00 2.244121e+01
      vertex   -2.600304e+01 -5.000000e+00 2.150000e+01
      vertex   -2.596077e+01 -5.000000e+00 2.244121e+01
    endloop
  endfacet
  facet normal -9.909498e-01 0.000000e+00 1.342333e-01
    outer loop
      vertex   -2.596077e+01 2.000000e+00 2.244121e+01
      vertex   -2.596077e+01 -5.000000e+00 2.244121e+01
      vertex   -2.583430e+01 -5.000000e+00 2.337485e+01
    endloop
  endfacet
  facet normal -9.909498e-01 0.000000e+00 1.342333e-01
    outer loop
      vertex   -2.596077e+01 2.000000e+00 2.244121e+01
      vertex   -2.583430e+01 -5.000000e+00 2.337485e+01
      vertex   -2.583430e+01 2.000000e+00 2.337485e+01
    endloop
  endfacet
  facet normal -9.749279e-01 0.000000e+00 2.225209e-01
    outer loop
      vertex   -2.583430e+01 2.000000e+00 2.337485e+01
      vertex   -2.583430e+01 -5.000000e+00 2.337485e+01
      vertex   -2.562465e+01 -5.000000e+00 2.429339e+01
    endloop
  endfacet
  facet normal -9.749279e-01 0.000000e+00 2.225209e-01
    outer loop
      vertex   -2.583430e+01 2.000000e+00 2.337485e+01
      vertex   -2.562465e+01 -5.000000e+00 2.429339e+01
      vertex   -2.562465e+01 2.000000e+00 2.429339e+01
    endloop
  endfacet
  facet normal -9.510565e-01 0.000000e+00 3.090170e-01
    outer loop
      vertex   -2.562465e+01 2.000000e+00 2.429339e+01
      vertex   -2.562465e+01 -5.000000e+00 2.429339e+01
      vertex   -2.533350e+01 -5.000000e+00 2.518944e+01
    endloop
  endfacet
  facet normal -9.510565e-01 0.000000e+00 3.090170e-01
    outer loop
      vertex   -2.562465e+01 2.000000e+00 2.429339e+01
      vertex   -2.533350e+01 -5.000000e+00 2.518944e+01
      vertex   -2.533350e+01 2.000000e+00 2.518944e+01
    endloop
  endfacet
  facet normal -9.195278e-01 0.000000e+00 3.930250e-01
    outer loop
      vertex   -2.533350e+01 2.000000e+00 2.518944e+01
      vertex   -2.533350e+01 -5.000000e+00 2.518944e+01
      vertex   -2.496321e+01 -5.000000e+00 2.605578e+01
    endloop
  endfacet
  facet normal -9.195278e-01 0.000000e+00 3.930250e-01
    outer loop
      vertex   -2.533350e+01 2.000000e+00 2.518944e+01
      vertex   -2.496321e+01 -5.000000e+00 2.605578e+01
      vertex   -2.496321e+01 2.000000e+00 2.605578e+01
    endloop
  endfacet
  facet normal -8.805955e-01 0.000000e+00 4.738687e-01
    outer loop
      vertex   -2.496321e+01 2.000000e+00 2.605578e+01
      vertex   -2.496321e+01 -5.000000e+00 2.605578e+01
      vertex   -2.451675e+01 -5.000000e+00 2.688544e+01
    endloop
  endfacet
  facet normal -8.805955e-01 0.000000e+00 4.738687e-01
    outer loop
      vertex   -2.496321e+01 2.000000e+00 2.605578e+01
      vertex   -2.451675e+01 -5.000000e+00 2.688544e+01
      vertex   -2.451675e+01 2.000000e+00 2.688544e+01
    endloop
  endfacet
  facet normal -8.345733e-01 0.000000e+00 5.508970e-01
    outer loop
      vertex   -2.451675e+01 2.000000e+00 2.688544e+01
      vertex   -2.451675e+01 -5.000000e+00 2.688544e+01
      vertex   -2.399771e+01 -5.000000e+00 2.767175e+01
    endloop
  endfacet
  facet normal -8.345733e-01 0.000000e+00 5.508970e-01
    outer loop
      vertex   -2.451675e+01 2.000000e+00 2.688544e+01
      vertex   -2.399771e+01 -5.000000e+00 2.767175e+01
      vertex   -2.399771e+01 2.000000e+00 2.767175e+01
    endloop
  endfacet
  facet normal -7.818315e-01 0.000000e+00 6.234898e-01
    outer loop
      vertex   -2.399771e+01 2.000000e+00 2.767175e+01
      vertex   -2.399771e+01 -5.000000e+00 2.767175e+01
      vertex   -2.341029e+01 -5.000000e+00 2.840836e+01
    endloop
  endfacet
  facet normal -7.818315e-01 0.000000e+00 6.234898e-01
    outer loop
      vertex   -2.399771e+01 2.000000e+00 2.767175e+01
      vertex   -2.341029e+01 -5.000000e+00 2.840836e+01
      vertex   -2.341029e+01 2.000000e+00 2.840836e+01
    endloop
  endfacet
  facet normal -7.227949e-01 0.000000e+00 6.910626e-01
    outer loop
      vertex   -2.341029e+01 2.000000e+00 2.840836e+01
      vertex   -2.341029e+01 -5.000000e+00 2.840836e+01
      vertex   -2.275919e+01 -5.000000e+00 2.908935e+01
    endloop
  endfacet
  facet normal -7.227949e-01 0.000000e+00 6.910626e-01
    outer loop
      vertex   -2.341029e+01 2.000000e+00 2.840836e+01
      vertex   -2.275919e+01 -5.000000e+00 2.908935e+01
      vertex   -2.275919e+01 2.000000e+00 2.908935e+01
    endloop
  endfacet
  facet normal -6.579387e-01 0.000000e+00 7.530715e-01
    outer loop
      vertex   -2.275919e+01 2.000000e+00 2.908935e+01
      vertex   -2.275919e+01 -5.000000e+00 2.908935e+01
      vertex   -2.204968e+01 -5.000000e+00 2.970923e+01
    endloop
  endfacet
  facet normal -6.579387e-01 0.000000e+00 7.530715e-01
    outer loop
      vertex   -2.275919e+01 2.000000e+00 2.908935e+01
      vertex   -2.204968e+01 -5.000000e+00 2.970923e+01
      vertex   -2.204968e+01 2.000000e+00 2.970923e+01
    endloop
  endfacet
  facet normal -5.877853e-01 0.000000e+00 8.090170e-01
    outer loop
      vertex   -2.204968e+01 2.000000e+00 2.970923e+01
      vertex   -2.204968e+01 -5.000000e+00 2.970923e+01
      vertex   -2.128745e+01 -5.000000e+00 3.026302e+01
    endloop
  endfacet
  facet normal -5.877853e-01 0.000000e+00 8.090170e-01
    outer loop
      vertex   -2.204968e+01 2.000000e+00 2.970923e+01
      vertex   -2.128745e+01 -5.000000e+00 3.026302e+01
      vertex   -2.128745e+01 2.000000e+00 3.026302e+01
    endloop
  endfacet
  facet normal -5.128993e-01 0.000000e+00 8.584488e-01
    outer loop
      vertex   -2.128745e+01 2.000000e+00 3.026302e+01
      vertex   -2.128745e+01 -5.000000e+00 3.026302e+01
      vertex   -2.047866e+01 -5.000000e+00 3.074625e+01
    endloop
  endfacet
  facet normal -5.128993e-01 0.000000e+00 8.584488e-01
    outer loop
      vertex   -2.128745e+01 2.000000e+00 3.026302e+01
      vertex   -2.047866e+01 -5.000000e+00 3.074625e+01
      vertex   -2.047866e+01 2.000000e+00 3.074625e+01
    endloop
  endfacet
  facet normal -4.338837e-01 0.000000e+00 9.009689e-01
    outer loop
      vertex   -2.047866e+01 2.000000e+00 3.074625e+01
      vertex   -2.047866e+01 -5.000000e+00 3.074625e+01
      vertex   -1.962980e+01 -5.000000e+00 3.115504e+01
    endloop
  endfacet
  facet normal -4.338837e-01 0.000000e+00 9.009689e-01
    outer loop
      vertex   -2.047866e+01 2.000000e+00 3.074625e+01
      vertex   -1.962980e+01 -5.000000e+00 3.115504e+01
      vertex   -1.962980e+01 2.000000e+00 3.115504e+01
    endloop
  endfacet
  facet normal -3.513748e-01 0.000000e+00 9.362349e-01
    outer loop
      vertex   -1.962980e+01 2.000000e+00 3.115504e+01
      vertex   -1.962980e+01 -5.000000e+00 3.115504e+01
      vertex   -1.874771e+01 -5.000000e+00 3.148609e+01
    endloop
  endfacet
  facet normal -3.513748e-01 0.000000e+00 9.362349e-01
    outer loop
      vertex   -1.962980e+01 2.000000e+00 3.115504e+01
      vertex   -1.874771e+01 -5.000000e+00 3.148609e+01
      vertex   -1.874771e+01 2.000000e+00 3.148609e+01
    endloop
  endfacet
  facet normal -2.660368e-01 0.000000e+00 9.639629e-01
    outer loop
      vertex   -1.874771e+01 2.000000e+00 3.148609e+01
      vertex   -1.874771e+01 -5.000000e+00 3.148609e+01
      vertex   -1.783951e+01 -5.000000e+00 3.173674e+01
    endloop
  endfacet
  facet normal -2.660368e-01 0.000000e+00 9.639629e-01
    outer loop
      vertex   -1.874771e+01 2.000000e+00 3.148609e+01
      vertex   -1.783951e+01 -5.000000e+00 3.173674e+01
      vertex   -1.783951e+01 2.000000e+00 3.173674e+01
    endloop
  endfacet
  facet normal -1.785569e-01 0.000000e+00 9.839296e-01
    outer loop
      vertex   -1.783951e+01 2.000000e+00 3.173674e+01
      vertex   -1.783951e+01 -5.000000e+00 3.173674e+01
      vertex   -1.691249e+01 -5.000000e+00 3.190497e+01
    endloop
  endfacet
  facet normal -1.785569e-01 0.000000e+00 9.839296e-01
    outer loop
      vertex   -1.783951e+01 2.000000e+00 3.173674e+01
      vertex   -1.691249e+01 -5.000000e+00 3.190497e+01
      vertex   -1.691249e+01 2.000000e+00 3.190497e+01
    endloop
  endfacet
  facet normal -8.963931e-02 0.000000e+00 9.959743e-01
    outer loop
      vertex   -1.691249e+01 2.000000e+00 3.190497e+01
      vertex   -1.691249e+01 -5.000000e+00 3.190497e+01
      vertex   -1.597412e+01 -5.000000e+00 3.198943e+01
    endloop
  endfacet
  facet normal -8.963931e-02 0.000000e+00 9.959743e-01
    outer loop
      vertex   -1.691249e+01 2.000000e+00 3.190497e+01
      vertex   -1.597412e+01 -5.000000e+00 3.198943e+01
      vertex   -1.597412e+01 2.000000e+00 3.198943e+01
    endloop
  endfacet
  facet normal 3.770812e-15 0.000000e+00 1.000000e+00
    outer loop
      vertex   -1.597412e+01 2.000000e+00 3.198943e+01
      vertex   -1.597412e+01 -5.000000e+00 3.198943e+01
      vertex   -1.503196e+01 -5.000000e+00 3.198943e+01
    endloop
  endfacet
  facet normal 3.770812e-15 0.000000e+00 1.000000e+00
    outer loop
      vertex   -1.597412e+01 2.000000e+00 3.198943e+01
      vertex   -1.503196e+01 -5.000000e+00 3.198943e+01
      vertex   -1.503196e+01 2.000000e+00 3.198943e+01
    endloop
  endfacet
  facet normal 8.963931e-02 0.000000e+00 9.959743e-01
    outer loop
      vertex   -1.503196e+01 2.000000e+00 3.198943e+01
      vertex   -1.503196e+01 -5.000000e+00 3.198943e+01
      vertex   -1.409359e+01 -5.000000e+00 3.190497e+01
    endloop
  endfacet
  facet normal 8.963931e-02 0.000000e+00 9.959743e-01
    outer loop
      vertex   -1.503196e+01 2.000000e+00 3.198943e+01
      vertex   -1.409359e+01 -5.000000e+00 3.190497e+01
      vertex   -1.409359e+01 2.000000e+00 3.190497e+01
    endloop
  endfacet
  facet normal 1.785569e-01 0.000000e+00 9.839296e-01
    outer loop
      vertex   -1.409359e+01 2.000000e+00 3.190497e+01
      vertex   -1.409359e+01 -5.000000e+00 3.190497e+01
      vertex   -1.316657e+01 -5.000000e+00 3.173674e+01
    endloop
  endfacet
  facet normal 1.785569e-01 0.000000e+00 9.839296e-01
    outer loop
      vertex   -1.409359e+01 2.000000e+00 3.190497e+01
      vertex   -1.316657e+01 -5.000000e+00 3.173674e+01
      vertex   -1.316657e+01 2.000000e+00 3.173674e+01
    endloop
  endfacet
  facet normal 2.660368e-01 0.000000e+00 9.639629e-01
    outer loop
      vertex   -1.316657e+01 2.000000e+00 3.173674e+01
      vertex   -1.316657e+01 -5.000000e+00 3.173674e+01
      vertex   -1.225836e+01 -5.000000e+00 3.148609e+01
    endloop
  endfacet
  facet normal 2.660368e-01 0.000000e+00 9.639629e-01
    outer loop
      vertex   -1.316657e+01 2.000000e+00 3.173674e+01
      vertex   -1.225836e+01 -5.000000e+00 3.148609e+01
      vertex   -1.225836e+01 2.000000e+00 3.148609e+01
    endloop
  endfacet
  facet normal 3.513748e-01 0.000000e+00 9.362349e-01
    outer loop
      vertex   -1.225836e+01 2.000000e+00 3.148609e+01
      vertex   -1.225836e+01 -5.000000e+00 3.148609e+01
      vertex   -1.137627e+01 -5.000000e+00 3.115504e+01
    endloop
  endfacet
  facet normal 3.513748e-01 0.000000e+00 9.362349e-01
    outer loop
      vertex   -1.225836e+01 2.000000e+00 3.148609e+01
      vertex   -1.137627e+01 -5.000000e+00 3.115504e+01
      vertex   -1.137627e+01 2.000000e+00 3.115504e+01
    endloop
  endfacet
  facet normal 4.338837e-01 0.000000e+00 9.009689e-01
    outer loop
      vertex   -1.137627e+01 2.000000e+00 3.115504e+01
      vertex   -1.137627e+01 -5.000000e+00 3.115504e+01
      vertex   -1.052742e+01 -5.000000e+00 3.074625e+01
    endloop
  endfacet
  facet normal 4.338837e-01 0.000000e+00 9.009689e-01
    outer loop
      vertex   -1.137627e+01 2.000000e+00 3.115504e+01
      vertex   -1.052742e+01 -5.000000e+00 3.074625e+01
      vertex   -1.052742e+01 2.000000e+00 3.074625e+01
    endloop
  endfacet
  facet normal 5.128993e-01 0.000000e+00 8.584488e-01
    outer loop
      vertex   -1.052742e+01 2.000000e+00 3.074625e+01
      vertex   -1.052742e+01 -5.000000e+00 3.074625e+01
      vertex   -9.718618e+00 -5.000000e+00 3.026302e+01
    endloop
  endfacet
  facet normal 5.128993e-01 0.000000e+00 8.584488e-01
    outer loop
      vertex   -1.052742e+01 2.000000e+00 3.074625e+01
      vertex   -9.718618e+00 -5.000000e+00 3.026302e+01
      vertex   -9.718618e+00 2.000000e+00 3.026302e+01
    endloop
  endfacet
  facet normal 5.877853e-01 0.000000e+00 8.090170e-01
    outer loop
      vertex   -9.718618e+00 2.000000e+00 3.026302e+01
      vertex   -9.718618e+00 -5.000000e+00 3.026302e+01
      vertex   -8.956393e+00 -5.000000e+00 2.970923e+01
    endloop
  endfacet
  facet normal 5.877853e-01 0.000000e+00 8.090170e-01
    outer loop
      vertex   -9.718618e+00 2.000000e+00 3.026302e+01
      vertex   -8.956393e+00 -5.000000e+00 2.970923e+01
      vertex   -8.956393e+00 2.000000e+00 2.970923e+01
    endloop
  endfacet
  facet normal 6.579387e-01 0.000000e+00 7.530715e-01
    outer loop
      vertex   -8.956393e+00 2.000000e+00 2.970923e+01
      vertex   -8.956393e+00 -5.000000e+00 2.970923e+01
      vertex   -8.246879e+00 -5.000000e+00 2.908935e+01
    endloop
  endfacet
  facet normal 6.579387e-01 0.000000e+00 7.530715e-01
    outer loop
      vertex   -8.956393e+00 2.000000e+00 2.970923e+01
      vertex   -8.246879e+00 -5.000000e+00 2.908935e+01
      vertex   -8.246879e+00 2.000000e+00 2.908935e+01
    endloop
  endfacet
  facet normal 7.227949e-01 0.000000e+00 6.910626e-01
    outer loop
      vertex   -8.246879e+00 2.000000e+00 2.908935e+01
      vertex   -8.246879e+00 -5.000000e+00 2.908935e+01
      vertex   -7.595786e+00 -5.000000e+00 2.840836e+01
    endloop
  endfacet
  facet normal 7.227949e-01 0.000000e+00 6.910626e-01
    outer loop
      vertex   -8.246879e+00 2.000000e+00 2.908935e+01
      vertex   -7.595786e+00 -5.000000e+00 2.840836e+01
      vertex   -7.595786e+00 2.000000e+00 2.840836e+01
    endloop
  endfacet
  facet normal 7.818315e-01 0.000000e+00 6.234898e-01
    outer loop
      vertex   -7.595786e+00 2.000000e+00 2.840836e+01
      vertex   -7.595786e+00 -5.000000e+00 2.840836e+01
      vertex   -7.008358e+00 -5.000000e+00 2.767175e+01
    endloop
  endfacet
  facet normal 7.818315e-01 0.000000e+00 6.234898e-01
    outer loop
      vertex   -7.595786e+00 2.000000e+00 2.840836e+01
      vertex   -7.008358e+00 -5.000000e+00 2.767175e+01
      vertex   -7.008358e+00 2.000000e+00 2.767175e+01
    endloop
  endfacet
  facet normal 8.345733e-01 0.000000e+00 5.508970e-01
    outer loop
      vertex   -7.008358e+00 2.000000e+00 2.767175e+01
      vertex   -7.008358e+00 -5.000000e+00 2.767175e+01
      vertex   -6.489324e+00 -5.000000e+00 2.688544e+01
    endloop
  endfacet
  facet normal 8.345733e-01 0.000000e+00 5.508970e-01
    outer loop
      vertex   -7.008358e+00 2.000000e+00 2.767175e+01
      vertex   -6.489324e+00 -5.000000e+00 2.688544e+01
      vertex   -6.489324e+00 2.000000e+00 2.688544e+01
    endloop
  endfacet
  facet normal 8.805955e-01 0.000000e+00 4.738687e-01
    outer loop
      vertex   -6.489324e+00 2.000000e+00 2.688544e+01
      vertex   -6.489324e+00 -5.000000e+00 2.688544e+01
      vertex   -6.042863e+00 -5.000000e+00 2.605578e+01
    endloop
  endfacet
  facet normal 8.805955e-01 0.000000e+00 4.738687e-01
    outer loop
      vertex   -6.489324e+00 2.000000e+00 2.688544e+01
      vertex   -6.042863e+00 -5.000000e+00 2.605578e+01
      vertex   -6.042863e+00 2.000000e+00 2.605578e+01
    endloop
  endfacet
  facet normal 9.195278e-01 0.000000e+00 3.930250e-01
    outer loop
      vertex   -6.042863e+00 2.000000e+00 2.605578e+01
      vertex   -6.042863e+00 -5.000000e+00 2.605578e+01
      vertex   -5.672570e+00 -5.000000e+00 2.518944e+01
    endloop
  endfacet
  facet normal 9.195278e-01 0.000000e+00 3.930250e-01
    outer loop
      vertex   -6.042863e+00 2.000000e+00 2.605578e+01
      vertex   -5.672570e+00 -5.000000e+00 2.518944e+01
      vertex   -5.672570e+00 2.000000e+00 2.518944e+01
    endloop
  endfacet
  facet normal 9.510565e-01 0.000000e+00 3.090170e-01
    outer loop
      vertex   -5.672570e+00 2.000000e+00 2.518944e+01
      vertex   -5.672570e+00 -5.000000e+00 2.518944e+01
      vertex   -5.381426e+00 -5.000000e+00 2.429339e+01
    endloop
  endfacet
  facet normal 9.510565e-01 0.000000e+00 3.090170e-01
    outer loop
      vertex   -5.672570e+00 2.000000e+00 2.518944e+01
      vertex   -5.381426e+00 -5.000000e+00 2.429339e+01
      vertex   -5.381426e+00 2.000000e+00 2.429339e+01
    endloop
  endfacet
  facet normal 9.749279e-01 0.000000e+00 2.225209e-01
    outer loop
      vertex   -5.381426e+00 2.000000e+00 2.429339e+01
      vertex   -5.381426e+00 -5.000000e+00 2.429339e+01
      vertex   -5.171776e+00 -5.000000e+00 2.337485e+01
    endloop
  endfacet
  facet normal 9.749279e-01 0.000000e+00 2.225209e-01
    outer loop
      vertex   -5.381426e+00 2.000000e+00 2.429339e+01
      vertex   -5.171776e+00 -5.000000e+00 2.337485e+01
      vertex   -5.171776e+00 2.000000e+00 2.337485e+01
    endloop
  endfacet
  facet normal 9.909498e-01 0.000000e+00 1.342333e-01
    outer loop
      vertex   -5.171776e+00 2.000000e+00 2.337485e+01
      vertex   -5.171776e+00 -5.000000e+00 2.337485e+01
      vertex   -5.045306e+00 -5.000000e+00 2.244121e+01
    endloop
  endfacet
  facet normal 9.909498e-01 0.000000e+00 1.342333e-01
    outer loop
      vertex   -5.171776e+00 2.000000e+00 2.337485e+01
      vertex   -5.045306e+00 -5.000000e+00 2.244121e+01
      vertex   -5.045306e+00 2.000000e+00 2.244121e+01
    endloop
  endfacet
  facet normal 9.989931e-01 0.000000e+00 4.486483e-02
    outer loop
      vertex   -5.045306e+00 2.000000e+00 2.244121e+01
      vertex   -5.045306e+00 -5.000000e+00 2.244121e+01
      vertex   -5.003036e+00 2.000000e+00 2.150000e+01
    endloop
  endfacet
  facet normal 9.989931e-01 1.267549e-16 4.486483e-02
    outer loop
      vertex   -5.003036e+00 2.000000e+00 2.150000e+01
      vertex   -5.045306e+00 -5.000000e+00 2.244121e+01
      vertex   -5.003036e+00 -5.000000e+00 2.150000e+01
    endloop
  endfacet
  facet normal 0.000000e+00 0.000000e+00 -1.000000e+00
    outer loop
      vertex   -8.000000e+00 1.300000e+01 1.000000e+00
      vertex   -3.000000e+00 1.300000e+01 1.000000e+00
      vertex   -8.000000e+00 4.000000e+00 1.000000e+00
    endloop
  endfacet
  facet normal 0.000000e+00 0.000000e+00 -1.000000e+00
    outer loop
      vertex   -8.000000e+00 4.000000e+00 1.000000e+00
      vertex   -3.000000e+00 1.300000e+01 1.000000e+00
      vertex   -3.000000e+00 2.000000e+00 1.000000e+00
    endloop
  endfacet
  facet normal 0.000000e+00 -0.000000e+00 -1.000000e+00
    outer loop
      vertex   -8.000000e+00 4.000000e+00 1.000000e+00
      vertex   -3.000000e+00 2.000000e+00 1.000000e+00
      vertex   -8.038430e+00 3.609820e+00 1.000000e+00
    endloop
  endfacet
  facet normal 0.000000e+00 -0.000000e+00 -1.000000e+00
    outer loop
      vertex   -8.038430e+00 3.609820e+00 1.000000e+00
      vertex   -3.000000e+00 2.000000e+00 1.000000e+00
      vertex   -8.152241e+00 3.234634e+00 1.000000e+00
    endloop
  endfacet
  facet normal 0.000000e+00 -0.000000e+00 -1.000000e+00
    outer loop
      vertex   -8.152241e+00 3.234634e+00 1.000000e+00
      vertex   -3.000000e+00 2.000000e+00 1.000000e+00
      vertex   -8.337061e+00 2.888860e+00 1.000000e+00
    endloop
  endfacet
  facet normal 0.000000e+00 -0.000000e+00 -1.000000e+00
    outer loop
      vertex   -8.337061e+00 2.888860e+00 1.000000e+00
      vertex   -3.000000e+00 2.000000e+00 1.000000e+00
      vertex   -8.585787e+00 2.585787e+00 1.000000e+00
    endloop
  endfacet
  facet normal 0.000000e+00 -0.000000e+00 -1.000000e+00
    outer loop
      vertex   -8.585787e+00 2.585787e+00 1.000000e+00
      vertex   -3.000000e+00 2.000000e+00 1.000000e+00
      vertex   -8.888860e+00 2.337061e+00 1.000000e+00
    endloop
  endfacet
  facet normal 0.000000e+00 -0.000000e+00 -1.000000e+00
    outer loop
      vertex   -8.888860e+00 2.337061e+00 1.000000e+00
      vertex   -3.000000e+00 2.000000e+00 1.000000e+00
      vertex   -9.234633e+00 2.152241e+00 1.000000e+00
    endloop
  endfacet
  facet normal 0.000000e+00 -0.000000e+00 -1.000000e+00
    outer loop
      vertex   -9.234633e+00 2.152241e+00 1.000000e+00
      vertex   -3.000000e+00 2.000000e+00 1.000000e+00
      vertex   -9.609819e+00 2.038430e+00 1.000000e+00
    endloop
  endfacet
  facet normal 0.000000e+00 -0.000000e+00 -1.000000e+00
    outer loop
      vertex   -9.609819e+00 2.038430e+00 1.000000e+00
      vertex   -3.000000e+00 2.000000e+00 1.000000e+00
      vertex   -1.000000e+01 2.000000e+00 1.000000e+00
    endloop
  endfacet
  facet normal 0.000000e+00 -1.000000e+00 0.000000e+00
    outer loop
      vertex   -8.000000e+00 1.300000e+01 0.000000e+00
      vertex   -3.000000e+00 1.300000e+01 0.000000e+00
      vertex   -8.000000e+00 1.300000e+01 1.000000e+00
    endloop
  endfacet
  facet normal 0.000000e+00 -1.000000e+00 0.000000e+00
    outer loop
      vertex   -8.000000e+00 1.300000e+01 1.000000e+00
      vertex   -3.000000e+00 1.300000e+01 0.000000e+00
      vertex   -3.000000e+00 1.300000e+01 1.000000e+00
    endloop
  endfacet
  facet normal -1.000000e+00 0.000000e+00 0.000000e+00
    outer loop
      vertex   -3.000000e+00 1.300000e+01 0.000000e+00
      vertex   -3.000000e+00 2.000000e+00 0.000000e+00
      vertex   -3.000000e+00 1.300000e+01 1.000000e+00
    endloop
  endfacet
  facet normal -1.000000e+00 -0.000000e+00 0.000000e+00
    outer loop
      vertex   -3.000000e+00 1.300000e+01 1.000000e+00
      vertex   -3.000000e+00 2.000000e+00 0.000000e+00
      vertex   -3.000000e+00 2.000000e+00 1.000000e+00
    endloop
  endfacet
  facet normal -1.000000e+00 0.000000e+00 0.000000e+00
    outer loop
      vertex   -3.000000e+00 -5.000000e+00 0.000000e+00
      vertex   -3.000000e+00 -1.700000e+01 0.000000e+00
      vertex   -3.000000e+00 -5.000000e+00 1.000000e+00
    endloop
  endfacet
  facet normal -1.000000e+00 -0.000000e+00 0.000000e+00
    outer loop
      vertex   -3.000000e+00 -5.000000e+00 1.000000e+00
      vertex   -3.000000e+00 -1.700000e+01 0.000000e+00
      vertex   -3.000000e+00 -1.700000e+01 1.000000e+00
    endloop
  endfacet
  facet normal 0.000000e+00 -0.000000e+00 -1.000000e+00
    outer loop
      vertex   -9.927170e+00 -1.694725e+01 1.000000e+00
      vertex   -9.893163e+00 -1.689820e+01 1.000000e+00
      vertex   -9.955090e+00 -1.700000e+01 1.000000e+00
    endloop
  endfacet
  facet normal 0.000000e+00 0.000000e+00 -1.000000e+00
    outer loop
      vertex   -9.955090e+00 -1.700000e+01 1.000000e+00
      vertex   -9.893163e+00 -1.689820e+01 1.000000e+00
      vertex   -9.853554e+00 -1.685355e+01 1.000000e+00
    endloop
  endfacet
  facet normal 0.000000e+00 0.000000e+00 -1.000000e+00
    outer loop
      vertex   -9.955090e+00 -1.700000e+01 1.000000e+00
      vertex   -9.853554e+00 -1.685355e+01 1.000000e+00
      vertex   -3.000000e+00 -1.700000e+01 1.000000e+00
    endloop
  endfacet
  facet normal 0.000000e+00 0.000000e+00 -1.000000e+00
    outer loop
      vertex   -3.000000e+00 -1.700000e+01 1.000000e+00
      vertex   -9.853554e+00 -1.685355e+01 1.000000e+00
      vertex   -8.146447e+00 -1.514645e+01 1.000000e+00
    endloop
  endfacet
  facet normal 0.000000e+00 0.000000e+00 -1.000000e+00
    outer loop
      vertex   -3.000000e+00 -1.700000e+01 1.000000e+00
      vertex   -8.146447e+00 -1.514645e+01 1.000000e+00
      vertex   -8.066987e+00 -1.504289e+01 1.000000e+00
    endloop
  endfacet
  facet normal 0.000000e+00 0.000000e+00 -1.000000e+00
    outer loop
      vertex   -8.066987e+00 -1.504289e+01 1.000000e+00
      vertex   -8.017037e+00 -1.492230e+01 1.000000e+00
      vertex   -3.000000e+00 -1.700000e+01 1.000000e+00
    endloop
  endfacet
  facet normal 0.000000e+00 0.000000e+00 -1.000000e+00
    outer loop
      vertex   -3.000000e+00 -1.700000e+01 1.000000e+00
      vertex   -8.017037e+00 -1.492230e+01 1.000000e+00
      vertex   -8.000000e+00 -1.479289e+01 1.000000e+00
    endloop
  endfacet
  facet normal 0.000000e+00 0.000000e+00 -1.000000e+00
    outer loop
      vertex   -3.000000e+00 -1.700000e+01 1.000000e+00
      vertex   -8.000000e+00 -1.479289e+01 1.000000e+00
      vertex   -3.000000e+00 -5.000000e+00 1.000000e+00
    endloop
  endfacet
  facet normal 0.000000e+00 0.000000e+00 -1.000000e+00
    outer loop
      vertex   -3.000000e+00 -5.000000e+00 1.000000e+00
      vertex   -8.000000e+00 -1.479289e+01 1.000000e+00
      vertex   -8.000000e+00 -7.000000e+00 1.000000e+00
    endloop
  endfacet
  facet normal 0.000000e+00 0.000000e+00 -1.000000e+00
    outer loop
      vertex   -3.000000e+00 -5.000000e+00 1.000000e+00
      vertex   -8.000000e+00 -7.000000e+00 1.000000e+00
      vertex   -8.038430e+00 -6.609819e+00 1.000000e+00
    endloop
  endfacet
  facet normal 0.000000e+00 0.000000e+00 -1.000000e+00
    outer loop
      vertex   -8.038430e+00 -6.609819e+00 1.000000e+00
      vertex   -8.152241e+00 -6.234633e+00 1.000000e+00
      vertex   -3.000000e+00 -5.000000e+00 1.000000e+00
    endloop
  endfacet
  facet normal 0.000000e+00 0.000000e+00 -1.000000e+00
    outer loop
      vertex   -3.000000e+00 -5.000000e+00 1.000000e+00
      vertex   -8.152241e+00 -6.234633e+00 1.000000e+00
      vertex   -8.337061e+00 -5.888859e+00 1.000000e+00
    endloop
  endfacet
  facet normal 0.000000e+00 0.000000e+00 -1.000000e+00
    outer loop
      vertex   -3.000000e+00 -5.000000e+00 1.000000e+00
      vertex   -8.337061e+00 -5.888859e+00 1.000000e+00
      vertex   -8.585787e+00 -5.585786e+00 1.000000e+00
    endloop
  endfacet
  facet normal 0.000000e+00 0.000000e+00 -1.000000e+00
    outer loop
      vertex   -8.585787e+00 -5.585786e+00 1.000000e+00
      vertex   -8.888860e+00 -5.337060e+00 1.000000e+00
      vertex   -3.000000e+00 -5.000000e+00 1.000000e+00
    endloop
  endfacet
  facet normal 0.000000e+00 0.000000e+00 -1.000000e+00
    outer loop
      vertex   -3.000000e+00 -5.000000e+00 1.000000e+00
      vertex   -8.888860e+00 -5.337060e+00 1.000000e+00
      vertex   -9.234633e+00 -5.152241e+00 1.000000e+00
    endloop
  endfacet
  facet normal 0.000000e+00 0.000000e+00 -1.000000e+00
    outer loop
      vertex   -3.000000e+00 -5.000000e+00 1.000000e+00
      vertex   -9.234633e+00 -5.152241e+00 1.000000e+00
      vertex   -9.609819e+00 -5.038429e+00 1.000000e+00
    endloop
  endfacet
  facet normal 0.000000e+00 0.000000e+00 -1.000000e+00
    outer loop
      vertex   -9.609819e+00 -5.038429e+00 1.000000e+00
      vertex   -1.000000e+01 -5.000000e+00 1.000000e+00
      vertex   -3.000000e+00 -5.000000e+00 1.000000e+00
    endloop
  endfacet
  facet normal 1.000000e+00 1.268826e-16 -1.225074e-16
    outer loop
      vertex   -5.003036e+00 2.000000e+00 2.150000e+01
      vertex   -5.003036e+00 -5.000000e+00 2.150000e+01
      vertex   -5.003036e+00 2.000000e+00 7.000000e+00
    endloop
  endfacet
  facet normal 1.000000e+00 0.000000e+00 -1.837611e-16
    outer loop
      vertex   -5.003036e+00 2.000000e+00 7.000000e+00
      vertex   -5.003036e+00 -5.000000e+00 2.150000e+01
      vertex   -5.003036e+00 -5.000000e+00 7.000000e+00
    endloop
  endfacet
  facet normal 1.000000e+00 0.000000e+00 0.000000e+00
    outer loop
      vertex   -5.003036e+00 2.000000e+00 7.000000e+00
      vertex   -5.003036e+00 -5.000000e+00 7.000000e+00
      vertex   -5.003036e+00 2.038430e+00 6.609819e+00
    endloop
  endfacet
  facet normal 1.000000e+00 0.000000e+00 0.000000e+00
    outer loop
      vertex   -5.003036e+00 2.038430e+00 6.609819e+00
      vertex   -5.003036e+00 -5.000000e+00 7.000000e+00
      vertex   -5.003036e+00 -5.038429e+00 6.609819e+00
    endloop
  endfacet
  facet normal 1.000000e+00 0.000000e+00 0.000000e+00
    outer loop
      vertex   -5.003036e+00 2.038430e+00 6.609819e+00
      vertex   -5.003036e+00 -5.038429e+00 6.609819e+00
      vertex   -5.003036e+00 2.152241e+00 6.234633e+00
    endloop
  endfacet
  facet normal 1.000000e+00 0.000000e+00 0.000000e+00
    outer loop
      vertex   -5.003036e+00 2.152241e+00 6.234633e+00
      vertex   -5.003036e+00 -5.038429e+00 6.609819e+00
      vertex   -5.003036e+00 -5.152241e+00 6.234633e+00
    endloop
  endfacet
  facet normal 1.000000e+00 0.000000e+00 0.000000e+00
    outer loop
      vertex   -5.003036e+00 2.152241e+00 6.234633e+00
      vertex   -5.003036e+00 -5.152241e+00 6.234633e+00
      vertex   -5.003036e+00 2.337061e+00 5.888860e+00
    endloop
  endfacet
  facet normal 1.000000e+00 0.000000e+00 0.000000e+00
    outer loop
      vertex   -5.003036e+00 2.337061e+00 5.888860e+00
      vertex   -5.003036e+00 -5.152241e+00 6.234633e+00
      vertex   -5.003036e+00 -5.337060e+00 5.888860e+00
    endloop
  endfacet
  facet normal 1.000000e+00 0.000000e+00 0.000000e+00
    outer loop
      vertex   -5.003036e+00 2.337061e+00 5.888860e+00
      vertex   -5.003036e+00 -5.337060e+00 5.888860e+00
      vertex   -5.003036e+00 2.585787e+00 5.585786e+00
    endloop
  endfacet
  facet normal 1.000000e+00 0.000000e+00 0.000000e+00
    outer loop
      vertex   -5.003036e+00 2.585787e+00 5.585786e+00
      vertex   -5.003036e+00 -5.337060e+00 5.888860e+00
      vertex   -5.003036e+00 -5.585786e+00 5.585786e+00
    endloop
  endfacet
  facet normal 1.000000e+00 0.000000e+00 0.000000e+00
    outer loop
      vertex   -5.003036e+00 2.585787e+00 5.585786e+00
      vertex   -5.003036e+00 -5.585786e+00 5.585786e+00
      vertex   -5.003036e+00 2.888860e+00 5.337061e+00
    endloop
  endfacet
  facet normal 1.000000e+00 0.000000e+00 0.000000e+00
    outer loop
      vertex   -5.003036e+00 2.888860e+00 5.337061e+00
      vertex   -5.003036e+00 -5.585786e+00 5.585786e+00
      vertex   -5.003036e+00 -5.888859e+00 5.337061e+00
    endloop
  endfacet
  facet normal 1.000000e+00 0.000000e+00 0.000000e+00
    outer loop
      vertex   -5.003036e+00 2.888860e+00 5.337061e+00
      vertex   -5.003036e+00 -5.888859e+00 5.337061e+00
      vertex   -5.003036e+00 3.234634e+00 5.152241e+00
    endloop
  endfacet
  facet normal 1.000000e+00 0.000000e+00 0.000000e+00
    outer loop
      vertex   -5.003036e+00 3.234634e+00 5.152241e+00
      vertex   -5.003036e+00 -5.888859e+00 5.337061e+00
      vertex   -5.003036e+00 -6.234633e+00 5.152241e+00
    endloop
  endfacet
  facet normal 1.000000e+00 0.000000e+00 0.000000e+00
    outer loop
      vertex   -5.003036e+00 3.234634e+00 5.152241e+00
      vertex   -5.003036e+00 -6.234633e+00 5.152241e+00
      vertex   -5.003036e+00 3.609820e+00 5.038429e+00
    endloop
  endfacet
  facet normal 1.000000e+00 0.000000e+00 0.000000e+00
    outer loop
      vertex   -5.003036e+00 3.609820e+00 5.038429e+00
      vertex   -5.003036e+00 -6.234633e+00 5.152241e+00
      vertex   -5.003036e+00 -6.609819e+00 5.038429e+00
    endloop
  endfacet
  facet normal 1.000000e+00 0.000000e+00 0.000000e+00
    outer loop
      vertex   -5.003036e+00 3.609820e+00 5.038429e+00
      vertex   -5.003036e+00 -6.609819e+00 5.038429e+00
      vertex   -5.003036e+00 4.000000e+00 5.000000e+00
    endloop
  endfacet
  facet normal 1.000000e+00 0.000000e+00 0.000000e+00
    outer loop
      vertex   -5.003036e+00 4.000000e+00 5.000000e+00
      vertex   -5.003036e+00 -6.609819e+00 5.038429e+00
      vertex   -5.003036e+00 -7.000000e+00 5.000000e+00
    endloop
  endfacet
  facet normal 9.932384e-01 1.160929e-01 0.000000e+00
    outer loop
      vertex   -6.556872e+00 -2.036899e+01 1.500000e+00
      vertex   -6.556872e+00 -2.036899e+01 0.000000e+00
      vertex   -6.600000e+00 -2.000000e+01 1.500000e+00
    endloop
  endfacet
  facet normal 9.932384e-01 1.160929e-01 0.000000e+00
    outer loop
      vertex   -6.600000e+00 -2.000000e+01 1.500000e+00
      vertex   -6.556872e+00 -2.036899e+01 0.000000e+00
      vertex   -6.600000e+00 -2.000000e+01 0.000000e+00
    endloop
  endfacet
  facet normal 9.932384e-01 -1.160929e-01 0.000000e+00
    outer loop
      vertex   -6.600000e+00 -2.000000e+01 1.500000e+00
      vertex   -6.600000e+00 -2.000000e+01 0.000000e+00
      vertex   -6.556872e+00 -1.963101e+01 1.500000e+00
    endloop
  endfacet
  facet normal 9.932384e-01 -1.160929e-01 0.000000e+00
    outer loop
      vertex   -6.556872e+00 -1.963101e+01 1.500000e+00
      vertex   -6.600000e+00 -2.000000e+01 0.000000e+00
      vertex   -6.556872e+00 -1.963101e+01 0.000000e+00
    endloop
  endfacet
  facet normal 9.396926e-01 -3.420201e-01 0.000000e+00
    outer loop
      vertex   -6.556872e+00 -1.963101e+01 1.500000e+00
      vertex   -6.556872e+00 -1.963101e+01 0.000000e+00
      vertex   -6.429812e+00 -1.928192e+01 1.500000e+00
    endloop
  endfacet
  facet normal 9.396926e-01 -3.420201e-01 0.000000e+00
    outer loop
      vertex   -6.429812e+00 -1.928192e+01 1.500000e+00
      vertex   -6.556872e+00 -1.963101e+01 0.000000e+00
      vertex   -6.429812e+00 -1.928192e+01 0.000000e+00
    endloop
  endfacet
  facet normal 8.354878e-01 -5.495090e-01 0.000000e+00
    outer loop
      vertex   -6.429812e+00 -1.928192e+01 1.500000e+00
      vertex   -6.429812e+00 -1.928192e+01 0.000000e+00
      vertex   -6.225671e+00 -1.897154e+01 1.500000e+00
    endloop
  endfacet
  facet normal 8.354878e-01 -5.495090e-01 0.000000e+00
    outer loop
      vertex   -6.225671e+00 -1.897154e+01 1.500000e+00
      vertex   -6.429812e+00 -1.928192e+01 0.000000e+00
      vertex   -6.225671e+00 -1.897154e+01 0.000000e+00
    endloop
  endfacet
  facet normal 6.862416e-01 -7.273736e-01 0.000000e+00
    outer loop
      vertex   -6.225671e+00 -1.897154e+01 1.500000e+00
      vertex   -6.225671e+00 -1.897154e+01 0.000000e+00
      vertex   -5.955454e+00 -1.871660e+01 1.500000e+00
    endloop
  endfacet
  facet normal 6.862416e-01 -7.273736e-01 0.000000e+00
    outer loop
      vertex   -5.955454e+00 -1.871660e+01 1.500000e+00
      vertex   -6.225671e+00 -1.897154e+01 0.000000e+00
      vertex   -5.955454e+00 -1.871660e+01 0.000000e+00
    endloop
  endfacet
  facet normal 5.000000e-01 -8.660254e-01 0.000000e+00
    outer loop
      vertex   -5.955454e+00 -1.871660e+01 1.500000e+00
      vertex   -5.955454e+00 -1.871660e+01 0.000000e+00
      vertex   -5.633728e+00 -1.853085e+01 1.500000e+00
    endloop
  endfacet
  facet normal 5.000000e-01 -8.660254e-01 0.000000e+00
    outer loop
      vertex   -5.633728e+00 -1.853085e+01 1.500000e+00
      vertex   -5.955454e+00 -1.871660e+01 0.000000e+00
      vertex   -5.633728e+00 -1.853085e+01 0.000000e+00
    endloop
  endfacet
  facet normal 2.868032e-01 -9.579895e-01 0.000000e+00
    outer loop
      vertex   -5.633728e+00 -1.853085e+01 1.500000e+00
      vertex   -5.633728e+00 -1.853085e+01 0.000000e+00
      vertex   -5.277837e+00 -1.842431e+01 1.500000e+00
    endloop
  endfacet
  facet normal 2.868032e-01 -9.579895e-01 0.000000e+00
    outer loop
      vertex   -5.277837e+00 -1.842431e+01 1.500000e+00
      vertex   -5.633728e+00 -1.853085e+01 0.000000e+00
      vertex   -5.277837e+00 -1.842431e+01 0.000000e+00
    endloop
  endfacet
  facet normal 5.814483e-02 -9.983082e-01 0.000000e+00
    outer loop
      vertex   -5.277837e+00 -1.842431e+01 1.500000e+00
      vertex   -5.277837e+00 -1.842431e+01 0.000000e+00
      vertex   -4.906968e+00 -1.840271e+01 1.500000e+00
    endloop
  endfacet
  facet normal 5.814483e-02 -9.983082e-01 3.442865e-17
    outer loop
      vertex   -4.906968e+00 -1.840271e+01 1.500000e+00
      vertex   -5.277837e+00 -1.842431e+01 0.000000e+00
      vertex   -4.906968e+00 -1.840271e+01 0.000000e+00
    endloop
  endfacet
  facet normal -1.736482e-01 -9.848078e-01 -1.028204e-16
    outer loop
      vertex   -4.906968e+00 -1.840271e+01 1.500000e+00
      vertex   -4.906968e+00 -1.840271e+01 0.000000e+00
      vertex   -4.541115e+00 -1.846722e+01 1.500000e+00
    endloop
  endfacet
  facet normal -1.736482e-01 -9.848078e-01 -1.028204e-16
    outer loop
      vertex   -4.541115e+00 -1.846722e+01 1.500000e+00
      vertex   -4.906968e+00 -1.840271e+01 0.000000e+00
      vertex   -4.541115e+00 -1.846722e+01 0.000000e+00
    endloop
  endfacet
  facet normal -3.960798e-01 -9.182161e-01 -2.345263e-16
    outer loop
      vertex   -4.541115e+00 -1.846722e+01 1.500000e+00
      vertex   -4.541115e+00 -1.846722e+01 0.000000e+00
      vertex   -4.200000e+00 -1.861436e+01 1.500000e+00
    endloop
  endfacet
  facet normal -3.960798e-01 -9.182161e-01 -2.345263e-16
    outer loop
      vertex   -4.200000e+00 -1.861436e+01 1.500000e+00
      vertex   -4.541115e+00 -1.846722e+01 0.000000e+00
      vertex   -4.200000e+00 -1.861436e+01 0.000000e+00
    endloop
  endfacet
  facet normal -5.971586e-01 -8.021232e-01 -3.535889e-16
    outer loop
      vertex   -4.200000e+00 -1.861436e+01 1.500000e+00
      vertex   -4.200000e+00 -1.861436e+01 0.000000e+00
      vertex   -3.902013e+00 -1.883620e+01 1.500000e+00
    endloop
  endfacet
  facet normal -5.971586e-01 -8.021232e-01 -0.000000e+00
    outer loop
      vertex   -3.902013e+00 -1.883620e+01 1.500000e+00
      vertex   -4.200000e+00 -1.861436e+01 0.000000e+00
      vertex   -3.902013e+00 -1.883620e+01 0.000000e+00
    endloop
  endfacet
  facet normal -7.660444e-01 -6.427876e-01 -0.000000e+00
    outer loop
      vertex   -3.902013e+00 -1.883620e+01 1.500000e+00
      vertex   -3.902013e+00 -1.883620e+01 0.000000e+00
      vertex   -3.663220e+00 -1.912079e+01 1.500000e+00
    endloop
  endfacet
  facet normal -7.660444e-01 -6.427876e-01 -0.000000e+00
    outer loop
      vertex   -3.663220e+00 -1.912079e+01 1.500000e+00
      vertex   -3.902013e+00 -1.883620e+01 0.000000e+00
      vertex   -3.663220e+00 -1.912079e+01 0.000000e+00
    endloop
  endfacet
  facet normal -8.936326e-01 -4.487992e-01 -0.000000e+00
    outer loop
      vertex   -3.663220e+00 -1.912079e+01 1.500000e+00
      vertex   -3.663220e+00 -1.912079e+01 0.000000e+00
      vertex   -3.496492e+00 -1.945277e+01 1.500000e+00
    endloop
  endfacet
  facet normal -8.936326e-01 -4.487992e-01 -0.000000e+00
    outer loop
      vertex   -3.496492e+00 -1.945277e+01 1.500000e+00
      vertex   -3.663220e+00 -1.912079e+01 0.000000e+00
      vertex   -3.496492e+00 -1.945277e+01 0.000000e+00
    endloop
  endfacet
  facet normal -9.730449e-01 -2.306159e-01 -0.000000e+00
    outer loop
      vertex   -3.496492e+00 -1.945277e+01 1.500000e+00
      vertex   -3.496492e+00 -1.945277e+01 0.000000e+00
      vertex   -3.410819e+00 -1.981425e+01 1.500000e+00
    endloop
  endfacet
  facet normal -9.730449e-01 -2.306159e-01 -0.000000e+00
    outer loop
      vertex   -3.410819e+00 -1.981425e+01 1.500000e+00
      vertex   -3.496492e+00 -1.945277e+01 0.000000e+00
      vertex   -3.410819e+00 -1.981425e+01 0.000000e+00
    endloop
  endfacet
  facet normal -1.000000e+00 -0.000000e+00 -0.000000e+00
    outer loop
      vertex   -3.410819e+00 -1.981425e+01 1.500000e+00
      vertex   -3.410819e+00 -1.981425e+01 0.000000e+00
      vertex   -3.410819e+00 -2.018575e+01 1.500000e+00
    endloop
  endfacet
  facet normal -1.000000e+00 0.000000e+00 0.000000e+00
    outer loop
      vertex   -3.410819e+00 -2.018575e+01 1.500000e+00
      vertex   -3.410819e+00 -1.981425e+01 0.000000e+00
      vertex   -3.410819e+00 -2.018575e+01 0.000000e+00
    endloop
  endfacet
  facet normal -9.730449e-01 2.306159e-01 0.000000e+00
    outer loop
      vertex   -3.410819e+00 -2.018575e+01 1.500000e+00
      vertex   -3.410819e+00 -2.018575e+01 0.000000e+00
      vertex   -3.496492e+00 -2.054723e+01 1.500000e+00
    endloop
  endfacet
  facet normal -9.730449e-01 2.306159e-01 0.000000e+00
    outer loop
      vertex   -3.496492e+00 -2.054723e+01 1.500000e+00
      vertex   -3.410819e+00 -2.018575e+01 0.000000e+00
      vertex   -3.496492e+00 -2.054723e+01 0.000000e+00
    endloop
  endfacet
  facet normal -8.936326e-01 4.487992e-01 0.000000e+00
    outer loop
      vertex   -3.496492e+00 -2.054723e+01 1.500000e+00
      vertex   -3.496492e+00 -2.054723e+01 0.000000e+00
      vertex   -3.663220e+00 -2.087921e+01 1.500000e+00
    endloop
  endfacet
  facet normal -8.936326e-01 4.487992e-01 0.000000e+00
    outer loop
      vertex   -3.663220e+00 -2.087921e+01 1.500000e+00
      vertex   -3.496492e+00 -2.054723e+01 0.000000e+00
      vertex   -3.663220e+00 -2.087921e+01 0.000000e+00
    endloop
  endfacet
  facet normal -7.660444e-01 6.427876e-01 0.000000e+00
    outer loop
      vertex   -3.663220e+00 -2.087921e+01 1.500000e+00
      vertex   -3.663220e+00 -2.087921e+01 0.000000e+00
      vertex   -3.902013e+00 -2.116380e+01 1.500000e+00
    endloop
  endfacet
  facet normal -7.660444e-01 6.427876e-01 0.000000e+00
    outer loop
      vertex   -3.902013e+00 -2.116380e+01 1.500000e+00
      vertex   -3.663220e+00 -2.087921e+01 0.000000e+00
      vertex   -3.902013e+00 -2.116380e+01 0.000000e+00
    endloop
  endfacet
  facet normal -5.971586e-01 8.021232e-01 0.000000e+00
    outer loop
      vertex   -3.902013e+00 -2.116380e+01 1.500000e+00
      vertex   -3.902013e+00 -2.116380e+01 0.000000e+00
      vertex   -4.200000e+00 -2.138564e+01 1.500000e+00
    endloop
  endfacet
  facet normal -5.971586e-01 8.021232e-01 -1.546220e-15
    outer loop
      vertex   -4.200000e+00 -2.138564e+01 1.500000e+00
      vertex   -3.902013e+00 -2.116380e+01 0.000000e+00
      vertex   -4.200000e+00 -2.138564e+01 0.000000e+00
    endloop
  endfacet
  facet normal -3.960798e-01 9.182161e-01 -1.940246e-15
    outer loop
      vertex   -4.200000e+00 -2.138564e+01 1.500000e+00
      vertex   -4.200000e+00 -2.138564e+01 0.000000e+00
      vertex   -4.541115e+00 -2.153278e+01 1.500000e+00
    endloop
  endfacet
  facet normal -3.960798e-01 9.182161e-01 2.345263e-16
    outer loop
      vertex   -4.541115e+00 -2.153278e+01 1.500000e+00
      vertex   -4.200000e+00 -2.138564e+01 0.000000e+00
      vertex   -4.541115e+00 -2.153278e+01 0.000000e+00
    endloop
  endfacet
  facet normal -1.736482e-01 9.848078e-01 1.028204e-16
    outer loop
      vertex   -4.541115e+00 -2.153278e+01 1.500000e+00
      vertex   -4.541115e+00 -2.153278e+01 0.000000e+00
      vertex   -4.906968e+00 -2.159729e+01 1.500000e+00
    endloop
  endfacet
  facet normal -1.736482e-01 9.848078e-01 1.028204e-16
    outer loop
      vertex   -4.906968e+00 -2.159729e+01 1.500000e+00
      vertex   -4.541115e+00 -2.153278e+01 0.000000e+00
      vertex   -4.906968e+00 -2.159729e+01 0.000000e+00
    endloop
  endfacet
  facet normal 5.814483e-02 9.983082e-01 -3.442865e-17
    outer loop
      vertex   -4.906968e+00 -2.159729e+01 1.500000e+00
      vertex   -4.906968e+00 -2.159729e+01 0.000000e+00
      vertex   -5.277837e+00 -2.157569e+01 1.500000e+00
    endloop
  endfacet
  facet normal 5.814483e-02 9.983082e-01 2.364469e-15
    outer loop
      vertex   -5.277837e+00 -2.157569e+01 1.500000e+00
      vertex   -4.906968e+00 -2.159729e+01 0.000000e+00
      vertex   -5.277837e+00 -2.157569e+01 0.000000e+00
    endloop
  endfacet
  facet normal 2.868032e-01 9.579895e-01 2.268975e-15
    outer loop
      vertex   -5.277837e+00 -2.157569e+01 1.500000e+00
      vertex   -5.277837e+00 -2.157569e+01 0.000000e+00
      vertex   -5.633728e+00 -2.146915e+01 1.500000e+00
    endloop
  endfacet
  facet normal 2.868032e-01 9.579895e-01 0.000000e+00
    outer loop
      vertex   -5.633728e+00 -2.146915e+01 1.500000e+00
      vertex   -5.277837e+00 -2.157569e+01 0.000000e+00
      vertex   -5.633728e+00 -2.146915e+01 0.000000e+00
    endloop
  endfacet
  facet normal 5.000000e-01 8.660254e-01 0.000000e+00
    outer loop
      vertex   -5.633728e+00 -2.146915e+01 1.500000e+00
      vertex   -5.633728e+00 -2.146915e+01 0.000000e+00
      vertex   -5.955454e+00 -2.128340e+01 1.500000e+00
    endloop
  endfacet
  facet normal 5.000000e-01 8.660254e-01 0.000000e+00
    outer loop
      vertex   -5.955454e+00 -2.128340e+01 1.500000e+00
      vertex   -5.633728e+00 -2.146915e+01 0.000000e+00
      vertex   -5.955454e+00 -2.128340e+01 0.000000e+00
    endloop
  endfacet
  facet normal 6.862416e-01 7.273736e-01 0.000000e+00
    outer loop
      vertex   -5.955454e+00 -2.128340e+01 1.500000e+00
      vertex   -5.955454e+00 -2.128340e+01 0.000000e+00
      vertex   -6.225671e+00 -2.102846e+01 1.500000e+00
    endloop
  endfacet
  facet normal 6.862416e-01 7.273736e-01 0.000000e+00
    outer loop
      vertex   -6.225671e+00 -2.102846e+01 1.500000e+00
      vertex   -5.955454e+00 -2.128340e+01 0.000000e+00
      vertex   -6.225671e+00 -2.102846e+01 0.000000e+00
    endloop
  endfacet
  facet normal 8.354878e-01 5.495090e-01 0.000000e+00
    outer loop
      vertex   -6.225671e+00 -2.102846e+01 1.500000e+00
      vertex   -6.225671e+00 -2.102846e+01 0.000000e+00
      vertex   -6.429812e+00 -2.071808e+01 1.500000e+00
    endloop
  endfacet
  facet normal 8.354878e-01 5.495090e-01 0.000000e+00
    outer loop
      vertex   -6.429812e+00 -2.071808e+01 1.500000e+00
      vertex   -6.225671e+00 -2.102846e+01 0.000000e+00
      vertex   -6.429812e+00 -2.071808e+01 0.000000e+00
    endloop
  endfacet
  facet normal 9.396926e-01 3.420201e-01 0.000000e+00
    outer loop
      vertex   -6.429812e+00 -2.071808e+01 1.500000e+00
      vertex   -6.429812e+00 -2.071808e+01 0.000000e+00
      vertex   -6.556872e+00 -2.036899e+01 1.500000e+00
    endloop
  endfacet
  facet normal 9.396926e-01 3.420201e-01 0.000000e+00
    outer loop
      vertex   -6.556872e+00 -2.036899e+01 1.500000e+00
      vertex   -6.429812e+00 -2.071808e+01 0.000000e+00
      vertex   -6.556872e+00 -2.036899e+01 0.000000e+00
    endloop
  endfacet
  facet normal 9.932384e-01 1.160929e-01 0.000000e+00
    outer loop
      vertex   1.443128e+00 2.263101e+01 1.500000e+00
      vertex   1.443128e+00 2.263101e+01 0.000000e+00
      vertex   1.400000e+00 2.300000e+01 1.500000e+00
    endloop
  endfacet
  facet normal 9.932384e-01 1.160929e-01 0.000000e+00
    outer loop
      vertex   1.400000e+00 2.300000e+01 1.500000e+00
      vertex   1.443128e+00 2.263101e+01 0.000000e+00
      vertex   1.400000e+00 2.300000e+01 0.000000e+00
    endloop
  endfacet
  facet normal 9.932384e-01 -1.160929e-01 0.000000e+00
    outer loop
      vertex   1.400000e+00 2.300000e+01 1.500000e+00
      vertex   1.400000e+00 2.300000e+01 0.000000e+00
      vertex   1.443128e+00 2.336899e+01 1.500000e+00
    endloop
  endfacet
  facet normal 9.932384e-01 -1.160929e-01 0.000000e+00
    outer loop
      vertex   1.443128e+00 2.336899e+01 1.500000e+00
      vertex   1.400000e+00 2.300000e+01 0.000000e+00
      vertex   1.443128e+00 2.336899e+01 0.000000e+00
    endloop
  endfacet
  facet normal 9.396926e-01 -3.420201e-01 0.000000e+00
    outer loop
      vertex   1.443128e+00 2.336899e+01 1.500000e+00
      vertex   1.443128e+00 2.336899e+01 0.000000e+00
      vertex   1.570188e+00 2.371808e+01 1.500000e+00
    endloop
  endfacet
  facet normal 9.396926e-01 -3.420201e-01 0.000000e+00
    outer loop
      vertex   1.570188e+00 2.371808e+01 1.500000e+00
      vertex   1.443128e+00 2.336899e+01 0.000000e+00
      vertex   1.570188e+00 2.371808e+01 0.000000e+00
    endloop
  endfacet
  facet normal 8.354878e-01 -5.495090e-01 0.000000e+00
    outer loop
      vertex   1.570188e+00 2.371808e+01 1.500000e+00
      vertex   1.570188e+00 2.371808e+01 0.000000e+00
      vertex   1.774329e+00 2.402846e+01 1.500000e+00
    endloop
  endfacet
  facet normal 8.354878e-01 -5.495090e-01 0.000000e+00
    outer loop
      vertex   1.774329e+00 2.402846e+01 1.500000e+00
      vertex   1.570188e+00 2.371808e+01 0.000000e+00
      vertex   1.774329e+00 2.402846e+01 0.000000e+00
    endloop
  endfacet
  facet normal 6.862416e-01 -7.273736e-01 0.000000e+00
    outer loop
      vertex   1.774329e+00 2.402846e+01 1.500000e+00
      vertex   1.774329e+00 2.402846e+01 0.000000e+00
      vertex   2.044546e+00 2.428340e+01 1.500000e+00
    endloop
  endfacet
  facet normal 6.862416e-01 -7.273736e-01 0.000000e+00
    outer loop
      vertex   2.044546e+00 2.428340e+01 1.500000e+00
      vertex   1.774329e+00 2.402846e+01 0.000000e+00
      vertex   2.044546e+00 2.428340e+01 0.000000e+00
    endloop
  endfacet
  facet normal 5.000000e-01 -8.660254e-01 0.000000e+00
    outer loop
      vertex   2.044546e+00 2.428340e+01 1.500000e+00
      vertex   2.044546e+00 2.428340e+01 0.000000e+00
      vertex   2.366272e+00 2.446915e+01 1.500000e+00
    endloop
  endfacet
  facet normal 5.000000e-01 -8.660254e-01 2.960595e-16
    outer loop
      vertex   2.366272e+00 2.446915e+01 1.500000e+00
      vertex   2.044546e+00 2.428340e+01 0.000000e+00
      vertex   2.366272e+00 2.446915e+01 0.000000e+00
    endloop
  endfacet
  facet normal 2.868032e-01 -9.579895e-01 1.698216e-16
    outer loop
      vertex   2.366272e+00 2.446915e+01 1.500000e+00
      vertex   2.366272e+00 2.446915e+01 0.000000e+00
      vertex   2.722163e+00 2.457569e+01 1.500000e+00
    endloop
  endfacet
  facet normal 2.868032e-01 -9.579895e-01 -4.368128e-15
    outer loop
      vertex   2.722163e+00 2.457569e+01 1.500000e+00
      vertex   2.366272e+00 2.446915e+01 0.000000e+00
      vertex   2.722163e+00 2.457569e+01 0.000000e+00
    endloop
  endfacet
  facet normal 5.814483e-02 -9.983082e-01 -4.694509e-15
    outer loop
      vertex   2.722163e+00 2.457569e+01 1.500000e+00
      vertex   2.722163e+00 2.457569e+01 0.000000e+00
      vertex   3.093032e+00 2.459729e+01 1.500000e+00
    endloop
  endfacet
  facet normal 5.814483e-02 -9.983082e-01 1.721433e-17
    outer loop
      vertex   3.093032e+00 2.459729e+01 1.500000e+00
      vertex   2.722163e+00 2.457569e+01 0.000000e+00
      vertex   3.093032e+00 2.459729e+01 0.000000e+00
    endloop
  endfacet
  facet normal -1.736482e-01 -9.848078e-01 -5.141019e-17
    outer loop
      vertex   3.093032e+00 2.459729e+01 1.500000e+00
      vertex   3.093032e+00 2.459729e+01 0.000000e+00
      vertex   3.458885e+00 2.453278e+01 1.500000e+00
    endloop
  endfacet
  facet normal -1.736482e-01 -9.848078e-01 -5.141019e-17
    outer loop
      vertex   3.458885e+00 2.453278e+01 1.500000e+00
      vertex   3.093032e+00 2.459729e+01 0.000000e+00
      vertex   3.458885e+00 2.453278e+01 0.000000e+00
    endloop
  endfacet
  facet normal -3.960798e-01 -9.182161e-01 -1.172632e-16
    outer loop
      vertex   3.458885e+00 2.453278e+01 1.500000e+00
      vertex   3.458885e+00 2.453278e+01 0.000000e+00
      vertex   3.800000e+00 2.438564e+01 1.500000e+00
    endloop
  endfacet
  facet normal -3.960798e-01 -9.182161e-01 2.057509e-15
    outer loop
      vertex   3.800000e+00 2.438564e+01 1.500000e+00
      vertex   3.458885e+00 2.453278e+01 0.000000e+00
      vertex   3.800000e+00 2.438564e+01 0.000000e+00
    endloop
  endfacet
  facet normal -5.971586e-01 -8.021232e-01 1.723015e-15
    outer loop
      vertex   3.800000e+00 2.438564e+01 1.500000e+00
      vertex   3.800000e+00 2.438564e+01 0.000000e+00
      vertex   4.097987e+00 2.416380e+01 1.500000e+00
    endloop
  endfacet
  facet normal -5.971586e-01 -8.021232e-01 -0.000000e+00
    outer loop
      vertex   4.097987e+00 2.416380e+01 1.500000e+00
      vertex   3.800000e+00 2.438564e+01 0.000000e+00
      vertex   4.097987e+00 2.416380e+01 0.000000e+00
    endloop
  endfacet
  facet normal -7.660444e-01 -6.427876e-01 -0.000000e+00
    outer loop
      vertex   4.097987e+00 2.416380e+01 1.500000e+00
      vertex   4.097987e+00 2.416380e+01 0.000000e+00
      vertex   4.336780e+00 2.387921e+01 1.500000e+00
    endloop
  endfacet
  facet normal -7.660444e-01 -6.427876e-01 -0.000000e+00
    outer loop
      vertex   4.336780e+00 2.387921e+01 1.500000e+00
      vertex   4.097987e+00 2.416380e+01 0.000000e+00
      vertex   4.336780e+00 2.387921e+01 0.000000e+00
    endloop
  endfacet
  facet normal -8.936326e-01 -4.487992e-01 -0.000000e+00
    outer loop
      vertex   4.336780e+00 2.387921e+01 1.500000e+00
      vertex   4.336780e+00 2.387921e+01 0.000000e+00
      vertex   4.503508e+00 2.354723e+01 1.500000e+00
    endloop
  endfacet
  facet normal -8.936326e-01 -4.487992e-01 -0.000000e+00
    outer loop
      vertex   4.503508e+00 2.354723e+01 1.500000e+00
      vertex   4.336780e+00 2.387921e+01 0.000000e+00
      vertex   4.503508e+00 2.354723e+01 0.000000e+00
    endloop
  endfacet
  facet normal -9.730449e-01 -2.306159e-01 -0.000000e+00
    outer loop
      vertex   4.503508e+00 2.354723e+01 1.500000e+00
      vertex   4.503508e+00 2.354723e+01 0.000000e+00
      vertex   4.589181e+00 2.318575e+01 1.500000e+00
    endloop
  endfacet
  facet normal -9.730449e-01 -2.306159e-01 -0.000000e+00
    outer loop
      vertex   4.589181e+00 2.318575e+01 1.500000e+00
      vertex   4.503508e+00 2.354723e+01 0.000000e+00
      vertex   4.589181e+00 2.318575e+01 0.000000e+00
    endloop
  endfacet
  facet normal -1.000000e+00 -0.000000e+00 -0.000000e+00
    outer loop
      vertex   4.589181e+00 2.318575e+01 1.500000e+00
      vertex   4.589181e+00 2.318575e+01 0.000000e+00
      vertex   4.589181e+00 2.281425e+01 1.500000e+00
    endloop
  endfacet
  facet normal -1.000000e+00 0.000000e+00 0.000000e+00
    outer loop
      vertex   4.589181e+00 2.281425e+01 1.500000e+00
      vertex   4.589181e+00 2.318575e+01 0.000000e+00
      vertex   4.589181e+00 2.281425e+01 0.000000e+00
    endloop
  endfacet
  facet normal -9.730449e-01 2.306159e-01 0.000000e+00
    outer loop
      vertex   4.589181e+00 2.281425e+01 1.500000e+00
      vertex   4.589181e+00 2.281425e+01 0.000000e+00
      vertex   4.503508e+00 2.245277e+01 1.500000e+00
    endloop
  endfacet
  facet normal -9.730449e-01 2.306159e-01 0.000000e+00
    outer loop
      vertex   4.503508e+00 2.245277e+01 1.500000e+00
      vertex   4.589181e+00 2.281425e+01 0.000000e+00
      vertex   4.503508e+00 2.245277e+01 0.000000e+00
    endloop
  endfacet
  facet normal -8.936326e-01 4.487992e-01 0.000000e+00
    outer loop
      vertex   4.503508e+00 2.245277e+01 1.500000e+00
      vertex   4.503508e+00 2.245277e+01 0.000000e+00
      vertex   4.336780e+00 2.212079e+01 1.500000e+00
    endloop
  endfacet
  facet normal -8.936326e-01 4.487992e-01 0.000000e+00
    outer loop
      vertex   4.336780e+00 2.212079e+01 1.500000e+00
      vertex   4.503508e+00 2.245277e+01 0.000000e+00
      vertex   4.336780e+00 2.212079e+01 0.000000e+00
    endloop
  endfacet
  facet normal -7.660444e-01 6.427876e-01 0.000000e+00
    outer loop
      vertex   4.336780e+00 2.212079e+01 1.500000e+00
      vertex   4.336780e+00 2.212079e+01 0.000000e+00
      vertex   4.097987e+00 2.183620e+01 1.500000e+00
    endloop
  endfacet
  facet normal -7.660444e-01 6.427876e-01 0.000000e+00
    outer loop
      vertex   4.097987e+00 2.183620e+01 1.500000e+00
      vertex   4.336780e+00 2.212079e+01 0.000000e+00
      vertex   4.097987e+00 2.183620e+01 0.000000e+00
    endloop
  endfacet
  facet normal -5.971586e-01 8.021232e-01 0.000000e+00
    outer loop
      vertex   4.097987e+00 2.183620e+01 1.500000e+00
      vertex   4.097987e+00 2.183620e+01 0.000000e+00
      vertex   3.800000e+00 2.161436e+01 1.500000e+00
    endloop
  endfacet
  facet normal -5.971586e-01 8.021232e-01 -1.723015e-15
    outer loop
      vertex   3.800000e+00 2.161436e+01 1.500000e+00
      vertex   4.097987e+00 2.183620e+01 0.000000e+00
      vertex   3.800000e+00 2.161436e+01 0.000000e+00
    endloop
  endfacet
  facet normal -3.960798e-01 9.182161e-01 -2.057509e-15
    outer loop
      vertex   3.800000e+00 2.161436e+01 1.500000e+00
      vertex   3.800000e+00 2.161436e+01 0.000000e+00
      vertex   3.458885e+00 2.146722e+01 1.500000e+00
    endloop
  endfacet
  facet normal -3.960798e-01 9.182161e-01 1.172632e-16
    outer loop
      vertex   3.458885e+00 2.146722e+01 1.500000e+00
      vertex   3.800000e+00 2.161436e+01 0.000000e+00
      vertex   3.458885e+00 2.146722e+01 0.000000e+00
    endloop
  endfacet
  facet normal -1.736482e-01 9.848078e-01 5.141019e-17
    outer loop
      vertex   3.458885e+00 2.146722e+01 1.500000e+00
      vertex   3.458885e+00 2.146722e+01 0.000000e+00
      vertex   3.093032e+00 2.140271e+01 1.500000e+00
    endloop
  endfacet
  facet normal -1.736482e-01 9.848078e-01 5.141019e-17
    outer loop
      vertex   3.093032e+00 2.140271e+01 1.500000e+00
      vertex   3.458885e+00 2.146722e+01 0.000000e+00
      vertex   3.093032e+00 2.140271e+01 0.000000e+00
    endloop
  endfacet
  facet normal 5.814483e-02 9.983082e-01 -1.721433e-17
    outer loop
      vertex   3.093032e+00 2.140271e+01 1.500000e+00
      vertex   3.093032e+00 2.140271e+01 0.000000e+00
      vertex   2.722163e+00 2.142431e+01 1.500000e+00
    endloop
  endfacet
  facet normal 5.814483e-02 9.983082e-01 2.330040e-15
    outer loop
      vertex   2.722163e+00 2.142431e+01 1.500000e+00
      vertex   3.093032e+00 2.140271e+01 0.000000e+00
      vertex   2.722163e+00 2.142431e+01 0.000000e+00
    endloop
  endfacet
  facet normal 2.868032e-01 9.579895e-01 2.099153e-15
    outer loop
      vertex   2.722163e+00 2.142431e+01 1.500000e+00
      vertex   2.722163e+00 2.142431e+01 0.000000e+00
      vertex   2.366272e+00 2.153085e+01 1.500000e+00
    endloop
  endfacet
  facet normal 2.868032e-01 9.579895e-01 -1.698216e-16
    outer loop
      vertex   2.366272e+00 2.153085e+01 1.500000e+00
      vertex   2.722163e+00 2.142431e+01 0.000000e+00
      vertex   2.366272e+00 2.153085e+01 0.000000e+00
    endloop
  endfacet
  facet normal 5.000000e-01 8.660254e-01 -2.960595e-16
    outer loop
      vertex   2.366272e+00 2.153085e+01 1.500000e+00
      vertex   2.366272e+00 2.153085e+01 0.000000e+00
      vertex   2.044546e+00 2.171660e+01 1.500000e+00
    endloop
  endfacet
  facet normal 5.000000e-01 8.660254e-01 0.000000e+00
    outer loop
      vertex   2.044546e+00 2.171660e+01 1.500000e+00
      vertex   2.366272e+00 2.153085e+01 0.000000e+00
      vertex   2.044546e+00 2.171660e+01 0.000000e+00
    endloop
  endfacet
  facet normal 6.862416e-01 7.273736e-01 0.000000e+00
    outer loop
      vertex   2.044546e+00 2.171660e+01 1.500000e+00
      vertex   2.044546e+00 2.171660e+01 0.000000e+00
      vertex   1.774329e+00 2.197154e+01 1.500000e+00
    endloop
  endfacet
  facet normal 6.862416e-01 7.273736e-01 0.000000e+00
    outer loop
      vertex   1.774329e+00 2.197154e+01 1.500000e+00
      vertex   2.044546e+00 2.171660e+01 0.000000e+00
      vertex   1.774329e+00 2.197154e+01 0.000000e+00
    endloop
  endfacet
  facet normal 8.354878e-01 5.495090e-01 0.000000e+00
    outer loop
      vertex   1.774329e+00 2.197154e+01 1.500000e+00
      vertex   1.774329e+00 2.197154e+01 0.000000e+00
      vertex   1.570188e+00 2.228192e+01 1.500000e+00
    endloop
  endfacet
  facet normal 8.354878e-01 5.495090e-01 0.000000e+00
    outer loop
      vertex   1.570188e+00 2.228192e+01 1.500000e+00
      vertex   1.774329e+00 2.197154e+01 0.000000e+00
      vertex   1.570188e+00 2.228192e+01 0.000000e+00
    endloop
  endfacet
  facet normal 9.396926e-01 3.420201e-01 0.000000e+00
    outer loop
      vertex   1.570188e+00 2.228192e+01 1.500000e+00
      vertex   1.570188e+00 2.228192e+01 0.000000e+00
      vertex   1.443128e+00 2.263101e+01 1.500000e+00
    endloop
  endfacet
  facet normal 9.396926e-01 3.420201e-01 0.000000e+00
    outer loop
      vertex   1.443128e+00 2.263101e+01 1.500000e+00
      vertex   1.570188e+00 2.228192e+01 0.000000e+00
      vertex   1.443128e+00 2.263101e+01 0.000000e+00
    endloop
  endfacet
  facet normal 7.993864e-01 6.008173e-01 0.000000e+00
    outer loop
      vertex   7.639321e-01 2.100000e+01 5.000000e+00
      vertex   7.639321e-01 2.100000e+01 1.500000e+00
      vertex   4.571493e-01 2.140817e+01 5.000000e+00
    endloop
  endfacet
  facet normal 7.993864e-01 6.008173e-01 0.000000e+00
    outer loop
      vertex   4.571493e-01 2.140817e+01 5.000000e+00
      vertex   7.639321e-01 2.100000e+01 1.500000e+00
      vertex   4.571493e-01 2.140817e+01 1.500000e+00
    endloop
  endfacet
  facet normal 8.896976e-01 4.565503e-01 0.000000e+00
    outer loop
      vertex   4.571493e-01 2.140817e+01 5.000000e+00
      vertex   4.571493e-01 2.140817e+01 1.500000e+00
      vertex   2.240305e-01 2.186246e+01 5.000000e+00
    endloop
  endfacet
  facet normal 8.896976e-01 4.565503e-01 0.000000e+00
    outer loop
      vertex   2.240305e-01 2.186246e+01 5.000000e+00
      vertex   4.571493e-01 2.140817e+01 1.500000e+00
      vertex   2.240305e-01 2.186246e+01 1.500000e+00
    endloop
  endfacet
  facet normal 9.542351e-01 2.990574e-01 0.000000e+00
    outer loop
      vertex   2.240305e-01 2.186246e+01 5.000000e+00
      vertex   2.240305e-01 2.186246e+01 1.500000e+00
      vertex   7.132903e-02 2.234970e+01 5.000000e+00
    endloop
  endfacet
  facet normal 9.542351e-01 2.990574e-01 0.000000e+00
    outer loop
      vertex   7.132903e-02 2.234970e+01 5.000000e+00
      vertex   2.240305e-01 2.186246e+01 1.500000e+00
      vertex   7.132903e-02 2.234970e+01 1.500000e+00
    endloop
  endfacet
  facet normal 9.911293e-01 1.329011e-01 0.000000e+00
    outer loop
      vertex   7.132903e-02 2.234970e+01 5.000000e+00
      vertex   7.132903e-02 2.234970e+01 1.500000e+00
      vertex   3.468482e-03 2.285578e+01 5.000000e+00
    endloop
  endfacet
  facet normal 9.911293e-01 1.329011e-01 0.000000e+00
    outer loop
      vertex   3.468482e-03 2.285578e+01 5.000000e+00
      vertex   7.132903e-02 2.234970e+01 1.500000e+00
      vertex   3.468482e-03 2.285578e+01 1.500000e+00
    endloop
  endfacet
  facet normal 9.993114e-01 -3.710514e-02 0.000000e+00
    outer loop
      vertex   3.468482e-03 2.285578e+01 5.000000e+00
      vertex   3.468482e-03 2.285578e+01 1.500000e+00
      vertex   2.241471e-02 2.336604e+01 5.000000e+00
    endloop
  endfacet
  facet normal 9.993114e-01 -3.710514e-02 0.000000e+00
    outer loop
      vertex   2.241471e-02 2.336604e+01 5.000000e+00
      vertex   3.468482e-03 2.285578e+01 1.500000e+00
      vertex   2.241471e-02 2.336604e+01 1.500000e+00
    endloop
  endfacet
  facet normal 9.785443e-01 -2.060365e-01 0.000000e+00
    outer loop
      vertex   2.241471e-02 2.336604e+01 5.000000e+00
      vertex   2.241471e-02 2.336604e+01 1.500000e+00
      vertex   1.276189e-01 2.386569e+01 5.000000e+00
    endloop
  endfacet
  facet normal 9.785443e-01 -2.060365e-01 0.000000e+00
    outer loop
      vertex   1.276189e-01 2.386569e+01 5.000000e+00
      vertex   2.241471e-02 2.336604e+01 1.500000e+00
      vertex   1.276189e-01 2.386569e+01 1.500000e+00
    endloop
  endfacet
  facet normal 9.294297e-01 -3.689992e-01 0.000000e+00
    outer loop
      vertex   1.276189e-01 2.386569e+01 5.000000e+00
      vertex   1.276189e-01 2.386569e+01 1.500000e+00
      vertex   3.160333e-01 2.434027e+01 5.000000e+00
    endloop
  endfacet
  facet normal 9.294297e-01 -3.689992e-01 0.000000e+00
    outer loop
      vertex   3.160333e-01 2.434027e+01 5.000000e+00
      vertex   1.276189e-01 2.386569e+01 1.500000e+00
      vertex   3.160333e-01 2.434027e+01 1.500000e+00
    endloop
  endfacet
  facet normal 8.533904e-01 -5.212724e-01 0.000000e+00
    outer loop
      vertex   3.160333e-01 2.434027e+01 5.000000e+00
      vertex   3.160333e-01 2.434027e+01 1.500000e+00
      vertex   5.821997e-01 2.477602e+01 5.000000e+00
    endloop
  endfacet
  facet normal 8.533904e-01 -5.212724e-01 0.000000e+00
    outer loop
      vertex   5.821997e-01 2.477602e+01 5.000000e+00
      vertex   3.160333e-01 2.434027e+01 1.500000e+00
      vertex   5.821997e-01 2.477602e+01 1.500000e+00
    endloop
  endfacet
  facet normal 7.526291e-01 -6.584447e-01 0.000000e+00
    outer loop
      vertex   5.821997e-01 2.477602e+01 5.000000e+00
      vertex   5.821997e-01 2.477602e+01 1.500000e+00
      vertex   9.184077e-01 2.516032e+01 5.000000e+00
    endloop
  endfacet
  facet normal 7.526291e-01 -6.584447e-01 0.000000e+00
    outer loop
      vertex   9.184077e-01 2.516032e+01 5.000000e+00
      vertex   5.821997e-01 2.477602e+01 1.500000e+00
      vertex   9.184077e-01 2.516032e+01 1.500000e+00
    endloop
  endfacet
  facet normal 6.300649e-01 -7.765425e-01 0.000000e+00
    outer loop
      vertex   9.184077e-01 2.516032e+01 5.000000e+00
      vertex   9.184077e-01 2.516032e+01 1.500000e+00
      vertex   1.314917e+00 2.548204e+01 5.000000e+00
    endloop
  endfacet
  facet normal 6.300649e-01 -7.765425e-01 0.000000e+00
    outer loop
      vertex   1.314917e+00 2.548204e+01 5.000000e+00
      vertex   9.184077e-01 2.516032e+01 1.500000e+00
      vertex   1.314917e+00 2.548204e+01 1.500000e+00
    endloop
  endfacet
  facet normal 4.892482e-01 -8.721446e-01 0.000000e+00
    outer loop
      vertex   1.314917e+00 2.548204e+01 5.000000e+00
      vertex   1.314917e+00 2.548204e+01 1.500000e+00
      vertex   1.760242e+00 2.573185e+01 5.000000e+00
    endloop
  endfacet
  facet normal 4.892482e-01 -8.721446e-01 0.000000e+00
    outer loop
      vertex   1.760242e+00 2.573185e+01 5.000000e+00
      vertex   1.314917e+00 2.548204e+01 1.500000e+00
      vertex   1.760242e+00 2.573185e+01 1.500000e+00
    endloop
  endfacet
  facet normal 3.342585e-01 -9.424814e-01 0.000000e+00
    outer loop
      vertex   1.760242e+00 2.573185e+01 5.000000e+00
      vertex   1.760242e+00 2.573185e+01 1.500000e+00
      vertex   2.241482e+00 2.590253e+01 5.000000e+00
    endloop
  endfacet
  facet normal 3.342585e-01 -9.424814e-01 0.000000e+00
    outer loop
      vertex   2.241482e+00 2.590253e+01 5.000000e+00
      vertex   1.760242e+00 2.573185e+01 1.500000e+00
      vertex   2.241482e+00 2.590253e+01 1.500000e+00
    endloop
  endfacet
  facet normal 1.695856e-01 -9.855155e-01 0.000000e+00
    outer loop
      vertex   2.241482e+00 2.590253e+01 5.000000e+00
      vertex   2.241482e+00 2.590253e+01 1.500000e+00
      vertex   2.744695e+00 2.598912e+01 5.000000e+00
    endloop
  endfacet
  facet normal 1.695856e-01 -9.855155e-01 0.000000e+00
    outer loop
      vertex   2.744695e+00 2.598912e+01 5.000000e+00
      vertex   2.241482e+00 2.590253e+01 1.500000e+00
      vertex   2.744695e+00 2.598912e+01 1.500000e+00
    endloop
  endfacet
  facet normal 0.000000e+00 -1.000000e+00 0.000000e+00
    outer loop
      vertex   2.744695e+00 2.598912e+01 5.000000e+00
      vertex   2.744695e+00 2.598912e+01 1.500000e+00
      vertex   3.255305e+00 2.598912e+01 5.000000e+00
    endloop
  endfacet
  facet normal 0.000000e+00 -1.000000e+00 -0.000000e+00
    outer loop
      vertex   3.255305e+00 2.598912e+01 5.000000e+00
      vertex   2.744695e+00 2.598912e+01 1.500000e+00
      vertex   3.255305e+00 2.598912e+01 1.500000e+00
    endloop
  endfacet
  facet normal -1.695856e-01 -9.855155e-01 -0.000000e+00
    outer loop
      vertex   3.255305e+00 2.598912e+01 5.000000e+00
      vertex   3.255305e+00 2.598912e+01 1.500000e+00
      vertex   3.758518e+00 2.590253e+01 5.000000e+00
    endloop
  endfacet
  facet normal -1.695856e-01 -9.855155e-01 -0.000000e+00
    outer loop
      vertex   3.758518e+00 2.590253e+01 5.000000e+00
      vertex   3.255305e+00 2.598912e+01 1.500000e+00
      vertex   3.758518e+00 2.590253e+01 1.500000e+00
    endloop
  endfacet
  facet normal -3.342585e-01 -9.424814e-01 -0.000000e+00
    outer loop
      vertex   3.758518e+00 2.590253e+01 5.000000e+00
      vertex   3.758518e+00 2.590253e+01 1.500000e+00
      vertex   4.239758e+00 2.573185e+01 5.000000e+00
    endloop
  endfacet
  facet normal -3.342585e-01 -9.424814e-01 -0.000000e+00
    outer loop
      vertex   4.239758e+00 2.573185e+01 5.000000e+00
      vertex   3.758518e+00 2.590253e+01 1.500000e+00
      vertex   4.239758e+00 2.573185e+01 1.500000e+00
    endloop
  endfacet
  facet normal -4.892482e-01 -8.721446e-01 -0.000000e+00
    outer loop
      vertex   4.239758e+00 2.573185e+01 5.000000e+00
      vertex   4.239758e+00 2.573185e+01 1.500000e+00
      vertex   4.685083e+00 2.548204e+01 5.000000e+00
    endloop
  endfacet
  facet normal -4.892482e-01 -8.721446e-01 -0.000000e+00
    outer loop
      vertex   4.685083e+00 2.548204e+01 5.000000e+00
      vertex   4.239758e+00 2.573185e+01 1.500000e+00
      vertex   4.685083e+00 2.548204e+01 1.500000e+00
    endloop
  endfacet
  facet normal -6.300649e-01 -7.765425e-01 -0.000000e+00
    outer loop
      vertex   4.685083e+00 2.548204e+01 5.000000e+00
      vertex   4.685083e+00 2.548204e+01 1.500000e+00
      vertex   5.081592e+00 2.516032e+01 5.000000e+00
    endloop
  endfacet
  facet normal -6.300649e-01 -7.765425e-01 -0.000000e+00
    outer loop
      vertex   5.081592e+00 2.516032e+01 5.000000e+00
      vertex   4.685083e+00 2.548204e+01 1.500000e+00
      vertex   5.081592e+00 2.516032e+01 1.500000e+00
    endloop
  endfacet
  facet normal -7.526291e-01 -6.584447e-01 -0.000000e+00
    outer loop
      vertex   5.081592e+00 2.516032e+01 5.000000e+00
      vertex   5.081592e+00 2.516032e+01 1.500000e+00
      vertex   5.417800e+00 2.477602e+01 5.000000e+00
    endloop
  endfacet
  facet normal -7.526291e-01 -6.584447e-01 -0.000000e+00
    outer loop
      vertex   5.417800e+00 2.477602e+01 5.000000e+00
      vertex   5.081592e+00 2.516032e+01 1.500000e+00
      vertex   5.417800e+00 2.477602e+01 1.500000e+00
    endloop
  endfacet
  facet normal -8.533904e-01 -5.212724e-01 -0.000000e+00
    outer loop
      vertex   5.417800e+00 2.477602e+01 5.000000e+00
      vertex   5.417800e+00 2.477602e+01 1.500000e+00
      vertex   5.683967e+00 2.434027e+01 5.000000e+00
    endloop
  endfacet
  facet normal -8.533904e-01 -5.212724e-01 -0.000000e+00
    outer loop
      vertex   5.683967e+00 2.434027e+01 5.000000e+00
      vertex   5.417800e+00 2.477602e+01 1.500000e+00
      vertex   5.683967e+00 2.434027e+01 1.500000e+00
    endloop
  endfacet
  facet normal -9.294297e-01 -3.689992e-01 -0.000000e+00
    outer loop
      vertex   5.683967e+00 2.434027e+01 5.000000e+00
      vertex   5.683967e+00 2.434027e+01 1.500000e+00
      vertex   5.872381e+00 2.386569e+01 5.000000e+00
    endloop
  endfacet
  facet normal -9.294297e-01 -3.689992e-01 -0.000000e+00
    outer loop
      vertex   5.872381e+00 2.386569e+01 5.000000e+00
      vertex   5.683967e+00 2.434027e+01 1.500000e+00
      vertex   5.872381e+00 2.386569e+01 1.500000e+00
    endloop
  endfacet
  facet normal -9.785443e-01 -2.060365e-01 -0.000000e+00
    outer loop
      vertex   5.872381e+00 2.386569e+01 5.000000e+00
      vertex   5.872381e+00 2.386569e+01 1.500000e+00
      vertex   5.977585e+00 2.336604e+01 5.000000e+00
    endloop
  endfacet
  facet normal -9.785443e-01 -2.060365e-01 -0.000000e+00
    outer loop
      vertex   5.977585e+00 2.336604e+01 5.000000e+00
      vertex   5.872381e+00 2.386569e+01 1.500000e+00
      vertex   5.977585e+00 2.336604e+01 1.500000e+00
    endloop
  endfacet
  facet normal -9.993114e-01 -3.710514e-02 -0.000000e+00
    outer loop
      vertex   5.977585e+00 2.336604e+01 5.000000e+00
      vertex   5.977585e+00 2.336604e+01 1.500000e+00
      vertex   5.996532e+00 2.285578e+01 5.000000e+00
    endloop
  endfacet
  facet normal -9.993114e-01 -3.710514e-02 -0.000000e+00
    outer loop
      vertex   5.996532e+00 2.285578e+01 5.000000e+00
      vertex   5.977585e+00 2.336604e+01 1.500000e+00
      vertex   5.996532e+00 2.285578e+01 1.500000e+00
    endloop
  endfacet
  facet normal -9.911293e-01 1.329011e-01 0.000000e+00
    outer loop
      vertex   5.996532e+00 2.285578e+01 5.000000e+00
      vertex   5.996532e+00 2.285578e+01 1.500000e+00
      vertex   5.928671e+00 2.234970e+01 5.000000e+00
    endloop
  endfacet
  facet normal -9.911293e-01 1.329011e-01 0.000000e+00
    outer loop
      vertex   5.928671e+00 2.234970e+01 5.000000e+00
      vertex   5.996532e+00 2.285578e+01 1.500000e+00
      vertex   5.928671e+00 2.234970e+01 1.500000e+00
    endloop
  endfacet
  facet normal -9.542351e-01 2.990574e-01 0.000000e+00
    outer loop
      vertex   5.928671e+00 2.234970e+01 5.000000e+00
      vertex   5.928671e+00 2.234970e+01 1.500000e+00
      vertex   5.775970e+00 2.186246e+01 5.000000e+00
    endloop
  endfacet
  facet normal -9.542351e-01 2.990574e-01 0.000000e+00
    outer loop
      vertex   5.775970e+00 2.186246e+01 5.000000e+00
      vertex   5.928671e+00 2.234970e+01 1.500000e+00
      vertex   5.775970e+00 2.186246e+01 1.500000e+00
    endloop
  endfacet
  facet normal -8.896976e-01 4.565503e-01 0.000000e+00
    outer loop
      vertex   5.775970e+00 2.186246e+01 5.000000e+00
      vertex   5.775970e+00 2.186246e+01 1.500000e+00
      vertex   5.542851e+00 2.140817e+01 5.000000e+00
    endloop
  endfacet
  facet normal -8.896976e-01 4.565503e-01 0.000000e+00
    outer loop
      vertex   5.542851e+00 2.140817e+01 5.000000e+00
      vertex   5.775970e+00 2.186246e+01 1.500000e+00
      vertex   5.542851e+00 2.140817e+01 1.500000e+00
    endloop
  endfacet
  facet normal -7.993864e-01 6.008173e-01 0.000000e+00
    outer loop
      vertex   5.542851e+00 2.140817e+01 5.000000e+00
      vertex   5.542851e+00 2.140817e+01 1.500000e+00
      vertex   5.236068e+00 2.100000e+01 5.000000e+00
    endloop
  endfacet
  facet normal -7.993864e-01 6.008173e-01 0.000000e+00
    outer loop
      vertex   5.236068e+00 2.100000e+01 5.000000e+00
      vertex   5.542851e+00 2.140817e+01 1.500000e+00
      vertex   5.236068e+00 2.100000e+01 1.500000e+00
    endloop
  endfacet
  facet normal 0.000000e+00 0.000000e+00 1.000000e+00
    outer loop
      vertex   1.443128e+00 2.336899e+01 1.500000e+00
      vertex   2.241471e-02 2.336604e+01 1.500000e+00
      vertex   1.400000e+00 2.300000e+01 1.500000e+00
    endloop
  endfacet
  facet normal 0.000000e+00 0.000000e+00 1.000000e+00
    outer loop
      vertex   1.400000e+00 2.300000e+01 1.500000e+00
      vertex   2.241471e-02 2.336604e+01 1.500000e+00
      vertex   3.468482e-03 2.285578e+01 1.500000e+00
    endloop
  endfacet
  facet normal 0.000000e+00 0.000000e+00 1.000000e+00
    outer loop
      vertex   1.400000e+00 2.300000e+01 1.500000e+00
      vertex   3.468482e-03 2.285578e+01 1.500000e+00
      vertex   1.443128e+00 2.263101e+01 1.500000e+00
    endloop
  endfacet
  facet normal 0.000000e+00 0.000000e+00 1.000000e+00
    outer loop
      vertex   1.443128e+00 2.263101e+01 1.500000e+00
      vertex   3.468482e-03 2.285578e+01 1.500000e+00
      vertex   7.132903e-02 2.234970e+01 1.500000e+00
    endloop
  endfacet
  facet normal 0.000000e+00 0.000000e+00 1.000000e+00
    outer loop
      vertex   1.443128e+00 2.263101e+01 1.500000e+00
      vertex   7.132903e-02 2.234970e+01 1.500000e+00
      vertex   1.570188e+00 2.228192e+01 1.500000e+00
    endloop
  endfacet
  facet normal 0.000000e+00 0.000000e+00 1.000000e+00
    outer loop
      vertex   1.570188e+00 2.228192e+01 1.500000e+00
      vertex   7.132903e-02 2.234970e+01 1.500000e+00
      vertex   2.240305e-01 2.186246e+01 1.500000e+00
    endloop
  endfacet
  facet normal 0.000000e+00 0.000000e+00 1.000000e+00
    outer loop
      vertex   1.570188e+00 2.228192e+01 1.500000e+00
      vertex   2.240305e-01 2.186246e+01 1.500000e+00
      vertex   4.571493e-01 2.140817e+01 1.500000e+00
    endloop
  endfacet
  facet normal 0.000000e+00 0.000000e+00 1.000000e+00
    outer loop
      vertex   2.241471e-02 2.336604e+01 1.500000e+00
      vertex   1.443128e+00 2.336899e+01 1.500000e+00
      vertex   1.276189e-01 2.386569e+01 1.500000e+00
    endloop
  endfacet
  facet normal 0.000000e+00 0.000000e+00 1.000000e+00
    outer loop
      vertex   1.276189e-01 2.386569e+01 1.500000e+00
      vertex   1.443128e+00 2.336899e+01 1.500000e+00
      vertex   1.570188e+00 2.371808e+01 1.500000e+00
    endloop
  endfacet
  facet normal -0.000000e+00 0.000000e+00 1.000000e+00
    outer loop
      vertex   1.276189e-01 2.386569e+01 1.500000e+00
      vertex   1.570188e+00 2.371808e+01 1.500000e+00
      vertex   3.160333e-01 2.434027e+01 1.500000e+00
    endloop
  endfacet
  facet normal 0.000000e+00 0.000000e+00 1.000000e+00
    outer loop
      vertex   3.160333e-01 2.434027e+01 1.500000e+00
      vertex   1.570188e+00 2.371808e+01 1.500000e+00
      vertex   1.774329e+00 2.402846e+01 1.500000e+00
    endloop
  endfacet
  facet normal -0.000000e+00 0.000000e+00 1.000000e+00
    outer loop
      vertex   3.160333e-01 2.434027e+01 1.500000e+00
      vertex   1.774329e+00 2.402846e+01 1.500000e+00
      vertex   5.821997e-01 2.477602e+01 1.500000e+00
    endloop
  endfacet
  facet normal 0.000000e+00 0.000000e+00 1.000000e+00
    outer loop
      vertex   5.821997e-01 2.477602e+01 1.500000e+00
      vertex   1.774329e+00 2.402846e+01 1.500000e+00
      vertex   2.044546e+00 2.428340e+01 1.500000e+00
    endloop
  endfacet
  facet normal -0.000000e+00 0.000000e+00 1.000000e+00
    outer loop
      vertex   5.821997e-01 2.477602e+01 1.500000e+00
      vertex   2.044546e+00 2.428340e+01 1.500000e+00
      vertex   9.184077e-01 2.516032e+01 1.500000e+00
    endloop
  endfacet
  facet normal -0.000000e+00 0.000000e+00 1.000000e+00
    outer loop
      vertex   9.184077e-01 2.516032e+01 1.500000e+00
      vertex   2.044546e+00 2.428340e+01 1.500000e+00
      vertex   1.314917e+00 2.548204e+01 1.500000e+00
    endloop
  endfacet
  facet normal 0.000000e+00 0.000000e+00 1.000000e+00
    outer loop
      vertex   1.314917e+00 2.548204e+01 1.500000e+00
      vertex   2.044546e+00 2.428340e+01 1.500000e+00
      vertex   2.366272e+00 2.446915e+01 1.500000e+00
    endloop
  endfacet
  facet normal -0.000000e+00 0.000000e+00 1.000000e+00
    outer loop
      vertex   1.314917e+00 2.548204e+01 1.500000e+00
      vertex   2.366272e+00 2.446915e+01 1.500000e+00
      vertex   1.760242e+00 2.573185e+01 1.500000e+00
    endloop
  endfacet
  facet normal 0.000000e+00 0.000000e+00 1.000000e+00
    outer loop
      vertex   1.760242e+00 2.573185e+01 1.500000e+00
      vertex   2.366272e+00 2.446915e+01 1.500000e+00
      vertex   2.722163e+00 2.457569e+01 1.500000e+00
    endloop
  endfacet
  facet normal -0.000000e+00 0.000000e+00 1.000000e+00
    outer loop
      vertex   1.760242e+00 2.573185e+01 1.500000e+00
      vertex   2.722163e+00 2.457569e+01 1.500000e+00
      vertex   2.241482e+00 2.590253e+01 1.500000e+00
    endloop
  endfacet
  facet normal -0.000000e+00 0.000000e+00 1.000000e+00
    outer loop
      vertex   2.241482e+00 2.590253e+01 1.500000e+00
      vertex   2.722163e+00 2.457569e+01 1.500000e+00
      vertex   2.744695e+00 2.598912e+01 1.500000e+00
    endloop
  endfacet
  facet normal 0.000000e+00 0.000000e+00 1.000000e+00
    outer loop
      vertex   2.744695e+00 2.598912e+01 1.500000e+00
      vertex   2.722163e+00 2.457569e+01 1.500000e+00
      vertex   3.093032e+00 2.459729e+01 1.500000e+00
    endloop
  endfacet
  facet normal -0.000000e+00 0.000000e+00 1.000000e+00
    outer loop
      vertex   2.744695e+00 2.598912e+01 1.500000e+00
      vertex   3.093032e+00 2.459729e+01 1.500000e+00
      vertex   3.255305e+00 2.598912e+01 1.500000e+00
    endloop
  endfacet
  facet normal 0.000000e+00 0.000000e+00 1.000000e+00
    outer loop
      vertex   3.255305e+00 2.598912e+01 1.500000e+00
      vertex   3.093032e+00 2.459729e+01 1.500000e+00
      vertex   3.758518e+00 2.590253e+01 1.500000e+00
    endloop
  endfacet
  facet normal 0.000000e+00 0.000000e+00 1.000000e+00
    outer loop
      vertex   3.758518e+00 2.590253e+01 1.500000e+00
      vertex   3.093032e+00 2.459729e+01 1.500000e+00
      vertex   3.458885e+00 2.453278e+01 1.500000e+00
    endloop
  endfacet
  facet normal 0.000000e+00 0.000000e+00 1.000000e+00
    outer loop
      vertex   3.758518e+00 2.590253e+01 1.500000e+00
      vertex   3.458885e+00 2.453278e+01 1.500000e+00
      vertex   4.239758e+00 2.573185e+01 1.500000e+00
    endloop
  endfacet
  facet normal 0.000000e+00 0.000000e+00 1.000000e+00
    outer loop
      vertex   4.239758e+00 2.573185e+01 1.500000e+00
      vertex   3.458885e+00 2.453278e+01 1.500000e+00
      vertex   3.800000e+00 2.438564e+01 1.500000e+00
    endloop
  endfacet
  facet normal 0.000000e+00 0.000000e+00 1.000000e+00
    outer loop
      vertex   4.239758e+00 2.573185e+01 1.500000e+00
      vertex   3.800000e+00 2.438564e+01 1.500000e+00
      vertex   4.685083e+00 2.548204e+01 1.500000e+00
    endloop
  endfacet
  facet normal 0.000000e+00 0.000000e+00 1.000000e+00
    outer loop
      vertex   4.685083e+00 2.548204e+01 1.500000e+00
      vertex   3.800000e+00 2.438564e+01 1.500000e+00
      vertex   5.081592e+00 2.516032e+01 1.500000e+00
    endloop
  endfacet
  facet normal 0.000000e+00 0.000000e+00 1.000000e+00
    outer loop
      vertex   5.081592e+00 2.516032e+01 1.500000e+00
      vertex   3.800000e+00 2.438564e+01 1.500000e+00
      vertex   4.097987e+00 2.416380e+01 1.500000e+00
    endloop
  endfacet
  facet normal 0.000000e+00 0.000000e+00 1.000000e+00
    outer loop
      vertex   5.081592e+00 2.516032e+01 1.500000e+00
      vertex   4.097987e+00 2.416380e+01 1.500000e+00
      vertex   5.417800e+00 2.477602e+01 1.500000e+00
    endloop
  endfacet
  facet normal 0.000000e+00 0.000000e+00 1.000000e+00
    outer loop
      vertex   5.417800e+00 2.477602e+01 1.500000e+00
      vertex   4.097987e+00 2.416380e+01 1.500000e+00
      vertex   4.336780e+00 2.387921e+01 1.500000e+00
    endloop
  endfacet
  facet normal 0.000000e+00 0.000000e+00 1.000000e+00
    outer loop
      vertex   5.417800e+00 2.477602e+01 1.500000e+00
      vertex   4.336780e+00 2.387921e+01 1.500000e+00
      vertex   5.683967e+00 2.434027e+01 1.500000e+00
    endloop
  endfacet
  facet normal 0.000000e+00 0.000000e+00 1.000000e+00
    outer loop
      vertex   5.683967e+00 2.434027e+01 1.500000e+00
      vertex   4.336780e+00 2.387921e+01 1.500000e+00
      vertex   4.503508e+00 2.354723e+01 1.500000e+00
    endloop
  endfacet
  facet normal 0.000000e+00 0.000000e+00 1.000000e+00
    outer loop
      vertex   5.683967e+00 2.434027e+01 1.500000e+00
      vertex   4.503508e+00 2.354723e+01 1.500000e+00
      vertex   5.872381e+00 2.386569e+01 1.500000e+00
    endloop
  endfacet
  facet normal 0.000000e+00 0.000000e+00 1.000000e+00
    outer loop
      vertex   5.872381e+00 2.386569e+01 1.500000e+00
      vertex   4.503508e+00 2.354723e+01 1.500000e+00
      vertex   5.977585e+00 2.336604e+01 1.500000e+00
    endloop
  endfacet
  facet normal 0.000000e+00 0.000000e+00 1.000000e+00
    outer loop
      vertex   5.977585e+00 2.336604e+01 1.500000e+00
      vertex   4.503508e+00 2.354723e+01 1.500000e+00
      vertex   4.589181e+00 2.318575e+01 1.500000e+00
    endloop
  endfacet
  facet normal 0.000000e+00 0.000000e+00 1.000000e+00
    outer loop
      vertex   5.977585e+00 2.336604e+01 1.500000e+00
      vertex   4.589181e+00 2.318575e+01 1.500000e+00
      vertex   5.996532e+00 2.285578e+01 1.500000e+00
    endloop
  endfacet
  facet normal 0.000000e+00 0.000000e+00 1.000000e+00
    outer loop
      vertex   5.996532e+00 2.285578e+01 1.500000e+00
      vertex   4.589181e+00 2.318575e+01 1.500000e+00
      vertex   4.589181e+00 2.281425e+01 1.500000e+00
    endloop
  endfacet
  facet normal 0.000000e+00 0.000000e+00 1.000000e+00
    outer loop
      vertex   5.996532e+00 2.285578e+01 1.500000e+00
      vertex   4.589181e+00 2.281425e+01 1.500000e+00
      vertex   5.928671e+00 2.234970e+01 1.500000e+00
    endloop
  endfacet
  facet normal 0.000000e+00 0.000000e+00 1.000000e+00
    outer loop
      vertex   5.928671e+00 2.234970e+01 1.500000e+00
      vertex   4.589181e+00 2.281425e+01 1.500000e+00
      vertex   4.503508e+00 2.245277e+01 1.500000e+00
    endloop
  endfacet
  facet normal 0.000000e+00 0.000000e+00 1.000000e+00
    outer loop
      vertex   5.928671e+00 2.234970e+01 1.500000e+00
      vertex   4.503508e+00 2.245277e+01 1.500000e+00
      vertex   5.775970e+00 2.186246e+01 1.500000e+00
    endloop
  endfacet
  facet normal 0.000000e+00 0.000000e+00 1.000000e+00
    outer loop
      vertex   5.775970e+00 2.186246e+01 1.500000e+00
      vertex   4.503508e+00 2.245277e+01 1.500000e+00
      vertex   4.336780e+00 2.212079e+01 1.500000e+00
    endloop
  endfacet
  facet normal 0.000000e+00 0.000000e+00 1.000000e+00
    outer loop
      vertex   5.775970e+00 2.186246e+01 1.500000e+00
      vertex   4.336780e+00 2.212079e+01 1.500000e+00
      vertex   5.542851e+00 2.140817e+01 1.500000e+00
    endloop
  endfacet
  facet normal 0.000000e+00 0.000000e+00 1.000000e+00
    outer loop
      vertex   5.542851e+00 2.140817e+01 1.500000e+00
      vertex   4.336780e+00 2.212079e+01 1.500000e+00
      vertex   4.097987e+00 2.183620e+01 1.500000e+00
    endloop
  endfacet
  facet normal 0.000000e+00 0.000000e+00 1.000000e+00
    outer loop
      vertex   5.542851e+00 2.140817e+01 1.500000e+00
      vertex   4.097987e+00 2.183620e+01 1.500000e+00
      vertex   5.236068e+00 2.100000e+01 1.500000e+00
    endloop
  endfacet
  facet normal 0.000000e+00 0.000000e+00 1.000000e+00
    outer loop
      vertex   5.236068e+00 2.100000e+01 1.500000e+00
      vertex   4.097987e+00 2.183620e+01 1.500000e+00
      vertex   3.800000e+00 2.161436e+01 1.500000e+00
    endloop
  endfacet
  facet normal 0.000000e+00 0.000000e+00 1.000000e+00
    outer loop
      vertex   5.236068e+00 2.100000e+01 1.500000e+00
      vertex   3.800000e+00 2.161436e+01 1.500000e+00
      vertex   3.458885e+00 2.146722e+01 1.500000e+00
    endloop
  endfacet
  facet normal 0.000000e+00 0.000000e+00 1.000000e+00
    outer loop
      vertex   3.458885e+00 2.146722e+01 1.500000e+00
      vertex   3.093032e+00 2.140271e+01 1.500000e+00
      vertex   5.236068e+00 2.100000e+01 1.500000e+00
    endloop
  endfacet
  facet normal 0.000000e+00 0.000000e+00 1.000000e+00
    outer loop
      vertex   5.236068e+00 2.100000e+01 1.500000e+00
      vertex   3.093032e+00 2.140271e+01 1.500000e+00
      vertex   7.639321e-01 2.100000e+01 1.500000e+00
    endloop
  endfacet
  facet normal 0.000000e+00 0.000000e+00 1.000000e+00
    outer loop
      vertex   7.639321e-01 2.100000e+01 1.500000e+00
      vertex   3.093032e+00 2.140271e+01 1.500000e+00
      vertex   2.722163e+00 2.142431e+01 1.500000e+00
    endloop
  endfacet
  facet normal 0.000000e+00 0.000000e+00 1.000000e+00
    outer loop
      vertex   7.639321e-01 2.100000e+01 1.500000e+00
      vertex   2.722163e+00 2.142431e+01 1.500000e+00
      vertex   2.366272e+00 2.153085e+01 1.500000e+00
    endloop
  endfacet
  facet normal 0.000000e+00 0.000000e+00 1.000000e+00
    outer loop
      vertex   2.366272e+00 2.153085e+01 1.500000e+00
      vertex   2.044546e+00 2.171660e+01 1.500000e+00
      vertex   7.639321e-01 2.100000e+01 1.500000e+00
    endloop
  endfacet
  facet normal 0.000000e+00 0.000000e+00 1.000000e+00
    outer loop
      vertex   7.639321e-01 2.100000e+01 1.500000e+00
      vertex   2.044546e+00 2.171660e+01 1.500000e+00
      vertex   1.774329e+00 2.197154e+01 1.500000e+00
    endloop
  endfacet
  facet normal 0.000000e+00 -0.000000e+00 1.000000e+00
    outer loop
      vertex   7.639321e-01 2.100000e+01 1.500000e+00
      vertex   1.774329e+00 2.197154e+01 1.500000e+00
      vertex   4.571493e-01 2.140817e+01 1.500000e+00
    endloop
  endfacet
  facet normal 0.000000e+00 0.000000e+00 1.000000e+00
    outer loop
      vertex   4.571493e-01 2.140817e+01 1.500000e+00
      vertex   1.774329e+00 2.197154e+01 1.500000e+00
      vertex   1.570188e+00 2.228192e+01 1.500000e+00
    endloop
  endfacet
  facet normal -9.963975e-01 -8.480604e-02 -0.000000e+00
    outer loop
      vertex   -2.000000e+00 -2.000000e+01 5.000000e+00
      vertex   -2.043152e+00 -1.949300e+01 5.000000e+00
      vertex   -2.000000e+00 -2.000000e+01 1.500000e+00
    endloop
  endfacet
  facet normal -9.963975e-01 -8.480604e-02 0.000000e+00
    outer loop
      vertex   -2.000000e+00 -2.000000e+01 1.500000e+00
      vertex   -2.043152e+00 -1.949300e+01 5.000000e+00
      vertex   -2.043152e+00 -1.949300e+01 1.500000e+00
    endloop
  endfacet
  facet normal -9.677329e-01 -2.519781e-01 0.000000e+00
    outer loop
      vertex   -2.043152e+00 -1.949300e+01 1.500000e+00
      vertex   -2.043152e+00 -1.949300e+01 5.000000e+00
      vertex   -2.171368e+00 -1.900058e+01 5.000000e+00
    endloop
  endfacet
  facet normal -9.677329e-01 -2.519781e-01 0.000000e+00
    outer loop
      vertex   -2.043152e+00 -1.949300e+01 1.500000e+00
      vertex   -2.171368e+00 -1.900058e+01 5.000000e+00
      vertex   -2.171368e+00 -1.900058e+01 1.500000e+00
    endloop
  endfacet
  facet normal -9.112285e-01 -4.119012e-01 0.000000e+00
    outer loop
      vertex   -2.171368e+00 -1.900058e+01 1.500000e+00
      vertex   -2.171368e+00 -1.900058e+01 5.000000e+00
      vertex   -2.380958e+00 -1.853692e+01 5.000000e+00
    endloop
  endfacet
  facet normal -9.112285e-01 -4.119012e-01 0.000000e+00
    outer loop
      vertex   -2.171368e+00 -1.900058e+01 1.500000e+00
      vertex   -2.380958e+00 -1.853692e+01 5.000000e+00
      vertex   -2.380958e+00 -1.853692e+01 1.500000e+00
    endloop
  endfacet
  facet normal -8.285096e-01 -5.599748e-01 0.000000e+00
    outer loop
      vertex   -2.380958e+00 -1.853692e+01 1.500000e+00
      vertex   -2.380958e+00 -1.853692e+01 5.000000e+00
      vertex   -2.665893e+00 -1.811534e+01 5.000000e+00
    endloop
  endfacet
  facet normal -8.285096e-01 -5.599748e-01 0.000000e+00
    outer loop
      vertex   -2.380958e+00 -1.853692e+01 1.500000e+00
      vertex   -2.665893e+00 -1.811534e+01 5.000000e+00
      vertex   -2.665893e+00 -1.811534e+01 1.500000e+00
    endloop
  endfacet
  facet normal -7.219561e-01 -6.919389e-01 0.000000e+00
    outer loop
      vertex   -2.665893e+00 -1.811534e+01 1.500000e+00
      vertex   -2.665893e+00 -1.811534e+01 5.000000e+00
      vertex   -3.017976e+00 -1.774798e+01 5.000000e+00
    endloop
  endfacet
  facet normal -7.219561e-01 -6.919389e-01 0.000000e+00
    outer loop
      vertex   -2.665893e+00 -1.811534e+01 1.500000e+00
      vertex   -3.017976e+00 -1.774798e+01 5.000000e+00
      vertex   -3.017976e+00 -1.774798e+01 1.500000e+00
    endloop
  endfacet
  facet normal -5.946332e-01 -8.039971e-01 0.000000e+00
    outer loop
      vertex   -3.017976e+00 -1.774798e+01 1.500000e+00
      vertex   -3.017976e+00 -1.774798e+01 5.000000e+00
      vertex   -3.427078e+00 -1.744541e+01 5.000000e+00
    endloop
  endfacet
  facet normal -5.946332e-01 -8.039971e-01 0.000000e+00
    outer loop
      vertex   -3.017976e+00 -1.774798e+01 1.500000e+00
      vertex   -3.427078e+00 -1.744541e+01 5.000000e+00
      vertex   -3.427078e+00 -1.744541e+01 1.500000e+00
    endloop
  endfacet
  facet normal -4.502037e-01 -8.929259e-01 0.000000e+00
    outer loop
      vertex   -3.427078e+00 -1.744541e+01 1.500000e+00
      vertex   -3.427078e+00 -1.744541e+01 5.000000e+00
      vertex   -3.881431e+00 -1.721633e+01 5.000000e+00
    endloop
  endfacet
  facet normal -4.502037e-01 -8.929259e-01 0.000000e+00
    outer loop
      vertex   -3.427078e+00 -1.744541e+01 1.500000e+00
      vertex   -3.881431e+00 -1.721633e+01 5.000000e+00
      vertex   -3.881431e+00 -1.721633e+01 1.500000e+00
    endloop
  endfacet
  facet normal -2.928228e-01 -9.561667e-01 0.000000e+00
    outer loop
      vertex   -3.881431e+00 -1.721633e+01 1.500000e+00
      vertex   -3.881431e+00 -1.721633e+01 5.000000e+00
      vertex   -4.367962e+00 -1.706733e+01 5.000000e+00
    endloop
  endfacet
  facet normal -2.928228e-01 -9.561667e-01 0.000000e+00
    outer loop
      vertex   -3.881431e+00 -1.721633e+01 1.500000e+00
      vertex   -4.367962e+00 -1.706733e+01 5.000000e+00
      vertex   -4.367962e+00 -1.706733e+01 1.500000e+00
    endloop
  endfacet
  facet normal -1.270178e-01 -9.919004e-01 0.000000e+00
    outer loop
      vertex   -4.367962e+00 -1.706733e+01 1.500000e+00
      vertex   -4.367962e+00 -1.706733e+01 5.000000e+00
      vertex   -4.872676e+00 -1.700270e+01 5.000000e+00
    endloop
  endfacet
  facet normal -1.270178e-01 -9.919004e-01 0.000000e+00
    outer loop
      vertex   -4.367962e+00 -1.706733e+01 1.500000e+00
      vertex   -4.872676e+00 -1.700270e+01 5.000000e+00
      vertex   -4.872676e+00 -1.700270e+01 1.500000e+00
    endloop
  endfacet
  facet normal 4.244120e-02 -9.990990e-01 0.000000e+00
    outer loop
      vertex   -4.872676e+00 -1.700270e+01 1.500000e+00
      vertex   -4.872676e+00 -1.700270e+01 5.000000e+00
      vertex   -5.381054e+00 -1.702430e+01 5.000000e+00
    endloop
  endfacet
  facet normal 4.244120e-02 -9.990990e-01 0.000000e+00
    outer loop
      vertex   -4.872676e+00 -1.700270e+01 1.500000e+00
      vertex   -5.381054e+00 -1.702430e+01 5.000000e+00
      vertex   -5.381054e+00 -1.702430e+01 1.500000e+00
    endloop
  endfacet
  facet normal 2.106793e-01 -9.775552e-01 0.000000e+00
    outer loop
      vertex   -5.381054e+00 -1.702430e+01 1.500000e+00
      vertex   -5.381054e+00 -1.702430e+01 5.000000e+00
      vertex   -5.878468e+00 -1.713150e+01 5.000000e+00
    endloop
  endfacet
  facet normal 2.106793e-01 -9.775552e-01 0.000000e+00
    outer loop
      vertex   -5.381054e+00 -1.702430e+01 1.500000e+00
      vertex   -5.878468e+00 -1.713150e+01 5.000000e+00
      vertex   -5.878468e+00 -1.713150e+01 1.500000e+00
    endloop
  endfacet
  facet normal 3.728565e-01 -9.278890e-01 0.000000e+00
    outer loop
      vertex   -5.878468e+00 -1.713150e+01 1.500000e+00
      vertex   -5.878468e+00 -1.713150e+01 5.000000e+00
      vertex   -6.350611e+00 -1.732122e+01 5.000000e+00
    endloop
  endfacet
  facet normal 3.728565e-01 -9.278890e-01 0.000000e+00
    outer loop
      vertex   -5.878468e+00 -1.713150e+01 1.500000e+00
      vertex   -6.350611e+00 -1.732122e+01 5.000000e+00
      vertex   -6.350611e+00 -1.732122e+01 1.500000e+00
    endloop
  endfacet
  facet normal 5.243073e-01 -8.515291e-01 0.000000e+00
    outer loop
      vertex   -6.350611e+00 -1.732122e+01 1.500000e+00
      vertex   -6.350611e+00 -1.732122e+01 5.000000e+00
      vertex   -6.783900e+00 -1.758801e+01 5.000000e+00
    endloop
  endfacet
  facet normal 5.243073e-01 -8.515291e-01 0.000000e+00
    outer loop
      vertex   -6.350611e+00 -1.732122e+01 1.500000e+00
      vertex   -6.783900e+00 -1.758801e+01 5.000000e+00
      vertex   -6.783900e+00 -1.758801e+01 1.500000e+00
    endloop
  endfacet
  facet normal 6.606747e-01 -7.506723e-01 0.000000e+00
    outer loop
      vertex   -6.783900e+00 -1.758801e+01 1.500000e+00
      vertex   -6.783900e+00 -1.758801e+01 5.000000e+00
      vertex   -7.165868e+00 -1.792418e+01 5.000000e+00
    endloop
  endfacet
  facet normal 6.606747e-01 -7.506723e-01 0.000000e+00
    outer loop
      vertex   -6.783900e+00 -1.758801e+01 1.500000e+00
      vertex   -7.165868e+00 -1.792418e+01 5.000000e+00
      vertex   -7.165868e+00 -1.792418e+01 1.500000e+00
    endloop
  endfacet
  facet normal 7.780358e-01 -6.282200e-01 0.000000e+00
    outer loop
      vertex   -7.165868e+00 -1.792418e+01 1.500000e+00
      vertex   -7.165868e+00 -1.792418e+01 5.000000e+00
      vertex   -7.485529e+00 -1.832008e+01 5.000000e+00
    endloop
  endfacet
  facet normal 7.780358e-01 -6.282200e-01 0.000000e+00
    outer loop
      vertex   -7.165868e+00 -1.792418e+01 1.500000e+00
      vertex   -7.485529e+00 -1.832008e+01 5.000000e+00
      vertex   -7.485529e+00 -1.832008e+01 1.500000e+00
    endloop
  endfacet
  facet normal 8.730141e-01 -4.876949e-01 0.000000e+00
    outer loop
      vertex   -7.485529e+00 -1.832008e+01 1.500000e+00
      vertex   -7.485529e+00 -1.832008e+01 5.000000e+00
      vertex   -7.733686e+00 -1.876430e+01 5.000000e+00
    endloop
  endfacet
  facet normal 8.730141e-01 -4.876949e-01 0.000000e+00
    outer loop
      vertex   -7.485529e+00 -1.832008e+01 1.500000e+00
      vertex   -7.733686e+00 -1.876430e+01 5.000000e+00
      vertex   -7.733686e+00 -1.876430e+01 1.500000e+00
    endloop
  endfacet
  facet normal 9.428774e-01 -3.331398e-01 0.000000e+00
    outer loop
      vertex   -7.733686e+00 -1.876430e+01 1.500000e+00
      vertex   -7.733686e+00 -1.876430e+01 5.000000e+00
      vertex   -7.903199e+00 -1.924407e+01 5.000000e+00
    endloop
  endfacet
  facet normal 9.428774e-01 -3.331398e-01 0.000000e+00
    outer loop
      vertex   -7.733686e+00 -1.876430e+01 1.500000e+00
      vertex   -7.903199e+00 -1.924407e+01 5.000000e+00
      vertex   -7.903199e+00 -1.924407e+01 1.500000e+00
    endloop
  endfacet
  facet normal 9.856159e-01 -1.690008e-01 0.000000e+00
    outer loop
      vertex   -7.903199e+00 -1.924407e+01 1.500000e+00
      vertex   -7.903199e+00 -1.924407e+01 5.000000e+00
      vertex   -7.989193e+00 -1.974558e+01 5.000000e+00
    endloop
  endfacet
  facet normal 9.856159e-01 -1.690008e-01 0.000000e+00
    outer loop
      vertex   -7.903199e+00 -1.924407e+01 1.500000e+00
      vertex   -7.989193e+00 -1.974558e+01 5.000000e+00
      vertex   -7.989193e+00 -1.974558e+01 1.500000e+00
    endloop
  endfacet
  facet normal 1.000000e+00 0.000000e+00 -0.000000e+00
    outer loop
      vertex   -7.989193e+00 -1.974558e+01 1.500000e+00
      vertex   -7.989193e+00 -1.974558e+01 5.000000e+00
      vertex   -7.989193e+00 -2.025442e+01 5.000000e+00
    endloop
  endfacet
  facet normal 1.000000e+00 0.000000e+00 0.000000e+00
    outer loop
      vertex   -7.989193e+00 -1.974558e+01 1.500000e+00
      vertex   -7.989193e+00 -2.025442e+01 5.000000e+00
      vertex   -7.989193e+00 -2.025442e+01 1.500000e+00
    endloop
  endfacet
  facet normal 9.856159e-01 1.690008e-01 -0.000000e+00
    outer loop
      vertex   -7.989193e+00 -2.025442e+01 1.500000e+00
      vertex   -7.989193e+00 -2.025442e+01 5.000000e+00
      vertex   -7.903199e+00 -2.075593e+01 5.000000e+00
    endloop
  endfacet
  facet normal 9.856159e-01 1.690008e-01 0.000000e+00
    outer loop
      vertex   -7.989193e+00 -2.025442e+01 1.500000e+00
      vertex   -7.903199e+00 -2.075593e+01 5.000000e+00
      vertex   -7.903199e+00 -2.075593e+01 1.500000e+00
    endloop
  endfacet
  facet normal 9.428774e-01 3.331398e-01 -0.000000e+00
    outer loop
      vertex   -7.903199e+00 -2.075593e+01 1.500000e+00
      vertex   -7.903199e+00 -2.075593e+01 5.000000e+00
      vertex   -7.733686e+00 -2.123570e+01 5.000000e+00
    endloop
  endfacet
  facet normal 9.428774e-01 3.331398e-01 0.000000e+00
    outer loop
      vertex   -7.903199e+00 -2.075593e+01 1.500000e+00
      vertex   -7.733686e+00 -2.123570e+01 5.000000e+00
      vertex   -7.733686e+00 -2.123570e+01 1.500000e+00
    endloop
  endfacet
  facet normal 8.730141e-01 4.876949e-01 -0.000000e+00
    outer loop
      vertex   -7.733686e+00 -2.123570e+01 1.500000e+00
      vertex   -7.733686e+00 -2.123570e+01 5.000000e+00
      vertex   -7.485529e+00 -2.167992e+01 5.000000e+00
    endloop
  endfacet
  facet normal 8.730141e-01 4.876949e-01 0.000000e+00
    outer loop
      vertex   -7.733686e+00 -2.123570e+01 1.500000e+00
      vertex   -7.485529e+00 -2.167992e+01 5.000000e+00
      vertex   -7.485529e+00 -2.167992e+01 1.500000e+00
    endloop
  endfacet
  facet normal 7.780358e-01 6.282200e-01 -0.000000e+00
    outer loop
      vertex   -7.485529e+00 -2.167992e+01 1.500000e+00
      vertex   -7.485529e+00 -2.167992e+01 5.000000e+00
      vertex   -7.165868e+00 -2.207582e+01 5.000000e+00
    endloop
  endfacet
  facet normal 7.780358e-01 6.282200e-01 0.000000e+00
    outer loop
      vertex   -7.485529e+00 -2.167992e+01 1.500000e+00
      vertex   -7.165868e+00 -2.207582e+01 5.000000e+00
      vertex   -7.165868e+00 -2.207582e+01 1.500000e+00
    endloop
  endfacet
  facet normal 6.606747e-01 7.506723e-01 -0.000000e+00
    outer loop
      vertex   -7.165868e+00 -2.207582e+01 1.500000e+00
      vertex   -7.165868e+00 -2.207582e+01 5.000000e+00
      vertex   -6.783900e+00 -2.241199e+01 5.000000e+00
    endloop
  endfacet
  facet normal 6.606747e-01 7.506723e-01 0.000000e+00
    outer loop
      vertex   -7.165868e+00 -2.207582e+01 1.500000e+00
      vertex   -6.783900e+00 -2.241199e+01 5.000000e+00
      vertex   -6.783900e+00 -2.241199e+01 1.500000e+00
    endloop
  endfacet
  facet normal 5.243073e-01 8.515291e-01 -0.000000e+00
    outer loop
      vertex   -6.783900e+00 -2.241199e+01 1.500000e+00
      vertex   -6.783900e+00 -2.241199e+01 5.000000e+00
      vertex   -6.350611e+00 -2.267878e+01 5.000000e+00
    endloop
  endfacet
  facet normal 5.243073e-01 8.515291e-01 0.000000e+00
    outer loop
      vertex   -6.783900e+00 -2.241199e+01 1.500000e+00
      vertex   -6.350611e+00 -2.267878e+01 5.000000e+00
      vertex   -6.350611e+00 -2.267878e+01 1.500000e+00
    endloop
  endfacet
  facet normal 3.728565e-01 9.278890e-01 -0.000000e+00
    outer loop
      vertex   -6.350611e+00 -2.267878e+01 1.500000e+00
      vertex   -6.350611e+00 -2.267878e+01 5.000000e+00
      vertex   -5.878468e+00 -2.286850e+01 5.000000e+00
    endloop
  endfacet
  facet normal 3.728565e-01 9.278890e-01 0.000000e+00
    outer loop
      vertex   -6.350611e+00 -2.267878e+01 1.500000e+00
      vertex   -5.878468e+00 -2.286850e+01 5.000000e+00
      vertex   -5.878468e+00 -2.286850e+01 1.500000e+00
    endloop
  endfacet
  facet normal 2.106793e-01 9.775552e-01 -0.000000e+00
    outer loop
      vertex   -5.878468e+00 -2.286850e+01 1.500000e+00
      vertex   -5.878468e+00 -2.286850e+01 5.000000e+00
      vertex   -5.381054e+00 -2.297570e+01 5.000000e+00
    endloop
  endfacet
  facet normal 2.106793e-01 9.775552e-01 0.000000e+00
    outer loop
      vertex   -5.878468e+00 -2.286850e+01 1.500000e+00
      vertex   -5.381054e+00 -2.297570e+01 5.000000e+00
      vertex   -5.381054e+00 -2.297570e+01 1.500000e+00
    endloop
  endfacet
  facet normal 4.244120e-02 9.990990e-01 -0.000000e+00
    outer loop
      vertex   -5.381054e+00 -2.297570e+01 1.500000e+00
      vertex   -5.381054e+00 -2.297570e+01 5.000000e+00
      vertex   -4.872676e+00 -2.299730e+01 5.000000e+00
    endloop
  endfacet
  facet normal 4.244120e-02 9.990990e-01 0.000000e+00
    outer loop
      vertex   -5.381054e+00 -2.297570e+01 1.500000e+00
      vertex   -4.872676e+00 -2.299730e+01 5.000000e+00
      vertex   -4.872676e+00 -2.299730e+01 1.500000e+00
    endloop
  endfacet
  facet normal -1.270178e-01 9.919004e-01 0.000000e+00
    outer loop
      vertex   -4.872676e+00 -2.299730e+01 1.500000e+00
      vertex   -4.872676e+00 -2.299730e+01 5.000000e+00
      vertex   -4.367962e+00 -2.293267e+01 5.000000e+00
    endloop
  endfacet
  facet normal -1.270178e-01 9.919004e-01 0.000000e+00
    outer loop
      vertex   -4.872676e+00 -2.299730e+01 1.500000e+00
      vertex   -4.367962e+00 -2.293267e+01 5.000000e+00
      vertex   -4.367962e+00 -2.293267e+01 1.500000e+00
    endloop
  endfacet
  facet normal -2.928228e-01 9.561667e-01 0.000000e+00
    outer loop
      vertex   -4.367962e+00 -2.293267e+01 1.500000e+00
      vertex   -4.367962e+00 -2.293267e+01 5.000000e+00
      vertex   -3.881431e+00 -2.278367e+01 5.000000e+00
    endloop
  endfacet
  facet normal -2.928228e-01 9.561667e-01 0.000000e+00
    outer loop
      vertex   -4.367962e+00 -2.293267e+01 1.500000e+00
      vertex   -3.881431e+00 -2.278367e+01 5.000000e+00
      vertex   -3.881431e+00 -2.278367e+01 1.500000e+00
    endloop
  endfacet
  facet normal -4.502037e-01 8.929259e-01 0.000000e+00
    outer loop
      vertex   -3.881431e+00 -2.278367e+01 1.500000e+00
      vertex   -3.881431e+00 -2.278367e+01 5.000000e+00
      vertex   -3.427078e+00 -2.255459e+01 5.000000e+00
    endloop
  endfacet
  facet normal -4.502037e-01 8.929259e-01 0.000000e+00
    outer loop
      vertex   -3.881431e+00 -2.278367e+01 1.500000e+00
      vertex   -3.427078e+00 -2.255459e+01 5.000000e+00
      vertex   -3.427078e+00 -2.255459e+01 1.500000e+00
    endloop
  endfacet
  facet normal -5.946332e-01 8.039971e-01 0.000000e+00
    outer loop
      vertex   -3.427078e+00 -2.255459e+01 1.500000e+00
      vertex   -3.427078e+00 -2.255459e+01 5.000000e+00
      vertex   -3.017976e+00 -2.225202e+01 5.000000e+00
    endloop
  endfacet
  facet normal -5.946332e-01 8.039971e-01 0.000000e+00
    outer loop
      vertex   -3.427078e+00 -2.255459e+01 1.500000e+00
      vertex   -3.017976e+00 -2.225202e+01 5.000000e+00
      vertex   -3.017976e+00 -2.225202e+01 1.500000e+00
    endloop
  endfacet
  facet normal -7.219561e-01 6.919389e-01 0.000000e+00
    outer loop
      vertex   -3.017976e+00 -2.225202e+01 1.500000e+00
      vertex   -3.017976e+00 -2.225202e+01 5.000000e+00
      vertex   -2.665893e+00 -2.188466e+01 5.000000e+00
    endloop
  endfacet
  facet normal -7.219561e-01 6.919389e-01 0.000000e+00
    outer loop
      vertex   -3.017976e+00 -2.225202e+01 1.500000e+00
      vertex   -2.665893e+00 -2.188466e+01 5.000000e+00
      vertex   -2.665893e+00 -2.188466e+01 1.500000e+00
    endloop
  endfacet
  facet normal -8.285096e-01 5.599748e-01 0.000000e+00
    outer loop
      vertex   -2.665893e+00 -2.188466e+01 1.500000e+00
      vertex   -2.665893e+00 -2.188466e+01 5.000000e+00
      vertex   -2.380958e+00 -2.146309e+01 5.000000e+00
    endloop
  endfacet
  facet normal -8.285096e-01 5.599748e-01 0.000000e+00
    outer loop
      vertex   -2.665893e+00 -2.188466e+01 1.500000e+00
      vertex   -2.380958e+00 -2.146309e+01 5.000000e+00
      vertex   -2.380958e+00 -2.146309e+01 1.500000e+00
    endloop
  endfacet
  facet normal -9.112285e-01 4.119012e-01 0.000000e+00
    outer loop
      vertex   -2.380958e+00 -2.146309e+01 1.500000e+00
      vertex   -2.380958e+00 -2.146309e+01 5.000000e+00
      vertex   -2.171368e+00 -2.099942e+01 5.000000e+00
    endloop
  endfacet
  facet normal -9.112285e-01 4.119012e-01 0.000000e+00
    outer loop
      vertex   -2.380958e+00 -2.146309e+01 1.500000e+00
      vertex   -2.171368e+00 -2.099942e+01 5.000000e+00
      vertex   -2.171368e+00 -2.099942e+01 1.500000e+00
    endloop
  endfacet
  facet normal -9.677329e-01 2.519781e-01 0.000000e+00
    outer loop
      vertex   -2.171368e+00 -2.099942e+01 1.500000e+00
      vertex   -2.171368e+00 -2.099942e+01 5.000000e+00
      vertex   -2.043152e+00 -2.050700e+01 5.000000e+00
    endloop
  endfacet
  facet normal -9.677329e-01 2.519781e-01 0.000000e+00
    outer loop
      vertex   -2.171368e+00 -2.099942e+01 1.500000e+00
      vertex   -2.043152e+00 -2.050700e+01 5.000000e+00
      vertex   -2.043152e+00 -2.050700e+01 1.500000e+00
    endloop
  endfacet
  facet normal -9.963975e-01 8.480604e-02 0.000000e+00
    outer loop
      vertex   -2.043152e+00 -2.050700e+01 1.500000e+00
      vertex   -2.043152e+00 -2.050700e+01 5.000000e+00
      vertex   -2.000000e+00 -2.000000e+01 5.000000e+00
    endloop
  endfacet
  facet normal -9.963975e-01 8.480604e-02 0.000000e+00
    outer loop
      vertex   -2.043152e+00 -2.050700e+01 1.500000e+00
      vertex   -2.000000e+00 -2.000000e+01 5.000000e+00
      vertex   -2.000000e+00 -2.000000e+01 1.500000e+00
    endloop
  endfacet
  facet normal 0.000000e+00 0.000000e+00 1.000000e+00
    outer loop
      vertex   -6.556872e+00 -1.963101e+01 1.500000e+00
      vertex   -7.989193e+00 -1.974558e+01 1.500000e+00
      vertex   -6.600000e+00 -2.000000e+01 1.500000e+00
    endloop
  endfacet
  facet normal 0.000000e+00 0.000000e+00 1.000000e+00
    outer loop
      vertex   -6.600000e+00 -2.000000e+01 1.500000e+00
      vertex   -7.989193e+00 -1.974558e+01 1.500000e+00
      vertex   -7.989193e+00 -2.025442e+01 1.500000e+00
    endloop
  endfacet
  facet normal 0.000000e+00 0.000000e+00 1.000000e+00
    outer loop
      vertex   -6.600000e+00 -2.000000e+01 1.500000e+00
      vertex   -7.989193e+00 -2.025442e+01 1.500000e+00
      vertex   -6.556872e+00 -2.036899e+01 1.500000e+00
    endloop
  endfacet
  facet normal 0.000000e+00 0.000000e+00 1.000000e+00
    outer loop
      vertex   -6.556872e+00 -2.036899e+01 1.500000e+00
      vertex   -7.989193e+00 -2.025442e+01 1.500000e+00
      vertex   -7.903199e+00 -2.075593e+01 1.500000e+00
    endloop
  endfacet
  facet normal 0.000000e+00 0.000000e+00 1.000000e+00
    outer loop
      vertex   -6.556872e+00 -2.036899e+01 1.500000e+00
      vertex   -7.903199e+00 -2.075593e+01 1.500000e+00
      vertex   -7.733686e+00 -2.123570e+01 1.500000e+00
    endloop
  endfacet
  facet normal 0.000000e+00 0.000000e+00 1.000000e+00
    outer loop
      vertex   -6.429812e+00 -1.928192e+01 1.500000e+00
      vertex   -7.733686e+00 -1.876430e+01 1.500000e+00
      vertex   -6.556872e+00 -1.963101e+01 1.500000e+00
    endloop
  endfacet
  facet normal 0.000000e+00 0.000000e+00 1.000000e+00
    outer loop
      vertex   -6.556872e+00 -1.963101e+01 1.500000e+00
      vertex   -7.733686e+00 -1.876430e+01 1.500000e+00
      vertex   -7.903199e+00 -1.924407e+01 1.500000e+00
    endloop
  endfacet
  facet normal 0.000000e+00 0.000000e+00 1.000000e+00
    outer loop
      vertex   -6.556872e+00 -1.963101e+01 1.500000e+00
      vertex   -7.903199e+00 -1.924407e+01 1.500000e+00
      vertex   -7.989193e+00 -1.974558e+01 1.500000e+00
    endloop
  endfacet
  facet normal -0.000000e+00 0.000000e+00 1.000000e+00
    outer loop
      vertex   -7.733686e+00 -1.876430e+01 1.500000e+00
      vertex   -6.429812e+00 -1.928192e+01 1.500000e+00
      vertex   -7.485529e+00 -1.832008e+01 1.500000e+00
    endloop
  endfacet
  facet normal 0.000000e+00 0.000000e+00 1.000000e+00
    outer loop
      vertex   -7.485529e+00 -1.832008e+01 1.500000e+00
      vertex   -6.429812e+00 -1.928192e+01 1.500000e+00
      vertex   -6.225671e+00 -1.897154e+01 1.500000e+00
    endloop
  endfacet
  facet normal -0.000000e+00 0.000000e+00 1.000000e+00
    outer loop
      vertex   -7.485529e+00 -1.832008e+01 1.500000e+00
      vertex   -6.225671e+00 -1.897154e+01 1.500000e+00
      vertex   -7.165868e+00 -1.792418e+01 1.500000e+00
    endloop
  endfacet
  facet normal 0.000000e+00 0.000000e+00 1.000000e+00
    outer loop
      vertex   -7.165868e+00 -1.792418e+01 1.500000e+00
      vertex   -6.225671e+00 -1.897154e+01 1.500000e+00
      vertex   -5.955454e+00 -1.871660e+01 1.500000e+00
    endloop
  endfacet
  facet normal -0.000000e+00 0.000000e+00 1.000000e+00
    outer loop
      vertex   -7.165868e+00 -1.792418e+01 1.500000e+00
      vertex   -5.955454e+00 -1.871660e+01 1.500000e+00
      vertex   -6.783900e+00 -1.758801e+01 1.500000e+00
    endloop
  endfacet
  facet normal -0.000000e+00 0.000000e+00 1.000000e+00
    outer loop
      vertex   -6.783900e+00 -1.758801e+01 1.500000e+00
      vertex   -5.955454e+00 -1.871660e+01 1.500000e+00
      vertex   -6.350611e+00 -1.732122e+01 1.500000e+00
    endloop
  endfacet
  facet normal 0.000000e+00 0.000000e+00 1.000000e+00
    outer loop
      vertex   -6.350611e+00 -1.732122e+01 1.500000e+00
      vertex   -5.955454e+00 -1.871660e+01 1.500000e+00
      vertex   -5.633728e+00 -1.853085e+01 1.500000e+00
    endloop
  endfacet
  facet normal -0.000000e+00 0.000000e+00 1.000000e+00
    outer loop
      vertex   -6.350611e+00 -1.732122e+01 1.500000e+00
      vertex   -5.633728e+00 -1.853085e+01 1.500000e+00
      vertex   -5.878468e+00 -1.713150e+01 1.500000e+00
    endloop
  endfacet
  facet normal 0.000000e+00 0.000000e+00 1.000000e+00
    outer loop
      vertex   -5.878468e+00 -1.713150e+01 1.500000e+00
      vertex   -5.633728e+00 -1.853085e+01 1.500000e+00
      vertex   -5.277837e+00 -1.842431e+01 1.500000e+00
    endloop
  endfacet
  facet normal -0.000000e+00 0.000000e+00 1.000000e+00
    outer loop
      vertex   -5.878468e+00 -1.713150e+01 1.500000e+00
      vertex   -5.277837e+00 -1.842431e+01 1.500000e+00
      vertex   -5.381054e+00 -1.702430e+01 1.500000e+00
    endloop
  endfacet
  facet normal 0.000000e+00 0.000000e+00 1.000000e+00
    outer loop
      vertex   -5.381054e+00 -1.702430e+01 1.500000e+00
      vertex   -5.277837e+00 -1.842431e+01 1.500000e+00
      vertex   -4.906968e+00 -1.840271e+01 1.500000e+00
    endloop
  endfacet
  facet normal -0.000000e+00 0.000000e+00 1.000000e+00
    outer loop
      vertex   -5.381054e+00 -1.702430e+01 1.500000e+00
      vertex   -4.906968e+00 -1.840271e+01 1.500000e+00
      vertex   -4.872676e+00 -1.700270e+01 1.500000e+00
    endloop
  endfacet
  facet normal 0.000000e+00 0.000000e+00 1.000000e+00
    outer loop
      vertex   -4.872676e+00 -1.700270e+01 1.500000e+00
      vertex   -4.906968e+00 -1.840271e+01 1.500000e+00
      vertex   -4.367962e+00 -1.706733e+01 1.500000e+00
    endloop
  endfacet
  facet normal 0.000000e+00 0.000000e+00 1.000000e+00
    outer loop
      vertex   -4.367962e+00 -1.706733e+01 1.500000e+00
      vertex   -4.906968e+00 -1.840271e+01 1.500000e+00
      vertex   -4.541115e+00 -1.846722e+01 1.500000e+00
    endloop
  endfacet
  facet normal 0.000000e+00 0.000000e+00 1.000000e+00
    outer loop
      vertex   -4.367962e+00 -1.706733e+01 1.500000e+00
      vertex   -4.541115e+00 -1.846722e+01 1.500000e+00
      vertex   -3.881431e+00 -1.721633e+01 1.500000e+00
    endloop
  endfacet
  facet normal 0.000000e+00 0.000000e+00 1.000000e+00
    outer loop
      vertex   -3.881431e+00 -1.721633e+01 1.500000e+00
      vertex   -4.541115e+00 -1.846722e+01 1.500000e+00
      vertex   -4.200000e+00 -1.861436e+01 1.500000e+00
    endloop
  endfacet
  facet normal 0.000000e+00 0.000000e+00 1.000000e+00
    outer loop
      vertex   -3.881431e+00 -1.721633e+01 1.500000e+00
      vertex   -4.200000e+00 -1.861436e+01 1.500000e+00
      vertex   -3.427078e+00 -1.744541e+01 1.500000e+00
    endloop
  endfacet
  facet normal 0.000000e+00 0.000000e+00 1.000000e+00
    outer loop
      vertex   -3.427078e+00 -1.744541e+01 1.500000e+00
      vertex   -4.200000e+00 -1.861436e+01 1.500000e+00
      vertex   -3.017976e+00 -1.774798e+01 1.500000e+00
    endloop
  endfacet
  facet normal 0.000000e+00 0.000000e+00 1.000000e+00
    outer loop
      vertex   -3.017976e+00 -1.774798e+01 1.500000e+00
      vertex   -4.200000e+00 -1.861436e+01 1.500000e+00
      vertex   -3.902013e+00 -1.883620e+01 1.500000e+00
    endloop
  endfacet
  facet normal 0.000000e+00 0.000000e+00 1.000000e+00
    outer loop
      vertex   -3.017976e+00 -1.774798e+01 1.500000e+00
      vertex   -3.902013e+00 -1.883620e+01 1.500000e+00
      vertex   -2.665893e+00 -1.811534e+01 1.500000e+00
    endloop
  endfacet
  facet normal 0.000000e+00 0.000000e+00 1.000000e+00
    outer loop
      vertex   -2.665893e+00 -1.811534e+01 1.500000e+00
      vertex   -3.902013e+00 -1.883620e+01 1.500000e+00
      vertex   -3.663220e+00 -1.912079e+01 1.500000e+00
    endloop
  endfacet
  facet normal 0.000000e+00 0.000000e+00 1.000000e+00
    outer loop
      vertex   -2.665893e+00 -1.811534e+01 1.500000e+00
      vertex   -3.663220e+00 -1.912079e+01 1.500000e+00
      vertex   -2.380958e+00 -1.853692e+01 1.500000e+00
    endloop
  endfacet
  facet normal 0.000000e+00 0.000000e+00 1.000000e+00
    outer loop
      vertex   -2.380958e+00 -1.853692e+01 1.500000e+00
      vertex   -3.663220e+00 -1.912079e+01 1.500000e+00
      vertex   -3.496492e+00 -1.945277e+01 1.500000e+00
    endloop
  endfacet
  facet normal 0.000000e+00 0.000000e+00 1.000000e+00
    outer loop
      vertex   -2.380958e+00 -1.853692e+01 1.500000e+00
      vertex   -3.496492e+00 -1.945277e+01 1.500000e+00
      vertex   -2.171368e+00 -1.900058e+01 1.500000e+00
    endloop
  endfacet
  facet normal 0.000000e+00 0.000000e+00 1.000000e+00
    outer loop
      vertex   -2.171368e+00 -1.900058e+01 1.500000e+00
      vertex   -3.496492e+00 -1.945277e+01 1.500000e+00
      vertex   -2.043152e+00 -1.949300e+01 1.500000e+00
    endloop
  endfacet
  facet normal 0.000000e+00 0.000000e+00 1.000000e+00
    outer loop
      vertex   -2.043152e+00 -1.949300e+01 1.500000e+00
      vertex   -3.496492e+00 -1.945277e+01 1.500000e+00
      vertex   -3.410819e+00 -1.981425e+01 1.500000e+00
    endloop
  endfacet
  facet normal 0.000000e+00 0.000000e+00 1.000000e+00
    outer loop
      vertex   -2.043152e+00 -1.949300e+01 1.500000e+00
      vertex   -3.410819e+00 -1.981425e+01 1.500000e+00
      vertex   -2.000000e+00 -2.000000e+01 1.500000e+00
    endloop
  endfacet
  facet normal 0.000000e+00 0.000000e+00 1.000000e+00
    outer loop
      vertex   -2.000000e+00 -2.000000e+01 1.500000e+00
      vertex   -3.410819e+00 -1.981425e+01 1.500000e+00
      vertex   -3.410819e+00 -2.018575e+01 1.500000e+00
    endloop
  endfacet
  facet normal 0.000000e+00 0.000000e+00 1.000000e+00
    outer loop
      vertex   -2.000000e+00 -2.000000e+01 1.500000e+00
      vertex   -3.410819e+00 -2.018575e+01 1.500000e+00
      vertex   -2.043152e+00 -2.050700e+01 1.500000e+00
    endloop
  endfacet
  facet normal 0.000000e+00 0.000000e+00 1.000000e+00
    outer loop
      vertex   -2.043152e+00 -2.050700e+01 1.500000e+00
      vertex   -3.410819e+00 -2.018575e+01 1.500000e+00
      vertex   -3.496492e+00 -2.054723e+01 1.500000e+00
    endloop
  endfacet
  facet normal 0.000000e+00 0.000000e+00 1.000000e+00
    outer loop
      vertex   -2.043152e+00 -2.050700e+01 1.500000e+00
      vertex   -3.496492e+00 -2.054723e+01 1.500000e+00
      vertex   -2.171368e+00 -2.099942e+01 1.500000e+00
    endloop
  endfacet
  facet normal 0.000000e+00 0.000000e+00 1.000000e+00
    outer loop
      vertex   -2.171368e+00 -2.099942e+01 1.500000e+00
      vertex   -3.496492e+00 -2.054723e+01 1.500000e+00
      vertex   -2.380958e+00 -2.146309e+01 1.500000e+00
    endloop
  endfacet
  facet normal 0.000000e+00 0.000000e+00 1.000000e+00
    outer loop
      vertex   -2.380958e+00 -2.146309e+01 1.500000e+00
      vertex   -3.496492e+00 -2.054723e+01 1.500000e+00
      vertex   -3.663220e+00 -2.087921e+01 1.500000e+00
    endloop
  endfacet
  facet normal 0.000000e+00 0.000000e+00 1.000000e+00
    outer loop
      vertex   -2.380958e+00 -2.146309e+01 1.500000e+00
      vertex   -3.663220e+00 -2.087921e+01 1.500000e+00
      vertex   -2.665893e+00 -2.188466e+01 1.500000e+00
    endloop
  endfacet
  facet normal 0.000000e+00 0.000000e+00 1.000000e+00
    outer loop
      vertex   -2.665893e+00 -2.188466e+01 1.500000e+00
      vertex   -3.663220e+00 -2.087921e+01 1.500000e+00
      vertex   -3.902013e+00 -2.116380e+01 1.500000e+00
    endloop
  endfacet
  facet normal 0.000000e+00 0.000000e+00 1.000000e+00
    outer loop
      vertex   -2.665893e+00 -2.188466e+01 1.500000e+00
      vertex   -3.902013e+00 -2.116380e+01 1.500000e+00
      vertex   -3.017976e+00 -2.225202e+01 1.500000e+00
    endloop
  endfacet
  facet normal 0.000000e+00 0.000000e+00 1.000000e+00
    outer loop
      vertex   -3.017976e+00 -2.225202e+01 1.500000e+00
      vertex   -3.902013e+00 -2.116380e+01 1.500000e+00
      vertex   -4.200000e+00 -2.138564e+01 1.500000e+00
    endloop
  endfacet
  facet normal 0.000000e+00 0.000000e+00 1.000000e+00
    outer loop
      vertex   -3.017976e+00 -2.225202e+01 1.500000e+00
      vertex   -4.200000e+00 -2.138564e+01 1.500000e+00
      vertex   -3.427078e+00 -2.255459e+01 1.500000e+00
    endloop
  endfacet
  facet normal 0.000000e+00 0.000000e+00 1.000000e+00
    outer loop
      vertex   -3.427078e+00 -2.255459e+01 1.500000e+00
      vertex   -4.200000e+00 -2.138564e+01 1.500000e+00
      vertex   -3.881431e+00 -2.278367e+01 1.500000e+00
    endloop
  endfacet
  facet normal 0.000000e+00 0.000000e+00 1.000000e+00
    outer loop
      vertex   -3.881431e+00 -2.278367e+01 1.500000e+00
      vertex   -4.200000e+00 -2.138564e+01 1.500000e+00
      vertex   -4.541115e+00 -2.153278e+01 1.500000e+00
    endloop
  endfacet
  facet normal 0.000000e+00 0.000000e+00 1.000000e+00
    outer loop
      vertex   -3.881431e+00 -2.278367e+01 1.500000e+00
      vertex   -4.541115e+00 -2.153278e+01 1.500000e+00
      vertex   -4.367962e+00 -2.293267e+01 1.500000e+00
    endloop
  endfacet
  facet normal 0.000000e+00 0.000000e+00 1.000000e+00
    outer loop
      vertex   -4.367962e+00 -2.293267e+01 1.500000e+00
      vertex   -4.541115e+00 -2.153278e+01 1.500000e+00
      vertex   -4.906968e+00 -2.159729e+01 1.500000e+00
    endloop
  endfacet
  facet normal 0.000000e+00 0.000000e+00 1.000000e+00
    outer loop
      vertex   -4.367962e+00 -2.293267e+01 1.500000e+00
      vertex   -4.906968e+00 -2.159729e+01 1.500000e+00
      vertex   -4.872676e+00 -2.299730e+01 1.500000e+00
    endloop
  endfacet
  facet normal 0.000000e+00 0.000000e+00 1.000000e+00
    outer loop
      vertex   -4.872676e+00 -2.299730e+01 1.500000e+00
      vertex   -4.906968e+00 -2.159729e+01 1.500000e+00
      vertex   -5.381054e+00 -2.297570e+01 1.500000e+00
    endloop
  endfacet
  facet normal 0.000000e+00 0.000000e+00 1.000000e+00
    outer loop
      vertex   -5.381054e+00 -2.297570e+01 1.500000e+00
      vertex   -4.906968e+00 -2.159729e+01 1.500000e+00
      vertex   -5.277837e+00 -2.157569e+01 1.500000e+00
    endloop
  endfacet
  facet normal 0.000000e+00 -0.000000e+00 1.000000e+00
    outer loop
      vertex   -5.381054e+00 -2.297570e+01 1.500000e+00
      vertex   -5.277837e+00 -2.157569e+01 1.500000e+00
      vertex   -5.878468e+00 -2.286850e+01 1.500000e+00
    endloop
  endfacet
  facet normal 0.000000e+00 0.000000e+00 1.000000e+00
    outer loop
      vertex   -5.878468e+00 -2.286850e+01 1.500000e+00
      vertex   -5.277837e+00 -2.157569e+01 1.500000e+00
      vertex   -5.633728e+00 -2.146915e+01 1.500000e+00
    endloop
  endfacet
  facet normal 0.000000e+00 -0.000000e+00 1.000000e+00
    outer loop
      vertex   -5.878468e+00 -2.286850e+01 1.500000e+00
      vertex   -5.633728e+00 -2.146915e+01 1.500000e+00
      vertex   -6.350611e+00 -2.267878e+01 1.500000e+00
    endloop
  endfacet
  facet normal 0.000000e+00 0.000000e+00 1.000000e+00
    outer loop
      vertex   -6.350611e+00 -2.267878e+01 1.500000e+00
      vertex   -5.633728e+00 -2.146915e+01 1.500000e+00
      vertex   -5.955454e+00 -2.128340e+01 1.500000e+00
    endloop
  endfacet
  facet normal 0.000000e+00 -0.000000e+00 1.000000e+00
    outer loop
      vertex   -6.350611e+00 -2.267878e+01 1.500000e+00
      vertex   -5.955454e+00 -2.128340e+01 1.500000e+00
      vertex   -6.783900e+00 -2.241199e+01 1.500000e+00
    endloop
  endfacet
  facet normal 0.000000e+00 -0.000000e+00 1.000000e+00
    outer loop
      vertex   -6.783900e+00 -2.241199e+01 1.500000e+00
      vertex   -5.955454e+00 -2.128340e+01 1.500000e+00
      vertex   -7.165868e+00 -2.207582e+01 1.500000e+00
    endloop
  endfacet
  facet normal 0.000000e+00 0.000000e+00 1.000000e+00
    outer loop
      vertex   -7.165868e+00 -2.207582e+01 1.500000e+00
      vertex   -5.955454e+00 -2.128340e+01 1.500000e+00
      vertex   -6.225671e+00 -2.102846e+01 1.500000e+00
    endloop
  endfacet
  facet normal 0.000000e+00 -0.000000e+00 1.000000e+00
    outer loop
      vertex   -7.165868e+00 -2.207582e+01 1.500000e+00
      vertex   -6.225671e+00 -2.102846e+01 1.500000e+00
      vertex   -7.485529e+00 -2.167992e+01 1.500000e+00
    endloop
  endfacet
  facet normal 0.000000e+00 0.000000e+00 1.000000e+00
    outer loop
      vertex   -7.485529e+00 -2.167992e+01 1.500000e+00
      vertex   -6.225671e+00 -2.102846e+01 1.500000e+00
      vertex   -6.429812e+00 -2.071808e+01 1.500000e+00
    endloop
  endfacet
  facet normal 0.000000e+00 -0.000000e+00 1.000000e+00
    outer loop
      vertex   -7.485529e+00 -2.167992e+01 1.500000e+00
      vertex   -6.429812e+00 -2.071808e+01 1.500000e+00
      vertex   -7.733686e+00 -2.123570e+01 1.500000e+00
    endloop
  endfacet
  facet normal 0.000000e+00 0.000000e+00 1.000000e+00
    outer loop
      vertex   -7.733686e+00 -2.123570e+01 1.500000e+00
      vertex   -6.429812e+00 -2.071808e+01 1.500000e+00
      vertex   -6.556872e+00 -2.036899e+01 1.500000e+00
    endloop
  endfacet
  facet normal -0.000000e+00 -1.000000e+00 -0.000000e+00
    outer loop
      vertex   7.639321e-01 2.100000e+01 5.000000e+00
      vertex   -2.000000e+00 2.100000e+01 5.000000e+00
      vertex   7.639321e-01 2.100000e+01 1.500000e+00
    endloop
  endfacet
  facet normal -0.000000e+00 -1.000000e+00 0.000000e+00
    outer loop
      vertex   7.639321e-01 2.100000e+01 1.500000e+00
      vertex   -2.000000e+00 2.100000e+01 5.000000e+00
      vertex   -2.000000e+00 2.100000e+01 0.000000e+00
    endloop
  endfacet
  facet normal 0.000000e+00 -1.000000e+00 -0.000000e+00
    outer loop
      vertex   7.639321e-01 2.100000e+01 1.500000e+00
      vertex   -2.000000e+00 2.100000e+01 0.000000e+00
      vertex   5.236068e+00 2.100000e+01 1.500000e+00
    endloop
  endfacet
  facet normal 0.000000e+00 -1.000000e+00 -0.000000e+00
    outer loop
      vertex   5.236068e+00 2.100000e+01 1.500000e+00
      vertex   -2.000000e+00 2.100000e+01 0.000000e+00
      vertex   8.000000e+00 2.100000e+01 0.000000e+00
    endloop
  endfacet
  facet normal 0.000000e+00 -1.000000e+00 0.000000e+00
    outer loop
      vertex   5.236068e+00 2.100000e+01 1.500000e+00
      vertex   8.000000e+00 2.100000e+01 0.000000e+00
      vertex   8.000000e+00 2.100000e+01 5.000000e+00
    endloop
  endfacet
  facet normal -0.000000e+00 -1.000000e+00 0.000000e+00
    outer loop
      vertex   8.000000e+00 2.100000e+01 5.000000e+00
      vertex   5.236068e+00 2.100000e+01 5.000000e+00
      vertex   5.236068e+00 2.100000e+01 1.500000e+00
    endloop
  endfacet
  facet normal 1.000000e+00 0.000000e+00 0.000000e+00
    outer loop
      vertex   8.000000e+00 2.750000e+01 5.000000e+00
      vertex   8.000000e+00 2.100000e+01 5.000000e+00
      vertex   8.000000e+00 2.750000e+01 0.000000e+00
    endloop
  endfacet
  facet normal 1.000000e+00 0.000000e+00 0.000000e+00
    outer loop
      vertex   8.000000e+00 2.750000e+01 0.000000e+00
      vertex   8.000000e+00 2.100000e+01 5.000000e+00
      vertex   8.000000e+00 2.100000e+01 0.000000e+00
    endloop
  endfacet
  facet normal -0.000000e+00 -1.000000e+00 -0.000000e+00
    outer loop
      vertex   -2.500000e+00 -2.500000e+01 5.000000e+00
      vertex   -9.500000e+00 -2.500000e+01 5.000000e+00
      vertex   -2.500000e+00 -2.500000e+01 0.000000e+00
    endloop
  endfacet
  facet normal 0.000000e+00 -1.000000e+00 0.000000e+00
    outer loop
      vertex   -2.500000e+00 -2.500000e+01 0.000000e+00
      vertex   -9.500000e+00 -2.500000e+01 5.000000e+00
      vertex   -9.500000e+00 -2.500000e+01 0.000000e+00
    endloop
  endfacet
endsolid
