solid ASCII
  facet normal -7.879202e-01 0.000000e+00 6.157774e-01
    outer loop
      vertex   -3.182310e+01 -1.937842e+01 4.681529e+02
      vertex   -3.175324e+01 -1.937842e+01 4.682423e+02
      vertex   -3.182310e+01 -1.917842e+01 4.681529e+02
    endloop
  endfacet
  facet normal -7.879202e-01 0.000000e+00 6.157774e-01
    outer loop
      vertex   -3.182310e+01 -1.917842e+01 4.681529e+02
      vertex   -3.175324e+01 -1.937842e+01 4.682423e+02
      vertex   -3.175324e+01 -1.917842e+01 4.682423e+02
    endloop
  endfacet
  facet normal -8.727474e-01 0.000000e+00 4.881721e-01
    outer loop
      vertex   -3.175324e+01 -1.917842e+01 4.682423e+02
      vertex   -3.175324e+01 -1.937842e+01 4.682423e+02
      vertex   -3.169957e+01 -1.937842e+01 4.683382e+02
    endloop
  endfacet
  facet normal -8.727474e-01 0.000000e+00 4.881721e-01
    outer loop
      vertex   -3.175324e+01 -1.917842e+01 4.682423e+02
      vertex   -3.169957e+01 -1.937842e+01 4.683382e+02
      vertex   -3.169957e+01 -1.917842e+01 4.683382e+02
    endloop
  endfacet
  facet normal -9.688684e-01 0.000000e+00 2.475762e-01
    outer loop
      vertex   -3.169957e+01 -1.917842e+01 4.683382e+02
      vertex   -3.169957e+01 -1.937842e+01 4.683382e+02
      vertex   -3.167231e+01 -1.937842e+01 4.684449e+02
    endloop
  endfacet
  facet normal -9.688684e-01 0.000000e+00 2.475762e-01
    outer loop
      vertex   -3.169957e+01 -1.917842e+01 4.683382e+02
      vertex   -3.167231e+01 -1.937842e+01 4.684449e+02
      vertex   -3.167231e+01 -1.917842e+01 4.684449e+02
    endloop
  endfacet
  facet normal -9.946656e-01 0.000000e+00 1.031524e-01
    outer loop
      vertex   -3.167231e+01 -1.917842e+01 4.684449e+02
      vertex   -3.167231e+01 -1.937842e+01 4.684449e+02
      vertex   -3.166060e+01 -1.937842e+01 4.685579e+02
    endloop
  endfacet
  facet normal -9.946656e-01 0.000000e+00 1.031524e-01
    outer loop
      vertex   -3.167231e+01 -1.917842e+01 4.684449e+02
      vertex   -3.166060e+01 -1.937842e+01 4.685579e+02
      vertex   -3.166060e+01 -1.917842e+01 4.685579e+02
    endloop
  endfacet
  facet normal -9.953395e-01 0.000000e+00 -9.643271e-02
    outer loop
      vertex   -3.166060e+01 -1.937842e+01 4.685579e+02
      vertex   -3.167154e+01 -1.937842e+01 4.686709e+02
      vertex   -3.166060e+01 -1.917842e+01 4.685579e+02
    endloop
  endfacet
  facet normal -9.953395e-01 0.000000e+00 -9.643271e-02
    outer loop
      vertex   -3.166060e+01 -1.917842e+01 4.685579e+02
      vertex   -3.167154e+01 -1.937842e+01 4.686709e+02
      vertex   -3.167154e+01 -1.917842e+01 4.686709e+02
    endloop
  endfacet
  facet normal -9.706685e-01 -0.000000e+00 -2.404219e-01
    outer loop
      vertex   -3.167154e+01 -1.917842e+01 4.686709e+02
      vertex   -3.167154e+01 -1.937842e+01 4.686709e+02
      vertex   -3.169797e+01 -1.937842e+01 4.687776e+02
    endloop
  endfacet
  facet normal -9.706685e-01 0.000000e+00 -2.404219e-01
    outer loop
      vertex   -3.167154e+01 -1.917842e+01 4.686709e+02
      vertex   -3.169797e+01 -1.937842e+01 4.687776e+02
      vertex   -3.169797e+01 -1.917842e+01 4.687776e+02
    endloop
  endfacet
  facet normal -8.752413e-01 -0.000000e+00 -4.836865e-01
    outer loop
      vertex   -3.169797e+01 -1.917842e+01 4.687776e+02
      vertex   -3.169797e+01 -1.937842e+01 4.687776e+02
      vertex   -3.175102e+01 -1.937842e+01 4.688736e+02
    endloop
  endfacet
  facet normal -8.752413e-01 0.000000e+00 -4.836865e-01
    outer loop
      vertex   -3.169797e+01 -1.917842e+01 4.687776e+02
      vertex   -3.175102e+01 -1.937842e+01 4.688736e+02
      vertex   -3.175102e+01 -1.917842e+01 4.688736e+02
    endloop
  endfacet
  facet normal -7.889391e-01 -0.000000e+00 -6.144714e-01
    outer loop
      vertex   -3.175102e+01 -1.917842e+01 4.688736e+02
      vertex   -3.175102e+01 -1.937842e+01 4.688736e+02
      vertex   -3.182060e+01 -1.937842e+01 4.689629e+02
    endloop
  endfacet
  facet normal -7.889391e-01 0.000000e+00 -6.144714e-01
    outer loop
      vertex   -3.175102e+01 -1.917842e+01 4.688736e+02
      vertex   -3.182060e+01 -1.937842e+01 4.689629e+02
      vertex   -3.182060e+01 -1.917842e+01 4.689629e+02
    endloop
  endfacet
  facet normal -5.931336e-01 0.000000e+00 -8.051041e-01
    outer loop
      vertex   -3.182060e+01 -1.937842e+01 4.689629e+02
      vertex   -3.191206e+01 -1.937842e+01 4.690303e+02
      vertex   -3.182060e+01 -1.917842e+01 4.689629e+02
    endloop
  endfacet
  facet normal -5.931336e-01 0.000000e+00 -8.051041e-01
    outer loop
      vertex   -3.182060e+01 -1.917842e+01 4.689629e+02
      vertex   -3.191206e+01 -1.937842e+01 4.690303e+02
      vertex   -3.191206e+01 -1.917842e+01 4.690303e+02
    endloop
  endfacet
  facet normal -4.657571e-01 -0.000000e+00 -8.849126e-01
    outer loop
      vertex   -3.191206e+01 -1.917842e+01 4.690303e+02
      vertex   -3.191206e+01 -1.937842e+01 4.690303e+02
      vertex   -3.200969e+01 -1.937842e+01 4.690817e+02
    endloop
  endfacet
  facet normal -4.657571e-01 0.000000e+00 -8.849126e-01
    outer loop
      vertex   -3.191206e+01 -1.917842e+01 4.690303e+02
      vertex   -3.200969e+01 -1.937842e+01 4.690817e+02
      vertex   -3.200969e+01 -1.917842e+01 4.690817e+02
    endloop
  endfacet
  facet normal -2.316737e-01 -0.000000e+00 -9.727936e-01
    outer loop
      vertex   -3.200969e+01 -1.917842e+01 4.690817e+02
      vertex   -3.200969e+01 -1.937842e+01 4.690817e+02
      vertex   -3.211725e+01 -1.937842e+01 4.691073e+02
    endloop
  endfacet
  facet normal -2.316737e-01 0.000000e+00 -9.727936e-01
    outer loop
      vertex   -3.200969e+01 -1.917842e+01 4.690817e+02
      vertex   -3.211725e+01 -1.937842e+01 4.691073e+02
      vertex   -3.211725e+01 -1.917842e+01 4.691073e+02
    endloop
  endfacet
  facet normal -9.325618e-02 -0.000000e+00 -9.956421e-01
    outer loop
      vertex   -3.211725e+01 -1.917842e+01 4.691073e+02
      vertex   -3.211725e+01 -1.937842e+01 4.691073e+02
      vertex   -3.223060e+01 -1.937842e+01 4.691179e+02
    endloop
  endfacet
  facet normal -9.325618e-02 0.000000e+00 -9.956421e-01
    outer loop
      vertex   -3.211725e+01 -1.917842e+01 4.691073e+02
      vertex   -3.223060e+01 -1.937842e+01 4.691179e+02
      vertex   -3.223060e+01 -1.917842e+01 4.691179e+02
    endloop
  endfacet
  facet normal 9.711585e-02 0.000000e+00 -9.952731e-01
    outer loop
      vertex   -3.223060e+01 -1.937842e+01 4.691179e+02
      vertex   -3.234319e+01 -1.937842e+01 4.691069e+02
      vertex   -3.223060e+01 -1.917842e+01 4.691179e+02
    endloop
  endfacet
  facet normal 9.711585e-02 0.000000e+00 -9.952731e-01
    outer loop
      vertex   -3.223060e+01 -1.917842e+01 4.691179e+02
      vertex   -3.234319e+01 -1.937842e+01 4.691069e+02
      vertex   -3.234319e+01 -1.917842e+01 4.691069e+02
    endloop
  endfacet
  facet normal 2.353310e-01 0.000000e+00 -9.719153e-01
    outer loop
      vertex   -3.234319e+01 -1.917842e+01 4.691069e+02
      vertex   -3.234319e+01 -1.937842e+01 4.691069e+02
      vertex   -3.245003e+01 -1.937842e+01 4.690810e+02
    endloop
  endfacet
  facet normal 2.353310e-01 0.000000e+00 -9.719153e-01
    outer loop
      vertex   -3.234319e+01 -1.917842e+01 4.691069e+02
      vertex   -3.245003e+01 -1.937842e+01 4.690810e+02
      vertex   -3.245003e+01 -1.917842e+01 4.690810e+02
    endloop
  endfacet
  facet normal 4.670456e-01 0.000000e+00 -8.842332e-01
    outer loop
      vertex   -3.245003e+01 -1.917842e+01 4.690810e+02
      vertex   -3.245003e+01 -1.937842e+01 4.690810e+02
      vertex   -3.254708e+01 -1.937842e+01 4.690298e+02
    endloop
  endfacet
  facet normal 4.670456e-01 0.000000e+00 -8.842332e-01
    outer loop
      vertex   -3.245003e+01 -1.917842e+01 4.690810e+02
      vertex   -3.254708e+01 -1.937842e+01 4.690298e+02
      vertex   -3.254708e+01 -1.917842e+01 4.690298e+02
    endloop
  endfacet
  facet normal 5.921564e-01 0.000000e+00 -8.058231e-01
    outer loop
      vertex   -3.254708e+01 -1.917842e+01 4.690298e+02
      vertex   -3.254708e+01 -1.937842e+01 4.690298e+02
      vertex   -3.263810e+01 -1.937842e+01 4.689629e+02
    endloop
  endfacet
  facet normal 5.921564e-01 0.000000e+00 -8.058231e-01
    outer loop
      vertex   -3.254708e+01 -1.917842e+01 4.690298e+02
      vertex   -3.263810e+01 -1.937842e+01 4.689629e+02
      vertex   -3.263810e+01 -1.917842e+01 4.689629e+02
    endloop
  endfacet
  facet normal 7.838977e-01 0.000000e+00 -6.208900e-01
    outer loop
      vertex   -3.263810e+01 -1.937842e+01 4.689629e+02
      vertex   -3.270861e+01 -1.937842e+01 4.688739e+02
      vertex   -3.263810e+01 -1.917842e+01 4.689629e+02
    endloop
  endfacet
  facet normal 7.838977e-01 0.000000e+00 -6.208900e-01
    outer loop
      vertex   -3.263810e+01 -1.917842e+01 4.689629e+02
      vertex   -3.270861e+01 -1.937842e+01 4.688739e+02
      vertex   -3.270861e+01 -1.917842e+01 4.688739e+02
    endloop
  endfacet
  facet normal 8.718630e-01 0.000000e+00 -4.897498e-01
    outer loop
      vertex   -3.270861e+01 -1.917842e+01 4.688739e+02
      vertex   -3.270861e+01 -1.937842e+01 4.688739e+02
      vertex   -3.276245e+01 -1.937842e+01 4.687780e+02
    endloop
  endfacet
  facet normal 8.718630e-01 0.000000e+00 -4.897498e-01
    outer loop
      vertex   -3.270861e+01 -1.917842e+01 4.688739e+02
      vertex   -3.276245e+01 -1.937842e+01 4.687780e+02
      vertex   -3.276245e+01 -1.917842e+01 4.687780e+02
    endloop
  endfacet
  facet normal 9.696999e-01 0.000000e+00 -2.442991e-01
    outer loop
      vertex   -3.276245e+01 -1.917842e+01 4.687780e+02
      vertex   -3.276245e+01 -1.937842e+01 4.687780e+02
      vertex   -3.278937e+01 -1.937842e+01 4.686712e+02
    endloop
  endfacet
  facet normal 9.696999e-01 0.000000e+00 -2.442991e-01
    outer loop
      vertex   -3.276245e+01 -1.917842e+01 4.687780e+02
      vertex   -3.278937e+01 -1.937842e+01 4.686712e+02
      vertex   -3.278937e+01 -1.917842e+01 4.686712e+02
    endloop
  endfacet
  facet normal 9.951274e-01 0.000000e+00 -9.859782e-02
    outer loop
      vertex   -3.278937e+01 -1.917842e+01 4.686712e+02
      vertex   -3.278937e+01 -1.937842e+01 4.686712e+02
      vertex   -3.280060e+01 -1.937842e+01 4.685579e+02
    endloop
  endfacet
  facet normal 9.951274e-01 0.000000e+00 -9.859782e-02
    outer loop
      vertex   -3.278937e+01 -1.917842e+01 4.686712e+02
      vertex   -3.280060e+01 -1.937842e+01 4.685579e+02
      vertex   -3.280060e+01 -1.917842e+01 4.685579e+02
    endloop
  endfacet
  facet normal 9.944334e-01 -0.000000e+00 1.053672e-01
    outer loop
      vertex   -3.280060e+01 -1.937842e+01 4.685579e+02
      vertex   -3.278859e+01 -1.937842e+01 4.684446e+02
      vertex   -3.280060e+01 -1.917842e+01 4.685579e+02
    endloop
  endfacet
  facet normal 9.944334e-01 0.000000e+00 1.053672e-01
    outer loop
      vertex   -3.280060e+01 -1.917842e+01 4.685579e+02
      vertex   -3.278859e+01 -1.937842e+01 4.684446e+02
      vertex   -3.278859e+01 -1.917842e+01 4.684446e+02
    endloop
  endfacet
  facet normal 9.678630e-01 0.000000e+00 2.514781e-01
    outer loop
      vertex   -3.278859e+01 -1.917842e+01 4.684446e+02
      vertex   -3.278859e+01 -1.937842e+01 4.684446e+02
      vertex   -3.276084e+01 -1.937842e+01 4.683378e+02
    endloop
  endfacet
  facet normal 9.678630e-01 0.000000e+00 2.514781e-01
    outer loop
      vertex   -3.278859e+01 -1.917842e+01 4.684446e+02
      vertex   -3.276084e+01 -1.937842e+01 4.683378e+02
      vertex   -3.276084e+01 -1.917842e+01 4.683378e+02
    endloop
  endfacet
  facet normal 8.693716e-01 0.000000e+00 4.941589e-01
    outer loop
      vertex   -3.276084e+01 -1.917842e+01 4.683378e+02
      vertex   -3.276084e+01 -1.937842e+01 4.683378e+02
      vertex   -3.270638e+01 -1.937842e+01 4.682420e+02
    endloop
  endfacet
  facet normal 8.693716e-01 0.000000e+00 4.941589e-01
    outer loop
      vertex   -3.276084e+01 -1.917842e+01 4.683378e+02
      vertex   -3.270638e+01 -1.937842e+01 4.682420e+02
      vertex   -3.270638e+01 -1.917842e+01 4.682420e+02
    endloop
  endfacet
  facet normal 7.829412e-01 0.000000e+00 6.220957e-01
    outer loop
      vertex   -3.270638e+01 -1.917842e+01 4.682420e+02
      vertex   -3.270638e+01 -1.937842e+01 4.682420e+02
      vertex   -3.263560e+01 -1.937842e+01 4.681529e+02
    endloop
  endfacet
  facet normal 7.829412e-01 0.000000e+00 6.220957e-01
    outer loop
      vertex   -3.270638e+01 -1.917842e+01 4.682420e+02
      vertex   -3.263560e+01 -1.937842e+01 4.681529e+02
      vertex   -3.263560e+01 -1.917842e+01 4.681529e+02
    endloop
  endfacet
  facet normal 6.042868e-01 -0.000000e+00 7.967669e-01
    outer loop
      vertex   -3.263560e+01 -1.937842e+01 4.681529e+02
      vertex   -3.254559e+01 -1.937842e+01 4.680846e+02
      vertex   -3.263560e+01 -1.917842e+01 4.681529e+02
    endloop
  endfacet
  facet normal 6.042868e-01 0.000000e+00 7.967669e-01
    outer loop
      vertex   -3.263560e+01 -1.917842e+01 4.681529e+02
      vertex   -3.254559e+01 -1.937842e+01 4.680846e+02
      vertex   -3.254559e+01 -1.917842e+01 4.680846e+02
    endloop
  endfacet
  facet normal 4.805347e-01 0.000000e+00 8.769757e-01
    outer loop
      vertex   -3.254559e+01 -1.917842e+01 4.680846e+02
      vertex   -3.254559e+01 -1.937842e+01 4.680846e+02
      vertex   -3.244940e+01 -1.937842e+01 4.680319e+02
    endloop
  endfacet
  facet normal 4.805347e-01 0.000000e+00 8.769757e-01
    outer loop
      vertex   -3.254559e+01 -1.917842e+01 4.680846e+02
      vertex   -3.244940e+01 -1.937842e+01 4.680319e+02
      vertex   -3.244940e+01 -1.917842e+01 4.680319e+02
    endloop
  endfacet
  facet normal 2.469076e-01 0.000000e+00 9.690390e-01
    outer loop
      vertex   -3.244940e+01 -1.917842e+01 4.680319e+02
      vertex   -3.244940e+01 -1.937842e+01 4.680319e+02
      vertex   -3.234302e+01 -1.937842e+01 4.680048e+02
    endloop
  endfacet
  facet normal 2.469076e-01 0.000000e+00 9.690390e-01
    outer loop
      vertex   -3.244940e+01 -1.917842e+01 4.680319e+02
      vertex   -3.234302e+01 -1.937842e+01 4.680048e+02
      vertex   -3.234302e+01 -1.917842e+01 4.680048e+02
    endloop
  endfacet
  facet normal 1.054737e-01 0.000000e+00 9.944221e-01
    outer loop
      vertex   -3.234302e+01 -1.917842e+01 4.680048e+02
      vertex   -3.234302e+01 -1.937842e+01 4.680048e+02
      vertex   -3.223060e+01 -1.937842e+01 4.679929e+02
    endloop
  endfacet
  facet normal 1.054737e-01 0.000000e+00 9.944221e-01
    outer loop
      vertex   -3.234302e+01 -1.917842e+01 4.680048e+02
      vertex   -3.223060e+01 -1.937842e+01 4.679929e+02
      vertex   -3.223060e+01 -1.917842e+01 4.679929e+02
    endloop
  endfacet
  facet normal -1.014475e-01 0.000000e+00 9.948409e-01
    outer loop
      vertex   -3.223060e+01 -1.937842e+01 4.679929e+02
      vertex   -3.211741e+01 -1.937842e+01 4.680044e+02
      vertex   -3.223060e+01 -1.917842e+01 4.679929e+02
    endloop
  endfacet
  facet normal -1.014475e-01 0.000000e+00 9.948409e-01
    outer loop
      vertex   -3.223060e+01 -1.917842e+01 4.679929e+02
      vertex   -3.211741e+01 -1.937842e+01 4.680044e+02
      vertex   -3.211741e+01 -1.917842e+01 4.680044e+02
    endloop
  endfacet
  facet normal -2.431094e-01 0.000000e+00 9.699989e-01
    outer loop
      vertex   -3.211741e+01 -1.917842e+01 4.680044e+02
      vertex   -3.211741e+01 -1.937842e+01 4.680044e+02
      vertex   -3.201031e+01 -1.937842e+01 4.680313e+02
    endloop
  endfacet
  facet normal -2.431094e-01 0.000000e+00 9.699989e-01
    outer loop
      vertex   -3.211741e+01 -1.917842e+01 4.680044e+02
      vertex   -3.201031e+01 -1.937842e+01 4.680313e+02
      vertex   -3.201031e+01 -1.917842e+01 4.680313e+02
    endloop
  endfacet
  facet normal -4.792641e-01 0.000000e+00 8.776707e-01
    outer loop
      vertex   -3.201031e+01 -1.917842e+01 4.680313e+02
      vertex   -3.201031e+01 -1.937842e+01 4.680313e+02
      vertex   -3.191354e+01 -1.937842e+01 4.680841e+02
    endloop
  endfacet
  facet normal -4.792641e-01 0.000000e+00 8.776707e-01
    outer loop
      vertex   -3.201031e+01 -1.917842e+01 4.680313e+02
      vertex   -3.191354e+01 -1.937842e+01 4.680841e+02
      vertex   -3.191354e+01 -1.917842e+01 4.680841e+02
    endloop
  endfacet
  facet normal -6.052834e-01 0.000000e+00 7.960100e-01
    outer loop
      vertex   -3.191354e+01 -1.917842e+01 4.680841e+02
      vertex   -3.191354e+01 -1.937842e+01 4.680841e+02
      vertex   -3.182310e+01 -1.937842e+01 4.681529e+02
    endloop
  endfacet
  facet normal -6.052834e-01 0.000000e+00 7.960100e-01
    outer loop
      vertex   -3.191354e+01 -1.917842e+01 4.680841e+02
      vertex   -3.182310e+01 -1.937842e+01 4.681529e+02
      vertex   -3.182310e+01 -1.917842e+01 4.681529e+02
    endloop
  endfacet
  facet normal 0.000000e+00 -1.000000e+00 0.000000e+00
    outer loop
      vertex   -3.234302e+01 -1.917842e+01 4.680048e+02
      vertex   -3.223060e+01 -1.917842e+01 4.679929e+02
      vertex   -3.191354e+01 -1.917842e+01 4.680841e+02
    endloop
  endfacet
  facet normal 0.000000e+00 -1.000000e+00 0.000000e+00
    outer loop
      vertex   -3.191354e+01 -1.917842e+01 4.680841e+02
      vertex   -3.223060e+01 -1.917842e+01 4.679929e+02
      vertex   -3.211741e+01 -1.917842e+01 4.680044e+02
    endloop
  endfacet
  facet normal 0.000000e+00 -1.000000e+00 0.000000e+00
    outer loop
      vertex   -3.191354e+01 -1.917842e+01 4.680841e+02
      vertex   -3.211741e+01 -1.917842e+01 4.680044e+02
      vertex   -3.201031e+01 -1.917842e+01 4.680313e+02
    endloop
  endfacet
  facet normal 0.000000e+00 -1.000000e+00 0.000000e+00
    outer loop
      vertex   -3.234302e+01 -1.917842e+01 4.680048e+02
      vertex   -3.191354e+01 -1.917842e+01 4.680841e+02
      vertex   -3.254559e+01 -1.917842e+01 4.680846e+02
    endloop
  endfacet
  facet normal 0.000000e+00 -1.000000e+00 0.000000e+00
    outer loop
      vertex   -3.254559e+01 -1.917842e+01 4.680846e+02
      vertex   -3.191354e+01 -1.917842e+01 4.680841e+02
      vertex   -3.182310e+01 -1.917842e+01 4.681529e+02
    endloop
  endfacet
  facet normal 0.000000e+00 -1.000000e+00 0.000000e+00
    outer loop
      vertex   -3.254559e+01 -1.917842e+01 4.680846e+02
      vertex   -3.182310e+01 -1.917842e+01 4.681529e+02
      vertex   -3.175324e+01 -1.917842e+01 4.682423e+02
    endloop
  endfacet
  facet normal -0.000000e+00 -1.000000e+00 0.000000e+00
    outer loop
      vertex   -3.169957e+01 -1.917842e+01 4.683382e+02
      vertex   -3.278859e+01 -1.917842e+01 4.684446e+02
      vertex   -3.175324e+01 -1.917842e+01 4.682423e+02
    endloop
  endfacet
  facet normal 0.000000e+00 -1.000000e+00 0.000000e+00
    outer loop
      vertex   -3.175324e+01 -1.917842e+01 4.682423e+02
      vertex   -3.278859e+01 -1.917842e+01 4.684446e+02
      vertex   -3.276084e+01 -1.917842e+01 4.683378e+02
    endloop
  endfacet
  facet normal -0.000000e+00 -1.000000e+00 0.000000e+00
    outer loop
      vertex   -3.175324e+01 -1.917842e+01 4.682423e+02
      vertex   -3.276084e+01 -1.917842e+01 4.683378e+02
      vertex   -3.270638e+01 -1.917842e+01 4.682420e+02
    endloop
  endfacet
  facet normal 0.000000e+00 -1.000000e+00 0.000000e+00
    outer loop
      vertex   -3.169957e+01 -1.917842e+01 4.683382e+02
      vertex   -3.167231e+01 -1.917842e+01 4.684449e+02
      vertex   -3.278859e+01 -1.917842e+01 4.684446e+02
    endloop
  endfacet
  facet normal 0.000000e+00 -1.000000e+00 0.000000e+00
    outer loop
      vertex   -3.278859e+01 -1.917842e+01 4.684446e+02
      vertex   -3.167231e+01 -1.917842e+01 4.684449e+02
      vertex   -3.280060e+01 -1.917842e+01 4.685579e+02
    endloop
  endfacet
  facet normal 0.000000e+00 -1.000000e+00 0.000000e+00
    outer loop
      vertex   -3.280060e+01 -1.917842e+01 4.685579e+02
      vertex   -3.167231e+01 -1.917842e+01 4.684449e+02
      vertex   -3.166060e+01 -1.917842e+01 4.685579e+02
    endloop
  endfacet
  facet normal 0.000000e+00 -1.000000e+00 0.000000e+00
    outer loop
      vertex   -3.280060e+01 -1.917842e+01 4.685579e+02
      vertex   -3.166060e+01 -1.917842e+01 4.685579e+02
      vertex   -3.167154e+01 -1.917842e+01 4.686709e+02
    endloop
  endfacet
  facet normal 0.000000e+00 -1.000000e+00 0.000000e+00
    outer loop
      vertex   -3.280060e+01 -1.917842e+01 4.685579e+02
      vertex   -3.167154e+01 -1.917842e+01 4.686709e+02
      vertex   -3.278937e+01 -1.917842e+01 4.686712e+02
    endloop
  endfacet
  facet normal 0.000000e+00 -1.000000e+00 0.000000e+00
    outer loop
      vertex   -3.278937e+01 -1.917842e+01 4.686712e+02
      vertex   -3.167154e+01 -1.917842e+01 4.686709e+02
      vertex   -3.169797e+01 -1.917842e+01 4.687776e+02
    endloop
  endfacet
  facet normal 0.000000e+00 -1.000000e+00 0.000000e+00
    outer loop
      vertex   -3.278937e+01 -1.917842e+01 4.686712e+02
      vertex   -3.169797e+01 -1.917842e+01 4.687776e+02
      vertex   -3.276245e+01 -1.917842e+01 4.687780e+02
    endloop
  endfacet
  facet normal 0.000000e+00 -1.000000e+00 0.000000e+00
    outer loop
      vertex   -3.276245e+01 -1.917842e+01 4.687780e+02
      vertex   -3.169797e+01 -1.917842e+01 4.687776e+02
      vertex   -3.270861e+01 -1.917842e+01 4.688739e+02
    endloop
  endfacet
  facet normal 0.000000e+00 -1.000000e+00 0.000000e+00
    outer loop
      vertex   -3.270861e+01 -1.917842e+01 4.688739e+02
      vertex   -3.169797e+01 -1.917842e+01 4.687776e+02
      vertex   -3.175102e+01 -1.917842e+01 4.688736e+02
    endloop
  endfacet
  facet normal 0.000000e+00 -1.000000e+00 0.000000e+00
    outer loop
      vertex   -3.270861e+01 -1.917842e+01 4.688739e+02
      vertex   -3.175102e+01 -1.917842e+01 4.688736e+02
      vertex   -3.263810e+01 -1.917842e+01 4.689629e+02
    endloop
  endfacet
  facet normal 0.000000e+00 -1.000000e+00 0.000000e+00
    outer loop
      vertex   -3.263810e+01 -1.917842e+01 4.689629e+02
      vertex   -3.175102e+01 -1.917842e+01 4.688736e+02
      vertex   -3.254708e+01 -1.917842e+01 4.690298e+02
    endloop
  endfacet
  facet normal 0.000000e+00 -1.000000e+00 0.000000e+00
    outer loop
      vertex   -3.254708e+01 -1.917842e+01 4.690298e+02
      vertex   -3.175102e+01 -1.917842e+01 4.688736e+02
      vertex   -3.182060e+01 -1.917842e+01 4.689629e+02
    endloop
  endfacet
  facet normal 0.000000e+00 -1.000000e+00 0.000000e+00
    outer loop
      vertex   -3.254708e+01 -1.917842e+01 4.690298e+02
      vertex   -3.182060e+01 -1.917842e+01 4.689629e+02
      vertex   -3.191206e+01 -1.917842e+01 4.690303e+02
    endloop
  endfacet
  facet normal -0.000000e+00 -1.000000e+00 -0.000000e+00
    outer loop
      vertex   -3.200969e+01 -1.917842e+01 4.690817e+02
      vertex   -3.211725e+01 -1.917842e+01 4.691073e+02
      vertex   -3.191206e+01 -1.917842e+01 4.690303e+02
    endloop
  endfacet
  facet normal 0.000000e+00 -1.000000e+00 0.000000e+00
    outer loop
      vertex   -3.191206e+01 -1.917842e+01 4.690303e+02
      vertex   -3.211725e+01 -1.917842e+01 4.691073e+02
      vertex   -3.223060e+01 -1.917842e+01 4.691179e+02
    endloop
  endfacet
  facet normal 0.000000e+00 -1.000000e+00 0.000000e+00
    outer loop
      vertex   -3.191206e+01 -1.917842e+01 4.690303e+02
      vertex   -3.223060e+01 -1.917842e+01 4.691179e+02
      vertex   -3.234319e+01 -1.917842e+01 4.691069e+02
    endloop
  endfacet
  facet normal 0.000000e+00 -1.000000e+00 -0.000000e+00
    outer loop
      vertex   -3.245003e+01 -1.917842e+01 4.690810e+02
      vertex   -3.254708e+01 -1.917842e+01 4.690298e+02
      vertex   -3.234319e+01 -1.917842e+01 4.691069e+02
    endloop
  endfacet
  facet normal 0.000000e+00 -1.000000e+00 -0.000000e+00
    outer loop
      vertex   -3.234319e+01 -1.917842e+01 4.691069e+02
      vertex   -3.254708e+01 -1.917842e+01 4.690298e+02
      vertex   -3.191206e+01 -1.917842e+01 4.690303e+02
    endloop
  endfacet
  facet normal 0.000000e+00 -1.000000e+00 0.000000e+00
    outer loop
      vertex   -3.270638e+01 -1.917842e+01 4.682420e+02
      vertex   -3.263560e+01 -1.917842e+01 4.681529e+02
      vertex   -3.175324e+01 -1.917842e+01 4.682423e+02
    endloop
  endfacet
  facet normal 0.000000e+00 -1.000000e+00 0.000000e+00
    outer loop
      vertex   -3.175324e+01 -1.917842e+01 4.682423e+02
      vertex   -3.263560e+01 -1.917842e+01 4.681529e+02
      vertex   -3.254559e+01 -1.917842e+01 4.680846e+02
    endloop
  endfacet
  facet normal 0.000000e+00 -1.000000e+00 0.000000e+00
    outer loop
      vertex   -3.254559e+01 -1.917842e+01 4.680846e+02
      vertex   -3.244940e+01 -1.917842e+01 4.680319e+02
      vertex   -3.234302e+01 -1.917842e+01 4.680048e+02
    endloop
  endfacet
  facet normal 9.201856e-01 0.000000e+00 -3.914825e-01
    outer loop
      vertex   -3.587060e+01 -1.937842e+01 4.715379e+02
      vertex   -3.684060e+01 -1.937842e+01 4.692579e+02
      vertex   -3.587060e+01 -1.917842e+01 4.715379e+02
    endloop
  endfacet
  facet normal 9.201856e-01 0.000000e+00 -3.914825e-01
    outer loop
      vertex   -3.587060e+01 -1.917842e+01 4.715379e+02
      vertex   -3.684060e+01 -1.937842e+01 4.692579e+02
      vertex   -3.684060e+01 -1.917842e+01 4.692579e+02
    endloop
  endfacet
  facet normal -9.230770e-01 0.000000e+00 -3.846153e-01
    outer loop
      vertex   -3.684060e+01 -1.937842e+01 4.692579e+02
      vertex   -3.779060e+01 -1.937842e+01 4.715379e+02
      vertex   -3.684060e+01 -1.917842e+01 4.692579e+02
    endloop
  endfacet
  facet normal -9.230770e-01 0.000000e+00 -3.846153e-01
    outer loop
      vertex   -3.684060e+01 -1.917842e+01 4.692579e+02
      vertex   -3.779060e+01 -1.937842e+01 4.715379e+02
      vertex   -3.779060e+01 -1.917842e+01 4.715379e+02
    endloop
  endfacet
  facet normal 0.000000e+00 0.000000e+00 -1.000000e+00
    outer loop
      vertex   -3.779060e+01 -1.937842e+01 4.715379e+02
      vertex   -3.886060e+01 -1.937842e+01 4.715379e+02
      vertex   -3.779060e+01 -1.917842e+01 4.715379e+02
    endloop
  endfacet
  facet normal -0.000000e+00 0.000000e+00 -1.000000e+00
    outer loop
      vertex   -3.779060e+01 -1.917842e+01 4.715379e+02
      vertex   -3.886060e+01 -1.937842e+01 4.715379e+02
      vertex   -3.886060e+01 -1.917842e+01 4.715379e+02
    endloop
  endfacet
  facet normal 9.196200e-01 -0.000000e+00 3.928091e-01
    outer loop
      vertex   -3.886060e+01 -1.937842e+01 4.715379e+02
      vertex   -3.736560e+01 -1.937842e+01 4.680379e+02
      vertex   -3.886060e+01 -1.917842e+01 4.715379e+02
    endloop
  endfacet
  facet normal 9.196200e-01 0.000000e+00 3.928091e-01
    outer loop
      vertex   -3.886060e+01 -1.917842e+01 4.715379e+02
      vertex   -3.736560e+01 -1.937842e+01 4.680379e+02
      vertex   -3.736560e+01 -1.917842e+01 4.680379e+02
    endloop
  endfacet
  facet normal 0.000000e+00 0.000000e+00 1.000000e+00
    outer loop
      vertex   -3.736560e+01 -1.937842e+01 4.680379e+02
      vertex   -3.639060e+01 -1.937842e+01 4.680379e+02
      vertex   -3.736560e+01 -1.917842e+01 4.680379e+02
    endloop
  endfacet
  facet normal -0.000000e+00 0.000000e+00 1.000000e+00
    outer loop
      vertex   -3.736560e+01 -1.917842e+01 4.680379e+02
      vertex   -3.639060e+01 -1.937842e+01 4.680379e+02
      vertex   -3.639060e+01 -1.917842e+01 4.680379e+02
    endloop
  endfacet
  facet normal -9.191450e-01 0.000000e+00 3.939194e-01
    outer loop
      vertex   -3.639060e+01 -1.937842e+01 4.680379e+02
      vertex   -3.493060e+01 -1.937842e+01 4.714446e+02
      vertex   -3.639060e+01 -1.917842e+01 4.680379e+02
    endloop
  endfacet
  facet normal -9.191450e-01 0.000000e+00 3.939194e-01
    outer loop
      vertex   -3.639060e+01 -1.917842e+01 4.680379e+02
      vertex   -3.493060e+01 -1.937842e+01 4.714446e+02
      vertex   -3.493060e+01 -1.917842e+01 4.714446e+02
    endloop
  endfacet
  facet normal 1.000000e+00 -0.000000e+00 0.000000e+00
    outer loop
      vertex   -3.493060e+01 -1.937842e+01 4.714446e+02
      vertex   -3.493060e+01 -1.937842e+01 4.707729e+02
      vertex   -3.493060e+01 -1.917842e+01 4.714446e+02
    endloop
  endfacet
  facet normal 1.000000e+00 0.000000e+00 0.000000e+00
    outer loop
      vertex   -3.493060e+01 -1.917842e+01 4.714446e+02
      vertex   -3.493060e+01 -1.937842e+01 4.707729e+02
      vertex   -3.493060e+01 -1.917842e+01 4.707729e+02
    endloop
  endfacet
  facet normal 0.000000e+00 0.000000e+00 1.000000e+00
    outer loop
      vertex   -3.493060e+01 -1.937842e+01 4.707729e+02
      vertex   -3.428060e+01 -1.937842e+01 4.707729e+02
      vertex   -3.493060e+01 -1.917842e+01 4.707729e+02
    endloop
  endfacet
  facet normal -0.000000e+00 0.000000e+00 1.000000e+00
    outer loop
      vertex   -3.493060e+01 -1.917842e+01 4.707729e+02
      vertex   -3.428060e+01 -1.937842e+01 4.707729e+02
      vertex   -3.428060e+01 -1.917842e+01 4.707729e+02
    endloop
  endfacet
  facet normal 1.000000e+00 -0.000000e+00 0.000000e+00
    outer loop
      vertex   -3.428060e+01 -1.937842e+01 4.707729e+02
      vertex   -3.428060e+01 -1.937842e+01 4.680379e+02
      vertex   -3.428060e+01 -1.917842e+01 4.707729e+02
    endloop
  endfacet
  facet normal 1.000000e+00 0.000000e+00 0.000000e+00
    outer loop
      vertex   -3.428060e+01 -1.917842e+01 4.707729e+02
      vertex   -3.428060e+01 -1.937842e+01 4.680379e+02
      vertex   -3.428060e+01 -1.917842e+01 4.680379e+02
    endloop
  endfacet
  facet normal 0.000000e+00 0.000000e+00 1.000000e+00
    outer loop
      vertex   -3.428060e+01 -1.937842e+01 4.680379e+02
      vertex   -3.329060e+01 -1.937842e+01 4.680379e+02
      vertex   -3.428060e+01 -1.917842e+01 4.680379e+02
    endloop
  endfacet
  facet normal -0.000000e+00 0.000000e+00 1.000000e+00
    outer loop
      vertex   -3.428060e+01 -1.917842e+01 4.680379e+02
      vertex   -3.329060e+01 -1.937842e+01 4.680379e+02
      vertex   -3.329060e+01 -1.917842e+01 4.680379e+02
    endloop
  endfacet
  facet normal -1.000000e+00 0.000000e+00 0.000000e+00
    outer loop
      vertex   -3.329060e+01 -1.937842e+01 4.680379e+02
      vertex   -3.329060e+01 -1.937842e+01 4.715379e+02
      vertex   -3.329060e+01 -1.917842e+01 4.680379e+02
    endloop
  endfacet
  facet normal -1.000000e+00 0.000000e+00 0.000000e+00
    outer loop
      vertex   -3.329060e+01 -1.917842e+01 4.680379e+02
      vertex   -3.329060e+01 -1.937842e+01 4.715379e+02
      vertex   -3.329060e+01 -1.917842e+01 4.715379e+02
    endloop
  endfacet
  facet normal 0.000000e+00 0.000000e+00 -1.000000e+00
    outer loop
      vertex   -3.329060e+01 -1.937842e+01 4.715379e+02
      vertex   -3.587060e+01 -1.937842e+01 4.715379e+02
      vertex   -3.329060e+01 -1.917842e+01 4.715379e+02
    endloop
  endfacet
  facet normal -0.000000e+00 0.000000e+00 -1.000000e+00
    outer loop
      vertex   -3.329060e+01 -1.917842e+01 4.715379e+02
      vertex   -3.587060e+01 -1.937842e+01 4.715379e+02
      vertex   -3.587060e+01 -1.917842e+01 4.715379e+02
    endloop
  endfacet
  facet normal 0.000000e+00 -1.000000e+00 0.000000e+00
    outer loop
      vertex   -3.587060e+01 -1.917842e+01 4.715379e+02
      vertex   -3.493060e+01 -1.917842e+01 4.714446e+02
      vertex   -3.329060e+01 -1.917842e+01 4.715379e+02
    endloop
  endfacet
  facet normal 0.000000e+00 -1.000000e+00 0.000000e+00
    outer loop
      vertex   -3.329060e+01 -1.917842e+01 4.715379e+02
      vertex   -3.493060e+01 -1.917842e+01 4.714446e+02
      vertex   -3.428060e+01 -1.917842e+01 4.707729e+02
    endloop
  endfacet
  facet normal 0.000000e+00 -1.000000e+00 -0.000000e+00
    outer loop
      vertex   -3.329060e+01 -1.917842e+01 4.715379e+02
      vertex   -3.428060e+01 -1.917842e+01 4.707729e+02
      vertex   -3.329060e+01 -1.917842e+01 4.680379e+02
    endloop
  endfacet
  facet normal 0.000000e+00 -1.000000e+00 0.000000e+00
    outer loop
      vertex   -3.329060e+01 -1.917842e+01 4.680379e+02
      vertex   -3.428060e+01 -1.917842e+01 4.707729e+02
      vertex   -3.428060e+01 -1.917842e+01 4.680379e+02
    endloop
  endfacet
  facet normal 0.000000e+00 -1.000000e+00 -0.000000e+00
    outer loop
      vertex   -3.587060e+01 -1.917842e+01 4.715379e+02
      vertex   -3.684060e+01 -1.917842e+01 4.692579e+02
      vertex   -3.493060e+01 -1.917842e+01 4.714446e+02
    endloop
  endfacet
  facet normal 0.000000e+00 -1.000000e+00 0.000000e+00
    outer loop
      vertex   -3.493060e+01 -1.917842e+01 4.714446e+02
      vertex   -3.684060e+01 -1.917842e+01 4.692579e+02
      vertex   -3.639060e+01 -1.917842e+01 4.680379e+02
    endloop
  endfacet
  facet normal 0.000000e+00 -1.000000e+00 0.000000e+00
    outer loop
      vertex   -3.639060e+01 -1.917842e+01 4.680379e+02
      vertex   -3.684060e+01 -1.917842e+01 4.692579e+02
      vertex   -3.736560e+01 -1.917842e+01 4.680379e+02
    endloop
  endfacet
  facet normal 0.000000e+00 -1.000000e+00 0.000000e+00
    outer loop
      vertex   -3.736560e+01 -1.917842e+01 4.680379e+02
      vertex   -3.684060e+01 -1.917842e+01 4.692579e+02
      vertex   -3.886060e+01 -1.917842e+01 4.715379e+02
    endloop
  endfacet
  facet normal 0.000000e+00 -1.000000e+00 0.000000e+00
    outer loop
      vertex   -3.886060e+01 -1.917842e+01 4.715379e+02
      vertex   -3.684060e+01 -1.917842e+01 4.692579e+02
      vertex   -3.779060e+01 -1.917842e+01 4.715379e+02
    endloop
  endfacet
  facet normal 0.000000e+00 -1.000000e+00 0.000000e+00
    outer loop
      vertex   -3.493060e+01 -1.917842e+01 4.714446e+02
      vertex   -3.493060e+01 -1.917842e+01 4.707729e+02
      vertex   -3.428060e+01 -1.917842e+01 4.707729e+02
    endloop
  endfacet
  facet normal -9.307398e-01 0.000000e+00 -3.656821e-01
    outer loop
      vertex   -3.020810e+01 -1.937842e+01 4.690204e+02
      vertex   -3.028050e+01 -1.937842e+01 4.692047e+02
      vertex   -3.020810e+01 -1.917842e+01 4.690204e+02
    endloop
  endfacet
  facet normal -9.307398e-01 0.000000e+00 -3.656821e-01
    outer loop
      vertex   -3.020810e+01 -1.917842e+01 4.690204e+02
      vertex   -3.028050e+01 -1.937842e+01 4.692047e+02
      vertex   -3.028050e+01 -1.917842e+01 4.692047e+02
    endloop
  endfacet
  facet normal -9.660968e-01 -0.000000e+00 -2.581802e-01
    outer loop
      vertex   -3.028050e+01 -1.917842e+01 4.692047e+02
      vertex   -3.028050e+01 -1.937842e+01 4.692047e+02
      vertex   -3.033100e+01 -1.937842e+01 4.693937e+02
    endloop
  endfacet
  facet normal -9.660968e-01 0.000000e+00 -2.581802e-01
    outer loop
      vertex   -3.028050e+01 -1.917842e+01 4.692047e+02
      vertex   -3.033100e+01 -1.937842e+01 4.693937e+02
      vertex   -3.033100e+01 -1.917842e+01 4.693937e+02
    endloop
  endfacet
  facet normal -9.946217e-01 -0.000000e+00 -1.035749e-01
    outer loop
      vertex   -3.033100e+01 -1.917842e+01 4.693937e+02
      vertex   -3.033100e+01 -1.937842e+01 4.693937e+02
      vertex   -3.035135e+01 -1.937842e+01 4.695891e+02
    endloop
  endfacet
  facet normal -9.946217e-01 0.000000e+00 -1.035749e-01
    outer loop
      vertex   -3.033100e+01 -1.917842e+01 4.693937e+02
      vertex   -3.035135e+01 -1.937842e+01 4.695891e+02
      vertex   -3.035135e+01 -1.917842e+01 4.695891e+02
    endloop
  endfacet
  facet normal -9.997721e-01 -0.000000e+00 -2.134631e-02
    outer loop
      vertex   -3.035135e+01 -1.917842e+01 4.695891e+02
      vertex   -3.035135e+01 -1.937842e+01 4.695891e+02
      vertex   -3.035560e+01 -1.937842e+01 4.697879e+02
    endloop
  endfacet
  facet normal -9.997721e-01 0.000000e+00 -2.134631e-02
    outer loop
      vertex   -3.035135e+01 -1.917842e+01 4.695891e+02
      vertex   -3.035560e+01 -1.937842e+01 4.697879e+02
      vertex   -3.035560e+01 -1.917842e+01 4.697879e+02
    endloop
  endfacet
  facet normal -9.997721e-01 0.000000e+00 2.134631e-02
    outer loop
      vertex   -3.035560e+01 -1.937842e+01 4.697879e+02
      vertex   -3.035135e+01 -1.937842e+01 4.699867e+02
      vertex   -3.035560e+01 -1.917842e+01 4.697879e+02
    endloop
  endfacet
  facet normal -9.997721e-01 0.000000e+00 2.134631e-02
    outer loop
      vertex   -3.035560e+01 -1.917842e+01 4.697879e+02
      vertex   -3.035135e+01 -1.937842e+01 4.699867e+02
      vertex   -3.035135e+01 -1.917842e+01 4.699867e+02
    endloop
  endfacet
  facet normal -9.946217e-01 0.000000e+00 1.035749e-01
    outer loop
      vertex   -3.035135e+01 -1.917842e+01 4.699867e+02
      vertex   -3.035135e+01 -1.937842e+01 4.699867e+02
      vertex   -3.033100e+01 -1.937842e+01 4.701821e+02
    endloop
  endfacet
  facet normal -9.946217e-01 0.000000e+00 1.035749e-01
    outer loop
      vertex   -3.035135e+01 -1.917842e+01 4.699867e+02
      vertex   -3.033100e+01 -1.937842e+01 4.701821e+02
      vertex   -3.033100e+01 -1.917842e+01 4.701821e+02
    endloop
  endfacet
  facet normal -9.660968e-01 0.000000e+00 2.581802e-01
    outer loop
      vertex   -3.033100e+01 -1.917842e+01 4.701821e+02
      vertex   -3.033100e+01 -1.937842e+01 4.701821e+02
      vertex   -3.028050e+01 -1.937842e+01 4.703711e+02
    endloop
  endfacet
  facet normal -9.660968e-01 0.000000e+00 2.581802e-01
    outer loop
      vertex   -3.033100e+01 -1.917842e+01 4.701821e+02
      vertex   -3.028050e+01 -1.937842e+01 4.703711e+02
      vertex   -3.028050e+01 -1.917842e+01 4.703711e+02
    endloop
  endfacet
  facet normal -9.307398e-01 0.000000e+00 3.656821e-01
    outer loop
      vertex   -3.028050e+01 -1.917842e+01 4.703711e+02
      vertex   -3.028050e+01 -1.937842e+01 4.703711e+02
      vertex   -3.020810e+01 -1.937842e+01 4.705554e+02
    endloop
  endfacet
  facet normal -9.307398e-01 0.000000e+00 3.656821e-01
    outer loop
      vertex   -3.028050e+01 -1.917842e+01 4.703711e+02
      vertex   -3.020810e+01 -1.937842e+01 4.705554e+02
      vertex   -3.020810e+01 -1.917842e+01 4.705554e+02
    endloop
  endfacet
  facet normal -7.870329e-01 0.000000e+00 6.169110e-01
    outer loop
      vertex   -3.020810e+01 -1.937842e+01 4.705554e+02
      vertex   -3.013028e+01 -1.937842e+01 4.706547e+02
      vertex   -3.020810e+01 -1.917842e+01 4.705554e+02
    endloop
  endfacet
  facet normal -7.870329e-01 0.000000e+00 6.169110e-01
    outer loop
      vertex   -3.020810e+01 -1.917842e+01 4.705554e+02
      vertex   -3.013028e+01 -1.937842e+01 4.706547e+02
      vertex   -3.013028e+01 -1.917842e+01 4.706547e+02
    endloop
  endfacet
  facet normal -7.111488e-01 0.000000e+00 7.030415e-01
    outer loop
      vertex   -3.013028e+01 -1.917842e+01 4.706547e+02
      vertex   -3.013028e+01 -1.937842e+01 4.706547e+02
      vertex   -3.008757e+01 -1.937842e+01 4.706979e+02
    endloop
  endfacet
  facet normal -7.111488e-01 0.000000e+00 7.030415e-01
    outer loop
      vertex   -3.013028e+01 -1.917842e+01 4.706547e+02
      vertex   -3.008757e+01 -1.937842e+01 4.706979e+02
      vertex   -3.008757e+01 -1.917842e+01 4.706979e+02
    endloop
  endfacet
  facet normal -6.002662e-01 0.000000e+00 7.998003e-01
    outer loop
      vertex   -3.008757e+01 -1.917842e+01 4.706979e+02
      vertex   -3.008757e+01 -1.937842e+01 4.706979e+02
      vertex   -3.004030e+01 -1.937842e+01 4.707334e+02
    endloop
  endfacet
  facet normal -6.002662e-01 0.000000e+00 7.998003e-01
    outer loop
      vertex   -3.008757e+01 -1.917842e+01 4.706979e+02
      vertex   -3.004030e+01 -1.937842e+01 4.707334e+02
      vertex   -3.004030e+01 -1.917842e+01 4.707334e+02
    endloop
  endfacet
  facet normal -4.370919e-01 0.000000e+00 8.994168e-01
    outer loop
      vertex   -3.004030e+01 -1.917842e+01 4.707334e+02
      vertex   -3.004030e+01 -1.937842e+01 4.707334e+02
      vertex   -2.998730e+01 -1.937842e+01 4.707591e+02
    endloop
  endfacet
  facet normal -4.370919e-01 0.000000e+00 8.994168e-01
    outer loop
      vertex   -3.004030e+01 -1.917842e+01 4.707334e+02
      vertex   -2.998730e+01 -1.937842e+01 4.707591e+02
      vertex   -2.998730e+01 -1.917842e+01 4.707591e+02
    endloop
  endfacet
  facet normal -2.896600e-01 0.000000e+00 9.571296e-01
    outer loop
      vertex   -2.998730e+01 -1.917842e+01 4.707591e+02
      vertex   -2.998730e+01 -1.937842e+01 4.707591e+02
      vertex   -2.992944e+01 -1.937842e+01 4.707766e+02
    endloop
  endfacet
  facet normal -2.896600e-01 0.000000e+00 9.571296e-01
    outer loop
      vertex   -2.998730e+01 -1.917842e+01 4.707591e+02
      vertex   -2.992944e+01 -1.937842e+01 4.707766e+02
      vertex   -2.992944e+01 -1.917842e+01 4.707766e+02
    endloop
  endfacet
  facet normal -1.693485e-01 0.000000e+00 9.855562e-01
    outer loop
      vertex   -2.992944e+01 -1.917842e+01 4.707766e+02
      vertex   -2.992944e+01 -1.937842e+01 4.707766e+02
      vertex   -2.980559e+01 -1.937842e+01 4.707979e+02
    endloop
  endfacet
  facet normal -1.693485e-01 0.000000e+00 9.855562e-01
    outer loop
      vertex   -2.992944e+01 -1.917842e+01 4.707766e+02
      vertex   -2.980559e+01 -1.937842e+01 4.707979e+02
      vertex   -2.980559e+01 -1.917842e+01 4.707979e+02
    endloop
  endfacet
  facet normal 1.744302e-01 -0.000000e+00 9.846695e-01
    outer loop
      vertex   -2.980559e+01 -1.937842e+01 4.707979e+02
      vertex   -2.968305e+01 -1.937842e+01 4.707762e+02
      vertex   -2.980559e+01 -1.917842e+01 4.707979e+02
    endloop
  endfacet
  facet normal 1.744302e-01 0.000000e+00 9.846695e-01
    outer loop
      vertex   -2.980559e+01 -1.917842e+01 4.707979e+02
      vertex   -2.968305e+01 -1.937842e+01 4.707762e+02
      vertex   -2.968305e+01 -1.917842e+01 4.707762e+02
    endloop
  endfacet
  facet normal 2.953271e-01 0.000000e+00 9.553962e-01
    outer loop
      vertex   -2.968305e+01 -1.917842e+01 4.707762e+02
      vertex   -2.968305e+01 -1.937842e+01 4.707762e+02
      vertex   -2.962585e+01 -1.937842e+01 4.707585e+02
    endloop
  endfacet
  facet normal 2.953271e-01 0.000000e+00 9.553962e-01
    outer loop
      vertex   -2.968305e+01 -1.917842e+01 4.707762e+02
      vertex   -2.962585e+01 -1.937842e+01 4.707585e+02
      vertex   -2.962585e+01 -1.917842e+01 4.707585e+02
    endloop
  endfacet
  facet normal 4.432406e-01 0.000000e+00 8.964027e-01
    outer loop
      vertex   -2.962585e+01 -1.917842e+01 4.707585e+02
      vertex   -2.962585e+01 -1.937842e+01 4.707585e+02
      vertex   -2.957352e+01 -1.937842e+01 4.707326e+02
    endloop
  endfacet
  facet normal 4.432406e-01 0.000000e+00 8.964027e-01
    outer loop
      vertex   -2.962585e+01 -1.917842e+01 4.707585e+02
      vertex   -2.957352e+01 -1.937842e+01 4.707326e+02
      vertex   -2.957352e+01 -1.917842e+01 4.707326e+02
    endloop
  endfacet
  facet normal 6.053542e-01 0.000000e+00 7.959562e-01
    outer loop
      vertex   -2.957352e+01 -1.917842e+01 4.707326e+02
      vertex   -2.957352e+01 -1.937842e+01 4.707326e+02
      vertex   -2.952689e+01 -1.937842e+01 4.706972e+02
    endloop
  endfacet
  facet normal 6.053542e-01 0.000000e+00 7.959562e-01
    outer loop
      vertex   -2.957352e+01 -1.917842e+01 4.707326e+02
      vertex   -2.952689e+01 -1.937842e+01 4.706972e+02
      vertex   -2.952689e+01 -1.917842e+01 4.706972e+02
    endloop
  endfacet
  facet normal 7.148399e-01 0.000000e+00 6.992881e-01
    outer loop
      vertex   -2.952689e+01 -1.917842e+01 4.706972e+02
      vertex   -2.952689e+01 -1.937842e+01 4.706972e+02
      vertex   -2.948479e+01 -1.937842e+01 4.706541e+02
    endloop
  endfacet
  facet normal 7.148399e-01 0.000000e+00 6.992881e-01
    outer loop
      vertex   -2.952689e+01 -1.917842e+01 4.706972e+02
      vertex   -2.948479e+01 -1.937842e+01 4.706541e+02
      vertex   -2.948479e+01 -1.917842e+01 4.706541e+02
    endloop
  endfacet
  facet normal 7.897442e-01 0.000000e+00 6.134363e-01
    outer loop
      vertex   -2.948479e+01 -1.917842e+01 4.706541e+02
      vertex   -2.948479e+01 -1.937842e+01 4.706541e+02
      vertex   -2.940810e+01 -1.937842e+01 4.705554e+02
    endloop
  endfacet
  facet normal 7.897442e-01 0.000000e+00 6.134363e-01
    outer loop
      vertex   -2.948479e+01 -1.917842e+01 4.706541e+02
      vertex   -2.940810e+01 -1.937842e+01 4.705554e+02
      vertex   -2.940810e+01 -1.917842e+01 4.705554e+02
    endloop
  endfacet
  facet normal 9.307398e-01 -0.000000e+00 3.656821e-01
    outer loop
      vertex   -2.940810e+01 -1.937842e+01 4.705554e+02
      vertex   -2.933569e+01 -1.937842e+01 4.703711e+02
      vertex   -2.940810e+01 -1.917842e+01 4.705554e+02
    endloop
  endfacet
  facet normal 9.307398e-01 0.000000e+00 3.656821e-01
    outer loop
      vertex   -2.940810e+01 -1.917842e+01 4.705554e+02
      vertex   -2.933569e+01 -1.937842e+01 4.703711e+02
      vertex   -2.933569e+01 -1.917842e+01 4.703711e+02
    endloop
  endfacet
  facet normal 9.660968e-01 0.000000e+00 2.581802e-01
    outer loop
      vertex   -2.933569e+01 -1.917842e+01 4.703711e+02
      vertex   -2.933569e+01 -1.937842e+01 4.703711e+02
      vertex   -2.928519e+01 -1.937842e+01 4.701821e+02
    endloop
  endfacet
  facet normal 9.660968e-01 0.000000e+00 2.581802e-01
    outer loop
      vertex   -2.933569e+01 -1.917842e+01 4.703711e+02
      vertex   -2.928519e+01 -1.937842e+01 4.701821e+02
      vertex   -2.928519e+01 -1.917842e+01 4.701821e+02
    endloop
  endfacet
  facet normal 9.946217e-01 0.000000e+00 1.035749e-01
    outer loop
      vertex   -2.928519e+01 -1.917842e+01 4.701821e+02
      vertex   -2.928519e+01 -1.937842e+01 4.701821e+02
      vertex   -2.926484e+01 -1.937842e+01 4.699867e+02
    endloop
  endfacet
  facet normal 9.946217e-01 0.000000e+00 1.035749e-01
    outer loop
      vertex   -2.928519e+01 -1.917842e+01 4.701821e+02
      vertex   -2.926484e+01 -1.937842e+01 4.699867e+02
      vertex   -2.926484e+01 -1.917842e+01 4.699867e+02
    endloop
  endfacet
  facet normal 9.997721e-01 0.000000e+00 2.134631e-02
    outer loop
      vertex   -2.926484e+01 -1.917842e+01 4.699867e+02
      vertex   -2.926484e+01 -1.937842e+01 4.699867e+02
      vertex   -2.926060e+01 -1.937842e+01 4.697879e+02
    endloop
  endfacet
  facet normal 9.997721e-01 0.000000e+00 2.134631e-02
    outer loop
      vertex   -2.926484e+01 -1.917842e+01 4.699867e+02
      vertex   -2.926060e+01 -1.937842e+01 4.697879e+02
      vertex   -2.926060e+01 -1.917842e+01 4.697879e+02
    endloop
  endfacet
  facet normal 9.997721e-01 0.000000e+00 -2.134631e-02
    outer loop
      vertex   -2.926060e+01 -1.937842e+01 4.697879e+02
      vertex   -2.926484e+01 -1.937842e+01 4.695891e+02
      vertex   -2.926060e+01 -1.917842e+01 4.697879e+02
    endloop
  endfacet
  facet normal 9.997721e-01 0.000000e+00 -2.134631e-02
    outer loop
      vertex   -2.926060e+01 -1.917842e+01 4.697879e+02
      vertex   -2.926484e+01 -1.937842e+01 4.695891e+02
      vertex   -2.926484e+01 -1.917842e+01 4.695891e+02
    endloop
  endfacet
  facet normal 9.946217e-01 0.000000e+00 -1.035749e-01
    outer loop
      vertex   -2.926484e+01 -1.917842e+01 4.695891e+02
      vertex   -2.926484e+01 -1.937842e+01 4.695891e+02
      vertex   -2.928519e+01 -1.937842e+01 4.693937e+02
    endloop
  endfacet
  facet normal 9.946217e-01 0.000000e+00 -1.035749e-01
    outer loop
      vertex   -2.926484e+01 -1.917842e+01 4.695891e+02
      vertex   -2.928519e+01 -1.937842e+01 4.693937e+02
      vertex   -2.928519e+01 -1.917842e+01 4.693937e+02
    endloop
  endfacet
  facet normal 9.660968e-01 0.000000e+00 -2.581802e-01
    outer loop
      vertex   -2.928519e+01 -1.917842e+01 4.693937e+02
      vertex   -2.928519e+01 -1.937842e+01 4.693937e+02
      vertex   -2.933569e+01 -1.937842e+01 4.692047e+02
    endloop
  endfacet
  facet normal 9.660968e-01 0.000000e+00 -2.581802e-01
    outer loop
      vertex   -2.928519e+01 -1.917842e+01 4.693937e+02
      vertex   -2.933569e+01 -1.937842e+01 4.692047e+02
      vertex   -2.933569e+01 -1.917842e+01 4.692047e+02
    endloop
  endfacet
  facet normal 9.307398e-01 0.000000e+00 -3.656821e-01
    outer loop
      vertex   -2.933569e+01 -1.917842e+01 4.692047e+02
      vertex   -2.933569e+01 -1.937842e+01 4.692047e+02
      vertex   -2.940810e+01 -1.937842e+01 4.690204e+02
    endloop
  endfacet
  facet normal 9.307398e-01 0.000000e+00 -3.656821e-01
    outer loop
      vertex   -2.933569e+01 -1.917842e+01 4.692047e+02
      vertex   -2.940810e+01 -1.937842e+01 4.690204e+02
      vertex   -2.940810e+01 -1.917842e+01 4.690204e+02
    endloop
  endfacet
  facet normal 7.897442e-01 0.000000e+00 -6.134363e-01
    outer loop
      vertex   -2.940810e+01 -1.937842e+01 4.690204e+02
      vertex   -2.948479e+01 -1.937842e+01 4.689217e+02
      vertex   -2.940810e+01 -1.917842e+01 4.690204e+02
    endloop
  endfacet
  facet normal 7.897442e-01 0.000000e+00 -6.134363e-01
    outer loop
      vertex   -2.940810e+01 -1.917842e+01 4.690204e+02
      vertex   -2.948479e+01 -1.937842e+01 4.689217e+02
      vertex   -2.948479e+01 -1.917842e+01 4.689217e+02
    endloop
  endfacet
  facet normal 7.148399e-01 0.000000e+00 -6.992881e-01
    outer loop
      vertex   -2.948479e+01 -1.917842e+01 4.689217e+02
      vertex   -2.948479e+01 -1.937842e+01 4.689217e+02
      vertex   -2.952689e+01 -1.937842e+01 4.688786e+02
    endloop
  endfacet
  facet normal 7.148399e-01 0.000000e+00 -6.992881e-01
    outer loop
      vertex   -2.948479e+01 -1.917842e+01 4.689217e+02
      vertex   -2.952689e+01 -1.937842e+01 4.688786e+02
      vertex   -2.952689e+01 -1.917842e+01 4.688786e+02
    endloop
  endfacet
  facet normal 6.053542e-01 0.000000e+00 -7.959562e-01
    outer loop
      vertex   -2.952689e+01 -1.917842e+01 4.688786e+02
      vertex   -2.952689e+01 -1.937842e+01 4.688786e+02
      vertex   -2.957352e+01 -1.937842e+01 4.688432e+02
    endloop
  endfacet
  facet normal 6.053542e-01 0.000000e+00 -7.959562e-01
    outer loop
      vertex   -2.952689e+01 -1.917842e+01 4.688786e+02
      vertex   -2.957352e+01 -1.937842e+01 4.688432e+02
      vertex   -2.957352e+01 -1.917842e+01 4.688432e+02
    endloop
  endfacet
  facet normal 4.432406e-01 0.000000e+00 -8.964027e-01
    outer loop
      vertex   -2.957352e+01 -1.917842e+01 4.688432e+02
      vertex   -2.957352e+01 -1.937842e+01 4.688432e+02
      vertex   -2.962585e+01 -1.937842e+01 4.688173e+02
    endloop
  endfacet
  facet normal 4.432406e-01 0.000000e+00 -8.964027e-01
    outer loop
      vertex   -2.957352e+01 -1.917842e+01 4.688432e+02
      vertex   -2.962585e+01 -1.937842e+01 4.688173e+02
      vertex   -2.962585e+01 -1.917842e+01 4.688173e+02
    endloop
  endfacet
  facet normal 2.953271e-01 0.000000e+00 -9.553962e-01
    outer loop
      vertex   -2.962585e+01 -1.917842e+01 4.688173e+02
      vertex   -2.962585e+01 -1.937842e+01 4.688173e+02
      vertex   -2.968305e+01 -1.937842e+01 4.687996e+02
    endloop
  endfacet
  facet normal 2.953271e-01 0.000000e+00 -9.553962e-01
    outer loop
      vertex   -2.962585e+01 -1.917842e+01 4.688173e+02
      vertex   -2.968305e+01 -1.937842e+01 4.687996e+02
      vertex   -2.968305e+01 -1.917842e+01 4.687996e+02
    endloop
  endfacet
  facet normal 1.744302e-01 0.000000e+00 -9.846695e-01
    outer loop
      vertex   -2.968305e+01 -1.917842e+01 4.687996e+02
      vertex   -2.968305e+01 -1.937842e+01 4.687996e+02
      vertex   -2.980559e+01 -1.937842e+01 4.687779e+02
    endloop
  endfacet
  facet normal 1.744302e-01 0.000000e+00 -9.846695e-01
    outer loop
      vertex   -2.968305e+01 -1.917842e+01 4.687996e+02
      vertex   -2.980559e+01 -1.937842e+01 4.687779e+02
      vertex   -2.980559e+01 -1.917842e+01 4.687779e+02
    endloop
  endfacet
  facet normal -1.693485e-01 0.000000e+00 -9.855562e-01
    outer loop
      vertex   -2.980559e+01 -1.937842e+01 4.687779e+02
      vertex   -2.992944e+01 -1.937842e+01 4.687992e+02
      vertex   -2.980559e+01 -1.917842e+01 4.687779e+02
    endloop
  endfacet
  facet normal -1.693485e-01 0.000000e+00 -9.855562e-01
    outer loop
      vertex   -2.980559e+01 -1.917842e+01 4.687779e+02
      vertex   -2.992944e+01 -1.937842e+01 4.687992e+02
      vertex   -2.992944e+01 -1.917842e+01 4.687992e+02
    endloop
  endfacet
  facet normal -2.896600e-01 -0.000000e+00 -9.571296e-01
    outer loop
      vertex   -2.992944e+01 -1.917842e+01 4.687992e+02
      vertex   -2.992944e+01 -1.937842e+01 4.687992e+02
      vertex   -2.998730e+01 -1.937842e+01 4.688167e+02
    endloop
  endfacet
  facet normal -2.896600e-01 0.000000e+00 -9.571296e-01
    outer loop
      vertex   -2.992944e+01 -1.917842e+01 4.687992e+02
      vertex   -2.998730e+01 -1.937842e+01 4.688167e+02
      vertex   -2.998730e+01 -1.917842e+01 4.688167e+02
    endloop
  endfacet
  facet normal -4.370919e-01 -0.000000e+00 -8.994168e-01
    outer loop
      vertex   -2.998730e+01 -1.917842e+01 4.688167e+02
      vertex   -2.998730e+01 -1.937842e+01 4.688167e+02
      vertex   -3.004030e+01 -1.937842e+01 4.688424e+02
    endloop
  endfacet
  facet normal -4.370919e-01 0.000000e+00 -8.994168e-01
    outer loop
      vertex   -2.998730e+01 -1.917842e+01 4.688167e+02
      vertex   -3.004030e+01 -1.937842e+01 4.688424e+02
      vertex   -3.004030e+01 -1.917842e+01 4.688424e+02
    endloop
  endfacet
  facet normal -6.002662e-01 -0.000000e+00 -7.998003e-01
    outer loop
      vertex   -3.004030e+01 -1.917842e+01 4.688424e+02
      vertex   -3.004030e+01 -1.937842e+01 4.688424e+02
      vertex   -3.008757e+01 -1.937842e+01 4.688779e+02
    endloop
  endfacet
  facet normal -6.002662e-01 0.000000e+00 -7.998003e-01
    outer loop
      vertex   -3.004030e+01 -1.917842e+01 4.688424e+02
      vertex   -3.008757e+01 -1.937842e+01 4.688779e+02
      vertex   -3.008757e+01 -1.917842e+01 4.688779e+02
    endloop
  endfacet
  facet normal -7.111488e-01 -0.000000e+00 -7.030415e-01
    outer loop
      vertex   -3.008757e+01 -1.917842e+01 4.688779e+02
      vertex   -3.008757e+01 -1.937842e+01 4.688779e+02
      vertex   -3.013028e+01 -1.937842e+01 4.689211e+02
    endloop
  endfacet
  facet normal -7.111488e-01 0.000000e+00 -7.030415e-01
    outer loop
      vertex   -3.008757e+01 -1.917842e+01 4.688779e+02
      vertex   -3.013028e+01 -1.937842e+01 4.689211e+02
      vertex   -3.013028e+01 -1.917842e+01 4.689211e+02
    endloop
  endfacet
  facet normal -7.870329e-01 -0.000000e+00 -6.169110e-01
    outer loop
      vertex   -3.013028e+01 -1.917842e+01 4.689211e+02
      vertex   -3.013028e+01 -1.937842e+01 4.689211e+02
      vertex   -3.020810e+01 -1.937842e+01 4.690204e+02
    endloop
  endfacet
  facet normal -7.870329e-01 0.000000e+00 -6.169110e-01
    outer loop
      vertex   -3.013028e+01 -1.917842e+01 4.689211e+02
      vertex   -3.020810e+01 -1.937842e+01 4.690204e+02
      vertex   -3.020810e+01 -1.917842e+01 4.690204e+02
    endloop
  endfacet
  facet normal -6.069219e-01 0.000000e+00 7.947614e-01
    outer loop
      vertex   -2.901060e+01 -1.937842e+01 4.681829e+02
      vertex   -2.884187e+01 -1.937842e+01 4.683117e+02
      vertex   -2.901060e+01 -1.917842e+01 4.681829e+02
    endloop
  endfacet
  facet normal -6.069219e-01 0.000000e+00 7.947614e-01
    outer loop
      vertex   -2.901060e+01 -1.917842e+01 4.681829e+02
      vertex   -2.884187e+01 -1.937842e+01 4.683117e+02
      vertex   -2.884187e+01 -1.917842e+01 4.683117e+02
    endloop
  endfacet
  facet normal -6.913411e-01 0.000000e+00 7.225285e-01
    outer loop
      vertex   -2.884187e+01 -1.917842e+01 4.683117e+02
      vertex   -2.884187e+01 -1.937842e+01 4.683117e+02
      vertex   -2.869089e+01 -1.937842e+01 4.684562e+02
    endloop
  endfacet
  facet normal -6.913411e-01 0.000000e+00 7.225285e-01
    outer loop
      vertex   -2.884187e+01 -1.917842e+01 4.683117e+02
      vertex   -2.869089e+01 -1.937842e+01 4.684562e+02
      vertex   -2.869089e+01 -1.917842e+01 4.684562e+02
    endloop
  endfacet
  facet normal -8.113534e-01 0.000000e+00 5.845559e-01
    outer loop
      vertex   -2.869089e+01 -1.917842e+01 4.684562e+02
      vertex   -2.869089e+01 -1.937842e+01 4.684562e+02
      vertex   -2.856861e+01 -1.937842e+01 4.686259e+02
    endloop
  endfacet
  facet normal -8.113534e-01 0.000000e+00 5.845559e-01
    outer loop
      vertex   -2.869089e+01 -1.917842e+01 4.684562e+02
      vertex   -2.856861e+01 -1.937842e+01 4.686259e+02
      vertex   -2.856861e+01 -1.917842e+01 4.686259e+02
    endloop
  endfacet
  facet normal -8.680307e-01 0.000000e+00 4.965105e-01
    outer loop
      vertex   -2.856861e+01 -1.917842e+01 4.686259e+02
      vertex   -2.856861e+01 -1.937842e+01 4.686259e+02
      vertex   -2.846310e+01 -1.937842e+01 4.688104e+02
    endloop
  endfacet
  facet normal -8.680307e-01 0.000000e+00 4.965105e-01
    outer loop
      vertex   -2.856861e+01 -1.917842e+01 4.686259e+02
      vertex   -2.846310e+01 -1.937842e+01 4.688104e+02
      vertex   -2.846310e+01 -1.917842e+01 4.688104e+02
    endloop
  endfacet
  facet normal -9.375616e-01 0.000000e+00 3.478193e-01
    outer loop
      vertex   -2.846310e+01 -1.937842e+01 4.688104e+02
      vertex   -2.837540e+01 -1.937842e+01 4.690468e+02
      vertex   -2.846310e+01 -1.917842e+01 4.688104e+02
    endloop
  endfacet
  facet normal -9.375616e-01 0.000000e+00 3.478193e-01
    outer loop
      vertex   -2.846310e+01 -1.917842e+01 4.688104e+02
      vertex   -2.837540e+01 -1.937842e+01 4.690468e+02
      vertex   -2.837540e+01 -1.917842e+01 4.690468e+02
    endloop
  endfacet
  facet normal -9.645549e-01 0.000000e+00 2.638824e-01
    outer loop
      vertex   -2.837540e+01 -1.917842e+01 4.690468e+02
      vertex   -2.837540e+01 -1.937842e+01 4.690468e+02
      vertex   -2.830949e+01 -1.937842e+01 4.692877e+02
    endloop
  endfacet
  facet normal -9.645549e-01 0.000000e+00 2.638824e-01
    outer loop
      vertex   -2.837540e+01 -1.917842e+01 4.690468e+02
      vertex   -2.830949e+01 -1.937842e+01 4.692877e+02
      vertex   -2.830949e+01 -1.917842e+01 4.692877e+02
    endloop
  endfacet
  facet normal -9.919265e-01 0.000000e+00 1.268140e-01
    outer loop
      vertex   -2.830949e+01 -1.917842e+01 4.692877e+02
      vertex   -2.830949e+01 -1.937842e+01 4.692877e+02
      vertex   -2.827777e+01 -1.937842e+01 4.695358e+02
    endloop
  endfacet
  facet normal -9.919265e-01 0.000000e+00 1.268140e-01
    outer loop
      vertex   -2.830949e+01 -1.917842e+01 4.692877e+02
      vertex   -2.827777e+01 -1.937842e+01 4.695358e+02
      vertex   -2.827777e+01 -1.917842e+01 4.695358e+02
    endloop
  endfacet
  facet normal -9.988352e-01 0.000000e+00 4.825114e-02
    outer loop
      vertex   -2.827777e+01 -1.917842e+01 4.695358e+02
      vertex   -2.827777e+01 -1.937842e+01 4.695358e+02
      vertex   -2.826559e+01 -1.937842e+01 4.697879e+02
    endloop
  endfacet
  facet normal -9.988352e-01 0.000000e+00 4.825114e-02
    outer loop
      vertex   -2.827777e+01 -1.917842e+01 4.695358e+02
      vertex   -2.826559e+01 -1.937842e+01 4.697879e+02
      vertex   -2.826559e+01 -1.917842e+01 4.697879e+02
    endloop
  endfacet
  facet normal -9.988352e-01 0.000000e+00 -4.825114e-02
    outer loop
      vertex   -2.826559e+01 -1.937842e+01 4.697879e+02
      vertex   -2.827777e+01 -1.937842e+01 4.700400e+02
      vertex   -2.826559e+01 -1.917842e+01 4.697879e+02
    endloop
  endfacet
  facet normal -9.988352e-01 0.000000e+00 -4.825114e-02
    outer loop
      vertex   -2.826559e+01 -1.917842e+01 4.697879e+02
      vertex   -2.827777e+01 -1.937842e+01 4.700400e+02
      vertex   -2.827777e+01 -1.917842e+01 4.700400e+02
    endloop
  endfacet
  facet normal -9.919265e-01 -0.000000e+00 -1.268140e-01
    outer loop
      vertex   -2.827777e+01 -1.917842e+01 4.700400e+02
      vertex   -2.827777e+01 -1.937842e+01 4.700400e+02
      vertex   -2.830949e+01 -1.937842e+01 4.702881e+02
    endloop
  endfacet
  facet normal -9.919265e-01 0.000000e+00 -1.268140e-01
    outer loop
      vertex   -2.827777e+01 -1.917842e+01 4.700400e+02
      vertex   -2.830949e+01 -1.937842e+01 4.702881e+02
      vertex   -2.830949e+01 -1.917842e+01 4.702881e+02
    endloop
  endfacet
  facet normal -9.645549e-01 -0.000000e+00 -2.638824e-01
    outer loop
      vertex   -2.830949e+01 -1.917842e+01 4.702881e+02
      vertex   -2.830949e+01 -1.937842e+01 4.702881e+02
      vertex   -2.837540e+01 -1.937842e+01 4.705290e+02
    endloop
  endfacet
  facet normal -9.645549e-01 0.000000e+00 -2.638824e-01
    outer loop
      vertex   -2.830949e+01 -1.917842e+01 4.702881e+02
      vertex   -2.837540e+01 -1.937842e+01 4.705290e+02
      vertex   -2.837540e+01 -1.917842e+01 4.705290e+02
    endloop
  endfacet
  facet normal -9.375616e-01 -0.000000e+00 -3.478193e-01
    outer loop
      vertex   -2.837540e+01 -1.917842e+01 4.705290e+02
      vertex   -2.837540e+01 -1.937842e+01 4.705290e+02
      vertex   -2.846310e+01 -1.937842e+01 4.707654e+02
    endloop
  endfacet
  facet normal -9.375616e-01 0.000000e+00 -3.478193e-01
    outer loop
      vertex   -2.837540e+01 -1.917842e+01 4.705290e+02
      vertex   -2.846310e+01 -1.937842e+01 4.707654e+02
      vertex   -2.846310e+01 -1.917842e+01 4.707654e+02
    endloop
  endfacet
  facet normal -8.680307e-01 0.000000e+00 -4.965106e-01
    outer loop
      vertex   -2.846310e+01 -1.937842e+01 4.707654e+02
      vertex   -2.856861e+01 -1.937842e+01 4.709499e+02
      vertex   -2.846310e+01 -1.917842e+01 4.707654e+02
    endloop
  endfacet
  facet normal -8.680307e-01 0.000000e+00 -4.965106e-01
    outer loop
      vertex   -2.846310e+01 -1.917842e+01 4.707654e+02
      vertex   -2.856861e+01 -1.937842e+01 4.709499e+02
      vertex   -2.856861e+01 -1.917842e+01 4.709499e+02
    endloop
  endfacet
  facet normal -8.113535e-01 -0.000000e+00 -5.845558e-01
    outer loop
      vertex   -2.856861e+01 -1.917842e+01 4.709499e+02
      vertex   -2.856861e+01 -1.937842e+01 4.709499e+02
      vertex   -2.869089e+01 -1.937842e+01 4.711196e+02
    endloop
  endfacet
  facet normal -8.113535e-01 0.000000e+00 -5.845558e-01
    outer loop
      vertex   -2.856861e+01 -1.917842e+01 4.709499e+02
      vertex   -2.869089e+01 -1.937842e+01 4.711196e+02
      vertex   -2.869089e+01 -1.917842e+01 4.711196e+02
    endloop
  endfacet
  facet normal -6.913414e-01 -0.000000e+00 -7.225282e-01
    outer loop
      vertex   -2.869089e+01 -1.917842e+01 4.711196e+02
      vertex   -2.869089e+01 -1.937842e+01 4.711196e+02
      vertex   -2.884187e+01 -1.937842e+01 4.712641e+02
    endloop
  endfacet
  facet normal -6.913414e-01 0.000000e+00 -7.225282e-01
    outer loop
      vertex   -2.869089e+01 -1.917842e+01 4.711196e+02
      vertex   -2.884187e+01 -1.937842e+01 4.712641e+02
      vertex   -2.884187e+01 -1.917842e+01 4.712641e+02
    endloop
  endfacet
  facet normal -6.069224e-01 -0.000000e+00 -7.947611e-01
    outer loop
      vertex   -2.884187e+01 -1.917842e+01 4.712641e+02
      vertex   -2.884187e+01 -1.937842e+01 4.712641e+02
      vertex   -2.901060e+01 -1.937842e+01 4.713929e+02
    endloop
  endfacet
  facet normal -6.069224e-01 0.000000e+00 -7.947611e-01
    outer loop
      vertex   -2.884187e+01 -1.917842e+01 4.712641e+02
      vertex   -2.901060e+01 -1.937842e+01 4.713929e+02
      vertex   -2.901060e+01 -1.917842e+01 4.713929e+02
    endloop
  endfacet
  facet normal -4.412299e-01 0.000000e+00 -8.973941e-01
    outer loop
      vertex   -2.901060e+01 -1.937842e+01 4.713929e+02
      vertex   -2.919874e+01 -1.937842e+01 4.714854e+02
      vertex   -2.901060e+01 -1.917842e+01 4.713929e+02
    endloop
  endfacet
  facet normal -4.412299e-01 0.000000e+00 -8.973941e-01
    outer loop
      vertex   -2.901060e+01 -1.917842e+01 4.713929e+02
      vertex   -2.919874e+01 -1.937842e+01 4.714854e+02
      vertex   -2.919874e+01 -1.917842e+01 4.714854e+02
    endloop
  endfacet
  facet normal -3.437941e-01 -0.000000e+00 -9.390451e-01
    outer loop
      vertex   -2.919874e+01 -1.917842e+01 4.714854e+02
      vertex   -2.919874e+01 -1.937842e+01 4.714854e+02
      vertex   -2.939276e+01 -1.937842e+01 4.715564e+02
    endloop
  endfacet
  facet normal -3.437941e-01 0.000000e+00 -9.390451e-01
    outer loop
      vertex   -2.919874e+01 -1.917842e+01 4.714854e+02
      vertex   -2.939276e+01 -1.937842e+01 4.715564e+02
      vertex   -2.939276e+01 -1.917842e+01 4.715564e+02
    endloop
  endfacet
  facet normal -1.742186e-01 -0.000000e+00 -9.847070e-01
    outer loop
      vertex   -2.939276e+01 -1.917842e+01 4.715564e+02
      vertex   -2.939276e+01 -1.937842e+01 4.715564e+02
      vertex   -2.959636e+01 -1.937842e+01 4.715925e+02
    endloop
  endfacet
  facet normal -1.742186e-01 0.000000e+00 -9.847070e-01
    outer loop
      vertex   -2.939276e+01 -1.917842e+01 4.715564e+02
      vertex   -2.959636e+01 -1.937842e+01 4.715925e+02
      vertex   -2.959636e+01 -1.917842e+01 4.715925e+02
    endloop
  endfacet
  facet normal -7.358579e-02 -0.000000e+00 -9.972889e-01
    outer loop
      vertex   -2.959636e+01 -1.917842e+01 4.715925e+02
      vertex   -2.959636e+01 -1.937842e+01 4.715925e+02
      vertex   -2.980559e+01 -1.937842e+01 4.716079e+02
    endloop
  endfacet
  facet normal -7.358579e-02 0.000000e+00 -9.972889e-01
    outer loop
      vertex   -2.959636e+01 -1.917842e+01 4.715925e+02
      vertex   -2.980559e+01 -1.937842e+01 4.716079e+02
      vertex   -2.980559e+01 -1.917842e+01 4.716079e+02
    endloop
  endfacet
  facet normal 7.225166e-02 0.000000e+00 -9.973864e-01
    outer loop
      vertex   -2.980559e+01 -1.937842e+01 4.716079e+02
      vertex   -3.001608e+01 -1.937842e+01 4.715927e+02
      vertex   -2.980559e+01 -1.917842e+01 4.716079e+02
    endloop
  endfacet
  facet normal 7.225166e-02 0.000000e+00 -9.973864e-01
    outer loop
      vertex   -2.980559e+01 -1.917842e+01 4.716079e+02
      vertex   -3.001608e+01 -1.937842e+01 4.715927e+02
      vertex   -3.001608e+01 -1.917842e+01 4.715927e+02
    endloop
  endfacet
  facet normal 1.725660e-01 0.000000e+00 -9.849980e-01
    outer loop
      vertex   -3.001608e+01 -1.917842e+01 4.715927e+02
      vertex   -3.001608e+01 -1.937842e+01 4.715927e+02
      vertex   -3.022095e+01 -1.937842e+01 4.715568e+02
    endloop
  endfacet
  facet normal 1.725660e-01 0.000000e+00 -9.849980e-01
    outer loop
      vertex   -3.001608e+01 -1.917842e+01 4.715927e+02
      vertex   -3.022095e+01 -1.937842e+01 4.715568e+02
      vertex   -3.022095e+01 -1.917842e+01 4.715568e+02
    endloop
  endfacet
  facet normal 3.421252e-01 0.000000e+00 -9.396544e-01
    outer loop
      vertex   -3.022095e+01 -1.917842e+01 4.715568e+02
      vertex   -3.022095e+01 -1.937842e+01 4.715568e+02
      vertex   -3.041622e+01 -1.937842e+01 4.714857e+02
    endloop
  endfacet
  facet normal 3.421252e-01 0.000000e+00 -9.396544e-01
    outer loop
      vertex   -3.022095e+01 -1.917842e+01 4.715568e+02
      vertex   -3.041622e+01 -1.937842e+01 4.714857e+02
      vertex   -3.041622e+01 -1.917842e+01 4.714857e+02
    endloop
  endfacet
  facet normal 4.398975e-01 0.000000e+00 -8.980480e-01
    outer loop
      vertex   -3.041622e+01 -1.917842e+01 4.714857e+02
      vertex   -3.041622e+01 -1.937842e+01 4.714857e+02
      vertex   -3.060560e+01 -1.937842e+01 4.713929e+02
    endloop
  endfacet
  facet normal 4.398975e-01 0.000000e+00 -8.980480e-01
    outer loop
      vertex   -3.041622e+01 -1.917842e+01 4.714857e+02
      vertex   -3.060560e+01 -1.937842e+01 4.713929e+02
      vertex   -3.060560e+01 -1.917842e+01 4.713929e+02
    endloop
  endfacet
  facet normal 6.069216e-01 0.000000e+00 -7.947617e-01
    outer loop
      vertex   -3.060560e+01 -1.937842e+01 4.713929e+02
      vertex   -3.077432e+01 -1.937842e+01 4.712641e+02
      vertex   -3.060560e+01 -1.917842e+01 4.713929e+02
    endloop
  endfacet
  facet normal 6.069216e-01 0.000000e+00 -7.947617e-01
    outer loop
      vertex   -3.060560e+01 -1.917842e+01 4.713929e+02
      vertex   -3.077432e+01 -1.937842e+01 4.712641e+02
      vertex   -3.077432e+01 -1.917842e+01 4.712641e+02
    endloop
  endfacet
  facet normal 6.913409e-01 0.000000e+00 -7.225287e-01
    outer loop
      vertex   -3.077432e+01 -1.917842e+01 4.712641e+02
      vertex   -3.077432e+01 -1.937842e+01 4.712641e+02
      vertex   -3.092530e+01 -1.937842e+01 4.711196e+02
    endloop
  endfacet
  facet normal 6.913409e-01 0.000000e+00 -7.225287e-01
    outer loop
      vertex   -3.077432e+01 -1.917842e+01 4.712641e+02
      vertex   -3.092530e+01 -1.937842e+01 4.711196e+02
      vertex   -3.092530e+01 -1.917842e+01 4.711196e+02
    endloop
  endfacet
  facet normal 8.113533e-01 0.000000e+00 -5.845560e-01
    outer loop
      vertex   -3.092530e+01 -1.917842e+01 4.711196e+02
      vertex   -3.092530e+01 -1.937842e+01 4.711196e+02
      vertex   -3.104758e+01 -1.937842e+01 4.709499e+02
    endloop
  endfacet
  facet normal 8.113533e-01 0.000000e+00 -5.845560e-01
    outer loop
      vertex   -3.092530e+01 -1.917842e+01 4.711196e+02
      vertex   -3.104758e+01 -1.937842e+01 4.709499e+02
      vertex   -3.104758e+01 -1.917842e+01 4.709499e+02
    endloop
  endfacet
  facet normal 8.680306e-01 0.000000e+00 -4.965107e-01
    outer loop
      vertex   -3.104758e+01 -1.917842e+01 4.709499e+02
      vertex   -3.104758e+01 -1.937842e+01 4.709499e+02
      vertex   -3.115310e+01 -1.937842e+01 4.707654e+02
    endloop
  endfacet
  facet normal 8.680306e-01 0.000000e+00 -4.965107e-01
    outer loop
      vertex   -3.104758e+01 -1.917842e+01 4.709499e+02
      vertex   -3.115310e+01 -1.937842e+01 4.707654e+02
      vertex   -3.115310e+01 -1.917842e+01 4.707654e+02
    endloop
  endfacet
  facet normal 9.375621e-01 0.000000e+00 -3.478178e-01
    outer loop
      vertex   -3.115310e+01 -1.937842e+01 4.707654e+02
      vertex   -3.124079e+01 -1.937842e+01 4.705290e+02
      vertex   -3.115310e+01 -1.917842e+01 4.707654e+02
    endloop
  endfacet
  facet normal 9.375621e-01 0.000000e+00 -3.478178e-01
    outer loop
      vertex   -3.115310e+01 -1.917842e+01 4.707654e+02
      vertex   -3.124079e+01 -1.937842e+01 4.705290e+02
      vertex   -3.124079e+01 -1.917842e+01 4.705290e+02
    endloop
  endfacet
  facet normal 9.645552e-01 0.000000e+00 -2.638812e-01
    outer loop
      vertex   -3.124079e+01 -1.917842e+01 4.705290e+02
      vertex   -3.124079e+01 -1.937842e+01 4.705290e+02
      vertex   -3.130670e+01 -1.937842e+01 4.702881e+02
    endloop
  endfacet
  facet normal 9.645552e-01 0.000000e+00 -2.638812e-01
    outer loop
      vertex   -3.124079e+01 -1.917842e+01 4.705290e+02
      vertex   -3.130670e+01 -1.937842e+01 4.702881e+02
      vertex   -3.130670e+01 -1.917842e+01 4.702881e+02
    endloop
  endfacet
  facet normal 9.919266e-01 0.000000e+00 -1.268131e-01
    outer loop
      vertex   -3.130670e+01 -1.917842e+01 4.702881e+02
      vertex   -3.130670e+01 -1.937842e+01 4.702881e+02
      vertex   -3.133842e+01 -1.937842e+01 4.700400e+02
    endloop
  endfacet
  facet normal 9.919266e-01 0.000000e+00 -1.268131e-01
    outer loop
      vertex   -3.130670e+01 -1.917842e+01 4.702881e+02
      vertex   -3.133842e+01 -1.937842e+01 4.700400e+02
      vertex   -3.133842e+01 -1.917842e+01 4.700400e+02
    endloop
  endfacet
  facet normal 9.988353e-01 0.000000e+00 -4.825030e-02
    outer loop
      vertex   -3.133842e+01 -1.917842e+01 4.700400e+02
      vertex   -3.133842e+01 -1.937842e+01 4.700400e+02
      vertex   -3.135060e+01 -1.937842e+01 4.697879e+02
    endloop
  endfacet
  facet normal 9.988353e-01 0.000000e+00 -4.825030e-02
    outer loop
      vertex   -3.133842e+01 -1.917842e+01 4.700400e+02
      vertex   -3.135060e+01 -1.937842e+01 4.697879e+02
      vertex   -3.135060e+01 -1.917842e+01 4.697879e+02
    endloop
  endfacet
  facet normal 9.988352e-01 -0.000000e+00 4.825158e-02
    outer loop
      vertex   -3.135060e+01 -1.937842e+01 4.697879e+02
      vertex   -3.133842e+01 -1.937842e+01 4.695358e+02
      vertex   -3.135060e+01 -1.917842e+01 4.697879e+02
    endloop
  endfacet
  facet normal 9.988352e-01 0.000000e+00 4.825158e-02
    outer loop
      vertex   -3.135060e+01 -1.917842e+01 4.697879e+02
      vertex   -3.133842e+01 -1.937842e+01 4.695358e+02
      vertex   -3.133842e+01 -1.917842e+01 4.695358e+02
    endloop
  endfacet
  facet normal 9.919266e-01 0.000000e+00 1.268136e-01
    outer loop
      vertex   -3.133842e+01 -1.917842e+01 4.695358e+02
      vertex   -3.133842e+01 -1.937842e+01 4.695358e+02
      vertex   -3.130670e+01 -1.937842e+01 4.692877e+02
    endloop
  endfacet
  facet normal 9.919266e-01 0.000000e+00 1.268136e-01
    outer loop
      vertex   -3.133842e+01 -1.917842e+01 4.695358e+02
      vertex   -3.130670e+01 -1.937842e+01 4.692877e+02
      vertex   -3.130670e+01 -1.917842e+01 4.692877e+02
    endloop
  endfacet
  facet normal 9.645554e-01 0.000000e+00 2.638806e-01
    outer loop
      vertex   -3.130670e+01 -1.917842e+01 4.692877e+02
      vertex   -3.130670e+01 -1.937842e+01 4.692877e+02
      vertex   -3.124079e+01 -1.937842e+01 4.690468e+02
    endloop
  endfacet
  facet normal 9.645554e-01 0.000000e+00 2.638806e-01
    outer loop
      vertex   -3.130670e+01 -1.917842e+01 4.692877e+02
      vertex   -3.124079e+01 -1.937842e+01 4.690468e+02
      vertex   -3.124079e+01 -1.917842e+01 4.690468e+02
    endloop
  endfacet
  facet normal 9.375625e-01 0.000000e+00 3.478167e-01
    outer loop
      vertex   -3.124079e+01 -1.917842e+01 4.690468e+02
      vertex   -3.124079e+01 -1.937842e+01 4.690468e+02
      vertex   -3.115310e+01 -1.937842e+01 4.688104e+02
    endloop
  endfacet
  facet normal 9.375625e-01 0.000000e+00 3.478167e-01
    outer loop
      vertex   -3.124079e+01 -1.917842e+01 4.690468e+02
      vertex   -3.115310e+01 -1.937842e+01 4.688104e+02
      vertex   -3.115310e+01 -1.917842e+01 4.688104e+02
    endloop
  endfacet
  facet normal 8.680307e-01 -0.000000e+00 4.965106e-01
    outer loop
      vertex   -3.115310e+01 -1.937842e+01 4.688104e+02
      vertex   -3.104758e+01 -1.937842e+01 4.686259e+02
      vertex   -3.115310e+01 -1.917842e+01 4.688104e+02
    endloop
  endfacet
  facet normal 8.680307e-01 0.000000e+00 4.965106e-01
    outer loop
      vertex   -3.115310e+01 -1.917842e+01 4.688104e+02
      vertex   -3.104758e+01 -1.937842e+01 4.686259e+02
      vertex   -3.104758e+01 -1.917842e+01 4.686259e+02
    endloop
  endfacet
  facet normal 8.113533e-01 0.000000e+00 5.845561e-01
    outer loop
      vertex   -3.104758e+01 -1.917842e+01 4.686259e+02
      vertex   -3.104758e+01 -1.937842e+01 4.686259e+02
      vertex   -3.092530e+01 -1.937842e+01 4.684562e+02
    endloop
  endfacet
  facet normal 8.113533e-01 0.000000e+00 5.845561e-01
    outer loop
      vertex   -3.104758e+01 -1.917842e+01 4.686259e+02
      vertex   -3.092530e+01 -1.937842e+01 4.684562e+02
      vertex   -3.092530e+01 -1.917842e+01 4.684562e+02
    endloop
  endfacet
  facet normal 6.913406e-01 0.000000e+00 7.225290e-01
    outer loop
      vertex   -3.092530e+01 -1.917842e+01 4.684562e+02
      vertex   -3.092530e+01 -1.937842e+01 4.684562e+02
      vertex   -3.077432e+01 -1.937842e+01 4.683117e+02
    endloop
  endfacet
  facet normal 6.913406e-01 0.000000e+00 7.225290e-01
    outer loop
      vertex   -3.092530e+01 -1.917842e+01 4.684562e+02
      vertex   -3.077432e+01 -1.937842e+01 4.683117e+02
      vertex   -3.077432e+01 -1.917842e+01 4.683117e+02
    endloop
  endfacet
  facet normal 6.069211e-01 0.000000e+00 7.947621e-01
    outer loop
      vertex   -3.077432e+01 -1.917842e+01 4.683117e+02
      vertex   -3.077432e+01 -1.937842e+01 4.683117e+02
      vertex   -3.060560e+01 -1.937842e+01 4.681829e+02
    endloop
  endfacet
  facet normal 6.069211e-01 0.000000e+00 7.947621e-01
    outer loop
      vertex   -3.077432e+01 -1.917842e+01 4.683117e+02
      vertex   -3.060560e+01 -1.937842e+01 4.681829e+02
      vertex   -3.060560e+01 -1.917842e+01 4.681829e+02
    endloop
  endfacet
  facet normal 4.398993e-01 -0.000000e+00 8.980471e-01
    outer loop
      vertex   -3.060560e+01 -1.937842e+01 4.681829e+02
      vertex   -3.041622e+01 -1.937842e+01 4.680901e+02
      vertex   -3.060560e+01 -1.917842e+01 4.681829e+02
    endloop
  endfacet
  facet normal 4.398993e-01 0.000000e+00 8.980471e-01
    outer loop
      vertex   -3.060560e+01 -1.917842e+01 4.681829e+02
      vertex   -3.041622e+01 -1.937842e+01 4.680901e+02
      vertex   -3.041622e+01 -1.917842e+01 4.680901e+02
    endloop
  endfacet
  facet normal 3.421265e-01 0.000000e+00 9.396539e-01
    outer loop
      vertex   -3.041622e+01 -1.917842e+01 4.680901e+02
      vertex   -3.041622e+01 -1.937842e+01 4.680901e+02
      vertex   -3.022095e+01 -1.937842e+01 4.680190e+02
    endloop
  endfacet
  facet normal 3.421265e-01 0.000000e+00 9.396539e-01
    outer loop
      vertex   -3.041622e+01 -1.917842e+01 4.680901e+02
      vertex   -3.022095e+01 -1.937842e+01 4.680190e+02
      vertex   -3.022095e+01 -1.917842e+01 4.680190e+02
    endloop
  endfacet
  facet normal 1.725662e-01 0.000000e+00 9.849979e-01
    outer loop
      vertex   -3.022095e+01 -1.917842e+01 4.680190e+02
      vertex   -3.022095e+01 -1.937842e+01 4.680190e+02
      vertex   -3.001608e+01 -1.937842e+01 4.679831e+02
    endloop
  endfacet
  facet normal 1.725662e-01 0.000000e+00 9.849979e-01
    outer loop
      vertex   -3.022095e+01 -1.917842e+01 4.680190e+02
      vertex   -3.001608e+01 -1.937842e+01 4.679831e+02
      vertex   -3.001608e+01 -1.917842e+01 4.679831e+02
    endloop
  endfacet
  facet normal 7.225094e-02 0.000000e+00 9.973865e-01
    outer loop
      vertex   -3.001608e+01 -1.917842e+01 4.679831e+02
      vertex   -3.001608e+01 -1.937842e+01 4.679831e+02
      vertex   -2.980559e+01 -1.937842e+01 4.679679e+02
    endloop
  endfacet
  facet normal 7.225094e-02 0.000000e+00 9.973865e-01
    outer loop
      vertex   -3.001608e+01 -1.917842e+01 4.679831e+02
      vertex   -2.980559e+01 -1.937842e+01 4.679679e+02
      vertex   -2.980559e+01 -1.917842e+01 4.679679e+02
    endloop
  endfacet
  facet normal -7.358650e-02 0.000000e+00 9.972888e-01
    outer loop
      vertex   -2.980559e+01 -1.937842e+01 4.679679e+02
      vertex   -2.959636e+01 -1.937842e+01 4.679833e+02
      vertex   -2.980559e+01 -1.917842e+01 4.679679e+02
    endloop
  endfacet
  facet normal -7.358650e-02 0.000000e+00 9.972888e-01
    outer loop
      vertex   -2.980559e+01 -1.917842e+01 4.679679e+02
      vertex   -2.959636e+01 -1.937842e+01 4.679833e+02
      vertex   -2.959636e+01 -1.917842e+01 4.679833e+02
    endloop
  endfacet
  facet normal -1.742193e-01 0.000000e+00 9.847069e-01
    outer loop
      vertex   -2.959636e+01 -1.917842e+01 4.679833e+02
      vertex   -2.959636e+01 -1.937842e+01 4.679833e+02
      vertex   -2.939276e+01 -1.937842e+01 4.680194e+02
    endloop
  endfacet
  facet normal -1.742193e-01 0.000000e+00 9.847069e-01
    outer loop
      vertex   -2.959636e+01 -1.917842e+01 4.679833e+02
      vertex   -2.939276e+01 -1.937842e+01 4.680194e+02
      vertex   -2.939276e+01 -1.917842e+01 4.680194e+02
    endloop
  endfacet
  facet normal -3.437947e-01 0.000000e+00 9.390448e-01
    outer loop
      vertex   -2.939276e+01 -1.917842e+01 4.680194e+02
      vertex   -2.939276e+01 -1.937842e+01 4.680194e+02
      vertex   -2.919874e+01 -1.937842e+01 4.680904e+02
    endloop
  endfacet
  facet normal -3.437947e-01 0.000000e+00 9.390448e-01
    outer loop
      vertex   -2.939276e+01 -1.917842e+01 4.680194e+02
      vertex   -2.919874e+01 -1.937842e+01 4.680904e+02
      vertex   -2.919874e+01 -1.917842e+01 4.680904e+02
    endloop
  endfacet
  facet normal -4.412305e-01 0.000000e+00 8.973938e-01
    outer loop
      vertex   -2.919874e+01 -1.917842e+01 4.680904e+02
      vertex   -2.919874e+01 -1.937842e+01 4.680904e+02
      vertex   -2.901060e+01 -1.937842e+01 4.681829e+02
    endloop
  endfacet
  facet normal -4.412305e-01 0.000000e+00 8.973938e-01
    outer loop
      vertex   -2.919874e+01 -1.917842e+01 4.680904e+02
      vertex   -2.901060e+01 -1.937842e+01 4.681829e+02
      vertex   -2.901060e+01 -1.917842e+01 4.681829e+02
    endloop
  endfacet
  facet normal 0.000000e+00 -1.000000e+00 0.000000e+00
    outer loop
      vertex   -3.001608e+01 -1.917842e+01 4.679831e+02
      vertex   -2.980559e+01 -1.917842e+01 4.679679e+02
      vertex   -2.980559e+01 -1.917842e+01 4.687779e+02
    endloop
  endfacet
  facet normal 0.000000e+00 -1.000000e+00 0.000000e+00
    outer loop
      vertex   -2.980559e+01 -1.917842e+01 4.687779e+02
      vertex   -2.980559e+01 -1.917842e+01 4.679679e+02
      vertex   -2.959636e+01 -1.917842e+01 4.679833e+02
    endloop
  endfacet
  facet normal 0.000000e+00 -1.000000e+00 0.000000e+00
    outer loop
      vertex   -2.980559e+01 -1.917842e+01 4.687779e+02
      vertex   -2.959636e+01 -1.917842e+01 4.679833e+02
      vertex   -2.968305e+01 -1.917842e+01 4.687996e+02
    endloop
  endfacet
  facet normal 0.000000e+00 -1.000000e+00 0.000000e+00
    outer loop
      vertex   -2.968305e+01 -1.917842e+01 4.687996e+02
      vertex   -2.959636e+01 -1.917842e+01 4.679833e+02
      vertex   -2.962585e+01 -1.917842e+01 4.688173e+02
    endloop
  endfacet
  facet normal 0.000000e+00 -1.000000e+00 0.000000e+00
    outer loop
      vertex   -2.962585e+01 -1.917842e+01 4.688173e+02
      vertex   -2.959636e+01 -1.917842e+01 4.679833e+02
      vertex   -2.939276e+01 -1.917842e+01 4.680194e+02
    endloop
  endfacet
  facet normal 0.000000e+00 -1.000000e+00 0.000000e+00
    outer loop
      vertex   -2.962585e+01 -1.917842e+01 4.688173e+02
      vertex   -2.939276e+01 -1.917842e+01 4.680194e+02
      vertex   -2.957352e+01 -1.917842e+01 4.688432e+02
    endloop
  endfacet
  facet normal 0.000000e+00 -1.000000e+00 0.000000e+00
    outer loop
      vertex   -2.957352e+01 -1.917842e+01 4.688432e+02
      vertex   -2.939276e+01 -1.917842e+01 4.680194e+02
      vertex   -2.919874e+01 -1.917842e+01 4.680904e+02
    endloop
  endfacet
  facet normal 0.000000e+00 -1.000000e+00 0.000000e+00
    outer loop
      vertex   -2.957352e+01 -1.917842e+01 4.688432e+02
      vertex   -2.919874e+01 -1.917842e+01 4.680904e+02
      vertex   -2.952689e+01 -1.917842e+01 4.688786e+02
    endloop
  endfacet
  facet normal 0.000000e+00 -1.000000e+00 0.000000e+00
    outer loop
      vertex   -2.952689e+01 -1.917842e+01 4.688786e+02
      vertex   -2.919874e+01 -1.917842e+01 4.680904e+02
      vertex   -2.901060e+01 -1.917842e+01 4.681829e+02
    endloop
  endfacet
  facet normal 0.000000e+00 -1.000000e+00 0.000000e+00
    outer loop
      vertex   -2.952689e+01 -1.917842e+01 4.688786e+02
      vertex   -2.901060e+01 -1.917842e+01 4.681829e+02
      vertex   -2.948479e+01 -1.917842e+01 4.689217e+02
    endloop
  endfacet
  facet normal 0.000000e+00 -1.000000e+00 0.000000e+00
    outer loop
      vertex   -2.948479e+01 -1.917842e+01 4.689217e+02
      vertex   -2.901060e+01 -1.917842e+01 4.681829e+02
      vertex   -2.884187e+01 -1.917842e+01 4.683117e+02
    endloop
  endfacet
  facet normal 0.000000e+00 -1.000000e+00 0.000000e+00
    outer loop
      vertex   -2.948479e+01 -1.917842e+01 4.689217e+02
      vertex   -2.884187e+01 -1.917842e+01 4.683117e+02
      vertex   -2.940810e+01 -1.917842e+01 4.690204e+02
    endloop
  endfacet
  facet normal 0.000000e+00 -1.000000e+00 0.000000e+00
    outer loop
      vertex   -2.940810e+01 -1.917842e+01 4.690204e+02
      vertex   -2.884187e+01 -1.917842e+01 4.683117e+02
      vertex   -2.869089e+01 -1.917842e+01 4.684562e+02
    endloop
  endfacet
  facet normal 0.000000e+00 -1.000000e+00 0.000000e+00
    outer loop
      vertex   -2.940810e+01 -1.917842e+01 4.690204e+02
      vertex   -2.869089e+01 -1.917842e+01 4.684562e+02
      vertex   -2.856861e+01 -1.917842e+01 4.686259e+02
    endloop
  endfacet
  facet normal 0.000000e+00 -1.000000e+00 0.000000e+00
    outer loop
      vertex   -2.940810e+01 -1.917842e+01 4.690204e+02
      vertex   -2.856861e+01 -1.917842e+01 4.686259e+02
      vertex   -2.933569e+01 -1.917842e+01 4.692047e+02
    endloop
  endfacet
  facet normal 0.000000e+00 -1.000000e+00 0.000000e+00
    outer loop
      vertex   -2.933569e+01 -1.917842e+01 4.692047e+02
      vertex   -2.856861e+01 -1.917842e+01 4.686259e+02
      vertex   -2.846310e+01 -1.917842e+01 4.688104e+02
    endloop
  endfacet
  facet normal 0.000000e+00 -1.000000e+00 0.000000e+00
    outer loop
      vertex   -2.933569e+01 -1.917842e+01 4.692047e+02
      vertex   -2.846310e+01 -1.917842e+01 4.688104e+02
      vertex   -2.928519e+01 -1.917842e+01 4.693937e+02
    endloop
  endfacet
  facet normal 0.000000e+00 -1.000000e+00 0.000000e+00
    outer loop
      vertex   -2.928519e+01 -1.917842e+01 4.693937e+02
      vertex   -2.846310e+01 -1.917842e+01 4.688104e+02
      vertex   -2.837540e+01 -1.917842e+01 4.690468e+02
    endloop
  endfacet
  facet normal 0.000000e+00 -1.000000e+00 0.000000e+00
    outer loop
      vertex   -2.928519e+01 -1.917842e+01 4.693937e+02
      vertex   -2.837540e+01 -1.917842e+01 4.690468e+02
      vertex   -2.830949e+01 -1.917842e+01 4.692877e+02
    endloop
  endfacet
  facet normal 1.952103e-15 -1.000000e+00 1.797823e-14
    outer loop
      vertex   -2.928519e+01 -1.917842e+01 4.693937e+02
      vertex   -2.830949e+01 -1.917842e+01 4.692877e+02
      vertex   -2.926484e+01 -1.917842e+01 4.695891e+02
    endloop
  endfacet
  facet normal 7.679142e-16 -1.000000e+00 1.422400e-14
    outer loop
      vertex   -2.926484e+01 -1.917842e+01 4.695891e+02
      vertex   -2.830949e+01 -1.917842e+01 4.692877e+02
      vertex   -2.827777e+01 -1.917842e+01 4.695358e+02
    endloop
  endfacet
  facet normal -9.634912e-16 -1.000000e+00 -1.784666e-14
    outer loop
      vertex   -2.926484e+01 -1.917842e+01 4.695891e+02
      vertex   -2.827777e+01 -1.917842e+01 4.695358e+02
      vertex   -2.926060e+01 -1.917842e+01 4.697879e+02
    endloop
  endfacet
  facet normal 0.000000e+00 -1.000000e+00 -1.409087e-14
    outer loop
      vertex   -2.926060e+01 -1.917842e+01 4.697879e+02
      vertex   -2.827777e+01 -1.917842e+01 4.695358e+02
      vertex   -2.826559e+01 -1.917842e+01 4.697879e+02
    endloop
  endfacet
  facet normal 0.000000e+00 -1.000000e+00 1.409087e-14
    outer loop
      vertex   -2.926060e+01 -1.917842e+01 4.697879e+02
      vertex   -2.826559e+01 -1.917842e+01 4.697879e+02
      vertex   -2.827777e+01 -1.917842e+01 4.700400e+02
    endloop
  endfacet
  facet normal 3.595117e-15 -1.000000e+00 7.675998e-17
    outer loop
      vertex   -2.926060e+01 -1.917842e+01 4.697879e+02
      vertex   -2.827777e+01 -1.917842e+01 4.700400e+02
      vertex   -2.926484e+01 -1.917842e+01 4.699867e+02
    endloop
  endfacet
  facet normal 4.342503e-15 -1.000000e+00 -1.376701e-14
    outer loop
      vertex   -2.926484e+01 -1.917842e+01 4.699867e+02
      vertex   -2.827777e+01 -1.917842e+01 4.700400e+02
      vertex   -2.830949e+01 -1.917842e+01 4.702881e+02
    endloop
  endfacet
  facet normal -5.552577e-15 -1.000000e+00 1.760329e-14
    outer loop
      vertex   -2.926484e+01 -1.917842e+01 4.699867e+02
      vertex   -2.830949e+01 -1.917842e+01 4.702881e+02
      vertex   -2.928519e+01 -1.917842e+01 4.701821e+02
    endloop
  endfacet
  facet normal -3.536141e-15 -1.000000e+00 -9.674157e-16
    outer loop
      vertex   -2.928519e+01 -1.917842e+01 4.701821e+02
      vertex   -2.830949e+01 -1.917842e+01 4.702881e+02
      vertex   -2.837540e+01 -1.917842e+01 4.705290e+02
    endloop
  endfacet
  facet normal -3.421094e-15 -1.000000e+00 -1.269167e-15
    outer loop
      vertex   -2.928519e+01 -1.917842e+01 4.701821e+02
      vertex   -2.837540e+01 -1.917842e+01 4.705290e+02
      vertex   -2.846310e+01 -1.917842e+01 4.707654e+02
    endloop
  endfacet
  facet normal 7.579988e-15 -1.000000e+00 -1.677505e-14
    outer loop
      vertex   -2.928519e+01 -1.917842e+01 4.701821e+02
      vertex   -2.846310e+01 -1.917842e+01 4.707654e+02
      vertex   -2.933569e+01 -1.917842e+01 4.703711e+02
    endloop
  endfacet
  facet normal 0.000000e+00 -1.000000e+00 0.000000e+00
    outer loop
      vertex   -2.933569e+01 -1.917842e+01 4.703711e+02
      vertex   -2.846310e+01 -1.917842e+01 4.707654e+02
      vertex   -2.856861e+01 -1.917842e+01 4.709499e+02
    endloop
  endfacet
  facet normal 0.000000e+00 -1.000000e+00 0.000000e+00
    outer loop
      vertex   -2.933569e+01 -1.917842e+01 4.703711e+02
      vertex   -2.856861e+01 -1.917842e+01 4.709499e+02
      vertex   -2.940810e+01 -1.917842e+01 4.705554e+02
    endloop
  endfacet
  facet normal 0.000000e+00 -1.000000e+00 0.000000e+00
    outer loop
      vertex   -2.940810e+01 -1.917842e+01 4.705554e+02
      vertex   -2.856861e+01 -1.917842e+01 4.709499e+02
      vertex   -2.869089e+01 -1.917842e+01 4.711196e+02
    endloop
  endfacet
  facet normal 0.000000e+00 -1.000000e+00 0.000000e+00
    outer loop
      vertex   -2.940810e+01 -1.917842e+01 4.705554e+02
      vertex   -2.869089e+01 -1.917842e+01 4.711196e+02
      vertex   -2.884187e+01 -1.917842e+01 4.712641e+02
    endloop
  endfacet
  facet normal 0.000000e+00 -1.000000e+00 0.000000e+00
    outer loop
      vertex   -2.940810e+01 -1.917842e+01 4.705554e+02
      vertex   -2.884187e+01 -1.917842e+01 4.712641e+02
      vertex   -2.948479e+01 -1.917842e+01 4.706541e+02
    endloop
  endfacet
  facet normal 0.000000e+00 -1.000000e+00 0.000000e+00
    outer loop
      vertex   -2.948479e+01 -1.917842e+01 4.706541e+02
      vertex   -2.884187e+01 -1.917842e+01 4.712641e+02
      vertex   -2.901060e+01 -1.917842e+01 4.713929e+02
    endloop
  endfacet
  facet normal 0.000000e+00 -1.000000e+00 0.000000e+00
    outer loop
      vertex   -2.948479e+01 -1.917842e+01 4.706541e+02
      vertex   -2.901060e+01 -1.917842e+01 4.713929e+02
      vertex   -2.952689e+01 -1.917842e+01 4.706972e+02
    endloop
  endfacet
  facet normal 0.000000e+00 -1.000000e+00 0.000000e+00
    outer loop
      vertex   -2.952689e+01 -1.917842e+01 4.706972e+02
      vertex   -2.901060e+01 -1.917842e+01 4.713929e+02
      vertex   -2.919874e+01 -1.917842e+01 4.714854e+02
    endloop
  endfacet
  facet normal 0.000000e+00 -1.000000e+00 0.000000e+00
    outer loop
      vertex   -2.952689e+01 -1.917842e+01 4.706972e+02
      vertex   -2.919874e+01 -1.917842e+01 4.714854e+02
      vertex   -2.957352e+01 -1.917842e+01 4.707326e+02
    endloop
  endfacet
  facet normal 0.000000e+00 -1.000000e+00 0.000000e+00
    outer loop
      vertex   -2.957352e+01 -1.917842e+01 4.707326e+02
      vertex   -2.919874e+01 -1.917842e+01 4.714854e+02
      vertex   -2.939276e+01 -1.917842e+01 4.715564e+02
    endloop
  endfacet
  facet normal 0.000000e+00 -1.000000e+00 0.000000e+00
    outer loop
      vertex   -2.957352e+01 -1.917842e+01 4.707326e+02
      vertex   -2.939276e+01 -1.917842e+01 4.715564e+02
      vertex   -2.962585e+01 -1.917842e+01 4.707585e+02
    endloop
  endfacet
  facet normal 0.000000e+00 -1.000000e+00 0.000000e+00
    outer loop
      vertex   -2.962585e+01 -1.917842e+01 4.707585e+02
      vertex   -2.939276e+01 -1.917842e+01 4.715564e+02
      vertex   -2.959636e+01 -1.917842e+01 4.715925e+02
    endloop
  endfacet
  facet normal 0.000000e+00 -1.000000e+00 0.000000e+00
    outer loop
      vertex   -2.962585e+01 -1.917842e+01 4.707585e+02
      vertex   -2.959636e+01 -1.917842e+01 4.715925e+02
      vertex   -2.968305e+01 -1.917842e+01 4.707762e+02
    endloop
  endfacet
  facet normal 0.000000e+00 -1.000000e+00 0.000000e+00
    outer loop
      vertex   -2.968305e+01 -1.917842e+01 4.707762e+02
      vertex   -2.959636e+01 -1.917842e+01 4.715925e+02
      vertex   -2.980559e+01 -1.917842e+01 4.707979e+02
    endloop
  endfacet
  facet normal 0.000000e+00 -1.000000e+00 0.000000e+00
    outer loop
      vertex   -2.980559e+01 -1.917842e+01 4.707979e+02
      vertex   -2.959636e+01 -1.917842e+01 4.715925e+02
      vertex   -2.980559e+01 -1.917842e+01 4.716079e+02
    endloop
  endfacet
  facet normal 0.000000e+00 -1.000000e+00 0.000000e+00
    outer loop
      vertex   -2.980559e+01 -1.917842e+01 4.707979e+02
      vertex   -2.980559e+01 -1.917842e+01 4.716079e+02
      vertex   -3.001608e+01 -1.917842e+01 4.715927e+02
    endloop
  endfacet
  facet normal 0.000000e+00 -1.000000e+00 0.000000e+00
    outer loop
      vertex   -3.022095e+01 -1.917842e+01 4.715568e+02
      vertex   -2.998730e+01 -1.917842e+01 4.707591e+02
      vertex   -3.001608e+01 -1.917842e+01 4.715927e+02
    endloop
  endfacet
  facet normal 0.000000e+00 -1.000000e+00 0.000000e+00
    outer loop
      vertex   -3.001608e+01 -1.917842e+01 4.715927e+02
      vertex   -2.998730e+01 -1.917842e+01 4.707591e+02
      vertex   -2.992944e+01 -1.917842e+01 4.707766e+02
    endloop
  endfacet
  facet normal 0.000000e+00 -1.000000e+00 0.000000e+00
    outer loop
      vertex   -3.001608e+01 -1.917842e+01 4.715927e+02
      vertex   -2.992944e+01 -1.917842e+01 4.707766e+02
      vertex   -2.980559e+01 -1.917842e+01 4.707979e+02
    endloop
  endfacet
  facet normal -0.000000e+00 -1.000000e+00 0.000000e+00
    outer loop
      vertex   -2.998730e+01 -1.917842e+01 4.707591e+02
      vertex   -3.022095e+01 -1.917842e+01 4.715568e+02
      vertex   -3.004030e+01 -1.917842e+01 4.707334e+02
    endloop
  endfacet
  facet normal 0.000000e+00 -1.000000e+00 0.000000e+00
    outer loop
      vertex   -3.004030e+01 -1.917842e+01 4.707334e+02
      vertex   -3.022095e+01 -1.917842e+01 4.715568e+02
      vertex   -3.041622e+01 -1.917842e+01 4.714857e+02
    endloop
  endfacet
  facet normal -0.000000e+00 -1.000000e+00 0.000000e+00
    outer loop
      vertex   -3.004030e+01 -1.917842e+01 4.707334e+02
      vertex   -3.041622e+01 -1.917842e+01 4.714857e+02
      vertex   -3.008757e+01 -1.917842e+01 4.706979e+02
    endloop
  endfacet
  facet normal -0.000000e+00 -1.000000e+00 0.000000e+00
    outer loop
      vertex   -3.008757e+01 -1.917842e+01 4.706979e+02
      vertex   -3.041622e+01 -1.917842e+01 4.714857e+02
      vertex   -3.013028e+01 -1.917842e+01 4.706547e+02
    endloop
  endfacet
  facet normal 0.000000e+00 -1.000000e+00 0.000000e+00
    outer loop
      vertex   -3.013028e+01 -1.917842e+01 4.706547e+02
      vertex   -3.041622e+01 -1.917842e+01 4.714857e+02
      vertex   -3.060560e+01 -1.917842e+01 4.713929e+02
    endloop
  endfacet
  facet normal -0.000000e+00 -1.000000e+00 0.000000e+00
    outer loop
      vertex   -3.013028e+01 -1.917842e+01 4.706547e+02
      vertex   -3.060560e+01 -1.917842e+01 4.713929e+02
      vertex   -3.020810e+01 -1.917842e+01 4.705554e+02
    endloop
  endfacet
  facet normal 0.000000e+00 -1.000000e+00 0.000000e+00
    outer loop
      vertex   -3.020810e+01 -1.917842e+01 4.705554e+02
      vertex   -3.060560e+01 -1.917842e+01 4.713929e+02
      vertex   -3.077432e+01 -1.917842e+01 4.712641e+02
    endloop
  endfacet
  facet normal 0.000000e+00 -1.000000e+00 0.000000e+00
    outer loop
      vertex   -3.020810e+01 -1.917842e+01 4.705554e+02
      vertex   -3.077432e+01 -1.917842e+01 4.712641e+02
      vertex   -3.092530e+01 -1.917842e+01 4.711196e+02
    endloop
  endfacet
  facet normal 0.000000e+00 -1.000000e+00 -0.000000e+00
    outer loop
      vertex   -3.092530e+01 -1.917842e+01 4.711196e+02
      vertex   -3.104758e+01 -1.917842e+01 4.709499e+02
      vertex   -3.020810e+01 -1.917842e+01 4.705554e+02
    endloop
  endfacet
  facet normal -0.000000e+00 -1.000000e+00 0.000000e+00
    outer loop
      vertex   -3.020810e+01 -1.917842e+01 4.705554e+02
      vertex   -3.104758e+01 -1.917842e+01 4.709499e+02
      vertex   -3.028050e+01 -1.917842e+01 4.703711e+02
    endloop
  endfacet
  facet normal 0.000000e+00 -1.000000e+00 0.000000e+00
    outer loop
      vertex   -3.028050e+01 -1.917842e+01 4.703711e+02
      vertex   -3.104758e+01 -1.917842e+01 4.709499e+02
      vertex   -3.115310e+01 -1.917842e+01 4.707654e+02
    endloop
  endfacet
  facet normal -0.000000e+00 -1.000000e+00 0.000000e+00
    outer loop
      vertex   -3.028050e+01 -1.917842e+01 4.703711e+02
      vertex   -3.115310e+01 -1.917842e+01 4.707654e+02
      vertex   -3.033100e+01 -1.917842e+01 4.701821e+02
    endloop
  endfacet
  facet normal 0.000000e+00 -1.000000e+00 0.000000e+00
    outer loop
      vertex   -3.033100e+01 -1.917842e+01 4.701821e+02
      vertex   -3.115310e+01 -1.917842e+01 4.707654e+02
      vertex   -3.124079e+01 -1.917842e+01 4.705290e+02
    endloop
  endfacet
  facet normal 0.000000e+00 -1.000000e+00 0.000000e+00
    outer loop
      vertex   -3.033100e+01 -1.917842e+01 4.701821e+02
      vertex   -3.124079e+01 -1.917842e+01 4.705290e+02
      vertex   -3.130670e+01 -1.917842e+01 4.702881e+02
    endloop
  endfacet
  facet normal -1.952104e-15 -1.000000e+00 -1.797823e-14
    outer loop
      vertex   -3.033100e+01 -1.917842e+01 4.701821e+02
      vertex   -3.130670e+01 -1.917842e+01 4.702881e+02
      vertex   -3.035135e+01 -1.917842e+01 4.699867e+02
    endloop
  endfacet
  facet normal 3.574595e-15 -1.000000e+00 -4.569948e-16
    outer loop
      vertex   -3.035135e+01 -1.917842e+01 4.699867e+02
      vertex   -3.130670e+01 -1.917842e+01 4.702881e+02
      vertex   -3.133842e+01 -1.917842e+01 4.700400e+02
    endloop
  endfacet
  facet normal 4.558614e-15 -1.000000e+00 1.776990e-14
    outer loop
      vertex   -3.035135e+01 -1.917842e+01 4.699867e+02
      vertex   -3.133842e+01 -1.917842e+01 4.700400e+02
      vertex   -3.035560e+01 -1.917842e+01 4.697879e+02
    endloop
  endfacet
  facet normal 0.000000e+00 -1.000000e+00 0.000000e+00
    outer loop
      vertex   -3.035560e+01 -1.917842e+01 4.697879e+02
      vertex   -3.133842e+01 -1.917842e+01 4.700400e+02
      vertex   -3.135060e+01 -1.917842e+01 4.697879e+02
    endloop
  endfacet
  facet normal -0.000000e+00 -1.000000e+00 0.000000e+00
    outer loop
      vertex   -3.035560e+01 -1.917842e+01 4.697879e+02
      vertex   -3.135060e+01 -1.917842e+01 4.697879e+02
      vertex   -3.133842e+01 -1.917842e+01 4.695358e+02
    endloop
  endfacet
  facet normal 0.000000e+00 -1.000000e+00 -0.000000e+00
    outer loop
      vertex   -3.035560e+01 -1.917842e+01 4.697879e+02
      vertex   -3.133842e+01 -1.917842e+01 4.695358e+02
      vertex   -3.035135e+01 -1.917842e+01 4.695891e+02
    endloop
  endfacet
  facet normal 0.000000e+00 -1.000000e+00 0.000000e+00
    outer loop
      vertex   -3.035135e+01 -1.917842e+01 4.695891e+02
      vertex   -3.133842e+01 -1.917842e+01 4.695358e+02
      vertex   -3.130670e+01 -1.917842e+01 4.692877e+02
    endloop
  endfacet
  facet normal 5.552584e-15 -1.000000e+00 -1.760329e-14
    outer loop
      vertex   -3.035135e+01 -1.917842e+01 4.695891e+02
      vertex   -3.130670e+01 -1.917842e+01 4.692877e+02
      vertex   -3.033100e+01 -1.917842e+01 4.693937e+02
    endloop
  endfacet
  facet normal 3.536148e-15 -1.000000e+00 9.674104e-16
    outer loop
      vertex   -3.033100e+01 -1.917842e+01 4.693937e+02
      vertex   -3.130670e+01 -1.917842e+01 4.692877e+02
      vertex   -3.124079e+01 -1.917842e+01 4.690468e+02
    endloop
  endfacet
  facet normal 3.421102e-15 -1.000000e+00 1.269160e-15
    outer loop
      vertex   -3.033100e+01 -1.917842e+01 4.693937e+02
      vertex   -3.124079e+01 -1.917842e+01 4.690468e+02
      vertex   -3.115310e+01 -1.917842e+01 4.688104e+02
    endloop
  endfacet
  facet normal -7.579993e-15 -1.000000e+00 1.677505e-14
    outer loop
      vertex   -3.033100e+01 -1.917842e+01 4.693937e+02
      vertex   -3.115310e+01 -1.917842e+01 4.688104e+02
      vertex   -3.028050e+01 -1.917842e+01 4.692047e+02
    endloop
  endfacet
  facet normal 0.000000e+00 -1.000000e+00 0.000000e+00
    outer loop
      vertex   -3.028050e+01 -1.917842e+01 4.692047e+02
      vertex   -3.115310e+01 -1.917842e+01 4.688104e+02
      vertex   -3.104758e+01 -1.917842e+01 4.686259e+02
    endloop
  endfacet
  facet normal 0.000000e+00 -1.000000e+00 -0.000000e+00
    outer loop
      vertex   -3.028050e+01 -1.917842e+01 4.692047e+02
      vertex   -3.104758e+01 -1.917842e+01 4.686259e+02
      vertex   -3.020810e+01 -1.917842e+01 4.690204e+02
    endloop
  endfacet
  facet normal 0.000000e+00 -1.000000e+00 0.000000e+00
    outer loop
      vertex   -3.020810e+01 -1.917842e+01 4.690204e+02
      vertex   -3.104758e+01 -1.917842e+01 4.686259e+02
      vertex   -3.092530e+01 -1.917842e+01 4.684562e+02
    endloop
  endfacet
  facet normal 0.000000e+00 -1.000000e+00 0.000000e+00
    outer loop
      vertex   -3.020810e+01 -1.917842e+01 4.690204e+02
      vertex   -3.092530e+01 -1.917842e+01 4.684562e+02
      vertex   -3.077432e+01 -1.917842e+01 4.683117e+02
    endloop
  endfacet
  facet normal 0.000000e+00 -1.000000e+00 0.000000e+00
    outer loop
      vertex   -3.077432e+01 -1.917842e+01 4.683117e+02
      vertex   -3.060560e+01 -1.917842e+01 4.681829e+02
      vertex   -3.020810e+01 -1.917842e+01 4.690204e+02
    endloop
  endfacet
  facet normal 0.000000e+00 -1.000000e+00 -0.000000e+00
    outer loop
      vertex   -3.020810e+01 -1.917842e+01 4.690204e+02
      vertex   -3.060560e+01 -1.917842e+01 4.681829e+02
      vertex   -3.013028e+01 -1.917842e+01 4.689211e+02
    endloop
  endfacet
  facet normal 0.000000e+00 -1.000000e+00 0.000000e+00
    outer loop
      vertex   -3.013028e+01 -1.917842e+01 4.689211e+02
      vertex   -3.060560e+01 -1.917842e+01 4.681829e+02
      vertex   -3.041622e+01 -1.917842e+01 4.680901e+02
    endloop
  endfacet
  facet normal 0.000000e+00 -1.000000e+00 -0.000000e+00
    outer loop
      vertex   -3.013028e+01 -1.917842e+01 4.689211e+02
      vertex   -3.041622e+01 -1.917842e+01 4.680901e+02
      vertex   -3.008757e+01 -1.917842e+01 4.688779e+02
    endloop
  endfacet
  facet normal 0.000000e+00 -1.000000e+00 -0.000000e+00
    outer loop
      vertex   -3.008757e+01 -1.917842e+01 4.688779e+02
      vertex   -3.041622e+01 -1.917842e+01 4.680901e+02
      vertex   -3.004030e+01 -1.917842e+01 4.688424e+02
    endloop
  endfacet
  facet normal 0.000000e+00 -1.000000e+00 0.000000e+00
    outer loop
      vertex   -3.004030e+01 -1.917842e+01 4.688424e+02
      vertex   -3.041622e+01 -1.917842e+01 4.680901e+02
      vertex   -3.022095e+01 -1.917842e+01 4.680190e+02
    endloop
  endfacet
  facet normal 0.000000e+00 -1.000000e+00 -0.000000e+00
    outer loop
      vertex   -3.004030e+01 -1.917842e+01 4.688424e+02
      vertex   -3.022095e+01 -1.917842e+01 4.680190e+02
      vertex   -2.998730e+01 -1.917842e+01 4.688167e+02
    endloop
  endfacet
  facet normal 0.000000e+00 -1.000000e+00 0.000000e+00
    outer loop
      vertex   -2.998730e+01 -1.917842e+01 4.688167e+02
      vertex   -3.022095e+01 -1.917842e+01 4.680190e+02
      vertex   -3.001608e+01 -1.917842e+01 4.679831e+02
    endloop
  endfacet
  facet normal 0.000000e+00 -1.000000e+00 -0.000000e+00
    outer loop
      vertex   -2.998730e+01 -1.917842e+01 4.688167e+02
      vertex   -3.001608e+01 -1.917842e+01 4.679831e+02
      vertex   -2.992944e+01 -1.917842e+01 4.687992e+02
    endloop
  endfacet
  facet normal 0.000000e+00 -1.000000e+00 -0.000000e+00
    outer loop
      vertex   -2.992944e+01 -1.917842e+01 4.687992e+02
      vertex   -3.001608e+01 -1.917842e+01 4.679831e+02
      vertex   -2.980559e+01 -1.917842e+01 4.687779e+02
    endloop
  endfacet
  facet normal 0.000000e+00 -1.000000e+00 -0.000000e+00
    outer loop
      vertex   -2.891313e+01 -1.937842e+01 4.748324e+02
      vertex   -2.959636e+01 -1.937842e+01 4.715925e+02
      vertex   -2.887363e+01 -1.937842e+01 4.742255e+02
    endloop
  endfacet
  facet normal 0.000000e+00 -1.000000e+00 0.000000e+00
    outer loop
      vertex   -2.887363e+01 -1.937842e+01 4.742255e+02
      vertex   -2.959636e+01 -1.937842e+01 4.715925e+02
      vertex   -2.939276e+01 -1.937842e+01 4.715564e+02
    endloop
  endfacet
  facet normal 0.000000e+00 -1.000000e+00 0.000000e+00
    outer loop
      vertex   -2.887363e+01 -1.937842e+01 4.742255e+02
      vertex   -2.939276e+01 -1.937842e+01 4.715564e+02
      vertex   -2.919874e+01 -1.937842e+01 4.714854e+02
    endloop
  endfacet
  facet normal -0.000000e+00 -1.000000e+00 0.000000e+00
    outer loop
      vertex   -2.891313e+01 -1.937842e+01 4.748324e+02
      vertex   -2.902827e+01 -1.937842e+01 4.754296e+02
      vertex   -2.959636e+01 -1.937842e+01 4.715925e+02
    endloop
  endfacet
  facet normal 0.000000e+00 -1.000000e+00 0.000000e+00
    outer loop
      vertex   -2.959636e+01 -1.937842e+01 4.715925e+02
      vertex   -2.902827e+01 -1.937842e+01 4.754296e+02
      vertex   -2.921725e+01 -1.937842e+01 4.760077e+02
    endloop
  endfacet
  facet normal 0.000000e+00 -1.000000e+00 0.000000e+00
    outer loop
      vertex   -2.959636e+01 -1.937842e+01 4.715925e+02
      vertex   -2.921725e+01 -1.937842e+01 4.760077e+02
      vertex   -2.980559e+01 -1.937842e+01 4.716079e+02
    endloop
  endfacet
  facet normal 0.000000e+00 -1.000000e+00 0.000000e+00
    outer loop
      vertex   -2.980559e+01 -1.937842e+01 4.716079e+02
      vertex   -2.921725e+01 -1.937842e+01 4.760077e+02
      vertex   -2.947710e+01 -1.937842e+01 4.765576e+02
    endloop
  endfacet
  facet normal -0.000000e+00 -1.000000e+00 0.000000e+00
    outer loop
      vertex   -2.980559e+01 -1.937842e+01 4.716079e+02
      vertex   -2.947710e+01 -1.937842e+01 4.765576e+02
      vertex   -3.001608e+01 -1.937842e+01 4.715927e+02
    endloop
  endfacet
  facet normal 0.000000e+00 -1.000000e+00 0.000000e+00
    outer loop
      vertex   -3.001608e+01 -1.937842e+01 4.715927e+02
      vertex   -2.947710e+01 -1.937842e+01 4.765576e+02
      vertex   -2.980372e+01 -1.937842e+01 4.770706e+02
    endloop
  endfacet
  facet normal -0.000000e+00 -1.000000e+00 0.000000e+00
    outer loop
      vertex   -3.001608e+01 -1.937842e+01 4.715927e+02
      vertex   -2.980372e+01 -1.937842e+01 4.770706e+02
      vertex   -3.022095e+01 -1.937842e+01 4.715568e+02
    endloop
  endfacet
  facet normal 0.000000e+00 -1.000000e+00 0.000000e+00
    outer loop
      vertex   -3.022095e+01 -1.937842e+01 4.715568e+02
      vertex   -2.980372e+01 -1.937842e+01 4.770706e+02
      vertex   -3.019199e+01 -1.937842e+01 4.775388e+02
    endloop
  endfacet
  facet normal -0.000000e+00 -1.000000e+00 0.000000e+00
    outer loop
      vertex   -3.022095e+01 -1.937842e+01 4.715568e+02
      vertex   -3.019199e+01 -1.937842e+01 4.775388e+02
      vertex   -3.041622e+01 -1.937842e+01 4.714857e+02
    endloop
  endfacet
  facet normal -0.000000e+00 -1.000000e+00 0.000000e+00
    outer loop
      vertex   -3.041622e+01 -1.937842e+01 4.714857e+02
      vertex   -3.019199e+01 -1.937842e+01 4.775388e+02
      vertex   -3.060560e+01 -1.937842e+01 4.713929e+02
    endloop
  endfacet
  facet normal 0.000000e+00 -1.000000e+00 0.000000e+00
    outer loop
      vertex   -3.060560e+01 -1.937842e+01 4.713929e+02
      vertex   -3.019199e+01 -1.937842e+01 4.775388e+02
      vertex   -3.063580e+01 -1.937842e+01 4.779546e+02
    endloop
  endfacet
  facet normal -0.000000e+00 -1.000000e+00 0.000000e+00
    outer loop
      vertex   -3.060560e+01 -1.937842e+01 4.713929e+02
      vertex   -3.063580e+01 -1.937842e+01 4.779546e+02
      vertex   -3.077432e+01 -1.937842e+01 4.712641e+02
    endloop
  endfacet
  facet normal 0.000000e+00 -1.000000e+00 0.000000e+00
    outer loop
      vertex   -3.077432e+01 -1.937842e+01 4.712641e+02
      vertex   -3.063580e+01 -1.937842e+01 4.779546e+02
      vertex   -3.112816e+01 -1.937842e+01 4.783117e+02
    endloop
  endfacet
  facet normal -0.000000e+00 -1.000000e+00 0.000000e+00
    outer loop
      vertex   -3.077432e+01 -1.937842e+01 4.712641e+02
      vertex   -3.112816e+01 -1.937842e+01 4.783117e+02
      vertex   -3.092530e+01 -1.937842e+01 4.711196e+02
    endloop
  endfacet
  facet normal -0.000000e+00 -1.000000e+00 0.000000e+00
    outer loop
      vertex   -3.092530e+01 -1.937842e+01 4.711196e+02
      vertex   -3.112816e+01 -1.937842e+01 4.783117e+02
      vertex   -3.104758e+01 -1.937842e+01 4.709499e+02
    endloop
  endfacet
  facet normal 0.000000e+00 -1.000000e+00 0.000000e+00
    outer loop
      vertex   -3.104758e+01 -1.937842e+01 4.709499e+02
      vertex   -3.112816e+01 -1.937842e+01 4.783117e+02
      vertex   -3.166134e+01 -1.937842e+01 4.786043e+02
    endloop
  endfacet
  facet normal -0.000000e+00 -1.000000e+00 0.000000e+00
    outer loop
      vertex   -3.104758e+01 -1.937842e+01 4.709499e+02
      vertex   -3.166134e+01 -1.937842e+01 4.786043e+02
      vertex   -3.115310e+01 -1.937842e+01 4.707654e+02
    endloop
  endfacet
  facet normal -0.000000e+00 -1.000000e+00 0.000000e+00
    outer loop
      vertex   -3.115310e+01 -1.937842e+01 4.707654e+02
      vertex   -3.166134e+01 -1.937842e+01 4.786043e+02
      vertex   -3.124079e+01 -1.937842e+01 4.705290e+02
    endloop
  endfacet
  facet normal 0.000000e+00 -1.000000e+00 0.000000e+00
    outer loop
      vertex   -3.124079e+01 -1.937842e+01 4.705290e+02
      vertex   -3.166134e+01 -1.937842e+01 4.786043e+02
      vertex   -3.222695e+01 -1.937842e+01 4.788279e+02
    endloop
  endfacet
  facet normal -0.000000e+00 -1.000000e+00 0.000000e+00
    outer loop
      vertex   -3.124079e+01 -1.937842e+01 4.705290e+02
      vertex   -3.222695e+01 -1.937842e+01 4.788279e+02
      vertex   -3.223060e+01 -1.937842e+01 4.691179e+02
    endloop
  endfacet
  facet normal 0.000000e+00 -1.000000e+00 0.000000e+00
    outer loop
      vertex   -3.223060e+01 -1.937842e+01 4.691179e+02
      vertex   -3.222695e+01 -1.937842e+01 4.788279e+02
      vertex   -3.329060e+01 -1.937842e+01 4.715379e+02
    endloop
  endfacet
  facet normal -0.000000e+00 -1.000000e+00 0.000000e+00
    outer loop
      vertex   -3.223060e+01 -1.937842e+01 4.691179e+02
      vertex   -3.329060e+01 -1.937842e+01 4.715379e+02
      vertex   -3.234319e+01 -1.937842e+01 4.691069e+02
    endloop
  endfacet
  facet normal -0.000000e+00 -1.000000e+00 0.000000e+00
    outer loop
      vertex   -3.234319e+01 -1.937842e+01 4.691069e+02
      vertex   -3.329060e+01 -1.937842e+01 4.715379e+02
      vertex   -3.245003e+01 -1.937842e+01 4.690810e+02
    endloop
  endfacet
  facet normal -0.000000e+00 -1.000000e+00 0.000000e+00
    outer loop
      vertex   -3.245003e+01 -1.937842e+01 4.690810e+02
      vertex   -3.329060e+01 -1.937842e+01 4.715379e+02
      vertex   -3.254708e+01 -1.937842e+01 4.690298e+02
    endloop
  endfacet
  facet normal -0.000000e+00 -1.000000e+00 0.000000e+00
    outer loop
      vertex   -3.254708e+01 -1.937842e+01 4.690298e+02
      vertex   -3.329060e+01 -1.937842e+01 4.715379e+02
      vertex   -3.263810e+01 -1.937842e+01 4.689629e+02
    endloop
  endfacet
  facet normal -0.000000e+00 -1.000000e+00 0.000000e+00
    outer loop
      vertex   -3.263810e+01 -1.937842e+01 4.689629e+02
      vertex   -3.329060e+01 -1.937842e+01 4.715379e+02
      vertex   -3.270861e+01 -1.937842e+01 4.688739e+02
    endloop
  endfacet
  facet normal -0.000000e+00 -1.000000e+00 0.000000e+00
    outer loop
      vertex   -3.270861e+01 -1.937842e+01 4.688739e+02
      vertex   -3.329060e+01 -1.937842e+01 4.715379e+02
      vertex   -3.276245e+01 -1.937842e+01 4.687780e+02
    endloop
  endfacet
  facet normal -0.000000e+00 -1.000000e+00 0.000000e+00
    outer loop
      vertex   -3.276245e+01 -1.937842e+01 4.687780e+02
      vertex   -3.329060e+01 -1.937842e+01 4.715379e+02
      vertex   -3.278937e+01 -1.937842e+01 4.686712e+02
    endloop
  endfacet
  facet normal -0.000000e+00 -1.000000e+00 0.000000e+00
    outer loop
      vertex   -3.278937e+01 -1.937842e+01 4.686712e+02
      vertex   -3.329060e+01 -1.937842e+01 4.715379e+02
      vertex   -3.329060e+01 -1.937842e+01 4.680379e+02
    endloop
  endfacet
  facet normal 0.000000e+00 -1.000000e+00 0.000000e+00
    outer loop
      vertex   -3.278937e+01 -1.937842e+01 4.686712e+02
      vertex   -3.329060e+01 -1.937842e+01 4.680379e+02
      vertex   -3.280060e+01 -1.937842e+01 4.685579e+02
    endloop
  endfacet
  facet normal 0.000000e+00 -1.000000e+00 -0.000000e+00
    outer loop
      vertex   -3.280060e+01 -1.937842e+01 4.685579e+02
      vertex   -3.329060e+01 -1.937842e+01 4.680379e+02
      vertex   -3.278859e+01 -1.937842e+01 4.684446e+02
    endloop
  endfacet
  facet normal 0.000000e+00 -1.000000e+00 -0.000000e+00
    outer loop
      vertex   -3.278859e+01 -1.937842e+01 4.684446e+02
      vertex   -3.329060e+01 -1.937842e+01 4.680379e+02
      vertex   -3.276084e+01 -1.937842e+01 4.683378e+02
    endloop
  endfacet
  facet normal 0.000000e+00 -1.000000e+00 -0.000000e+00
    outer loop
      vertex   -3.276084e+01 -1.937842e+01 4.683378e+02
      vertex   -3.329060e+01 -1.937842e+01 4.680379e+02
      vertex   -3.270638e+01 -1.937842e+01 4.682420e+02
    endloop
  endfacet
  facet normal 0.000000e+00 -1.000000e+00 -0.000000e+00
    outer loop
      vertex   -3.270638e+01 -1.937842e+01 4.682420e+02
      vertex   -3.329060e+01 -1.937842e+01 4.680379e+02
      vertex   -3.263560e+01 -1.937842e+01 4.681529e+02
    endloop
  endfacet
  facet normal 0.000000e+00 -1.000000e+00 -0.000000e+00
    outer loop
      vertex   -3.263560e+01 -1.937842e+01 4.681529e+02
      vertex   -3.329060e+01 -1.937842e+01 4.680379e+02
      vertex   -3.254559e+01 -1.937842e+01 4.680846e+02
    endloop
  endfacet
  facet normal 3.794159e-15 -1.000000e+00 -6.047856e-14
    outer loop
      vertex   -3.254559e+01 -1.937842e+01 4.680846e+02
      vertex   -3.329060e+01 -1.937842e+01 4.680379e+02
      vertex   -3.244940e+01 -1.937842e+01 4.680319e+02
    endloop
  endfacet
  facet normal 5.301328e-15 -1.000000e+00 1.518764e-13
    outer loop
      vertex   -3.244940e+01 -1.937842e+01 4.680319e+02
      vertex   -3.329060e+01 -1.937842e+01 4.680379e+02
      vertex   -3.234302e+01 -1.937842e+01 4.680048e+02
    endloop
  endfacet
  facet normal -0.000000e+00 -1.000000e+00 -0.000000e+00
    outer loop
      vertex   -3.234302e+01 -1.937842e+01 4.680048e+02
      vertex   -3.329060e+01 -1.937842e+01 4.680379e+02
      vertex   -2.683479e+01 -1.937842e+01 4.626145e+02
    endloop
  endfacet
  facet normal 0.000000e+00 -1.000000e+00 0.000000e+00
    outer loop
      vertex   -3.234302e+01 -1.937842e+01 4.680048e+02
      vertex   -2.683479e+01 -1.937842e+01 4.626145e+02
      vertex   -3.223060e+01 -1.937842e+01 4.679929e+02
    endloop
  endfacet
  facet normal 0.000000e+00 -1.000000e+00 0.000000e+00
    outer loop
      vertex   -3.223060e+01 -1.937842e+01 4.679929e+02
      vertex   -2.683479e+01 -1.937842e+01 4.626145e+02
      vertex   -3.211741e+01 -1.937842e+01 4.680044e+02
    endloop
  endfacet
  facet normal 0.000000e+00 -1.000000e+00 0.000000e+00
    outer loop
      vertex   -3.211741e+01 -1.937842e+01 4.680044e+02
      vertex   -2.683479e+01 -1.937842e+01 4.626145e+02
      vertex   -3.201031e+01 -1.937842e+01 4.680313e+02
    endloop
  endfacet
  facet normal 0.000000e+00 -1.000000e+00 0.000000e+00
    outer loop
      vertex   -3.201031e+01 -1.937842e+01 4.680313e+02
      vertex   -2.683479e+01 -1.937842e+01 4.626145e+02
      vertex   -3.041622e+01 -1.937842e+01 4.680901e+02
    endloop
  endfacet
  facet normal 0.000000e+00 -1.000000e+00 0.000000e+00
    outer loop
      vertex   -3.201031e+01 -1.937842e+01 4.680313e+02
      vertex   -3.041622e+01 -1.937842e+01 4.680901e+02
      vertex   -3.191354e+01 -1.937842e+01 4.680841e+02
    endloop
  endfacet
  facet normal 0.000000e+00 -1.000000e+00 0.000000e+00
    outer loop
      vertex   -3.191354e+01 -1.937842e+01 4.680841e+02
      vertex   -3.041622e+01 -1.937842e+01 4.680901e+02
      vertex   -3.060560e+01 -1.937842e+01 4.681829e+02
    endloop
  endfacet
  facet normal 0.000000e+00 -1.000000e+00 0.000000e+00
    outer loop
      vertex   -3.191354e+01 -1.937842e+01 4.680841e+02
      vertex   -3.060560e+01 -1.937842e+01 4.681829e+02
      vertex   -3.182310e+01 -1.937842e+01 4.681529e+02
    endloop
  endfacet
  facet normal 0.000000e+00 -1.000000e+00 0.000000e+00
    outer loop
      vertex   -3.182310e+01 -1.937842e+01 4.681529e+02
      vertex   -3.060560e+01 -1.937842e+01 4.681829e+02
      vertex   -3.077432e+01 -1.937842e+01 4.683117e+02
    endloop
  endfacet
  facet normal 0.000000e+00 -1.000000e+00 0.000000e+00
    outer loop
      vertex   -3.182310e+01 -1.937842e+01 4.681529e+02
      vertex   -3.077432e+01 -1.937842e+01 4.683117e+02
      vertex   -3.175324e+01 -1.937842e+01 4.682423e+02
    endloop
  endfacet
  facet normal 0.000000e+00 -1.000000e+00 0.000000e+00
    outer loop
      vertex   -3.175324e+01 -1.937842e+01 4.682423e+02
      vertex   -3.077432e+01 -1.937842e+01 4.683117e+02
      vertex   -3.092530e+01 -1.937842e+01 4.684562e+02
    endloop
  endfacet
  facet normal 0.000000e+00 -1.000000e+00 0.000000e+00
    outer loop
      vertex   -3.175324e+01 -1.937842e+01 4.682423e+02
      vertex   -3.092530e+01 -1.937842e+01 4.684562e+02
      vertex   -3.169957e+01 -1.937842e+01 4.683382e+02
    endloop
  endfacet
  facet normal 0.000000e+00 -1.000000e+00 0.000000e+00
    outer loop
      vertex   -3.169957e+01 -1.937842e+01 4.683382e+02
      vertex   -3.092530e+01 -1.937842e+01 4.684562e+02
      vertex   -3.104758e+01 -1.937842e+01 4.686259e+02
    endloop
  endfacet
  facet normal 0.000000e+00 -1.000000e+00 0.000000e+00
    outer loop
      vertex   -3.169957e+01 -1.937842e+01 4.683382e+02
      vertex   -3.104758e+01 -1.937842e+01 4.686259e+02
      vertex   -3.115310e+01 -1.937842e+01 4.688104e+02
    endloop
  endfacet
  facet normal -0.000000e+00 -1.000000e+00 0.000000e+00
    outer loop
      vertex   -3.222695e+01 -1.937842e+01 4.788279e+02
      vertex   -3.281610e+01 -1.937842e+01 4.789789e+02
      vertex   -3.329060e+01 -1.937842e+01 4.715379e+02
    endloop
  endfacet
  facet normal 0.000000e+00 -1.000000e+00 0.000000e+00
    outer loop
      vertex   -3.329060e+01 -1.937842e+01 4.715379e+02
      vertex   -3.281610e+01 -1.937842e+01 4.789789e+02
      vertex   -3.341952e+01 -1.937842e+01 4.790550e+02
    endloop
  endfacet
  facet normal 0.000000e+00 -1.000000e+00 0.000000e+00
    outer loop
      vertex   -3.329060e+01 -1.937842e+01 4.715379e+02
      vertex   -3.341952e+01 -1.937842e+01 4.790550e+02
      vertex   -3.402772e+01 -1.937842e+01 4.790550e+02
    endloop
  endfacet
  facet normal 0.000000e+00 -1.000000e+00 -0.000000e+00
    outer loop
      vertex   -3.402772e+01 -1.937842e+01 4.790550e+02
      vertex   -3.463114e+01 -1.937842e+01 4.789789e+02
      vertex   -3.329060e+01 -1.937842e+01 4.715379e+02
    endloop
  endfacet
  facet normal 0.000000e+00 -1.000000e+00 0.000000e+00
    outer loop
      vertex   -3.329060e+01 -1.937842e+01 4.715379e+02
      vertex   -3.463114e+01 -1.937842e+01 4.789789e+02
      vertex   -3.587060e+01 -1.937842e+01 4.715379e+02
    endloop
  endfacet
  facet normal 0.000000e+00 -1.000000e+00 0.000000e+00
    outer loop
      vertex   -3.587060e+01 -1.937842e+01 4.715379e+02
      vertex   -3.463114e+01 -1.937842e+01 4.789789e+02
      vertex   -3.522028e+01 -1.937842e+01 4.788279e+02
    endloop
  endfacet
  facet normal 0.000000e+00 -1.000000e+00 0.000000e+00
    outer loop
      vertex   -3.587060e+01 -1.937842e+01 4.715379e+02
      vertex   -3.522028e+01 -1.937842e+01 4.788279e+02
      vertex   -3.578589e+01 -1.937842e+01 4.786043e+02
    endloop
  endfacet
  facet normal 0.000000e+00 -1.000000e+00 0.000000e+00
    outer loop
      vertex   -3.578589e+01 -1.937842e+01 4.786043e+02
      vertex   -3.631907e+01 -1.937842e+01 4.783117e+02
      vertex   -3.587060e+01 -1.937842e+01 4.715379e+02
    endloop
  endfacet
  facet normal 0.000000e+00 -1.000000e+00 0.000000e+00
    outer loop
      vertex   -3.587060e+01 -1.937842e+01 4.715379e+02
      vertex   -3.631907e+01 -1.937842e+01 4.783117e+02
      vertex   -3.681144e+01 -1.937842e+01 4.779546e+02
    endloop
  endfacet
  facet normal 0.000000e+00 -1.000000e+00 0.000000e+00
    outer loop
      vertex   -3.587060e+01 -1.937842e+01 4.715379e+02
      vertex   -3.681144e+01 -1.937842e+01 4.779546e+02
      vertex   -3.725525e+01 -1.937842e+01 4.775388e+02
    endloop
  endfacet
  facet normal 0.000000e+00 -1.000000e+00 0.000000e+00
    outer loop
      vertex   -3.587060e+01 -1.937842e+01 4.715379e+02
      vertex   -3.725525e+01 -1.937842e+01 4.775388e+02
      vertex   -3.779060e+01 -1.937842e+01 4.715379e+02
    endloop
  endfacet
  facet normal 0.000000e+00 -1.000000e+00 0.000000e+00
    outer loop
      vertex   -3.779060e+01 -1.937842e+01 4.715379e+02
      vertex   -3.725525e+01 -1.937842e+01 4.775388e+02
      vertex   -3.764351e+01 -1.937842e+01 4.770706e+02
    endloop
  endfacet
  facet normal 0.000000e+00 -1.000000e+00 0.000000e+00
    outer loop
      vertex   -3.779060e+01 -1.937842e+01 4.715379e+02
      vertex   -3.764351e+01 -1.937842e+01 4.770706e+02
      vertex   -3.797014e+01 -1.937842e+01 4.765576e+02
    endloop
  endfacet
  facet normal 0.000000e+00 -1.000000e+00 -0.000000e+00
    outer loop
      vertex   -3.797014e+01 -1.937842e+01 4.765576e+02
      vertex   -3.822999e+01 -1.937842e+01 4.760077e+02
      vertex   -3.779060e+01 -1.937842e+01 4.715379e+02
    endloop
  endfacet
  facet normal 0.000000e+00 -1.000000e+00 0.000000e+00
    outer loop
      vertex   -3.779060e+01 -1.937842e+01 4.715379e+02
      vertex   -3.822999e+01 -1.937842e+01 4.760077e+02
      vertex   -3.841897e+01 -1.937842e+01 4.754296e+02
    endloop
  endfacet
  facet normal 0.000000e+00 -1.000000e+00 0.000000e+00
    outer loop
      vertex   -3.779060e+01 -1.937842e+01 4.715379e+02
      vertex   -3.841897e+01 -1.937842e+01 4.754296e+02
      vertex   -3.853411e+01 -1.937842e+01 4.748324e+02
    endloop
  endfacet
  facet normal 0.000000e+00 -1.000000e+00 -0.000000e+00
    outer loop
      vertex   -3.853411e+01 -1.937842e+01 4.748324e+02
      vertex   -3.857361e+01 -1.937842e+01 4.742255e+02
      vertex   -3.779060e+01 -1.937842e+01 4.715379e+02
    endloop
  endfacet
  facet normal 0.000000e+00 -1.000000e+00 0.000000e+00
    outer loop
      vertex   -3.779060e+01 -1.937842e+01 4.715379e+02
      vertex   -3.857361e+01 -1.937842e+01 4.742255e+02
      vertex   -3.886060e+01 -1.937842e+01 4.715379e+02
    endloop
  endfacet
  facet normal -3.616356e-15 -1.000000e+00 3.861712e-16
    outer loop
      vertex   -3.886060e+01 -1.937842e+01 4.715379e+02
      vertex   -3.857361e+01 -1.937842e+01 4.742255e+02
      vertex   -4.029140e+01 -1.937842e+01 4.857384e+02
    endloop
  endfacet
  facet normal -2.874549e-15 -1.000000e+00 4.609134e-16
    outer loop
      vertex   -3.886060e+01 -1.937842e+01 4.715379e+02
      vertex   -4.029140e+01 -1.937842e+01 4.857384e+02
      vertex   -4.029140e+01 -1.937842e+01 4.626145e+02
    endloop
  endfacet
  facet normal -4.409173e-15 -1.000000e+00 2.678791e-16
    outer loop
      vertex   -3.857361e+01 -1.937842e+01 4.742255e+02
      vertex   -3.853662e+01 -1.937842e+01 4.748343e+02
      vertex   -4.029140e+01 -1.937842e+01 4.857384e+02
    endloop
  endfacet
  facet normal -2.795514e-15 -1.000000e+00 5.275611e-16
    outer loop
      vertex   -4.029140e+01 -1.937842e+01 4.857384e+02
      vertex   -3.853662e+01 -1.937842e+01 4.748343e+02
      vertex   -3.842351e+01 -1.937842e+01 4.754336e+02
    endloop
  endfacet
  facet normal -2.051332e-15 -1.000000e+00 6.624543e-16
    outer loop
      vertex   -4.029140e+01 -1.937842e+01 4.857384e+02
      vertex   -3.842351e+01 -1.937842e+01 4.754336e+02
      vertex   -3.823607e+01 -1.937842e+01 4.760140e+02
    endloop
  endfacet
  facet normal -1.611906e-15 -1.000000e+00 7.553306e-16
    outer loop
      vertex   -3.823607e+01 -1.937842e+01 4.760140e+02
      vertex   -3.797726e+01 -1.937842e+01 4.765663e+02
      vertex   -4.029140e+01 -1.937842e+01 4.857384e+02
    endloop
  endfacet
  facet normal -9.622651e-15 -1.000000e+00 -1.265795e-15
    outer loop
      vertex   -4.029140e+01 -1.937842e+01 4.857384e+02
      vertex   -3.797726e+01 -1.937842e+01 4.765663e+02
      vertex   -3.940254e+01 -1.937842e+01 4.874014e+02
    endloop
  endfacet
  facet normal 9.370320e-15 -1.000000e+00 -1.141777e-14
    outer loop
      vertex   -4.029140e+01 -1.937842e+01 4.857384e+02
      vertex   -3.940254e+01 -1.937842e+01 4.874014e+02
      vertex   -3.970561e+01 -1.937842e+01 4.871527e+02
    endloop
  endfacet
  facet normal -0.000000e+00 -1.000000e+00 0.000000e+00
    outer loop
      vertex   -3.765118e+01 -1.937842e+01 4.770818e+02
      vertex   -3.868158e+01 -1.937842e+01 4.877000e+02
      vertex   -3.797726e+01 -1.937842e+01 4.765663e+02
    endloop
  endfacet
  facet normal 0.000000e+00 -1.000000e+00 0.000000e+00
    outer loop
      vertex   -3.797726e+01 -1.937842e+01 4.765663e+02
      vertex   -3.868158e+01 -1.937842e+01 4.877000e+02
      vertex   -3.905677e+01 -1.937842e+01 4.875862e+02
    endloop
  endfacet
  facet normal 0.000000e+00 -1.000000e+00 0.000000e+00
    outer loop
      vertex   -3.797726e+01 -1.937842e+01 4.765663e+02
      vertex   -3.905677e+01 -1.937842e+01 4.875862e+02
      vertex   -3.940254e+01 -1.937842e+01 4.874014e+02
    endloop
  endfacet
  facet normal 0.000000e+00 -1.000000e+00 0.000000e+00
    outer loop
      vertex   -3.868158e+01 -1.937842e+01 4.877000e+02
      vertex   -3.765118e+01 -1.937842e+01 4.770818e+02
      vertex   -3.829140e+01 -1.937842e+01 4.877384e+02
    endloop
  endfacet
  facet normal 0.000000e+00 -1.000000e+00 0.000000e+00
    outer loop
      vertex   -3.829140e+01 -1.937842e+01 4.877384e+02
      vertex   -3.765118e+01 -1.937842e+01 4.770818e+02
      vertex   -3.726298e+01 -1.937842e+01 4.775523e+02
    endloop
  endfacet
  facet normal 0.000000e+00 -1.000000e+00 0.000000e+00
    outer loop
      vertex   -3.829140e+01 -1.937842e+01 4.877384e+02
      vertex   -3.726298e+01 -1.937842e+01 4.775523e+02
      vertex   -3.695979e+01 -1.937842e+01 4.877384e+02
    endloop
  endfacet
  facet normal 0.000000e+00 -1.000000e+00 -0.000000e+00
    outer loop
      vertex   -3.695979e+01 -1.937842e+01 4.877384e+02
      vertex   -3.726298e+01 -1.937842e+01 4.775523e+02
      vertex   -3.681881e+01 -1.937842e+01 4.779703e+02
    endloop
  endfacet
  facet normal 0.000000e+00 -1.000000e+00 0.000000e+00
    outer loop
      vertex   -3.695979e+01 -1.937842e+01 4.877384e+02
      vertex   -3.681881e+01 -1.937842e+01 4.779703e+02
      vertex   -3.632568e+01 -1.937842e+01 4.783292e+02
    endloop
  endfacet
  facet normal 0.000000e+00 -1.000000e+00 0.000000e+00
    outer loop
      vertex   -3.695979e+01 -1.937842e+01 4.877384e+02
      vertex   -3.632568e+01 -1.937842e+01 4.783292e+02
      vertex   -3.656961e+01 -1.937842e+01 4.877769e+02
    endloop
  endfacet
  facet normal 0.000000e+00 -1.000000e+00 0.000000e+00
    outer loop
      vertex   -3.656961e+01 -1.937842e+01 4.877769e+02
      vertex   -3.632568e+01 -1.937842e+01 4.783292e+02
      vertex   -3.579140e+01 -1.937842e+01 4.786234e+02
    endloop
  endfacet
  facet normal 0.000000e+00 -1.000000e+00 0.000000e+00
    outer loop
      vertex   -3.656961e+01 -1.937842e+01 4.877769e+02
      vertex   -3.579140e+01 -1.937842e+01 4.786234e+02
      vertex   -3.619443e+01 -1.937842e+01 4.878907e+02
    endloop
  endfacet
  facet normal 0.000000e+00 -1.000000e+00 0.000000e+00
    outer loop
      vertex   -3.619443e+01 -1.937842e+01 4.878907e+02
      vertex   -3.579140e+01 -1.937842e+01 4.786234e+02
      vertex   -3.584865e+01 -1.937842e+01 4.880755e+02
    endloop
  endfacet
  facet normal 0.000000e+00 -1.000000e+00 0.000000e+00
    outer loop
      vertex   -3.584865e+01 -1.937842e+01 4.880755e+02
      vertex   -3.579140e+01 -1.937842e+01 4.786234e+02
      vertex   -3.522442e+01 -1.937842e+01 4.788483e+02
    endloop
  endfacet
  facet normal 0.000000e+00 -1.000000e+00 0.000000e+00
    outer loop
      vertex   -3.584865e+01 -1.937842e+01 4.880755e+02
      vertex   -3.522442e+01 -1.937842e+01 4.788483e+02
      vertex   -3.554558e+01 -1.937842e+01 4.883242e+02
    endloop
  endfacet
  facet normal 0.000000e+00 -1.000000e+00 0.000000e+00
    outer loop
      vertex   -3.554558e+01 -1.937842e+01 4.883242e+02
      vertex   -3.522442e+01 -1.937842e+01 4.788483e+02
      vertex   -3.463370e+01 -1.937842e+01 4.790002e+02
    endloop
  endfacet
  facet normal 0.000000e+00 -1.000000e+00 0.000000e+00
    outer loop
      vertex   -3.554558e+01 -1.937842e+01 4.883242e+02
      vertex   -3.463370e+01 -1.937842e+01 4.790002e+02
      vertex   -3.529685e+01 -1.937842e+01 4.886273e+02
    endloop
  endfacet
  facet normal 0.000000e+00 -1.000000e+00 0.000000e+00
    outer loop
      vertex   -3.529685e+01 -1.937842e+01 4.886273e+02
      vertex   -3.463370e+01 -1.937842e+01 4.790002e+02
      vertex   -3.511203e+01 -1.937842e+01 4.889731e+02
    endloop
  endfacet
  facet normal 0.000000e+00 -1.000000e+00 0.000000e+00
    outer loop
      vertex   -3.511203e+01 -1.937842e+01 4.889731e+02
      vertex   -3.463370e+01 -1.937842e+01 4.790002e+02
      vertex   -3.402859e+01 -1.937842e+01 4.790767e+02
    endloop
  endfacet
  facet normal 0.000000e+00 -1.000000e+00 0.000000e+00
    outer loop
      vertex   -3.511203e+01 -1.937842e+01 4.889731e+02
      vertex   -3.402859e+01 -1.937842e+01 4.790767e+02
      vertex   -3.499822e+01 -1.937842e+01 4.893483e+02
    endloop
  endfacet
  facet normal 0.000000e+00 -1.000000e+00 0.000000e+00
    outer loop
      vertex   -3.499822e+01 -1.937842e+01 4.893483e+02
      vertex   -3.402859e+01 -1.937842e+01 4.790767e+02
      vertex   -3.341865e+01 -1.937842e+01 4.790767e+02
    endloop
  endfacet
  facet normal 0.000000e+00 -1.000000e+00 0.000000e+00
    outer loop
      vertex   -3.499822e+01 -1.937842e+01 4.893483e+02
      vertex   -3.341865e+01 -1.937842e+01 4.790767e+02
      vertex   -3.281354e+01 -1.937842e+01 4.790002e+02
    endloop
  endfacet
  facet normal 2.940888e-14 -1.000000e+00 6.208783e-15
    outer loop
      vertex   -3.499822e+01 -1.937842e+01 4.893483e+02
      vertex   -3.281354e+01 -1.937842e+01 4.790002e+02
      vertex   -3.495979e+01 -1.937842e+01 4.897384e+02
    endloop
  endfacet
  facet normal 8.968237e-17 -1.000000e+00 3.487705e-16
    outer loop
      vertex   -3.495979e+01 -1.937842e+01 4.897384e+02
      vertex   -3.281354e+01 -1.937842e+01 4.790002e+02
      vertex   -3.222282e+01 -1.937842e+01 4.788483e+02
    endloop
  endfacet
  facet normal 1.436874e-16 -1.000000e+00 3.623433e-16
    outer loop
      vertex   -3.495979e+01 -1.937842e+01 4.897384e+02
      vertex   -3.222282e+01 -1.937842e+01 4.788483e+02
      vertex   -3.165584e+01 -1.937842e+01 4.786234e+02
    endloop
  endfacet
  facet normal 0.000000e+00 -1.000000e+00 0.000000e+00
    outer loop
      vertex   -3.112156e+01 -1.937842e+01 4.783292e+02
      vertex   -3.063264e+01 -1.937842e+01 5.027419e+02
      vertex   -3.165584e+01 -1.937842e+01 4.786234e+02
    endloop
  endfacet
  facet normal 0.000000e+00 -1.000000e+00 0.000000e+00
    outer loop
      vertex   -3.165584e+01 -1.937842e+01 4.786234e+02
      vertex   -3.063264e+01 -1.937842e+01 5.027419e+02
      vertex   -3.106233e+01 -1.937842e+01 5.028916e+02
    endloop
  endfacet
  facet normal -9.935472e-16 -1.000000e+00 2.429841e-17
    outer loop
      vertex   -3.165584e+01 -1.937842e+01 4.786234e+02
      vertex   -3.106233e+01 -1.937842e+01 5.028916e+02
      vertex   -3.495979e+01 -1.937842e+01 4.897384e+02
    endloop
  endfacet
  facet normal -1.249761e-16 -1.000000e+00 -2.330717e-16
    outer loop
      vertex   -3.495979e+01 -1.937842e+01 4.897384e+02
      vertex   -3.106233e+01 -1.937842e+01 5.028916e+02
      vertex   -3.146332e+01 -1.937842e+01 5.031066e+02
    endloop
  endfacet
  facet normal -1.683064e-16 -1.000000e+00 -2.217385e-16
    outer loop
      vertex   -3.495979e+01 -1.937842e+01 4.897384e+02
      vertex   -3.146332e+01 -1.937842e+01 5.031066e+02
      vertex   -3.182575e+01 -1.937842e+01 5.033817e+02
    endloop
  endfacet
  facet normal 0.000000e+00 -1.000000e+00 -0.000000e+00
    outer loop
      vertex   -3.063264e+01 -1.937842e+01 5.027419e+02
      vertex   -3.112156e+01 -1.937842e+01 4.783292e+02
      vertex   -3.018483e+01 -1.937842e+01 5.026613e+02
    endloop
  endfacet
  facet normal 0.000000e+00 -1.000000e+00 0.000000e+00
    outer loop
      vertex   -3.018483e+01 -1.937842e+01 5.026613e+02
      vertex   -3.112156e+01 -1.937842e+01 4.783292e+02
      vertex   -3.062843e+01 -1.937842e+01 4.779703e+02
    endloop
  endfacet
  facet normal 0.000000e+00 -1.000000e+00 -0.000000e+00
    outer loop
      vertex   -3.018483e+01 -1.937842e+01 5.026613e+02
      vertex   -3.062843e+01 -1.937842e+01 4.779703e+02
      vertex   -2.972993e+01 -1.937842e+01 5.026518e+02
    endloop
  endfacet
  facet normal 0.000000e+00 -1.000000e+00 0.000000e+00
    outer loop
      vertex   -2.972993e+01 -1.937842e+01 5.026518e+02
      vertex   -3.062843e+01 -1.937842e+01 4.779703e+02
      vertex   -3.018425e+01 -1.937842e+01 4.775523e+02
    endloop
  endfacet
  facet normal 0.000000e+00 -1.000000e+00 -0.000000e+00
    outer loop
      vertex   -2.972993e+01 -1.937842e+01 5.026518e+02
      vertex   -3.018425e+01 -1.937842e+01 4.775523e+02
      vertex   -2.927913e+01 -1.937842e+01 5.027135e+02
    endloop
  endfacet
  facet normal 0.000000e+00 -1.000000e+00 0.000000e+00
    outer loop
      vertex   -2.927913e+01 -1.937842e+01 5.027135e+02
      vertex   -3.018425e+01 -1.937842e+01 4.775523e+02
      vertex   -2.979606e+01 -1.937842e+01 4.770818e+02
    endloop
  endfacet
  facet normal 0.000000e+00 -1.000000e+00 -0.000000e+00
    outer loop
      vertex   -2.927913e+01 -1.937842e+01 5.027135e+02
      vertex   -2.979606e+01 -1.937842e+01 4.770818e+02
      vertex   -2.683479e+01 -1.937842e+01 5.027135e+02
    endloop
  endfacet
  facet normal 0.000000e+00 -1.000000e+00 0.000000e+00
    outer loop
      vertex   -2.683479e+01 -1.937842e+01 5.027135e+02
      vertex   -2.979606e+01 -1.937842e+01 4.770818e+02
      vertex   -2.946998e+01 -1.937842e+01 4.765663e+02
    endloop
  endfacet
  facet normal 0.000000e+00 -1.000000e+00 0.000000e+00
    outer loop
      vertex   -2.683479e+01 -1.937842e+01 5.027135e+02
      vertex   -2.946998e+01 -1.937842e+01 4.765663e+02
      vertex   -2.921117e+01 -1.937842e+01 4.760140e+02
    endloop
  endfacet
  facet normal 0.000000e+00 -1.000000e+00 0.000000e+00
    outer loop
      vertex   -2.921117e+01 -1.937842e+01 4.760140e+02
      vertex   -2.902373e+01 -1.937842e+01 4.754336e+02
      vertex   -2.683479e+01 -1.937842e+01 5.027135e+02
    endloop
  endfacet
  facet normal 0.000000e+00 -1.000000e+00 0.000000e+00
    outer loop
      vertex   -2.683479e+01 -1.937842e+01 5.027135e+02
      vertex   -2.902373e+01 -1.937842e+01 4.754336e+02
      vertex   -2.891062e+01 -1.937842e+01 4.748343e+02
    endloop
  endfacet
  facet normal 0.000000e+00 -1.000000e+00 0.000000e+00
    outer loop
      vertex   -2.683479e+01 -1.937842e+01 5.027135e+02
      vertex   -2.891062e+01 -1.937842e+01 4.748343e+02
      vertex   -2.830949e+01 -1.937842e+01 4.702881e+02
    endloop
  endfacet
  facet normal 0.000000e+00 -1.000000e+00 0.000000e+00
    outer loop
      vertex   -2.830949e+01 -1.937842e+01 4.702881e+02
      vertex   -2.891062e+01 -1.937842e+01 4.748343e+02
      vertex   -2.887363e+01 -1.937842e+01 4.742255e+02
    endloop
  endfacet
  facet normal 0.000000e+00 -1.000000e+00 0.000000e+00
    outer loop
      vertex   -2.830949e+01 -1.937842e+01 4.702881e+02
      vertex   -2.887363e+01 -1.937842e+01 4.742255e+02
      vertex   -2.837540e+01 -1.937842e+01 4.705290e+02
    endloop
  endfacet
  facet normal 0.000000e+00 -1.000000e+00 0.000000e+00
    outer loop
      vertex   -2.837540e+01 -1.937842e+01 4.705290e+02
      vertex   -2.887363e+01 -1.937842e+01 4.742255e+02
      vertex   -2.846310e+01 -1.937842e+01 4.707654e+02
    endloop
  endfacet
  facet normal -4.248217e-14 -1.000000e+00 -5.040518e-15
    outer loop
      vertex   -2.846310e+01 -1.937842e+01 4.707654e+02
      vertex   -2.887363e+01 -1.937842e+01 4.742255e+02
      vertex   -2.856861e+01 -1.937842e+01 4.709499e+02
    endloop
  endfacet
  facet normal 3.163822e-14 -1.000000e+00 1.861526e-15
    outer loop
      vertex   -2.856861e+01 -1.937842e+01 4.709499e+02
      vertex   -2.887363e+01 -1.937842e+01 4.742255e+02
      vertex   -2.869089e+01 -1.937842e+01 4.711196e+02
    endloop
  endfacet
  facet normal 0.000000e+00 -1.000000e+00 0.000000e+00
    outer loop
      vertex   -2.869089e+01 -1.937842e+01 4.711196e+02
      vertex   -2.887363e+01 -1.937842e+01 4.742255e+02
      vertex   -2.884187e+01 -1.937842e+01 4.712641e+02
    endloop
  endfacet
  facet normal 0.000000e+00 -1.000000e+00 0.000000e+00
    outer loop
      vertex   -2.884187e+01 -1.937842e+01 4.712641e+02
      vertex   -2.887363e+01 -1.937842e+01 4.742255e+02
      vertex   -2.901060e+01 -1.937842e+01 4.713929e+02
    endloop
  endfacet
  facet normal 0.000000e+00 -1.000000e+00 0.000000e+00
    outer loop
      vertex   -2.901060e+01 -1.937842e+01 4.713929e+02
      vertex   -2.887363e+01 -1.937842e+01 4.742255e+02
      vertex   -2.919874e+01 -1.937842e+01 4.714854e+02
    endloop
  endfacet
  facet normal 0.000000e+00 -1.000000e+00 0.000000e+00
    outer loop
      vertex   -2.683479e+01 -1.937842e+01 4.626145e+02
      vertex   -3.329060e+01 -1.937842e+01 4.680379e+02
      vertex   -4.029140e+01 -1.937842e+01 4.626145e+02
    endloop
  endfacet
  facet normal 0.000000e+00 -1.000000e+00 0.000000e+00
    outer loop
      vertex   -4.029140e+01 -1.937842e+01 4.626145e+02
      vertex   -3.329060e+01 -1.937842e+01 4.680379e+02
      vertex   -3.428060e+01 -1.937842e+01 4.680379e+02
    endloop
  endfacet
  facet normal 0.000000e+00 -1.000000e+00 0.000000e+00
    outer loop
      vertex   -4.029140e+01 -1.937842e+01 4.626145e+02
      vertex   -3.428060e+01 -1.937842e+01 4.680379e+02
      vertex   -3.639060e+01 -1.937842e+01 4.680379e+02
    endloop
  endfacet
  facet normal 0.000000e+00 -1.000000e+00 0.000000e+00
    outer loop
      vertex   -3.639060e+01 -1.937842e+01 4.680379e+02
      vertex   -3.428060e+01 -1.937842e+01 4.680379e+02
      vertex   -3.493060e+01 -1.937842e+01 4.707729e+02
    endloop
  endfacet
  facet normal 0.000000e+00 -1.000000e+00 0.000000e+00
    outer loop
      vertex   -3.639060e+01 -1.937842e+01 4.680379e+02
      vertex   -3.493060e+01 -1.937842e+01 4.707729e+02
      vertex   -3.493060e+01 -1.937842e+01 4.714446e+02
    endloop
  endfacet
  facet normal 0.000000e+00 -1.000000e+00 -0.000000e+00
    outer loop
      vertex   -2.683479e+01 -1.937842e+01 5.027135e+02
      vertex   -2.830949e+01 -1.937842e+01 4.702881e+02
      vertex   -2.683479e+01 -1.937842e+01 4.626145e+02
    endloop
  endfacet
  facet normal 0.000000e+00 -1.000000e+00 0.000000e+00
    outer loop
      vertex   -2.683479e+01 -1.937842e+01 4.626145e+02
      vertex   -2.830949e+01 -1.937842e+01 4.702881e+02
      vertex   -2.827777e+01 -1.937842e+01 4.700400e+02
    endloop
  endfacet
  facet normal 0.000000e+00 -1.000000e+00 0.000000e+00
    outer loop
      vertex   -2.683479e+01 -1.937842e+01 4.626145e+02
      vertex   -2.827777e+01 -1.937842e+01 4.700400e+02
      vertex   -2.826559e+01 -1.937842e+01 4.697879e+02
    endloop
  endfacet
  facet normal -2.190577e-16 -1.000000e+00 -2.100802e-16
    outer loop
      vertex   -3.182575e+01 -1.937842e+01 5.033817e+02
      vertex   -3.214068e+01 -1.937842e+01 5.037101e+02
      vertex   -3.495979e+01 -1.937842e+01 4.897384e+02
    endloop
  endfacet
  facet normal -2.835220e-16 -1.000000e+00 -1.970730e-16
    outer loop
      vertex   -3.495979e+01 -1.937842e+01 4.897384e+02
      vertex   -3.214068e+01 -1.937842e+01 5.037101e+02
      vertex   -3.240038e+01 -1.937842e+01 5.040837e+02
    endloop
  endfacet
  facet normal -3.741512e-16 -1.000000e+00 -1.809034e-16
    outer loop
      vertex   -3.495979e+01 -1.937842e+01 4.897384e+02
      vertex   -3.240038e+01 -1.937842e+01 5.040837e+02
      vertex   -3.259844e+01 -1.937842e+01 5.044933e+02
    endloop
  endfacet
  facet normal -1.996063e-16 -1.000000e+00 -2.088374e-16
    outer loop
      vertex   -3.495979e+01 -1.937842e+01 4.897384e+02
      vertex   -3.259844e+01 -1.937842e+01 5.044933e+02
      vertex   -3.495979e+01 -1.937842e+01 5.067503e+02
    endloop
  endfacet
  facet normal 0.000000e+00 -1.000000e+00 0.000000e+00
    outer loop
      vertex   -3.495979e+01 -1.937842e+01 5.067503e+02
      vertex   -3.259844e+01 -1.937842e+01 5.044933e+02
      vertex   -3.272999e+01 -1.937842e+01 5.049289e+02
    endloop
  endfacet
  facet normal 0.000000e+00 -1.000000e+00 0.000000e+00
    outer loop
      vertex   -3.495979e+01 -1.937842e+01 5.067503e+02
      vertex   -3.272999e+01 -1.937842e+01 5.049289e+02
      vertex   -3.279179e+01 -1.937842e+01 5.053797e+02
    endloop
  endfacet
  facet normal -0.000000e+00 -1.000000e+00 0.000000e+00
    outer loop
      vertex   -3.278232e+01 -1.937842e+01 5.058346e+02
      vertex   -3.372516e+01 -1.937842e+01 5.085981e+02
      vertex   -3.279179e+01 -1.937842e+01 5.053797e+02
    endloop
  endfacet
  facet normal 0.000000e+00 -1.000000e+00 0.000000e+00
    outer loop
      vertex   -3.279179e+01 -1.937842e+01 5.053797e+02
      vertex   -3.372516e+01 -1.937842e+01 5.085981e+02
      vertex   -3.407093e+01 -1.937842e+01 5.084133e+02
    endloop
  endfacet
  facet normal 0.000000e+00 -1.000000e+00 0.000000e+00
    outer loop
      vertex   -3.279179e+01 -1.937842e+01 5.053797e+02
      vertex   -3.407093e+01 -1.937842e+01 5.084133e+02
      vertex   -3.437401e+01 -1.937842e+01 5.081645e+02
    endloop
  endfacet
  facet normal 0.000000e+00 -1.000000e+00 0.000000e+00
    outer loop
      vertex   -3.372516e+01 -1.937842e+01 5.085981e+02
      vertex   -3.278232e+01 -1.937842e+01 5.058346e+02
      vertex   -3.334997e+01 -1.937842e+01 5.087119e+02
    endloop
  endfacet
  facet normal 0.000000e+00 -1.000000e+00 0.000000e+00
    outer loop
      vertex   -3.334997e+01 -1.937842e+01 5.087119e+02
      vertex   -3.278232e+01 -1.937842e+01 5.058346e+02
      vertex   -3.270181e+01 -1.937842e+01 5.062824e+02
    endloop
  endfacet
  facet normal -8.872173e-15 -1.000000e+00 -2.367030e-15
    outer loop
      vertex   -3.334997e+01 -1.937842e+01 5.087119e+02
      vertex   -3.270181e+01 -1.937842e+01 5.062824e+02
      vertex   -3.295979e+01 -1.937842e+01 5.087503e+02
    endloop
  endfacet
  facet normal 1.377120e-14 -1.000000e+00 0.000000e+00
    outer loop
      vertex   -3.295979e+01 -1.937842e+01 5.087503e+02
      vertex   -3.270181e+01 -1.937842e+01 5.062824e+02
      vertex   -3.270181e+01 -1.937842e+01 5.087503e+02
    endloop
  endfacet
  facet normal 0.000000e+00 -1.000000e+00 0.000000e+00
    outer loop
      vertex   -3.279179e+01 -1.937842e+01 5.053797e+02
      vertex   -3.437401e+01 -1.937842e+01 5.081645e+02
      vertex   -3.495979e+01 -1.937842e+01 5.067503e+02
    endloop
  endfacet
  facet normal 0.000000e+00 -1.000000e+00 0.000000e+00
    outer loop
      vertex   -3.495979e+01 -1.937842e+01 5.067503e+02
      vertex   -3.437401e+01 -1.937842e+01 5.081645e+02
      vertex   -3.462273e+01 -1.937842e+01 5.078615e+02
    endloop
  endfacet
  facet normal 0.000000e+00 -1.000000e+00 0.000000e+00
    outer loop
      vertex   -3.495979e+01 -1.937842e+01 5.067503e+02
      vertex   -3.462273e+01 -1.937842e+01 5.078615e+02
      vertex   -3.480755e+01 -1.937842e+01 5.075157e+02
    endloop
  endfacet
  facet normal 0.000000e+00 -1.000000e+00 0.000000e+00
    outer loop
      vertex   -3.480755e+01 -1.937842e+01 5.075157e+02
      vertex   -3.492136e+01 -1.937842e+01 5.071405e+02
      vertex   -3.495979e+01 -1.937842e+01 5.067503e+02
    endloop
  endfacet
  facet normal 1.854147e-14 -1.000000e+00 -1.521659e-14
    outer loop
      vertex   -3.970561e+01 -1.937842e+01 4.871527e+02
      vertex   -3.995434e+01 -1.937842e+01 4.868496e+02
      vertex   -4.029140e+01 -1.937842e+01 4.857384e+02
    endloop
  endfacet
  facet normal 4.149484e-14 -1.000000e+00 -2.217946e-14
    outer loop
      vertex   -4.029140e+01 -1.937842e+01 4.857384e+02
      vertex   -3.995434e+01 -1.937842e+01 4.868496e+02
      vertex   -4.013916e+01 -1.937842e+01 4.865038e+02
    endloop
  endfacet
  facet normal 1.333451e-13 -1.000000e+00 -4.044980e-14
    outer loop
      vertex   -4.029140e+01 -1.937842e+01 4.857384e+02
      vertex   -4.013916e+01 -1.937842e+01 4.865038e+02
      vertex   -4.025297e+01 -1.937842e+01 4.861286e+02
    endloop
  endfacet
  facet normal 0.000000e+00 -1.000000e+00 -0.000000e+00
    outer loop
      vertex   -2.837540e+01 -1.937842e+01 4.690468e+02
      vertex   -2.846310e+01 -1.937842e+01 4.688104e+02
      vertex   -2.683479e+01 -1.937842e+01 4.626145e+02
    endloop
  endfacet
  facet normal 0.000000e+00 -1.000000e+00 0.000000e+00
    outer loop
      vertex   -2.683479e+01 -1.937842e+01 4.626145e+02
      vertex   -2.846310e+01 -1.937842e+01 4.688104e+02
      vertex   -2.856861e+01 -1.937842e+01 4.686259e+02
    endloop
  endfacet
  facet normal 0.000000e+00 -1.000000e+00 0.000000e+00
    outer loop
      vertex   -2.683479e+01 -1.937842e+01 4.626145e+02
      vertex   -2.856861e+01 -1.937842e+01 4.686259e+02
      vertex   -2.869089e+01 -1.937842e+01 4.684562e+02
    endloop
  endfacet
  facet normal 0.000000e+00 -1.000000e+00 -0.000000e+00
    outer loop
      vertex   -2.869089e+01 -1.937842e+01 4.684562e+02
      vertex   -2.884187e+01 -1.937842e+01 4.683117e+02
      vertex   -2.683479e+01 -1.937842e+01 4.626145e+02
    endloop
  endfacet
  facet normal 0.000000e+00 -1.000000e+00 0.000000e+00
    outer loop
      vertex   -2.683479e+01 -1.937842e+01 4.626145e+02
      vertex   -2.884187e+01 -1.937842e+01 4.683117e+02
      vertex   -2.901060e+01 -1.937842e+01 4.681829e+02
    endloop
  endfacet
  facet normal 0.000000e+00 -1.000000e+00 0.000000e+00
    outer loop
      vertex   -2.683479e+01 -1.937842e+01 4.626145e+02
      vertex   -2.901060e+01 -1.937842e+01 4.681829e+02
      vertex   -2.919874e+01 -1.937842e+01 4.680904e+02
    endloop
  endfacet
  facet normal 0.000000e+00 -1.000000e+00 -0.000000e+00
    outer loop
      vertex   -2.919874e+01 -1.937842e+01 4.680904e+02
      vertex   -2.939276e+01 -1.937842e+01 4.680194e+02
      vertex   -2.683479e+01 -1.937842e+01 4.626145e+02
    endloop
  endfacet
  facet normal 0.000000e+00 -1.000000e+00 0.000000e+00
    outer loop
      vertex   -2.683479e+01 -1.937842e+01 4.626145e+02
      vertex   -2.939276e+01 -1.937842e+01 4.680194e+02
      vertex   -2.959636e+01 -1.937842e+01 4.679833e+02
    endloop
  endfacet
  facet normal 0.000000e+00 -1.000000e+00 0.000000e+00
    outer loop
      vertex   -2.683479e+01 -1.937842e+01 4.626145e+02
      vertex   -2.959636e+01 -1.937842e+01 4.679833e+02
      vertex   -2.980559e+01 -1.937842e+01 4.679679e+02
    endloop
  endfacet
  facet normal -0.000000e+00 -1.000000e+00 -0.000000e+00
    outer loop
      vertex   -2.980559e+01 -1.937842e+01 4.679679e+02
      vertex   -3.001608e+01 -1.937842e+01 4.679831e+02
      vertex   -2.683479e+01 -1.937842e+01 4.626145e+02
    endloop
  endfacet
  facet normal 0.000000e+00 -1.000000e+00 0.000000e+00
    outer loop
      vertex   -2.683479e+01 -1.937842e+01 4.626145e+02
      vertex   -3.001608e+01 -1.937842e+01 4.679831e+02
      vertex   -3.022095e+01 -1.937842e+01 4.680190e+02
    endloop
  endfacet
  facet normal 0.000000e+00 -1.000000e+00 0.000000e+00
    outer loop
      vertex   -2.683479e+01 -1.937842e+01 4.626145e+02
      vertex   -3.022095e+01 -1.937842e+01 4.680190e+02
      vertex   -3.041622e+01 -1.937842e+01 4.680901e+02
    endloop
  endfacet
  facet normal 0.000000e+00 -1.000000e+00 0.000000e+00
    outer loop
      vertex   -3.169957e+01 -1.937842e+01 4.683382e+02
      vertex   -3.115310e+01 -1.937842e+01 4.688104e+02
      vertex   -3.167231e+01 -1.937842e+01 4.684449e+02
    endloop
  endfacet
  facet normal 0.000000e+00 -1.000000e+00 0.000000e+00
    outer loop
      vertex   -3.167231e+01 -1.937842e+01 4.684449e+02
      vertex   -3.115310e+01 -1.937842e+01 4.688104e+02
      vertex   -3.124079e+01 -1.937842e+01 4.690468e+02
    endloop
  endfacet
  facet normal 0.000000e+00 -1.000000e+00 0.000000e+00
    outer loop
      vertex   -3.167231e+01 -1.937842e+01 4.684449e+02
      vertex   -3.124079e+01 -1.937842e+01 4.690468e+02
      vertex   -3.166060e+01 -1.937842e+01 4.685579e+02
    endloop
  endfacet
  facet normal 0.000000e+00 -1.000000e+00 0.000000e+00
    outer loop
      vertex   -3.166060e+01 -1.937842e+01 4.685579e+02
      vertex   -3.124079e+01 -1.937842e+01 4.690468e+02
      vertex   -3.130670e+01 -1.937842e+01 4.692877e+02
    endloop
  endfacet
  facet normal 0.000000e+00 -1.000000e+00 0.000000e+00
    outer loop
      vertex   -3.166060e+01 -1.937842e+01 4.685579e+02
      vertex   -3.130670e+01 -1.937842e+01 4.692877e+02
      vertex   -3.167154e+01 -1.937842e+01 4.686709e+02
    endloop
  endfacet
  facet normal -1.991145e-14 -1.000000e+00 1.177659e-14
    outer loop
      vertex   -3.167154e+01 -1.937842e+01 4.686709e+02
      vertex   -3.130670e+01 -1.937842e+01 4.692877e+02
      vertex   -3.133842e+01 -1.937842e+01 4.695358e+02
    endloop
  endfacet
  facet normal 6.490730e-15 -1.000000e+00 1.607669e-15
    outer loop
      vertex   -3.167154e+01 -1.937842e+01 4.686709e+02
      vertex   -3.133842e+01 -1.937842e+01 4.695358e+02
      vertex   -3.169797e+01 -1.937842e+01 4.687776e+02
    endloop
  endfacet
  facet normal 3.593364e-14 -1.000000e+00 -1.235501e-14
    outer loop
      vertex   -3.169797e+01 -1.937842e+01 4.687776e+02
      vertex   -3.133842e+01 -1.937842e+01 4.695358e+02
      vertex   -3.135060e+01 -1.937842e+01 4.697879e+02
    endloop
  endfacet
  facet normal 0.000000e+00 -1.000000e+00 0.000000e+00
    outer loop
      vertex   -3.169797e+01 -1.937842e+01 4.687776e+02
      vertex   -3.135060e+01 -1.937842e+01 4.697879e+02
      vertex   -3.175102e+01 -1.937842e+01 4.688736e+02
    endloop
  endfacet
  facet normal 0.000000e+00 -1.000000e+00 0.000000e+00
    outer loop
      vertex   -3.175102e+01 -1.937842e+01 4.688736e+02
      vertex   -3.135060e+01 -1.937842e+01 4.697879e+02
      vertex   -3.182060e+01 -1.937842e+01 4.689629e+02
    endloop
  endfacet
  facet normal 0.000000e+00 -1.000000e+00 0.000000e+00
    outer loop
      vertex   -3.182060e+01 -1.937842e+01 4.689629e+02
      vertex   -3.135060e+01 -1.937842e+01 4.697879e+02
      vertex   -3.133842e+01 -1.937842e+01 4.700400e+02
    endloop
  endfacet
  facet normal 0.000000e+00 -1.000000e+00 0.000000e+00
    outer loop
      vertex   -3.182060e+01 -1.937842e+01 4.689629e+02
      vertex   -3.133842e+01 -1.937842e+01 4.700400e+02
      vertex   -3.191206e+01 -1.937842e+01 4.690303e+02
    endloop
  endfacet
  facet normal 0.000000e+00 -1.000000e+00 0.000000e+00
    outer loop
      vertex   -3.191206e+01 -1.937842e+01 4.690303e+02
      vertex   -3.133842e+01 -1.937842e+01 4.700400e+02
      vertex   -3.130670e+01 -1.937842e+01 4.702881e+02
    endloop
  endfacet
  facet normal 0.000000e+00 -1.000000e+00 0.000000e+00
    outer loop
      vertex   -3.191206e+01 -1.937842e+01 4.690303e+02
      vertex   -3.130670e+01 -1.937842e+01 4.702881e+02
      vertex   -3.200969e+01 -1.937842e+01 4.690817e+02
    endloop
  endfacet
  facet normal 0.000000e+00 -1.000000e+00 0.000000e+00
    outer loop
      vertex   -3.200969e+01 -1.937842e+01 4.690817e+02
      vertex   -3.130670e+01 -1.937842e+01 4.702881e+02
      vertex   -3.211725e+01 -1.937842e+01 4.691073e+02
    endloop
  endfacet
  facet normal 0.000000e+00 -1.000000e+00 0.000000e+00
    outer loop
      vertex   -3.211725e+01 -1.937842e+01 4.691073e+02
      vertex   -3.130670e+01 -1.937842e+01 4.702881e+02
      vertex   -3.223060e+01 -1.937842e+01 4.691179e+02
    endloop
  endfacet
  facet normal 0.000000e+00 -1.000000e+00 0.000000e+00
    outer loop
      vertex   -3.223060e+01 -1.937842e+01 4.691179e+02
      vertex   -3.130670e+01 -1.937842e+01 4.702881e+02
      vertex   -3.124079e+01 -1.937842e+01 4.705290e+02
    endloop
  endfacet
  facet normal 0.000000e+00 -1.000000e+00 -0.000000e+00
    outer loop
      vertex   -2.826559e+01 -1.937842e+01 4.697879e+02
      vertex   -2.827777e+01 -1.937842e+01 4.695358e+02
      vertex   -2.683479e+01 -1.937842e+01 4.626145e+02
    endloop
  endfacet
  facet normal 0.000000e+00 -1.000000e+00 0.000000e+00
    outer loop
      vertex   -2.683479e+01 -1.937842e+01 4.626145e+02
      vertex   -2.827777e+01 -1.937842e+01 4.695358e+02
      vertex   -2.830949e+01 -1.937842e+01 4.692877e+02
    endloop
  endfacet
  facet normal 0.000000e+00 -1.000000e+00 0.000000e+00
    outer loop
      vertex   -2.683479e+01 -1.937842e+01 4.626145e+02
      vertex   -2.830949e+01 -1.937842e+01 4.692877e+02
      vertex   -2.837540e+01 -1.937842e+01 4.690468e+02
    endloop
  endfacet
  facet normal 0.000000e+00 -1.000000e+00 0.000000e+00
    outer loop
      vertex   -3.684060e+01 -1.937842e+01 4.692579e+02
      vertex   -3.587060e+01 -1.937842e+01 4.715379e+02
      vertex   -3.779060e+01 -1.937842e+01 4.715379e+02
    endloop
  endfacet
  facet normal 0.000000e+00 -1.000000e+00 0.000000e+00
    outer loop
      vertex   -3.428060e+01 -1.937842e+01 4.680379e+02
      vertex   -3.428060e+01 -1.937842e+01 4.707729e+02
      vertex   -3.493060e+01 -1.937842e+01 4.707729e+02
    endloop
  endfacet
  facet normal -0.000000e+00 -1.000000e+00 0.000000e+00
    outer loop
      vertex   -3.639060e+01 -1.937842e+01 4.680379e+02
      vertex   -3.736560e+01 -1.937842e+01 4.680379e+02
      vertex   -4.029140e+01 -1.937842e+01 4.626145e+02
    endloop
  endfacet
  facet normal 0.000000e+00 -1.000000e+00 0.000000e+00
    outer loop
      vertex   -4.029140e+01 -1.937842e+01 4.626145e+02
      vertex   -3.736560e+01 -1.937842e+01 4.680379e+02
      vertex   -3.886060e+01 -1.937842e+01 4.715379e+02
    endloop
  endfacet
  facet normal 4.197641e-15 -1.119645e-01 9.937122e-01
    outer loop
      vertex   -4.029140e+01 -2.087842e+01 4.611145e+02
      vertex   -2.683479e+01 -2.087842e+01 4.611145e+02
      vertex   -3.356310e+01 -2.054464e+01 4.611521e+02
    endloop
  endfacet
  facet normal 0.000000e+00 -1.119645e-01 9.937122e-01
    outer loop
      vertex   -3.356310e+01 -2.054464e+01 4.611521e+02
      vertex   -2.683479e+01 -2.087842e+01 4.611145e+02
      vertex   -2.683479e+01 -2.054464e+01 4.611521e+02
    endloop
  endfacet
  facet normal 0.000000e+00 -3.302791e-01 9.438833e-01
    outer loop
      vertex   -3.356310e+01 -2.054464e+01 4.611521e+02
      vertex   -2.683479e+01 -2.054464e+01 4.611521e+02
      vertex   -3.356310e+01 -2.022760e+01 4.612631e+02
    endloop
  endfacet
  facet normal 6.975827e-16 -3.302791e-01 9.438833e-01
    outer loop
      vertex   -3.356310e+01 -2.022760e+01 4.612631e+02
      vertex   -2.683479e+01 -2.054464e+01 4.611521e+02
      vertex   -2.683479e+01 -2.022760e+01 4.612631e+02
    endloop
  endfacet
  facet normal 1.123705e-15 -5.320321e-01 8.467242e-01
    outer loop
      vertex   -3.356310e+01 -2.022760e+01 4.612631e+02
      vertex   -2.683479e+01 -2.022760e+01 4.612631e+02
      vertex   -3.356310e+01 -1.994319e+01 4.614418e+02
    endloop
  endfacet
  facet normal 0.000000e+00 -5.320321e-01 8.467242e-01
    outer loop
      vertex   -3.356310e+01 -1.994319e+01 4.614418e+02
      vertex   -2.683479e+01 -2.022760e+01 4.612631e+02
      vertex   -2.683479e+01 -1.994319e+01 4.614418e+02
    endloop
  endfacet
  facet normal 0.000000e+00 -7.071068e-01 7.071068e-01
    outer loop
      vertex   -3.356310e+01 -1.994319e+01 4.614418e+02
      vertex   -2.683479e+01 -1.994319e+01 4.614418e+02
      vertex   -3.356310e+01 -1.970568e+01 4.616793e+02
    endloop
  endfacet
  facet normal 7.467404e-16 -7.071068e-01 7.071068e-01
    outer loop
      vertex   -3.356310e+01 -1.970568e+01 4.616793e+02
      vertex   -2.683479e+01 -1.994319e+01 4.614418e+02
      vertex   -2.683479e+01 -1.970568e+01 4.616793e+02
    endloop
  endfacet
  facet normal 8.941834e-16 -8.467242e-01 5.320321e-01
    outer loop
      vertex   -3.356310e+01 -1.970568e+01 4.616793e+02
      vertex   -2.683479e+01 -1.970568e+01 4.616793e+02
      vertex   -3.356310e+01 -1.952697e+01 4.619637e+02
    endloop
  endfacet
  facet normal 1.788367e-15 -8.467242e-01 5.320321e-01
    outer loop
      vertex   -3.356310e+01 -1.952697e+01 4.619637e+02
      vertex   -2.683479e+01 -1.970568e+01 4.616793e+02
      vertex   -2.683479e+01 -1.952697e+01 4.619637e+02
    endloop
  endfacet
  facet normal 1.993577e-15 -9.438833e-01 3.302791e-01
    outer loop
      vertex   -3.356310e+01 -1.952697e+01 4.619637e+02
      vertex   -2.683479e+01 -1.952697e+01 4.619637e+02
      vertex   -3.356310e+01 -1.941603e+01 4.622807e+02
    endloop
  endfacet
  facet normal 0.000000e+00 -9.438833e-01 3.302791e-01
    outer loop
      vertex   -3.356310e+01 -1.941603e+01 4.622807e+02
      vertex   -2.683479e+01 -1.952697e+01 4.619637e+02
      vertex   -2.683479e+01 -1.941603e+01 4.622807e+02
    endloop
  endfacet
  facet normal 0.000000e+00 -9.937122e-01 1.119645e-01
    outer loop
      vertex   -3.356310e+01 -1.941603e+01 4.622807e+02
      vertex   -2.683479e+01 -1.941603e+01 4.622807e+02
      vertex   -2.683479e+01 -1.937842e+01 4.626145e+02
    endloop
  endfacet
  facet normal 0.000000e+00 -9.937122e-01 1.119645e-01
    outer loop
      vertex   -2.683479e+01 -1.937842e+01 4.626145e+02
      vertex   -4.029140e+01 -1.937842e+01 4.626145e+02
      vertex   -3.356310e+01 -1.941603e+01 4.622807e+02
    endloop
  endfacet
  facet normal 0.000000e+00 -9.937122e-01 1.119645e-01
    outer loop
      vertex   -3.356310e+01 -1.941603e+01 4.622807e+02
      vertex   -4.029140e+01 -1.937842e+01 4.626145e+02
      vertex   -4.029140e+01 -1.941603e+01 4.622807e+02
    endloop
  endfacet
  facet normal 0.000000e+00 -9.438833e-01 3.302791e-01
    outer loop
      vertex   -3.356310e+01 -1.941603e+01 4.622807e+02
      vertex   -4.029140e+01 -1.941603e+01 4.622807e+02
      vertex   -3.356310e+01 -1.952697e+01 4.619637e+02
    endloop
  endfacet
  facet normal -1.993577e-15 -9.438833e-01 3.302791e-01
    outer loop
      vertex   -3.356310e+01 -1.952697e+01 4.619637e+02
      vertex   -4.029140e+01 -1.941603e+01 4.622807e+02
      vertex   -4.029140e+01 -1.952697e+01 4.619637e+02
    endloop
  endfacet
  facet normal -1.788367e-15 -8.467242e-01 5.320321e-01
    outer loop
      vertex   -3.356310e+01 -1.952697e+01 4.619637e+02
      vertex   -4.029140e+01 -1.952697e+01 4.619637e+02
      vertex   -3.356310e+01 -1.970568e+01 4.616793e+02
    endloop
  endfacet
  facet normal -8.941834e-16 -8.467242e-01 5.320321e-01
    outer loop
      vertex   -3.356310e+01 -1.970568e+01 4.616793e+02
      vertex   -4.029140e+01 -1.952697e+01 4.619637e+02
      vertex   -4.029140e+01 -1.970568e+01 4.616793e+02
    endloop
  endfacet
  facet normal -7.467404e-16 -7.071068e-01 7.071068e-01
    outer loop
      vertex   -3.356310e+01 -1.970568e+01 4.616793e+02
      vertex   -4.029140e+01 -1.970568e+01 4.616793e+02
      vertex   -3.356310e+01 -1.994319e+01 4.614418e+02
    endloop
  endfacet
  facet normal 0.000000e+00 -7.071068e-01 7.071068e-01
    outer loop
      vertex   -3.356310e+01 -1.994319e+01 4.614418e+02
      vertex   -4.029140e+01 -1.970568e+01 4.616793e+02
      vertex   -4.029140e+01 -1.994319e+01 4.614418e+02
    endloop
  endfacet
  facet normal 0.000000e+00 -5.320321e-01 8.467242e-01
    outer loop
      vertex   -3.356310e+01 -1.994319e+01 4.614418e+02
      vertex   -4.029140e+01 -1.994319e+01 4.614418e+02
      vertex   -3.356310e+01 -2.022760e+01 4.612631e+02
    endloop
  endfacet
  facet normal -1.123705e-15 -5.320321e-01 8.467242e-01
    outer loop
      vertex   -3.356310e+01 -2.022760e+01 4.612631e+02
      vertex   -4.029140e+01 -1.994319e+01 4.614418e+02
      vertex   -4.029140e+01 -2.022760e+01 4.612631e+02
    endloop
  endfacet
  facet normal -6.975827e-16 -3.302791e-01 9.438833e-01
    outer loop
      vertex   -3.356310e+01 -2.022760e+01 4.612631e+02
      vertex   -4.029140e+01 -2.022760e+01 4.612631e+02
      vertex   -3.356310e+01 -2.054464e+01 4.611521e+02
    endloop
  endfacet
  facet normal 0.000000e+00 -3.302791e-01 9.438833e-01
    outer loop
      vertex   -3.356310e+01 -2.054464e+01 4.611521e+02
      vertex   -4.029140e+01 -2.022760e+01 4.612631e+02
      vertex   -4.029140e+01 -2.054464e+01 4.611521e+02
    endloop
  endfacet
  facet normal 0.000000e+00 -1.119645e-01 9.937122e-01
    outer loop
      vertex   -3.356310e+01 -2.054464e+01 4.611521e+02
      vertex   -4.029140e+01 -2.054464e+01 4.611521e+02
      vertex   -4.029140e+01 -2.087842e+01 4.611145e+02
    endloop
  endfacet
  facet normal 0.000000e+00 -1.000000e+00 0.000000e+00
    outer loop
      vertex   -3.035135e+01 -1.937842e+01 4.695891e+02
      vertex   -2.992944e+01 -1.937842e+01 4.687992e+02
      vertex   -3.035560e+01 -1.937842e+01 4.697879e+02
    endloop
  endfacet
  facet normal 0.000000e+00 -1.000000e+00 0.000000e+00
    outer loop
      vertex   -3.035560e+01 -1.937842e+01 4.697879e+02
      vertex   -2.992944e+01 -1.937842e+01 4.687992e+02
      vertex   -2.980559e+01 -1.937842e+01 4.687779e+02
    endloop
  endfacet
  facet normal 0.000000e+00 -1.000000e+00 0.000000e+00
    outer loop
      vertex   -3.035560e+01 -1.937842e+01 4.697879e+02
      vertex   -2.980559e+01 -1.937842e+01 4.687779e+02
      vertex   -2.926060e+01 -1.937842e+01 4.697879e+02
    endloop
  endfacet
  facet normal 0.000000e+00 -1.000000e+00 0.000000e+00
    outer loop
      vertex   -2.926060e+01 -1.937842e+01 4.697879e+02
      vertex   -2.980559e+01 -1.937842e+01 4.687779e+02
      vertex   -2.968305e+01 -1.937842e+01 4.687996e+02
    endloop
  endfacet
  facet normal 0.000000e+00 -1.000000e+00 0.000000e+00
    outer loop
      vertex   -2.926060e+01 -1.937842e+01 4.697879e+02
      vertex   -2.968305e+01 -1.937842e+01 4.687996e+02
      vertex   -2.926484e+01 -1.937842e+01 4.695891e+02
    endloop
  endfacet
  facet normal 0.000000e+00 -1.000000e+00 0.000000e+00
    outer loop
      vertex   -2.926484e+01 -1.937842e+01 4.695891e+02
      vertex   -2.968305e+01 -1.937842e+01 4.687996e+02
      vertex   -2.962585e+01 -1.937842e+01 4.688173e+02
    endloop
  endfacet
  facet normal 0.000000e+00 -1.000000e+00 0.000000e+00
    outer loop
      vertex   -2.926484e+01 -1.937842e+01 4.695891e+02
      vertex   -2.962585e+01 -1.937842e+01 4.688173e+02
      vertex   -2.957352e+01 -1.937842e+01 4.688432e+02
    endloop
  endfacet
  facet normal 0.000000e+00 -1.000000e+00 0.000000e+00
    outer loop
      vertex   -3.035135e+01 -1.937842e+01 4.695891e+02
      vertex   -3.033100e+01 -1.937842e+01 4.693937e+02
      vertex   -2.992944e+01 -1.937842e+01 4.687992e+02
    endloop
  endfacet
  facet normal 0.000000e+00 -1.000000e+00 0.000000e+00
    outer loop
      vertex   -2.992944e+01 -1.937842e+01 4.687992e+02
      vertex   -3.033100e+01 -1.937842e+01 4.693937e+02
      vertex   -3.028050e+01 -1.937842e+01 4.692047e+02
    endloop
  endfacet
  facet normal 0.000000e+00 -1.000000e+00 0.000000e+00
    outer loop
      vertex   -2.992944e+01 -1.937842e+01 4.687992e+02
      vertex   -3.028050e+01 -1.937842e+01 4.692047e+02
      vertex   -2.998730e+01 -1.937842e+01 4.688167e+02
    endloop
  endfacet
  facet normal 0.000000e+00 -1.000000e+00 0.000000e+00
    outer loop
      vertex   -2.998730e+01 -1.937842e+01 4.688167e+02
      vertex   -3.028050e+01 -1.937842e+01 4.692047e+02
      vertex   -3.004030e+01 -1.937842e+01 4.688424e+02
    endloop
  endfacet
  facet normal 0.000000e+00 -1.000000e+00 0.000000e+00
    outer loop
      vertex   -3.004030e+01 -1.937842e+01 4.688424e+02
      vertex   -3.028050e+01 -1.937842e+01 4.692047e+02
      vertex   -3.008757e+01 -1.937842e+01 4.688779e+02
    endloop
  endfacet
  facet normal 0.000000e+00 -1.000000e+00 0.000000e+00
    outer loop
      vertex   -3.008757e+01 -1.937842e+01 4.688779e+02
      vertex   -3.028050e+01 -1.937842e+01 4.692047e+02
      vertex   -3.013028e+01 -1.937842e+01 4.689211e+02
    endloop
  endfacet
  facet normal 0.000000e+00 -1.000000e+00 0.000000e+00
    outer loop
      vertex   -3.013028e+01 -1.937842e+01 4.689211e+02
      vertex   -3.028050e+01 -1.937842e+01 4.692047e+02
      vertex   -3.020810e+01 -1.937842e+01 4.690204e+02
    endloop
  endfacet
  facet normal 0.000000e+00 -1.000000e+00 0.000000e+00
    outer loop
      vertex   -2.957352e+01 -1.937842e+01 4.688432e+02
      vertex   -2.952689e+01 -1.937842e+01 4.688786e+02
      vertex   -2.926484e+01 -1.937842e+01 4.695891e+02
    endloop
  endfacet
  facet normal 0.000000e+00 -1.000000e+00 0.000000e+00
    outer loop
      vertex   -2.926484e+01 -1.937842e+01 4.695891e+02
      vertex   -2.952689e+01 -1.937842e+01 4.688786e+02
      vertex   -2.948479e+01 -1.937842e+01 4.689217e+02
    endloop
  endfacet
  facet normal 0.000000e+00 -1.000000e+00 0.000000e+00
    outer loop
      vertex   -2.926484e+01 -1.937842e+01 4.695891e+02
      vertex   -2.948479e+01 -1.937842e+01 4.689217e+02
      vertex   -2.928519e+01 -1.937842e+01 4.693937e+02
    endloop
  endfacet
  facet normal 0.000000e+00 -1.000000e+00 0.000000e+00
    outer loop
      vertex   -2.928519e+01 -1.937842e+01 4.693937e+02
      vertex   -2.948479e+01 -1.937842e+01 4.689217e+02
      vertex   -2.933569e+01 -1.937842e+01 4.692047e+02
    endloop
  endfacet
  facet normal 0.000000e+00 -1.000000e+00 0.000000e+00
    outer loop
      vertex   -2.933569e+01 -1.937842e+01 4.692047e+02
      vertex   -2.948479e+01 -1.937842e+01 4.689217e+02
      vertex   -2.940810e+01 -1.937842e+01 4.690204e+02
    endloop
  endfacet
  facet normal -0.000000e+00 -1.000000e+00 -0.000000e+00
    outer loop
      vertex   -2.926484e+01 -1.937842e+01 4.699867e+02
      vertex   -2.968305e+01 -1.937842e+01 4.707762e+02
      vertex   -2.926060e+01 -1.937842e+01 4.697879e+02
    endloop
  endfacet
  facet normal 0.000000e+00 -1.000000e+00 0.000000e+00
    outer loop
      vertex   -2.926060e+01 -1.937842e+01 4.697879e+02
      vertex   -2.968305e+01 -1.937842e+01 4.707762e+02
      vertex   -2.980559e+01 -1.937842e+01 4.707979e+02
    endloop
  endfacet
  facet normal 0.000000e+00 -1.000000e+00 0.000000e+00
    outer loop
      vertex   -2.926060e+01 -1.937842e+01 4.697879e+02
      vertex   -2.980559e+01 -1.937842e+01 4.707979e+02
      vertex   -3.035560e+01 -1.937842e+01 4.697879e+02
    endloop
  endfacet
  facet normal 0.000000e+00 -1.000000e+00 0.000000e+00
    outer loop
      vertex   -3.035560e+01 -1.937842e+01 4.697879e+02
      vertex   -2.980559e+01 -1.937842e+01 4.707979e+02
      vertex   -2.992944e+01 -1.937842e+01 4.707766e+02
    endloop
  endfacet
  facet normal 0.000000e+00 -1.000000e+00 0.000000e+00
    outer loop
      vertex   -3.035560e+01 -1.937842e+01 4.697879e+02
      vertex   -2.992944e+01 -1.937842e+01 4.707766e+02
      vertex   -3.035135e+01 -1.937842e+01 4.699867e+02
    endloop
  endfacet
  facet normal 0.000000e+00 -1.000000e+00 0.000000e+00
    outer loop
      vertex   -3.035135e+01 -1.937842e+01 4.699867e+02
      vertex   -2.992944e+01 -1.937842e+01 4.707766e+02
      vertex   -3.033100e+01 -1.937842e+01 4.701821e+02
    endloop
  endfacet
  facet normal 0.000000e+00 -1.000000e+00 0.000000e+00
    outer loop
      vertex   -3.033100e+01 -1.937842e+01 4.701821e+02
      vertex   -2.992944e+01 -1.937842e+01 4.707766e+02
      vertex   -3.028050e+01 -1.937842e+01 4.703711e+02
    endloop
  endfacet
  facet normal 0.000000e+00 -1.000000e+00 0.000000e+00
    outer loop
      vertex   -3.028050e+01 -1.937842e+01 4.703711e+02
      vertex   -2.992944e+01 -1.937842e+01 4.707766e+02
      vertex   -2.998730e+01 -1.937842e+01 4.707591e+02
    endloop
  endfacet
  facet normal 0.000000e+00 -1.000000e+00 0.000000e+00
    outer loop
      vertex   -3.028050e+01 -1.937842e+01 4.703711e+02
      vertex   -2.998730e+01 -1.937842e+01 4.707591e+02
      vertex   -3.004030e+01 -1.937842e+01 4.707334e+02
    endloop
  endfacet
  facet normal -0.000000e+00 -1.000000e+00 -0.000000e+00
    outer loop
      vertex   -2.928519e+01 -1.937842e+01 4.701821e+02
      vertex   -2.948479e+01 -1.937842e+01 4.706541e+02
      vertex   -2.926484e+01 -1.937842e+01 4.699867e+02
    endloop
  endfacet
  facet normal 0.000000e+00 -1.000000e+00 0.000000e+00
    outer loop
      vertex   -2.926484e+01 -1.937842e+01 4.699867e+02
      vertex   -2.948479e+01 -1.937842e+01 4.706541e+02
      vertex   -2.952689e+01 -1.937842e+01 4.706972e+02
    endloop
  endfacet
  facet normal 0.000000e+00 -1.000000e+00 0.000000e+00
    outer loop
      vertex   -2.926484e+01 -1.937842e+01 4.699867e+02
      vertex   -2.952689e+01 -1.937842e+01 4.706972e+02
      vertex   -2.957352e+01 -1.937842e+01 4.707326e+02
    endloop
  endfacet
  facet normal 0.000000e+00 -1.000000e+00 0.000000e+00
    outer loop
      vertex   -2.928519e+01 -1.937842e+01 4.701821e+02
      vertex   -2.933569e+01 -1.937842e+01 4.703711e+02
      vertex   -2.948479e+01 -1.937842e+01 4.706541e+02
    endloop
  endfacet
  facet normal 0.000000e+00 -1.000000e+00 0.000000e+00
    outer loop
      vertex   -2.948479e+01 -1.937842e+01 4.706541e+02
      vertex   -2.933569e+01 -1.937842e+01 4.703711e+02
      vertex   -2.940810e+01 -1.937842e+01 4.705554e+02
    endloop
  endfacet
  facet normal -0.000000e+00 -1.000000e+00 -0.000000e+00
    outer loop
      vertex   -2.957352e+01 -1.937842e+01 4.707326e+02
      vertex   -2.962585e+01 -1.937842e+01 4.707585e+02
      vertex   -2.926484e+01 -1.937842e+01 4.699867e+02
    endloop
  endfacet
  facet normal 0.000000e+00 -1.000000e+00 0.000000e+00
    outer loop
      vertex   -2.926484e+01 -1.937842e+01 4.699867e+02
      vertex   -2.962585e+01 -1.937842e+01 4.707585e+02
      vertex   -2.968305e+01 -1.937842e+01 4.707762e+02
    endloop
  endfacet
  facet normal 0.000000e+00 -1.000000e+00 0.000000e+00
    outer loop
      vertex   -3.004030e+01 -1.937842e+01 4.707334e+02
      vertex   -3.008757e+01 -1.937842e+01 4.706979e+02
      vertex   -3.028050e+01 -1.937842e+01 4.703711e+02
    endloop
  endfacet
  facet normal 0.000000e+00 -1.000000e+00 0.000000e+00
    outer loop
      vertex   -3.028050e+01 -1.937842e+01 4.703711e+02
      vertex   -3.008757e+01 -1.937842e+01 4.706979e+02
      vertex   -3.013028e+01 -1.937842e+01 4.706547e+02
    endloop
  endfacet
  facet normal 0.000000e+00 -1.000000e+00 0.000000e+00
    outer loop
      vertex   -3.028050e+01 -1.937842e+01 4.703711e+02
      vertex   -3.013028e+01 -1.937842e+01 4.706547e+02
      vertex   -3.020810e+01 -1.937842e+01 4.705554e+02
    endloop
  endfacet
  facet normal -9.951843e-01 0.000000e+00 9.802113e-02
    outer loop
      vertex   -4.029140e+01 -1.288151e+01 4.857384e+02
      vertex   -4.029140e+01 -1.937842e+01 4.857384e+02
      vertex   -4.025297e+01 -1.288151e+01 4.861286e+02
    endloop
  endfacet
  facet normal -9.951843e-01 0.000000e+00 9.802113e-02
    outer loop
      vertex   -4.025297e+01 -1.288151e+01 4.861286e+02
      vertex   -4.029140e+01 -1.937842e+01 4.857384e+02
      vertex   -4.025297e+01 -1.937842e+01 4.861286e+02
    endloop
  endfacet
  facet normal -9.569403e-01 0.000000e+00 2.902847e-01
    outer loop
      vertex   -4.025297e+01 -1.288151e+01 4.861286e+02
      vertex   -4.025297e+01 -1.937842e+01 4.861286e+02
      vertex   -4.013916e+01 -1.288151e+01 4.865038e+02
    endloop
  endfacet
  facet normal -9.569403e-01 -5.079577e-15 2.902847e-01
    outer loop
      vertex   -4.013916e+01 -1.288151e+01 4.865038e+02
      vertex   -4.025297e+01 -1.937842e+01 4.861286e+02
      vertex   -4.013916e+01 -1.937842e+01 4.865038e+02
    endloop
  endfacet
  facet normal -8.819213e-01 -8.248785e-15 4.713967e-01
    outer loop
      vertex   -4.013916e+01 -1.288151e+01 4.865038e+02
      vertex   -4.013916e+01 -1.937842e+01 4.865038e+02
      vertex   -3.995434e+01 -1.288151e+01 4.868496e+02
    endloop
  endfacet
  facet normal -8.819213e-01 0.000000e+00 4.713967e-01
    outer loop
      vertex   -3.995434e+01 -1.288151e+01 4.868496e+02
      vertex   -4.013916e+01 -1.937842e+01 4.865038e+02
      vertex   -3.995434e+01 -1.937842e+01 4.868496e+02
    endloop
  endfacet
  facet normal -7.730105e-01 0.000000e+00 6.343933e-01
    outer loop
      vertex   -3.995434e+01 -1.288151e+01 4.868496e+02
      vertex   -3.995434e+01 -1.937842e+01 4.868496e+02
      vertex   -3.970561e+01 -1.288151e+01 4.871527e+02
    endloop
  endfacet
  facet normal -7.730105e-01 0.000000e+00 6.343933e-01
    outer loop
      vertex   -3.970561e+01 -1.288151e+01 4.871527e+02
      vertex   -3.995434e+01 -1.937842e+01 4.868496e+02
      vertex   -3.970561e+01 -1.937842e+01 4.871527e+02
    endloop
  endfacet
  facet normal -6.343933e-01 0.000000e+00 7.730105e-01
    outer loop
      vertex   -3.970561e+01 -1.288151e+01 4.871527e+02
      vertex   -3.970561e+01 -1.937842e+01 4.871527e+02
      vertex   -3.940254e+01 -1.288151e+01 4.874014e+02
    endloop
  endfacet
  facet normal -6.343933e-01 0.000000e+00 7.730105e-01
    outer loop
      vertex   -3.940254e+01 -1.288151e+01 4.874014e+02
      vertex   -3.970561e+01 -1.937842e+01 4.871527e+02
      vertex   -3.940254e+01 -1.937842e+01 4.874014e+02
    endloop
  endfacet
  facet normal -4.713967e-01 0.000000e+00 8.819213e-01
    outer loop
      vertex   -3.940254e+01 -1.288151e+01 4.874014e+02
      vertex   -3.940254e+01 -1.937842e+01 4.874014e+02
      vertex   -3.905677e+01 -1.288151e+01 4.875862e+02
    endloop
  endfacet
  facet normal -4.713967e-01 0.000000e+00 8.819213e-01
    outer loop
      vertex   -3.905677e+01 -1.288151e+01 4.875862e+02
      vertex   -3.940254e+01 -1.937842e+01 4.874014e+02
      vertex   -3.905677e+01 -1.937842e+01 4.875862e+02
    endloop
  endfacet
  facet normal -2.902847e-01 0.000000e+00 9.569403e-01
    outer loop
      vertex   -3.905677e+01 -1.288151e+01 4.875862e+02
      vertex   -3.905677e+01 -1.937842e+01 4.875862e+02
      vertex   -3.868158e+01 -1.288151e+01 4.877000e+02
    endloop
  endfacet
  facet normal -2.902847e-01 0.000000e+00 9.569403e-01
    outer loop
      vertex   -3.868158e+01 -1.288151e+01 4.877000e+02
      vertex   -3.905677e+01 -1.937842e+01 4.875862e+02
      vertex   -3.868158e+01 -1.937842e+01 4.877000e+02
    endloop
  endfacet
  facet normal -9.801714e-02 0.000000e+00 9.951847e-01
    outer loop
      vertex   -3.868158e+01 -1.288151e+01 4.877000e+02
      vertex   -3.868158e+01 -1.937842e+01 4.877000e+02
      vertex   -3.829140e+01 -1.288151e+01 4.877384e+02
    endloop
  endfacet
  facet normal -9.801714e-02 -8.707172e-15 9.951847e-01
    outer loop
      vertex   -3.829140e+01 -1.288151e+01 4.877384e+02
      vertex   -3.868158e+01 -1.937842e+01 4.877000e+02
      vertex   -3.829140e+01 -1.937842e+01 4.877384e+02
    endloop
  endfacet
  facet normal 0.000000e+00 -0.000000e+00 1.000000e+00
    outer loop
      vertex   -3.695979e+01 -1.937842e+01 4.877384e+02
      vertex   -3.695979e+01 -1.288185e+01 4.877384e+02
      vertex   -3.829140e+01 -1.937842e+01 4.877384e+02
    endloop
  endfacet
  facet normal 4.268568e-14 -8.749303e-15 1.000000e+00
    outer loop
      vertex   -3.829140e+01 -1.937842e+01 4.877384e+02
      vertex   -3.695979e+01 -1.288185e+01 4.877384e+02
      vertex   -3.829140e+01 -1.288151e+01 4.877384e+02
    endloop
  endfacet
  facet normal 2.664669e-26 -1.718577e-10 1.000000e+00
    outer loop
      vertex   -3.829140e+01 -1.288151e+01 4.877384e+02
      vertex   -3.695979e+01 -1.288185e+01 4.877384e+02
      vertex   -2.683479e+01 -1.288151e+01 4.877384e+02
    endloop
  endfacet
  facet normal -5.614165e-15 0.000000e+00 1.000000e+00
    outer loop
      vertex   -2.683479e+01 -1.288151e+01 4.877384e+02
      vertex   -3.695979e+01 -1.288185e+01 4.877384e+02
      vertex   -2.683479e+01 -1.288185e+01 4.877384e+02
    endloop
  endfacet
  facet normal -9.801714e-02 0.000000e+00 9.951847e-01
    outer loop
      vertex   -3.695979e+01 -1.288185e+01 4.877384e+02
      vertex   -3.695979e+01 -1.937842e+01 4.877384e+02
      vertex   -3.656961e+01 -1.288185e+01 4.877769e+02
    endloop
  endfacet
  facet normal -9.801714e-02 0.000000e+00 9.951847e-01
    outer loop
      vertex   -3.656961e+01 -1.288185e+01 4.877769e+02
      vertex   -3.695979e+01 -1.937842e+01 4.877384e+02
      vertex   -3.656961e+01 -1.937842e+01 4.877769e+02
    endloop
  endfacet
  facet normal -2.902847e-01 0.000000e+00 9.569403e-01
    outer loop
      vertex   -3.656961e+01 -1.288185e+01 4.877769e+02
      vertex   -3.656961e+01 -1.937842e+01 4.877769e+02
      vertex   -3.619443e+01 -1.288185e+01 4.878907e+02
    endloop
  endfacet
  facet normal -2.902847e-01 0.000000e+00 9.569403e-01
    outer loop
      vertex   -3.619443e+01 -1.288185e+01 4.878907e+02
      vertex   -3.656961e+01 -1.937842e+01 4.877769e+02
      vertex   -3.619443e+01 -1.937842e+01 4.878907e+02
    endloop
  endfacet
  facet normal -4.713967e-01 0.000000e+00 8.819213e-01
    outer loop
      vertex   -3.619443e+01 -1.288185e+01 4.878907e+02
      vertex   -3.619443e+01 -1.937842e+01 4.878907e+02
      vertex   -3.584865e+01 -1.288185e+01 4.880755e+02
    endloop
  endfacet
  facet normal -4.713967e-01 0.000000e+00 8.819213e-01
    outer loop
      vertex   -3.584865e+01 -1.288185e+01 4.880755e+02
      vertex   -3.619443e+01 -1.937842e+01 4.878907e+02
      vertex   -3.584865e+01 -1.937842e+01 4.880755e+02
    endloop
  endfacet
  facet normal -6.343933e-01 0.000000e+00 7.730105e-01
    outer loop
      vertex   -3.584865e+01 -1.288185e+01 4.880755e+02
      vertex   -3.584865e+01 -1.937842e+01 4.880755e+02
      vertex   -3.554558e+01 -1.288185e+01 4.883242e+02
    endloop
  endfacet
  facet normal -6.343933e-01 0.000000e+00 7.730105e-01
    outer loop
      vertex   -3.554558e+01 -1.288185e+01 4.883242e+02
      vertex   -3.584865e+01 -1.937842e+01 4.880755e+02
      vertex   -3.554558e+01 -1.937842e+01 4.883242e+02
    endloop
  endfacet
  facet normal -7.730105e-01 0.000000e+00 6.343933e-01
    outer loop
      vertex   -3.554558e+01 -1.288185e+01 4.883242e+02
      vertex   -3.554558e+01 -1.937842e+01 4.883242e+02
      vertex   -3.529685e+01 -1.288185e+01 4.886273e+02
    endloop
  endfacet
  facet normal -7.730105e-01 0.000000e+00 6.343933e-01
    outer loop
      vertex   -3.529685e+01 -1.288185e+01 4.886273e+02
      vertex   -3.554558e+01 -1.937842e+01 4.883242e+02
      vertex   -3.529685e+01 -1.937842e+01 4.886273e+02
    endloop
  endfacet
  facet normal -8.819213e-01 0.000000e+00 4.713967e-01
    outer loop
      vertex   -3.529685e+01 -1.288185e+01 4.886273e+02
      vertex   -3.529685e+01 -1.937842e+01 4.886273e+02
      vertex   -3.511203e+01 -1.288185e+01 4.889731e+02
    endloop
  endfacet
  facet normal -8.819213e-01 0.000000e+00 4.713967e-01
    outer loop
      vertex   -3.511203e+01 -1.288185e+01 4.889731e+02
      vertex   -3.529685e+01 -1.937842e+01 4.886273e+02
      vertex   -3.511203e+01 -1.937842e+01 4.889731e+02
    endloop
  endfacet
  facet normal -9.569403e-01 0.000000e+00 2.902847e-01
    outer loop
      vertex   -3.511203e+01 -1.288185e+01 4.889731e+02
      vertex   -3.511203e+01 -1.937842e+01 4.889731e+02
      vertex   -3.499822e+01 -1.288185e+01 4.893483e+02
    endloop
  endfacet
  facet normal -9.569403e-01 0.000000e+00 2.902847e-01
    outer loop
      vertex   -3.499822e+01 -1.288185e+01 4.893483e+02
      vertex   -3.511203e+01 -1.937842e+01 4.889731e+02
      vertex   -3.499822e+01 -1.937842e+01 4.893483e+02
    endloop
  endfacet
  facet normal -9.951847e-01 0.000000e+00 9.801714e-02
    outer loop
      vertex   -3.499822e+01 -1.288185e+01 4.893483e+02
      vertex   -3.499822e+01 -1.937842e+01 4.893483e+02
      vertex   -3.495979e+01 -1.288185e+01 4.897384e+02
    endloop
  endfacet
  facet normal -9.951847e-01 -4.353808e-15 9.801714e-02
    outer loop
      vertex   -3.495979e+01 -1.288185e+01 4.897384e+02
      vertex   -3.499822e+01 -1.937842e+01 4.893483e+02
      vertex   -3.495979e+01 -1.937842e+01 4.897384e+02
    endloop
  endfacet
  facet normal -1.000000e+00 -4.374874e-15 -9.136371e-31
    outer loop
      vertex   -3.495979e+01 -1.937842e+01 5.067503e+02
      vertex   -3.495979e+01 -1.288185e+01 5.067503e+02
      vertex   -3.495979e+01 -1.937842e+01 4.897384e+02
    endloop
  endfacet
  facet normal -1.000000e+00 -4.374874e-15 1.370456e-30
    outer loop
      vertex   -3.495979e+01 -1.937842e+01 4.897384e+02
      vertex   -3.495979e+01 -1.288185e+01 5.067503e+02
      vertex   -3.495979e+01 -1.288185e+01 4.897384e+02
    endloop
  endfacet
  facet normal -9.952989e-01 -4.354307e-15 9.685065e-02
    outer loop
      vertex   -3.495979e+01 -1.288185e+01 5.067503e+02
      vertex   -3.495979e+01 -1.937842e+01 5.067503e+02
      vertex   -3.492227e+01 -1.288185e+01 5.071359e+02
    endloop
  endfacet
  facet normal -9.951847e-01 -6.989218e-05 9.801714e-02
    outer loop
      vertex   -3.492227e+01 -1.288185e+01 5.071359e+02
      vertex   -3.495979e+01 -1.937842e+01 5.067503e+02
      vertex   -3.492136e+01 -1.937842e+01 5.071405e+02
    endloop
  endfacet
  facet normal -9.579551e-01 6.905029e-05 2.869181e-01
    outer loop
      vertex   -3.492227e+01 -1.288185e+01 5.071359e+02
      vertex   -3.492136e+01 -1.937842e+01 5.071405e+02
      vertex   -3.481112e+01 -1.288185e+01 5.075070e+02
    endloop
  endfacet
  facet normal -9.569403e-01 -1.381005e-04 2.902847e-01
    outer loop
      vertex   -3.481112e+01 -1.288185e+01 5.075070e+02
      vertex   -3.492136e+01 -1.937842e+01 5.071405e+02
      vertex   -3.480755e+01 -1.937842e+01 5.075157e+02
    endloop
  endfacet
  facet normal -8.846686e-01 1.364165e-04 4.662203e-01
    outer loop
      vertex   -3.481112e+01 -1.288185e+01 5.075070e+02
      vertex   -3.480755e+01 -1.937842e+01 5.075157e+02
      vertex   -3.463050e+01 -1.288185e+01 5.078497e+02
    endloop
  endfacet
  facet normal -8.819212e-01 -2.046245e-04 4.713967e-01
    outer loop
      vertex   -3.463050e+01 -1.288185e+01 5.078497e+02
      vertex   -3.480755e+01 -1.937842e+01 5.075157e+02
      vertex   -3.462273e+01 -1.937842e+01 5.078615e+02
    endloop
  endfacet
  facet normal -7.781892e-01 2.020983e-04 6.280299e-01
    outer loop
      vertex   -3.463050e+01 -1.288185e+01 5.078497e+02
      vertex   -3.462273e+01 -1.937842e+01 5.078615e+02
      vertex   -3.438720e+01 -1.288185e+01 5.081512e+02
    endloop
  endfacet
  facet normal -7.730104e-01 -2.694640e-04 6.343933e-01
    outer loop
      vertex   -3.438720e+01 -1.288185e+01 5.081512e+02
      vertex   -3.462273e+01 -1.937842e+01 5.078615e+02
      vertex   -3.437401e+01 -1.937842e+01 5.081645e+02
    endloop
  endfacet
  facet normal -6.425120e-01 2.660953e-04 7.662756e-01
    outer loop
      vertex   -3.438720e+01 -1.288185e+01 5.081512e+02
      vertex   -3.437401e+01 -1.937842e+01 5.081645e+02
      vertex   -3.409035e+01 -1.288185e+01 5.084001e+02
    endloop
  endfacet
  facet normal -6.343932e-01 -3.326184e-04 7.730104e-01
    outer loop
      vertex   -3.409035e+01 -1.288185e+01 5.084001e+02
      vertex   -3.437401e+01 -1.937842e+01 5.081645e+02
      vertex   -3.407093e+01 -1.937842e+01 5.084133e+02
    endloop
  endfacet
  facet normal -4.827276e-01 3.284072e-04 8.757705e-01
    outer loop
      vertex   -3.409035e+01 -1.288185e+01 5.084001e+02
      vertex   -3.407093e+01 -1.937842e+01 5.084133e+02
      vertex   -3.375107e+01 -1.288185e+01 5.085871e+02
    endloop
  endfacet
  facet normal -4.713967e-01 -3.940876e-04 8.819212e-01
    outer loop
      vertex   -3.375107e+01 -1.288185e+01 5.085871e+02
      vertex   -3.407093e+01 -1.937842e+01 5.084133e+02
      vertex   -3.372516e+01 -1.937842e+01 5.085981e+02
    endloop
  endfacet
  facet normal -3.048311e-01 3.890335e-04 9.524063e-01
    outer loop
      vertex   -3.375107e+01 -1.288185e+01 5.085871e+02
      vertex   -3.372516e+01 -1.937842e+01 5.085981e+02
      vertex   -3.338211e+01 -1.288185e+01 5.087052e+02
    endloop
  endfacet
  facet normal -2.902846e-01 -4.538711e-04 9.569402e-01
    outer loop
      vertex   -3.338211e+01 -1.288185e+01 5.087052e+02
      vertex   -3.372516e+01 -1.937842e+01 5.085981e+02
      vertex   -3.334997e+01 -1.937842e+01 5.087119e+02
    endloop
  endfacet
  facet normal -1.154974e-01 4.479741e-04 9.933077e-01
    outer loop
      vertex   -3.338211e+01 -1.288185e+01 5.087052e+02
      vertex   -3.334997e+01 -1.937842e+01 5.087119e+02
      vertex   -3.299730e+01 -1.288185e+01 5.087500e+02
    endloop
  endfacet
  facet normal -1.073440e-01 0.000000e+00 9.942219e-01
    outer loop
      vertex   -3.299730e+01 -1.288185e+01 5.087500e+02
      vertex   -3.334997e+01 -1.937842e+01 5.087119e+02
      vertex   -3.299730e+01 -1.388185e+01 5.087500e+02
    endloop
  endfacet
  facet normal -9.801712e-02 -6.051117e-04 9.951845e-01
    outer loop
      vertex   -3.299730e+01 -1.388185e+01 5.087500e+02
      vertex   -3.334997e+01 -1.937842e+01 5.087119e+02
      vertex   -3.295979e+01 -1.937842e+01 5.087503e+02
    endloop
  endfacet
  facet normal -1.562686e-02 -4.265291e-05 9.998779e-01
    outer loop
      vertex   -3.299730e+01 -1.388185e+01 5.087500e+02
      vertex   -3.295979e+01 -1.937842e+01 5.087503e+02
      vertex   -3.298480e+01 -1.388185e+01 5.087502e+02
    endloop
  endfacet
  facet normal -9.376363e-03 -1.421782e-05 9.999560e-01
    outer loop
      vertex   -3.298480e+01 -1.388185e+01 5.087502e+02
      vertex   -3.295979e+01 -1.937842e+01 5.087503e+02
      vertex   -3.297229e+01 -1.388185e+01 5.087503e+02
    endloop
  endfacet
  facet normal -3.125495e-03 0.000000e+00 9.999951e-01
    outer loop
      vertex   -3.297229e+01 -1.388185e+01 5.087503e+02
      vertex   -3.295979e+01 -1.937842e+01 5.087503e+02
      vertex   -3.295979e+01 -1.388185e+01 5.087503e+02
    endloop
  endfacet
  facet normal 0.000000e+00 -0.000000e+00 1.000000e+00
    outer loop
      vertex   -3.270181e+01 -1.937842e+01 5.087503e+02
      vertex   -3.270181e+01 -1.587842e+01 5.087503e+02
      vertex   -3.295979e+01 -1.937842e+01 5.087503e+02
    endloop
  endfacet
  facet normal 0.000000e+00 0.000000e+00 1.000000e+00
    outer loop
      vertex   -3.295979e+01 -1.937842e+01 5.087503e+02
      vertex   -3.270181e+01 -1.587842e+01 5.087503e+02
      vertex   -3.295979e+01 -1.388185e+01 5.087503e+02
    endloop
  endfacet
  facet normal 0.000000e+00 0.000000e+00 1.000000e+00
    outer loop
      vertex   -3.295979e+01 -1.388185e+01 5.087503e+02
      vertex   -3.270181e+01 -1.587842e+01 5.087503e+02
      vertex   -2.683479e+01 -1.388185e+01 5.087503e+02
    endloop
  endfacet
  facet normal 0.000000e+00 0.000000e+00 1.000000e+00
    outer loop
      vertex   -2.683479e+01 -1.388185e+01 5.087503e+02
      vertex   -3.270181e+01 -1.587842e+01 5.087503e+02
      vertex   -2.683479e+01 -1.587842e+01 5.087503e+02
    endloop
  endfacet
  facet normal 1.000000e+00 -0.000000e+00 0.000000e+00
    outer loop
      vertex   -3.270181e+01 -1.937842e+01 5.087503e+02
      vertex   -3.270181e+01 -1.937842e+01 5.062824e+02
      vertex   -3.270181e+01 -1.587842e+01 5.087503e+02
    endloop
  endfacet
  facet normal 1.000000e+00 0.000000e+00 0.000000e+00
    outer loop
      vertex   -3.270181e+01 -1.587842e+01 5.087503e+02
      vertex   -3.270181e+01 -1.937842e+01 5.062824e+02
      vertex   -3.270181e+01 -1.587842e+01 5.062824e+02
    endloop
  endfacet
  facet normal 0.000000e+00 0.000000e+00 1.000000e+00
    outer loop
      vertex   -2.927913e+01 -1.937842e+01 5.027135e+02
      vertex   -2.683479e+01 -1.937842e+01 5.027135e+02
      vertex   -2.927913e+01 -1.587842e+01 5.027135e+02
    endloop
  endfacet
  facet normal -0.000000e+00 0.000000e+00 1.000000e+00
    outer loop
      vertex   -2.927913e+01 -1.587842e+01 5.027135e+02
      vertex   -2.683479e+01 -1.937842e+01 5.027135e+02
      vertex   -2.683479e+01 -1.587842e+01 5.027135e+02
    endloop
  endfacet
  facet normal 9.842223e-01 0.000000e+00 -1.769362e-01
    outer loop
      vertex   -3.270181e+01 -1.587842e+01 5.062824e+02
      vertex   -3.270181e+01 -1.937842e+01 5.062824e+02
      vertex   -3.278232e+01 -1.587842e+01 5.058346e+02
    endloop
  endfacet
  facet normal 9.842223e-01 -1.998091e-15 -1.769362e-01
    outer loop
      vertex   -3.278232e+01 -1.587842e+01 5.058346e+02
      vertex   -3.270181e+01 -1.937842e+01 5.062824e+02
      vertex   -3.278232e+01 -1.937842e+01 5.058346e+02
    endloop
  endfacet
  facet normal 9.997834e-01 -2.029682e-15 -2.081211e-02
    outer loop
      vertex   -3.278232e+01 -1.587842e+01 5.058346e+02
      vertex   -3.278232e+01 -1.937842e+01 5.058346e+02
      vertex   -3.279179e+01 -1.587842e+01 5.053797e+02
    endloop
  endfacet
  facet normal 9.997834e-01 0.000000e+00 -2.081211e-02
    outer loop
      vertex   -3.279179e+01 -1.587842e+01 5.053797e+02
      vertex   -3.278232e+01 -1.937842e+01 5.058346e+02
      vertex   -3.279179e+01 -1.937842e+01 5.053797e+02
    endloop
  endfacet
  facet normal 9.907329e-01 0.000000e+00 1.358243e-01
    outer loop
      vertex   -3.279179e+01 -1.587842e+01 5.053797e+02
      vertex   -3.279179e+01 -1.937842e+01 5.053797e+02
      vertex   -3.272999e+01 -1.587842e+01 5.049289e+02
    endloop
  endfacet
  facet normal 9.907329e-01 0.000000e+00 1.358243e-01
    outer loop
      vertex   -3.272999e+01 -1.587842e+01 5.049289e+02
      vertex   -3.279179e+01 -1.937842e+01 5.053797e+02
      vertex   -3.272999e+01 -1.937842e+01 5.049289e+02
    endloop
  endfacet
  facet normal 9.572937e-01 0.000000e+00 2.891171e-01
    outer loop
      vertex   -3.272999e+01 -1.587842e+01 5.049289e+02
      vertex   -3.272999e+01 -1.937842e+01 5.049289e+02
      vertex   -3.259844e+01 -1.587842e+01 5.044933e+02
    endloop
  endfacet
  facet normal 9.572937e-01 0.000000e+00 2.891171e-01
    outer loop
      vertex   -3.259844e+01 -1.587842e+01 5.044933e+02
      vertex   -3.272999e+01 -1.937842e+01 5.049289e+02
      vertex   -3.259844e+01 -1.937842e+01 5.044933e+02
    endloop
  endfacet
  facet normal 9.002889e-01 0.000000e+00 4.352928e-01
    outer loop
      vertex   -3.259844e+01 -1.587842e+01 5.044933e+02
      vertex   -3.259844e+01 -1.937842e+01 5.044933e+02
      vertex   -3.240038e+01 -1.587842e+01 5.040837e+02
    endloop
  endfacet
  facet normal 9.002889e-01 0.000000e+00 4.352928e-01
    outer loop
      vertex   -3.240038e+01 -1.587842e+01 5.040837e+02
      vertex   -3.259844e+01 -1.937842e+01 5.044933e+02
      vertex   -3.240038e+01 -1.937842e+01 5.040837e+02
    endloop
  endfacet
  facet normal 8.211219e-01 0.000000e+00 5.707529e-01
    outer loop
      vertex   -3.240038e+01 -1.587842e+01 5.040837e+02
      vertex   -3.240038e+01 -1.937842e+01 5.040837e+02
      vertex   -3.214068e+01 -1.587842e+01 5.037101e+02
    endloop
  endfacet
  facet normal 8.211219e-01 0.000000e+00 5.707529e-01
    outer loop
      vertex   -3.214068e+01 -1.587842e+01 5.037101e+02
      vertex   -3.240038e+01 -1.937842e+01 5.040837e+02
      vertex   -3.214068e+01 -1.937842e+01 5.037101e+02
    endloop
  endfacet
  facet normal 7.217413e-01 0.000000e+00 6.921629e-01
    outer loop
      vertex   -3.214068e+01 -1.587842e+01 5.037101e+02
      vertex   -3.214068e+01 -1.937842e+01 5.037101e+02
      vertex   -3.182575e+01 -1.587842e+01 5.033817e+02
    endloop
  endfacet
  facet normal 7.217413e-01 0.000000e+00 6.921629e-01
    outer loop
      vertex   -3.182575e+01 -1.587842e+01 5.033817e+02
      vertex   -3.214068e+01 -1.937842e+01 5.037101e+02
      vertex   -3.182575e+01 -1.937842e+01 5.033817e+02
    endloop
  endfacet
  facet normal 6.045938e-01 0.000000e+00 7.965340e-01
    outer loop
      vertex   -3.182575e+01 -1.587842e+01 5.033817e+02
      vertex   -3.182575e+01 -1.937842e+01 5.033817e+02
      vertex   -3.146332e+01 -1.587842e+01 5.031066e+02
    endloop
  endfacet
  facet normal 6.045938e-01 -1.227399e-15 7.965340e-01
    outer loop
      vertex   -3.146332e+01 -1.587842e+01 5.031066e+02
      vertex   -3.182575e+01 -1.937842e+01 5.033817e+02
      vertex   -3.146332e+01 -1.937842e+01 5.031066e+02
    endloop
  endfacet
  facet normal 4.725630e-01 -9.593606e-16 8.812969e-01
    outer loop
      vertex   -3.146332e+01 -1.587842e+01 5.031066e+02
      vertex   -3.146332e+01 -1.937842e+01 5.031066e+02
      vertex   -3.106233e+01 -1.587842e+01 5.028916e+02
    endloop
  endfacet
  facet normal 4.725630e-01 -4.796803e-16 8.812969e-01
    outer loop
      vertex   -3.106233e+01 -1.587842e+01 5.028916e+02
      vertex   -3.146332e+01 -1.937842e+01 5.031066e+02
      vertex   -3.106233e+01 -1.937842e+01 5.028916e+02
    endloop
  endfacet
  facet normal 3.288992e-01 -3.338528e-16 9.443650e-01
    outer loop
      vertex   -3.106233e+01 -1.587842e+01 5.028916e+02
      vertex   -3.106233e+01 -1.937842e+01 5.028916e+02
      vertex   -3.063264e+01 -1.587842e+01 5.027419e+02
    endloop
  endfacet
  facet normal 3.288992e-01 0.000000e+00 9.443650e-01
    outer loop
      vertex   -3.063264e+01 -1.587842e+01 5.027419e+02
      vertex   -3.106233e+01 -1.937842e+01 5.028916e+02
      vertex   -3.063264e+01 -1.937842e+01 5.027419e+02
    endloop
  endfacet
  facet normal 1.771390e-01 0.000000e+00 9.841858e-01
    outer loop
      vertex   -3.063264e+01 -1.587842e+01 5.027419e+02
      vertex   -3.063264e+01 -1.937842e+01 5.027419e+02
      vertex   -3.018483e+01 -1.587842e+01 5.026613e+02
    endloop
  endfacet
  facet normal 1.771390e-01 0.000000e+00 9.841858e-01
    outer loop
      vertex   -3.018483e+01 -1.587842e+01 5.026613e+02
      vertex   -3.063264e+01 -1.937842e+01 5.027419e+02
      vertex   -3.018483e+01 -1.937842e+01 5.026613e+02
    endloop
  endfacet
  facet normal 2.101813e-02 0.000000e+00 9.997791e-01
    outer loop
      vertex   -3.018483e+01 -1.587842e+01 5.026613e+02
      vertex   -3.018483e+01 -1.937842e+01 5.026613e+02
      vertex   -2.972993e+01 -1.587842e+01 5.026518e+02
    endloop
  endfacet
  facet normal 2.101813e-02 -2.133469e-17 9.997791e-01
    outer loop
      vertex   -2.972993e+01 -1.587842e+01 5.026518e+02
      vertex   -3.018483e+01 -1.937842e+01 5.026613e+02
      vertex   -2.972993e+01 -1.937842e+01 5.026518e+02
    endloop
  endfacet
  facet normal -1.356201e-01 1.376627e-16 9.907609e-01
    outer loop
      vertex   -2.972993e+01 -1.587842e+01 5.026518e+02
      vertex   -2.972993e+01 -1.937842e+01 5.026518e+02
      vertex   -2.927913e+01 -1.587842e+01 5.027135e+02
    endloop
  endfacet
  facet normal -1.356201e-01 0.000000e+00 9.907609e-01
    outer loop
      vertex   -2.927913e+01 -1.587842e+01 5.027135e+02
      vertex   -2.972993e+01 -1.937842e+01 5.026518e+02
      vertex   -2.927913e+01 -1.937842e+01 5.027135e+02
    endloop
  endfacet
  facet normal 1.000000e+00 0.000000e+00 0.000000e+00
    outer loop
      vertex   -2.683479e+01 -3.399657e+01 4.611145e+02
      vertex   -2.683479e+01 -3.399657e+01 4.561145e+02
      vertex   -2.683479e+01 -2.087842e+01 4.611145e+02
    endloop
  endfacet
  facet normal 1.000000e+00 -5.575784e-16 1.462879e-15
    outer loop
      vertex   -2.683479e+01 -2.087842e+01 4.611145e+02
      vertex   -2.683479e+01 -3.399657e+01 4.561145e+02
      vertex   -2.683479e+01 -1.488151e+01 4.561145e+02
    endloop
  endfacet
  facet normal 1.000000e+00 9.165104e-15 1.312409e-14
    outer loop
      vertex   -2.683479e+01 -2.087842e+01 4.611145e+02
      vertex   -2.683479e+01 -1.488151e+01 4.561145e+02
      vertex   -2.683479e+01 -2.054464e+01 4.611521e+02
    endloop
  endfacet
  facet normal 1.000000e+00 -7.084251e-16 2.024563e-15
    outer loop
      vertex   -2.683479e+01 -2.054464e+01 4.611521e+02
      vertex   -2.683479e+01 -1.488151e+01 4.561145e+02
      vertex   -2.683479e+01 -2.022760e+01 4.612631e+02
    endloop
  endfacet
  facet normal 1.000000e+00 -1.049550e-15 1.670350e-15
    outer loop
      vertex   -2.683479e+01 -2.022760e+01 4.612631e+02
      vertex   -2.683479e+01 -1.488151e+01 4.561145e+02
      vertex   -2.683479e+01 -1.994319e+01 4.614418e+02
    endloop
  endfacet
  facet normal 1.000000e+00 -1.367885e-15 1.367885e-15
    outer loop
      vertex   -2.683479e+01 -1.994319e+01 4.614418e+02
      vertex   -2.683479e+01 -1.488151e+01 4.561145e+02
      vertex   -2.683479e+01 -1.970568e+01 4.616793e+02
    endloop
  endfacet
  facet normal 1.000000e+00 -1.707885e-15 1.073135e-15
    outer loop
      vertex   -2.683479e+01 -1.970568e+01 4.616793e+02
      vertex   -2.683479e+01 -1.488151e+01 4.561145e+02
      vertex   -2.683479e+01 -1.952697e+01 4.619637e+02
    endloop
  endfacet
  facet normal 1.000000e+00 -2.123505e-15 7.430465e-16
    outer loop
      vertex   -2.683479e+01 -1.952697e+01 4.619637e+02
      vertex   -2.683479e+01 -1.488151e+01 4.561145e+02
      vertex   -2.683479e+01 -1.941603e+01 4.622807e+02
    endloop
  endfacet
  facet normal 1.000000e+00 -1.526845e-14 -8.923492e-15
    outer loop
      vertex   -2.683479e+01 -1.941603e+01 4.622807e+02
      vertex   -2.683479e+01 -1.488151e+01 4.561145e+02
      vertex   -2.683479e+01 -1.937842e+01 4.626145e+02
    endloop
  endfacet
  facet normal 1.000000e+00 8.076619e-17 1.695591e-15
    outer loop
      vertex   -2.683479e+01 -1.937842e+01 4.626145e+02
      vertex   -2.683479e+01 -1.488151e+01 4.561145e+02
      vertex   -2.683479e+01 -1.288151e+01 4.581145e+02
    endloop
  endfacet
  facet normal 1.000000e+00 -9.275381e-16 2.398438e-16
    outer loop
      vertex   -2.683479e+01 -1.937842e+01 4.626145e+02
      vertex   -2.683479e+01 -1.288151e+01 4.581145e+02
      vertex   -2.683479e+01 -1.288185e+01 4.877384e+02
    endloop
  endfacet
  facet normal 1.000000e+00 -0.000000e+00 2.398542e-16
    outer loop
      vertex   -2.683479e+01 -1.288185e+01 4.877384e+02
      vertex   -2.683479e+01 -1.288151e+01 4.581145e+02
      vertex   -2.683479e+01 -1.288151e+01 4.877384e+02
    endloop
  endfacet
  facet normal 1.000000e+00 4.020623e-14 -3.842987e-14
    outer loop
      vertex   -2.683479e+01 -1.488151e+01 4.561145e+02
      vertex   -2.683479e+01 -1.449133e+01 4.561529e+02
      vertex   -2.683479e+01 -1.288151e+01 4.581145e+02
    endloop
  endfacet
  facet normal 1.000000e+00 2.194563e-15 -7.234504e-15
    outer loop
      vertex   -2.683479e+01 -1.288151e+01 4.581145e+02
      vertex   -2.683479e+01 -1.449133e+01 4.561529e+02
      vertex   -2.683479e+01 -1.411615e+01 4.562667e+02
    endloop
  endfacet
  facet normal 1.000000e+00 4.796037e-15 -8.972754e-15
    outer loop
      vertex   -2.683479e+01 -1.288151e+01 4.581145e+02
      vertex   -2.683479e+01 -1.411615e+01 4.562667e+02
      vertex   -2.683479e+01 -1.377037e+01 4.564516e+02
    endloop
  endfacet
  facet normal 1.000000e+00 9.370307e-15 -1.141775e-14
    outer loop
      vertex   -2.683479e+01 -1.377037e+01 4.564516e+02
      vertex   -2.683479e+01 -1.346730e+01 4.567003e+02
      vertex   -2.683479e+01 -1.288151e+01 4.581145e+02
    endloop
  endfacet
  facet normal 1.000000e+00 1.854142e-14 -1.521655e-14
    outer loop
      vertex   -2.683479e+01 -1.288151e+01 4.581145e+02
      vertex   -2.683479e+01 -1.346730e+01 4.567003e+02
      vertex   -2.683479e+01 -1.321858e+01 4.570034e+02
    endloop
  endfacet
  facet normal 1.000000e+00 4.149459e-14 -2.217932e-14
    outer loop
      vertex   -2.683479e+01 -1.288151e+01 4.581145e+02
      vertex   -2.683479e+01 -1.321858e+01 4.570034e+02
      vertex   -2.683479e+01 -1.303376e+01 4.573491e+02
    endloop
  endfacet
  facet normal 1.000000e+00 1.333425e-13 -4.044900e-14
    outer loop
      vertex   -2.683479e+01 -1.303376e+01 4.573491e+02
      vertex   -2.683479e+01 -1.291994e+01 4.577243e+02
      vertex   -2.683479e+01 -1.288151e+01 4.581145e+02
    endloop
  endfacet
  facet normal 1.000000e+00 0.000000e+00 2.479967e-15
    outer loop
      vertex   -2.683479e+01 -1.288185e+01 5.020641e+02
      vertex   -2.683479e+01 -1.388185e+01 5.020641e+02
      vertex   -2.683479e+01 -1.288185e+01 4.877384e+02
    endloop
  endfacet
  facet normal 1.000000e+00 1.903274e-14 3.808545e-15
    outer loop
      vertex   -2.683479e+01 -1.288185e+01 4.877384e+02
      vertex   -2.683479e+01 -1.388185e+01 5.020641e+02
      vertex   -2.683479e+01 -1.587842e+01 5.027135e+02
    endloop
  endfacet
  facet normal 1.000000e+00 0.000000e+00 0.000000e+00
    outer loop
      vertex   -2.683479e+01 -1.288185e+01 4.877384e+02
      vertex   -2.683479e+01 -1.587842e+01 5.027135e+02
      vertex   -2.683479e+01 -1.937842e+01 5.027135e+02
    endloop
  endfacet
  facet normal 1.000000e+00 1.779402e-14 -0.000000e+00
    outer loop
      vertex   -2.683479e+01 -1.388185e+01 5.020641e+02
      vertex   -2.683479e+01 -1.388185e+01 5.087503e+02
      vertex   -2.683479e+01 -1.587842e+01 5.027135e+02
    endloop
  endfacet
  facet normal 1.000000e+00 1.779402e-14 -0.000000e+00
    outer loop
      vertex   -2.683479e+01 -1.587842e+01 5.027135e+02
      vertex   -2.683479e+01 -1.388185e+01 5.087503e+02
      vertex   -2.683479e+01 -1.587842e+01 5.087503e+02
    endloop
  endfacet
  facet normal 1.000000e+00 0.000000e+00 0.000000e+00
    outer loop
      vertex   -2.683479e+01 -1.937842e+01 5.027135e+02
      vertex   -2.683479e+01 -1.937842e+01 4.626145e+02
      vertex   -2.683479e+01 -1.288185e+01 4.877384e+02
    endloop
  endfacet
  facet normal -9.659258e-01 -0.000000e+00 -2.588190e-01
    outer loop
      vertex   -2.473835e+01 -3.399657e+01 4.559195e+02
      vertex   -2.423835e+01 -3.399657e+01 4.540534e+02
      vertex   -2.473835e+01 -3.699683e+01 4.559195e+02
    endloop
  endfacet
  facet normal -9.659258e-01 0.000000e+00 -2.588190e-01
    outer loop
      vertex   -2.473835e+01 -3.699683e+01 4.559195e+02
      vertex   -2.423835e+01 -3.399657e+01 4.540534e+02
      vertex   -2.423835e+01 -3.699683e+01 4.540534e+02
    endloop
  endfacet
  facet normal 0.000000e+00 0.000000e+00 -1.000000e+00
    outer loop
      vertex   -2.423835e+01 -3.399657e+01 4.540534e+02
      vertex   -2.233479e+01 -3.399657e+01 4.540534e+02
      vertex   -2.423835e+01 -3.699683e+01 4.540534e+02
    endloop
  endfacet
  facet normal 0.000000e+00 0.000000e+00 -1.000000e+00
    outer loop
      vertex   -2.423835e+01 -3.699683e+01 4.540534e+02
      vertex   -2.233479e+01 -3.399657e+01 4.540534e+02
      vertex   -2.233479e+01 -3.699683e+01 4.540534e+02
    endloop
  endfacet
  facet normal -0.000000e+00 1.000000e+00 3.807787e-15
    outer loop
      vertex   -2.423835e+01 -3.399657e+01 4.540534e+02
      vertex   -2.473835e+01 -3.399657e+01 4.559195e+02
      vertex   -2.233479e+01 -3.399657e+01 4.540534e+02
    endloop
  endfacet
  facet normal -1.047194e-14 1.000000e+00 -9.680754e-15
    outer loop
      vertex   -2.233479e+01 -3.399657e+01 4.540534e+02
      vertex   -2.473835e+01 -3.399657e+01 4.559195e+02
      vertex   -2.473835e+01 -3.399657e+01 4.566534e+02
    endloop
  endfacet
  facet normal -1.959346e-14 1.000000e+00 -1.811311e-14
    outer loop
      vertex   -2.233479e+01 -3.399657e+01 4.540534e+02
      vertex   -2.473835e+01 -3.399657e+01 4.566534e+02
      vertex   -2.233479e+01 -3.399657e+01 4.611145e+02
    endloop
  endfacet
  facet normal 0.000000e+00 1.000000e+00 -2.866983e-14
    outer loop
      vertex   -2.233479e+01 -3.399657e+01 4.611145e+02
      vertex   -2.473835e+01 -3.399657e+01 4.566534e+02
      vertex   -2.683479e+01 -3.399657e+01 4.611145e+02
    endloop
  endfacet
  facet normal 0.000000e+00 1.000000e+00 -2.866983e-14
    outer loop
      vertex   -2.683479e+01 -3.399657e+01 4.611145e+02
      vertex   -2.473835e+01 -3.399657e+01 4.566534e+02
      vertex   -2.592181e+01 -3.399657e+01 4.566534e+02
    endloop
  endfacet
  facet normal 1.509991e-14 1.000000e+00 -2.557954e-14
    outer loop
      vertex   -2.683479e+01 -3.399657e+01 4.611145e+02
      vertex   -2.592181e+01 -3.399657e+01 4.566534e+02
      vertex   -2.683479e+01 -3.399657e+01 4.561145e+02
    endloop
  endfacet
  facet normal -0.000000e+00 1.000000e+00 0.000000e+00
    outer loop
      vertex   -2.683479e+01 -3.399657e+01 4.561145e+02
      vertex   -2.592181e+01 -3.399657e+01 4.566534e+02
      vertex   -2.592181e+01 -3.399657e+01 4.540534e+02
    endloop
  endfacet
  facet normal 0.000000e+00 1.000000e+00 0.000000e+00
    outer loop
      vertex   -2.683479e+01 -3.399657e+01 4.561145e+02
      vertex   -2.592181e+01 -3.399657e+01 4.540534e+02
      vertex   -4.029140e+01 -3.399657e+01 4.540534e+02
    endloop
  endfacet
  facet normal 0.000000e+00 1.000000e+00 0.000000e+00
    outer loop
      vertex   -4.029140e+01 -3.399657e+01 4.540534e+02
      vertex   -4.029140e+01 -3.399657e+01 4.561145e+02
      vertex   -2.683479e+01 -3.399657e+01 4.561145e+02
    endloop
  endfacet
  facet normal 1.000000e+00 0.000000e+00 0.000000e+00
    outer loop
      vertex   -2.233479e+01 -3.401701e+01 4.612698e+02
      vertex   -2.233479e+01 -3.407695e+01 4.614145e+02
      vertex   -2.233479e+01 -3.399657e+01 4.611145e+02
    endloop
  endfacet
  facet normal 1.000000e+00 0.000000e+00 0.000000e+00
    outer loop
      vertex   -2.233479e+01 -3.399657e+01 4.611145e+02
      vertex   -2.233479e+01 -3.407695e+01 4.614145e+02
      vertex   -2.233479e+01 -3.417231e+01 4.615388e+02
    endloop
  endfacet
  facet normal 1.000000e+00 0.000000e+00 0.000000e+00
    outer loop
      vertex   -2.233479e+01 -3.399657e+01 4.611145e+02
      vertex   -2.233479e+01 -3.417231e+01 4.615388e+02
      vertex   -2.233479e+01 -3.429657e+01 4.616341e+02
    endloop
  endfacet
  facet normal 1.000000e+00 0.000000e+00 0.000000e+00
    outer loop
      vertex   -2.233479e+01 -3.429657e+01 4.616341e+02
      vertex   -2.233479e+01 -3.444128e+01 4.616941e+02
      vertex   -2.233479e+01 -3.399657e+01 4.611145e+02
    endloop
  endfacet
  facet normal 1.000000e+00 0.000000e+00 0.000000e+00
    outer loop
      vertex   -2.233479e+01 -3.399657e+01 4.611145e+02
      vertex   -2.233479e+01 -3.444128e+01 4.616941e+02
      vertex   -2.233479e+01 -3.459657e+01 4.617145e+02
    endloop
  endfacet
  facet normal 1.000000e+00 5.031420e-16 5.031420e-16
    outer loop
      vertex   -2.233479e+01 -3.399657e+01 4.611145e+02
      vertex   -2.233479e+01 -3.459657e+01 4.617145e+02
      vertex   -2.233479e+01 -3.399657e+01 4.540534e+02
    endloop
  endfacet
  facet normal 1.000000e+00 0.000000e+00 4.637368e-16
    outer loop
      vertex   -2.233479e+01 -3.399657e+01 4.540534e+02
      vertex   -2.233479e+01 -3.459657e+01 4.617145e+02
      vertex   -2.233479e+01 -3.639683e+01 4.617145e+02
    endloop
  endfacet
  facet normal 1.000000e+00 0.000000e+00 4.637368e-16
    outer loop
      vertex   -2.233479e+01 -3.399657e+01 4.540534e+02
      vertex   -2.233479e+01 -3.639683e+01 4.617145e+02
      vertex   -2.233479e+01 -3.699683e+01 4.540534e+02
    endloop
  endfacet
  facet normal 1.000000e+00 -5.031420e-16 5.031420e-16
    outer loop
      vertex   -2.233479e+01 -3.699683e+01 4.540534e+02
      vertex   -2.233479e+01 -3.639683e+01 4.617145e+02
      vertex   -2.233479e+01 -3.699683e+01 4.611145e+02
    endloop
  endfacet
  facet normal 1.000000e+00 0.000000e+00 0.000000e+00
    outer loop
      vertex   -2.233479e+01 -3.699683e+01 4.611145e+02
      vertex   -2.233479e+01 -3.639683e+01 4.617145e+02
      vertex   -2.233479e+01 -3.655212e+01 4.616941e+02
    endloop
  endfacet
  facet normal 1.000000e+00 0.000000e+00 0.000000e+00
    outer loop
      vertex   -2.233479e+01 -3.699683e+01 4.611145e+02
      vertex   -2.233479e+01 -3.655212e+01 4.616941e+02
      vertex   -2.233479e+01 -3.669683e+01 4.616341e+02
    endloop
  endfacet
  facet normal 1.000000e+00 0.000000e+00 0.000000e+00
    outer loop
      vertex   -2.233479e+01 -3.669683e+01 4.616341e+02
      vertex   -2.233479e+01 -3.682109e+01 4.615388e+02
      vertex   -2.233479e+01 -3.699683e+01 4.611145e+02
    endloop
  endfacet
  facet normal 1.000000e+00 0.000000e+00 0.000000e+00
    outer loop
      vertex   -2.233479e+01 -3.699683e+01 4.611145e+02
      vertex   -2.233479e+01 -3.682109e+01 4.615388e+02
      vertex   -2.233479e+01 -3.691644e+01 4.614145e+02
    endloop
  endfacet
  facet normal 1.000000e+00 0.000000e+00 0.000000e+00
    outer loop
      vertex   -2.233479e+01 -3.699683e+01 4.611145e+02
      vertex   -2.233479e+01 -3.691644e+01 4.614145e+02
      vertex   -2.233479e+01 -3.697638e+01 4.612698e+02
    endloop
  endfacet
  facet normal 0.000000e+00 9.914449e-01 -1.305262e-01
    outer loop
      vertex   -2.592181e+01 -3.399657e+01 4.566534e+02
      vertex   -2.473835e+01 -3.399657e+01 4.566534e+02
      vertex   -2.592181e+01 -3.401701e+01 4.564982e+02
    endloop
  endfacet
  facet normal 0.000000e+00 9.914449e-01 -1.305262e-01
    outer loop
      vertex   -2.592181e+01 -3.401701e+01 4.564982e+02
      vertex   -2.473835e+01 -3.399657e+01 4.566534e+02
      vertex   -2.473835e+01 -3.401701e+01 4.564982e+02
    endloop
  endfacet
  facet normal 0.000000e+00 9.238795e-01 -3.826834e-01
    outer loop
      vertex   -2.592181e+01 -3.401701e+01 4.564982e+02
      vertex   -2.473835e+01 -3.401701e+01 4.564982e+02
      vertex   -2.592181e+01 -3.407695e+01 4.563534e+02
    endloop
  endfacet
  facet normal 0.000000e+00 9.238795e-01 -3.826834e-01
    outer loop
      vertex   -2.592181e+01 -3.407695e+01 4.563534e+02
      vertex   -2.473835e+01 -3.401701e+01 4.564982e+02
      vertex   -2.473835e+01 -3.407695e+01 4.563534e+02
    endloop
  endfacet
  facet normal 0.000000e+00 7.933533e-01 -6.087614e-01
    outer loop
      vertex   -2.592181e+01 -3.407695e+01 4.563534e+02
      vertex   -2.473835e+01 -3.407695e+01 4.563534e+02
      vertex   -2.592181e+01 -3.417231e+01 4.562292e+02
    endloop
  endfacet
  facet normal 0.000000e+00 7.933533e-01 -6.087614e-01
    outer loop
      vertex   -2.592181e+01 -3.417231e+01 4.562292e+02
      vertex   -2.473835e+01 -3.407695e+01 4.563534e+02
      vertex   -2.473835e+01 -3.417231e+01 4.562292e+02
    endloop
  endfacet
  facet normal 0.000000e+00 6.087614e-01 -7.933533e-01
    outer loop
      vertex   -2.592181e+01 -3.417231e+01 4.562292e+02
      vertex   -2.473835e+01 -3.417231e+01 4.562292e+02
      vertex   -2.592181e+01 -3.429657e+01 4.561338e+02
    endloop
  endfacet
  facet normal 0.000000e+00 6.087614e-01 -7.933533e-01
    outer loop
      vertex   -2.592181e+01 -3.429657e+01 4.561338e+02
      vertex   -2.473835e+01 -3.417231e+01 4.562292e+02
      vertex   -2.473835e+01 -3.429657e+01 4.561338e+02
    endloop
  endfacet
  facet normal 0.000000e+00 3.826834e-01 -9.238795e-01
    outer loop
      vertex   -2.592181e+01 -3.429657e+01 4.561338e+02
      vertex   -2.473835e+01 -3.429657e+01 4.561338e+02
      vertex   -2.592181e+01 -3.444128e+01 4.560739e+02
    endloop
  endfacet
  facet normal -2.297616e-15 3.826834e-01 -9.238795e-01
    outer loop
      vertex   -2.592181e+01 -3.444128e+01 4.560739e+02
      vertex   -2.473835e+01 -3.429657e+01 4.561338e+02
      vertex   -2.473835e+01 -3.444128e+01 4.560739e+02
    endloop
  endfacet
  facet normal -7.836742e-16 1.305262e-01 -9.914449e-01
    outer loop
      vertex   -2.592181e+01 -3.444128e+01 4.560739e+02
      vertex   -2.473835e+01 -3.444128e+01 4.560739e+02
      vertex   -2.592181e+01 -3.459657e+01 4.560534e+02
    endloop
  endfacet
  facet normal 0.000000e+00 1.305262e-01 -9.914449e-01
    outer loop
      vertex   -2.592181e+01 -3.459657e+01 4.560534e+02
      vertex   -2.473835e+01 -3.444128e+01 4.560739e+02
      vertex   -2.473835e+01 -3.459657e+01 4.560534e+02
    endloop
  endfacet
  facet normal 0.000000e+00 0.000000e+00 -1.000000e+00
    outer loop
      vertex   -2.592181e+01 -3.459657e+01 4.560534e+02
      vertex   -2.473835e+01 -3.459657e+01 4.560534e+02
      vertex   -2.592181e+01 -3.639683e+01 4.560534e+02
    endloop
  endfacet
  facet normal 0.000000e+00 0.000000e+00 -1.000000e+00
    outer loop
      vertex   -2.592181e+01 -3.639683e+01 4.560534e+02
      vertex   -2.473835e+01 -3.459657e+01 4.560534e+02
      vertex   -2.473835e+01 -3.639683e+01 4.560534e+02
    endloop
  endfacet
  facet normal 0.000000e+00 -1.305262e-01 -9.914449e-01
    outer loop
      vertex   -2.592181e+01 -3.639683e+01 4.560534e+02
      vertex   -2.473835e+01 -3.639683e+01 4.560534e+02
      vertex   -2.592181e+01 -3.655212e+01 4.560739e+02
    endloop
  endfacet
  facet normal 0.000000e+00 -1.305262e-01 -9.914449e-01
    outer loop
      vertex   -2.592181e+01 -3.655212e+01 4.560739e+02
      vertex   -2.473835e+01 -3.639683e+01 4.560534e+02
      vertex   -2.473835e+01 -3.655212e+01 4.560739e+02
    endloop
  endfacet
  facet normal 0.000000e+00 -3.826834e-01 -9.238795e-01
    outer loop
      vertex   -2.592181e+01 -3.655212e+01 4.560739e+02
      vertex   -2.473835e+01 -3.655212e+01 4.560739e+02
      vertex   -2.592181e+01 -3.669683e+01 4.561338e+02
    endloop
  endfacet
  facet normal 0.000000e+00 -3.826834e-01 -9.238795e-01
    outer loop
      vertex   -2.592181e+01 -3.669683e+01 4.561338e+02
      vertex   -2.473835e+01 -3.655212e+01 4.560739e+02
      vertex   -2.473835e+01 -3.669683e+01 4.561338e+02
    endloop
  endfacet
  facet normal 0.000000e+00 -6.087614e-01 -7.933533e-01
    outer loop
      vertex   -2.592181e+01 -3.669683e+01 4.561338e+02
      vertex   -2.473835e+01 -3.669683e+01 4.561338e+02
      vertex   -2.592181e+01 -3.682109e+01 4.562292e+02
    endloop
  endfacet
  facet normal 0.000000e+00 -6.087614e-01 -7.933533e-01
    outer loop
      vertex   -2.592181e+01 -3.682109e+01 4.562292e+02
      vertex   -2.473835e+01 -3.669683e+01 4.561338e+02
      vertex   -2.473835e+01 -3.682109e+01 4.562292e+02
    endloop
  endfacet
  facet normal 0.000000e+00 -7.933533e-01 -6.087614e-01
    outer loop
      vertex   -2.592181e+01 -3.682109e+01 4.562292e+02
      vertex   -2.473835e+01 -3.682109e+01 4.562292e+02
      vertex   -2.592181e+01 -3.691644e+01 4.563534e+02
    endloop
  endfacet
  facet normal 0.000000e+00 -7.933533e-01 -6.087614e-01
    outer loop
      vertex   -2.592181e+01 -3.691644e+01 4.563534e+02
      vertex   -2.473835e+01 -3.682109e+01 4.562292e+02
      vertex   -2.473835e+01 -3.691644e+01 4.563534e+02
    endloop
  endfacet
  facet normal 0.000000e+00 -9.238795e-01 -3.826834e-01
    outer loop
      vertex   -2.592181e+01 -3.691644e+01 4.563534e+02
      vertex   -2.473835e+01 -3.691644e+01 4.563534e+02
      vertex   -2.592181e+01 -3.697638e+01 4.564982e+02
    endloop
  endfacet
  facet normal 0.000000e+00 -9.238795e-01 -3.826834e-01
    outer loop
      vertex   -2.592181e+01 -3.697638e+01 4.564982e+02
      vertex   -2.473835e+01 -3.691644e+01 4.563534e+02
      vertex   -2.473835e+01 -3.697638e+01 4.564982e+02
    endloop
  endfacet
  facet normal 0.000000e+00 -9.914449e-01 -1.305262e-01
    outer loop
      vertex   -2.592181e+01 -3.697638e+01 4.564982e+02
      vertex   -2.473835e+01 -3.697638e+01 4.564982e+02
      vertex   -2.592181e+01 -3.699683e+01 4.566534e+02
    endloop
  endfacet
  facet normal 0.000000e+00 -9.914449e-01 -1.305262e-01
    outer loop
      vertex   -2.592181e+01 -3.699683e+01 4.566534e+02
      vertex   -2.473835e+01 -3.697638e+01 4.564982e+02
      vertex   -2.473835e+01 -3.699683e+01 4.566534e+02
    endloop
  endfacet
  facet normal 0.000000e+00 -1.000000e+00 -3.807787e-15
    outer loop
      vertex   -2.423835e+01 -3.699683e+01 4.540534e+02
      vertex   -2.233479e+01 -3.699683e+01 4.540534e+02
      vertex   -2.473835e+01 -3.699683e+01 4.559195e+02
    endloop
  endfacet
  facet normal 1.047194e-14 -1.000000e+00 9.680754e-15
    outer loop
      vertex   -2.473835e+01 -3.699683e+01 4.559195e+02
      vertex   -2.233479e+01 -3.699683e+01 4.540534e+02
      vertex   -2.473835e+01 -3.699683e+01 4.566534e+02
    endloop
  endfacet
  facet normal 0.000000e+00 -1.000000e+00 0.000000e+00
    outer loop
      vertex   -2.473835e+01 -3.699683e+01 4.566534e+02
      vertex   -2.233479e+01 -3.699683e+01 4.540534e+02
      vertex   -2.233479e+01 -3.699683e+01 4.611145e+02
    endloop
  endfacet
  facet normal -2.842171e-14 -1.000000e+00 1.531326e-14
    outer loop
      vertex   -2.473835e+01 -3.699683e+01 4.566534e+02
      vertex   -2.233479e+01 -3.699683e+01 4.611145e+02
      vertex   -2.683479e+01 -3.699683e+01 4.611145e+02
    endloop
  endfacet
  facet normal 0.000000e+00 -1.000000e+00 2.866983e-14
    outer loop
      vertex   -2.473835e+01 -3.699683e+01 4.566534e+02
      vertex   -2.683479e+01 -3.699683e+01 4.611145e+02
      vertex   -2.592181e+01 -3.699683e+01 4.566534e+02
    endloop
  endfacet
  facet normal 1.054346e-14 -1.000000e+00 3.082761e-14
    outer loop
      vertex   -2.592181e+01 -3.699683e+01 4.566534e+02
      vertex   -2.683479e+01 -3.699683e+01 4.611145e+02
      vertex   -3.829140e+01 -3.699683e+01 4.611145e+02
    endloop
  endfacet
  facet normal -2.115138e-16 -1.000000e+00 1.006284e-15
    outer loop
      vertex   -2.592181e+01 -3.699683e+01 4.566534e+02
      vertex   -3.829140e+01 -3.699683e+01 4.611145e+02
      vertex   -3.829140e+01 -3.699683e+01 4.540534e+02
    endloop
  endfacet
  facet normal 0.000000e+00 -1.000000e+00 0.000000e+00
    outer loop
      vertex   -3.829140e+01 -3.699683e+01 4.540534e+02
      vertex   -2.592181e+01 -3.699683e+01 4.540534e+02
      vertex   -2.592181e+01 -3.699683e+01 4.566534e+02
    endloop
  endfacet
  facet normal 3.130951e-15 9.914449e-01 1.305262e-01
    outer loop
      vertex   -2.233479e+01 -3.401701e+01 4.612698e+02
      vertex   -2.233479e+01 -3.399657e+01 4.611145e+02
      vertex   -2.458479e+01 -3.401701e+01 4.612698e+02
    endloop
  endfacet
  facet normal 0.000000e+00 9.914449e-01 1.305262e-01
    outer loop
      vertex   -2.458479e+01 -3.401701e+01 4.612698e+02
      vertex   -2.233479e+01 -3.399657e+01 4.611145e+02
      vertex   -2.683479e+01 -3.399657e+01 4.611145e+02
    endloop
  endfacet
  facet normal -3.130951e-15 9.914449e-01 1.305262e-01
    outer loop
      vertex   -2.458479e+01 -3.401701e+01 4.612698e+02
      vertex   -2.683479e+01 -3.399657e+01 4.611145e+02
      vertex   -2.683479e+01 -3.401701e+01 4.612698e+02
    endloop
  endfacet
  facet normal -2.917582e-15 9.238795e-01 3.826834e-01
    outer loop
      vertex   -2.458479e+01 -3.401701e+01 4.612698e+02
      vertex   -2.683479e+01 -3.401701e+01 4.612698e+02
      vertex   -2.458479e+01 -3.407695e+01 4.614145e+02
    endloop
  endfacet
  facet normal 2.917582e-15 9.238795e-01 3.826834e-01
    outer loop
      vertex   -2.458479e+01 -3.407695e+01 4.614145e+02
      vertex   -2.683479e+01 -3.401701e+01 4.612698e+02
      vertex   -2.683479e+01 -3.407695e+01 4.614145e+02
    endloop
  endfacet
  facet normal 2.505384e-15 7.933533e-01 6.087614e-01
    outer loop
      vertex   -2.458479e+01 -3.407695e+01 4.614145e+02
      vertex   -2.683479e+01 -3.407695e+01 4.614145e+02
      vertex   -2.458479e+01 -3.417231e+01 4.615388e+02
    endloop
  endfacet
  facet normal 0.000000e+00 7.933533e-01 6.087614e-01
    outer loop
      vertex   -2.458479e+01 -3.417231e+01 4.615388e+02
      vertex   -2.683479e+01 -3.407695e+01 4.614145e+02
      vertex   -2.683479e+01 -3.417231e+01 4.615388e+02
    endloop
  endfacet
  facet normal 0.000000e+00 6.087614e-01 7.933533e-01
    outer loop
      vertex   -2.458479e+01 -3.417231e+01 4.615388e+02
      vertex   -2.683479e+01 -3.417231e+01 4.615388e+02
      vertex   -2.458479e+01 -3.429657e+01 4.616341e+02
    endloop
  endfacet
  facet normal 0.000000e+00 6.087614e-01 7.933533e-01
    outer loop
      vertex   -2.458479e+01 -3.429657e+01 4.616341e+02
      vertex   -2.683479e+01 -3.417231e+01 4.615388e+02
      vertex   -2.683479e+01 -3.429657e+01 4.616341e+02
    endloop
  endfacet
  facet normal 0.000000e+00 3.826834e-01 9.238795e-01
    outer loop
      vertex   -2.458479e+01 -3.429657e+01 4.616341e+02
      vertex   -2.683479e+01 -3.429657e+01 4.616341e+02
      vertex   -2.458479e+01 -3.444128e+01 4.616941e+02
    endloop
  endfacet
  facet normal 0.000000e+00 3.826834e-01 9.238795e-01
    outer loop
      vertex   -2.458479e+01 -3.444128e+01 4.616941e+02
      vertex   -2.683479e+01 -3.429657e+01 4.616341e+02
      vertex   -2.683479e+01 -3.444128e+01 4.616941e+02
    endloop
  endfacet
  facet normal 0.000000e+00 1.305262e-01 9.914449e-01
    outer loop
      vertex   -2.458479e+01 -3.444128e+01 4.616941e+02
      vertex   -2.683479e+01 -3.444128e+01 4.616941e+02
      vertex   -2.683479e+01 -3.459657e+01 4.617145e+02
    endloop
  endfacet
  facet normal -0.000000e+00 1.305262e-01 9.914449e-01
    outer loop
      vertex   -2.683479e+01 -3.459657e+01 4.617145e+02
      vertex   -2.233479e+01 -3.459657e+01 4.617145e+02
      vertex   -2.458479e+01 -3.444128e+01 4.616941e+02
    endloop
  endfacet
  facet normal -0.000000e+00 1.305262e-01 9.914449e-01
    outer loop
      vertex   -2.458479e+01 -3.444128e+01 4.616941e+02
      vertex   -2.233479e+01 -3.459657e+01 4.617145e+02
      vertex   -2.233479e+01 -3.444128e+01 4.616941e+02
    endloop
  endfacet
  facet normal -0.000000e+00 3.826834e-01 9.238795e-01
    outer loop
      vertex   -2.458479e+01 -3.444128e+01 4.616941e+02
      vertex   -2.233479e+01 -3.444128e+01 4.616941e+02
      vertex   -2.458479e+01 -3.429657e+01 4.616341e+02
    endloop
  endfacet
  facet normal -0.000000e+00 3.826834e-01 9.238795e-01
    outer loop
      vertex   -2.458479e+01 -3.429657e+01 4.616341e+02
      vertex   -2.233479e+01 -3.444128e+01 4.616941e+02
      vertex   -2.233479e+01 -3.429657e+01 4.616341e+02
    endloop
  endfacet
  facet normal -0.000000e+00 6.087614e-01 7.933533e-01
    outer loop
      vertex   -2.458479e+01 -3.429657e+01 4.616341e+02
      vertex   -2.233479e+01 -3.429657e+01 4.616341e+02
      vertex   -2.458479e+01 -3.417231e+01 4.615388e+02
    endloop
  endfacet
  facet normal -0.000000e+00 6.087614e-01 7.933533e-01
    outer loop
      vertex   -2.458479e+01 -3.417231e+01 4.615388e+02
      vertex   -2.233479e+01 -3.429657e+01 4.616341e+02
      vertex   -2.233479e+01 -3.417231e+01 4.615388e+02
    endloop
  endfacet
  facet normal -0.000000e+00 7.933533e-01 6.087614e-01
    outer loop
      vertex   -2.458479e+01 -3.417231e+01 4.615388e+02
      vertex   -2.233479e+01 -3.417231e+01 4.615388e+02
      vertex   -2.458479e+01 -3.407695e+01 4.614145e+02
    endloop
  endfacet
  facet normal -2.505384e-15 7.933533e-01 6.087614e-01
    outer loop
      vertex   -2.458479e+01 -3.407695e+01 4.614145e+02
      vertex   -2.233479e+01 -3.417231e+01 4.615388e+02
      vertex   -2.233479e+01 -3.407695e+01 4.614145e+02
    endloop
  endfacet
  facet normal -2.917582e-15 9.238795e-01 3.826834e-01
    outer loop
      vertex   -2.458479e+01 -3.407695e+01 4.614145e+02
      vertex   -2.233479e+01 -3.407695e+01 4.614145e+02
      vertex   -2.458479e+01 -3.401701e+01 4.612698e+02
    endloop
  endfacet
  facet normal 2.917582e-15 9.238795e-01 3.826834e-01
    outer loop
      vertex   -2.458479e+01 -3.401701e+01 4.612698e+02
      vertex   -2.233479e+01 -3.407695e+01 4.614145e+02
      vertex   -2.233479e+01 -3.401701e+01 4.612698e+02
    endloop
  endfacet
  facet normal 0.000000e+00 -1.305262e-01 9.914449e-01
    outer loop
      vertex   -2.233479e+01 -3.655212e+01 4.616941e+02
      vertex   -2.233479e+01 -3.639683e+01 4.617145e+02
      vertex   -2.458479e+01 -3.655212e+01 4.616941e+02
    endloop
  endfacet
  facet normal 0.000000e+00 -1.305262e-01 9.914449e-01
    outer loop
      vertex   -2.458479e+01 -3.655212e+01 4.616941e+02
      vertex   -2.233479e+01 -3.639683e+01 4.617145e+02
      vertex   -2.683479e+01 -3.639683e+01 4.617145e+02
    endloop
  endfacet
  facet normal 0.000000e+00 -1.305262e-01 9.914449e-01
    outer loop
      vertex   -2.458479e+01 -3.655212e+01 4.616941e+02
      vertex   -2.683479e+01 -3.639683e+01 4.617145e+02
      vertex   -2.683479e+01 -3.655212e+01 4.616941e+02
    endloop
  endfacet
  facet normal 0.000000e+00 -3.826834e-01 9.238795e-01
    outer loop
      vertex   -2.458479e+01 -3.655212e+01 4.616941e+02
      vertex   -2.683479e+01 -3.655212e+01 4.616941e+02
      vertex   -2.458479e+01 -3.669683e+01 4.616341e+02
    endloop
  endfacet
  facet normal 0.000000e+00 -3.826834e-01 9.238795e-01
    outer loop
      vertex   -2.458479e+01 -3.669683e+01 4.616341e+02
      vertex   -2.683479e+01 -3.655212e+01 4.616941e+02
      vertex   -2.683479e+01 -3.669683e+01 4.616341e+02
    endloop
  endfacet
  facet normal 0.000000e+00 -6.087614e-01 7.933533e-01
    outer loop
      vertex   -2.458479e+01 -3.669683e+01 4.616341e+02
      vertex   -2.683479e+01 -3.669683e+01 4.616341e+02
      vertex   -2.458479e+01 -3.682109e+01 4.615388e+02
    endloop
  endfacet
  facet normal 0.000000e+00 -6.087614e-01 7.933533e-01
    outer loop
      vertex   -2.458479e+01 -3.682109e+01 4.615388e+02
      vertex   -2.683479e+01 -3.669683e+01 4.616341e+02
      vertex   -2.683479e+01 -3.682109e+01 4.615388e+02
    endloop
  endfacet
  facet normal 0.000000e+00 -7.933533e-01 6.087614e-01
    outer loop
      vertex   -2.458479e+01 -3.682109e+01 4.615388e+02
      vertex   -2.683479e+01 -3.682109e+01 4.615388e+02
      vertex   -2.458479e+01 -3.691644e+01 4.614145e+02
    endloop
  endfacet
  facet normal 2.505384e-15 -7.933533e-01 6.087614e-01
    outer loop
      vertex   -2.458479e+01 -3.691644e+01 4.614145e+02
      vertex   -2.683479e+01 -3.682109e+01 4.615388e+02
      vertex   -2.683479e+01 -3.691644e+01 4.614145e+02
    endloop
  endfacet
  facet normal 2.917582e-15 -9.238795e-01 3.826834e-01
    outer loop
      vertex   -2.458479e+01 -3.691644e+01 4.614145e+02
      vertex   -2.683479e+01 -3.691644e+01 4.614145e+02
      vertex   -2.458479e+01 -3.697638e+01 4.612698e+02
    endloop
  endfacet
  facet normal 5.835163e-15 -9.238795e-01 3.826834e-01
    outer loop
      vertex   -2.458479e+01 -3.697638e+01 4.612698e+02
      vertex   -2.683479e+01 -3.691644e+01 4.614145e+02
      vertex   -2.683479e+01 -3.697638e+01 4.612698e+02
    endloop
  endfacet
  facet normal 6.261902e-15 -9.914449e-01 1.305262e-01
    outer loop
      vertex   -2.458479e+01 -3.697638e+01 4.612698e+02
      vertex   -2.683479e+01 -3.697638e+01 4.612698e+02
      vertex   -2.683479e+01 -3.699683e+01 4.611145e+02
    endloop
  endfacet
  facet normal -2.817856e-14 -9.914449e-01 1.305262e-01
    outer loop
      vertex   -2.683479e+01 -3.699683e+01 4.611145e+02
      vertex   -2.233479e+01 -3.699683e+01 4.611145e+02
      vertex   -2.458479e+01 -3.697638e+01 4.612698e+02
    endloop
  endfacet
  facet normal -6.261902e-15 -9.914449e-01 1.305262e-01
    outer loop
      vertex   -2.458479e+01 -3.697638e+01 4.612698e+02
      vertex   -2.233479e+01 -3.699683e+01 4.611145e+02
      vertex   -2.233479e+01 -3.697638e+01 4.612698e+02
    endloop
  endfacet
  facet normal -5.835163e-15 -9.238795e-01 3.826834e-01
    outer loop
      vertex   -2.458479e+01 -3.697638e+01 4.612698e+02
      vertex   -2.233479e+01 -3.697638e+01 4.612698e+02
      vertex   -2.458479e+01 -3.691644e+01 4.614145e+02
    endloop
  endfacet
  facet normal -2.917582e-15 -9.238795e-01 3.826834e-01
    outer loop
      vertex   -2.458479e+01 -3.691644e+01 4.614145e+02
      vertex   -2.233479e+01 -3.697638e+01 4.612698e+02
      vertex   -2.233479e+01 -3.691644e+01 4.614145e+02
    endloop
  endfacet
  facet normal -2.505384e-15 -7.933533e-01 6.087614e-01
    outer loop
      vertex   -2.458479e+01 -3.691644e+01 4.614145e+02
      vertex   -2.233479e+01 -3.691644e+01 4.614145e+02
      vertex   -2.458479e+01 -3.682109e+01 4.615388e+02
    endloop
  endfacet
  facet normal 0.000000e+00 -7.933533e-01 6.087614e-01
    outer loop
      vertex   -2.458479e+01 -3.682109e+01 4.615388e+02
      vertex   -2.233479e+01 -3.691644e+01 4.614145e+02
      vertex   -2.233479e+01 -3.682109e+01 4.615388e+02
    endloop
  endfacet
  facet normal 0.000000e+00 -6.087614e-01 7.933533e-01
    outer loop
      vertex   -2.458479e+01 -3.682109e+01 4.615388e+02
      vertex   -2.233479e+01 -3.682109e+01 4.615388e+02
      vertex   -2.458479e+01 -3.669683e+01 4.616341e+02
    endloop
  endfacet
  facet normal 0.000000e+00 -6.087614e-01 7.933533e-01
    outer loop
      vertex   -2.458479e+01 -3.669683e+01 4.616341e+02
      vertex   -2.233479e+01 -3.682109e+01 4.615388e+02
      vertex   -2.233479e+01 -3.669683e+01 4.616341e+02
    endloop
  endfacet
  facet normal 0.000000e+00 -3.826834e-01 9.238795e-01
    outer loop
      vertex   -2.458479e+01 -3.669683e+01 4.616341e+02
      vertex   -2.233479e+01 -3.669683e+01 4.616341e+02
      vertex   -2.458479e+01 -3.655212e+01 4.616941e+02
    endloop
  endfacet
  facet normal 0.000000e+00 -3.826834e-01 9.238795e-01
    outer loop
      vertex   -2.458479e+01 -3.655212e+01 4.616941e+02
      vertex   -2.233479e+01 -3.669683e+01 4.616341e+02
      vertex   -2.233479e+01 -3.655212e+01 4.616941e+02
    endloop
  endfacet
  facet normal -9.801714e-02 -9.951847e-01 1.001438e-15
    outer loop
      vertex   -3.829140e+01 -3.699683e+01 4.540534e+02
      vertex   -3.829140e+01 -3.699683e+01 4.611145e+02
      vertex   -3.868158e+01 -3.695840e+01 4.540534e+02
    endloop
  endfacet
  facet normal -9.801714e-02 -9.951847e-01 0.000000e+00
    outer loop
      vertex   -3.868158e+01 -3.695840e+01 4.540534e+02
      vertex   -3.829140e+01 -3.699683e+01 4.611145e+02
      vertex   -3.868158e+01 -3.695840e+01 4.611145e+02
    endloop
  endfacet
  facet normal -2.902847e-01 -9.569403e-01 0.000000e+00
    outer loop
      vertex   -3.868158e+01 -3.695840e+01 4.540534e+02
      vertex   -3.868158e+01 -3.695840e+01 4.611145e+02
      vertex   -3.905677e+01 -3.684459e+01 4.540534e+02
    endloop
  endfacet
  facet normal -2.902847e-01 -9.569403e-01 0.000000e+00
    outer loop
      vertex   -3.905677e+01 -3.684459e+01 4.540534e+02
      vertex   -3.868158e+01 -3.695840e+01 4.611145e+02
      vertex   -3.905677e+01 -3.684459e+01 4.611145e+02
    endloop
  endfacet
  facet normal -4.713967e-01 -8.819213e-01 0.000000e+00
    outer loop
      vertex   -3.905677e+01 -3.684459e+01 4.540534e+02
      vertex   -3.905677e+01 -3.684459e+01 4.611145e+02
      vertex   -3.940254e+01 -3.665977e+01 4.540534e+02
    endloop
  endfacet
  facet normal -4.713967e-01 -8.819213e-01 0.000000e+00
    outer loop
      vertex   -3.940254e+01 -3.665977e+01 4.540534e+02
      vertex   -3.905677e+01 -3.684459e+01 4.611145e+02
      vertex   -3.940254e+01 -3.665977e+01 4.611145e+02
    endloop
  endfacet
  facet normal -6.343933e-01 -7.730105e-01 0.000000e+00
    outer loop
      vertex   -3.940254e+01 -3.665977e+01 4.540534e+02
      vertex   -3.940254e+01 -3.665977e+01 4.611145e+02
      vertex   -3.970561e+01 -3.641104e+01 4.540534e+02
    endloop
  endfacet
  facet normal -6.343933e-01 -7.730105e-01 0.000000e+00
    outer loop
      vertex   -3.970561e+01 -3.641104e+01 4.540534e+02
      vertex   -3.940254e+01 -3.665977e+01 4.611145e+02
      vertex   -3.970561e+01 -3.641104e+01 4.611145e+02
    endloop
  endfacet
  facet normal -7.730105e-01 -6.343933e-01 0.000000e+00
    outer loop
      vertex   -3.970561e+01 -3.641104e+01 4.540534e+02
      vertex   -3.970561e+01 -3.641104e+01 4.611145e+02
      vertex   -3.995434e+01 -3.610797e+01 4.540534e+02
    endloop
  endfacet
  facet normal -7.730105e-01 -6.343933e-01 0.000000e+00
    outer loop
      vertex   -3.995434e+01 -3.610797e+01 4.540534e+02
      vertex   -3.970561e+01 -3.641104e+01 4.611145e+02
      vertex   -3.995434e+01 -3.610797e+01 4.611145e+02
    endloop
  endfacet
  facet normal -8.819213e-01 -4.713967e-01 0.000000e+00
    outer loop
      vertex   -3.995434e+01 -3.610797e+01 4.540534e+02
      vertex   -3.995434e+01 -3.610797e+01 4.611145e+02
      vertex   -4.013916e+01 -3.576219e+01 4.540534e+02
    endloop
  endfacet
  facet normal -8.819213e-01 -4.713967e-01 0.000000e+00
    outer loop
      vertex   -4.013916e+01 -3.576219e+01 4.540534e+02
      vertex   -3.995434e+01 -3.610797e+01 4.611145e+02
      vertex   -4.013916e+01 -3.576219e+01 4.611145e+02
    endloop
  endfacet
  facet normal -9.569403e-01 -2.902847e-01 0.000000e+00
    outer loop
      vertex   -4.013916e+01 -3.576219e+01 4.540534e+02
      vertex   -4.013916e+01 -3.576219e+01 4.611145e+02
      vertex   -4.025297e+01 -3.538701e+01 4.540534e+02
    endloop
  endfacet
  facet normal -9.569403e-01 -2.902847e-01 0.000000e+00
    outer loop
      vertex   -4.025297e+01 -3.538701e+01 4.540534e+02
      vertex   -4.013916e+01 -3.576219e+01 4.611145e+02
      vertex   -4.025297e+01 -3.538701e+01 4.611145e+02
    endloop
  endfacet
  facet normal -9.951849e-01 -9.801540e-02 0.000000e+00
    outer loop
      vertex   -4.025297e+01 -3.538701e+01 4.540534e+02
      vertex   -4.025297e+01 -3.538701e+01 4.611145e+02
      vertex   -4.029140e+01 -3.499683e+01 4.540534e+02
    endloop
  endfacet
  facet normal -9.951847e-01 -9.801706e-02 -9.247468e-08
    outer loop
      vertex   -4.029140e+01 -3.499683e+01 4.540534e+02
      vertex   -4.025297e+01 -3.538701e+01 4.611145e+02
      vertex   -4.029140e+01 -3.499683e+01 4.611145e+02
    endloop
  endfacet
  facet normal 0.000000e+00 0.000000e+00 -1.000000e+00
    outer loop
      vertex   -3.868158e+01 -3.695840e+01 4.540534e+02
      vertex   -3.905677e+01 -3.684459e+01 4.540534e+02
      vertex   -3.829140e+01 -3.699683e+01 4.540534e+02
    endloop
  endfacet
  facet normal 0.000000e+00 0.000000e+00 -1.000000e+00
    outer loop
      vertex   -3.829140e+01 -3.699683e+01 4.540534e+02
      vertex   -3.905677e+01 -3.684459e+01 4.540534e+02
      vertex   -3.940254e+01 -3.665977e+01 4.540534e+02
    endloop
  endfacet
  facet normal 0.000000e+00 0.000000e+00 -1.000000e+00
    outer loop
      vertex   -3.829140e+01 -3.699683e+01 4.540534e+02
      vertex   -3.940254e+01 -3.665977e+01 4.540534e+02
      vertex   -3.970561e+01 -3.641104e+01 4.540534e+02
    endloop
  endfacet
  facet normal 0.000000e+00 0.000000e+00 -1.000000e+00
    outer loop
      vertex   -3.829140e+01 -3.699683e+01 4.540534e+02
      vertex   -3.970561e+01 -3.641104e+01 4.540534e+02
      vertex   -2.592181e+01 -3.699683e+01 4.540534e+02
    endloop
  endfacet
  facet normal 0.000000e+00 0.000000e+00 -1.000000e+00
    outer loop
      vertex   -2.592181e+01 -3.699683e+01 4.540534e+02
      vertex   -3.970561e+01 -3.641104e+01 4.540534e+02
      vertex   -3.995434e+01 -3.610797e+01 4.540534e+02
    endloop
  endfacet
  facet normal 0.000000e+00 0.000000e+00 -1.000000e+00
    outer loop
      vertex   -2.592181e+01 -3.699683e+01 4.540534e+02
      vertex   -3.995434e+01 -3.610797e+01 4.540534e+02
      vertex   -4.013916e+01 -3.576219e+01 4.540534e+02
    endloop
  endfacet
  facet normal 0.000000e+00 0.000000e+00 -1.000000e+00
    outer loop
      vertex   -2.592181e+01 -3.699683e+01 4.540534e+02
      vertex   -4.013916e+01 -3.576219e+01 4.540534e+02
      vertex   -2.592181e+01 -3.399657e+01 4.540534e+02
    endloop
  endfacet
  facet normal 0.000000e+00 0.000000e+00 -1.000000e+00
    outer loop
      vertex   -2.592181e+01 -3.399657e+01 4.540534e+02
      vertex   -4.013916e+01 -3.576219e+01 4.540534e+02
      vertex   -4.025297e+01 -3.538701e+01 4.540534e+02
    endloop
  endfacet
  facet normal 0.000000e+00 0.000000e+00 -1.000000e+00
    outer loop
      vertex   -2.592181e+01 -3.399657e+01 4.540534e+02
      vertex   -4.025297e+01 -3.538701e+01 4.540534e+02
      vertex   -4.029140e+01 -3.499683e+01 4.540534e+02
    endloop
  endfacet
  facet normal 0.000000e+00 0.000000e+00 -1.000000e+00
    outer loop
      vertex   -4.029140e+01 -3.499683e+01 4.540534e+02
      vertex   -4.029140e+01 -3.399657e+01 4.540534e+02
      vertex   -2.592181e+01 -3.399657e+01 4.540534e+02
    endloop
  endfacet
  facet normal -1.000000e+00 0.000000e+00 -6.823430e-08
    outer loop
      vertex   -4.029140e+01 -1.937842e+01 4.857384e+02
      vertex   -4.029140e+01 -1.288151e+01 4.857384e+02
      vertex   -4.029140e+01 -1.937842e+01 4.626145e+02
    endloop
  endfacet
  facet normal -1.000000e+00 -2.428611e-07 -4.115518e-15
    outer loop
      vertex   -4.029140e+01 -1.937842e+01 4.626145e+02
      vertex   -4.029140e+01 -1.288151e+01 4.857384e+02
      vertex   -4.029140e+01 -1.288151e+01 4.581145e+02
    endloop
  endfacet
  facet normal -1.000000e+00 -2.252799e-07 2.538295e-08
    outer loop
      vertex   -4.029140e+01 -1.937842e+01 4.626145e+02
      vertex   -4.029140e+01 -1.288151e+01 4.581145e+02
      vertex   -4.029140e+01 -1.941603e+01 4.622807e+02
    endloop
  endfacet
  facet normal -1.000000e+00 -4.608319e-07 -3.440693e-07
    outer loop
      vertex   -4.029140e+01 -1.941603e+01 4.622807e+02
      vertex   -4.029140e+01 -1.288151e+01 4.581145e+02
      vertex   -4.029140e+01 -1.488151e+01 4.561145e+02
    endloop
  endfacet
  facet normal -1.000000e+00 4.775206e-09 -1.670917e-09
    outer loop
      vertex   -4.029140e+01 -1.941603e+01 4.622807e+02
      vertex   -4.029140e+01 -1.488151e+01 4.561145e+02
      vertex   -4.029140e+01 -1.952697e+01 4.619637e+02
    endloop
  endfacet
  facet normal -1.000000e+00 3.840585e-09 -2.413199e-09
    outer loop
      vertex   -4.029140e+01 -1.952697e+01 4.619637e+02
      vertex   -4.029140e+01 -1.488151e+01 4.561145e+02
      vertex   -4.029140e+01 -1.970568e+01 4.616793e+02
    endloop
  endfacet
  facet normal -1.000000e+00 3.076014e-09 -3.076014e-09
    outer loop
      vertex   -4.029140e+01 -1.970568e+01 4.616793e+02
      vertex   -4.029140e+01 -1.488151e+01 4.561145e+02
      vertex   -4.029140e+01 -1.994319e+01 4.614418e+02
    endloop
  endfacet
  facet normal -1.000000e+00 2.360163e-09 -3.756178e-09
    outer loop
      vertex   -4.029140e+01 -1.994319e+01 4.614418e+02
      vertex   -4.029140e+01 -1.488151e+01 4.561145e+02
      vertex   -4.029140e+01 -2.022760e+01 4.612631e+02
    endloop
  endfacet
  facet normal -1.000000e+00 1.593062e-09 -4.552711e-09
    outer loop
      vertex   -4.029140e+01 -2.022760e+01 4.612631e+02
      vertex   -4.029140e+01 -1.488151e+01 4.561145e+02
      vertex   -4.029140e+01 -2.054464e+01 4.611521e+02
    endloop
  endfacet
  facet normal -1.000000e+00 -8.434286e-08 -1.011593e-07
    outer loop
      vertex   -4.029140e+01 -2.054464e+01 4.611521e+02
      vertex   -4.029140e+01 -1.488151e+01 4.561145e+02
      vertex   -4.029140e+01 -2.087842e+01 4.611145e+02
    endloop
  endfacet
  facet normal -1.000000e+00 -3.432521e-08 -4.116903e-08
    outer loop
      vertex   -4.029140e+01 -2.087842e+01 4.611145e+02
      vertex   -4.029140e+01 -1.488151e+01 4.561145e+02
      vertex   -4.029140e+01 -3.399657e+01 4.561145e+02
    endloop
  endfacet
  facet normal -1.000000e+00 -0.000000e+00 -1.312257e-07
    outer loop
      vertex   -4.029140e+01 -2.087842e+01 4.611145e+02
      vertex   -4.029140e+01 -3.399657e+01 4.561145e+02
      vertex   -4.029140e+01 -3.499683e+01 4.611145e+02
    endloop
  endfacet
  facet normal -1.000000e+00 1.914686e-07 -9.292212e-08
    outer loop
      vertex   -4.029140e+01 -3.499683e+01 4.611145e+02
      vertex   -4.029140e+01 -3.399657e+01 4.561145e+02
      vertex   -4.029140e+01 -3.499683e+01 4.540534e+02
    endloop
  endfacet
  facet normal -1.000000e+00 0.000000e+00 0.000000e+00
    outer loop
      vertex   -4.029140e+01 -3.499683e+01 4.540534e+02
      vertex   -4.029140e+01 -3.399657e+01 4.561145e+02
      vertex   -4.029140e+01 -3.399657e+01 4.540534e+02
    endloop
  endfacet
  facet normal -1.000000e+00 1.974021e-05 -5.988127e-06
    outer loop
      vertex   -4.029140e+01 -1.291994e+01 4.577243e+02
      vertex   -4.029140e+01 -1.303376e+01 4.573491e+02
      vertex   -4.029140e+01 -1.288151e+01 4.581145e+02
    endloop
  endfacet
  facet normal -1.000000e+00 6.142917e-06 -3.283457e-06
    outer loop
      vertex   -4.029140e+01 -1.288151e+01 4.581145e+02
      vertex   -4.029140e+01 -1.303376e+01 4.573491e+02
      vertex   -4.029140e+01 -1.321858e+01 4.570034e+02
    endloop
  endfacet
  facet normal -1.000000e+00 2.744898e-06 -2.252680e-06
    outer loop
      vertex   -4.029140e+01 -1.288151e+01 4.581145e+02
      vertex   -4.029140e+01 -1.321858e+01 4.570034e+02
      vertex   -4.029140e+01 -1.346730e+01 4.567003e+02
    endloop
  endfacet
  facet normal -1.000000e+00 1.387193e-06 -1.690300e-06
    outer loop
      vertex   -4.029140e+01 -1.346730e+01 4.567003e+02
      vertex   -4.029140e+01 -1.377037e+01 4.564516e+02
      vertex   -4.029140e+01 -1.288151e+01 4.581145e+02
    endloop
  endfacet
  facet normal -1.000000e+00 7.100120e-07 -1.328339e-06
    outer loop
      vertex   -4.029140e+01 -1.288151e+01 4.581145e+02
      vertex   -4.029140e+01 -1.377037e+01 4.564516e+02
      vertex   -4.029140e+01 -1.411615e+01 4.562667e+02
    endloop
  endfacet
  facet normal -1.000000e+00 3.248862e-07 -1.071006e-06
    outer loop
      vertex   -4.029140e+01 -1.288151e+01 4.581145e+02
      vertex   -4.029140e+01 -1.411615e+01 4.562667e+02
      vertex   -4.029140e+01 -1.449133e+01 4.561529e+02
    endloop
  endfacet
  facet normal -1.000000e+00 -2.912810e-09 -8.019885e-07
    outer loop
      vertex   -4.029140e+01 -1.449133e+01 4.561529e+02
      vertex   -4.029140e+01 -1.488151e+01 4.561145e+02
      vertex   -4.029140e+01 -1.288151e+01 4.581145e+02
    endloop
  endfacet
  facet normal -1.000000e+00 0.000000e+00 0.000000e+00
    outer loop
      vertex   -2.473835e+01 -3.699683e+01 4.559195e+02
      vertex   -2.473835e+01 -3.459657e+01 4.560534e+02
      vertex   -2.473835e+01 -3.399657e+01 4.559195e+02
    endloop
  endfacet
  facet normal -1.000000e+00 0.000000e+00 0.000000e+00
    outer loop
      vertex   -2.473835e+01 -3.399657e+01 4.559195e+02
      vertex   -2.473835e+01 -3.459657e+01 4.560534e+02
      vertex   -2.473835e+01 -3.444128e+01 4.560739e+02
    endloop
  endfacet
  facet normal -1.000000e+00 0.000000e+00 0.000000e+00
    outer loop
      vertex   -2.473835e+01 -3.399657e+01 4.559195e+02
      vertex   -2.473835e+01 -3.444128e+01 4.560739e+02
      vertex   -2.473835e+01 -3.429657e+01 4.561338e+02
    endloop
  endfacet
  facet normal -1.000000e+00 0.000000e+00 -0.000000e+00
    outer loop
      vertex   -2.473835e+01 -3.699683e+01 4.566534e+02
      vertex   -2.473835e+01 -3.697638e+01 4.564982e+02
      vertex   -2.473835e+01 -3.699683e+01 4.559195e+02
    endloop
  endfacet
  facet normal -1.000000e+00 0.000000e+00 0.000000e+00
    outer loop
      vertex   -2.473835e+01 -3.699683e+01 4.559195e+02
      vertex   -2.473835e+01 -3.697638e+01 4.564982e+02
      vertex   -2.473835e+01 -3.691644e+01 4.563534e+02
    endloop
  endfacet
  facet normal -1.000000e+00 0.000000e+00 0.000000e+00
    outer loop
      vertex   -2.473835e+01 -3.699683e+01 4.559195e+02
      vertex   -2.473835e+01 -3.691644e+01 4.563534e+02
      vertex   -2.473835e+01 -3.682109e+01 4.562292e+02
    endloop
  endfacet
  facet normal -1.000000e+00 0.000000e+00 -0.000000e+00
    outer loop
      vertex   -2.473835e+01 -3.682109e+01 4.562292e+02
      vertex   -2.473835e+01 -3.669683e+01 4.561338e+02
      vertex   -2.473835e+01 -3.699683e+01 4.559195e+02
    endloop
  endfacet
  facet normal -1.000000e+00 0.000000e+00 0.000000e+00
    outer loop
      vertex   -2.473835e+01 -3.699683e+01 4.559195e+02
      vertex   -2.473835e+01 -3.669683e+01 4.561338e+02
      vertex   -2.473835e+01 -3.655212e+01 4.560739e+02
    endloop
  endfacet
  facet normal -1.000000e+00 0.000000e+00 0.000000e+00
    outer loop
      vertex   -2.473835e+01 -3.699683e+01 4.559195e+02
      vertex   -2.473835e+01 -3.655212e+01 4.560739e+02
      vertex   -2.473835e+01 -3.639683e+01 4.560534e+02
    endloop
  endfacet
  facet normal -1.000000e+00 0.000000e+00 -0.000000e+00
    outer loop
      vertex   -2.473835e+01 -3.639683e+01 4.560534e+02
      vertex   -2.473835e+01 -3.459657e+01 4.560534e+02
      vertex   -2.473835e+01 -3.699683e+01 4.559195e+02
    endloop
  endfacet
  facet normal -1.000000e+00 0.000000e+00 0.000000e+00
    outer loop
      vertex   -2.473835e+01 -3.429657e+01 4.561338e+02
      vertex   -2.473835e+01 -3.417231e+01 4.562292e+02
      vertex   -2.473835e+01 -3.399657e+01 4.559195e+02
    endloop
  endfacet
  facet normal -1.000000e+00 0.000000e+00 0.000000e+00
    outer loop
      vertex   -2.473835e+01 -3.399657e+01 4.559195e+02
      vertex   -2.473835e+01 -3.417231e+01 4.562292e+02
      vertex   -2.473835e+01 -3.407695e+01 4.563534e+02
    endloop
  endfacet
  facet normal -1.000000e+00 0.000000e+00 0.000000e+00
    outer loop
      vertex   -2.473835e+01 -3.399657e+01 4.559195e+02
      vertex   -2.473835e+01 -3.407695e+01 4.563534e+02
      vertex   -2.473835e+01 -3.401701e+01 4.564982e+02
    endloop
  endfacet
  facet normal -1.000000e+00 0.000000e+00 0.000000e+00
    outer loop
      vertex   -2.473835e+01 -3.401701e+01 4.564982e+02
      vertex   -2.473835e+01 -3.399657e+01 4.566534e+02
      vertex   -2.473835e+01 -3.399657e+01 4.559195e+02
    endloop
  endfacet
  facet normal 1.000000e+00 0.000000e+00 0.000000e+00
    outer loop
      vertex   -2.592181e+01 -3.699683e+01 4.566534e+02
      vertex   -2.592181e+01 -3.699683e+01 4.540534e+02
      vertex   -2.592181e+01 -3.697638e+01 4.564982e+02
    endloop
  endfacet
  facet normal 1.000000e+00 0.000000e+00 0.000000e+00
    outer loop
      vertex   -2.592181e+01 -3.697638e+01 4.564982e+02
      vertex   -2.592181e+01 -3.699683e+01 4.540534e+02
      vertex   -2.592181e+01 -3.691644e+01 4.563534e+02
    endloop
  endfacet
  facet normal 1.000000e+00 0.000000e+00 0.000000e+00
    outer loop
      vertex   -2.592181e+01 -3.691644e+01 4.563534e+02
      vertex   -2.592181e+01 -3.699683e+01 4.540534e+02
      vertex   -2.592181e+01 -3.682109e+01 4.562292e+02
    endloop
  endfacet
  facet normal 1.000000e+00 0.000000e+00 0.000000e+00
    outer loop
      vertex   -2.592181e+01 -3.682109e+01 4.562292e+02
      vertex   -2.592181e+01 -3.699683e+01 4.540534e+02
      vertex   -2.592181e+01 -3.669683e+01 4.561338e+02
    endloop
  endfacet
  facet normal 1.000000e+00 0.000000e+00 0.000000e+00
    outer loop
      vertex   -2.592181e+01 -3.669683e+01 4.561338e+02
      vertex   -2.592181e+01 -3.699683e+01 4.540534e+02
      vertex   -2.592181e+01 -3.655212e+01 4.560739e+02
    endloop
  endfacet
  facet normal 1.000000e+00 0.000000e+00 0.000000e+00
    outer loop
      vertex   -2.592181e+01 -3.655212e+01 4.560739e+02
      vertex   -2.592181e+01 -3.699683e+01 4.540534e+02
      vertex   -2.592181e+01 -3.639683e+01 4.560534e+02
    endloop
  endfacet
  facet normal 1.000000e+00 0.000000e+00 0.000000e+00
    outer loop
      vertex   -2.592181e+01 -3.639683e+01 4.560534e+02
      vertex   -2.592181e+01 -3.699683e+01 4.540534e+02
      vertex   -2.592181e+01 -3.399657e+01 4.540534e+02
    endloop
  endfacet
  facet normal 1.000000e+00 -0.000000e+00 0.000000e+00
    outer loop
      vertex   -2.592181e+01 -3.639683e+01 4.560534e+02
      vertex   -2.592181e+01 -3.399657e+01 4.540534e+02
      vertex   -2.592181e+01 -3.459657e+01 4.560534e+02
    endloop
  endfacet
  facet normal 1.000000e+00 -0.000000e+00 0.000000e+00
    outer loop
      vertex   -2.592181e+01 -3.459657e+01 4.560534e+02
      vertex   -2.592181e+01 -3.399657e+01 4.540534e+02
      vertex   -2.592181e+01 -3.444128e+01 4.560739e+02
    endloop
  endfacet
  facet normal 1.000000e+00 -0.000000e+00 0.000000e+00
    outer loop
      vertex   -2.592181e+01 -3.444128e+01 4.560739e+02
      vertex   -2.592181e+01 -3.399657e+01 4.540534e+02
      vertex   -2.592181e+01 -3.429657e+01 4.561338e+02
    endloop
  endfacet
  facet normal 1.000000e+00 -0.000000e+00 0.000000e+00
    outer loop
      vertex   -2.592181e+01 -3.429657e+01 4.561338e+02
      vertex   -2.592181e+01 -3.399657e+01 4.540534e+02
      vertex   -2.592181e+01 -3.417231e+01 4.562292e+02
    endloop
  endfacet
  facet normal 1.000000e+00 -0.000000e+00 0.000000e+00
    outer loop
      vertex   -2.592181e+01 -3.417231e+01 4.562292e+02
      vertex   -2.592181e+01 -3.399657e+01 4.540534e+02
      vertex   -2.592181e+01 -3.407695e+01 4.563534e+02
    endloop
  endfacet
  facet normal 1.000000e+00 -0.000000e+00 0.000000e+00
    outer loop
      vertex   -2.592181e+01 -3.407695e+01 4.563534e+02
      vertex   -2.592181e+01 -3.399657e+01 4.540534e+02
      vertex   -2.592181e+01 -3.401701e+01 4.564982e+02
    endloop
  endfacet
  facet normal 1.000000e+00 -0.000000e+00 0.000000e+00
    outer loop
      vertex   -2.592181e+01 -3.401701e+01 4.564982e+02
      vertex   -2.592181e+01 -3.399657e+01 4.540534e+02
      vertex   -2.592181e+01 -3.399657e+01 4.566534e+02
    endloop
  endfacet
  facet normal 0.000000e+00 0.000000e+00 -1.000000e+00
    outer loop
      vertex   -2.851063e+01 -2.860742e+01 4.561145e+02
      vertex   -2.847163e+01 -2.800000e+01 4.561145e+02
      vertex   -2.683479e+01 -3.399657e+01 4.561145e+02
    endloop
  endfacet
  facet normal 0.000000e+00 0.000000e+00 -1.000000e+00
    outer loop
      vertex   -2.683479e+01 -3.399657e+01 4.561145e+02
      vertex   -2.847163e+01 -2.800000e+01 4.561145e+02
      vertex   -2.851063e+01 -2.739258e+01 4.561145e+02
    endloop
  endfacet
  facet normal 0.000000e+00 0.000000e+00 -1.000000e+00
    outer loop
      vertex   -2.683479e+01 -3.399657e+01 4.561145e+02
      vertex   -2.851063e+01 -2.739258e+01 4.561145e+02
      vertex   -2.683479e+01 -1.488151e+01 4.561145e+02
    endloop
  endfacet
  facet normal 0.000000e+00 0.000000e+00 -1.000000e+00
    outer loop
      vertex   -2.683479e+01 -1.488151e+01 4.561145e+02
      vertex   -2.851063e+01 -2.739258e+01 4.561145e+02
      vertex   -2.862698e+01 -2.679514e+01 4.561145e+02
    endloop
  endfacet
  facet normal 0.000000e+00 0.000000e+00 -1.000000e+00
    outer loop
      vertex   -2.683479e+01 -1.488151e+01 4.561145e+02
      vertex   -2.862698e+01 -2.679514e+01 4.561145e+02
      vertex   -2.881878e+01 -2.621748e+01 4.561145e+02
    endloop
  endfacet
  facet normal 0.000000e+00 0.000000e+00 -1.000000e+00
    outer loop
      vertex   -2.881878e+01 -2.621748e+01 4.561145e+02
      vertex   -2.908287e+01 -2.566909e+01 4.561145e+02
      vertex   -2.683479e+01 -1.488151e+01 4.561145e+02
    endloop
  endfacet
  facet normal 0.000000e+00 0.000000e+00 -1.000000e+00
    outer loop
      vertex   -2.683479e+01 -1.488151e+01 4.561145e+02
      vertex   -2.908287e+01 -2.566909e+01 4.561145e+02
      vertex   -2.941492e+01 -2.515897e+01 4.561145e+02
    endloop
  endfacet
  facet normal 0.000000e+00 0.000000e+00 -1.000000e+00
    outer loop
      vertex   -2.683479e+01 -1.488151e+01 4.561145e+02
      vertex   -2.941492e+01 -2.515897e+01 4.561145e+02
      vertex   -2.980948e+01 -2.469551e+01 4.561145e+02
    endloop
  endfacet
  facet normal 0.000000e+00 0.000000e+00 -1.000000e+00
    outer loop
      vertex   -2.980948e+01 -2.469551e+01 4.561145e+02
      vertex   -3.026006e+01 -2.428630e+01 4.561145e+02
      vertex   -2.683479e+01 -1.488151e+01 4.561145e+02
    endloop
  endfacet
  facet normal 0.000000e+00 0.000000e+00 -1.000000e+00
    outer loop
      vertex   -2.683479e+01 -1.488151e+01 4.561145e+02
      vertex   -3.026006e+01 -2.428630e+01 4.561145e+02
      vertex   -3.075927e+01 -2.393807e+01 4.561145e+02
    endloop
  endfacet
  facet normal 0.000000e+00 0.000000e+00 -1.000000e+00
    outer loop
      vertex   -2.683479e+01 -1.488151e+01 4.561145e+02
      vertex   -3.075927e+01 -2.393807e+01 4.561145e+02
      vertex   -3.129891e+01 -2.365654e+01 4.561145e+02
    endloop
  endfacet
  facet normal 0.000000e+00 0.000000e+00 -1.000000e+00
    outer loop
      vertex   -3.129891e+01 -2.365654e+01 4.561145e+02
      vertex   -3.187013e+01 -2.344633e+01 4.561145e+02
      vertex   -2.683479e+01 -1.488151e+01 4.561145e+02
    endloop
  endfacet
  facet normal 0.000000e+00 0.000000e+00 -1.000000e+00
    outer loop
      vertex   -2.683479e+01 -1.488151e+01 4.561145e+02
      vertex   -3.187013e+01 -2.344633e+01 4.561145e+02
      vertex   -3.246354e+01 -2.331089e+01 4.561145e+02
    endloop
  endfacet
  facet normal 0.000000e+00 0.000000e+00 -1.000000e+00
    outer loop
      vertex   -2.683479e+01 -1.488151e+01 4.561145e+02
      vertex   -3.246354e+01 -2.331089e+01 4.561145e+02
      vertex   -3.306939e+01 -2.325244e+01 4.561145e+02
    endloop
  endfacet
  facet normal -0.000000e+00 0.000000e+00 -1.000000e+00
    outer loop
      vertex   -3.306939e+01 -2.325244e+01 4.561145e+02
      vertex   -3.367774e+01 -2.327195e+01 4.561145e+02
      vertex   -2.683479e+01 -1.488151e+01 4.561145e+02
    endloop
  endfacet
  facet normal 0.000000e+00 0.000000e+00 -1.000000e+00
    outer loop
      vertex   -2.683479e+01 -1.488151e+01 4.561145e+02
      vertex   -3.367774e+01 -2.327195e+01 4.561145e+02
      vertex   -4.029140e+01 -1.488151e+01 4.561145e+02
    endloop
  endfacet
  facet normal 0.000000e+00 0.000000e+00 -1.000000e+00
    outer loop
      vertex   -4.029140e+01 -1.488151e+01 4.561145e+02
      vertex   -3.367774e+01 -2.327195e+01 4.561145e+02
      vertex   -3.427861e+01 -2.336909e+01 4.561145e+02
    endloop
  endfacet
  facet normal 0.000000e+00 0.000000e+00 -1.000000e+00
    outer loop
      vertex   -4.029140e+01 -1.488151e+01 4.561145e+02
      vertex   -3.427861e+01 -2.336909e+01 4.561145e+02
      vertex   -3.486212e+01 -2.354227e+01 4.561145e+02
    endloop
  endfacet
  facet normal -0.000000e+00 0.000000e+00 -1.000000e+00
    outer loop
      vertex   -3.486212e+01 -2.354227e+01 4.561145e+02
      vertex   -3.541869e+01 -2.378865e+01 4.561145e+02
      vertex   -4.029140e+01 -1.488151e+01 4.561145e+02
    endloop
  endfacet
  facet normal 0.000000e+00 0.000000e+00 -1.000000e+00
    outer loop
      vertex   -4.029140e+01 -1.488151e+01 4.561145e+02
      vertex   -3.541869e+01 -2.378865e+01 4.561145e+02
      vertex   -3.593919e+01 -2.410418e+01 4.561145e+02
    endloop
  endfacet
  facet normal 0.000000e+00 0.000000e+00 -1.000000e+00
    outer loop
      vertex   -4.029140e+01 -1.488151e+01 4.561145e+02
      vertex   -3.593919e+01 -2.410418e+01 4.561145e+02
      vertex   -3.641506e+01 -2.448368e+01 4.561145e+02
    endloop
  endfacet
  facet normal -0.000000e+00 0.000000e+00 -1.000000e+00
    outer loop
      vertex   -3.641506e+01 -2.448368e+01 4.561145e+02
      vertex   -3.683850e+01 -2.492092e+01 4.561145e+02
      vertex   -4.029140e+01 -1.488151e+01 4.561145e+02
    endloop
  endfacet
  facet normal 0.000000e+00 0.000000e+00 -1.000000e+00
    outer loop
      vertex   -4.029140e+01 -1.488151e+01 4.561145e+02
      vertex   -3.683850e+01 -2.492092e+01 4.561145e+02
      vertex   -3.720255e+01 -2.540871e+01 4.561145e+02
    endloop
  endfacet
  facet normal 0.000000e+00 0.000000e+00 -1.000000e+00
    outer loop
      vertex   -4.029140e+01 -1.488151e+01 4.561145e+02
      vertex   -3.720255e+01 -2.540871e+01 4.561145e+02
      vertex   -3.750124e+01 -2.593905e+01 4.561145e+02
    endloop
  endfacet
  facet normal -0.000000e+00 0.000000e+00 -1.000000e+00
    outer loop
      vertex   -3.750124e+01 -2.593905e+01 4.561145e+02
      vertex   -3.772965e+01 -2.650324e+01 4.561145e+02
      vertex   -4.029140e+01 -1.488151e+01 4.561145e+02
    endloop
  endfacet
  facet normal 0.000000e+00 0.000000e+00 -1.000000e+00
    outer loop
      vertex   -4.029140e+01 -1.488151e+01 4.561145e+02
      vertex   -3.772965e+01 -2.650324e+01 4.561145e+02
      vertex   -3.788404e+01 -2.709200e+01 4.561145e+02
    endloop
  endfacet
  facet normal 0.000000e+00 0.000000e+00 -1.000000e+00
    outer loop
      vertex   -4.029140e+01 -1.488151e+01 4.561145e+02
      vertex   -3.788404e+01 -2.709200e+01 4.561145e+02
      vertex   -4.029140e+01 -3.399657e+01 4.561145e+02
    endloop
  endfacet
  facet normal 0.000000e+00 0.000000e+00 -1.000000e+00
    outer loop
      vertex   -4.029140e+01 -3.399657e+01 4.561145e+02
      vertex   -3.788404e+01 -2.709200e+01 4.561145e+02
      vertex   -3.796188e+01 -2.769567e+01 4.561145e+02
    endloop
  endfacet
  facet normal 0.000000e+00 0.000000e+00 -1.000000e+00
    outer loop
      vertex   -4.029140e+01 -3.399657e+01 4.561145e+02
      vertex   -3.796188e+01 -2.769567e+01 4.561145e+02
      vertex   -3.796188e+01 -2.830433e+01 4.561145e+02
    endloop
  endfacet
  facet normal 0.000000e+00 -0.000000e+00 -1.000000e+00
    outer loop
      vertex   -3.796188e+01 -2.830433e+01 4.561145e+02
      vertex   -3.788404e+01 -2.890800e+01 4.561145e+02
      vertex   -4.029140e+01 -3.399657e+01 4.561145e+02
    endloop
  endfacet
  facet normal 0.000000e+00 0.000000e+00 -1.000000e+00
    outer loop
      vertex   -4.029140e+01 -3.399657e+01 4.561145e+02
      vertex   -3.788404e+01 -2.890800e+01 4.561145e+02
      vertex   -3.772965e+01 -2.949676e+01 4.561145e+02
    endloop
  endfacet
  facet normal 0.000000e+00 0.000000e+00 -1.000000e+00
    outer loop
      vertex   -4.029140e+01 -3.399657e+01 4.561145e+02
      vertex   -3.772965e+01 -2.949676e+01 4.561145e+02
      vertex   -3.750124e+01 -3.006095e+01 4.561145e+02
    endloop
  endfacet
  facet normal 0.000000e+00 -0.000000e+00 -1.000000e+00
    outer loop
      vertex   -3.750124e+01 -3.006095e+01 4.561145e+02
      vertex   -3.720255e+01 -3.059129e+01 4.561145e+02
      vertex   -4.029140e+01 -3.399657e+01 4.561145e+02
    endloop
  endfacet
  facet normal 0.000000e+00 0.000000e+00 -1.000000e+00
    outer loop
      vertex   -4.029140e+01 -3.399657e+01 4.561145e+02
      vertex   -3.720255e+01 -3.059129e+01 4.561145e+02
      vertex   -3.683850e+01 -3.107908e+01 4.561145e+02
    endloop
  endfacet
  facet normal 0.000000e+00 0.000000e+00 -1.000000e+00
    outer loop
      vertex   -4.029140e+01 -3.399657e+01 4.561145e+02
      vertex   -3.683850e+01 -3.107908e+01 4.561145e+02
      vertex   -3.641506e+01 -3.151632e+01 4.561145e+02
    endloop
  endfacet
  facet normal 0.000000e+00 -0.000000e+00 -1.000000e+00
    outer loop
      vertex   -3.641506e+01 -3.151632e+01 4.561145e+02
      vertex   -3.593919e+01 -3.189582e+01 4.561145e+02
      vertex   -4.029140e+01 -3.399657e+01 4.561145e+02
    endloop
  endfacet
  facet normal 0.000000e+00 0.000000e+00 -1.000000e+00
    outer loop
      vertex   -4.029140e+01 -3.399657e+01 4.561145e+02
      vertex   -3.593919e+01 -3.189582e+01 4.561145e+02
      vertex   -3.541869e+01 -3.221135e+01 4.561145e+02
    endloop
  endfacet
  facet normal 0.000000e+00 0.000000e+00 -1.000000e+00
    outer loop
      vertex   -4.029140e+01 -3.399657e+01 4.561145e+02
      vertex   -3.541869e+01 -3.221135e+01 4.561145e+02
      vertex   -3.486212e+01 -3.245773e+01 4.561145e+02
    endloop
  endfacet
  facet normal 0.000000e+00 -0.000000e+00 -1.000000e+00
    outer loop
      vertex   -3.486212e+01 -3.245773e+01 4.561145e+02
      vertex   -3.427861e+01 -3.263091e+01 4.561145e+02
      vertex   -4.029140e+01 -3.399657e+01 4.561145e+02
    endloop
  endfacet
  facet normal 0.000000e+00 0.000000e+00 -1.000000e+00
    outer loop
      vertex   -4.029140e+01 -3.399657e+01 4.561145e+02
      vertex   -3.427861e+01 -3.263091e+01 4.561145e+02
      vertex   -3.367774e+01 -3.272805e+01 4.561145e+02
    endloop
  endfacet
  facet normal 0.000000e+00 0.000000e+00 -1.000000e+00
    outer loop
      vertex   -4.029140e+01 -3.399657e+01 4.561145e+02
      vertex   -3.367774e+01 -3.272805e+01 4.561145e+02
      vertex   -3.306939e+01 -3.274756e+01 4.561145e+02
    endloop
  endfacet
  facet normal 0.000000e+00 0.000000e+00 -1.000000e+00
    outer loop
      vertex   -4.029140e+01 -3.399657e+01 4.561145e+02
      vertex   -3.306939e+01 -3.274756e+01 4.561145e+02
      vertex   -2.683479e+01 -3.399657e+01 4.561145e+02
    endloop
  endfacet
  facet normal 0.000000e+00 0.000000e+00 -1.000000e+00
    outer loop
      vertex   -2.683479e+01 -3.399657e+01 4.561145e+02
      vertex   -3.306939e+01 -3.274756e+01 4.561145e+02
      vertex   -3.246354e+01 -3.268911e+01 4.561145e+02
    endloop
  endfacet
  facet normal 0.000000e+00 0.000000e+00 -1.000000e+00
    outer loop
      vertex   -2.683479e+01 -3.399657e+01 4.561145e+02
      vertex   -3.246354e+01 -3.268911e+01 4.561145e+02
      vertex   -3.187013e+01 -3.255367e+01 4.561145e+02
    endloop
  endfacet
  facet normal 0.000000e+00 0.000000e+00 -1.000000e+00
    outer loop
      vertex   -3.187013e+01 -3.255367e+01 4.561145e+02
      vertex   -3.129891e+01 -3.234346e+01 4.561145e+02
      vertex   -2.683479e+01 -3.399657e+01 4.561145e+02
    endloop
  endfacet
  facet normal 0.000000e+00 0.000000e+00 -1.000000e+00
    outer loop
      vertex   -2.683479e+01 -3.399657e+01 4.561145e+02
      vertex   -3.129891e+01 -3.234346e+01 4.561145e+02
      vertex   -3.075927e+01 -3.206193e+01 4.561145e+02
    endloop
  endfacet
  facet normal 0.000000e+00 0.000000e+00 -1.000000e+00
    outer loop
      vertex   -2.683479e+01 -3.399657e+01 4.561145e+02
      vertex   -3.075927e+01 -3.206193e+01 4.561145e+02
      vertex   -3.026006e+01 -3.171370e+01 4.561145e+02
    endloop
  endfacet
  facet normal 0.000000e+00 0.000000e+00 -1.000000e+00
    outer loop
      vertex   -3.026006e+01 -3.171370e+01 4.561145e+02
      vertex   -2.980948e+01 -3.130449e+01 4.561145e+02
      vertex   -2.683479e+01 -3.399657e+01 4.561145e+02
    endloop
  endfacet
  facet normal 0.000000e+00 0.000000e+00 -1.000000e+00
    outer loop
      vertex   -2.683479e+01 -3.399657e+01 4.561145e+02
      vertex   -2.980948e+01 -3.130449e+01 4.561145e+02
      vertex   -2.941492e+01 -3.084103e+01 4.561145e+02
    endloop
  endfacet
  facet normal 0.000000e+00 0.000000e+00 -1.000000e+00
    outer loop
      vertex   -2.683479e+01 -3.399657e+01 4.561145e+02
      vertex   -2.941492e+01 -3.084103e+01 4.561145e+02
      vertex   -2.908287e+01 -3.033091e+01 4.561145e+02
    endloop
  endfacet
  facet normal 0.000000e+00 0.000000e+00 -1.000000e+00
    outer loop
      vertex   -2.908287e+01 -3.033091e+01 4.561145e+02
      vertex   -2.881878e+01 -2.978252e+01 4.561145e+02
      vertex   -2.683479e+01 -3.399657e+01 4.561145e+02
    endloop
  endfacet
  facet normal 0.000000e+00 0.000000e+00 -1.000000e+00
    outer loop
      vertex   -2.683479e+01 -3.399657e+01 4.561145e+02
      vertex   -2.881878e+01 -2.978252e+01 4.561145e+02
      vertex   -2.862698e+01 -2.920486e+01 4.561145e+02
    endloop
  endfacet
  facet normal 0.000000e+00 0.000000e+00 -1.000000e+00
    outer loop
      vertex   -2.683479e+01 -3.399657e+01 4.561145e+02
      vertex   -2.862698e+01 -2.920486e+01 4.561145e+02
      vertex   -2.851063e+01 -2.860742e+01 4.561145e+02
    endloop
  endfacet
  facet normal -2.587776e-17 9.801714e-02 -9.951847e-01
    outer loop
      vertex   -2.683479e+01 -1.488151e+01 4.561145e+02
      vertex   -4.029140e+01 -1.488151e+01 4.561145e+02
      vertex   -3.356310e+01 -1.449133e+01 4.561529e+02
    endloop
  endfacet
  facet normal -5.175553e-17 9.801714e-02 -9.951847e-01
    outer loop
      vertex   -3.356310e+01 -1.449133e+01 4.561529e+02
      vertex   -4.029140e+01 -1.488151e+01 4.561145e+02
      vertex   -4.029140e+01 -1.449133e+01 4.561529e+02
    endloop
  endfacet
  facet normal -1.532776e-16 2.902847e-01 -9.569403e-01
    outer loop
      vertex   -3.356310e+01 -1.449133e+01 4.561529e+02
      vertex   -4.029140e+01 -1.449133e+01 4.561529e+02
      vertex   -3.356310e+01 -1.411615e+01 4.562667e+02
    endloop
  endfacet
  facet normal -8.851007e-15 2.902847e-01 -9.569403e-01
    outer loop
      vertex   -3.356310e+01 -1.411615e+01 4.562667e+02
      vertex   -4.029140e+01 -1.449133e+01 4.561529e+02
      vertex   -4.029140e+01 -1.411615e+01 4.562667e+02
    endloop
  endfacet
  facet normal -8.695374e-15 4.713967e-01 -8.819213e-01
    outer loop
      vertex   -3.356310e+01 -1.411615e+01 4.562667e+02
      vertex   -4.029140e+01 -1.411615e+01 4.562667e+02
      vertex   -3.356310e+01 -1.377037e+01 4.564516e+02
    endloop
  endfacet
  facet normal -1.742366e-15 4.713967e-01 -8.819213e-01
    outer loop
      vertex   -3.356310e+01 -1.377037e+01 4.564516e+02
      vertex   -4.029140e+01 -1.411615e+01 4.562667e+02
      vertex   -4.029140e+01 -1.377037e+01 4.564516e+02
    endloop
  endfacet
  facet normal -2.344830e-15 6.343933e-01 -7.730105e-01
    outer loop
      vertex   -3.356310e+01 -1.377037e+01 4.564516e+02
      vertex   -4.029140e+01 -1.377037e+01 4.564516e+02
      vertex   -3.356310e+01 -1.346730e+01 4.567003e+02
    endloop
  endfacet
  facet normal -5.024635e-16 6.343933e-01 -7.730105e-01
    outer loop
      vertex   -3.356310e+01 -1.346730e+01 4.567003e+02
      vertex   -4.029140e+01 -1.377037e+01 4.564516e+02
      vertex   -4.029140e+01 -1.346730e+01 4.567003e+02
    endloop
  endfacet
  facet normal -6.122536e-16 7.730105e-01 -6.343933e-01
    outer loop
      vertex   -3.356310e+01 -1.346730e+01 4.567003e+02
      vertex   -4.029140e+01 -1.346730e+01 4.567003e+02
      vertex   -3.356310e+01 -1.321858e+01 4.570034e+02
    endloop
  endfacet
  facet normal -2.653099e-15 7.730105e-01 -6.343933e-01
    outer loop
      vertex   -3.356310e+01 -1.321858e+01 4.570034e+02
      vertex   -4.029140e+01 -1.346730e+01 4.567003e+02
      vertex   -4.029140e+01 -1.321858e+01 4.570034e+02
    endloop
  endfacet
  facet normal -3.026899e-15 8.819213e-01 -4.713967e-01
    outer loop
      vertex   -3.356310e+01 -1.321858e+01 4.570034e+02
      vertex   -4.029140e+01 -1.321858e+01 4.570034e+02
      vertex   -3.356310e+01 -1.303376e+01 4.573491e+02
    endloop
  endfacet
  facet normal -1.164192e-15 8.819213e-01 -4.713967e-01
    outer loop
      vertex   -3.356310e+01 -1.303376e+01 4.573491e+02
      vertex   -4.029140e+01 -1.321858e+01 4.570034e+02
      vertex   -4.029140e+01 -1.303376e+01 4.573491e+02
    endloop
  endfacet
  facet normal -1.263222e-15 9.569403e-01 -2.902847e-01
    outer loop
      vertex   -3.356310e+01 -1.303376e+01 4.573491e+02
      vertex   -4.029140e+01 -1.303376e+01 4.573491e+02
      vertex   -3.356310e+01 -1.291994e+01 4.577243e+02
    endloop
  endfacet
  facet normal -1.263222e-15 9.569403e-01 -2.902847e-01
    outer loop
      vertex   -3.356310e+01 -1.291994e+01 4.577243e+02
      vertex   -4.029140e+01 -1.303376e+01 4.573491e+02
      vertex   -4.029140e+01 -1.291994e+01 4.577243e+02
    endloop
  endfacet
  facet normal -1.313707e-15 9.951847e-01 -9.801714e-02
    outer loop
      vertex   -3.356310e+01 -1.291994e+01 4.577243e+02
      vertex   -4.029140e+01 -1.291994e+01 4.577243e+02
      vertex   -4.029140e+01 -1.288151e+01 4.581145e+02
    endloop
  endfacet
  facet normal 0.000000e+00 9.951847e-01 -9.801714e-02
    outer loop
      vertex   -4.029140e+01 -1.288151e+01 4.581145e+02
      vertex   -2.683479e+01 -1.288151e+01 4.581145e+02
      vertex   -3.356310e+01 -1.291994e+01 4.577243e+02
    endloop
  endfacet
  facet normal 1.050965e-15 9.951847e-01 -9.801714e-02
    outer loop
      vertex   -3.356310e+01 -1.291994e+01 4.577243e+02
      vertex   -2.683479e+01 -1.288151e+01 4.581145e+02
      vertex   -2.683479e+01 -1.291994e+01 4.577243e+02
    endloop
  endfacet
  facet normal 1.010577e-15 9.569403e-01 -2.902847e-01
    outer loop
      vertex   -3.356310e+01 -1.291994e+01 4.577243e+02
      vertex   -2.683479e+01 -1.291994e+01 4.577243e+02
      vertex   -3.356310e+01 -1.303376e+01 4.573491e+02
    endloop
  endfacet
  facet normal 3.715663e-15 9.569403e-01 -2.902847e-01
    outer loop
      vertex   -3.356310e+01 -1.303376e+01 4.573491e+02
      vertex   -2.683479e+01 -1.291994e+01 4.577243e+02
      vertex   -2.683479e+01 -1.303376e+01 4.573491e+02
    endloop
  endfacet
  facet normal 5.146741e-15 8.819213e-01 -4.713967e-01
    outer loop
      vertex   -3.356310e+01 -1.303376e+01 4.573491e+02
      vertex   -2.683479e+01 -1.303376e+01 4.573491e+02
      vertex   -3.356310e+01 -1.321858e+01 4.570034e+02
    endloop
  endfacet
  facet normal 2.794060e-15 8.819213e-01 -4.713967e-01
    outer loop
      vertex   -3.356310e+01 -1.321858e+01 4.570034e+02
      vertex   -2.683479e+01 -1.303376e+01 4.573491e+02
      vertex   -2.683479e+01 -1.321858e+01 4.570034e+02
    endloop
  endfacet
  facet normal 2.449014e-15 7.730105e-01 -6.343933e-01
    outer loop
      vertex   -3.356310e+01 -1.321858e+01 4.570034e+02
      vertex   -2.683479e+01 -1.321858e+01 4.570034e+02
      vertex   -3.356310e+01 -1.346730e+01 4.567003e+02
    endloop
  endfacet
  facet normal 2.040845e-16 7.730105e-01 -6.343933e-01
    outer loop
      vertex   -3.356310e+01 -1.346730e+01 4.567003e+02
      vertex   -2.683479e+01 -1.321858e+01 4.570034e+02
      vertex   -2.683479e+01 -1.346730e+01 4.567003e+02
    endloop
  endfacet
  facet normal 1.674878e-16 6.343933e-01 -7.730105e-01
    outer loop
      vertex   -3.356310e+01 -1.346730e+01 4.567003e+02
      vertex   -2.683479e+01 -1.346730e+01 4.567003e+02
      vertex   -3.356310e+01 -1.377037e+01 4.564516e+02
    endloop
  endfacet
  facet normal 2.009854e-15 6.343933e-01 -7.730105e-01
    outer loop
      vertex   -3.356310e+01 -1.377037e+01 4.564516e+02
      vertex   -2.683479e+01 -1.346730e+01 4.567003e+02
      vertex   -2.683479e+01 -1.377037e+01 4.564516e+02
    endloop
  endfacet
  facet normal 1.493456e-15 4.713967e-01 -8.819213e-01
    outer loop
      vertex   -3.356310e+01 -1.377037e+01 4.564516e+02
      vertex   -2.683479e+01 -1.377037e+01 4.564516e+02
      vertex   -3.356310e+01 -1.411615e+01 4.562667e+02
    endloop
  endfacet
  facet normal 8.446463e-15 4.713967e-01 -8.819213e-01
    outer loop
      vertex   -3.356310e+01 -1.411615e+01 4.562667e+02
      vertex   -2.683479e+01 -1.377037e+01 4.564516e+02
      vertex   -2.683479e+01 -1.411615e+01 4.562667e+02
    endloop
  endfacet
  facet normal 8.697727e-15 2.902847e-01 -9.569403e-01
    outer loop
      vertex   -3.356310e+01 -1.411615e+01 4.562667e+02
      vertex   -2.683479e+01 -1.411615e+01 4.562667e+02
      vertex   -3.356310e+01 -1.449133e+01 4.561529e+02
    endloop
  endfacet
  facet normal 7.663880e-17 2.902847e-01 -9.569403e-01
    outer loop
      vertex   -3.356310e+01 -1.449133e+01 4.561529e+02
      vertex   -2.683479e+01 -1.411615e+01 4.562667e+02
      vertex   -2.683479e+01 -1.449133e+01 4.561529e+02
    endloop
  endfacet
  facet normal 2.587776e-17 9.801714e-02 -9.951847e-01
    outer loop
      vertex   -3.356310e+01 -1.449133e+01 4.561529e+02
      vertex   -2.683479e+01 -1.449133e+01 4.561529e+02
      vertex   -2.683479e+01 -1.488151e+01 4.561145e+02
    endloop
  endfacet
  facet normal -1.677242e-13 1.000000e+00 1.378406e-14
    outer loop
      vertex   -2.788540e+01 -1.288151e+01 4.748257e+02
      vertex   -2.683479e+01 -1.288151e+01 4.877384e+02
      vertex   -2.784629e+01 -1.288151e+01 4.741418e+02
    endloop
  endfacet
  facet normal 3.859022e-15 1.000000e+00 1.019380e-15
    outer loop
      vertex   -2.784629e+01 -1.288151e+01 4.741418e+02
      vertex   -2.683479e+01 -1.288151e+01 4.877384e+02
      vertex   -2.683479e+01 -1.288151e+01 4.581145e+02
    endloop
  endfacet
  facet normal -2.007652e-13 1.000000e+00 -1.189471e-14
    outer loop
      vertex   -2.784629e+01 -1.288151e+01 4.741418e+02
      vertex   -2.683479e+01 -1.288151e+01 4.581145e+02
      vertex   -2.788540e+01 -1.288151e+01 4.734578e+02
    endloop
  endfacet
  facet normal 3.225824e-15 1.000000e+00 2.073264e-15
    outer loop
      vertex   -2.788540e+01 -1.288151e+01 4.734578e+02
      vertex   -2.683479e+01 -1.288151e+01 4.581145e+02
      vertex   -2.800222e+01 -1.288151e+01 4.727828e+02
    endloop
  endfacet
  facet normal -4.867232e-15 1.000000e+00 1.429148e-15
    outer loop
      vertex   -2.800222e+01 -1.288151e+01 4.727828e+02
      vertex   -2.683479e+01 -1.288151e+01 4.581145e+02
      vertex   -2.819523e+01 -1.288151e+01 4.721255e+02
    endloop
  endfacet
  facet normal -3.659305e-15 1.000000e+00 1.546435e-15
    outer loop
      vertex   -2.819523e+01 -1.288151e+01 4.721255e+02
      vertex   -2.683479e+01 -1.288151e+01 4.581145e+02
      vertex   -2.846190e+01 -1.288151e+01 4.714945e+02
    endloop
  endfacet
  facet normal 1.437257e-15 1.000000e+00 2.166218e-15
    outer loop
      vertex   -2.846190e+01 -1.288151e+01 4.714945e+02
      vertex   -2.683479e+01 -1.288151e+01 4.581145e+02
      vertex   -2.879877e+01 -1.288151e+01 4.708980e+02
    endloop
  endfacet
  facet normal -2.210243e-15 1.000000e+00 1.605836e-15
    outer loop
      vertex   -2.879877e+01 -1.288151e+01 4.708980e+02
      vertex   -2.683479e+01 -1.288151e+01 4.581145e+02
      vertex   -2.920145e+01 -1.288151e+01 4.703437e+02
    endloop
  endfacet
  facet normal -1.829877e-15 1.000000e+00 1.679446e-15
    outer loop
      vertex   -2.920145e+01 -1.288151e+01 4.703437e+02
      vertex   -2.683479e+01 -1.288151e+01 4.581145e+02
      vertex   -2.966467e+01 -1.288151e+01 4.698390e+02
    endloop
  endfacet
  facet normal -1.520047e-15 1.000000e+00 1.754228e-15
    outer loop
      vertex   -2.966467e+01 -1.288151e+01 4.698390e+02
      vertex   -2.683479e+01 -1.288151e+01 4.581145e+02
      vertex   -3.018241e+01 -1.288151e+01 4.693904e+02
    endloop
  endfacet
  facet normal -1.253600e-15 1.000000e+00 1.833331e-15
    outer loop
      vertex   -3.018241e+01 -1.288151e+01 4.693904e+02
      vertex   -2.683479e+01 -1.288151e+01 4.581145e+02
      vertex   -3.074791e+01 -1.288151e+01 4.690037e+02
    endloop
  endfacet
  facet normal 3.916006e-15 1.000000e+00 3.691069e-15
    outer loop
      vertex   -3.074791e+01 -1.288151e+01 4.690037e+02
      vertex   -2.683479e+01 -1.288151e+01 4.581145e+02
      vertex   -3.135380e+01 -1.288151e+01 4.686840e+02
    endloop
  endfacet
  facet normal -6.731481e-16 1.000000e+00 1.728967e-15
    outer loop
      vertex   -3.135380e+01 -1.288151e+01 4.686840e+02
      vertex   -2.683479e+01 -1.288151e+01 4.581145e+02
      vertex   -3.199219e+01 -1.288151e+01 4.684355e+02
    endloop
  endfacet
  facet normal -4.798545e-16 1.000000e+00 1.825556e-15
    outer loop
      vertex   -3.199219e+01 -1.288151e+01 4.684355e+02
      vertex   -2.683479e+01 -1.288151e+01 4.581145e+02
      vertex   -3.265475e+01 -1.288151e+01 4.682613e+02
    endloop
  endfacet
  facet normal -2.790363e-16 1.000000e+00 1.940740e-15
    outer loop
      vertex   -3.265475e+01 -1.288151e+01 4.682613e+02
      vertex   -2.683479e+01 -1.288151e+01 4.581145e+02
      vertex   -3.333284e+01 -1.288151e+01 4.681638e+02
    endloop
  endfacet
  facet normal 0.000000e+00 1.000000e+00 2.121170e-15
    outer loop
      vertex   -3.333284e+01 -1.288151e+01 4.681638e+02
      vertex   -2.683479e+01 -1.288151e+01 4.581145e+02
      vertex   -4.029140e+01 -1.288151e+01 4.581145e+02
    endloop
  endfacet
  facet normal -6.181984e-17 1.000000e+00 2.163977e-15
    outer loop
      vertex   -3.333284e+01 -1.288151e+01 4.681638e+02
      vertex   -4.029140e+01 -1.288151e+01 4.581145e+02
      vertex   -3.401763e+01 -1.288151e+01 4.681442e+02
    endloop
  endfacet
  facet normal 1.732356e-16 1.000000e+00 2.016946e-15
    outer loop
      vertex   -3.401763e+01 -1.288151e+01 4.681442e+02
      vertex   -4.029140e+01 -1.288151e+01 4.581145e+02
      vertex   -3.470018e+01 -1.288151e+01 4.682029e+02
    endloop
  endfacet
  facet normal 3.849145e-16 1.000000e+00 1.899628e-15
    outer loop
      vertex   -3.470018e+01 -1.288151e+01 4.682029e+02
      vertex   -4.029140e+01 -1.288151e+01 4.581145e+02
      vertex   -3.537161e+01 -1.288151e+01 4.683389e+02
    endloop
  endfacet
  facet normal 5.858165e-16 1.000000e+00 1.802958e-15
    outer loop
      vertex   -3.537161e+01 -1.288151e+01 4.683389e+02
      vertex   -4.029140e+01 -1.288151e+01 4.581145e+02
      vertex   -3.602314e+01 -1.288151e+01 4.685506e+02
    endloop
  endfacet
  facet normal 7.859942e-16 1.000000e+00 1.721087e-15
    outer loop
      vertex   -3.602314e+01 -1.288151e+01 4.685506e+02
      vertex   -4.029140e+01 -1.288151e+01 4.581145e+02
      vertex   -3.664630e+01 -1.288151e+01 4.688352e+02
    endloop
  endfacet
  facet normal -4.030494e-15 1.000000e+00 3.358722e-15
    outer loop
      vertex   -3.664630e+01 -1.288151e+01 4.688352e+02
      vertex   -4.029140e+01 -1.288151e+01 4.581145e+02
      vertex   -3.723295e+01 -1.288151e+01 4.691890e+02
    endloop
  endfacet
  facet normal 1.427606e-15 1.000000e+00 1.851353e-15
    outer loop
      vertex   -3.723295e+01 -1.288151e+01 4.691890e+02
      vertex   -4.029140e+01 -1.288151e+01 4.581145e+02
      vertex   -3.777546e+01 -1.288151e+01 4.696073e+02
    endloop
  endfacet
  facet normal 1.734028e-15 1.000000e+00 1.784273e-15
    outer loop
      vertex   -3.777546e+01 -1.288151e+01 4.696073e+02
      vertex   -4.029140e+01 -1.288151e+01 4.581145e+02
      vertex   -3.826674e+01 -1.288151e+01 4.700847e+02
    endloop
  endfacet
  facet normal 2.105280e-15 1.000000e+00 1.721479e-15
    outer loop
      vertex   -3.826674e+01 -1.288151e+01 4.700847e+02
      vertex   -4.029140e+01 -1.288151e+01 4.581145e+02
      vertex   -3.870040e+01 -1.288151e+01 4.706151e+02
    endloop
  endfacet
  facet normal -1.419399e-15 1.000000e+00 2.170080e-15
    outer loop
      vertex   -3.870040e+01 -1.288151e+01 4.706151e+02
      vertex   -4.029140e+01 -1.288151e+01 4.581145e+02
      vertex   -3.907077e+01 -1.288151e+01 4.711914e+02
    endloop
  endfacet
  facet normal 3.483004e-15 1.000000e+00 1.712478e-15
    outer loop
      vertex   -3.907077e+01 -1.288151e+01 4.711914e+02
      vertex   -4.029140e+01 -1.288151e+01 4.581145e+02
      vertex   -3.937304e+01 -1.288151e+01 4.718062e+02
    endloop
  endfacet
  facet normal 4.591222e-15 1.000000e+00 1.638145e-15
    outer loop
      vertex   -3.937304e+01 -1.288151e+01 4.718062e+02
      vertex   -4.029140e+01 -1.288151e+01 4.581145e+02
      vertex   -3.960325e+01 -1.288151e+01 4.724514e+02
    endloop
  endfacet
  facet normal -2.864640e-15 1.000000e+00 1.996014e-15
    outer loop
      vertex   -3.960325e+01 -1.288151e+01 4.724514e+02
      vertex   -4.029140e+01 -1.288151e+01 4.581145e+02
      vertex   -3.975842e+01 -1.288151e+01 4.731187e+02
    endloop
  endfacet
  facet normal 1.260638e-14 1.000000e+00 1.446447e-15
    outer loop
      vertex   -3.975842e+01 -1.288151e+01 4.731187e+02
      vertex   -4.029140e+01 -1.288151e+01 4.581145e+02
      vertex   -3.983651e+01 -1.288151e+01 4.737993e+02
    endloop
  endfacet
  facet normal 2.700423e-14 1.000000e+00 1.028880e-15
    outer loop
      vertex   -3.983651e+01 -1.288151e+01 4.737993e+02
      vertex   -4.029140e+01 -1.288151e+01 4.581145e+02
      vertex   -4.029140e+01 -1.288151e+01 4.857384e+02
    endloop
  endfacet
  facet normal 0.000000e+00 1.000000e+00 -0.000000e+00
    outer loop
      vertex   -3.983651e+01 -1.288151e+01 4.737993e+02
      vertex   -4.029140e+01 -1.288151e+01 4.857384e+02
      vertex   -3.983651e+01 -1.288151e+01 4.744843e+02
    endloop
  endfacet
  facet normal 0.000000e+00 1.000000e+00 -0.000000e+00
    outer loop
      vertex   -3.983651e+01 -1.288151e+01 4.744843e+02
      vertex   -4.029140e+01 -1.288151e+01 4.857384e+02
      vertex   -3.975842e+01 -1.288151e+01 4.751649e+02
    endloop
  endfacet
  facet normal 9.408666e-15 1.000000e+00 4.742656e-16
    outer loop
      vertex   -3.975842e+01 -1.288151e+01 4.751649e+02
      vertex   -4.029140e+01 -1.288151e+01 4.857384e+02
      vertex   -3.960325e+01 -1.288151e+01 4.758322e+02
    endloop
  endfacet
  facet normal 4.206693e-16 1.000000e+00 -1.500945e-16
    outer loop
      vertex   -3.960325e+01 -1.288151e+01 4.758322e+02
      vertex   -4.029140e+01 -1.288151e+01 4.857384e+02
      vertex   -3.937304e+01 -1.288151e+01 4.764774e+02
    endloop
  endfacet
  facet normal 3.246441e-16 1.000000e+00 -1.596168e-16
    outer loop
      vertex   -3.937304e+01 -1.288151e+01 4.764774e+02
      vertex   -4.029140e+01 -1.288151e+01 4.857384e+02
      vertex   -3.907077e+01 -1.288151e+01 4.770922e+02
    endloop
  endfacet
  facet normal 4.194403e-15 1.000000e+00 3.866939e-16
    outer loop
      vertex   -3.907077e+01 -1.288151e+01 4.770922e+02
      vertex   -4.029140e+01 -1.288151e+01 4.857384e+02
      vertex   -3.870040e+01 -1.288151e+01 4.776685e+02
    endloop
  endfacet
  facet normal 4.337995e-16 1.000000e+00 -3.547161e-16
    outer loop
      vertex   -3.870040e+01 -1.288151e+01 4.776685e+02
      vertex   -4.029140e+01 -1.288151e+01 4.857384e+02
      vertex   -3.826674e+01 -1.288151e+01 4.781988e+02
    endloop
  endfacet
  facet normal 3.631620e-16 1.000000e+00 -3.736849e-16
    outer loop
      vertex   -3.826674e+01 -1.288151e+01 4.781988e+02
      vertex   -4.029140e+01 -1.288151e+01 4.857384e+02
      vertex   -3.777546e+01 -1.288151e+01 4.786763e+02
    endloop
  endfacet
  facet normal 4.910640e-16 1.000000e+00 -3.281189e-16
    outer loop
      vertex   -3.777546e+01 -1.288151e+01 4.786763e+02
      vertex   -4.029140e+01 -1.288151e+01 4.857384e+02
      vertex   -3.905677e+01 -1.288151e+01 4.875862e+02
    endloop
  endfacet
  facet normal 1.158997e-16 1.000000e+00 -3.820701e-16
    outer loop
      vertex   -3.777546e+01 -1.288151e+01 4.786763e+02
      vertex   -3.905677e+01 -1.288151e+01 4.875862e+02
      vertex   -3.868158e+01 -1.288151e+01 4.877000e+02
    endloop
  endfacet
  facet normal -9.802502e-15 1.000000e+00 9.351246e-16
    outer loop
      vertex   -2.788540e+01 -1.288151e+01 4.748257e+02
      vertex   -2.800222e+01 -1.288151e+01 4.755008e+02
      vertex   -2.683479e+01 -1.288151e+01 4.877384e+02
    endloop
  endfacet
  facet normal 0.000000e+00 1.000000e+00 0.000000e+00
    outer loop
      vertex   -2.683479e+01 -1.288151e+01 4.877384e+02
      vertex   -2.800222e+01 -1.288151e+01 4.755008e+02
      vertex   -2.819523e+01 -1.288151e+01 4.761581e+02
    endloop
  endfacet
  facet normal 0.000000e+00 1.000000e+00 0.000000e+00
    outer loop
      vertex   -2.683479e+01 -1.288151e+01 4.877384e+02
      vertex   -2.819523e+01 -1.288151e+01 4.761581e+02
      vertex   -2.846190e+01 -1.288151e+01 4.767891e+02
    endloop
  endfacet
  facet normal -4.174611e-15 1.000000e+00 6.203635e-16
    outer loop
      vertex   -2.846190e+01 -1.288151e+01 4.767891e+02
      vertex   -2.879877e+01 -1.288151e+01 4.773856e+02
      vertex   -2.683479e+01 -1.288151e+01 4.877384e+02
    endloop
  endfacet
  facet normal -1.872661e-16 1.000000e+00 -1.360568e-16
    outer loop
      vertex   -2.683479e+01 -1.288151e+01 4.877384e+02
      vertex   -2.879877e+01 -1.288151e+01 4.773856e+02
      vertex   -2.920145e+01 -1.288151e+01 4.779399e+02
    endloop
  endfacet
  facet normal -1.563735e-16 1.000000e+00 -1.435183e-16
    outer loop
      vertex   -2.683479e+01 -1.288151e+01 4.877384e+02
      vertex   -2.920145e+01 -1.288151e+01 4.779399e+02
      vertex   -2.966467e+01 -1.288151e+01 4.784446e+02
    endloop
  endfacet
  facet normal -1.310427e-16 1.000000e+00 -1.512313e-16
    outer loop
      vertex   -2.966467e+01 -1.288151e+01 4.784446e+02
      vertex   -3.018241e+01 -1.288151e+01 4.788932e+02
      vertex   -2.683479e+01 -1.288151e+01 4.877384e+02
    endloop
  endfacet
  facet normal -1.090903e-16 1.000000e+00 -1.595395e-16
    outer loop
      vertex   -2.683479e+01 -1.288151e+01 4.877384e+02
      vertex   -3.018241e+01 -1.288151e+01 4.788932e+02
      vertex   -3.074791e+01 -1.288151e+01 4.792799e+02
    endloop
  endfacet
  facet normal -4.802177e-15 1.000000e+00 2.011588e-15
    outer loop
      vertex   -2.683479e+01 -1.288151e+01 4.877384e+02
      vertex   -3.074791e+01 -1.288151e+01 4.792799e+02
      vertex   -3.135380e+01 -1.288151e+01 4.795996e+02
    endloop
  endfacet
  facet normal -2.096120e-16 1.000000e+00 -5.383841e-16
    outer loop
      vertex   -3.135380e+01 -1.288151e+01 4.795996e+02
      vertex   -3.199219e+01 -1.288151e+01 4.798481e+02
      vertex   -2.683479e+01 -1.288151e+01 4.877384e+02
    endloop
  endfacet
  facet normal -1.515006e-16 1.000000e+00 -5.763679e-16
    outer loop
      vertex   -2.683479e+01 -1.288151e+01 4.877384e+02
      vertex   -3.199219e+01 -1.288151e+01 4.798481e+02
      vertex   -3.265475e+01 -1.288151e+01 4.800223e+02
    endloop
  endfacet
  facet normal -1.550509e-16 1.000000e+00 -5.736900e-16
    outer loop
      vertex   -2.683479e+01 -1.288151e+01 4.877384e+02
      vertex   -3.265475e+01 -1.288151e+01 4.800223e+02
      vertex   -3.829140e+01 -1.288151e+01 4.877384e+02
    endloop
  endfacet
  facet normal -7.396805e-17 1.000000e+00 -5.144591e-16
    outer loop
      vertex   -3.829140e+01 -1.288151e+01 4.877384e+02
      vertex   -3.265475e+01 -1.288151e+01 4.800223e+02
      vertex   -3.333284e+01 -1.288151e+01 4.801198e+02
    endloop
  endfacet
  facet normal -1.357400e-17 1.000000e+00 -4.751520e-16
    outer loop
      vertex   -3.829140e+01 -1.288151e+01 4.877384e+02
      vertex   -3.333284e+01 -1.288151e+01 4.801198e+02
      vertex   -3.401763e+01 -1.288151e+01 4.801394e+02
    endloop
  endfacet
  facet normal 3.830484e-17 1.000000e+00 -4.459751e-16
    outer loop
      vertex   -3.401763e+01 -1.288151e+01 4.801394e+02
      vertex   -3.470018e+01 -1.288151e+01 4.800807e+02
      vertex   -3.829140e+01 -1.288151e+01 4.877384e+02
    endloop
  endfacet
  facet normal 8.584844e-17 1.000000e+00 -4.236787e-16
    outer loop
      vertex   -3.829140e+01 -1.288151e+01 4.877384e+02
      vertex   -3.470018e+01 -1.288151e+01 4.800807e+02
      vertex   -3.537161e+01 -1.288151e+01 4.799447e+02
    endloop
  endfacet
  facet normal 1.320390e-16 1.000000e+00 -4.063743e-16
    outer loop
      vertex   -3.829140e+01 -1.288151e+01 4.877384e+02
      vertex   -3.537161e+01 -1.288151e+01 4.799447e+02
      vertex   -3.602314e+01 -1.288151e+01 4.797330e+02
    endloop
  endfacet
  facet normal 1.794501e-16 1.000000e+00 -3.929409e-16
    outer loop
      vertex   -3.602314e+01 -1.288151e+01 4.797330e+02
      vertex   -3.664630e+01 -1.288151e+01 4.794484e+02
      vertex   -3.829140e+01 -1.288151e+01 4.877384e+02
    endloop
  endfacet
  facet normal 5.639457e-15 1.000000e+00 6.905575e-16
    outer loop
      vertex   -3.829140e+01 -1.288151e+01 4.877384e+02
      vertex   -3.664630e+01 -1.288151e+01 4.794484e+02
      vertex   -3.723295e+01 -1.288151e+01 4.790946e+02
    endloop
  endfacet
  facet normal 0.000000e+00 1.000000e+00 0.000000e+00
    outer loop
      vertex   -3.829140e+01 -1.288151e+01 4.877384e+02
      vertex   -3.723295e+01 -1.288151e+01 4.790946e+02
      vertex   -3.777546e+01 -1.288151e+01 4.786763e+02
    endloop
  endfacet
  facet normal -0.000000e+00 1.000000e+00 0.000000e+00
    outer loop
      vertex   -4.025297e+01 -1.288151e+01 4.861286e+02
      vertex   -4.013916e+01 -1.288151e+01 4.865038e+02
      vertex   -4.029140e+01 -1.288151e+01 4.857384e+02
    endloop
  endfacet
  facet normal 0.000000e+00 1.000000e+00 0.000000e+00
    outer loop
      vertex   -4.029140e+01 -1.288151e+01 4.857384e+02
      vertex   -4.013916e+01 -1.288151e+01 4.865038e+02
      vertex   -3.995434e+01 -1.288151e+01 4.868496e+02
    endloop
  endfacet
  facet normal 0.000000e+00 1.000000e+00 0.000000e+00
    outer loop
      vertex   -4.029140e+01 -1.288151e+01 4.857384e+02
      vertex   -3.995434e+01 -1.288151e+01 4.868496e+02
      vertex   -3.970561e+01 -1.288151e+01 4.871527e+02
    endloop
  endfacet
  facet normal -0.000000e+00 1.000000e+00 0.000000e+00
    outer loop
      vertex   -3.970561e+01 -1.288151e+01 4.871527e+02
      vertex   -3.940254e+01 -1.288151e+01 4.874014e+02
      vertex   -4.029140e+01 -1.288151e+01 4.857384e+02
    endloop
  endfacet
  facet normal 0.000000e+00 1.000000e+00 0.000000e+00
    outer loop
      vertex   -4.029140e+01 -1.288151e+01 4.857384e+02
      vertex   -3.940254e+01 -1.288151e+01 4.874014e+02
      vertex   -3.905677e+01 -1.288151e+01 4.875862e+02
    endloop
  endfacet
  facet normal 9.054532e-15 1.000000e+00 5.155058e-16
    outer loop
      vertex   -3.868158e+01 -1.288151e+01 4.877000e+02
      vertex   -3.829140e+01 -1.288151e+01 4.877384e+02
      vertex   -3.777546e+01 -1.288151e+01 4.786763e+02
    endloop
  endfacet
  facet normal 2.141680e-12 1.000000e+00 -6.414568e-13
    outer loop
      vertex   -3.492227e+01 -1.288185e+01 5.071359e+02
      vertex   -3.481112e+01 -1.288185e+01 5.075070e+02
      vertex   -3.495979e+01 -1.288185e+01 5.067503e+02
    endloop
  endfacet
  facet normal 6.676282e-13 1.000000e+00 -3.518400e-13
    outer loop
      vertex   -3.495979e+01 -1.288185e+01 5.067503e+02
      vertex   -3.481112e+01 -1.288185e+01 5.075070e+02
      vertex   -3.463050e+01 -1.288185e+01 5.078497e+02
    endloop
  endfacet
  facet normal 2.992499e-13 1.000000e+00 -2.415067e-13
    outer loop
      vertex   -3.495979e+01 -1.288185e+01 5.067503e+02
      vertex   -3.463050e+01 -1.288185e+01 5.078497e+02
      vertex   -3.438720e+01 -1.288185e+01 5.081512e+02
    endloop
  endfacet
  facet normal -1.591792e-13 1.000000e+00 -5.413224e-14
    outer loop
      vertex   -3.495979e+01 -1.288185e+01 5.067503e+02
      vertex   -3.438720e+01 -1.288185e+01 5.081512e+02
      vertex   -3.299730e+01 -1.288185e+01 5.040641e+02
    endloop
  endfacet
  facet normal 0.000000e+00 1.000000e+00 0.000000e+00
    outer loop
      vertex   -3.299730e+01 -1.288185e+01 5.040641e+02
      vertex   -3.438720e+01 -1.288185e+01 5.081512e+02
      vertex   -3.409035e+01 -1.288185e+01 5.084001e+02
    endloop
  endfacet
  facet normal 0.000000e+00 1.000000e+00 0.000000e+00
    outer loop
      vertex   -3.299730e+01 -1.288185e+01 5.040641e+02
      vertex   -3.409035e+01 -1.288185e+01 5.084001e+02
      vertex   -3.375107e+01 -1.288185e+01 5.085871e+02
    endloop
  endfacet
  facet normal -0.000000e+00 1.000000e+00 0.000000e+00
    outer loop
      vertex   -3.375107e+01 -1.288185e+01 5.085871e+02
      vertex   -3.338211e+01 -1.288185e+01 5.087052e+02
      vertex   -3.299730e+01 -1.288185e+01 5.040641e+02
    endloop
  endfacet
  facet normal 0.000000e+00 1.000000e+00 -0.000000e+00
    outer loop
      vertex   -3.299730e+01 -1.288185e+01 5.040641e+02
      vertex   -3.338211e+01 -1.288185e+01 5.087052e+02
      vertex   -3.299730e+01 -1.288185e+01 5.087500e+02
    endloop
  endfacet
  facet normal -9.834202e-14 1.000000e+00 -9.685843e-15
    outer loop
      vertex   -3.299730e+01 -1.288185e+01 5.040641e+02
      vertex   -3.295887e+01 -1.288185e+01 5.036739e+02
      vertex   -3.495979e+01 -1.288185e+01 5.067503e+02
    endloop
  endfacet
  facet normal -1.563885e-13 1.000000e+00 -4.743992e-14
    outer loop
      vertex   -3.495979e+01 -1.288185e+01 5.067503e+02
      vertex   -3.295887e+01 -1.288185e+01 5.036739e+02
      vertex   -3.284506e+01 -1.288185e+01 5.032987e+02
    endloop
  endfacet
  facet normal -7.947029e-14 1.000000e+00 -3.132560e-16
    outer loop
      vertex   -3.495979e+01 -1.288185e+01 5.067503e+02
      vertex   -3.284506e+01 -1.288185e+01 5.032987e+02
      vertex   -3.495979e+01 -1.288185e+01 4.897384e+02
    endloop
  endfacet
  facet normal -1.840320e-14 1.000000e+00 -9.836717e-15
    outer loop
      vertex   -3.495979e+01 -1.288185e+01 4.897384e+02
      vertex   -3.284506e+01 -1.288185e+01 5.032987e+02
      vertex   -3.266024e+01 -1.288185e+01 5.029530e+02
    endloop
  endfacet
  facet normal -1.310872e-14 1.000000e+00 -1.075805e-14
    outer loop
      vertex   -3.495979e+01 -1.288185e+01 4.897384e+02
      vertex   -3.266024e+01 -1.288185e+01 5.029530e+02
      vertex   -3.241151e+01 -1.288185e+01 5.026499e+02
    endloop
  endfacet
  facet normal -9.425492e-15 1.000000e+00 -1.148500e-14
    outer loop
      vertex   -3.241151e+01 -1.288185e+01 5.026499e+02
      vertex   -3.210844e+01 -1.288185e+01 5.024012e+02
      vertex   -3.495979e+01 -1.288185e+01 4.897384e+02
    endloop
  endfacet
  facet normal -6.491940e-15 1.000000e+00 -1.214557e-14
    outer loop
      vertex   -3.495979e+01 -1.288185e+01 4.897384e+02
      vertex   -3.210844e+01 -1.288185e+01 5.024012e+02
      vertex   -3.176266e+01 -1.288185e+01 5.022163e+02
    endloop
  endfacet
  facet normal -3.886800e-15 1.000000e+00 -1.281306e-14
    outer loop
      vertex   -3.495979e+01 -1.288185e+01 4.897384e+02
      vertex   -3.176266e+01 -1.288185e+01 5.022163e+02
      vertex   -3.138748e+01 -1.288185e+01 5.021025e+02
    endloop
  endfacet
  facet normal -1.334604e-15 1.000000e+00 -1.355046e-14
    outer loop
      vertex   -3.138748e+01 -1.288185e+01 5.021025e+02
      vertex   -3.099730e+01 -1.288185e+01 5.020641e+02
      vertex   -3.495979e+01 -1.288185e+01 4.897384e+02
    endloop
  endfacet
  facet normal -2.284060e-14 1.000000e+00 -6.636633e-15
    outer loop
      vertex   -3.495979e+01 -1.288185e+01 4.897384e+02
      vertex   -3.099730e+01 -1.288185e+01 5.020641e+02
      vertex   -2.683479e+01 -1.288185e+01 4.877384e+02
    endloop
  endfacet
  facet normal 8.542531e-14 1.000000e+00 4.331936e-13
    outer loop
      vertex   -3.495979e+01 -1.288185e+01 4.897384e+02
      vertex   -2.683479e+01 -1.288185e+01 4.877384e+02
      vertex   -3.499822e+01 -1.288185e+01 4.893483e+02
    endloop
  endfacet
  facet normal 0.000000e+00 1.000000e+00 0.000000e+00
    outer loop
      vertex   -3.499822e+01 -1.288185e+01 4.893483e+02
      vertex   -2.683479e+01 -1.288185e+01 4.877384e+02
      vertex   -3.511203e+01 -1.288185e+01 4.889731e+02
    endloop
  endfacet
  facet normal 0.000000e+00 1.000000e+00 0.000000e+00
    outer loop
      vertex   -3.511203e+01 -1.288185e+01 4.889731e+02
      vertex   -2.683479e+01 -1.288185e+01 4.877384e+02
      vertex   -3.529685e+01 -1.288185e+01 4.886273e+02
    endloop
  endfacet
  facet normal 0.000000e+00 1.000000e+00 0.000000e+00
    outer loop
      vertex   -3.529685e+01 -1.288185e+01 4.886273e+02
      vertex   -2.683479e+01 -1.288185e+01 4.877384e+02
      vertex   -3.554558e+01 -1.288185e+01 4.883242e+02
    endloop
  endfacet
  facet normal 0.000000e+00 1.000000e+00 0.000000e+00
    outer loop
      vertex   -3.554558e+01 -1.288185e+01 4.883242e+02
      vertex   -2.683479e+01 -1.288185e+01 4.877384e+02
      vertex   -3.584865e+01 -1.288185e+01 4.880755e+02
    endloop
  endfacet
  facet normal 0.000000e+00 1.000000e+00 0.000000e+00
    outer loop
      vertex   -3.584865e+01 -1.288185e+01 4.880755e+02
      vertex   -2.683479e+01 -1.288185e+01 4.877384e+02
      vertex   -3.619443e+01 -1.288185e+01 4.878907e+02
    endloop
  endfacet
  facet normal 0.000000e+00 1.000000e+00 0.000000e+00
    outer loop
      vertex   -3.619443e+01 -1.288185e+01 4.878907e+02
      vertex   -2.683479e+01 -1.288185e+01 4.877384e+02
      vertex   -3.656961e+01 -1.288185e+01 4.877769e+02
    endloop
  endfacet
  facet normal 0.000000e+00 1.000000e+00 0.000000e+00
    outer loop
      vertex   -3.656961e+01 -1.288185e+01 4.877769e+02
      vertex   -2.683479e+01 -1.288185e+01 4.877384e+02
      vertex   -3.695979e+01 -1.288185e+01 4.877384e+02
    endloop
  endfacet
  facet normal -0.000000e+00 1.000000e+00 0.000000e+00
    outer loop
      vertex   -3.099730e+01 -1.288185e+01 5.020641e+02
      vertex   -2.683479e+01 -1.288185e+01 5.020641e+02
      vertex   -2.683479e+01 -1.288185e+01 4.877384e+02
    endloop
  endfacet
  facet normal 1.000000e+00 -0.000000e+00 0.000000e+00
    outer loop
      vertex   -3.299730e+01 -1.388185e+01 5.087500e+02
      vertex   -3.299730e+01 -1.388185e+01 5.040641e+02
      vertex   -3.299730e+01 -1.288185e+01 5.087500e+02
    endloop
  endfacet
  facet normal 1.000000e+00 0.000000e+00 0.000000e+00
    outer loop
      vertex   -3.299730e+01 -1.288185e+01 5.087500e+02
      vertex   -3.299730e+01 -1.388185e+01 5.040641e+02
      vertex   -3.299730e+01 -1.288185e+01 5.040641e+02
    endloop
  endfacet
  facet normal 0.000000e+00 -1.000000e+00 0.000000e+00
    outer loop
      vertex   -3.145921e+01 -1.587842e+01 5.058909e+02
      vertex   -3.278232e+01 -1.587842e+01 5.058346e+02
      vertex   -3.149662e+01 -1.587842e+01 5.055470e+02
    endloop
  endfacet
  facet normal -0.000000e+00 -1.000000e+00 0.000000e+00
    outer loop
      vertex   -3.149662e+01 -1.587842e+01 5.055470e+02
      vertex   -3.278232e+01 -1.587842e+01 5.058346e+02
      vertex   -3.279179e+01 -1.587842e+01 5.053797e+02
    endloop
  endfacet
  facet normal 0.000000e+00 -1.000000e+00 -0.000000e+00
    outer loop
      vertex   -3.149662e+01 -1.587842e+01 5.055470e+02
      vertex   -3.279179e+01 -1.587842e+01 5.053797e+02
      vertex   -3.145921e+01 -1.587842e+01 5.052030e+02
    endloop
  endfacet
  facet normal -0.000000e+00 -1.000000e+00 0.000000e+00
    outer loop
      vertex   -3.145921e+01 -1.587842e+01 5.052030e+02
      vertex   -3.279179e+01 -1.587842e+01 5.053797e+02
      vertex   -3.272999e+01 -1.587842e+01 5.049289e+02
    endloop
  endfacet
  facet normal 0.000000e+00 -1.000000e+00 0.000000e+00
    outer loop
      vertex   -3.145921e+01 -1.587842e+01 5.052030e+02
      vertex   -3.272999e+01 -1.587842e+01 5.049289e+02
      vertex   -3.259844e+01 -1.587842e+01 5.044933e+02
    endloop
  endfacet
  facet normal 0.000000e+00 -1.000000e+00 0.000000e+00
    outer loop
      vertex   -3.278232e+01 -1.587842e+01 5.058346e+02
      vertex   -3.145921e+01 -1.587842e+01 5.058909e+02
      vertex   -3.270181e+01 -1.587842e+01 5.062824e+02
    endloop
  endfacet
  facet normal 0.000000e+00 -1.000000e+00 0.000000e+00
    outer loop
      vertex   -3.270181e+01 -1.587842e+01 5.062824e+02
      vertex   -3.145921e+01 -1.587842e+01 5.058909e+02
      vertex   -3.134874e+01 -1.587842e+01 5.062188e+02
    endloop
  endfacet
  facet normal 0.000000e+00 -1.000000e+00 0.000000e+00
    outer loop
      vertex   -3.270181e+01 -1.587842e+01 5.062824e+02
      vertex   -3.134874e+01 -1.587842e+01 5.062188e+02
      vertex   -3.117036e+01 -1.587842e+01 5.065153e+02
    endloop
  endfacet
  facet normal 0.000000e+00 -1.000000e+00 0.000000e+00
    outer loop
      vertex   -3.270181e+01 -1.587842e+01 5.062824e+02
      vertex   -3.117036e+01 -1.587842e+01 5.065153e+02
      vertex   -3.270181e+01 -1.587842e+01 5.087503e+02
    endloop
  endfacet
  facet normal 0.000000e+00 -1.000000e+00 0.000000e+00
    outer loop
      vertex   -3.270181e+01 -1.587842e+01 5.087503e+02
      vertex   -3.117036e+01 -1.587842e+01 5.065153e+02
      vertex   -3.093243e+01 -1.587842e+01 5.067664e+02
    endloop
  endfacet
  facet normal 0.000000e+00 -1.000000e+00 0.000000e+00
    outer loop
      vertex   -3.270181e+01 -1.587842e+01 5.087503e+02
      vertex   -3.093243e+01 -1.587842e+01 5.067664e+02
      vertex   -3.064607e+01 -1.587842e+01 5.069606e+02
    endloop
  endfacet
  facet normal 0.000000e+00 -1.000000e+00 0.000000e+00
    outer loop
      vertex   -3.064607e+01 -1.587842e+01 5.069606e+02
      vertex   -3.032466e+01 -1.587842e+01 5.070887e+02
      vertex   -3.270181e+01 -1.587842e+01 5.087503e+02
    endloop
  endfacet
  facet normal 0.000000e+00 -1.000000e+00 0.000000e+00
    outer loop
      vertex   -3.270181e+01 -1.587842e+01 5.087503e+02
      vertex   -3.032466e+01 -1.587842e+01 5.070887e+02
      vertex   -2.998324e+01 -1.587842e+01 5.071446e+02
    endloop
  endfacet
  facet normal 0.000000e+00 -1.000000e+00 0.000000e+00
    outer loop
      vertex   -3.270181e+01 -1.587842e+01 5.087503e+02
      vertex   -2.998324e+01 -1.587842e+01 5.071446e+02
      vertex   -2.683479e+01 -1.587842e+01 5.087503e+02
    endloop
  endfacet
  facet normal 0.000000e+00 -1.000000e+00 0.000000e+00
    outer loop
      vertex   -2.683479e+01 -1.587842e+01 5.087503e+02
      vertex   -2.998324e+01 -1.587842e+01 5.071446e+02
      vertex   -2.963776e+01 -1.587842e+01 5.071259e+02
    endloop
  endfacet
  facet normal 0.000000e+00 -1.000000e+00 0.000000e+00
    outer loop
      vertex   -2.683479e+01 -1.587842e+01 5.087503e+02
      vertex   -2.963776e+01 -1.587842e+01 5.071259e+02
      vertex   -2.930439e+01 -1.587842e+01 5.070333e+02
    endloop
  endfacet
  facet normal 0.000000e+00 -1.000000e+00 0.000000e+00
    outer loop
      vertex   -2.930439e+01 -1.587842e+01 5.070333e+02
      vertex   -2.899872e+01 -1.587842e+01 5.068713e+02
      vertex   -2.683479e+01 -1.587842e+01 5.087503e+02
    endloop
  endfacet
  facet normal 0.000000e+00 -1.000000e+00 0.000000e+00
    outer loop
      vertex   -2.683479e+01 -1.587842e+01 5.087503e+02
      vertex   -2.899872e+01 -1.587842e+01 5.068713e+02
      vertex   -2.873502e+01 -1.587842e+01 5.066473e+02
    endloop
  endfacet
  facet normal 0.000000e+00 -1.000000e+00 0.000000e+00
    outer loop
      vertex   -2.683479e+01 -1.587842e+01 5.087503e+02
      vertex   -2.873502e+01 -1.587842e+01 5.066473e+02
      vertex   -2.852564e+01 -1.587842e+01 5.063719e+02
    endloop
  endfacet
  facet normal 0.000000e+00 -1.000000e+00 0.000000e+00
    outer loop
      vertex   -2.852564e+01 -1.587842e+01 5.063719e+02
      vertex   -2.838037e+01 -1.587842e+01 5.060579e+02
      vertex   -2.683479e+01 -1.587842e+01 5.087503e+02
    endloop
  endfacet
  facet normal 0.000000e+00 -1.000000e+00 0.000000e+00
    outer loop
      vertex   -2.683479e+01 -1.587842e+01 5.087503e+02
      vertex   -2.838037e+01 -1.587842e+01 5.060579e+02
      vertex   -2.830600e+01 -1.587842e+01 5.057200e+02
    endloop
  endfacet
  facet normal 0.000000e+00 -1.000000e+00 -0.000000e+00
    outer loop
      vertex   -2.683479e+01 -1.587842e+01 5.087503e+02
      vertex   -2.830600e+01 -1.587842e+01 5.057200e+02
      vertex   -2.683479e+01 -1.587842e+01 5.027135e+02
    endloop
  endfacet
  facet normal 0.000000e+00 -1.000000e+00 0.000000e+00
    outer loop
      vertex   -2.683479e+01 -1.587842e+01 5.027135e+02
      vertex   -2.830600e+01 -1.587842e+01 5.057200e+02
      vertex   -2.830600e+01 -1.587842e+01 5.053740e+02
    endloop
  endfacet
  facet normal 0.000000e+00 -1.000000e+00 0.000000e+00
    outer loop
      vertex   -2.683479e+01 -1.587842e+01 5.027135e+02
      vertex   -2.830600e+01 -1.587842e+01 5.053740e+02
      vertex   -2.838037e+01 -1.587842e+01 5.050361e+02
    endloop
  endfacet
  facet normal 0.000000e+00 -1.000000e+00 -0.000000e+00
    outer loop
      vertex   -2.838037e+01 -1.587842e+01 5.050361e+02
      vertex   -2.852564e+01 -1.587842e+01 5.047221e+02
      vertex   -2.683479e+01 -1.587842e+01 5.027135e+02
    endloop
  endfacet
  facet normal 0.000000e+00 -1.000000e+00 0.000000e+00
    outer loop
      vertex   -2.683479e+01 -1.587842e+01 5.027135e+02
      vertex   -2.852564e+01 -1.587842e+01 5.047221e+02
      vertex   -2.873502e+01 -1.587842e+01 5.044467e+02
    endloop
  endfacet
  facet normal 0.000000e+00 -1.000000e+00 0.000000e+00
    outer loop
      vertex   -2.683479e+01 -1.587842e+01 5.027135e+02
      vertex   -2.873502e+01 -1.587842e+01 5.044467e+02
      vertex   -2.899872e+01 -1.587842e+01 5.042227e+02
    endloop
  endfacet
  facet normal 0.000000e+00 -1.000000e+00 0.000000e+00
    outer loop
      vertex   -2.683479e+01 -1.587842e+01 5.027135e+02
      vertex   -2.899872e+01 -1.587842e+01 5.042227e+02
      vertex   -2.927913e+01 -1.587842e+01 5.027135e+02
    endloop
  endfacet
  facet normal 0.000000e+00 -1.000000e+00 0.000000e+00
    outer loop
      vertex   -2.927913e+01 -1.587842e+01 5.027135e+02
      vertex   -2.899872e+01 -1.587842e+01 5.042227e+02
      vertex   -2.930439e+01 -1.587842e+01 5.040606e+02
    endloop
  endfacet
  facet normal 0.000000e+00 -1.000000e+00 0.000000e+00
    outer loop
      vertex   -2.927913e+01 -1.587842e+01 5.027135e+02
      vertex   -2.930439e+01 -1.587842e+01 5.040606e+02
      vertex   -2.963776e+01 -1.587842e+01 5.039681e+02
    endloop
  endfacet
  facet normal -0.000000e+00 -1.000000e+00 0.000000e+00
    outer loop
      vertex   -2.927913e+01 -1.587842e+01 5.027135e+02
      vertex   -2.963776e+01 -1.587842e+01 5.039681e+02
      vertex   -2.972993e+01 -1.587842e+01 5.026518e+02
    endloop
  endfacet
  facet normal 0.000000e+00 -1.000000e+00 0.000000e+00
    outer loop
      vertex   -2.972993e+01 -1.587842e+01 5.026518e+02
      vertex   -2.963776e+01 -1.587842e+01 5.039681e+02
      vertex   -2.998324e+01 -1.587842e+01 5.039493e+02
    endloop
  endfacet
  facet normal 0.000000e+00 -1.000000e+00 0.000000e+00
    outer loop
      vertex   -2.972993e+01 -1.587842e+01 5.026518e+02
      vertex   -2.998324e+01 -1.587842e+01 5.039493e+02
      vertex   -3.018483e+01 -1.587842e+01 5.026613e+02
    endloop
  endfacet
  facet normal 0.000000e+00 -1.000000e+00 0.000000e+00
    outer loop
      vertex   -3.018483e+01 -1.587842e+01 5.026613e+02
      vertex   -2.998324e+01 -1.587842e+01 5.039493e+02
      vertex   -3.032466e+01 -1.587842e+01 5.040053e+02
    endloop
  endfacet
  facet normal 0.000000e+00 -1.000000e+00 0.000000e+00
    outer loop
      vertex   -3.018483e+01 -1.587842e+01 5.026613e+02
      vertex   -3.032466e+01 -1.587842e+01 5.040053e+02
      vertex   -3.063264e+01 -1.587842e+01 5.027419e+02
    endloop
  endfacet
  facet normal 0.000000e+00 -1.000000e+00 0.000000e+00
    outer loop
      vertex   -3.063264e+01 -1.587842e+01 5.027419e+02
      vertex   -3.032466e+01 -1.587842e+01 5.040053e+02
      vertex   -3.106233e+01 -1.587842e+01 5.028916e+02
    endloop
  endfacet
  facet normal 0.000000e+00 -1.000000e+00 0.000000e+00
    outer loop
      vertex   -3.106233e+01 -1.587842e+01 5.028916e+02
      vertex   -3.032466e+01 -1.587842e+01 5.040053e+02
      vertex   -3.064607e+01 -1.587842e+01 5.041334e+02
    endloop
  endfacet
  facet normal 0.000000e+00 -1.000000e+00 0.000000e+00
    outer loop
      vertex   -3.106233e+01 -1.587842e+01 5.028916e+02
      vertex   -3.064607e+01 -1.587842e+01 5.041334e+02
      vertex   -3.146332e+01 -1.587842e+01 5.031066e+02
    endloop
  endfacet
  facet normal 0.000000e+00 -1.000000e+00 0.000000e+00
    outer loop
      vertex   -3.146332e+01 -1.587842e+01 5.031066e+02
      vertex   -3.064607e+01 -1.587842e+01 5.041334e+02
      vertex   -3.093243e+01 -1.587842e+01 5.043275e+02
    endloop
  endfacet
  facet normal 0.000000e+00 -1.000000e+00 0.000000e+00
    outer loop
      vertex   -3.146332e+01 -1.587842e+01 5.031066e+02
      vertex   -3.093243e+01 -1.587842e+01 5.043275e+02
      vertex   -3.182575e+01 -1.587842e+01 5.033817e+02
    endloop
  endfacet
  facet normal 0.000000e+00 -1.000000e+00 0.000000e+00
    outer loop
      vertex   -3.182575e+01 -1.587842e+01 5.033817e+02
      vertex   -3.093243e+01 -1.587842e+01 5.043275e+02
      vertex   -3.117036e+01 -1.587842e+01 5.045787e+02
    endloop
  endfacet
  facet normal 0.000000e+00 -1.000000e+00 0.000000e+00
    outer loop
      vertex   -3.182575e+01 -1.587842e+01 5.033817e+02
      vertex   -3.117036e+01 -1.587842e+01 5.045787e+02
      vertex   -3.214068e+01 -1.587842e+01 5.037101e+02
    endloop
  endfacet
  facet normal 0.000000e+00 -1.000000e+00 0.000000e+00
    outer loop
      vertex   -3.214068e+01 -1.587842e+01 5.037101e+02
      vertex   -3.117036e+01 -1.587842e+01 5.045787e+02
      vertex   -3.240038e+01 -1.587842e+01 5.040837e+02
    endloop
  endfacet
  facet normal 0.000000e+00 -1.000000e+00 0.000000e+00
    outer loop
      vertex   -3.240038e+01 -1.587842e+01 5.040837e+02
      vertex   -3.117036e+01 -1.587842e+01 5.045787e+02
      vertex   -3.134874e+01 -1.587842e+01 5.048752e+02
    endloop
  endfacet
  facet normal 0.000000e+00 -1.000000e+00 0.000000e+00
    outer loop
      vertex   -3.240038e+01 -1.587842e+01 5.040837e+02
      vertex   -3.134874e+01 -1.587842e+01 5.048752e+02
      vertex   -3.259844e+01 -1.587842e+01 5.044933e+02
    endloop
  endfacet
  facet normal 0.000000e+00 -1.000000e+00 0.000000e+00
    outer loop
      vertex   -3.259844e+01 -1.587842e+01 5.044933e+02
      vertex   -3.134874e+01 -1.587842e+01 5.048752e+02
      vertex   -3.145921e+01 -1.587842e+01 5.052030e+02
    endloop
  endfacet
  facet normal 9.951847e-01 0.000000e+00 9.801714e-02
    outer loop
      vertex   -3.299730e+01 -1.288185e+01 5.040641e+02
      vertex   -3.299730e+01 -1.388185e+01 5.040641e+02
      vertex   -3.295887e+01 -1.288185e+01 5.036739e+02
    endloop
  endfacet
  facet normal 9.951847e-01 0.000000e+00 9.801714e-02
    outer loop
      vertex   -3.295887e+01 -1.288185e+01 5.036739e+02
      vertex   -3.299730e+01 -1.388185e+01 5.040641e+02
      vertex   -3.295887e+01 -1.388185e+01 5.036739e+02
    endloop
  endfacet
  facet normal 9.569403e-01 0.000000e+00 2.902847e-01
    outer loop
      vertex   -3.295887e+01 -1.288185e+01 5.036739e+02
      vertex   -3.295887e+01 -1.388185e+01 5.036739e+02
      vertex   -3.284506e+01 -1.288185e+01 5.032987e+02
    endloop
  endfacet
  facet normal 9.569403e-01 0.000000e+00 2.902847e-01
    outer loop
      vertex   -3.284506e+01 -1.288185e+01 5.032987e+02
      vertex   -3.295887e+01 -1.388185e+01 5.036739e+02
      vertex   -3.284506e+01 -1.388185e+01 5.032987e+02
    endloop
  endfacet
  facet normal 8.819213e-01 0.000000e+00 4.713967e-01
    outer loop
      vertex   -3.284506e+01 -1.288185e+01 5.032987e+02
      vertex   -3.284506e+01 -1.388185e+01 5.032987e+02
      vertex   -3.266024e+01 -1.288185e+01 5.029530e+02
    endloop
  endfacet
  facet normal 8.819213e-01 0.000000e+00 4.713967e-01
    outer loop
      vertex   -3.266024e+01 -1.288185e+01 5.029530e+02
      vertex   -3.284506e+01 -1.388185e+01 5.032987e+02
      vertex   -3.266024e+01 -1.388185e+01 5.029530e+02
    endloop
  endfacet
  facet normal 7.730105e-01 0.000000e+00 6.343933e-01
    outer loop
      vertex   -3.266024e+01 -1.288185e+01 5.029530e+02
      vertex   -3.266024e+01 -1.388185e+01 5.029530e+02
      vertex   -3.241151e+01 -1.288185e+01 5.026499e+02
    endloop
  endfacet
  facet normal 7.730105e-01 0.000000e+00 6.343933e-01
    outer loop
      vertex   -3.241151e+01 -1.288185e+01 5.026499e+02
      vertex   -3.266024e+01 -1.388185e+01 5.029530e+02
      vertex   -3.241151e+01 -1.388185e+01 5.026499e+02
    endloop
  endfacet
  facet normal 6.343933e-01 0.000000e+00 7.730105e-01
    outer loop
      vertex   -3.241151e+01 -1.288185e+01 5.026499e+02
      vertex   -3.241151e+01 -1.388185e+01 5.026499e+02
      vertex   -3.210844e+01 -1.288185e+01 5.024012e+02
    endloop
  endfacet
  facet normal 6.343933e-01 0.000000e+00 7.730105e-01
    outer loop
      vertex   -3.210844e+01 -1.288185e+01 5.024012e+02
      vertex   -3.241151e+01 -1.388185e+01 5.026499e+02
      vertex   -3.210844e+01 -1.388185e+01 5.024012e+02
    endloop
  endfacet
  facet normal 4.713967e-01 0.000000e+00 8.819213e-01
    outer loop
      vertex   -3.210844e+01 -1.288185e+01 5.024012e+02
      vertex   -3.210844e+01 -1.388185e+01 5.024012e+02
      vertex   -3.176266e+01 -1.288185e+01 5.022163e+02
    endloop
  endfacet
  facet normal 4.713967e-01 0.000000e+00 8.819213e-01
    outer loop
      vertex   -3.176266e+01 -1.288185e+01 5.022163e+02
      vertex   -3.210844e+01 -1.388185e+01 5.024012e+02
      vertex   -3.176266e+01 -1.388185e+01 5.022163e+02
    endloop
  endfacet
  facet normal 2.902847e-01 0.000000e+00 9.569403e-01
    outer loop
      vertex   -3.176266e+01 -1.288185e+01 5.022163e+02
      vertex   -3.176266e+01 -1.388185e+01 5.022163e+02
      vertex   -3.138748e+01 -1.288185e+01 5.021025e+02
    endloop
  endfacet
  facet normal 2.902847e-01 0.000000e+00 9.569403e-01
    outer loop
      vertex   -3.138748e+01 -1.288185e+01 5.021025e+02
      vertex   -3.176266e+01 -1.388185e+01 5.022163e+02
      vertex   -3.138748e+01 -1.388185e+01 5.021025e+02
    endloop
  endfacet
  facet normal 9.801714e-02 0.000000e+00 9.951847e-01
    outer loop
      vertex   -3.138748e+01 -1.288185e+01 5.021025e+02
      vertex   -3.138748e+01 -1.388185e+01 5.021025e+02
      vertex   -3.099730e+01 -1.288185e+01 5.020641e+02
    endloop
  endfacet
  facet normal 9.801714e-02 0.000000e+00 9.951847e-01
    outer loop
      vertex   -3.099730e+01 -1.288185e+01 5.020641e+02
      vertex   -3.138748e+01 -1.388185e+01 5.021025e+02
      vertex   -3.099730e+01 -1.388185e+01 5.020641e+02
    endloop
  endfacet
  facet normal 0.000000e+00 0.000000e+00 1.000000e+00
    outer loop
      vertex   -3.099730e+01 -1.388185e+01 5.020641e+02
      vertex   -2.683479e+01 -1.388185e+01 5.020641e+02
      vertex   -3.099730e+01 -1.288185e+01 5.020641e+02
    endloop
  endfacet
  facet normal -0.000000e+00 0.000000e+00 1.000000e+00
    outer loop
      vertex   -3.099730e+01 -1.288185e+01 5.020641e+02
      vertex   -2.683479e+01 -1.388185e+01 5.020641e+02
      vertex   -2.683479e+01 -1.288185e+01 5.020641e+02
    endloop
  endfacet
  facet normal 0.000000e+00 1.000000e+00 0.000000e+00
    outer loop
      vertex   -3.298480e+01 -1.388185e+01 5.087502e+02
      vertex   -3.141286e+01 -1.388185e+01 5.060579e+02
      vertex   -3.299730e+01 -1.388185e+01 5.087500e+02
    endloop
  endfacet
  facet normal 0.000000e+00 1.000000e+00 0.000000e+00
    outer loop
      vertex   -3.299730e+01 -1.388185e+01 5.087500e+02
      vertex   -3.141286e+01 -1.388185e+01 5.060579e+02
      vertex   -3.148724e+01 -1.388185e+01 5.057200e+02
    endloop
  endfacet
  facet normal 0.000000e+00 1.000000e+00 0.000000e+00
    outer loop
      vertex   -3.299730e+01 -1.388185e+01 5.087500e+02
      vertex   -3.148724e+01 -1.388185e+01 5.057200e+02
      vertex   -3.299730e+01 -1.388185e+01 5.040641e+02
    endloop
  endfacet
  facet normal 0.000000e+00 1.000000e+00 0.000000e+00
    outer loop
      vertex   -3.299730e+01 -1.388185e+01 5.040641e+02
      vertex   -3.148724e+01 -1.388185e+01 5.057200e+02
      vertex   -3.148724e+01 -1.388185e+01 5.053740e+02
    endloop
  endfacet
  facet normal 0.000000e+00 1.000000e+00 0.000000e+00
    outer loop
      vertex   -3.299730e+01 -1.388185e+01 5.040641e+02
      vertex   -3.148724e+01 -1.388185e+01 5.053740e+02
      vertex   -3.141286e+01 -1.388185e+01 5.050361e+02
    endloop
  endfacet
  facet normal -0.000000e+00 1.000000e+00 0.000000e+00
    outer loop
      vertex   -3.298480e+01 -1.388185e+01 5.087502e+02
      vertex   -3.297229e+01 -1.388185e+01 5.087503e+02
      vertex   -3.141286e+01 -1.388185e+01 5.060579e+02
    endloop
  endfacet
  facet normal -2.836600e-13 1.000000e+00 -1.642945e-13
    outer loop
      vertex   -3.141286e+01 -1.388185e+01 5.060579e+02
      vertex   -3.297229e+01 -1.388185e+01 5.087503e+02
      vertex   -3.295979e+01 -1.388185e+01 5.087503e+02
    endloop
  endfacet
  facet normal 1.272192e-15 1.000000e+00 -5.885785e-16
    outer loop
      vertex   -3.141286e+01 -1.388185e+01 5.060579e+02
      vertex   -3.295979e+01 -1.388185e+01 5.087503e+02
      vertex   -3.126759e+01 -1.388185e+01 5.063719e+02
    endloop
  endfacet
  facet normal 1.014987e-15 1.000000e+00 -7.715729e-16
    outer loop
      vertex   -3.126759e+01 -1.388185e+01 5.063719e+02
      vertex   -3.295979e+01 -1.388185e+01 5.087503e+02
      vertex   -3.105821e+01 -1.388185e+01 5.066473e+02
    endloop
  endfacet
  facet normal 8.115949e-16 1.000000e+00 -9.554834e-16
    outer loop
      vertex   -3.105821e+01 -1.388185e+01 5.066473e+02
      vertex   -3.295979e+01 -1.388185e+01 5.087503e+02
      vertex   -3.079452e+01 -1.388185e+01 5.068713e+02
    endloop
  endfacet
  facet normal 6.222448e-16 1.000000e+00 -1.173678e-15
    outer loop
      vertex   -3.079452e+01 -1.388185e+01 5.068713e+02
      vertex   -3.295979e+01 -1.388185e+01 5.087503e+02
      vertex   -3.048884e+01 -1.388185e+01 5.070333e+02
    endloop
  endfacet
  facet normal 4.104841e-16 1.000000e+00 -1.478430e-15
    outer loop
      vertex   -3.048884e+01 -1.388185e+01 5.070333e+02
      vertex   -3.295979e+01 -1.388185e+01 5.087503e+02
      vertex   -3.015547e+01 -1.388185e+01 5.071259e+02
    endloop
  endfacet
  facet normal 1.084306e-16 1.000000e+00 -1.999884e-15
    outer loop
      vertex   -3.015547e+01 -1.388185e+01 5.071259e+02
      vertex   -3.295979e+01 -1.388185e+01 5.087503e+02
      vertex   -2.980999e+01 -1.388185e+01 5.071446e+02
    endloop
  endfacet
  facet normal 5.800349e-16 1.000000e+00 -1.074758e-15
    outer loop
      vertex   -2.980999e+01 -1.388185e+01 5.071446e+02
      vertex   -3.295979e+01 -1.388185e+01 5.087503e+02
      vertex   -2.683479e+01 -1.388185e+01 5.087503e+02
    endloop
  endfacet
  facet normal -0.000000e+00 1.000000e+00 0.000000e+00
    outer loop
      vertex   -2.980999e+01 -1.388185e+01 5.071446e+02
      vertex   -2.683479e+01 -1.388185e+01 5.087503e+02
      vertex   -2.946857e+01 -1.388185e+01 5.070887e+02
    endloop
  endfacet
  facet normal -0.000000e+00 1.000000e+00 0.000000e+00
    outer loop
      vertex   -2.946857e+01 -1.388185e+01 5.070887e+02
      vertex   -2.683479e+01 -1.388185e+01 5.087503e+02
      vertex   -2.914716e+01 -1.388185e+01 5.069606e+02
    endloop
  endfacet
  facet normal -0.000000e+00 1.000000e+00 0.000000e+00
    outer loop
      vertex   -2.914716e+01 -1.388185e+01 5.069606e+02
      vertex   -2.683479e+01 -1.388185e+01 5.087503e+02
      vertex   -2.886080e+01 -1.388185e+01 5.067664e+02
    endloop
  endfacet
  facet normal -0.000000e+00 1.000000e+00 0.000000e+00
    outer loop
      vertex   -2.886080e+01 -1.388185e+01 5.067664e+02
      vertex   -2.683479e+01 -1.388185e+01 5.087503e+02
      vertex   -2.862287e+01 -1.388185e+01 5.065153e+02
    endloop
  endfacet
  facet normal -0.000000e+00 1.000000e+00 0.000000e+00
    outer loop
      vertex   -2.862287e+01 -1.388185e+01 5.065153e+02
      vertex   -2.683479e+01 -1.388185e+01 5.087503e+02
      vertex   -2.844450e+01 -1.388185e+01 5.062188e+02
    endloop
  endfacet
  facet normal -0.000000e+00 1.000000e+00 0.000000e+00
    outer loop
      vertex   -2.844450e+01 -1.388185e+01 5.062188e+02
      vertex   -2.683479e+01 -1.388185e+01 5.087503e+02
      vertex   -2.833402e+01 -1.388185e+01 5.058909e+02
    endloop
  endfacet
  facet normal -0.000000e+00 1.000000e+00 0.000000e+00
    outer loop
      vertex   -2.833402e+01 -1.388185e+01 5.058909e+02
      vertex   -2.683479e+01 -1.388185e+01 5.087503e+02
      vertex   -2.829662e+01 -1.388185e+01 5.055470e+02
    endloop
  endfacet
  facet normal -0.000000e+00 1.000000e+00 0.000000e+00
    outer loop
      vertex   -2.829662e+01 -1.388185e+01 5.055470e+02
      vertex   -2.683479e+01 -1.388185e+01 5.087503e+02
      vertex   -2.683479e+01 -1.388185e+01 5.020641e+02
    endloop
  endfacet
  facet normal 0.000000e+00 1.000000e+00 0.000000e+00
    outer loop
      vertex   -2.829662e+01 -1.388185e+01 5.055470e+02
      vertex   -2.683479e+01 -1.388185e+01 5.020641e+02
      vertex   -2.833402e+01 -1.388185e+01 5.052030e+02
    endloop
  endfacet
  facet normal 0.000000e+00 1.000000e+00 0.000000e+00
    outer loop
      vertex   -2.833402e+01 -1.388185e+01 5.052030e+02
      vertex   -2.683479e+01 -1.388185e+01 5.020641e+02
      vertex   -2.844450e+01 -1.388185e+01 5.048752e+02
    endloop
  endfacet
  facet normal 0.000000e+00 1.000000e+00 0.000000e+00
    outer loop
      vertex   -2.844450e+01 -1.388185e+01 5.048752e+02
      vertex   -2.683479e+01 -1.388185e+01 5.020641e+02
      vertex   -2.862287e+01 -1.388185e+01 5.045787e+02
    endloop
  endfacet
  facet normal 0.000000e+00 1.000000e+00 0.000000e+00
    outer loop
      vertex   -2.862287e+01 -1.388185e+01 5.045787e+02
      vertex   -2.683479e+01 -1.388185e+01 5.020641e+02
      vertex   -2.886080e+01 -1.388185e+01 5.043275e+02
    endloop
  endfacet
  facet normal 0.000000e+00 1.000000e+00 0.000000e+00
    outer loop
      vertex   -2.886080e+01 -1.388185e+01 5.043275e+02
      vertex   -2.683479e+01 -1.388185e+01 5.020641e+02
      vertex   -2.914716e+01 -1.388185e+01 5.041334e+02
    endloop
  endfacet
  facet normal 0.000000e+00 1.000000e+00 0.000000e+00
    outer loop
      vertex   -2.914716e+01 -1.388185e+01 5.041334e+02
      vertex   -2.683479e+01 -1.388185e+01 5.020641e+02
      vertex   -2.946857e+01 -1.388185e+01 5.040053e+02
    endloop
  endfacet
  facet normal 0.000000e+00 1.000000e+00 0.000000e+00
    outer loop
      vertex   -2.946857e+01 -1.388185e+01 5.040053e+02
      vertex   -2.683479e+01 -1.388185e+01 5.020641e+02
      vertex   -3.099730e+01 -1.388185e+01 5.020641e+02
    endloop
  endfacet
  facet normal 0.000000e+00 1.000000e+00 0.000000e+00
    outer loop
      vertex   -2.946857e+01 -1.388185e+01 5.040053e+02
      vertex   -3.099730e+01 -1.388185e+01 5.020641e+02
      vertex   -2.980999e+01 -1.388185e+01 5.039493e+02
    endloop
  endfacet
  facet normal 0.000000e+00 1.000000e+00 0.000000e+00
    outer loop
      vertex   -2.980999e+01 -1.388185e+01 5.039493e+02
      vertex   -3.099730e+01 -1.388185e+01 5.020641e+02
      vertex   -3.015547e+01 -1.388185e+01 5.039681e+02
    endloop
  endfacet
  facet normal 0.000000e+00 1.000000e+00 0.000000e+00
    outer loop
      vertex   -3.015547e+01 -1.388185e+01 5.039681e+02
      vertex   -3.099730e+01 -1.388185e+01 5.020641e+02
      vertex   -3.048884e+01 -1.388185e+01 5.040606e+02
    endloop
  endfacet
  facet normal 0.000000e+00 1.000000e+00 0.000000e+00
    outer loop
      vertex   -3.048884e+01 -1.388185e+01 5.040606e+02
      vertex   -3.099730e+01 -1.388185e+01 5.020641e+02
      vertex   -3.079452e+01 -1.388185e+01 5.042227e+02
    endloop
  endfacet
  facet normal 0.000000e+00 1.000000e+00 0.000000e+00
    outer loop
      vertex   -3.079452e+01 -1.388185e+01 5.042227e+02
      vertex   -3.099730e+01 -1.388185e+01 5.020641e+02
      vertex   -3.138748e+01 -1.388185e+01 5.021025e+02
    endloop
  endfacet
  facet normal 0.000000e+00 1.000000e+00 0.000000e+00
    outer loop
      vertex   -3.079452e+01 -1.388185e+01 5.042227e+02
      vertex   -3.138748e+01 -1.388185e+01 5.021025e+02
      vertex   -3.176266e+01 -1.388185e+01 5.022163e+02
    endloop
  endfacet
  facet normal 0.000000e+00 1.000000e+00 -0.000000e+00
    outer loop
      vertex   -3.176266e+01 -1.388185e+01 5.022163e+02
      vertex   -3.210844e+01 -1.388185e+01 5.024012e+02
      vertex   -3.079452e+01 -1.388185e+01 5.042227e+02
    endloop
  endfacet
  facet normal 0.000000e+00 1.000000e+00 0.000000e+00
    outer loop
      vertex   -3.079452e+01 -1.388185e+01 5.042227e+02
      vertex   -3.210844e+01 -1.388185e+01 5.024012e+02
      vertex   -3.105821e+01 -1.388185e+01 5.044467e+02
    endloop
  endfacet
  facet normal 0.000000e+00 1.000000e+00 0.000000e+00
    outer loop
      vertex   -3.105821e+01 -1.388185e+01 5.044467e+02
      vertex   -3.210844e+01 -1.388185e+01 5.024012e+02
      vertex   -3.241151e+01 -1.388185e+01 5.026499e+02
    endloop
  endfacet
  facet normal 0.000000e+00 1.000000e+00 0.000000e+00
    outer loop
      vertex   -3.105821e+01 -1.388185e+01 5.044467e+02
      vertex   -3.241151e+01 -1.388185e+01 5.026499e+02
      vertex   -3.266024e+01 -1.388185e+01 5.029530e+02
    endloop
  endfacet
  facet normal 0.000000e+00 1.000000e+00 -0.000000e+00
    outer loop
      vertex   -3.266024e+01 -1.388185e+01 5.029530e+02
      vertex   -3.284506e+01 -1.388185e+01 5.032987e+02
      vertex   -3.105821e+01 -1.388185e+01 5.044467e+02
    endloop
  endfacet
  facet normal 0.000000e+00 1.000000e+00 0.000000e+00
    outer loop
      vertex   -3.105821e+01 -1.388185e+01 5.044467e+02
      vertex   -3.284506e+01 -1.388185e+01 5.032987e+02
      vertex   -3.295887e+01 -1.388185e+01 5.036739e+02
    endloop
  endfacet
  facet normal 0.000000e+00 1.000000e+00 0.000000e+00
    outer loop
      vertex   -3.105821e+01 -1.388185e+01 5.044467e+02
      vertex   -3.295887e+01 -1.388185e+01 5.036739e+02
      vertex   -3.126759e+01 -1.388185e+01 5.047221e+02
    endloop
  endfacet
  facet normal 0.000000e+00 1.000000e+00 0.000000e+00
    outer loop
      vertex   -3.126759e+01 -1.388185e+01 5.047221e+02
      vertex   -3.295887e+01 -1.388185e+01 5.036739e+02
      vertex   -3.299730e+01 -1.388185e+01 5.040641e+02
    endloop
  endfacet
  facet normal 0.000000e+00 1.000000e+00 0.000000e+00
    outer loop
      vertex   -3.126759e+01 -1.388185e+01 5.047221e+02
      vertex   -3.299730e+01 -1.388185e+01 5.040641e+02
      vertex   -3.141286e+01 -1.388185e+01 5.050361e+02
    endloop
  endfacet
  facet normal 9.941270e-01 4.697620e-03 1.081178e-01
    outer loop
      vertex   -3.145921e+01 -1.587842e+01 5.052030e+02
      vertex   -3.148724e+01 -1.388185e+01 5.053740e+02
      vertex   -3.149662e+01 -1.587842e+01 5.055470e+02
    endloop
  endfacet
  facet normal 9.999890e-01 -4.697620e-03 0.000000e+00
    outer loop
      vertex   -3.149662e+01 -1.587842e+01 5.055470e+02
      vertex   -3.148724e+01 -1.388185e+01 5.053740e+02
      vertex   -3.148724e+01 -1.388185e+01 5.057200e+02
    endloop
  endfacet
  facet normal 9.941270e-01 4.697620e-03 -1.081178e-01
    outer loop
      vertex   -3.149662e+01 -1.587842e+01 5.055470e+02
      vertex   -3.148724e+01 -1.388185e+01 5.057200e+02
      vertex   -3.145921e+01 -1.587842e+01 5.058909e+02
    endloop
  endfacet
  facet normal 9.766098e-01 -4.697620e-03 -2.149681e-01
    outer loop
      vertex   -3.145921e+01 -1.587842e+01 5.058909e+02
      vertex   -3.148724e+01 -1.388185e+01 5.057200e+02
      vertex   -3.141286e+01 -1.388185e+01 5.060579e+02
    endloop
  endfacet
  facet normal 9.476427e-01 4.697620e-03 -3.192980e-01
    outer loop
      vertex   -3.145921e+01 -1.587842e+01 5.058909e+02
      vertex   -3.141286e+01 -1.388185e+01 5.060579e+02
      vertex   -3.134874e+01 -1.587842e+01 5.062188e+02
    endloop
  endfacet
  facet normal 9.075654e-01 -4.697620e-03 -4.198845e-01
    outer loop
      vertex   -3.134874e+01 -1.587842e+01 5.062188e+02
      vertex   -3.141286e+01 -1.388185e+01 5.060579e+02
      vertex   -3.126759e+01 -1.388185e+01 5.063719e+02
    endloop
  endfacet
  facet normal 8.568477e-01 4.697620e-03 -5.155482e-01
    outer loop
      vertex   -3.134874e+01 -1.587842e+01 5.062188e+02
      vertex   -3.126759e+01 -1.388185e+01 5.063719e+02
      vertex   -3.117036e+01 -1.587842e+01 5.065153e+02
    endloop
  endfacet
  facet normal 7.960843e-01 -4.697620e-03 -6.051675e-01
    outer loop
      vertex   -3.117036e+01 -1.587842e+01 5.065153e+02
      vertex   -3.126759e+01 -1.388185e+01 5.063719e+02
      vertex   -3.105821e+01 -1.388185e+01 5.066473e+02
    endloop
  endfacet
  facet normal 7.259875e-01 4.697620e-03 -6.876919e-01
    outer loop
      vertex   -3.117036e+01 -1.587842e+01 5.065153e+02
      vertex   -3.105821e+01 -1.388185e+01 5.066473e+02
      vertex   -3.093243e+01 -1.587842e+01 5.067664e+02
    endloop
  endfacet
  facet normal 6.473791e-01 -4.697620e-03 -7.621536e-01
    outer loop
      vertex   -3.093243e+01 -1.587842e+01 5.067664e+02
      vertex   -3.105821e+01 -1.388185e+01 5.066473e+02
      vertex   -3.079452e+01 -1.388185e+01 5.068713e+02
    endloop
  endfacet
  facet normal 5.611809e-01 4.697620e-03 -8.276799e-01
    outer loop
      vertex   -3.093243e+01 -1.587842e+01 5.067664e+02
      vertex   -3.079452e+01 -1.388185e+01 5.068713e+02
      vertex   -3.064607e+01 -1.587842e+01 5.069606e+02
    endloop
  endfacet
  facet normal 4.684033e-01 -4.697620e-03 -8.835023e-01
    outer loop
      vertex   -3.064607e+01 -1.587842e+01 5.069606e+02
      vertex   -3.079452e+01 -1.388185e+01 5.068713e+02
      vertex   -3.048884e+01 -1.388185e+01 5.070333e+02
    endloop
  endfacet
  facet normal 3.701341e-01 4.697620e-03 -9.289665e-01
    outer loop
      vertex   -3.064607e+01 -1.587842e+01 5.069606e+02
      vertex   -3.048884e+01 -1.388185e+01 5.070333e+02
      vertex   -3.032466e+01 -1.587842e+01 5.070887e+02
    endloop
  endfacet
  facet normal 2.675254e-01 -4.697620e-03 -9.635394e-01
    outer loop
      vertex   -3.032466e+01 -1.587842e+01 5.070887e+02
      vertex   -3.048884e+01 -1.388185e+01 5.070333e+02
      vertex   -3.015547e+01 -1.388185e+01 5.071259e+02
    endloop
  endfacet
  facet normal 1.617802e-01 4.697620e-03 -9.868156e-01
    outer loop
      vertex   -3.032466e+01 -1.587842e+01 5.070887e+02
      vertex   -3.015547e+01 -1.388185e+01 5.071259e+02
      vertex   -2.998324e+01 -1.587842e+01 5.071446e+02
    endloop
  endfacet
  facet normal 5.413831e-02 -4.697620e-03 -9.985224e-01
    outer loop
      vertex   -2.998324e+01 -1.587842e+01 5.071446e+02
      vertex   -3.015547e+01 -1.388185e+01 5.071259e+02
      vertex   -2.980999e+01 -1.388185e+01 5.071446e+02
    endloop
  endfacet
  facet normal -5.413831e-02 4.697620e-03 -9.985224e-01
    outer loop
      vertex   -2.998324e+01 -1.587842e+01 5.071446e+02
      vertex   -2.980999e+01 -1.388185e+01 5.071446e+02
      vertex   -2.963776e+01 -1.587842e+01 5.071259e+02
    endloop
  endfacet
  facet normal -1.617802e-01 -4.697620e-03 -9.868156e-01
    outer loop
      vertex   -2.963776e+01 -1.587842e+01 5.071259e+02
      vertex   -2.980999e+01 -1.388185e+01 5.071446e+02
      vertex   -2.946857e+01 -1.388185e+01 5.070887e+02
    endloop
  endfacet
  facet normal -2.675254e-01 4.697620e-03 -9.635394e-01
    outer loop
      vertex   -2.963776e+01 -1.587842e+01 5.071259e+02
      vertex   -2.946857e+01 -1.388185e+01 5.070887e+02
      vertex   -2.930439e+01 -1.587842e+01 5.070333e+02
    endloop
  endfacet
  facet normal -3.701341e-01 -4.697620e-03 -9.289665e-01
    outer loop
      vertex   -2.930439e+01 -1.587842e+01 5.070333e+02
      vertex   -2.946857e+01 -1.388185e+01 5.070887e+02
      vertex   -2.914716e+01 -1.388185e+01 5.069606e+02
    endloop
  endfacet
  facet normal -4.684033e-01 4.697620e-03 -8.835023e-01
    outer loop
      vertex   -2.930439e+01 -1.587842e+01 5.070333e+02
      vertex   -2.914716e+01 -1.388185e+01 5.069606e+02
      vertex   -2.899872e+01 -1.587842e+01 5.068713e+02
    endloop
  endfacet
  facet normal -5.611809e-01 -4.697620e-03 -8.276799e-01
    outer loop
      vertex   -2.899872e+01 -1.587842e+01 5.068713e+02
      vertex   -2.914716e+01 -1.388185e+01 5.069606e+02
      vertex   -2.886080e+01 -1.388185e+01 5.067664e+02
    endloop
  endfacet
  facet normal -6.473791e-01 4.697620e-03 -7.621536e-01
    outer loop
      vertex   -2.899872e+01 -1.587842e+01 5.068713e+02
      vertex   -2.886080e+01 -1.388185e+01 5.067664e+02
      vertex   -2.873502e+01 -1.587842e+01 5.066473e+02
    endloop
  endfacet
  facet normal -7.259875e-01 -4.697620e-03 -6.876919e-01
    outer loop
      vertex   -2.873502e+01 -1.587842e+01 5.066473e+02
      vertex   -2.886080e+01 -1.388185e+01 5.067664e+02
      vertex   -2.862287e+01 -1.388185e+01 5.065153e+02
    endloop
  endfacet
  facet normal -7.960843e-01 4.697620e-03 -6.051675e-01
    outer loop
      vertex   -2.873502e+01 -1.587842e+01 5.066473e+02
      vertex   -2.862287e+01 -1.388185e+01 5.065153e+02
      vertex   -2.852564e+01 -1.587842e+01 5.063719e+02
    endloop
  endfacet
  facet normal -8.568477e-01 -4.697620e-03 -5.155482e-01
    outer loop
      vertex   -2.852564e+01 -1.587842e+01 5.063719e+02
      vertex   -2.862287e+01 -1.388185e+01 5.065153e+02
      vertex   -2.844450e+01 -1.388185e+01 5.062188e+02
    endloop
  endfacet
  facet normal -9.075654e-01 4.697620e-03 -4.198845e-01
    outer loop
      vertex   -2.852564e+01 -1.587842e+01 5.063719e+02
      vertex   -2.844450e+01 -1.388185e+01 5.062188e+02
      vertex   -2.838037e+01 -1.587842e+01 5.060579e+02
    endloop
  endfacet
  facet normal -9.476427e-01 -4.697620e-03 -3.192980e-01
    outer loop
      vertex   -2.838037e+01 -1.587842e+01 5.060579e+02
      vertex   -2.844450e+01 -1.388185e+01 5.062188e+02
      vertex   -2.833402e+01 -1.388185e+01 5.058909e+02
    endloop
  endfacet
  facet normal -9.766098e-01 4.697620e-03 -2.149681e-01
    outer loop
      vertex   -2.838037e+01 -1.587842e+01 5.060579e+02
      vertex   -2.833402e+01 -1.388185e+01 5.058909e+02
      vertex   -2.830600e+01 -1.587842e+01 5.057200e+02
    endloop
  endfacet
  facet normal -9.941270e-01 -4.697620e-03 -1.081178e-01
    outer loop
      vertex   -2.830600e+01 -1.587842e+01 5.057200e+02
      vertex   -2.833402e+01 -1.388185e+01 5.058909e+02
      vertex   -2.829662e+01 -1.388185e+01 5.055470e+02
    endloop
  endfacet
  facet normal -9.999890e-01 4.697620e-03 0.000000e+00
    outer loop
      vertex   -2.830600e+01 -1.587842e+01 5.057200e+02
      vertex   -2.829662e+01 -1.388185e+01 5.055470e+02
      vertex   -2.830600e+01 -1.587842e+01 5.053740e+02
    endloop
  endfacet
  facet normal -9.941270e-01 -4.697620e-03 1.081178e-01
    outer loop
      vertex   -2.830600e+01 -1.587842e+01 5.053740e+02
      vertex   -2.829662e+01 -1.388185e+01 5.055470e+02
      vertex   -2.833402e+01 -1.388185e+01 5.052030e+02
    endloop
  endfacet
  facet normal -9.766098e-01 4.697620e-03 2.149681e-01
    outer loop
      vertex   -2.830600e+01 -1.587842e+01 5.053740e+02
      vertex   -2.833402e+01 -1.388185e+01 5.052030e+02
      vertex   -2.838037e+01 -1.587842e+01 5.050361e+02
    endloop
  endfacet
  facet normal -9.476427e-01 -4.697620e-03 3.192980e-01
    outer loop
      vertex   -2.838037e+01 -1.587842e+01 5.050361e+02
      vertex   -2.833402e+01 -1.388185e+01 5.052030e+02
      vertex   -2.844450e+01 -1.388185e+01 5.048752e+02
    endloop
  endfacet
  facet normal -9.075654e-01 4.697620e-03 4.198845e-01
    outer loop
      vertex   -2.838037e+01 -1.587842e+01 5.050361e+02
      vertex   -2.844450e+01 -1.388185e+01 5.048752e+02
      vertex   -2.852564e+01 -1.587842e+01 5.047221e+02
    endloop
  endfacet
  facet normal -8.568477e-01 -4.697620e-03 5.155482e-01
    outer loop
      vertex   -2.852564e+01 -1.587842e+01 5.047221e+02
      vertex   -2.844450e+01 -1.388185e+01 5.048752e+02
      vertex   -2.862287e+01 -1.388185e+01 5.045787e+02
    endloop
  endfacet
  facet normal -7.960843e-01 4.697620e-03 6.051675e-01
    outer loop
      vertex   -2.852564e+01 -1.587842e+01 5.047221e+02
      vertex   -2.862287e+01 -1.388185e+01 5.045787e+02
      vertex   -2.873502e+01 -1.587842e+01 5.044467e+02
    endloop
  endfacet
  facet normal -7.259875e-01 -4.697620e-03 6.876919e-01
    outer loop
      vertex   -2.873502e+01 -1.587842e+01 5.044467e+02
      vertex   -2.862287e+01 -1.388185e+01 5.045787e+02
      vertex   -2.886080e+01 -1.388185e+01 5.043275e+02
    endloop
  endfacet
  facet normal -6.473791e-01 4.697620e-03 7.621536e-01
    outer loop
      vertex   -2.873502e+01 -1.587842e+01 5.044467e+02
      vertex   -2.886080e+01 -1.388185e+01 5.043275e+02
      vertex   -2.899872e+01 -1.587842e+01 5.042227e+02
    endloop
  endfacet
  facet normal -5.611809e-01 -4.697620e-03 8.276799e-01
    outer loop
      vertex   -2.899872e+01 -1.587842e+01 5.042227e+02
      vertex   -2.886080e+01 -1.388185e+01 5.043275e+02
      vertex   -2.914716e+01 -1.388185e+01 5.041334e+02
    endloop
  endfacet
  facet normal -4.684033e-01 4.697620e-03 8.835023e-01
    outer loop
      vertex   -2.899872e+01 -1.587842e+01 5.042227e+02
      vertex   -2.914716e+01 -1.388185e+01 5.041334e+02
      vertex   -2.930439e+01 -1.587842e+01 5.040606e+02
    endloop
  endfacet
  facet normal -3.701341e-01 -4.697620e-03 9.289665e-01
    outer loop
      vertex   -2.930439e+01 -1.587842e+01 5.040606e+02
      vertex   -2.914716e+01 -1.388185e+01 5.041334e+02
      vertex   -2.946857e+01 -1.388185e+01 5.040053e+02
    endloop
  endfacet
  facet normal -2.675254e-01 4.697620e-03 9.635394e-01
    outer loop
      vertex   -2.930439e+01 -1.587842e+01 5.040606e+02
      vertex   -2.946857e+01 -1.388185e+01 5.040053e+02
      vertex   -2.963776e+01 -1.587842e+01 5.039681e+02
    endloop
  endfacet
  facet normal -1.617802e-01 -4.697620e-03 9.868156e-01
    outer loop
      vertex   -2.963776e+01 -1.587842e+01 5.039681e+02
      vertex   -2.946857e+01 -1.388185e+01 5.040053e+02
      vertex   -2.980999e+01 -1.388185e+01 5.039493e+02
    endloop
  endfacet
  facet normal -5.413831e-02 4.697620e-03 9.985224e-01
    outer loop
      vertex   -2.963776e+01 -1.587842e+01 5.039681e+02
      vertex   -2.980999e+01 -1.388185e+01 5.039493e+02
      vertex   -2.998324e+01 -1.587842e+01 5.039493e+02
    endloop
  endfacet
  facet normal 5.413831e-02 -4.697620e-03 9.985224e-01
    outer loop
      vertex   -2.998324e+01 -1.587842e+01 5.039493e+02
      vertex   -2.980999e+01 -1.388185e+01 5.039493e+02
      vertex   -3.015547e+01 -1.388185e+01 5.039681e+02
    endloop
  endfacet
  facet normal 1.617802e-01 4.697620e-03 9.868156e-01
    outer loop
      vertex   -2.998324e+01 -1.587842e+01 5.039493e+02
      vertex   -3.015547e+01 -1.388185e+01 5.039681e+02
      vertex   -3.032466e+01 -1.587842e+01 5.040053e+02
    endloop
  endfacet
  facet normal 2.675254e-01 -4.697620e-03 9.635394e-01
    outer loop
      vertex   -3.032466e+01 -1.587842e+01 5.040053e+02
      vertex   -3.015547e+01 -1.388185e+01 5.039681e+02
      vertex   -3.048884e+01 -1.388185e+01 5.040606e+02
    endloop
  endfacet
  facet normal 3.701341e-01 4.697620e-03 9.289665e-01
    outer loop
      vertex   -3.032466e+01 -1.587842e+01 5.040053e+02
      vertex   -3.048884e+01 -1.388185e+01 5.040606e+02
      vertex   -3.064607e+01 -1.587842e+01 5.041334e+02
    endloop
  endfacet
  facet normal 4.684033e-01 -4.697620e-03 8.835023e-01
    outer loop
      vertex   -3.064607e+01 -1.587842e+01 5.041334e+02
      vertex   -3.048884e+01 -1.388185e+01 5.040606e+02
      vertex   -3.079452e+01 -1.388185e+01 5.042227e+02
    endloop
  endfacet
  facet normal 5.611809e-01 4.697620e-03 8.276799e-01
    outer loop
      vertex   -3.064607e+01 -1.587842e+01 5.041334e+02
      vertex   -3.079452e+01 -1.388185e+01 5.042227e+02
      vertex   -3.093243e+01 -1.587842e+01 5.043275e+02
    endloop
  endfacet
  facet normal 6.473791e-01 -4.697620e-03 7.621536e-01
    outer loop
      vertex   -3.093243e+01 -1.587842e+01 5.043275e+02
      vertex   -3.079452e+01 -1.388185e+01 5.042227e+02
      vertex   -3.105821e+01 -1.388185e+01 5.044467e+02
    endloop
  endfacet
  facet normal 7.259875e-01 4.697620e-03 6.876919e-01
    outer loop
      vertex   -3.093243e+01 -1.587842e+01 5.043275e+02
      vertex   -3.105821e+01 -1.388185e+01 5.044467e+02
      vertex   -3.117036e+01 -1.587842e+01 5.045787e+02
    endloop
  endfacet
  facet normal 7.960843e-01 -4.697620e-03 6.051675e-01
    outer loop
      vertex   -3.117036e+01 -1.587842e+01 5.045787e+02
      vertex   -3.105821e+01 -1.388185e+01 5.044467e+02
      vertex   -3.126759e+01 -1.388185e+01 5.047221e+02
    endloop
  endfacet
  facet normal 8.568477e-01 4.697620e-03 5.155482e-01
    outer loop
      vertex   -3.117036e+01 -1.587842e+01 5.045787e+02
      vertex   -3.126759e+01 -1.388185e+01 5.047221e+02
      vertex   -3.134874e+01 -1.587842e+01 5.048752e+02
    endloop
  endfacet
  facet normal 9.075654e-01 -4.697620e-03 4.198845e-01
    outer loop
      vertex   -3.134874e+01 -1.587842e+01 5.048752e+02
      vertex   -3.126759e+01 -1.388185e+01 5.047221e+02
      vertex   -3.141286e+01 -1.388185e+01 5.050361e+02
    endloop
  endfacet
  facet normal 9.476427e-01 4.697620e-03 3.192980e-01
    outer loop
      vertex   -3.134874e+01 -1.587842e+01 5.048752e+02
      vertex   -3.141286e+01 -1.388185e+01 5.050361e+02
      vertex   -3.145921e+01 -1.587842e+01 5.052030e+02
    endloop
  endfacet
  facet normal 9.766098e-01 -4.697620e-03 2.149681e-01
    outer loop
      vertex   -3.145921e+01 -1.587842e+01 5.052030e+02
      vertex   -3.141286e+01 -1.388185e+01 5.050361e+02
      vertex   -3.148724e+01 -1.388185e+01 5.053740e+02
    endloop
  endfacet
  facet normal 0.000000e+00 1.000000e+00 0.000000e+00
    outer loop
      vertex   -2.784629e+01 -1.488151e+01 4.741418e+02
      vertex   -2.788540e+01 -1.488151e+01 4.734578e+02
      vertex   -2.788540e+01 -1.488151e+01 4.748257e+02
    endloop
  endfacet
  facet normal -1.520607e-14 1.000000e+00 0.000000e+00
    outer loop
      vertex   -2.788540e+01 -1.488151e+01 4.748257e+02
      vertex   -2.788540e+01 -1.488151e+01 4.734578e+02
      vertex   -2.800222e+01 -1.488151e+01 4.755008e+02
    endloop
  endfacet
  facet normal 3.677459e-15 1.000000e+00 1.079799e-15
    outer loop
      vertex   -2.800222e+01 -1.488151e+01 4.755008e+02
      vertex   -2.788540e+01 -1.488151e+01 4.734578e+02
      vertex   -2.819523e+01 -1.488151e+01 4.761581e+02
    endloop
  endfacet
  facet normal 2.136820e-15 1.000000e+00 9.030275e-16
    outer loop
      vertex   -2.819523e+01 -1.488151e+01 4.761581e+02
      vertex   -2.788540e+01 -1.488151e+01 4.734578e+02
      vertex   -2.846190e+01 -1.488151e+01 4.767891e+02
    endloop
  endfacet
  facet normal -1.384463e-14 1.000000e+00 -1.862671e-15
    outer loop
      vertex   -2.846190e+01 -1.488151e+01 4.767891e+02
      vertex   -2.788540e+01 -1.488151e+01 4.734578e+02
      vertex   -2.879877e+01 -1.488151e+01 4.773856e+02
    endloop
  endfacet
  facet normal 2.746463e-15 1.000000e+00 1.995422e-15
    outer loop
      vertex   -2.879877e+01 -1.488151e+01 4.773856e+02
      vertex   -2.788540e+01 -1.488151e+01 4.734578e+02
      vertex   -2.920145e+01 -1.488151e+01 4.779399e+02
    endloop
  endfacet
  facet normal 1.904925e-15 1.000000e+00 1.748324e-15
    outer loop
      vertex   -2.920145e+01 -1.488151e+01 4.779399e+02
      vertex   -2.788540e+01 -1.488151e+01 4.734578e+02
      vertex   -2.966467e+01 -1.488151e+01 4.784446e+02
    endloop
  endfacet
  facet normal -3.626073e-15 1.000000e+00 -2.251318e-16
    outer loop
      vertex   -2.966467e+01 -1.488151e+01 4.784446e+02
      vertex   -2.788540e+01 -1.488151e+01 4.734578e+02
      vertex   -3.018241e+01 -1.488151e+01 4.788932e+02
    endloop
  endfacet
  facet normal 1.257162e-15 1.000000e+00 1.838540e-15
    outer loop
      vertex   -3.018241e+01 -1.488151e+01 4.788932e+02
      vertex   -2.788540e+01 -1.488151e+01 4.734578e+02
      vertex   -3.074791e+01 -1.488151e+01 4.792799e+02
    endloop
  endfacet
  facet normal -3.089271e-15 1.000000e+00 -2.984567e-16
    outer loop
      vertex   -3.074791e+01 -1.488151e+01 4.792799e+02
      vertex   -2.788540e+01 -1.488151e+01 4.734578e+02
      vertex   -3.135380e+01 -1.488151e+01 4.795996e+02
    endloop
  endfacet
  facet normal 7.217130e-16 1.000000e+00 1.853705e-15
    outer loop
      vertex   -3.135380e+01 -1.488151e+01 4.795996e+02
      vertex   -2.788540e+01 -1.488151e+01 4.734578e+02
      vertex   -3.199219e+01 -1.488151e+01 4.798481e+02
    endloop
  endfacet
  facet normal 4.395968e-16 1.000000e+00 1.672400e-15
    outer loop
      vertex   -3.199219e+01 -1.488151e+01 4.798481e+02
      vertex   -2.788540e+01 -1.488151e+01 4.734578e+02
      vertex   -3.265475e+01 -1.488151e+01 4.800223e+02
    endloop
  endfacet
  facet normal 2.172257e-16 1.000000e+00 1.510838e-15
    outer loop
      vertex   -3.265475e+01 -1.488151e+01 4.800223e+02
      vertex   -2.788540e+01 -1.488151e+01 4.734578e+02
      vertex   -3.333284e+01 -1.488151e+01 4.801198e+02
    endloop
  endfacet
  facet normal 3.899781e-17 1.000000e+00 1.365101e-15
    outer loop
      vertex   -3.333284e+01 -1.488151e+01 4.801198e+02
      vertex   -2.788540e+01 -1.488151e+01 4.734578e+02
      vertex   -3.401763e+01 -1.488151e+01 4.801394e+02
    endloop
  endfacet
  facet normal -1.058319e-16 1.000000e+00 1.232178e-15
    outer loop
      vertex   -3.401763e+01 -1.488151e+01 4.801394e+02
      vertex   -2.788540e+01 -1.488151e+01 4.734578e+02
      vertex   -3.470018e+01 -1.488151e+01 4.800807e+02
    endloop
  endfacet
  facet normal -2.248555e-16 1.000000e+00 1.109706e-15
    outer loop
      vertex   -3.470018e+01 -1.488151e+01 4.800807e+02
      vertex   -2.788540e+01 -1.488151e+01 4.734578e+02
      vertex   -3.537161e+01 -1.488151e+01 4.799447e+02
    endloop
  endfacet
  facet normal -3.235551e-16 1.000000e+00 9.958002e-16
    outer loop
      vertex   -3.537161e+01 -1.488151e+01 4.799447e+02
      vertex   -2.788540e+01 -1.488151e+01 4.734578e+02
      vertex   -3.602314e+01 -1.488151e+01 4.797330e+02
    endloop
  endfacet
  facet normal 8.273605e-16 1.000000e+00 2.488334e-15
    outer loop
      vertex   -3.602314e+01 -1.488151e+01 4.797330e+02
      vertex   -2.788540e+01 -1.488151e+01 4.734578e+02
      vertex   -2.800222e+01 -1.488151e+01 4.727828e+02
    endloop
  endfacet
  facet normal -4.586187e-16 1.000000e+00 1.004235e-15
    outer loop
      vertex   -3.602314e+01 -1.488151e+01 4.797330e+02
      vertex   -2.800222e+01 -1.488151e+01 4.727828e+02
      vertex   -3.664630e+01 -1.488151e+01 4.794484e+02
    endloop
  endfacet
  facet normal 1.158082e-15 1.000000e+00 3.100810e-15
    outer loop
      vertex   -3.664630e+01 -1.488151e+01 4.794484e+02
      vertex   -2.800222e+01 -1.488151e+01 4.727828e+02
      vertex   -3.723295e+01 -1.488151e+01 4.790946e+02
    endloop
  endfacet
  facet normal -5.099774e-16 1.000000e+00 6.613505e-16
    outer loop
      vertex   -3.723295e+01 -1.488151e+01 4.790946e+02
      vertex   -2.800222e+01 -1.488151e+01 4.727828e+02
      vertex   -3.777546e+01 -1.488151e+01 4.786763e+02
    endloop
  endfacet
  facet normal -1.945297e-15 1.000000e+00 -1.718860e-15
    outer loop
      vertex   -3.777546e+01 -1.488151e+01 4.786763e+02
      vertex   -2.800222e+01 -1.488151e+01 4.727828e+02
      vertex   -3.826674e+01 -1.488151e+01 4.781988e+02
    endloop
  endfacet
  facet normal -7.253799e-16 1.000000e+00 5.931402e-16
    outer loop
      vertex   -3.826674e+01 -1.488151e+01 4.781988e+02
      vertex   -2.800222e+01 -1.488151e+01 4.727828e+02
      vertex   -3.870040e+01 -1.488151e+01 4.776685e+02
    endloop
  endfacet
  facet normal 3.180293e-16 1.000000e+00 2.877888e-15
    outer loop
      vertex   -3.870040e+01 -1.488151e+01 4.776685e+02
      vertex   -2.800222e+01 -1.488151e+01 4.727828e+02
      vertex   -3.907077e+01 -1.488151e+01 4.770922e+02
    endloop
  endfacet
  facet normal -6.735091e-16 1.000000e+00 3.311421e-16
    outer loop
      vertex   -3.907077e+01 -1.488151e+01 4.770922e+02
      vertex   -2.800222e+01 -1.488151e+01 4.727828e+02
      vertex   -3.937304e+01 -1.488151e+01 4.764774e+02
    endloop
  endfacet
  facet normal -6.999569e-16 1.000000e+00 2.497441e-16
    outer loop
      vertex   -3.937304e+01 -1.488151e+01 4.764774e+02
      vertex   -2.800222e+01 -1.488151e+01 4.727828e+02
      vertex   -3.960325e+01 -1.488151e+01 4.758322e+02
    endloop
  endfacet
  facet normal -6.205182e-17 1.000000e+00 2.676587e-15
    outer loop
      vertex   -3.960325e+01 -1.488151e+01 4.758322e+02
      vertex   -2.800222e+01 -1.488151e+01 4.727828e+02
      vertex   -3.975842e+01 -1.488151e+01 4.751649e+02
    endloop
  endfacet
  facet normal -5.906661e-16 1.000000e+00 6.777262e-17
    outer loop
      vertex   -3.975842e+01 -1.488151e+01 4.751649e+02
      vertex   -2.800222e+01 -1.488151e+01 4.727828e+02
      vertex   -3.983651e+01 -1.488151e+01 4.744843e+02
    endloop
  endfacet
  facet normal -6.004103e-16 1.000000e+00 0.000000e+00
    outer loop
      vertex   -3.983651e+01 -1.488151e+01 4.744843e+02
      vertex   -2.800222e+01 -1.488151e+01 4.727828e+02
      vertex   -3.983651e+01 -1.488151e+01 4.737993e+02
    endloop
  endfacet
  facet normal -6.063862e-16 1.000000e+00 -6.957634e-17
    outer loop
      vertex   -3.983651e+01 -1.488151e+01 4.737993e+02
      vertex   -2.800222e+01 -1.488151e+01 4.727828e+02
      vertex   -3.975842e+01 -1.488151e+01 4.731187e+02
    endloop
  endfacet
  facet normal -4.553199e-16 1.000000e+00 5.218434e-15
    outer loop
      vertex   -3.975842e+01 -1.488151e+01 4.731187e+02
      vertex   -2.800222e+01 -1.488151e+01 4.727828e+02
      vertex   -3.960325e+01 -1.488151e+01 4.724514e+02
    endloop
  endfacet
  facet normal -3.088318e-16 1.000000e+00 9.068120e-17
    outer loop
      vertex   -3.960325e+01 -1.488151e+01 4.724514e+02
      vertex   -2.800222e+01 -1.488151e+01 4.727828e+02
      vertex   -2.819523e+01 -1.488151e+01 4.721255e+02
    endloop
  endfacet
  facet normal -3.146293e-16 1.000000e+00 -1.122595e-16
    outer loop
      vertex   -3.960325e+01 -1.488151e+01 4.724514e+02
      vertex   -2.819523e+01 -1.488151e+01 4.721255e+02
      vertex   -3.937304e+01 -1.488151e+01 4.718062e+02
    endloop
  endfacet
  facet normal -3.217204e-16 1.000000e+00 1.359602e-16
    outer loop
      vertex   -3.937304e+01 -1.488151e+01 4.718062e+02
      vertex   -2.819523e+01 -1.488151e+01 4.721255e+02
      vertex   -2.846190e+01 -1.488151e+01 4.714945e+02
    endloop
  endfacet
  facet normal -3.302430e-16 1.000000e+00 -1.623696e-16
    outer loop
      vertex   -3.937304e+01 -1.488151e+01 4.718062e+02
      vertex   -2.846190e+01 -1.488151e+01 4.714945e+02
      vertex   -3.907077e+01 -1.488151e+01 4.711914e+02
    endloop
  endfacet
  facet normal -5.133047e-16 1.000000e+00 6.245626e-15
    outer loop
      vertex   -3.907077e+01 -1.488151e+01 4.711914e+02
      vertex   -2.846190e+01 -1.488151e+01 4.714945e+02
      vertex   -2.879877e+01 -1.488151e+01 4.708980e+02
    endloop
  endfacet
  facet normal -6.149648e-16 1.000000e+00 2.687059e-15
    outer loop
      vertex   -3.907077e+01 -1.488151e+01 4.711914e+02
      vertex   -2.879877e+01 -1.488151e+01 4.708980e+02
      vertex   -3.870040e+01 -1.488151e+01 4.706151e+02
    endloop
  endfacet
  facet normal -5.496092e-16 1.000000e+00 3.993145e-16
    outer loop
      vertex   -3.870040e+01 -1.488151e+01 4.706151e+02
      vertex   -2.879877e+01 -1.488151e+01 4.708980e+02
      vertex   -2.920145e+01 -1.488151e+01 4.703437e+02
    endloop
  endfacet
  facet normal -5.744353e-16 1.000000e+00 -4.697134e-16
    outer loop
      vertex   -3.870040e+01 -1.488151e+01 4.706151e+02
      vertex   -2.920145e+01 -1.488151e+01 4.703437e+02
      vertex   -3.826674e+01 -1.488151e+01 4.700847e+02
    endloop
  endfacet
  facet normal -6.036820e-16 1.000000e+00 5.540544e-16
    outer loop
      vertex   -3.826674e+01 -1.488151e+01 4.700847e+02
      vertex   -2.920145e+01 -1.488151e+01 4.703437e+02
      vertex   -2.966467e+01 -1.488151e+01 4.698390e+02
    endloop
  endfacet
  facet normal -5.287666e-16 1.000000e+00 3.176436e-15
    outer loop
      vertex   -3.826674e+01 -1.488151e+01 4.700847e+02
      vertex   -2.966467e+01 -1.488151e+01 4.698390e+02
      vertex   -3.777546e+01 -1.488151e+01 4.696073e+02
    endloop
  endfacet
  facet normal -2.190116e-16 1.000000e+00 -7.666405e-15
    outer loop
      vertex   -3.777546e+01 -1.488151e+01 4.696073e+02
      vertex   -2.966467e+01 -1.488151e+01 4.698390e+02
      vertex   -3.018241e+01 -1.488151e+01 4.693904e+02
    endloop
  endfacet
  facet normal 0.000000e+00 1.000000e+00 0.000000e+00
    outer loop
      vertex   -3.777546e+01 -1.488151e+01 4.696073e+02
      vertex   -3.018241e+01 -1.488151e+01 4.693904e+02
      vertex   -3.723295e+01 -1.488151e+01 4.691890e+02
    endloop
  endfacet
  facet normal -0.000000e+00 1.000000e+00 0.000000e+00
    outer loop
      vertex   -3.723295e+01 -1.488151e+01 4.691890e+02
      vertex   -3.018241e+01 -1.488151e+01 4.693904e+02
      vertex   -3.074791e+01 -1.488151e+01 4.690037e+02
    endloop
  endfacet
  facet normal 3.011597e-16 1.000000e+00 1.054196e-14
    outer loop
      vertex   -3.723295e+01 -1.488151e+01 4.691890e+02
      vertex   -3.074791e+01 -1.488151e+01 4.690037e+02
      vertex   -3.664630e+01 -1.488151e+01 4.688352e+02
    endloop
  endfacet
  facet normal 3.011597e-16 1.000000e+00 1.054196e-14
    outer loop
      vertex   -3.664630e+01 -1.488151e+01 4.688352e+02
      vertex   -3.074791e+01 -1.488151e+01 4.690037e+02
      vertex   -3.135380e+01 -1.488151e+01 4.686840e+02
    endloop
  endfacet
  facet normal 0.000000e+00 1.000000e+00 0.000000e+00
    outer loop
      vertex   -3.664630e+01 -1.488151e+01 4.688352e+02
      vertex   -3.135380e+01 -1.488151e+01 4.686840e+02
      vertex   -3.602314e+01 -1.488151e+01 4.685506e+02
    endloop
  endfacet
  facet normal -0.000000e+00 1.000000e+00 0.000000e+00
    outer loop
      vertex   -3.602314e+01 -1.488151e+01 4.685506e+02
      vertex   -3.135380e+01 -1.488151e+01 4.686840e+02
      vertex   -3.199219e+01 -1.488151e+01 4.684355e+02
    endloop
  endfacet
  facet normal 0.000000e+00 1.000000e+00 0.000000e+00
    outer loop
      vertex   -3.602314e+01 -1.488151e+01 4.685506e+02
      vertex   -3.199219e+01 -1.488151e+01 4.684355e+02
      vertex   -3.537161e+01 -1.488151e+01 4.683389e+02
    endloop
  endfacet
  facet normal -0.000000e+00 1.000000e+00 0.000000e+00
    outer loop
      vertex   -3.537161e+01 -1.488151e+01 4.683389e+02
      vertex   -3.199219e+01 -1.488151e+01 4.684355e+02
      vertex   -3.265475e+01 -1.488151e+01 4.682613e+02
    endloop
  endfacet
  facet normal 0.000000e+00 1.000000e+00 0.000000e+00
    outer loop
      vertex   -3.537161e+01 -1.488151e+01 4.683389e+02
      vertex   -3.265475e+01 -1.488151e+01 4.682613e+02
      vertex   -3.470018e+01 -1.488151e+01 4.682029e+02
    endloop
  endfacet
  facet normal -0.000000e+00 1.000000e+00 0.000000e+00
    outer loop
      vertex   -3.470018e+01 -1.488151e+01 4.682029e+02
      vertex   -3.265475e+01 -1.488151e+01 4.682613e+02
      vertex   -3.333284e+01 -1.488151e+01 4.681638e+02
    endloop
  endfacet
  facet normal 0.000000e+00 1.000000e+00 0.000000e+00
    outer loop
      vertex   -3.470018e+01 -1.488151e+01 4.682029e+02
      vertex   -3.333284e+01 -1.488151e+01 4.681638e+02
      vertex   -3.401763e+01 -1.488151e+01 4.681442e+02
    endloop
  endfacet
  facet normal -9.983691e-01 0.000000e+00 -5.708881e-02
    outer loop
      vertex   -2.788540e+01 -1.488151e+01 4.748257e+02
      vertex   -2.788540e+01 -1.288151e+01 4.748257e+02
      vertex   -2.784629e+01 -1.488151e+01 4.741418e+02
    endloop
  endfacet
  facet normal -9.983691e-01 0.000000e+00 -5.708881e-02
    outer loop
      vertex   -2.784629e+01 -1.488151e+01 4.741418e+02
      vertex   -2.788540e+01 -1.288151e+01 4.748257e+02
      vertex   -2.784629e+01 -1.288151e+01 4.741418e+02
    endloop
  endfacet
  facet normal -9.983691e-01 0.000000e+00 5.708881e-02
    outer loop
      vertex   -2.784629e+01 -1.488151e+01 4.741418e+02
      vertex   -2.784629e+01 -1.288151e+01 4.741418e+02
      vertex   -2.788540e+01 -1.488151e+01 4.734578e+02
    endloop
  endfacet
  facet normal -9.983691e-01 0.000000e+00 5.708881e-02
    outer loop
      vertex   -2.788540e+01 -1.488151e+01 4.734578e+02
      vertex   -2.784629e+01 -1.288151e+01 4.741418e+02
      vertex   -2.788540e+01 -1.288151e+01 4.734578e+02
    endloop
  endfacet
  facet normal -9.853538e-01 0.000000e+00 1.705222e-01
    outer loop
      vertex   -2.788540e+01 -1.488151e+01 4.734578e+02
      vertex   -2.788540e+01 -1.288151e+01 4.734578e+02
      vertex   -2.800222e+01 -1.488151e+01 4.727828e+02
    endloop
  endfacet
  facet normal -9.853538e-01 0.000000e+00 1.705222e-01
    outer loop
      vertex   -2.800222e+01 -1.488151e+01 4.727828e+02
      vertex   -2.788540e+01 -1.288151e+01 4.734578e+02
      vertex   -2.800222e+01 -1.288151e+01 4.727828e+02
    endloop
  endfacet
  facet normal -9.594930e-01 0.000000e+00 2.817326e-01
    outer loop
      vertex   -2.800222e+01 -1.488151e+01 4.727828e+02
      vertex   -2.800222e+01 -1.288151e+01 4.727828e+02
      vertex   -2.819523e+01 -1.488151e+01 4.721255e+02
    endloop
  endfacet
  facet normal -9.594930e-01 0.000000e+00 2.817326e-01
    outer loop
      vertex   -2.819523e+01 -1.488151e+01 4.721255e+02
      vertex   -2.800222e+01 -1.288151e+01 4.727828e+02
      vertex   -2.819523e+01 -1.288151e+01 4.721255e+02
    endloop
  endfacet
  facet normal -9.211237e-01 0.000000e+00 3.892701e-01
    outer loop
      vertex   -2.819523e+01 -1.488151e+01 4.721255e+02
      vertex   -2.819523e+01 -1.288151e+01 4.721255e+02
      vertex   -2.846190e+01 -1.488151e+01 4.714945e+02
    endloop
  endfacet
  facet normal -9.211237e-01 0.000000e+00 3.892701e-01
    outer loop
      vertex   -2.846190e+01 -1.488151e+01 4.714945e+02
      vertex   -2.819523e+01 -1.288151e+01 4.721255e+02
      vertex   -2.846190e+01 -1.288151e+01 4.714945e+02
    endloop
  endfacet
  facet normal -8.707461e-01 0.000000e+00 4.917329e-01
    outer loop
      vertex   -2.846190e+01 -1.488151e+01 4.714945e+02
      vertex   -2.846190e+01 -1.288151e+01 4.714945e+02
      vertex   -2.879877e+01 -1.488151e+01 4.708980e+02
    endloop
  endfacet
  facet normal -8.707461e-01 0.000000e+00 4.917329e-01
    outer loop
      vertex   -2.879877e+01 -1.488151e+01 4.708980e+02
      vertex   -2.846190e+01 -1.288151e+01 4.714945e+02
      vertex   -2.879877e+01 -1.288151e+01 4.708980e+02
    endloop
  endfacet
  facet normal -8.090170e-01 0.000000e+00 5.877853e-01
    outer loop
      vertex   -2.879877e+01 -1.488151e+01 4.708980e+02
      vertex   -2.879877e+01 -1.288151e+01 4.708980e+02
      vertex   -2.920145e+01 -1.488151e+01 4.703437e+02
    endloop
  endfacet
  facet normal -8.090170e-01 0.000000e+00 5.877853e-01
    outer loop
      vertex   -2.920145e+01 -1.488151e+01 4.703437e+02
      vertex   -2.879877e+01 -1.288151e+01 4.708980e+02
      vertex   -2.920145e+01 -1.288151e+01 4.703437e+02
    endloop
  endfacet
  facet normal -7.367411e-01 0.000000e+00 6.761749e-01
    outer loop
      vertex   -2.920145e+01 -1.488151e+01 4.703437e+02
      vertex   -2.920145e+01 -1.288151e+01 4.703437e+02
      vertex   -2.966467e+01 -1.488151e+01 4.698390e+02
    endloop
  endfacet
  facet normal -7.367411e-01 0.000000e+00 6.761749e-01
    outer loop
      vertex   -2.966467e+01 -1.488151e+01 4.698390e+02
      vertex   -2.920145e+01 -1.288151e+01 4.703437e+02
      vertex   -2.966467e+01 -1.288151e+01 4.698390e+02
    endloop
  endfacet
  facet normal -6.548607e-01 0.000000e+00 7.557496e-01
    outer loop
      vertex   -2.966467e+01 -1.488151e+01 4.698390e+02
      vertex   -2.966467e+01 -1.288151e+01 4.698390e+02
      vertex   -3.018241e+01 -1.488151e+01 4.693904e+02
    endloop
  endfacet
  facet normal -6.548607e-01 0.000000e+00 7.557496e-01
    outer loop
      vertex   -3.018241e+01 -1.488151e+01 4.693904e+02
      vertex   -2.966467e+01 -1.288151e+01 4.698390e+02
      vertex   -3.018241e+01 -1.288151e+01 4.693904e+02
    endloop
  endfacet
  facet normal -5.644432e-01 0.000000e+00 8.254719e-01
    outer loop
      vertex   -3.018241e+01 -1.488151e+01 4.693904e+02
      vertex   -3.018241e+01 -1.288151e+01 4.693904e+02
      vertex   -3.074791e+01 -1.488151e+01 4.690037e+02
    endloop
  endfacet
  facet normal -5.644432e-01 0.000000e+00 8.254719e-01
    outer loop
      vertex   -3.074791e+01 -1.488151e+01 4.690037e+02
      vertex   -3.018241e+01 -1.288151e+01 4.693904e+02
      vertex   -3.074791e+01 -1.288151e+01 4.690037e+02
    endloop
  endfacet
  facet normal -4.666673e-01 0.000000e+00 8.844329e-01
    outer loop
      vertex   -3.074791e+01 -1.488151e+01 4.690037e+02
      vertex   -3.074791e+01 -1.288151e+01 4.690037e+02
      vertex   -3.135380e+01 -1.488151e+01 4.686840e+02
    endloop
  endfacet
  facet normal -4.666673e-01 0.000000e+00 8.844329e-01
    outer loop
      vertex   -3.135380e+01 -1.488151e+01 4.686840e+02
      vertex   -3.074791e+01 -1.288151e+01 4.690037e+02
      vertex   -3.135380e+01 -1.288151e+01 4.686840e+02
    endloop
  endfacet
  facet normal -3.628077e-01 0.000000e+00 9.318640e-01
    outer loop
      vertex   -3.135380e+01 -1.488151e+01 4.686840e+02
      vertex   -3.135380e+01 -1.288151e+01 4.686840e+02
      vertex   -3.199219e+01 -1.488151e+01 4.684355e+02
    endloop
  endfacet
  facet normal -3.628077e-01 0.000000e+00 9.318640e-01
    outer loop
      vertex   -3.199219e+01 -1.488151e+01 4.684355e+02
      vertex   -3.135380e+01 -1.288151e+01 4.686840e+02
      vertex   -3.199219e+01 -1.288151e+01 4.684355e+02
    endloop
  endfacet
  facet normal -2.542183e-01 0.000000e+00 9.671469e-01
    outer loop
      vertex   -3.199219e+01 -1.488151e+01 4.684355e+02
      vertex   -3.199219e+01 -1.288151e+01 4.684355e+02
      vertex   -3.265475e+01 -1.488151e+01 4.682613e+02
    endloop
  endfacet
  facet normal -2.542183e-01 0.000000e+00 9.671469e-01
    outer loop
      vertex   -3.265475e+01 -1.488151e+01 4.682613e+02
      vertex   -3.199219e+01 -1.288151e+01 4.684355e+02
      vertex   -3.265475e+01 -1.288151e+01 4.682613e+02
    endloop
  endfacet
  facet normal -1.423148e-01 0.000000e+00 9.898214e-01
    outer loop
      vertex   -3.265475e+01 -1.488151e+01 4.682613e+02
      vertex   -3.265475e+01 -1.288151e+01 4.682613e+02
      vertex   -3.333284e+01 -1.488151e+01 4.681638e+02
    endloop
  endfacet
  facet normal -1.423148e-01 0.000000e+00 9.898214e-01
    outer loop
      vertex   -3.333284e+01 -1.488151e+01 4.681638e+02
      vertex   -3.265475e+01 -1.288151e+01 4.682613e+02
      vertex   -3.333284e+01 -1.288151e+01 4.681638e+02
    endloop
  endfacet
  facet normal -2.855605e-02 0.000000e+00 9.995922e-01
    outer loop
      vertex   -3.333284e+01 -1.488151e+01 4.681638e+02
      vertex   -3.333284e+01 -1.288151e+01 4.681638e+02
      vertex   -3.401763e+01 -1.488151e+01 4.681442e+02
    endloop
  endfacet
  facet normal -2.855605e-02 0.000000e+00 9.995922e-01
    outer loop
      vertex   -3.401763e+01 -1.488151e+01 4.681442e+02
      vertex   -3.333284e+01 -1.288151e+01 4.681638e+02
      vertex   -3.401763e+01 -1.288151e+01 4.681442e+02
    endloop
  endfacet
  facet normal 8.557501e-02 -0.000000e+00 9.963317e-01
    outer loop
      vertex   -3.401763e+01 -1.488151e+01 4.681442e+02
      vertex   -3.401763e+01 -1.288151e+01 4.681442e+02
      vertex   -3.470018e+01 -1.488151e+01 4.682029e+02
    endloop
  endfacet
  facet normal 8.557501e-02 -0.000000e+00 9.963317e-01
    outer loop
      vertex   -3.470018e+01 -1.488151e+01 4.682029e+02
      vertex   -3.401763e+01 -1.288151e+01 4.681442e+02
      vertex   -3.470018e+01 -1.288151e+01 4.682029e+02
    endloop
  endfacet
  facet normal 1.985905e-01 -0.000000e+00 9.800826e-01
    outer loop
      vertex   -3.470018e+01 -1.488151e+01 4.682029e+02
      vertex   -3.470018e+01 -1.288151e+01 4.682029e+02
      vertex   -3.537161e+01 -1.488151e+01 4.683389e+02
    endloop
  endfacet
  facet normal 1.985905e-01 -0.000000e+00 9.800826e-01
    outer loop
      vertex   -3.537161e+01 -1.488151e+01 4.683389e+02
      vertex   -3.470018e+01 -1.288151e+01 4.682029e+02
      vertex   -3.537161e+01 -1.288151e+01 4.683389e+02
    endloop
  endfacet
  facet normal 3.090170e-01 -0.000000e+00 9.510565e-01
    outer loop
      vertex   -3.537161e+01 -1.488151e+01 4.683389e+02
      vertex   -3.537161e+01 -1.288151e+01 4.683389e+02
      vertex   -3.602314e+01 -1.488151e+01 4.685506e+02
    endloop
  endfacet
  facet normal 3.090170e-01 -0.000000e+00 9.510565e-01
    outer loop
      vertex   -3.602314e+01 -1.488151e+01 4.685506e+02
      vertex   -3.537161e+01 -1.288151e+01 4.683389e+02
      vertex   -3.602314e+01 -1.288151e+01 4.685506e+02
    endloop
  endfacet
  facet normal 4.154150e-01 -0.000000e+00 9.096320e-01
    outer loop
      vertex   -3.602314e+01 -1.488151e+01 4.685506e+02
      vertex   -3.602314e+01 -1.288151e+01 4.685506e+02
      vertex   -3.664630e+01 -1.488151e+01 4.688352e+02
    endloop
  endfacet
  facet normal 4.154150e-01 -0.000000e+00 9.096320e-01
    outer loop
      vertex   -3.664630e+01 -1.488151e+01 4.688352e+02
      vertex   -3.602314e+01 -1.288151e+01 4.685506e+02
      vertex   -3.664630e+01 -1.288151e+01 4.688352e+02
    endloop
  endfacet
  facet normal 5.163975e-01 -0.000000e+00 8.563490e-01
    outer loop
      vertex   -3.664630e+01 -1.488151e+01 4.688352e+02
      vertex   -3.664630e+01 -1.288151e+01 4.688352e+02
      vertex   -3.723295e+01 -1.488151e+01 4.691890e+02
    endloop
  endfacet
  facet normal 5.163975e-01 -0.000000e+00 8.563490e-01
    outer loop
      vertex   -3.723295e+01 -1.488151e+01 4.691890e+02
      vertex   -3.664630e+01 -1.288151e+01 4.688352e+02
      vertex   -3.723295e+01 -1.288151e+01 4.691890e+02
    endloop
  endfacet
  facet normal 6.106479e-01 -0.000000e+00 7.919022e-01
    outer loop
      vertex   -3.723295e+01 -1.488151e+01 4.691890e+02
      vertex   -3.723295e+01 -1.288151e+01 4.691890e+02
      vertex   -3.777546e+01 -1.488151e+01 4.696073e+02
    endloop
  endfacet
  facet normal 6.106479e-01 -0.000000e+00 7.919022e-01
    outer loop
      vertex   -3.777546e+01 -1.488151e+01 4.696073e+02
      vertex   -3.723295e+01 -1.288151e+01 4.691890e+02
      vertex   -3.777546e+01 -1.288151e+01 4.696073e+02
    endloop
  endfacet
  facet normal 6.969376e-01 -0.000000e+00 7.171318e-01
    outer loop
      vertex   -3.777546e+01 -1.488151e+01 4.696073e+02
      vertex   -3.777546e+01 -1.288151e+01 4.696073e+02
      vertex   -3.826674e+01 -1.488151e+01 4.700847e+02
    endloop
  endfacet
  facet normal 6.969376e-01 -0.000000e+00 7.171318e-01
    outer loop
      vertex   -3.826674e+01 -1.488151e+01 4.700847e+02
      vertex   -3.777546e+01 -1.288151e+01 4.696073e+02
      vertex   -3.826674e+01 -1.288151e+01 4.700847e+02
    endloop
  endfacet
  facet normal 7.741416e-01 -0.000000e+00 6.330125e-01
    outer loop
      vertex   -3.826674e+01 -1.488151e+01 4.700847e+02
      vertex   -3.826674e+01 -1.288151e+01 4.700847e+02
      vertex   -3.870040e+01 -1.488151e+01 4.706151e+02
    endloop
  endfacet
  facet normal 7.741416e-01 -0.000000e+00 6.330125e-01
    outer loop
      vertex   -3.870040e+01 -1.488151e+01 4.706151e+02
      vertex   -3.826674e+01 -1.288151e+01 4.700847e+02
      vertex   -3.870040e+01 -1.288151e+01 4.706151e+02
    endloop
  endfacet
  facet normal 8.412535e-01 -0.000000e+00 5.406408e-01
    outer loop
      vertex   -3.870040e+01 -1.488151e+01 4.706151e+02
      vertex   -3.870040e+01 -1.288151e+01 4.706151e+02
      vertex   -3.907077e+01 -1.488151e+01 4.711914e+02
    endloop
  endfacet
  facet normal 8.412535e-01 -0.000000e+00 5.406408e-01
    outer loop
      vertex   -3.907077e+01 -1.488151e+01 4.711914e+02
      vertex   -3.870040e+01 -1.288151e+01 4.706151e+02
      vertex   -3.907077e+01 -1.288151e+01 4.711914e+02
    endloop
  endfacet
  facet normal 8.973984e-01 -0.000000e+00 4.412211e-01
    outer loop
      vertex   -3.907077e+01 -1.488151e+01 4.711914e+02
      vertex   -3.907077e+01 -1.288151e+01 4.711914e+02
      vertex   -3.937304e+01 -1.488151e+01 4.718062e+02
    endloop
  endfacet
  facet normal 8.973984e-01 -0.000000e+00 4.412211e-01
    outer loop
      vertex   -3.937304e+01 -1.488151e+01 4.718062e+02
      vertex   -3.907077e+01 -1.288151e+01 4.711914e+02
      vertex   -3.937304e+01 -1.288151e+01 4.718062e+02
    endloop
  endfacet
  facet normal 9.418444e-01 -0.000000e+00 3.360494e-01
    outer loop
      vertex   -3.937304e+01 -1.488151e+01 4.718062e+02
      vertex   -3.937304e+01 -1.288151e+01 4.718062e+02
      vertex   -3.960325e+01 -1.488151e+01 4.724514e+02
    endloop
  endfacet
  facet normal 9.418444e-01 -0.000000e+00 3.360494e-01
    outer loop
      vertex   -3.960325e+01 -1.488151e+01 4.724514e+02
      vertex   -3.937304e+01 -1.288151e+01 4.718062e+02
      vertex   -3.960325e+01 -1.288151e+01 4.724514e+02
    endloop
  endfacet
  facet normal 9.740119e-01 -0.000000e+00 2.264968e-01
    outer loop
      vertex   -3.960325e+01 -1.488151e+01 4.724514e+02
      vertex   -3.960325e+01 -1.288151e+01 4.724514e+02
      vertex   -3.975842e+01 -1.488151e+01 4.731187e+02
    endloop
  endfacet
  facet normal 9.740119e-01 -0.000000e+00 2.264968e-01
    outer loop
      vertex   -3.975842e+01 -1.488151e+01 4.731187e+02
      vertex   -3.960325e+01 -1.288151e+01 4.724514e+02
      vertex   -3.975842e+01 -1.288151e+01 4.731187e+02
    endloop
  endfacet
  facet normal 9.934817e-01 -0.000000e+00 1.139914e-01
    outer loop
      vertex   -3.975842e+01 -1.488151e+01 4.731187e+02
      vertex   -3.975842e+01 -1.288151e+01 4.731187e+02
      vertex   -3.983651e+01 -1.488151e+01 4.737993e+02
    endloop
  endfacet
  facet normal 9.934817e-01 -0.000000e+00 1.139914e-01
    outer loop
      vertex   -3.983651e+01 -1.488151e+01 4.737993e+02
      vertex   -3.975842e+01 -1.288151e+01 4.731187e+02
      vertex   -3.983651e+01 -1.288151e+01 4.737993e+02
    endloop
  endfacet
  facet normal 1.000000e+00 0.000000e+00 0.000000e+00
    outer loop
      vertex   -3.983651e+01 -1.488151e+01 4.737993e+02
      vertex   -3.983651e+01 -1.288151e+01 4.737993e+02
      vertex   -3.983651e+01 -1.488151e+01 4.744843e+02
    endloop
  endfacet
  facet normal 1.000000e+00 -0.000000e+00 0.000000e+00
    outer loop
      vertex   -3.983651e+01 -1.488151e+01 4.744843e+02
      vertex   -3.983651e+01 -1.288151e+01 4.737993e+02
      vertex   -3.983651e+01 -1.288151e+01 4.744843e+02
    endloop
  endfacet
  facet normal 9.934817e-01 0.000000e+00 -1.139914e-01
    outer loop
      vertex   -3.983651e+01 -1.488151e+01 4.744843e+02
      vertex   -3.983651e+01 -1.288151e+01 4.744843e+02
      vertex   -3.975842e+01 -1.488151e+01 4.751649e+02
    endloop
  endfacet
  facet normal 9.934817e-01 0.000000e+00 -1.139914e-01
    outer loop
      vertex   -3.975842e+01 -1.488151e+01 4.751649e+02
      vertex   -3.983651e+01 -1.288151e+01 4.744843e+02
      vertex   -3.975842e+01 -1.288151e+01 4.751649e+02
    endloop
  endfacet
  facet normal 9.740119e-01 0.000000e+00 -2.264968e-01
    outer loop
      vertex   -3.975842e+01 -1.488151e+01 4.751649e+02
      vertex   -3.975842e+01 -1.288151e+01 4.751649e+02
      vertex   -3.960325e+01 -1.488151e+01 4.758322e+02
    endloop
  endfacet
  facet normal 9.740119e-01 0.000000e+00 -2.264968e-01
    outer loop
      vertex   -3.960325e+01 -1.488151e+01 4.758322e+02
      vertex   -3.975842e+01 -1.288151e+01 4.751649e+02
      vertex   -3.960325e+01 -1.288151e+01 4.758322e+02
    endloop
  endfacet
  facet normal 9.418444e-01 0.000000e+00 -3.360494e-01
    outer loop
      vertex   -3.960325e+01 -1.488151e+01 4.758322e+02
      vertex   -3.960325e+01 -1.288151e+01 4.758322e+02
      vertex   -3.937304e+01 -1.488151e+01 4.764774e+02
    endloop
  endfacet
  facet normal 9.418444e-01 0.000000e+00 -3.360494e-01
    outer loop
      vertex   -3.937304e+01 -1.488151e+01 4.764774e+02
      vertex   -3.960325e+01 -1.288151e+01 4.758322e+02
      vertex   -3.937304e+01 -1.288151e+01 4.764774e+02
    endloop
  endfacet
  facet normal 8.973984e-01 0.000000e+00 -4.412211e-01
    outer loop
      vertex   -3.937304e+01 -1.488151e+01 4.764774e+02
      vertex   -3.937304e+01 -1.288151e+01 4.764774e+02
      vertex   -3.907077e+01 -1.488151e+01 4.770922e+02
    endloop
  endfacet
  facet normal 8.973984e-01 0.000000e+00 -4.412211e-01
    outer loop
      vertex   -3.907077e+01 -1.488151e+01 4.770922e+02
      vertex   -3.937304e+01 -1.288151e+01 4.764774e+02
      vertex   -3.907077e+01 -1.288151e+01 4.770922e+02
    endloop
  endfacet
  facet normal 8.412535e-01 0.000000e+00 -5.406408e-01
    outer loop
      vertex   -3.907077e+01 -1.488151e+01 4.770922e+02
      vertex   -3.907077e+01 -1.288151e+01 4.770922e+02
      vertex   -3.870040e+01 -1.488151e+01 4.776685e+02
    endloop
  endfacet
  facet normal 8.412535e-01 0.000000e+00 -5.406408e-01
    outer loop
      vertex   -3.870040e+01 -1.488151e+01 4.776685e+02
      vertex   -3.907077e+01 -1.288151e+01 4.770922e+02
      vertex   -3.870040e+01 -1.288151e+01 4.776685e+02
    endloop
  endfacet
  facet normal 7.741416e-01 0.000000e+00 -6.330125e-01
    outer loop
      vertex   -3.870040e+01 -1.488151e+01 4.776685e+02
      vertex   -3.870040e+01 -1.288151e+01 4.776685e+02
      vertex   -3.826674e+01 -1.488151e+01 4.781988e+02
    endloop
  endfacet
  facet normal 7.741416e-01 0.000000e+00 -6.330125e-01
    outer loop
      vertex   -3.826674e+01 -1.488151e+01 4.781988e+02
      vertex   -3.870040e+01 -1.288151e+01 4.776685e+02
      vertex   -3.826674e+01 -1.288151e+01 4.781988e+02
    endloop
  endfacet
  facet normal 6.969376e-01 0.000000e+00 -7.171318e-01
    outer loop
      vertex   -3.826674e+01 -1.488151e+01 4.781988e+02
      vertex   -3.826674e+01 -1.288151e+01 4.781988e+02
      vertex   -3.777546e+01 -1.488151e+01 4.786763e+02
    endloop
  endfacet
  facet normal 6.969376e-01 0.000000e+00 -7.171318e-01
    outer loop
      vertex   -3.777546e+01 -1.488151e+01 4.786763e+02
      vertex   -3.826674e+01 -1.288151e+01 4.781988e+02
      vertex   -3.777546e+01 -1.288151e+01 4.786763e+02
    endloop
  endfacet
  facet normal 6.106479e-01 0.000000e+00 -7.919022e-01
    outer loop
      vertex   -3.777546e+01 -1.488151e+01 4.786763e+02
      vertex   -3.777546e+01 -1.288151e+01 4.786763e+02
      vertex   -3.723295e+01 -1.488151e+01 4.790946e+02
    endloop
  endfacet
  facet normal 6.106479e-01 0.000000e+00 -7.919022e-01
    outer loop
      vertex   -3.723295e+01 -1.488151e+01 4.790946e+02
      vertex   -3.777546e+01 -1.288151e+01 4.786763e+02
      vertex   -3.723295e+01 -1.288151e+01 4.790946e+02
    endloop
  endfacet
  facet normal 5.163975e-01 0.000000e+00 -8.563490e-01
    outer loop
      vertex   -3.723295e+01 -1.488151e+01 4.790946e+02
      vertex   -3.723295e+01 -1.288151e+01 4.790946e+02
      vertex   -3.664630e+01 -1.488151e+01 4.794484e+02
    endloop
  endfacet
  facet normal 5.163975e-01 0.000000e+00 -8.563490e-01
    outer loop
      vertex   -3.664630e+01 -1.488151e+01 4.794484e+02
      vertex   -3.723295e+01 -1.288151e+01 4.790946e+02
      vertex   -3.664630e+01 -1.288151e+01 4.794484e+02
    endloop
  endfacet
  facet normal 4.154150e-01 0.000000e+00 -9.096320e-01
    outer loop
      vertex   -3.664630e+01 -1.488151e+01 4.794484e+02
      vertex   -3.664630e+01 -1.288151e+01 4.794484e+02
      vertex   -3.602314e+01 -1.488151e+01 4.797330e+02
    endloop
  endfacet
  facet normal 4.154150e-01 0.000000e+00 -9.096320e-01
    outer loop
      vertex   -3.602314e+01 -1.488151e+01 4.797330e+02
      vertex   -3.664630e+01 -1.288151e+01 4.794484e+02
      vertex   -3.602314e+01 -1.288151e+01 4.797330e+02
    endloop
  endfacet
  facet normal 3.090170e-01 0.000000e+00 -9.510565e-01
    outer loop
      vertex   -3.602314e+01 -1.488151e+01 4.797330e+02
      vertex   -3.602314e+01 -1.288151e+01 4.797330e+02
      vertex   -3.537161e+01 -1.488151e+01 4.799447e+02
    endloop
  endfacet
  facet normal 3.090170e-01 0.000000e+00 -9.510565e-01
    outer loop
      vertex   -3.537161e+01 -1.488151e+01 4.799447e+02
      vertex   -3.602314e+01 -1.288151e+01 4.797330e+02
      vertex   -3.537161e+01 -1.288151e+01 4.799447e+02
    endloop
  endfacet
  facet normal 1.985905e-01 0.000000e+00 -9.800826e-01
    outer loop
      vertex   -3.537161e+01 -1.488151e+01 4.799447e+02
      vertex   -3.537161e+01 -1.288151e+01 4.799447e+02
      vertex   -3.470018e+01 -1.488151e+01 4.800807e+02
    endloop
  endfacet
  facet normal 1.985905e-01 0.000000e+00 -9.800826e-01
    outer loop
      vertex   -3.470018e+01 -1.488151e+01 4.800807e+02
      vertex   -3.537161e+01 -1.288151e+01 4.799447e+02
      vertex   -3.470018e+01 -1.288151e+01 4.800807e+02
    endloop
  endfacet
  facet normal 8.557501e-02 0.000000e+00 -9.963317e-01
    outer loop
      vertex   -3.470018e+01 -1.488151e+01 4.800807e+02
      vertex   -3.470018e+01 -1.288151e+01 4.800807e+02
      vertex   -3.401763e+01 -1.488151e+01 4.801394e+02
    endloop
  endfacet
  facet normal 8.557501e-02 0.000000e+00 -9.963317e-01
    outer loop
      vertex   -3.401763e+01 -1.488151e+01 4.801394e+02
      vertex   -3.470018e+01 -1.288151e+01 4.800807e+02
      vertex   -3.401763e+01 -1.288151e+01 4.801394e+02
    endloop
  endfacet
  facet normal -2.855605e-02 0.000000e+00 -9.995922e-01
    outer loop
      vertex   -3.401763e+01 -1.488151e+01 4.801394e+02
      vertex   -3.401763e+01 -1.288151e+01 4.801394e+02
      vertex   -3.333284e+01 -1.488151e+01 4.801198e+02
    endloop
  endfacet
  facet normal -2.855605e-02 0.000000e+00 -9.995922e-01
    outer loop
      vertex   -3.333284e+01 -1.488151e+01 4.801198e+02
      vertex   -3.401763e+01 -1.288151e+01 4.801394e+02
      vertex   -3.333284e+01 -1.288151e+01 4.801198e+02
    endloop
  endfacet
  facet normal -1.423148e-01 0.000000e+00 -9.898214e-01
    outer loop
      vertex   -3.333284e+01 -1.488151e+01 4.801198e+02
      vertex   -3.333284e+01 -1.288151e+01 4.801198e+02
      vertex   -3.265475e+01 -1.488151e+01 4.800223e+02
    endloop
  endfacet
  facet normal -1.423148e-01 0.000000e+00 -9.898214e-01
    outer loop
      vertex   -3.265475e+01 -1.488151e+01 4.800223e+02
      vertex   -3.333284e+01 -1.288151e+01 4.801198e+02
      vertex   -3.265475e+01 -1.288151e+01 4.800223e+02
    endloop
  endfacet
  facet normal -2.542183e-01 0.000000e+00 -9.671469e-01
    outer loop
      vertex   -3.265475e+01 -1.488151e+01 4.800223e+02
      vertex   -3.265475e+01 -1.288151e+01 4.800223e+02
      vertex   -3.199219e+01 -1.488151e+01 4.798481e+02
    endloop
  endfacet
  facet normal -2.542183e-01 0.000000e+00 -9.671469e-01
    outer loop
      vertex   -3.199219e+01 -1.488151e+01 4.798481e+02
      vertex   -3.265475e+01 -1.288151e+01 4.800223e+02
      vertex   -3.199219e+01 -1.288151e+01 4.798481e+02
    endloop
  endfacet
  facet normal -3.628077e-01 0.000000e+00 -9.318640e-01
    outer loop
      vertex   -3.199219e+01 -1.488151e+01 4.798481e+02
      vertex   -3.199219e+01 -1.288151e+01 4.798481e+02
      vertex   -3.135380e+01 -1.488151e+01 4.795996e+02
    endloop
  endfacet
  facet normal -3.628077e-01 0.000000e+00 -9.318640e-01
    outer loop
      vertex   -3.135380e+01 -1.488151e+01 4.795996e+02
      vertex   -3.199219e+01 -1.288151e+01 4.798481e+02
      vertex   -3.135380e+01 -1.288151e+01 4.795996e+02
    endloop
  endfacet
  facet normal -4.666673e-01 0.000000e+00 -8.844329e-01
    outer loop
      vertex   -3.135380e+01 -1.488151e+01 4.795996e+02
      vertex   -3.135380e+01 -1.288151e+01 4.795996e+02
      vertex   -3.074791e+01 -1.488151e+01 4.792799e+02
    endloop
  endfacet
  facet normal -4.666673e-01 0.000000e+00 -8.844329e-01
    outer loop
      vertex   -3.074791e+01 -1.488151e+01 4.792799e+02
      vertex   -3.135380e+01 -1.288151e+01 4.795996e+02
      vertex   -3.074791e+01 -1.288151e+01 4.792799e+02
    endloop
  endfacet
  facet normal -5.644432e-01 0.000000e+00 -8.254719e-01
    outer loop
      vertex   -3.074791e+01 -1.488151e+01 4.792799e+02
      vertex   -3.074791e+01 -1.288151e+01 4.792799e+02
      vertex   -3.018241e+01 -1.488151e+01 4.788932e+02
    endloop
  endfacet
  facet normal -5.644432e-01 0.000000e+00 -8.254719e-01
    outer loop
      vertex   -3.018241e+01 -1.488151e+01 4.788932e+02
      vertex   -3.074791e+01 -1.288151e+01 4.792799e+02
      vertex   -3.018241e+01 -1.288151e+01 4.788932e+02
    endloop
  endfacet
  facet normal -6.548607e-01 0.000000e+00 -7.557496e-01
    outer loop
      vertex   -3.018241e+01 -1.488151e+01 4.788932e+02
      vertex   -3.018241e+01 -1.288151e+01 4.788932e+02
      vertex   -2.966467e+01 -1.488151e+01 4.784446e+02
    endloop
  endfacet
  facet normal -6.548607e-01 0.000000e+00 -7.557496e-01
    outer loop
      vertex   -2.966467e+01 -1.488151e+01 4.784446e+02
      vertex   -3.018241e+01 -1.288151e+01 4.788932e+02
      vertex   -2.966467e+01 -1.288151e+01 4.784446e+02
    endloop
  endfacet
  facet normal -7.367411e-01 0.000000e+00 -6.761749e-01
    outer loop
      vertex   -2.966467e+01 -1.488151e+01 4.784446e+02
      vertex   -2.966467e+01 -1.288151e+01 4.784446e+02
      vertex   -2.920145e+01 -1.488151e+01 4.779399e+02
    endloop
  endfacet
  facet normal -7.367411e-01 0.000000e+00 -6.761749e-01
    outer loop
      vertex   -2.920145e+01 -1.488151e+01 4.779399e+02
      vertex   -2.966467e+01 -1.288151e+01 4.784446e+02
      vertex   -2.920145e+01 -1.288151e+01 4.779399e+02
    endloop
  endfacet
  facet normal -8.090170e-01 0.000000e+00 -5.877853e-01
    outer loop
      vertex   -2.920145e+01 -1.488151e+01 4.779399e+02
      vertex   -2.920145e+01 -1.288151e+01 4.779399e+02
      vertex   -2.879877e+01 -1.488151e+01 4.773856e+02
    endloop
  endfacet
  facet normal -8.090170e-01 0.000000e+00 -5.877853e-01
    outer loop
      vertex   -2.879877e+01 -1.488151e+01 4.773856e+02
      vertex   -2.920145e+01 -1.288151e+01 4.779399e+02
      vertex   -2.879877e+01 -1.288151e+01 4.773856e+02
    endloop
  endfacet
  facet normal -8.707461e-01 0.000000e+00 -4.917329e-01
    outer loop
      vertex   -2.879877e+01 -1.488151e+01 4.773856e+02
      vertex   -2.879877e+01 -1.288151e+01 4.773856e+02
      vertex   -2.846190e+01 -1.488151e+01 4.767891e+02
    endloop
  endfacet
  facet normal -8.707461e-01 0.000000e+00 -4.917329e-01
    outer loop
      vertex   -2.846190e+01 -1.488151e+01 4.767891e+02
      vertex   -2.879877e+01 -1.288151e+01 4.773856e+02
      vertex   -2.846190e+01 -1.288151e+01 4.767891e+02
    endloop
  endfacet
  facet normal -9.211237e-01 0.000000e+00 -3.892701e-01
    outer loop
      vertex   -2.846190e+01 -1.488151e+01 4.767891e+02
      vertex   -2.846190e+01 -1.288151e+01 4.767891e+02
      vertex   -2.819523e+01 -1.488151e+01 4.761581e+02
    endloop
  endfacet
  facet normal -9.211237e-01 0.000000e+00 -3.892701e-01
    outer loop
      vertex   -2.819523e+01 -1.488151e+01 4.761581e+02
      vertex   -2.846190e+01 -1.288151e+01 4.767891e+02
      vertex   -2.819523e+01 -1.288151e+01 4.761581e+02
    endloop
  endfacet
  facet normal -9.594930e-01 0.000000e+00 -2.817326e-01
    outer loop
      vertex   -2.819523e+01 -1.488151e+01 4.761581e+02
      vertex   -2.819523e+01 -1.288151e+01 4.761581e+02
      vertex   -2.800222e+01 -1.488151e+01 4.755008e+02
    endloop
  endfacet
  facet normal -9.594930e-01 0.000000e+00 -2.817326e-01
    outer loop
      vertex   -2.800222e+01 -1.488151e+01 4.755008e+02
      vertex   -2.819523e+01 -1.288151e+01 4.761581e+02
      vertex   -2.800222e+01 -1.288151e+01 4.755008e+02
    endloop
  endfacet
  facet normal -9.853538e-01 0.000000e+00 -1.705222e-01
    outer loop
      vertex   -2.800222e+01 -1.488151e+01 4.755008e+02
      vertex   -2.800222e+01 -1.288151e+01 4.755008e+02
      vertex   -2.788540e+01 -1.488151e+01 4.748257e+02
    endloop
  endfacet
  facet normal -9.853538e-01 0.000000e+00 -1.705222e-01
    outer loop
      vertex   -2.788540e+01 -1.488151e+01 4.748257e+02
      vertex   -2.800222e+01 -1.288151e+01 4.755008e+02
      vertex   -2.788540e+01 -1.288151e+01 4.748257e+02
    endloop
  endfacet
  facet normal 0.000000e+00 0.000000e+00 1.000000e+00
    outer loop
      vertex   -2.233479e+01 -3.459657e+01 4.617145e+02
      vertex   -2.683479e+01 -3.459657e+01 4.617145e+02
      vertex   -2.233479e+01 -3.639683e+01 4.617145e+02
    endloop
  endfacet
  facet normal 0.000000e+00 0.000000e+00 1.000000e+00
    outer loop
      vertex   -2.233479e+01 -3.639683e+01 4.617145e+02
      vertex   -2.683479e+01 -3.459657e+01 4.617145e+02
      vertex   -2.683479e+01 -3.639683e+01 4.617145e+02
    endloop
  endfacet
  facet normal -1.000000e+00 -0.000000e+00 -0.000000e+00
    outer loop
      vertex   -2.683479e+01 -3.444128e+01 4.616941e+02
      vertex   -2.683479e+01 -3.429657e+01 4.616341e+02
      vertex   -2.683479e+01 -3.459657e+01 4.617145e+02
    endloop
  endfacet
  facet normal -1.000000e+00 0.000000e+00 -0.000000e+00
    outer loop
      vertex   -2.683479e+01 -3.459657e+01 4.617145e+02
      vertex   -2.683479e+01 -3.429657e+01 4.616341e+02
      vertex   -2.683479e+01 -3.669683e+01 4.616341e+02
    endloop
  endfacet
  facet normal -1.000000e+00 -0.000000e+00 0.000000e+00
    outer loop
      vertex   -2.683479e+01 -3.459657e+01 4.617145e+02
      vertex   -2.683479e+01 -3.669683e+01 4.616341e+02
      vertex   -2.683479e+01 -3.639683e+01 4.617145e+02
    endloop
  endfacet
  facet normal -1.000000e+00 0.000000e+00 0.000000e+00
    outer loop
      vertex   -2.683479e+01 -3.639683e+01 4.617145e+02
      vertex   -2.683479e+01 -3.669683e+01 4.616341e+02
      vertex   -2.683479e+01 -3.655212e+01 4.616941e+02
    endloop
  endfacet
  facet normal -1.000000e+00 0.000000e+00 -0.000000e+00
    outer loop
      vertex   -2.683479e+01 -3.669683e+01 4.616341e+02
      vertex   -2.683479e+01 -3.429657e+01 4.616341e+02
      vertex   -2.683479e+01 -3.682109e+01 4.615388e+02
    endloop
  endfacet
  facet normal -1.000000e+00 0.000000e+00 0.000000e+00
    outer loop
      vertex   -2.683479e+01 -3.682109e+01 4.615388e+02
      vertex   -2.683479e+01 -3.429657e+01 4.616341e+02
      vertex   -2.683479e+01 -3.417231e+01 4.615388e+02
    endloop
  endfacet
  facet normal -1.000000e+00 0.000000e+00 -0.000000e+00
    outer loop
      vertex   -2.683479e+01 -3.682109e+01 4.615388e+02
      vertex   -2.683479e+01 -3.417231e+01 4.615388e+02
      vertex   -2.683479e+01 -3.691644e+01 4.614145e+02
    endloop
  endfacet
  facet normal -1.000000e+00 0.000000e+00 0.000000e+00
    outer loop
      vertex   -2.683479e+01 -3.691644e+01 4.614145e+02
      vertex   -2.683479e+01 -3.417231e+01 4.615388e+02
      vertex   -2.683479e+01 -3.407695e+01 4.614145e+02
    endloop
  endfacet
  facet normal -1.000000e+00 0.000000e+00 -0.000000e+00
    outer loop
      vertex   -2.683479e+01 -3.691644e+01 4.614145e+02
      vertex   -2.683479e+01 -3.407695e+01 4.614145e+02
      vertex   -2.683479e+01 -3.697638e+01 4.612698e+02
    endloop
  endfacet
  facet normal -1.000000e+00 0.000000e+00 0.000000e+00
    outer loop
      vertex   -2.683479e+01 -3.697638e+01 4.612698e+02
      vertex   -2.683479e+01 -3.407695e+01 4.614145e+02
      vertex   -2.683479e+01 -3.401701e+01 4.612698e+02
    endloop
  endfacet
  facet normal -1.000000e+00 0.000000e+00 -0.000000e+00
    outer loop
      vertex   -2.683479e+01 -3.697638e+01 4.612698e+02
      vertex   -2.683479e+01 -3.401701e+01 4.612698e+02
      vertex   -2.683479e+01 -3.699683e+01 4.611145e+02
    endloop
  endfacet
  facet normal -1.000000e+00 0.000000e+00 0.000000e+00
    outer loop
      vertex   -2.683479e+01 -3.699683e+01 4.611145e+02
      vertex   -2.683479e+01 -3.401701e+01 4.612698e+02
      vertex   -2.683479e+01 -3.399657e+01 4.611145e+02
    endloop
  endfacet
  facet normal -9.979454e-01 6.407022e-02 -4.552463e-17
    outer loop
      vertex   -2.851063e+01 -2.860742e+01 4.561145e+02
      vertex   -2.851063e+01 -2.860742e+01 4.611145e+02
      vertex   -2.847163e+01 -2.800000e+01 4.561145e+02
    endloop
  endfacet
  facet normal -9.979454e-01 6.407022e-02 0.000000e+00
    outer loop
      vertex   -2.847163e+01 -2.800000e+01 4.561145e+02
      vertex   -2.851063e+01 -2.860742e+01 4.611145e+02
      vertex   -2.847163e+01 -2.800000e+01 4.611145e+02
    endloop
  endfacet
  facet normal -9.979454e-01 -6.407022e-02 0.000000e+00
    outer loop
      vertex   -2.847163e+01 -2.800000e+01 4.561145e+02
      vertex   -2.847163e+01 -2.800000e+01 4.611145e+02
      vertex   -2.851063e+01 -2.739258e+01 4.561145e+02
    endloop
  endfacet
  facet normal -9.979454e-01 -6.407022e-02 9.104926e-17
    outer loop
      vertex   -2.851063e+01 -2.739258e+01 4.561145e+02
      vertex   -2.847163e+01 -2.800000e+01 4.611145e+02
      vertex   -2.851063e+01 -2.739258e+01 4.611145e+02
    endloop
  endfacet
  facet normal -9.815592e-01 -1.911586e-01 2.716528e-16
    outer loop
      vertex   -2.851063e+01 -2.739258e+01 4.561145e+02
      vertex   -2.851063e+01 -2.739258e+01 4.611145e+02
      vertex   -2.862698e+01 -2.679514e+01 4.561145e+02
    endloop
  endfacet
  facet normal -9.815592e-01 -1.911586e-01 -1.123227e-15
    outer loop
      vertex   -2.862698e+01 -2.679514e+01 4.561145e+02
      vertex   -2.851063e+01 -2.739258e+01 4.611145e+02
      vertex   -2.862698e+01 -2.679514e+01 4.611145e+02
    endloop
  endfacet
  facet normal -9.490557e-01 -3.151082e-01 -9.008936e-16
    outer loop
      vertex   -2.862698e+01 -2.679514e+01 4.561145e+02
      vertex   -2.862698e+01 -2.679514e+01 4.611145e+02
      vertex   -2.881878e+01 -2.621748e+01 4.561145e+02
    endloop
  endfacet
  facet normal -9.490557e-01 -3.151082e-01 0.000000e+00
    outer loop
      vertex   -2.881878e+01 -2.621748e+01 4.561145e+02
      vertex   -2.862698e+01 -2.679514e+01 4.611145e+02
      vertex   -2.881878e+01 -2.621748e+01 4.611145e+02
    endloop
  endfacet
  facet normal -9.009689e-01 -4.338837e-01 0.000000e+00
    outer loop
      vertex   -2.881878e+01 -2.621748e+01 4.561145e+02
      vertex   -2.881878e+01 -2.621748e+01 4.611145e+02
      vertex   -2.908287e+01 -2.566909e+01 4.561145e+02
    endloop
  endfacet
  facet normal -9.009689e-01 -4.338837e-01 3.082929e-16
    outer loop
      vertex   -2.908287e+01 -2.566909e+01 4.561145e+02
      vertex   -2.881878e+01 -2.621748e+01 4.611145e+02
      vertex   -2.908287e+01 -2.566909e+01 4.611145e+02
    endloop
  endfacet
  facet normal -8.380881e-01 -5.455349e-01 3.876259e-16
    outer loop
      vertex   -2.908287e+01 -2.566909e+01 4.561145e+02
      vertex   -2.908287e+01 -2.566909e+01 4.611145e+02
      vertex   -2.941492e+01 -2.515897e+01 4.561145e+02
    endloop
  endfacet
  facet normal -8.380881e-01 -5.455349e-01 0.000000e+00
    outer loop
      vertex   -2.941492e+01 -2.515897e+01 4.561145e+02
      vertex   -2.908287e+01 -2.566909e+01 4.611145e+02
      vertex   -2.941492e+01 -2.515897e+01 4.611145e+02
    endloop
  endfacet
  facet normal -7.614460e-01 -6.482284e-01 0.000000e+00
    outer loop
      vertex   -2.941492e+01 -2.515897e+01 4.561145e+02
      vertex   -2.941492e+01 -2.515897e+01 4.611145e+02
      vertex   -2.980948e+01 -2.469551e+01 4.561145e+02
    endloop
  endfacet
  facet normal -7.614460e-01 -6.482284e-01 3.801481e-16
    outer loop
      vertex   -2.980948e+01 -2.469551e+01 4.561145e+02
      vertex   -2.941492e+01 -2.515897e+01 4.611145e+02
      vertex   -2.980948e+01 -2.469551e+01 4.611145e+02
    endloop
  endfacet
  facet normal -6.723009e-01 -7.402780e-01 5.742998e-16
    outer loop
      vertex   -2.980948e+01 -2.469551e+01 4.561145e+02
      vertex   -2.980948e+01 -2.469551e+01 4.611145e+02
      vertex   -3.026006e+01 -2.428630e+01 4.561145e+02
    endloop
  endfacet
  facet normal -6.723009e-01 -7.402780e-01 0.000000e+00
    outer loop
      vertex   -3.026006e+01 -2.428630e+01 4.561145e+02
      vertex   -2.980948e+01 -2.469551e+01 4.611145e+02
      vertex   -3.026006e+01 -2.428630e+01 4.611145e+02
    endloop
  endfacet
  facet normal -5.721167e-01 -8.201723e-01 0.000000e+00
    outer loop
      vertex   -3.026006e+01 -2.428630e+01 4.561145e+02
      vertex   -3.026006e+01 -2.428630e+01 4.611145e+02
      vertex   -3.075927e+01 -2.393807e+01 4.561145e+02
    endloop
  endfacet
  facet normal -5.721167e-01 -8.201723e-01 5.827674e-16
    outer loop
      vertex   -3.075927e+01 -2.393807e+01 4.561145e+02
      vertex   -3.026006e+01 -2.428630e+01 4.611145e+02
      vertex   -3.075927e+01 -2.393807e+01 4.611145e+02
    endloop
  endfacet
  facet normal -4.625383e-01 -8.865993e-01 6.299667e-16
    outer loop
      vertex   -3.075927e+01 -2.393807e+01 4.561145e+02
      vertex   -3.075927e+01 -2.393807e+01 4.611145e+02
      vertex   -3.129891e+01 -2.365654e+01 4.561145e+02
    endloop
  endfacet
  facet normal -4.625383e-01 -8.865993e-01 -3.286532e-16
    outer loop
      vertex   -3.129891e+01 -2.365654e+01 4.561145e+02
      vertex   -3.075927e+01 -2.393807e+01 4.611145e+02
      vertex   -3.129891e+01 -2.365654e+01 4.611145e+02
    endloop
  endfacet
  facet normal -3.453651e-01 -9.384684e-01 -2.453966e-16
    outer loop
      vertex   -3.129891e+01 -2.365654e+01 4.561145e+02
      vertex   -3.129891e+01 -2.365654e+01 4.611145e+02
      vertex   -3.187013e+01 -2.344633e+01 4.561145e+02
    endloop
  endfacet
  facet normal -3.453651e-01 -9.384684e-01 0.000000e+00
    outer loop
      vertex   -3.187013e+01 -2.344633e+01 4.561145e+02
      vertex   -3.129891e+01 -2.365654e+01 4.611145e+02
      vertex   -3.187013e+01 -2.344633e+01 4.611145e+02
    endloop
  endfacet
  facet normal -2.225209e-01 -9.749279e-01 0.000000e+00
    outer loop
      vertex   -3.187013e+01 -2.344633e+01 4.561145e+02
      vertex   -3.187013e+01 -2.344633e+01 4.611145e+02
      vertex   -3.246354e+01 -2.331089e+01 4.561145e+02
    endloop
  endfacet
  facet normal -2.225209e-01 -9.749279e-01 0.000000e+00
    outer loop
      vertex   -3.246354e+01 -2.331089e+01 4.561145e+02
      vertex   -3.187013e+01 -2.344633e+01 4.611145e+02
      vertex   -3.246354e+01 -2.331089e+01 4.611145e+02
    endloop
  endfacet
  facet normal -9.602303e-02 -9.953791e-01 0.000000e+00
    outer loop
      vertex   -3.246354e+01 -2.331089e+01 4.561145e+02
      vertex   -3.246354e+01 -2.331089e+01 4.611145e+02
      vertex   -3.306939e+01 -2.325244e+01 4.561145e+02
    endloop
  endfacet
  facet normal -9.602303e-02 -9.953791e-01 0.000000e+00
    outer loop
      vertex   -3.306939e+01 -2.325244e+01 4.561145e+02
      vertex   -3.246354e+01 -2.331089e+01 4.611145e+02
      vertex   -3.306939e+01 -2.325244e+01 4.611145e+02
    endloop
  endfacet
  facet normal 3.205158e-02 -9.994862e-01 0.000000e+00
    outer loop
      vertex   -3.306939e+01 -2.325244e+01 4.561145e+02
      vertex   -3.306939e+01 -2.325244e+01 4.611145e+02
      vertex   -3.367774e+01 -2.327195e+01 4.561145e+02
    endloop
  endfacet
  facet normal 3.205158e-02 -9.994862e-01 4.554803e-17
    outer loop
      vertex   -3.367774e+01 -2.327195e+01 4.561145e+02
      vertex   -3.306939e+01 -2.325244e+01 4.611145e+02
      vertex   -3.367774e+01 -2.327195e+01 4.611145e+02
    endloop
  endfacet
  facet normal 1.595999e-01 -9.871818e-01 2.268051e-16
    outer loop
      vertex   -3.367774e+01 -2.327195e+01 4.561145e+02
      vertex   -3.367774e+01 -2.327195e+01 4.611145e+02
      vertex   -3.427861e+01 -2.336909e+01 4.561145e+02
    endloop
  endfacet
  facet normal 1.595999e-01 -9.871818e-01 0.000000e+00
    outer loop
      vertex   -3.427861e+01 -2.336909e+01 4.561145e+02
      vertex   -3.367774e+01 -2.327195e+01 4.611145e+02
      vertex   -3.427861e+01 -2.336909e+01 4.611145e+02
    endloop
  endfacet
  facet normal 2.845276e-01 -9.586679e-01 0.000000e+00
    outer loop
      vertex   -3.427861e+01 -2.336909e+01 4.561145e+02
      vertex   -3.427861e+01 -2.336909e+01 4.611145e+02
      vertex   -3.486212e+01 -2.354227e+01 4.561145e+02
    endloop
  endfacet
  facet normal 2.845276e-01 -9.586679e-01 0.000000e+00
    outer loop
      vertex   -3.486212e+01 -2.354227e+01 4.561145e+02
      vertex   -3.427861e+01 -2.336909e+01 4.611145e+02
      vertex   -3.486212e+01 -2.354227e+01 4.611145e+02
    endloop
  endfacet
  facet normal 4.047833e-01 -9.144126e-01 0.000000e+00
    outer loop
      vertex   -3.486212e+01 -2.354227e+01 4.561145e+02
      vertex   -3.486212e+01 -2.354227e+01 4.611145e+02
      vertex   -3.541869e+01 -2.378865e+01 4.561145e+02
    endloop
  endfacet
  facet normal 4.047833e-01 -9.144126e-01 0.000000e+00
    outer loop
      vertex   -3.541869e+01 -2.378865e+01 4.561145e+02
      vertex   -3.486212e+01 -2.354227e+01 4.611145e+02
      vertex   -3.541869e+01 -2.378865e+01 4.611145e+02
    endloop
  endfacet
  facet normal 5.183926e-01 -8.551428e-01 0.000000e+00
    outer loop
      vertex   -3.541869e+01 -2.378865e+01 4.561145e+02
      vertex   -3.541869e+01 -2.378865e+01 4.611145e+02
      vertex   -3.593919e+01 -2.410418e+01 4.561145e+02
    endloop
  endfacet
  facet normal 5.183926e-01 -8.551428e-01 0.000000e+00
    outer loop
      vertex   -3.593919e+01 -2.410418e+01 4.561145e+02
      vertex   -3.541869e+01 -2.378865e+01 4.611145e+02
      vertex   -3.593919e+01 -2.410418e+01 4.611145e+02
    endloop
  endfacet
  facet normal 6.234898e-01 -7.818315e-01 0.000000e+00
    outer loop
      vertex   -3.593919e+01 -2.410418e+01 4.561145e+02
      vertex   -3.593919e+01 -2.410418e+01 4.611145e+02
      vertex   -3.641506e+01 -2.448368e+01 4.561145e+02
    endloop
  endfacet
  facet normal 6.234898e-01 -7.818315e-01 0.000000e+00
    outer loop
      vertex   -3.641506e+01 -2.448368e+01 4.561145e+02
      vertex   -3.593919e+01 -2.410418e+01 4.611145e+02
      vertex   -3.641506e+01 -2.448368e+01 4.611145e+02
    endloop
  endfacet
  facet normal 7.183494e-01 -6.956826e-01 0.000000e+00
    outer loop
      vertex   -3.641506e+01 -2.448368e+01 4.561145e+02
      vertex   -3.641506e+01 -2.448368e+01 4.611145e+02
      vertex   -3.683850e+01 -2.492092e+01 4.561145e+02
    endloop
  endfacet
  facet normal 7.183494e-01 -6.956826e-01 -4.943122e-16
    outer loop
      vertex   -3.683850e+01 -2.492092e+01 4.561145e+02
      vertex   -3.641506e+01 -2.448368e+01 4.611145e+02
      vertex   -3.683850e+01 -2.492092e+01 4.611145e+02
    endloop
  endfacet
  facet normal 8.014136e-01 -5.981105e-01 -4.249831e-16
    outer loop
      vertex   -3.683850e+01 -2.492092e+01 4.561145e+02
      vertex   -3.683850e+01 -2.492092e+01 4.611145e+02
      vertex   -3.720255e+01 -2.540871e+01 4.561145e+02
    endloop
  endfacet
  facet normal 8.014136e-01 -5.981105e-01 0.000000e+00
    outer loop
      vertex   -3.720255e+01 -2.540871e+01 4.561145e+02
      vertex   -3.683850e+01 -2.492092e+01 4.611145e+02
      vertex   -3.720255e+01 -2.540871e+01 4.611145e+02
    endloop
  endfacet
  facet normal 8.713187e-01 -4.907176e-01 0.000000e+00
    outer loop
      vertex   -3.720255e+01 -2.540871e+01 4.561145e+02
      vertex   -3.720255e+01 -2.540871e+01 4.611145e+02
      vertex   -3.750124e+01 -2.593905e+01 4.561145e+02
    endloop
  endfacet
  facet normal 8.713187e-01 -4.907176e-01 0.000000e+00
    outer loop
      vertex   -3.750124e+01 -2.593905e+01 4.561145e+02
      vertex   -3.720255e+01 -2.540871e+01 4.611145e+02
      vertex   -3.750124e+01 -2.593905e+01 4.611145e+02
    endloop
  endfacet
  facet normal 9.269168e-01 -3.752670e-01 0.000000e+00
    outer loop
      vertex   -3.750124e+01 -2.593905e+01 4.561145e+02
      vertex   -3.750124e+01 -2.593905e+01 4.611145e+02
      vertex   -3.772965e+01 -2.650324e+01 4.561145e+02
    endloop
  endfacet
  facet normal 9.269168e-01 -3.752670e-01 0.000000e+00
    outer loop
      vertex   -3.772965e+01 -2.650324e+01 4.561145e+02
      vertex   -3.750124e+01 -2.593905e+01 4.611145e+02
      vertex   -3.772965e+01 -2.650324e+01 4.611145e+02
    endloop
  endfacet
  facet normal 9.672949e-01 -2.536546e-01 0.000000e+00
    outer loop
      vertex   -3.772965e+01 -2.650324e+01 4.561145e+02
      vertex   -3.772965e+01 -2.650324e+01 4.611145e+02
      vertex   -3.788404e+01 -2.709200e+01 4.561145e+02
    endloop
  endfacet
  facet normal 9.672949e-01 -2.536546e-01 0.000000e+00
    outer loop
      vertex   -3.788404e+01 -2.709200e+01 4.561145e+02
      vertex   -3.772965e+01 -2.650324e+01 4.611145e+02
      vertex   -3.788404e+01 -2.709200e+01 4.611145e+02
    endloop
  endfacet
  facet normal 9.917900e-01 -1.278772e-01 0.000000e+00
    outer loop
      vertex   -3.788404e+01 -2.709200e+01 4.561145e+02
      vertex   -3.788404e+01 -2.709200e+01 4.611145e+02
      vertex   -3.796188e+01 -2.769567e+01 4.561145e+02
    endloop
  endfacet
  facet normal 9.917900e-01 -1.278772e-01 -1.817244e-16
    outer loop
      vertex   -3.796188e+01 -2.769567e+01 4.561145e+02
      vertex   -3.788404e+01 -2.709200e+01 4.611145e+02
      vertex   -3.796188e+01 -2.769567e+01 4.611145e+02
    endloop
  endfacet
  facet normal 1.000000e+00 0.000000e+00 0.000000e+00
    outer loop
      vertex   -3.796188e+01 -2.769567e+01 4.561145e+02
      vertex   -3.796188e+01 -2.769567e+01 4.611145e+02
      vertex   -3.796188e+01 -2.830433e+01 4.561145e+02
    endloop
  endfacet
  facet normal 1.000000e+00 0.000000e+00 -0.000000e+00
    outer loop
      vertex   -3.796188e+01 -2.830433e+01 4.561145e+02
      vertex   -3.796188e+01 -2.769567e+01 4.611145e+02
      vertex   -3.796188e+01 -2.830433e+01 4.611145e+02
    endloop
  endfacet
  facet normal 9.917900e-01 1.278772e-01 9.086219e-17
    outer loop
      vertex   -3.796188e+01 -2.830433e+01 4.561145e+02
      vertex   -3.796188e+01 -2.830433e+01 4.611145e+02
      vertex   -3.788404e+01 -2.890800e+01 4.561145e+02
    endloop
  endfacet
  facet normal 9.917900e-01 1.278772e-01 -0.000000e+00
    outer loop
      vertex   -3.788404e+01 -2.890800e+01 4.561145e+02
      vertex   -3.796188e+01 -2.830433e+01 4.611145e+02
      vertex   -3.788404e+01 -2.890800e+01 4.611145e+02
    endloop
  endfacet
  facet normal 9.672949e-01 2.536546e-01 -0.000000e+00
    outer loop
      vertex   -3.788404e+01 -2.890800e+01 4.561145e+02
      vertex   -3.788404e+01 -2.890800e+01 4.611145e+02
      vertex   -3.772965e+01 -2.949676e+01 4.561145e+02
    endloop
  endfacet
  facet normal 9.672949e-01 2.536546e-01 -0.000000e+00
    outer loop
      vertex   -3.772965e+01 -2.949676e+01 4.561145e+02
      vertex   -3.788404e+01 -2.890800e+01 4.611145e+02
      vertex   -3.772965e+01 -2.949676e+01 4.611145e+02
    endloop
  endfacet
  facet normal 9.269168e-01 3.752670e-01 -0.000000e+00
    outer loop
      vertex   -3.772965e+01 -2.949676e+01 4.561145e+02
      vertex   -3.772965e+01 -2.949676e+01 4.611145e+02
      vertex   -3.750124e+01 -3.006095e+01 4.561145e+02
    endloop
  endfacet
  facet normal 9.269168e-01 3.752670e-01 -0.000000e+00
    outer loop
      vertex   -3.750124e+01 -3.006095e+01 4.561145e+02
      vertex   -3.772965e+01 -2.949676e+01 4.611145e+02
      vertex   -3.750124e+01 -3.006095e+01 4.611145e+02
    endloop
  endfacet
  facet normal 8.713187e-01 4.907176e-01 -0.000000e+00
    outer loop
      vertex   -3.750124e+01 -3.006095e+01 4.561145e+02
      vertex   -3.750124e+01 -3.006095e+01 4.611145e+02
      vertex   -3.720255e+01 -3.059129e+01 4.561145e+02
    endloop
  endfacet
  facet normal 8.713187e-01 4.907176e-01 -0.000000e+00
    outer loop
      vertex   -3.720255e+01 -3.059129e+01 4.561145e+02
      vertex   -3.750124e+01 -3.006095e+01 4.611145e+02
      vertex   -3.720255e+01 -3.059129e+01 4.611145e+02
    endloop
  endfacet
  facet normal 8.014136e-01 5.981105e-01 -0.000000e+00
    outer loop
      vertex   -3.720255e+01 -3.059129e+01 4.561145e+02
      vertex   -3.720255e+01 -3.059129e+01 4.611145e+02
      vertex   -3.683850e+01 -3.107908e+01 4.561145e+02
    endloop
  endfacet
  facet normal 8.014136e-01 5.981105e-01 8.499662e-16
    outer loop
      vertex   -3.683850e+01 -3.107908e+01 4.561145e+02
      vertex   -3.720255e+01 -3.059129e+01 4.611145e+02
      vertex   -3.683850e+01 -3.107908e+01 4.611145e+02
    endloop
  endfacet
  facet normal 7.183494e-01 6.956826e-01 9.886244e-16
    outer loop
      vertex   -3.683850e+01 -3.107908e+01 4.561145e+02
      vertex   -3.683850e+01 -3.107908e+01 4.611145e+02
      vertex   -3.641506e+01 -3.151632e+01 4.561145e+02
    endloop
  endfacet
  facet normal 7.183494e-01 6.956826e-01 -0.000000e+00
    outer loop
      vertex   -3.641506e+01 -3.151632e+01 4.561145e+02
      vertex   -3.683850e+01 -3.107908e+01 4.611145e+02
      vertex   -3.641506e+01 -3.151632e+01 4.611145e+02
    endloop
  endfacet
  facet normal 6.234898e-01 7.818315e-01 -0.000000e+00
    outer loop
      vertex   -3.641506e+01 -3.151632e+01 4.561145e+02
      vertex   -3.641506e+01 -3.151632e+01 4.611145e+02
      vertex   -3.593919e+01 -3.189582e+01 4.561145e+02
    endloop
  endfacet
  facet normal 6.234898e-01 7.818315e-01 -0.000000e+00
    outer loop
      vertex   -3.593919e+01 -3.189582e+01 4.561145e+02
      vertex   -3.641506e+01 -3.151632e+01 4.611145e+02
      vertex   -3.593919e+01 -3.189582e+01 4.611145e+02
    endloop
  endfacet
  facet normal 5.183926e-01 8.551428e-01 -0.000000e+00
    outer loop
      vertex   -3.593919e+01 -3.189582e+01 4.561145e+02
      vertex   -3.593919e+01 -3.189582e+01 4.611145e+02
      vertex   -3.541869e+01 -3.221135e+01 4.561145e+02
    endloop
  endfacet
  facet normal 5.183926e-01 8.551428e-01 -0.000000e+00
    outer loop
      vertex   -3.541869e+01 -3.221135e+01 4.561145e+02
      vertex   -3.593919e+01 -3.189582e+01 4.611145e+02
      vertex   -3.541869e+01 -3.221135e+01 4.611145e+02
    endloop
  endfacet
  facet normal 4.047833e-01 9.144126e-01 -0.000000e+00
    outer loop
      vertex   -3.541869e+01 -3.221135e+01 4.561145e+02
      vertex   -3.541869e+01 -3.221135e+01 4.611145e+02
      vertex   -3.486212e+01 -3.245773e+01 4.561145e+02
    endloop
  endfacet
  facet normal 4.047833e-01 9.144126e-01 -0.000000e+00
    outer loop
      vertex   -3.486212e+01 -3.245773e+01 4.561145e+02
      vertex   -3.541869e+01 -3.221135e+01 4.611145e+02
      vertex   -3.486212e+01 -3.245773e+01 4.611145e+02
    endloop
  endfacet
  facet normal 2.845276e-01 9.586679e-01 -0.000000e+00
    outer loop
      vertex   -3.486212e+01 -3.245773e+01 4.561145e+02
      vertex   -3.486212e+01 -3.245773e+01 4.611145e+02
      vertex   -3.427861e+01 -3.263091e+01 4.561145e+02
    endloop
  endfacet
  facet normal 2.845276e-01 9.586679e-01 -0.000000e+00
    outer loop
      vertex   -3.427861e+01 -3.263091e+01 4.561145e+02
      vertex   -3.486212e+01 -3.245773e+01 4.611145e+02
      vertex   -3.427861e+01 -3.263091e+01 4.611145e+02
    endloop
  endfacet
  facet normal 1.595999e-01 9.871818e-01 -0.000000e+00
    outer loop
      vertex   -3.427861e+01 -3.263091e+01 4.561145e+02
      vertex   -3.427861e+01 -3.263091e+01 4.611145e+02
      vertex   -3.367774e+01 -3.272805e+01 4.561145e+02
    endloop
  endfacet
  facet normal 1.595999e-01 9.871818e-01 -2.268051e-16
    outer loop
      vertex   -3.367774e+01 -3.272805e+01 4.561145e+02
      vertex   -3.427861e+01 -3.263091e+01 4.611145e+02
      vertex   -3.367774e+01 -3.272805e+01 4.611145e+02
    endloop
  endfacet
  facet normal 3.205158e-02 9.994862e-01 -4.554803e-17
    outer loop
      vertex   -3.367774e+01 -3.272805e+01 4.561145e+02
      vertex   -3.367774e+01 -3.272805e+01 4.611145e+02
      vertex   -3.306939e+01 -3.274756e+01 4.561145e+02
    endloop
  endfacet
  facet normal 3.205158e-02 9.994862e-01 -0.000000e+00
    outer loop
      vertex   -3.306939e+01 -3.274756e+01 4.561145e+02
      vertex   -3.367774e+01 -3.272805e+01 4.611145e+02
      vertex   -3.306939e+01 -3.274756e+01 4.611145e+02
    endloop
  endfacet
  facet normal -9.602303e-02 9.953791e-01 0.000000e+00
    outer loop
      vertex   -3.306939e+01 -3.274756e+01 4.561145e+02
      vertex   -3.306939e+01 -3.274756e+01 4.611145e+02
      vertex   -3.246354e+01 -3.268911e+01 4.561145e+02
    endloop
  endfacet
  facet normal -9.602303e-02 9.953791e-01 0.000000e+00
    outer loop
      vertex   -3.246354e+01 -3.268911e+01 4.561145e+02
      vertex   -3.306939e+01 -3.274756e+01 4.611145e+02
      vertex   -3.246354e+01 -3.268911e+01 4.611145e+02
    endloop
  endfacet
  facet normal -2.225209e-01 9.749279e-01 0.000000e+00
    outer loop
      vertex   -3.246354e+01 -3.268911e+01 4.561145e+02
      vertex   -3.246354e+01 -3.268911e+01 4.611145e+02
      vertex   -3.187013e+01 -3.255367e+01 4.561145e+02
    endloop
  endfacet
  facet normal -2.225209e-01 9.749279e-01 0.000000e+00
    outer loop
      vertex   -3.187013e+01 -3.255367e+01 4.561145e+02
      vertex   -3.246354e+01 -3.268911e+01 4.611145e+02
      vertex   -3.187013e+01 -3.255367e+01 4.611145e+02
    endloop
  endfacet
  facet normal -3.453651e-01 9.384684e-01 0.000000e+00
    outer loop
      vertex   -3.187013e+01 -3.255367e+01 4.561145e+02
      vertex   -3.187013e+01 -3.255367e+01 4.611145e+02
      vertex   -3.129891e+01 -3.234346e+01 4.561145e+02
    endloop
  endfacet
  facet normal -3.453651e-01 9.384684e-01 2.453966e-16
    outer loop
      vertex   -3.129891e+01 -3.234346e+01 4.561145e+02
      vertex   -3.187013e+01 -3.255367e+01 4.611145e+02
      vertex   -3.129891e+01 -3.234346e+01 4.611145e+02
    endloop
  endfacet
  facet normal -4.625383e-01 8.865993e-01 3.286532e-16
    outer loop
      vertex   -3.129891e+01 -3.234346e+01 4.561145e+02
      vertex   -3.129891e+01 -3.234346e+01 4.611145e+02
      vertex   -3.075927e+01 -3.206193e+01 4.561145e+02
    endloop
  endfacet
  facet normal -4.625383e-01 8.865993e-01 0.000000e+00
    outer loop
      vertex   -3.075927e+01 -3.206193e+01 4.561145e+02
      vertex   -3.129891e+01 -3.234346e+01 4.611145e+02
      vertex   -3.075927e+01 -3.206193e+01 4.611145e+02
    endloop
  endfacet
  facet normal -5.721167e-01 8.201723e-01 0.000000e+00
    outer loop
      vertex   -3.075927e+01 -3.206193e+01 4.561145e+02
      vertex   -3.075927e+01 -3.206193e+01 4.611145e+02
      vertex   -3.026006e+01 -3.171370e+01 4.561145e+02
    endloop
  endfacet
  facet normal -5.721167e-01 8.201723e-01 0.000000e+00
    outer loop
      vertex   -3.026006e+01 -3.171370e+01 4.561145e+02
      vertex   -3.075927e+01 -3.206193e+01 4.611145e+02
      vertex   -3.026006e+01 -3.171370e+01 4.611145e+02
    endloop
  endfacet
  facet normal -6.723009e-01 7.402780e-01 0.000000e+00
    outer loop
      vertex   -3.026006e+01 -3.171370e+01 4.561145e+02
      vertex   -3.026006e+01 -3.171370e+01 4.611145e+02
      vertex   -2.980948e+01 -3.130449e+01 4.561145e+02
    endloop
  endfacet
  facet normal -6.723009e-01 7.402780e-01 -4.830064e-17
    outer loop
      vertex   -2.980948e+01 -3.130449e+01 4.561145e+02
      vertex   -3.026006e+01 -3.171370e+01 4.611145e+02
      vertex   -2.980948e+01 -3.130449e+01 4.611145e+02
    endloop
  endfacet
  facet normal -7.614460e-01 6.482284e-01 8.044592e-17
    outer loop
      vertex   -2.980948e+01 -3.130449e+01 4.561145e+02
      vertex   -2.980948e+01 -3.130449e+01 4.611145e+02
      vertex   -2.941492e+01 -3.084103e+01 4.561145e+02
    endloop
  endfacet
  facet normal -7.614460e-01 6.482284e-01 0.000000e+00
    outer loop
      vertex   -2.941492e+01 -3.084103e+01 4.561145e+02
      vertex   -2.980948e+01 -3.130449e+01 4.611145e+02
      vertex   -2.941492e+01 -3.084103e+01 4.611145e+02
    endloop
  endfacet
  facet normal -8.380881e-01 5.455349e-01 0.000000e+00
    outer loop
      vertex   -2.941492e+01 -3.084103e+01 4.561145e+02
      vertex   -2.941492e+01 -3.084103e+01 4.611145e+02
      vertex   -2.908287e+01 -3.033091e+01 4.561145e+02
    endloop
  endfacet
  facet normal -8.380881e-01 5.455349e-01 -3.876259e-16
    outer loop
      vertex   -2.908287e+01 -3.033091e+01 4.561145e+02
      vertex   -2.941492e+01 -3.084103e+01 4.611145e+02
      vertex   -2.908287e+01 -3.033091e+01 4.611145e+02
    endloop
  endfacet
  facet normal -9.009689e-01 4.338837e-01 -3.082929e-16
    outer loop
      vertex   -2.908287e+01 -3.033091e+01 4.561145e+02
      vertex   -2.908287e+01 -3.033091e+01 4.611145e+02
      vertex   -2.881878e+01 -2.978252e+01 4.561145e+02
    endloop
  endfacet
  facet normal -9.009689e-01 4.338837e-01 0.000000e+00
    outer loop
      vertex   -2.881878e+01 -2.978252e+01 4.561145e+02
      vertex   -2.908287e+01 -3.033091e+01 4.611145e+02
      vertex   -2.881878e+01 -2.978252e+01 4.611145e+02
    endloop
  endfacet
  facet normal -9.490557e-01 3.151082e-01 0.000000e+00
    outer loop
      vertex   -2.881878e+01 -2.978252e+01 4.561145e+02
      vertex   -2.881878e+01 -2.978252e+01 4.611145e+02
      vertex   -2.862698e+01 -2.920486e+01 4.561145e+02
    endloop
  endfacet
  facet normal -9.490557e-01 3.151082e-01 1.124791e-15
    outer loop
      vertex   -2.862698e+01 -2.920486e+01 4.561145e+02
      vertex   -2.881878e+01 -2.978252e+01 4.611145e+02
      vertex   -2.862698e+01 -2.920486e+01 4.611145e+02
    endloop
  endfacet
  facet normal -9.815592e-01 1.911586e-01 1.259053e-15
    outer loop
      vertex   -2.862698e+01 -2.920486e+01 4.561145e+02
      vertex   -2.862698e+01 -2.920486e+01 4.611145e+02
      vertex   -2.851063e+01 -2.860742e+01 4.561145e+02
    endloop
  endfacet
  facet normal -9.815592e-01 1.911586e-01 -1.358264e-16
    outer loop
      vertex   -2.851063e+01 -2.860742e+01 4.561145e+02
      vertex   -2.862698e+01 -2.920486e+01 4.611145e+02
      vertex   -2.851063e+01 -2.860742e+01 4.611145e+02
    endloop
  endfacet
  facet normal 4.224202e-15 1.285047e-14 1.000000e+00
    outer loop
      vertex   -4.029140e+01 -2.087842e+01 4.611145e+02
      vertex   -3.306939e+01 -2.325244e+01 4.611145e+02
      vertex   -2.683479e+01 -2.087842e+01 4.611145e+02
    endloop
  endfacet
  facet normal 1.842947e-15 1.910407e-14 1.000000e+00
    outer loop
      vertex   -2.683479e+01 -2.087842e+01 4.611145e+02
      vertex   -3.306939e+01 -2.325244e+01 4.611145e+02
      vertex   -3.246354e+01 -2.331089e+01 4.611145e+02
    endloop
  endfacet
  facet normal 3.490311e-15 1.529205e-14 1.000000e+00
    outer loop
      vertex   -2.683479e+01 -2.087842e+01 4.611145e+02
      vertex   -3.246354e+01 -2.331089e+01 4.611145e+02
      vertex   -3.187013e+01 -2.344633e+01 4.611145e+02
    endloop
  endfacet
  facet normal 0.000000e+00 0.000000e+00 1.000000e+00
    outer loop
      vertex   -4.029140e+01 -3.499683e+01 4.611145e+02
      vertex   -3.796188e+01 -2.769567e+01 4.611145e+02
      vertex   -4.029140e+01 -2.087842e+01 4.611145e+02
    endloop
  endfacet
  facet normal 0.000000e+00 0.000000e+00 1.000000e+00
    outer loop
      vertex   -4.029140e+01 -2.087842e+01 4.611145e+02
      vertex   -3.796188e+01 -2.769567e+01 4.611145e+02
      vertex   -3.788404e+01 -2.709200e+01 4.611145e+02
    endloop
  endfacet
  facet normal 0.000000e+00 0.000000e+00 1.000000e+00
    outer loop
      vertex   -4.029140e+01 -2.087842e+01 4.611145e+02
      vertex   -3.788404e+01 -2.709200e+01 4.611145e+02
      vertex   -3.772965e+01 -2.650324e+01 4.611145e+02
    endloop
  endfacet
  facet normal -0.000000e+00 -0.000000e+00 1.000000e+00
    outer loop
      vertex   -4.025297e+01 -3.538701e+01 4.611145e+02
      vertex   -4.013916e+01 -3.576219e+01 4.611145e+02
      vertex   -4.029140e+01 -3.499683e+01 4.611145e+02
    endloop
  endfacet
  facet normal 0.000000e+00 0.000000e+00 1.000000e+00
    outer loop
      vertex   -4.029140e+01 -3.499683e+01 4.611145e+02
      vertex   -4.013916e+01 -3.576219e+01 4.611145e+02
      vertex   -3.995434e+01 -3.610797e+01 4.611145e+02
    endloop
  endfacet
  facet normal 0.000000e+00 0.000000e+00 1.000000e+00
    outer loop
      vertex   -4.029140e+01 -3.499683e+01 4.611145e+02
      vertex   -3.995434e+01 -3.610797e+01 4.611145e+02
      vertex   -3.970561e+01 -3.641104e+01 4.611145e+02
    endloop
  endfacet
  facet normal -0.000000e+00 -0.000000e+00 1.000000e+00
    outer loop
      vertex   -3.970561e+01 -3.641104e+01 4.611145e+02
      vertex   -3.940254e+01 -3.665977e+01 4.611145e+02
      vertex   -4.029140e+01 -3.499683e+01 4.611145e+02
    endloop
  endfacet
  facet normal 0.000000e+00 0.000000e+00 1.000000e+00
    outer loop
      vertex   -4.029140e+01 -3.499683e+01 4.611145e+02
      vertex   -3.940254e+01 -3.665977e+01 4.611145e+02
      vertex   -3.905677e+01 -3.684459e+01 4.611145e+02
    endloop
  endfacet
  facet normal 0.000000e+00 0.000000e+00 1.000000e+00
    outer loop
      vertex   -4.029140e+01 -3.499683e+01 4.611145e+02
      vertex   -3.905677e+01 -3.684459e+01 4.611145e+02
      vertex   -3.868158e+01 -3.695840e+01 4.611145e+02
    endloop
  endfacet
  facet normal -0.000000e+00 -0.000000e+00 1.000000e+00
    outer loop
      vertex   -3.868158e+01 -3.695840e+01 4.611145e+02
      vertex   -3.829140e+01 -3.699683e+01 4.611145e+02
      vertex   -4.029140e+01 -3.499683e+01 4.611145e+02
    endloop
  endfacet
  facet normal -0.000000e+00 0.000000e+00 1.000000e+00
    outer loop
      vertex   -4.029140e+01 -3.499683e+01 4.611145e+02
      vertex   -3.829140e+01 -3.699683e+01 4.611145e+02
      vertex   -3.641506e+01 -3.151632e+01 4.611145e+02
    endloop
  endfacet
  facet normal 0.000000e+00 0.000000e+00 1.000000e+00
    outer loop
      vertex   -4.029140e+01 -3.499683e+01 4.611145e+02
      vertex   -3.641506e+01 -3.151632e+01 4.611145e+02
      vertex   -3.683850e+01 -3.107908e+01 4.611145e+02
    endloop
  endfacet
  facet normal 0.000000e+00 0.000000e+00 1.000000e+00
    outer loop
      vertex   -2.683479e+01 -3.699683e+01 4.611145e+02
      vertex   -3.306939e+01 -3.274756e+01 4.611145e+02
      vertex   -3.829140e+01 -3.699683e+01 4.611145e+02
    endloop
  endfacet
  facet normal 0.000000e+00 0.000000e+00 1.000000e+00
    outer loop
      vertex   -3.829140e+01 -3.699683e+01 4.611145e+02
      vertex   -3.306939e+01 -3.274756e+01 4.611145e+02
      vertex   -3.367774e+01 -3.272805e+01 4.611145e+02
    endloop
  endfacet
  facet normal 0.000000e+00 0.000000e+00 1.000000e+00
    outer loop
      vertex   -3.829140e+01 -3.699683e+01 4.611145e+02
      vertex   -3.367774e+01 -3.272805e+01 4.611145e+02
      vertex   -3.427861e+01 -3.263091e+01 4.611145e+02
    endloop
  endfacet
  facet normal 0.000000e+00 0.000000e+00 1.000000e+00
    outer loop
      vertex   -2.683479e+01 -3.399657e+01 4.611145e+02
      vertex   -3.075927e+01 -3.206193e+01 4.611145e+02
      vertex   -2.683479e+01 -3.699683e+01 4.611145e+02
    endloop
  endfacet
  facet normal 0.000000e+00 0.000000e+00 1.000000e+00
    outer loop
      vertex   -2.683479e+01 -3.699683e+01 4.611145e+02
      vertex   -3.075927e+01 -3.206193e+01 4.611145e+02
      vertex   -3.129891e+01 -3.234346e+01 4.611145e+02
    endloop
  endfacet
  facet normal 0.000000e+00 0.000000e+00 1.000000e+00
    outer loop
      vertex   -2.683479e+01 -3.699683e+01 4.611145e+02
      vertex   -3.129891e+01 -3.234346e+01 4.611145e+02
      vertex   -3.187013e+01 -3.255367e+01 4.611145e+02
    endloop
  endfacet
  facet normal 1.587463e-14 4.333190e-15 1.000000e+00
    outer loop
      vertex   -2.683479e+01 -2.087842e+01 4.611145e+02
      vertex   -2.847163e+01 -2.800000e+01 4.611145e+02
      vertex   -2.683479e+01 -3.399657e+01 4.611145e+02
    endloop
  endfacet
  facet normal 0.000000e+00 0.000000e+00 1.000000e+00
    outer loop
      vertex   -2.683479e+01 -3.399657e+01 4.611145e+02
      vertex   -2.847163e+01 -2.800000e+01 4.611145e+02
      vertex   -2.851063e+01 -2.860742e+01 4.611145e+02
    endloop
  endfacet
  facet normal 0.000000e+00 0.000000e+00 1.000000e+00
    outer loop
      vertex   -2.683479e+01 -3.399657e+01 4.611145e+02
      vertex   -2.851063e+01 -2.860742e+01 4.611145e+02
      vertex   -2.862698e+01 -2.920486e+01 4.611145e+02
    endloop
  endfacet
  facet normal 0.000000e+00 0.000000e+00 1.000000e+00
    outer loop
      vertex   -2.862698e+01 -2.920486e+01 4.611145e+02
      vertex   -2.881878e+01 -2.978252e+01 4.611145e+02
      vertex   -2.683479e+01 -3.399657e+01 4.611145e+02
    endloop
  endfacet
  facet normal 0.000000e+00 0.000000e+00 1.000000e+00
    outer loop
      vertex   -2.683479e+01 -3.399657e+01 4.611145e+02
      vertex   -2.881878e+01 -2.978252e+01 4.611145e+02
      vertex   -2.908287e+01 -3.033091e+01 4.611145e+02
    endloop
  endfacet
  facet normal 0.000000e+00 0.000000e+00 1.000000e+00
    outer loop
      vertex   -2.683479e+01 -3.399657e+01 4.611145e+02
      vertex   -2.908287e+01 -3.033091e+01 4.611145e+02
      vertex   -2.941492e+01 -3.084103e+01 4.611145e+02
    endloop
  endfacet
  facet normal 0.000000e+00 0.000000e+00 1.000000e+00
    outer loop
      vertex   -2.941492e+01 -3.084103e+01 4.611145e+02
      vertex   -2.980948e+01 -3.130449e+01 4.611145e+02
      vertex   -2.683479e+01 -3.399657e+01 4.611145e+02
    endloop
  endfacet
  facet normal 0.000000e+00 0.000000e+00 1.000000e+00
    outer loop
      vertex   -2.683479e+01 -3.399657e+01 4.611145e+02
      vertex   -2.980948e+01 -3.130449e+01 4.611145e+02
      vertex   -3.026006e+01 -3.171370e+01 4.611145e+02
    endloop
  endfacet
  facet normal 0.000000e+00 0.000000e+00 1.000000e+00
    outer loop
      vertex   -2.683479e+01 -3.399657e+01 4.611145e+02
      vertex   -3.026006e+01 -3.171370e+01 4.611145e+02
      vertex   -3.075927e+01 -3.206193e+01 4.611145e+02
    endloop
  endfacet
  facet normal 0.000000e+00 0.000000e+00 1.000000e+00
    outer loop
      vertex   -3.187013e+01 -3.255367e+01 4.611145e+02
      vertex   -3.246354e+01 -3.268911e+01 4.611145e+02
      vertex   -2.683479e+01 -3.699683e+01 4.611145e+02
    endloop
  endfacet
  facet normal 0.000000e+00 0.000000e+00 1.000000e+00
    outer loop
      vertex   -2.683479e+01 -3.699683e+01 4.611145e+02
      vertex   -3.246354e+01 -3.268911e+01 4.611145e+02
      vertex   -3.306939e+01 -3.274756e+01 4.611145e+02
    endloop
  endfacet
  facet normal 0.000000e+00 0.000000e+00 1.000000e+00
    outer loop
      vertex   -3.427861e+01 -3.263091e+01 4.611145e+02
      vertex   -3.486212e+01 -3.245773e+01 4.611145e+02
      vertex   -3.829140e+01 -3.699683e+01 4.611145e+02
    endloop
  endfacet
  facet normal 0.000000e+00 0.000000e+00 1.000000e+00
    outer loop
      vertex   -3.829140e+01 -3.699683e+01 4.611145e+02
      vertex   -3.486212e+01 -3.245773e+01 4.611145e+02
      vertex   -3.541869e+01 -3.221135e+01 4.611145e+02
    endloop
  endfacet
  facet normal 0.000000e+00 0.000000e+00 1.000000e+00
    outer loop
      vertex   -3.829140e+01 -3.699683e+01 4.611145e+02
      vertex   -3.541869e+01 -3.221135e+01 4.611145e+02
      vertex   -3.593919e+01 -3.189582e+01 4.611145e+02
    endloop
  endfacet
  facet normal 0.000000e+00 0.000000e+00 1.000000e+00
    outer loop
      vertex   -3.593919e+01 -3.189582e+01 4.611145e+02
      vertex   -3.641506e+01 -3.151632e+01 4.611145e+02
      vertex   -3.829140e+01 -3.699683e+01 4.611145e+02
    endloop
  endfacet
  facet normal 0.000000e+00 0.000000e+00 1.000000e+00
    outer loop
      vertex   -3.683850e+01 -3.107908e+01 4.611145e+02
      vertex   -3.720255e+01 -3.059129e+01 4.611145e+02
      vertex   -4.029140e+01 -3.499683e+01 4.611145e+02
    endloop
  endfacet
  facet normal 0.000000e+00 0.000000e+00 1.000000e+00
    outer loop
      vertex   -4.029140e+01 -3.499683e+01 4.611145e+02
      vertex   -3.720255e+01 -3.059129e+01 4.611145e+02
      vertex   -3.750124e+01 -3.006095e+01 4.611145e+02
    endloop
  endfacet
  facet normal 0.000000e+00 0.000000e+00 1.000000e+00
    outer loop
      vertex   -4.029140e+01 -3.499683e+01 4.611145e+02
      vertex   -3.750124e+01 -3.006095e+01 4.611145e+02
      vertex   -3.772965e+01 -2.949676e+01 4.611145e+02
    endloop
  endfacet
  facet normal 0.000000e+00 0.000000e+00 1.000000e+00
    outer loop
      vertex   -3.772965e+01 -2.949676e+01 4.611145e+02
      vertex   -3.788404e+01 -2.890800e+01 4.611145e+02
      vertex   -4.029140e+01 -3.499683e+01 4.611145e+02
    endloop
  endfacet
  facet normal 0.000000e+00 0.000000e+00 1.000000e+00
    outer loop
      vertex   -4.029140e+01 -3.499683e+01 4.611145e+02
      vertex   -3.788404e+01 -2.890800e+01 4.611145e+02
      vertex   -3.796188e+01 -2.830433e+01 4.611145e+02
    endloop
  endfacet
  facet normal 0.000000e+00 0.000000e+00 1.000000e+00
    outer loop
      vertex   -4.029140e+01 -3.499683e+01 4.611145e+02
      vertex   -3.796188e+01 -2.830433e+01 4.611145e+02
      vertex   -3.796188e+01 -2.769567e+01 4.611145e+02
    endloop
  endfacet
  facet normal 0.000000e+00 -0.000000e+00 1.000000e+00
    outer loop
      vertex   -3.772965e+01 -2.650324e+01 4.611145e+02
      vertex   -3.750124e+01 -2.593905e+01 4.611145e+02
      vertex   -4.029140e+01 -2.087842e+01 4.611145e+02
    endloop
  endfacet
  facet normal 0.000000e+00 0.000000e+00 1.000000e+00
    outer loop
      vertex   -4.029140e+01 -2.087842e+01 4.611145e+02
      vertex   -3.750124e+01 -2.593905e+01 4.611145e+02
      vertex   -3.720255e+01 -2.540871e+01 4.611145e+02
    endloop
  endfacet
  facet normal 0.000000e+00 0.000000e+00 1.000000e+00
    outer loop
      vertex   -4.029140e+01 -2.087842e+01 4.611145e+02
      vertex   -3.720255e+01 -2.540871e+01 4.611145e+02
      vertex   -3.683850e+01 -2.492092e+01 4.611145e+02
    endloop
  endfacet
  facet normal 0.000000e+00 -0.000000e+00 1.000000e+00
    outer loop
      vertex   -3.683850e+01 -2.492092e+01 4.611145e+02
      vertex   -3.641506e+01 -2.448368e+01 4.611145e+02
      vertex   -4.029140e+01 -2.087842e+01 4.611145e+02
    endloop
  endfacet
  facet normal 0.000000e+00 0.000000e+00 1.000000e+00
    outer loop
      vertex   -4.029140e+01 -2.087842e+01 4.611145e+02
      vertex   -3.641506e+01 -2.448368e+01 4.611145e+02
      vertex   -3.593919e+01 -2.410418e+01 4.611145e+02
    endloop
  endfacet
  facet normal 0.000000e+00 0.000000e+00 1.000000e+00
    outer loop
      vertex   -4.029140e+01 -2.087842e+01 4.611145e+02
      vertex   -3.593919e+01 -2.410418e+01 4.611145e+02
      vertex   -3.541869e+01 -2.378865e+01 4.611145e+02
    endloop
  endfacet
  facet normal 0.000000e+00 -0.000000e+00 1.000000e+00
    outer loop
      vertex   -3.541869e+01 -2.378865e+01 4.611145e+02
      vertex   -3.486212e+01 -2.354227e+01 4.611145e+02
      vertex   -4.029140e+01 -2.087842e+01 4.611145e+02
    endloop
  endfacet
  facet normal 0.000000e+00 0.000000e+00 1.000000e+00
    outer loop
      vertex   -4.029140e+01 -2.087842e+01 4.611145e+02
      vertex   -3.486212e+01 -2.354227e+01 4.611145e+02
      vertex   -3.427861e+01 -2.336909e+01 4.611145e+02
    endloop
  endfacet
  facet normal 0.000000e+00 0.000000e+00 1.000000e+00
    outer loop
      vertex   -4.029140e+01 -2.087842e+01 4.611145e+02
      vertex   -3.427861e+01 -2.336909e+01 4.611145e+02
      vertex   -3.367774e+01 -2.327195e+01 4.611145e+02
    endloop
  endfacet
  facet normal 0.000000e+00 -0.000000e+00 1.000000e+00
    outer loop
      vertex   -3.367774e+01 -2.327195e+01 4.611145e+02
      vertex   -3.306939e+01 -2.325244e+01 4.611145e+02
      vertex   -4.029140e+01 -2.087842e+01 4.611145e+02
    endloop
  endfacet
  facet normal 4.731762e-15 1.285773e-14 1.000000e+00
    outer loop
      vertex   -3.187013e+01 -2.344633e+01 4.611145e+02
      vertex   -3.129891e+01 -2.365654e+01 4.611145e+02
      vertex   -2.683479e+01 -2.087842e+01 4.611145e+02
    endloop
  endfacet
  facet normal 5.806718e-15 1.113039e-14 1.000000e+00
    outer loop
      vertex   -2.683479e+01 -2.087842e+01 4.611145e+02
      vertex   -3.129891e+01 -2.365654e+01 4.611145e+02
      vertex   -3.075927e+01 -2.393807e+01 4.611145e+02
    endloop
  endfacet
  facet normal 6.839776e-15 9.805333e-15 1.000000e+00
    outer loop
      vertex   -2.683479e+01 -2.087842e+01 4.611145e+02
      vertex   -3.075927e+01 -2.393807e+01 4.611145e+02
      vertex   -3.026006e+01 -2.428630e+01 4.611145e+02
    endloop
  endfacet
  facet normal 7.919429e-15 8.720171e-15 1.000000e+00
    outer loop
      vertex   -3.026006e+01 -2.428630e+01 4.611145e+02
      vertex   -2.980948e+01 -2.469551e+01 4.611145e+02
      vertex   -2.683479e+01 -2.087842e+01 4.611145e+02
    endloop
  endfacet
  facet normal 9.132626e-15 7.774718e-15 1.000000e+00
    outer loop
      vertex   -2.683479e+01 -2.087842e+01 4.611145e+02
      vertex   -2.980948e+01 -2.469551e+01 4.611145e+02
      vertex   -2.941492e+01 -2.515897e+01 4.611145e+02
    endloop
  endfacet
  facet normal 1.059235e-14 6.894858e-15 1.000000e+00
    outer loop
      vertex   -2.683479e+01 -2.087842e+01 4.611145e+02
      vertex   -2.941492e+01 -2.515897e+01 4.611145e+02
      vertex   -2.908287e+01 -2.566909e+01 4.611145e+02
    endloop
  endfacet
  facet normal 1.247895e-14 6.009548e-15 1.000000e+00
    outer loop
      vertex   -2.908287e+01 -2.566909e+01 4.611145e+02
      vertex   -2.881878e+01 -2.621748e+01 4.611145e+02
      vertex   -2.683479e+01 -2.087842e+01 4.611145e+02
    endloop
  endfacet
  facet normal 1.513130e-14 5.023938e-15 1.000000e+00
    outer loop
      vertex   -2.683479e+01 -2.087842e+01 4.611145e+02
      vertex   -2.881878e+01 -2.621748e+01 4.611145e+02
      vertex   -2.862698e+01 -2.679514e+01 4.611145e+02
    endloop
  endfacet
  facet normal 1.930513e-14 3.759673e-15 1.000000e+00
    outer loop
      vertex   -2.683479e+01 -2.087842e+01 4.611145e+02
      vertex   -2.862698e+01 -2.679514e+01 4.611145e+02
      vertex   -2.851063e+01 -2.739258e+01 4.611145e+02
    endloop
  endfacet
  facet normal 2.714504e-14 1.742769e-15 1.000000e+00
    outer loop
      vertex   -2.851063e+01 -2.739258e+01 4.611145e+02
      vertex   -2.847163e+01 -2.800000e+01 4.611145e+02
      vertex   -2.683479e+01 -2.087842e+01 4.611145e+02
    endloop
  endfacet
  facet normal -9.981586e-01 -1.318328e-03 -6.064307e-02
    outer loop
      vertex   -2.887363e+01 -1.764495e+01 4.741878e+02
      vertex   -2.887363e+01 -1.937842e+01 4.742255e+02
      vertex   -2.891062e+01 -1.764495e+01 4.747966e+02
    endloop
  endfacet
  facet normal -9.981586e-01 -1.318328e-03 -6.064307e-02
    outer loop
      vertex   -2.891062e+01 -1.764495e+01 4.747966e+02
      vertex   -2.887363e+01 -1.937842e+01 4.742255e+02
      vertex   -2.891062e+01 -1.937842e+01 4.748343e+02
    endloop
  endfacet
  facet normal -9.826469e-01 -4.031351e-03 -1.854422e-01
    outer loop
      vertex   -2.891062e+01 -1.764495e+01 4.747966e+02
      vertex   -2.891062e+01 -1.937842e+01 4.748343e+02
      vertex   -2.902373e+01 -1.764495e+01 4.753959e+02
    endloop
  endfacet
  facet normal -9.826469e-01 -4.031351e-03 -1.854422e-01
    outer loop
      vertex   -2.902373e+01 -1.764495e+01 4.753959e+02
      vertex   -2.891062e+01 -1.937842e+01 4.748343e+02
      vertex   -2.902373e+01 -1.937842e+01 4.754336e+02
    endloop
  endfacet
  facet normal -9.515878e-01 -6.680532e-03 -3.073045e-01
    outer loop
      vertex   -2.902373e+01 -1.764495e+01 4.753959e+02
      vertex   -2.902373e+01 -1.937842e+01 4.754336e+02
      vertex   -2.921117e+01 -1.764495e+01 4.759764e+02
    endloop
  endfacet
  facet normal -9.515878e-01 -6.680532e-03 -3.073045e-01
    outer loop
      vertex   -2.921117e+01 -1.764495e+01 4.759764e+02
      vertex   -2.902373e+01 -1.937842e+01 4.754336e+02
      vertex   -2.921117e+01 -1.937842e+01 4.760140e+02
    endloop
  endfacet
  facet normal -9.054744e-01 -9.223927e-03 -4.243006e-01
    outer loop
      vertex   -2.921117e+01 -1.764495e+01 4.759764e+02
      vertex   -2.921117e+01 -1.937842e+01 4.760140e+02
      vertex   -2.946998e+01 -1.764495e+01 4.765287e+02
    endloop
  endfacet
  facet normal -9.054744e-01 -9.223927e-03 -4.243006e-01
    outer loop
      vertex   -2.946998e+01 -1.764495e+01 4.765287e+02
      vertex   -2.921117e+01 -1.937842e+01 4.760140e+02
      vertex   -2.946998e+01 -1.937842e+01 4.765663e+02
    endloop
  endfacet
  facet normal -8.450385e-01 -1.162128e-02 -5.345791e-01
    outer loop
      vertex   -2.946998e+01 -1.764495e+01 4.765287e+02
      vertex   -2.946998e+01 -1.937842e+01 4.765663e+02
      vertex   -2.979606e+01 -1.764495e+01 4.770441e+02
    endloop
  endfacet
  facet normal -8.450385e-01 -1.162128e-02 -5.345791e-01
    outer loop
      vertex   -2.979606e+01 -1.764495e+01 4.770441e+02
      vertex   -2.946998e+01 -1.937842e+01 4.765663e+02
      vertex   -2.979606e+01 -1.937842e+01 4.770818e+02
    endloop
  endfacet
  facet normal -7.712388e-01 -1.383469e-02 -6.363955e-01
    outer loop
      vertex   -2.979606e+01 -1.764495e+01 4.770441e+02
      vertex   -2.979606e+01 -1.937842e+01 4.770818e+02
      vertex   -3.018425e+01 -1.764495e+01 4.775146e+02
    endloop
  endfacet
  facet normal -7.712388e-01 -1.383469e-02 -6.363955e-01
    outer loop
      vertex   -3.018425e+01 -1.764495e+01 4.775146e+02
      vertex   -2.979606e+01 -1.937842e+01 4.770818e+02
      vertex   -3.018425e+01 -1.937842e+01 4.775523e+02
    endloop
  endfacet
  facet normal -6.852450e-01 -1.582914e-02 -7.281406e-01
    outer loop
      vertex   -3.018425e+01 -1.764495e+01 4.775146e+02
      vertex   -3.018425e+01 -1.937842e+01 4.775523e+02
      vertex   -3.062843e+01 -1.764495e+01 4.779326e+02
    endloop
  endfacet
  facet normal -6.852450e-01 -1.582914e-02 -7.281406e-01
    outer loop
      vertex   -3.062843e+01 -1.764495e+01 4.779326e+02
      vertex   -3.018425e+01 -1.937842e+01 4.775523e+02
      vertex   -3.062843e+01 -1.937842e+01 4.779703e+02
    endloop
  endfacet
  facet normal -5.884194e-01 -1.757315e-02 -8.083649e-01
    outer loop
      vertex   -3.062843e+01 -1.764495e+01 4.779326e+02
      vertex   -3.062843e+01 -1.937842e+01 4.779703e+02
      vertex   -3.112156e+01 -1.764495e+01 4.782915e+02
    endloop
  endfacet
  facet normal -5.884194e-01 -1.757315e-02 -8.083649e-01
    outer loop
      vertex   -3.112156e+01 -1.764495e+01 4.782915e+02
      vertex   -3.062843e+01 -1.937842e+01 4.779703e+02
      vertex   -3.112156e+01 -1.937842e+01 4.783292e+02
    endloop
  endfacet
  facet normal -4.822946e-01 -1.903918e-02 -8.758022e-01
    outer loop
      vertex   -3.112156e+01 -1.764495e+01 4.782915e+02
      vertex   -3.112156e+01 -1.937842e+01 4.783292e+02
      vertex   -3.165584e+01 -1.764495e+01 4.785858e+02
    endloop
  endfacet
  facet normal -4.822946e-01 -1.903918e-02 -8.758022e-01
    outer loop
      vertex   -3.165584e+01 -1.764495e+01 4.785858e+02
      vertex   -3.112156e+01 -1.937842e+01 4.783292e+02
      vertex   -3.165584e+01 -1.937842e+01 4.786234e+02
    endloop
  endfacet
  facet normal -3.685494e-01 -2.020410e-02 -9.293886e-01
    outer loop
      vertex   -3.165584e+01 -1.764495e+01 4.785858e+02
      vertex   -3.165584e+01 -1.937842e+01 4.786234e+02
      vertex   -3.222282e+01 -1.764495e+01 4.788106e+02
    endloop
  endfacet
  facet normal -3.685494e-01 -2.020410e-02 -9.293886e-01
    outer loop
      vertex   -3.222282e+01 -1.764495e+01 4.788106e+02
      vertex   -3.165584e+01 -1.937842e+01 4.786234e+02
      vertex   -3.222282e+01 -1.937842e+01 4.788483e+02
    endloop
  endfacet
  facet normal -2.489820e-01 -2.104955e-02 -9.682793e-01
    outer loop
      vertex   -3.222282e+01 -1.764495e+01 4.788106e+02
      vertex   -3.222282e+01 -1.937842e+01 4.788483e+02
      vertex   -3.281354e+01 -1.764495e+01 4.789625e+02
    endloop
  endfacet
  facet normal -2.489820e-01 -2.104955e-02 -9.682793e-01
    outer loop
      vertex   -3.281354e+01 -1.764495e+01 4.789625e+02
      vertex   -3.222282e+01 -1.937842e+01 4.788483e+02
      vertex   -3.281354e+01 -1.937842e+01 4.790002e+02
    endloop
  endfacet
  facet normal -1.254819e-01 -2.156221e-02 -9.918616e-01
    outer loop
      vertex   -3.281354e+01 -1.764495e+01 4.789625e+02
      vertex   -3.281354e+01 -1.937842e+01 4.790002e+02
      vertex   -3.341865e+01 -1.764495e+01 4.790390e+02
    endloop
  endfacet
  facet normal -1.254819e-01 -2.156221e-02 -9.918616e-01
    outer loop
      vertex   -3.341865e+01 -1.764495e+01 4.790390e+02
      vertex   -3.281354e+01 -1.937842e+01 4.790002e+02
      vertex   -3.341865e+01 -1.937842e+01 4.790767e+02
    endloop
  endfacet
  facet normal -0.000000e+00 -2.173400e-02 -9.997638e-01
    outer loop
      vertex   -3.341865e+01 -1.764495e+01 4.790390e+02
      vertex   -3.341865e+01 -1.937842e+01 4.790767e+02
      vertex   -3.402859e+01 -1.764495e+01 4.790390e+02
    endloop
  endfacet
  facet normal 0.000000e+00 -2.173400e-02 -9.997638e-01
    outer loop
      vertex   -3.402859e+01 -1.764495e+01 4.790390e+02
      vertex   -3.341865e+01 -1.937842e+01 4.790767e+02
      vertex   -3.402859e+01 -1.937842e+01 4.790767e+02
    endloop
  endfacet
  facet normal 1.254819e-01 -2.156221e-02 -9.918616e-01
    outer loop
      vertex   -3.402859e+01 -1.764495e+01 4.790390e+02
      vertex   -3.402859e+01 -1.937842e+01 4.790767e+02
      vertex   -3.463370e+01 -1.937842e+01 4.790002e+02
    endloop
  endfacet
  facet normal 1.254819e-01 -2.156221e-02 -9.918616e-01
    outer loop
      vertex   -3.402859e+01 -1.764495e+01 4.790390e+02
      vertex   -3.463370e+01 -1.937842e+01 4.790002e+02
      vertex   -3.463370e+01 -1.764495e+01 4.789625e+02
    endloop
  endfacet
  facet normal 2.489820e-01 -2.104955e-02 -9.682793e-01
    outer loop
      vertex   -3.463370e+01 -1.764495e+01 4.789625e+02
      vertex   -3.463370e+01 -1.937842e+01 4.790002e+02
      vertex   -3.522442e+01 -1.937842e+01 4.788483e+02
    endloop
  endfacet
  facet normal 2.489820e-01 -2.104955e-02 -9.682793e-01
    outer loop
      vertex   -3.463370e+01 -1.764495e+01 4.789625e+02
      vertex   -3.522442e+01 -1.937842e+01 4.788483e+02
      vertex   -3.522442e+01 -1.764495e+01 4.788106e+02
    endloop
  endfacet
  facet normal 3.685494e-01 -2.020410e-02 -9.293886e-01
    outer loop
      vertex   -3.522442e+01 -1.764495e+01 4.788106e+02
      vertex   -3.522442e+01 -1.937842e+01 4.788483e+02
      vertex   -3.579140e+01 -1.937842e+01 4.786234e+02
    endloop
  endfacet
  facet normal 3.685494e-01 -2.020410e-02 -9.293886e-01
    outer loop
      vertex   -3.522442e+01 -1.764495e+01 4.788106e+02
      vertex   -3.579140e+01 -1.937842e+01 4.786234e+02
      vertex   -3.579140e+01 -1.764495e+01 4.785858e+02
    endloop
  endfacet
  facet normal 4.822946e-01 -1.903918e-02 -8.758022e-01
    outer loop
      vertex   -3.579140e+01 -1.764495e+01 4.785858e+02
      vertex   -3.579140e+01 -1.937842e+01 4.786234e+02
      vertex   -3.632568e+01 -1.937842e+01 4.783292e+02
    endloop
  endfacet
  facet normal 4.822946e-01 -1.903918e-02 -8.758022e-01
    outer loop
      vertex   -3.579140e+01 -1.764495e+01 4.785858e+02
      vertex   -3.632568e+01 -1.937842e+01 4.783292e+02
      vertex   -3.632568e+01 -1.764495e+01 4.782915e+02
    endloop
  endfacet
  facet normal 5.884194e-01 -1.757315e-02 -8.083649e-01
    outer loop
      vertex   -3.632568e+01 -1.764495e+01 4.782915e+02
      vertex   -3.632568e+01 -1.937842e+01 4.783292e+02
      vertex   -3.681881e+01 -1.937842e+01 4.779703e+02
    endloop
  endfacet
  facet normal 5.884194e-01 -1.757315e-02 -8.083649e-01
    outer loop
      vertex   -3.632568e+01 -1.764495e+01 4.782915e+02
      vertex   -3.681881e+01 -1.937842e+01 4.779703e+02
      vertex   -3.681881e+01 -1.764495e+01 4.779326e+02
    endloop
  endfacet
  facet normal 6.852450e-01 -1.582914e-02 -7.281406e-01
    outer loop
      vertex   -3.681881e+01 -1.764495e+01 4.779326e+02
      vertex   -3.681881e+01 -1.937842e+01 4.779703e+02
      vertex   -3.726298e+01 -1.937842e+01 4.775523e+02
    endloop
  endfacet
  facet normal 6.852450e-01 -1.582914e-02 -7.281406e-01
    outer loop
      vertex   -3.681881e+01 -1.764495e+01 4.779326e+02
      vertex   -3.726298e+01 -1.937842e+01 4.775523e+02
      vertex   -3.726298e+01 -1.764495e+01 4.775146e+02
    endloop
  endfacet
  facet normal 7.712388e-01 -1.383469e-02 -6.363955e-01
    outer loop
      vertex   -3.726298e+01 -1.764495e+01 4.775146e+02
      vertex   -3.726298e+01 -1.937842e+01 4.775523e+02
      vertex   -3.765118e+01 -1.937842e+01 4.770818e+02
    endloop
  endfacet
  facet normal 7.712388e-01 -1.383469e-02 -6.363955e-01
    outer loop
      vertex   -3.726298e+01 -1.764495e+01 4.775146e+02
      vertex   -3.765118e+01 -1.937842e+01 4.770818e+02
      vertex   -3.765118e+01 -1.764495e+01 4.770441e+02
    endloop
  endfacet
  facet normal 8.450385e-01 -1.162128e-02 -5.345791e-01
    outer loop
      vertex   -3.765118e+01 -1.764495e+01 4.770441e+02
      vertex   -3.765118e+01 -1.937842e+01 4.770818e+02
      vertex   -3.797726e+01 -1.937842e+01 4.765663e+02
    endloop
  endfacet
  facet normal 8.450385e-01 -1.162128e-02 -5.345791e-01
    outer loop
      vertex   -3.765118e+01 -1.764495e+01 4.770441e+02
      vertex   -3.797726e+01 -1.937842e+01 4.765663e+02
      vertex   -3.797726e+01 -1.764495e+01 4.765287e+02
    endloop
  endfacet
  facet normal 9.054744e-01 -9.223927e-03 -4.243006e-01
    outer loop
      vertex   -3.797726e+01 -1.764495e+01 4.765287e+02
      vertex   -3.797726e+01 -1.937842e+01 4.765663e+02
      vertex   -3.823607e+01 -1.937842e+01 4.760140e+02
    endloop
  endfacet
  facet normal 9.054744e-01 -9.223927e-03 -4.243006e-01
    outer loop
      vertex   -3.797726e+01 -1.764495e+01 4.765287e+02
      vertex   -3.823607e+01 -1.937842e+01 4.760140e+02
      vertex   -3.823607e+01 -1.764495e+01 4.759764e+02
    endloop
  endfacet
  facet normal 9.515878e-01 -6.680532e-03 -3.073045e-01
    outer loop
      vertex   -3.823607e+01 -1.764495e+01 4.759764e+02
      vertex   -3.823607e+01 -1.937842e+01 4.760140e+02
      vertex   -3.842351e+01 -1.937842e+01 4.754336e+02
    endloop
  endfacet
  facet normal 9.515878e-01 -6.680532e-03 -3.073045e-01
    outer loop
      vertex   -3.823607e+01 -1.764495e+01 4.759764e+02
      vertex   -3.842351e+01 -1.937842e+01 4.754336e+02
      vertex   -3.842351e+01 -1.764495e+01 4.753959e+02
    endloop
  endfacet
  facet normal 9.826469e-01 -4.031351e-03 -1.854422e-01
    outer loop
      vertex   -3.842351e+01 -1.764495e+01 4.753959e+02
      vertex   -3.842351e+01 -1.937842e+01 4.754336e+02
      vertex   -3.853662e+01 -1.937842e+01 4.748343e+02
    endloop
  endfacet
  facet normal 9.826469e-01 -4.031351e-03 -1.854422e-01
    outer loop
      vertex   -3.842351e+01 -1.764495e+01 4.753959e+02
      vertex   -3.853662e+01 -1.937842e+01 4.748343e+02
      vertex   -3.853662e+01 -1.764495e+01 4.747966e+02
    endloop
  endfacet
  facet normal 9.981586e-01 -1.318328e-03 -6.064307e-02
    outer loop
      vertex   -3.853662e+01 -1.764495e+01 4.747966e+02
      vertex   -3.853662e+01 -1.937842e+01 4.748343e+02
      vertex   -3.857361e+01 -1.937842e+01 4.742255e+02
    endloop
  endfacet
  facet normal 9.981586e-01 -1.318328e-03 -6.064307e-02
    outer loop
      vertex   -3.853662e+01 -1.764495e+01 4.747966e+02
      vertex   -3.857361e+01 -1.937842e+01 4.742255e+02
      vertex   -3.857361e+01 -1.764495e+01 4.741878e+02
    endloop
  endfacet
  facet normal -4.221707e-15 -1.000000e+00 -5.578984e-15
    outer loop
      vertex   -3.857361e+01 -1.764495e+01 4.741878e+02
      vertex   -3.853411e+01 -1.764495e+01 4.747947e+02
      vertex   -3.853662e+01 -1.764495e+01 4.747966e+02
    endloop
  endfacet
  facet normal 0.000000e+00 -1.000000e+00 0.000000e+00
    outer loop
      vertex   -3.853662e+01 -1.764495e+01 4.747966e+02
      vertex   -3.853411e+01 -1.764495e+01 4.747947e+02
      vertex   -3.841897e+01 -1.764495e+01 4.753919e+02
    endloop
  endfacet
  facet normal 0.000000e+00 -1.000000e+00 0.000000e+00
    outer loop
      vertex   -3.853662e+01 -1.764495e+01 4.747966e+02
      vertex   -3.841897e+01 -1.764495e+01 4.753919e+02
      vertex   -3.842351e+01 -1.764495e+01 4.753959e+02
    endloop
  endfacet
  facet normal 0.000000e+00 -1.000000e+00 0.000000e+00
    outer loop
      vertex   -3.842351e+01 -1.764495e+01 4.753959e+02
      vertex   -3.841897e+01 -1.764495e+01 4.753919e+02
      vertex   -3.822999e+01 -1.764495e+01 4.759700e+02
    endloop
  endfacet
  facet normal 0.000000e+00 -1.000000e+00 0.000000e+00
    outer loop
      vertex   -3.842351e+01 -1.764495e+01 4.753959e+02
      vertex   -3.822999e+01 -1.764495e+01 4.759700e+02
      vertex   -3.823607e+01 -1.764495e+01 4.759764e+02
    endloop
  endfacet
  facet normal 0.000000e+00 -1.000000e+00 0.000000e+00
    outer loop
      vertex   -3.823607e+01 -1.764495e+01 4.759764e+02
      vertex   -3.822999e+01 -1.764495e+01 4.759700e+02
      vertex   -3.797014e+01 -1.764495e+01 4.765199e+02
    endloop
  endfacet
  facet normal 0.000000e+00 -1.000000e+00 0.000000e+00
    outer loop
      vertex   -3.823607e+01 -1.764495e+01 4.759764e+02
      vertex   -3.797014e+01 -1.764495e+01 4.765199e+02
      vertex   -3.797726e+01 -1.764495e+01 4.765287e+02
    endloop
  endfacet
  facet normal 0.000000e+00 -1.000000e+00 0.000000e+00
    outer loop
      vertex   -3.797726e+01 -1.764495e+01 4.765287e+02
      vertex   -3.797014e+01 -1.764495e+01 4.765199e+02
      vertex   -3.764351e+01 -1.764495e+01 4.770329e+02
    endloop
  endfacet
  facet normal 0.000000e+00 -1.000000e+00 0.000000e+00
    outer loop
      vertex   -3.797726e+01 -1.764495e+01 4.765287e+02
      vertex   -3.764351e+01 -1.764495e+01 4.770329e+02
      vertex   -3.765118e+01 -1.764495e+01 4.770441e+02
    endloop
  endfacet
  facet normal 0.000000e+00 -1.000000e+00 0.000000e+00
    outer loop
      vertex   -3.765118e+01 -1.764495e+01 4.770441e+02
      vertex   -3.764351e+01 -1.764495e+01 4.770329e+02
      vertex   -3.725525e+01 -1.764495e+01 4.775011e+02
    endloop
  endfacet
  facet normal 0.000000e+00 -1.000000e+00 0.000000e+00
    outer loop
      vertex   -3.765118e+01 -1.764495e+01 4.770441e+02
      vertex   -3.725525e+01 -1.764495e+01 4.775011e+02
      vertex   -3.726298e+01 -1.764495e+01 4.775146e+02
    endloop
  endfacet
  facet normal 0.000000e+00 -1.000000e+00 0.000000e+00
    outer loop
      vertex   -3.726298e+01 -1.764495e+01 4.775146e+02
      vertex   -3.725525e+01 -1.764495e+01 4.775011e+02
      vertex   -3.681144e+01 -1.764495e+01 4.779169e+02
    endloop
  endfacet
  facet normal 0.000000e+00 -1.000000e+00 0.000000e+00
    outer loop
      vertex   -3.726298e+01 -1.764495e+01 4.775146e+02
      vertex   -3.681144e+01 -1.764495e+01 4.779169e+02
      vertex   -3.681881e+01 -1.764495e+01 4.779326e+02
    endloop
  endfacet
  facet normal 0.000000e+00 -1.000000e+00 0.000000e+00
    outer loop
      vertex   -3.681881e+01 -1.764495e+01 4.779326e+02
      vertex   -3.681144e+01 -1.764495e+01 4.779169e+02
      vertex   -3.631907e+01 -1.764495e+01 4.782740e+02
    endloop
  endfacet
  facet normal 0.000000e+00 -1.000000e+00 0.000000e+00
    outer loop
      vertex   -3.681881e+01 -1.764495e+01 4.779326e+02
      vertex   -3.631907e+01 -1.764495e+01 4.782740e+02
      vertex   -3.632568e+01 -1.764495e+01 4.782915e+02
    endloop
  endfacet
  facet normal 0.000000e+00 -1.000000e+00 0.000000e+00
    outer loop
      vertex   -3.632568e+01 -1.764495e+01 4.782915e+02
      vertex   -3.631907e+01 -1.764495e+01 4.782740e+02
      vertex   -3.578589e+01 -1.764495e+01 4.785666e+02
    endloop
  endfacet
  facet normal 0.000000e+00 -1.000000e+00 0.000000e+00
    outer loop
      vertex   -3.632568e+01 -1.764495e+01 4.782915e+02
      vertex   -3.578589e+01 -1.764495e+01 4.785666e+02
      vertex   -3.579140e+01 -1.764495e+01 4.785858e+02
    endloop
  endfacet
  facet normal 0.000000e+00 -1.000000e+00 0.000000e+00
    outer loop
      vertex   -3.579140e+01 -1.764495e+01 4.785858e+02
      vertex   -3.578589e+01 -1.764495e+01 4.785666e+02
      vertex   -3.522028e+01 -1.764495e+01 4.787902e+02
    endloop
  endfacet
  facet normal 0.000000e+00 -1.000000e+00 0.000000e+00
    outer loop
      vertex   -3.579140e+01 -1.764495e+01 4.785858e+02
      vertex   -3.522028e+01 -1.764495e+01 4.787902e+02
      vertex   -3.522442e+01 -1.764495e+01 4.788106e+02
    endloop
  endfacet
  facet normal 0.000000e+00 -1.000000e+00 0.000000e+00
    outer loop
      vertex   -3.522442e+01 -1.764495e+01 4.788106e+02
      vertex   -3.522028e+01 -1.764495e+01 4.787902e+02
      vertex   -3.463114e+01 -1.764495e+01 4.789412e+02
    endloop
  endfacet
  facet normal 0.000000e+00 -1.000000e+00 0.000000e+00
    outer loop
      vertex   -3.522442e+01 -1.764495e+01 4.788106e+02
      vertex   -3.463114e+01 -1.764495e+01 4.789412e+02
      vertex   -3.463370e+01 -1.764495e+01 4.789625e+02
    endloop
  endfacet
  facet normal 0.000000e+00 -1.000000e+00 0.000000e+00
    outer loop
      vertex   -3.463370e+01 -1.764495e+01 4.789625e+02
      vertex   -3.463114e+01 -1.764495e+01 4.789412e+02
      vertex   -3.402772e+01 -1.764495e+01 4.790174e+02
    endloop
  endfacet
  facet normal 0.000000e+00 -1.000000e+00 0.000000e+00
    outer loop
      vertex   -3.463370e+01 -1.764495e+01 4.789625e+02
      vertex   -3.402772e+01 -1.764495e+01 4.790174e+02
      vertex   -3.402859e+01 -1.764495e+01 4.790390e+02
    endloop
  endfacet
  facet normal 0.000000e+00 -1.000000e+00 0.000000e+00
    outer loop
      vertex   -3.402859e+01 -1.764495e+01 4.790390e+02
      vertex   -3.402772e+01 -1.764495e+01 4.790174e+02
      vertex   -3.341952e+01 -1.764495e+01 4.790174e+02
    endloop
  endfacet
  facet normal 0.000000e+00 -1.000000e+00 0.000000e+00
    outer loop
      vertex   -3.402859e+01 -1.764495e+01 4.790390e+02
      vertex   -3.341952e+01 -1.764495e+01 4.790174e+02
      vertex   -3.341865e+01 -1.764495e+01 4.790390e+02
    endloop
  endfacet
  facet normal 0.000000e+00 -1.000000e+00 -0.000000e+00
    outer loop
      vertex   -3.341865e+01 -1.764495e+01 4.790390e+02
      vertex   -3.341952e+01 -1.764495e+01 4.790174e+02
      vertex   -3.281354e+01 -1.764495e+01 4.789625e+02
    endloop
  endfacet
  facet normal -0.000000e+00 -1.000000e+00 0.000000e+00
    outer loop
      vertex   -3.281354e+01 -1.764495e+01 4.789625e+02
      vertex   -3.341952e+01 -1.764495e+01 4.790174e+02
      vertex   -3.281610e+01 -1.764495e+01 4.789412e+02
    endloop
  endfacet
  facet normal 0.000000e+00 -1.000000e+00 -0.000000e+00
    outer loop
      vertex   -3.281354e+01 -1.764495e+01 4.789625e+02
      vertex   -3.281610e+01 -1.764495e+01 4.789412e+02
      vertex   -3.222282e+01 -1.764495e+01 4.788106e+02
    endloop
  endfacet
  facet normal -0.000000e+00 -1.000000e+00 0.000000e+00
    outer loop
      vertex   -3.222282e+01 -1.764495e+01 4.788106e+02
      vertex   -3.281610e+01 -1.764495e+01 4.789412e+02
      vertex   -3.222695e+01 -1.764495e+01 4.787902e+02
    endloop
  endfacet
  facet normal 0.000000e+00 -1.000000e+00 -0.000000e+00
    outer loop
      vertex   -3.222282e+01 -1.764495e+01 4.788106e+02
      vertex   -3.222695e+01 -1.764495e+01 4.787902e+02
      vertex   -3.165584e+01 -1.764495e+01 4.785858e+02
    endloop
  endfacet
  facet normal -0.000000e+00 -1.000000e+00 0.000000e+00
    outer loop
      vertex   -3.165584e+01 -1.764495e+01 4.785858e+02
      vertex   -3.222695e+01 -1.764495e+01 4.787902e+02
      vertex   -3.166134e+01 -1.764495e+01 4.785666e+02
    endloop
  endfacet
  facet normal 0.000000e+00 -1.000000e+00 -0.000000e+00
    outer loop
      vertex   -3.165584e+01 -1.764495e+01 4.785858e+02
      vertex   -3.166134e+01 -1.764495e+01 4.785666e+02
      vertex   -3.112156e+01 -1.764495e+01 4.782915e+02
    endloop
  endfacet
  facet normal -0.000000e+00 -1.000000e+00 0.000000e+00
    outer loop
      vertex   -3.112156e+01 -1.764495e+01 4.782915e+02
      vertex   -3.166134e+01 -1.764495e+01 4.785666e+02
      vertex   -3.112816e+01 -1.764495e+01 4.782740e+02
    endloop
  endfacet
  facet normal 0.000000e+00 -1.000000e+00 -0.000000e+00
    outer loop
      vertex   -3.112156e+01 -1.764495e+01 4.782915e+02
      vertex   -3.112816e+01 -1.764495e+01 4.782740e+02
      vertex   -3.062843e+01 -1.764495e+01 4.779326e+02
    endloop
  endfacet
  facet normal -0.000000e+00 -1.000000e+00 0.000000e+00
    outer loop
      vertex   -3.062843e+01 -1.764495e+01 4.779326e+02
      vertex   -3.112816e+01 -1.764495e+01 4.782740e+02
      vertex   -3.063580e+01 -1.764495e+01 4.779169e+02
    endloop
  endfacet
  facet normal 0.000000e+00 -1.000000e+00 -0.000000e+00
    outer loop
      vertex   -3.062843e+01 -1.764495e+01 4.779326e+02
      vertex   -3.063580e+01 -1.764495e+01 4.779169e+02
      vertex   -3.018425e+01 -1.764495e+01 4.775146e+02
    endloop
  endfacet
  facet normal -0.000000e+00 -1.000000e+00 0.000000e+00
    outer loop
      vertex   -3.018425e+01 -1.764495e+01 4.775146e+02
      vertex   -3.063580e+01 -1.764495e+01 4.779169e+02
      vertex   -3.019199e+01 -1.764495e+01 4.775011e+02
    endloop
  endfacet
  facet normal 0.000000e+00 -1.000000e+00 -0.000000e+00
    outer loop
      vertex   -3.018425e+01 -1.764495e+01 4.775146e+02
      vertex   -3.019199e+01 -1.764495e+01 4.775011e+02
      vertex   -2.979606e+01 -1.764495e+01 4.770441e+02
    endloop
  endfacet
  facet normal -0.000000e+00 -1.000000e+00 0.000000e+00
    outer loop
      vertex   -2.979606e+01 -1.764495e+01 4.770441e+02
      vertex   -3.019199e+01 -1.764495e+01 4.775011e+02
      vertex   -2.980372e+01 -1.764495e+01 4.770329e+02
    endloop
  endfacet
  facet normal 5.229617e-15 -1.000000e+00 -3.584092e-15
    outer loop
      vertex   -2.979606e+01 -1.764495e+01 4.770441e+02
      vertex   -2.980372e+01 -1.764495e+01 4.770329e+02
      vertex   -2.946998e+01 -1.764495e+01 4.765287e+02
    endloop
  endfacet
  facet normal 4.784593e-15 -1.000000e+00 -3.878629e-15
    outer loop
      vertex   -2.946998e+01 -1.764495e+01 4.765287e+02
      vertex   -2.980372e+01 -1.764495e+01 4.770329e+02
      vertex   -2.947710e+01 -1.764495e+01 4.765199e+02
    endloop
  endfacet
  facet normal 0.000000e+00 -1.000000e+00 -0.000000e+00
    outer loop
      vertex   -2.946998e+01 -1.764495e+01 4.765287e+02
      vertex   -2.947710e+01 -1.764495e+01 4.765199e+02
      vertex   -2.921117e+01 -1.764495e+01 4.759764e+02
    endloop
  endfacet
  facet normal -0.000000e+00 -1.000000e+00 0.000000e+00
    outer loop
      vertex   -2.921117e+01 -1.764495e+01 4.759764e+02
      vertex   -2.947710e+01 -1.764495e+01 4.765199e+02
      vertex   -2.921725e+01 -1.764495e+01 4.759700e+02
    endloop
  endfacet
  facet normal 0.000000e+00 -1.000000e+00 -0.000000e+00
    outer loop
      vertex   -2.921117e+01 -1.764495e+01 4.759764e+02
      vertex   -2.921725e+01 -1.764495e+01 4.759700e+02
      vertex   -2.902373e+01 -1.764495e+01 4.753959e+02
    endloop
  endfacet
  facet normal -0.000000e+00 -1.000000e+00 0.000000e+00
    outer loop
      vertex   -2.902373e+01 -1.764495e+01 4.753959e+02
      vertex   -2.921725e+01 -1.764495e+01 4.759700e+02
      vertex   -2.902827e+01 -1.764495e+01 4.753919e+02
    endloop
  endfacet
  facet normal 4.526631e-15 -1.000000e+00 -5.073295e-15
    outer loop
      vertex   -2.902373e+01 -1.764495e+01 4.753959e+02
      vertex   -2.902827e+01 -1.764495e+01 4.753919e+02
      vertex   -2.891062e+01 -1.764495e+01 4.747966e+02
    endloop
  endfacet
  facet normal 3.928495e-15 -1.000000e+00 -5.191504e-15
    outer loop
      vertex   -2.891062e+01 -1.764495e+01 4.747966e+02
      vertex   -2.902827e+01 -1.764495e+01 4.753919e+02
      vertex   -2.891313e+01 -1.764495e+01 4.747947e+02
    endloop
  endfacet
  facet normal -4.221707e-15 -1.000000e+00 5.578984e-15
    outer loop
      vertex   -2.891062e+01 -1.764495e+01 4.747966e+02
      vertex   -2.891313e+01 -1.764495e+01 4.747947e+02
      vertex   -2.887363e+01 -1.764495e+01 4.741878e+02
    endloop
  endfacet
  facet normal -9.978883e-01 1.411686e-03 6.493757e-02
    outer loop
      vertex   -3.857361e+01 -1.764495e+01 4.741878e+02
      vertex   -3.857361e+01 -1.937842e+01 4.742255e+02
      vertex   -3.853411e+01 -1.764495e+01 4.747947e+02
    endloop
  endfacet
  facet normal -9.978883e-01 1.411686e-03 6.493757e-02
    outer loop
      vertex   -3.853411e+01 -1.764495e+01 4.747947e+02
      vertex   -3.857361e+01 -1.937842e+01 4.742255e+02
      vertex   -3.853411e+01 -1.937842e+01 4.748324e+02
    endloop
  endfacet
  facet normal -9.819075e-01 4.115579e-03 1.893166e-01
    outer loop
      vertex   -3.853411e+01 -1.764495e+01 4.747947e+02
      vertex   -3.853411e+01 -1.937842e+01 4.748324e+02
      vertex   -3.841897e+01 -1.764495e+01 4.753919e+02
    endloop
  endfacet
  facet normal -9.819075e-01 4.115579e-03 1.893166e-01
    outer loop
      vertex   -3.841897e+01 -1.764495e+01 4.753919e+02
      vertex   -3.853411e+01 -1.937842e+01 4.748324e+02
      vertex   -3.841897e+01 -1.937842e+01 4.754296e+02
    endloop
  endfacet
  facet normal -9.504793e-01 6.754665e-03 3.107146e-01
    outer loop
      vertex   -3.841897e+01 -1.764495e+01 4.753919e+02
      vertex   -3.841897e+01 -1.937842e+01 4.754296e+02
      vertex   -3.822999e+01 -1.764495e+01 4.759700e+02
    endloop
  endfacet
  facet normal -9.504793e-01 6.754665e-03 3.107146e-01
    outer loop
      vertex   -3.822999e+01 -1.764495e+01 4.759700e+02
      vertex   -3.841897e+01 -1.937842e+01 4.754296e+02
      vertex   -3.822999e+01 -1.937842e+01 4.760077e+02
    endloop
  endfacet
  facet normal -9.040998e-01 9.287399e-03 4.272204e-01
    outer loop
      vertex   -3.822999e+01 -1.764495e+01 4.759700e+02
      vertex   -3.822999e+01 -1.937842e+01 4.760077e+02
      vertex   -3.797014e+01 -1.764495e+01 4.765199e+02
    endloop
  endfacet
  facet normal -9.040998e-01 9.287399e-03 4.272204e-01
    outer loop
      vertex   -3.797014e+01 -1.764495e+01 4.765199e+02
      vertex   -3.822999e+01 -1.937842e+01 4.760077e+02
      vertex   -3.797014e+01 -1.937842e+01 4.765576e+02
    endloop
  endfacet
  facet normal -8.435010e-01 1.167393e-02 5.370007e-01
    outer loop
      vertex   -3.797014e+01 -1.764495e+01 4.765199e+02
      vertex   -3.797014e+01 -1.937842e+01 4.765576e+02
      vertex   -3.764351e+01 -1.764495e+01 4.770329e+02
    endloop
  endfacet
  facet normal -8.435010e-01 1.167393e-02 5.370007e-01
    outer loop
      vertex   -3.764351e+01 -1.764495e+01 4.770329e+02
      vertex   -3.797014e+01 -1.937842e+01 4.765576e+02
      vertex   -3.764351e+01 -1.937842e+01 4.770706e+02
    endloop
  endfacet
  facet normal -7.696385e-01 1.387672e-02 6.383290e-01
    outer loop
      vertex   -3.764351e+01 -1.764495e+01 4.770329e+02
      vertex   -3.764351e+01 -1.937842e+01 4.770706e+02
      vertex   -3.725525e+01 -1.764495e+01 4.775011e+02
    endloop
  endfacet
  facet normal -7.696385e-01 1.387672e-02 6.383290e-01
    outer loop
      vertex   -3.725525e+01 -1.764495e+01 4.775011e+02
      vertex   -3.764351e+01 -1.937842e+01 4.770706e+02
      vertex   -3.725525e+01 -1.937842e+01 4.775388e+02
    endloop
  endfacet
  facet normal -6.836765e-01 1.586115e-02 7.296128e-01
    outer loop
      vertex   -3.725525e+01 -1.764495e+01 4.775011e+02
      vertex   -3.725525e+01 -1.937842e+01 4.775388e+02
      vertex   -3.681144e+01 -1.764495e+01 4.779169e+02
    endloop
  endfacet
  facet normal -6.836765e-01 1.586115e-02 7.296128e-01
    outer loop
      vertex   -3.681144e+01 -1.764495e+01 4.779169e+02
      vertex   -3.725525e+01 -1.937842e+01 4.775388e+02
      vertex   -3.681144e+01 -1.937842e+01 4.779546e+02
    endloop
  endfacet
  facet normal -5.869689e-01 1.759605e-02 8.094183e-01
    outer loop
      vertex   -3.681144e+01 -1.764495e+01 4.779169e+02
      vertex   -3.681144e+01 -1.937842e+01 4.779546e+02
      vertex   -3.631907e+01 -1.764495e+01 4.782740e+02
    endloop
  endfacet
  facet normal -5.869689e-01 1.759605e-02 8.094183e-01
    outer loop
      vertex   -3.631907e+01 -1.764495e+01 4.782740e+02
      vertex   -3.681144e+01 -1.937842e+01 4.779546e+02
      vertex   -3.631907e+01 -1.937842e+01 4.783117e+02
    endloop
  endfacet
  facet normal -4.810377e-01 1.905419e-02 8.764928e-01
    outer loop
      vertex   -3.631907e+01 -1.764495e+01 4.782740e+02
      vertex   -3.631907e+01 -1.937842e+01 4.783117e+02
      vertex   -3.578589e+01 -1.764495e+01 4.785666e+02
    endloop
  endfacet
  facet normal -4.810377e-01 1.905419e-02 8.764928e-01
    outer loop
      vertex   -3.578589e+01 -1.764495e+01 4.785666e+02
      vertex   -3.631907e+01 -1.937842e+01 4.783117e+02
      vertex   -3.578589e+01 -1.937842e+01 4.786043e+02
    endloop
  endfacet
  facet normal -3.675493e-01 2.021270e-02 9.297844e-01
    outer loop
      vertex   -3.578589e+01 -1.764495e+01 4.785666e+02
      vertex   -3.578589e+01 -1.937842e+01 4.786043e+02
      vertex   -3.522028e+01 -1.764495e+01 4.787902e+02
    endloop
  endfacet
  facet normal -3.675493e-01 2.021270e-02 9.297844e-01
    outer loop
      vertex   -3.522028e+01 -1.764495e+01 4.787902e+02
      vertex   -3.578589e+01 -1.937842e+01 4.786043e+02
      vertex   -3.522028e+01 -1.937842e+01 4.788279e+02
    endloop
  endfacet
  facet normal -2.482875e-01 2.105343e-02 9.684576e-01
    outer loop
      vertex   -3.522028e+01 -1.764495e+01 4.787902e+02
      vertex   -3.522028e+01 -1.937842e+01 4.788279e+02
      vertex   -3.463114e+01 -1.764495e+01 4.789412e+02
    endloop
  endfacet
  facet normal -2.482875e-01 2.105343e-02 9.684576e-01
    outer loop
      vertex   -3.463114e+01 -1.764495e+01 4.789412e+02
      vertex   -3.522028e+01 -1.937842e+01 4.788279e+02
      vertex   -3.463114e+01 -1.937842e+01 4.789789e+02
    endloop
  endfacet
  facet normal -1.251263e-01 2.156318e-02 9.919065e-01
    outer loop
      vertex   -3.463114e+01 -1.764495e+01 4.789412e+02
      vertex   -3.463114e+01 -1.937842e+01 4.789789e+02
      vertex   -3.402772e+01 -1.764495e+01 4.790174e+02
    endloop
  endfacet
  facet normal -1.251263e-01 2.156318e-02 9.919065e-01
    outer loop
      vertex   -3.402772e+01 -1.764495e+01 4.790174e+02
      vertex   -3.463114e+01 -1.937842e+01 4.789789e+02
      vertex   -3.402772e+01 -1.937842e+01 4.790550e+02
    endloop
  endfacet
  facet normal -0.000000e+00 2.173400e-02 9.997638e-01
    outer loop
      vertex   -3.402772e+01 -1.764495e+01 4.790174e+02
      vertex   -3.402772e+01 -1.937842e+01 4.790550e+02
      vertex   -3.341952e+01 -1.764495e+01 4.790174e+02
    endloop
  endfacet
  facet normal 0.000000e+00 2.173400e-02 9.997638e-01
    outer loop
      vertex   -3.341952e+01 -1.764495e+01 4.790174e+02
      vertex   -3.402772e+01 -1.937842e+01 4.790550e+02
      vertex   -3.341952e+01 -1.937842e+01 4.790550e+02
    endloop
  endfacet
  facet normal 1.251263e-01 2.156318e-02 9.919065e-01
    outer loop
      vertex   -3.341952e+01 -1.764495e+01 4.790174e+02
      vertex   -3.341952e+01 -1.937842e+01 4.790550e+02
      vertex   -3.281610e+01 -1.937842e+01 4.789789e+02
    endloop
  endfacet
  facet normal 1.251263e-01 2.156318e-02 9.919065e-01
    outer loop
      vertex   -3.341952e+01 -1.764495e+01 4.790174e+02
      vertex   -3.281610e+01 -1.937842e+01 4.789789e+02
      vertex   -3.281610e+01 -1.764495e+01 4.789412e+02
    endloop
  endfacet
  facet normal 2.482875e-01 2.105343e-02 9.684576e-01
    outer loop
      vertex   -3.281610e+01 -1.764495e+01 4.789412e+02
      vertex   -3.281610e+01 -1.937842e+01 4.789789e+02
      vertex   -3.222695e+01 -1.937842e+01 4.788279e+02
    endloop
  endfacet
  facet normal 2.482875e-01 2.105343e-02 9.684576e-01
    outer loop
      vertex   -3.281610e+01 -1.764495e+01 4.789412e+02
      vertex   -3.222695e+01 -1.937842e+01 4.788279e+02
      vertex   -3.222695e+01 -1.764495e+01 4.787902e+02
    endloop
  endfacet
  facet normal 3.675493e-01 2.021270e-02 9.297844e-01
    outer loop
      vertex   -3.222695e+01 -1.764495e+01 4.787902e+02
      vertex   -3.222695e+01 -1.937842e+01 4.788279e+02
      vertex   -3.166134e+01 -1.937842e+01 4.786043e+02
    endloop
  endfacet
  facet normal 3.675493e-01 2.021270e-02 9.297844e-01
    outer loop
      vertex   -3.222695e+01 -1.764495e+01 4.787902e+02
      vertex   -3.166134e+01 -1.937842e+01 4.786043e+02
      vertex   -3.166134e+01 -1.764495e+01 4.785666e+02
    endloop
  endfacet
  facet normal 4.810377e-01 1.905419e-02 8.764928e-01
    outer loop
      vertex   -3.166134e+01 -1.764495e+01 4.785666e+02
      vertex   -3.166134e+01 -1.937842e+01 4.786043e+02
      vertex   -3.112816e+01 -1.937842e+01 4.783117e+02
    endloop
  endfacet
  facet normal 4.810377e-01 1.905419e-02 8.764928e-01
    outer loop
      vertex   -3.166134e+01 -1.764495e+01 4.785666e+02
      vertex   -3.112816e+01 -1.937842e+01 4.783117e+02
      vertex   -3.112816e+01 -1.764495e+01 4.782740e+02
    endloop
  endfacet
  facet normal 5.869689e-01 1.759605e-02 8.094183e-01
    outer loop
      vertex   -3.112816e+01 -1.764495e+01 4.782740e+02
      vertex   -3.112816e+01 -1.937842e+01 4.783117e+02
      vertex   -3.063580e+01 -1.937842e+01 4.779546e+02
    endloop
  endfacet
  facet normal 5.869689e-01 1.759605e-02 8.094183e-01
    outer loop
      vertex   -3.112816e+01 -1.764495e+01 4.782740e+02
      vertex   -3.063580e+01 -1.937842e+01 4.779546e+02
      vertex   -3.063580e+01 -1.764495e+01 4.779169e+02
    endloop
  endfacet
  facet normal 6.836765e-01 1.586115e-02 7.296128e-01
    outer loop
      vertex   -3.063580e+01 -1.764495e+01 4.779169e+02
      vertex   -3.063580e+01 -1.937842e+01 4.779546e+02
      vertex   -3.019199e+01 -1.937842e+01 4.775388e+02
    endloop
  endfacet
  facet normal 6.836765e-01 1.586115e-02 7.296128e-01
    outer loop
      vertex   -3.063580e+01 -1.764495e+01 4.779169e+02
      vertex   -3.019199e+01 -1.937842e+01 4.775388e+02
      vertex   -3.019199e+01 -1.764495e+01 4.775011e+02
    endloop
  endfacet
  facet normal 7.696385e-01 1.387672e-02 6.383290e-01
    outer loop
      vertex   -3.019199e+01 -1.764495e+01 4.775011e+02
      vertex   -3.019199e+01 -1.937842e+01 4.775388e+02
      vertex   -2.980372e+01 -1.937842e+01 4.770706e+02
    endloop
  endfacet
  facet normal 7.696385e-01 1.387672e-02 6.383290e-01
    outer loop
      vertex   -3.019199e+01 -1.764495e+01 4.775011e+02
      vertex   -2.980372e+01 -1.937842e+01 4.770706e+02
      vertex   -2.980372e+01 -1.764495e+01 4.770329e+02
    endloop
  endfacet
  facet normal 8.435010e-01 1.167393e-02 5.370007e-01
    outer loop
      vertex   -2.980372e+01 -1.764495e+01 4.770329e+02
      vertex   -2.980372e+01 -1.937842e+01 4.770706e+02
      vertex   -2.947710e+01 -1.937842e+01 4.765576e+02
    endloop
  endfacet
  facet normal 8.435010e-01 1.167393e-02 5.370007e-01
    outer loop
      vertex   -2.980372e+01 -1.764495e+01 4.770329e+02
      vertex   -2.947710e+01 -1.937842e+01 4.765576e+02
      vertex   -2.947710e+01 -1.764495e+01 4.765199e+02
    endloop
  endfacet
  facet normal 9.040998e-01 9.287399e-03 4.272204e-01
    outer loop
      vertex   -2.947710e+01 -1.764495e+01 4.765199e+02
      vertex   -2.947710e+01 -1.937842e+01 4.765576e+02
      vertex   -2.921725e+01 -1.937842e+01 4.760077e+02
    endloop
  endfacet
  facet normal 9.040998e-01 9.287399e-03 4.272204e-01
    outer loop
      vertex   -2.947710e+01 -1.764495e+01 4.765199e+02
      vertex   -2.921725e+01 -1.937842e+01 4.760077e+02
      vertex   -2.921725e+01 -1.764495e+01 4.759700e+02
    endloop
  endfacet
  facet normal 9.504793e-01 6.754665e-03 3.107146e-01
    outer loop
      vertex   -2.921725e+01 -1.764495e+01 4.759700e+02
      vertex   -2.921725e+01 -1.937842e+01 4.760077e+02
      vertex   -2.902827e+01 -1.937842e+01 4.754296e+02
    endloop
  endfacet
  facet normal 9.504793e-01 6.754665e-03 3.107146e-01
    outer loop
      vertex   -2.921725e+01 -1.764495e+01 4.759700e+02
      vertex   -2.902827e+01 -1.937842e+01 4.754296e+02
      vertex   -2.902827e+01 -1.764495e+01 4.753919e+02
    endloop
  endfacet
  facet normal 9.819075e-01 4.115579e-03 1.893166e-01
    outer loop
      vertex   -2.902827e+01 -1.764495e+01 4.753919e+02
      vertex   -2.902827e+01 -1.937842e+01 4.754296e+02
      vertex   -2.891313e+01 -1.937842e+01 4.748324e+02
    endloop
  endfacet
  facet normal 9.819075e-01 4.115579e-03 1.893166e-01
    outer loop
      vertex   -2.902827e+01 -1.764495e+01 4.753919e+02
      vertex   -2.891313e+01 -1.937842e+01 4.748324e+02
      vertex   -2.891313e+01 -1.764495e+01 4.747947e+02
    endloop
  endfacet
  facet normal 9.978883e-01 1.411686e-03 6.493757e-02
    outer loop
      vertex   -2.891313e+01 -1.764495e+01 4.747947e+02
      vertex   -2.891313e+01 -1.937842e+01 4.748324e+02
      vertex   -2.887363e+01 -1.937842e+01 4.742255e+02
    endloop
  endfacet
  facet normal 9.978883e-01 1.411686e-03 6.493757e-02
    outer loop
      vertex   -2.891313e+01 -1.764495e+01 4.747947e+02
      vertex   -2.887363e+01 -1.937842e+01 4.742255e+02
      vertex   -2.887363e+01 -1.764495e+01 4.741878e+02
    endloop
  endfacet
endsolid
