solid ASCII
  facet normal 0.000000e+00 7.071068e-01 -7.071068e-01
    outer loop
      vertex   -1.200000e+01 -2.925000e+01 1.975000e+01
      vertex   -3.000000e+00 -2.925000e+01 1.975000e+01
      vertex   -1.100000e+01 -3.025000e+01 1.875000e+01
    endloop
  endfacet
  facet normal 1.076635e-15 7.071068e-01 -7.071068e-01
    outer loop
      vertex   -1.100000e+01 -3.025000e+01 1.875000e+01
      vertex   -3.000000e+00 -2.925000e+01 1.975000e+01
      vertex   -4.000000e+00 -3.025000e+01 1.875000e+01
    endloop
  endfacet
  facet normal 0.000000e+00 7.071068e-01 7.071068e-01
    outer loop
      vertex   -3.000000e+00 -2.925000e+01 1.275000e+01
      vertex   -1.200000e+01 -2.925000e+01 1.275000e+01
      vertex   -4.000000e+00 -3.025000e+01 1.375000e+01
    endloop
  endfacet
  facet normal -3.588783e-16 7.071068e-01 7.071068e-01
    outer loop
      vertex   -4.000000e+00 -3.025000e+01 1.375000e+01
      vertex   -1.200000e+01 -2.925000e+01 1.275000e+01
      vertex   -1.100000e+01 -3.025000e+01 1.375000e+01
    endloop
  endfacet
  facet normal 7.071068e-01 7.071068e-01 -2.512148e-16
    outer loop
      vertex   -1.100000e+01 -3.025000e+01 1.875000e+01
      vertex   -1.100000e+01 -3.025000e+01 1.375000e+01
      vertex   -1.200000e+01 -2.925000e+01 1.975000e+01
    endloop
  endfacet
  facet normal 7.071068e-01 7.071068e-01 0.000000e+00
    outer loop
      vertex   -1.200000e+01 -2.925000e+01 1.975000e+01
      vertex   -1.100000e+01 -3.025000e+01 1.375000e+01
      vertex   -1.200000e+01 -2.925000e+01 1.275000e+01
    endloop
  endfacet
  facet normal -7.071068e-01 7.071068e-01 0.000000e+00
    outer loop
      vertex   -3.000000e+00 -2.925000e+01 1.975000e+01
      vertex   -3.000000e+00 -2.925000e+01 1.275000e+01
      vertex   -4.000000e+00 -3.025000e+01 1.875000e+01
    endloop
  endfacet
  facet normal -7.071068e-01 7.071068e-01 2.009718e-15
    outer loop
      vertex   -4.000000e+00 -3.025000e+01 1.875000e+01
      vertex   -3.000000e+00 -2.925000e+01 1.275000e+01
      vertex   -4.000000e+00 -3.025000e+01 1.375000e+01
    endloop
  endfacet
  facet normal -1.000000e+00 -0.000000e+00 -0.000000e+00
    outer loop
      vertex   -4.000000e+00 -3.025000e+01 1.875000e+01
      vertex   -4.000000e+00 -3.025000e+01 1.375000e+01
      vertex   -4.000000e+00 -3.325000e+01 1.875000e+01
    endloop
  endfacet
  facet normal -1.000000e+00 0.000000e+00 0.000000e+00
    outer loop
      vertex   -4.000000e+00 -3.325000e+01 1.875000e+01
      vertex   -4.000000e+00 -3.025000e+01 1.375000e+01
      vertex   -4.000000e+00 -3.325000e+01 1.375000e+01
    endloop
  endfacet
  facet normal -6.010369e-31 1.184238e-15 1.000000e+00
    outer loop
      vertex   -1.100000e+01 -3.025000e+01 1.375000e+01
      vertex   -1.100000e+01 -3.325000e+01 1.375000e+01
      vertex   -4.000000e+00 -3.025000e+01 1.375000e+01
    endloop
  endfacet
  facet normal 0.000000e+00 1.184238e-15 1.000000e+00
    outer loop
      vertex   -4.000000e+00 -3.025000e+01 1.375000e+01
      vertex   -1.100000e+01 -3.325000e+01 1.375000e+01
      vertex   -4.000000e+00 -3.325000e+01 1.375000e+01
    endloop
  endfacet
  facet normal 0.000000e+00 1.000000e+00 -0.000000e+00
    outer loop
      vertex   -3.693498e-02 -2.925000e+01 2.280697e+00
      vertex   -1.468305e-01 -2.925000e+01 1.822949e+00
      vertex   -1.937151e-07 -2.925000e+01 2.750000e+00
    endloop
  endfacet
  facet normal 0.000000e+00 1.000000e+00 0.000000e+00
    outer loop
      vertex   -1.937151e-07 -2.925000e+01 2.750000e+00
      vertex   -1.468305e-01 -2.925000e+01 1.822949e+00
      vertex   -3.269804e-01 -2.925000e+01 1.388029e+00
    endloop
  endfacet
  facet normal 0.000000e+00 1.000000e+00 0.000000e+00
    outer loop
      vertex   -1.937151e-07 -2.925000e+01 2.750000e+00
      vertex   -3.269804e-01 -2.925000e+01 1.388029e+00
      vertex   -5.729490e-01 -2.925000e+01 9.866443e-01
    endloop
  endfacet
  facet normal 0.000000e+00 1.000000e+00 -0.000000e+00
    outer loop
      vertex   -5.729490e-01 -2.925000e+01 9.866443e-01
      vertex   -8.786797e-01 -2.925000e+01 6.286798e-01
      vertex   -1.937151e-07 -2.925000e+01 2.750000e+00
    endloop
  endfacet
  facet normal -9.948605e-16 1.000000e+00 4.120846e-16
    outer loop
      vertex   -1.937151e-07 -2.925000e+01 2.750000e+00
      vertex   -8.786797e-01 -2.925000e+01 6.286798e-01
      vertex   -3.000000e+00 -2.925000e+01 1.275000e+01
    endloop
  endfacet
  facet normal -2.368476e-15 1.000000e+00 0.000000e+00
    outer loop
      vertex   -1.937151e-07 -2.925000e+01 2.750000e+00
      vertex   -3.000000e+00 -2.925000e+01 1.275000e+01
      vertex   -3.000000e+00 -2.925000e+01 1.975000e+01
    endloop
  endfacet
  facet normal -4.355534e-16 1.000000e+00 5.099675e-16
    outer loop
      vertex   -8.786797e-01 -2.925000e+01 6.286798e-01
      vertex   -1.236644e+00 -2.925000e+01 3.229491e-01
      vertex   -3.000000e+00 -2.925000e+01 1.275000e+01
    endloop
  endfacet
  facet normal -3.223518e-16 1.000000e+00 5.260304e-16
    outer loop
      vertex   -3.000000e+00 -2.925000e+01 1.275000e+01
      vertex   -1.236644e+00 -2.925000e+01 3.229491e-01
      vertex   -1.638029e+00 -2.925000e+01 7.698053e-02
    endloop
  endfacet
  facet normal -2.223410e-16 1.000000e+00 5.367786e-16
    outer loop
      vertex   -3.000000e+00 -2.925000e+01 1.275000e+01
      vertex   -1.638029e+00 -2.925000e+01 7.698053e-02
      vertex   -2.072949e+00 -2.925000e+01 -1.031694e-01
    endloop
  endfacet
  facet normal -1.304601e-16 1.000000e+00 5.434056e-16
    outer loop
      vertex   -2.072949e+00 -2.925000e+01 -1.031694e-01
      vertex   -2.530697e+00 -2.925000e+01 -2.130649e-01
      vertex   -3.000000e+00 -2.925000e+01 1.275000e+01
    endloop
  endfacet
  facet normal -4.301639e-17 1.000000e+00 5.465713e-16
    outer loop
      vertex   -3.000000e+00 -2.925000e+01 1.275000e+01
      vertex   -2.530697e+00 -2.925000e+01 -2.130649e-01
      vertex   -3.000000e+00 -2.925000e+01 -2.500001e-01
    endloop
  endfacet
  facet normal 0.000000e+00 1.000000e+00 5.465713e-16
    outer loop
      vertex   -3.000000e+00 -2.925000e+01 1.275000e+01
      vertex   -3.000000e+00 -2.925000e+01 -2.500001e-01
      vertex   -1.200000e+01 -2.925000e+01 1.275000e+01
    endloop
  endfacet
  facet normal 0.000000e+00 1.000000e+00 5.465713e-16
    outer loop
      vertex   -1.200000e+01 -2.925000e+01 1.275000e+01
      vertex   -3.000000e+00 -2.925000e+01 -2.500001e-01
      vertex   -1.300000e+01 -2.925000e+01 -2.500001e-01
    endloop
  endfacet
  facet normal -2.880579e-15 1.000000e+00 7.681543e-16
    outer loop
      vertex   -1.200000e+01 -2.925000e+01 1.275000e+01
      vertex   -1.300000e+01 -2.925000e+01 -2.500001e-01
      vertex   -1.300000e+01 -2.925000e+01 9.000000e+00
    endloop
  endfacet
  facet normal 0.000000e+00 1.000000e+00 -0.000000e+00
    outer loop
      vertex   -1.200000e+01 -2.925000e+01 1.275000e+01
      vertex   -1.300000e+01 -2.925000e+01 9.000000e+00
      vertex   -1.200000e+01 -2.925000e+01 1.975000e+01
    endloop
  endfacet
  facet normal 7.105427e-15 1.000000e+00 -6.609700e-16
    outer loop
      vertex   -1.200000e+01 -2.925000e+01 1.975000e+01
      vertex   -1.300000e+01 -2.925000e+01 9.000000e+00
      vertex   -1.400000e+01 -2.925000e+01 9.000000e+00
    endloop
  endfacet
  facet normal 1.806809e-15 1.000000e+00 3.248195e-16
    outer loop
      vertex   -1.200000e+01 -2.925000e+01 1.975000e+01
      vertex   -1.400000e+01 -2.925000e+01 9.000000e+00
      vertex   -1.400000e+01 -2.925000e+01 5.275000e+01
    endloop
  endfacet
  facet normal -0.000000e+00 1.000000e+00 0.000000e+00
    outer loop
      vertex   -1.396157e+01 -2.925000e+01 5.314018e+01
      vertex   -1.384776e+01 -2.925000e+01 5.351537e+01
      vertex   -1.400000e+01 -2.925000e+01 5.275000e+01
    endloop
  endfacet
  facet normal 0.000000e+00 1.000000e+00 0.000000e+00
    outer loop
      vertex   -1.400000e+01 -2.925000e+01 5.275000e+01
      vertex   -1.384776e+01 -2.925000e+01 5.351537e+01
      vertex   -1.366294e+01 -2.925000e+01 5.386114e+01
    endloop
  endfacet
  facet normal 0.000000e+00 1.000000e+00 0.000000e+00
    outer loop
      vertex   -1.400000e+01 -2.925000e+01 5.275000e+01
      vertex   -1.366294e+01 -2.925000e+01 5.386114e+01
      vertex   -1.341421e+01 -2.925000e+01 5.416421e+01
    endloop
  endfacet
  facet normal -0.000000e+00 1.000000e+00 0.000000e+00
    outer loop
      vertex   -1.341421e+01 -2.925000e+01 5.416421e+01
      vertex   -1.311114e+01 -2.925000e+01 5.441294e+01
      vertex   -1.400000e+01 -2.925000e+01 5.275000e+01
    endloop
  endfacet
  facet normal 0.000000e+00 1.000000e+00 0.000000e+00
    outer loop
      vertex   -1.400000e+01 -2.925000e+01 5.275000e+01
      vertex   -1.311114e+01 -2.925000e+01 5.441294e+01
      vertex   -1.276537e+01 -2.925000e+01 5.459776e+01
    endloop
  endfacet
  facet normal 0.000000e+00 1.000000e+00 0.000000e+00
    outer loop
      vertex   -1.400000e+01 -2.925000e+01 5.275000e+01
      vertex   -1.276537e+01 -2.925000e+01 5.459776e+01
      vertex   -1.239018e+01 -2.925000e+01 5.471157e+01
    endloop
  endfacet
  facet normal -4.715662e-16 1.000000e+00 3.870043e-16
    outer loop
      vertex   -1.400000e+01 -2.925000e+01 5.275000e+01
      vertex   -1.239018e+01 -2.925000e+01 5.471157e+01
      vertex   -9.436212e+00 -2.925000e+01 4.913096e+01
    endloop
  endfacet
  facet normal -5.959440e-17 1.000000e+00 6.050720e-16
    outer loop
      vertex   -9.436212e+00 -2.925000e+01 4.913096e+01
      vertex   -1.239018e+01 -2.925000e+01 5.471157e+01
      vertex   -1.200000e+01 -2.925000e+01 5.475000e+01
    endloop
  endfacet
  facet normal -1.800481e-15 1.000000e+00 -1.892381e-16
    outer loop
      vertex   -9.436212e+00 -2.925000e+01 4.913096e+01
      vertex   -1.200000e+01 -2.925000e+01 5.475000e+01
      vertex   -9.475000e+00 -2.925000e+01 4.950000e+01
    endloop
  endfacet
  facet normal -1.154679e-15 1.000000e+00 1.213617e-16
    outer loop
      vertex   -9.475000e+00 -2.925000e+01 4.950000e+01
      vertex   -1.200000e+01 -2.925000e+01 5.475000e+01
      vertex   -9.436212e+00 -2.925000e+01 4.986904e+01
    endloop
  endfacet
  facet normal -8.561360e-16 1.000000e+00 2.781754e-16
    outer loop
      vertex   -9.436212e+00 -2.925000e+01 4.986904e+01
      vertex   -1.200000e+01 -2.925000e+01 5.475000e+01
      vertex   -9.321543e+00 -2.925000e+01 5.022196e+01
    endloop
  endfacet
  facet normal -6.712449e-16 1.000000e+00 3.875434e-16
    outer loop
      vertex   -9.321543e+00 -2.925000e+01 5.022196e+01
      vertex   -1.200000e+01 -2.925000e+01 5.475000e+01
      vertex   -9.136005e+00 -2.925000e+01 5.054332e+01
    endloop
  endfacet
  facet normal -5.341055e-16 1.000000e+00 4.809107e-16
    outer loop
      vertex   -9.136005e+00 -2.925000e+01 5.054332e+01
      vertex   -1.200000e+01 -2.925000e+01 5.475000e+01
      vertex   -8.887707e+00 -2.925000e+01 5.081908e+01
    endloop
  endfacet
  facet normal -4.168512e-16 1.000000e+00 5.737464e-16
    outer loop
      vertex   -8.887707e+00 -2.925000e+01 5.081908e+01
      vertex   -1.200000e+01 -2.925000e+01 5.475000e+01
      vertex   -8.587500e+00 -2.925000e+01 5.103720e+01
    endloop
  endfacet
  facet normal -3.023175e-16 1.000000e+00 6.790162e-16
    outer loop
      vertex   -8.587500e+00 -2.925000e+01 5.103720e+01
      vertex   -1.200000e+01 -2.925000e+01 5.475000e+01
      vertex   -8.248505e+00 -2.925000e+01 5.118813e+01
    endloop
  endfacet
  facet normal -1.732287e-16 1.000000e+00 8.149772e-16
    outer loop
      vertex   -8.248505e+00 -2.925000e+01 5.118813e+01
      vertex   -1.200000e+01 -2.925000e+01 5.475000e+01
      vertex   -7.885538e+00 -2.925000e+01 5.126528e+01
    endloop
  endfacet
  facet normal -0.000000e+00 1.000000e+00 1.019511e-15
    outer loop
      vertex   -7.885538e+00 -2.925000e+01 5.126528e+01
      vertex   -1.200000e+01 -2.925000e+01 5.475000e+01
      vertex   -7.514462e+00 -2.925000e+01 5.126528e+01
    endloop
  endfacet
  facet normal 0.000000e+00 1.000000e+00 1.019511e-15
    outer loop
      vertex   -7.514462e+00 -2.925000e+01 5.126528e+01
      vertex   -1.200000e+01 -2.925000e+01 5.475000e+01
      vertex   -2.000000e+00 -2.925000e+01 5.475000e+01
    endloop
  endfacet
  facet normal 1.621592e-16 1.000000e+00 7.628991e-16
    outer loop
      vertex   -7.514462e+00 -2.925000e+01 5.126528e+01
      vertex   -2.000000e+00 -2.925000e+01 5.475000e+01
      vertex   -7.151495e+00 -2.925000e+01 5.118813e+01
    endloop
  endfacet
  facet normal 2.701355e-16 1.000000e+00 6.067343e-16
    outer loop
      vertex   -7.151495e+00 -2.925000e+01 5.118813e+01
      vertex   -2.000000e+00 -2.925000e+01 5.475000e+01
      vertex   -6.812500e+00 -2.925000e+01 5.103720e+01
    endloop
  endfacet
  facet normal 3.580376e-16 1.000000e+00 4.927965e-16
    outer loop
      vertex   -6.812500e+00 -2.925000e+01 5.103720e+01
      vertex   -2.000000e+00 -2.925000e+01 5.475000e+01
      vertex   -6.512293e+00 -2.925000e+01 5.081908e+01
    endloop
  endfacet
  facet normal 4.412373e-16 1.000000e+00 3.972918e-16
    outer loop
      vertex   -6.512293e+00 -2.925000e+01 5.081908e+01
      vertex   -2.000000e+00 -2.925000e+01 5.475000e+01
      vertex   -6.263995e+00 -2.925000e+01 5.054332e+01
    endloop
  endfacet
  facet normal 5.308323e-16 1.000000e+00 3.064762e-16
    outer loop
      vertex   -6.263995e+00 -2.925000e+01 5.054332e+01
      vertex   -2.000000e+00 -2.925000e+01 5.475000e+01
      vertex   -6.078457e+00 -2.925000e+01 5.022196e+01
    endloop
  endfacet
  facet normal 6.401624e-16 1.000000e+00 2.080014e-16
    outer loop
      vertex   -6.078457e+00 -2.925000e+01 5.022196e+01
      vertex   -2.000000e+00 -2.925000e+01 5.475000e+01
      vertex   -5.963788e+00 -2.925000e+01 4.986904e+01
    endloop
  endfacet
  facet normal 7.935838e-16 1.000000e+00 8.340902e-17
    outer loop
      vertex   -5.963788e+00 -2.925000e+01 4.986904e+01
      vertex   -2.000000e+00 -2.925000e+01 5.475000e+01
      vertex   -5.925000e+00 -2.925000e+01 4.950000e+01
    endloop
  endfacet
  facet normal 1.053217e-15 1.000000e+00 -1.106975e-16
    outer loop
      vertex   -5.925000e+00 -2.925000e+01 4.950000e+01
      vertex   -2.000000e+00 -2.925000e+01 5.475000e+01
      vertex   -5.963788e+00 -2.925000e+01 4.913096e+01
    endloop
  endfacet
  facet normal 5.346732e-16 1.000000e+00 2.550937e-16
    outer loop
      vertex   -5.963788e+00 -2.925000e+01 4.913096e+01
      vertex   -2.000000e+00 -2.925000e+01 5.475000e+01
      vertex   -3.451495e+00 -2.925000e+01 2.993813e+01
    endloop
  endfacet
  facet normal 4.047160e-17 1.000000e+00 1.904039e-16
    outer loop
      vertex   -5.963788e+00 -2.925000e+01 4.913096e+01
      vertex   -3.451495e+00 -2.925000e+01 2.993813e+01
      vertex   -3.814462e+00 -2.925000e+01 3.001528e+01
    endloop
  endfacet
  facet normal -9.048764e-15 1.000000e+00 5.740726e-16
    outer loop
      vertex   -1.609819e+00 -2.925000e+01 5.471157e+01
      vertex   -2.812293e+00 -2.925000e+01 2.956908e+01
      vertex   -2.000000e+00 -2.925000e+01 5.475000e+01
    endloop
  endfacet
  facet normal 2.003173e-16 1.000000e+00 2.757132e-16
    outer loop
      vertex   -2.000000e+00 -2.925000e+01 5.475000e+01
      vertex   -2.812293e+00 -2.925000e+01 2.956908e+01
      vertex   -3.112500e+00 -2.925000e+01 2.978720e+01
    endloop
  endfacet
  facet normal 1.242645e-16 1.000000e+00 2.791026e-16
    outer loop
      vertex   -2.000000e+00 -2.925000e+01 5.475000e+01
      vertex   -3.112500e+00 -2.925000e+01 2.978720e+01
      vertex   -3.451495e+00 -2.925000e+01 2.993813e+01
    endloop
  endfacet
  facet normal 0.000000e+00 1.000000e+00 0.000000e+00
    outer loop
      vertex   -1.234633e+00 -2.925000e+01 5.459776e+01
      vertex   6.123234e-16 -2.925000e+01 5.275000e+01
      vertex   -1.609819e+00 -2.925000e+01 5.471157e+01
    endloop
  endfacet
  facet normal 1.628610e-16 1.000000e+00 1.336565e-16
    outer loop
      vertex   -1.609819e+00 -2.925000e+01 5.471157e+01
      vertex   6.123234e-16 -2.925000e+01 5.275000e+01
      vertex   -2.563995e+00 -2.925000e+01 2.929332e+01
    endloop
  endfacet
  facet normal 1.490178e-16 1.000000e+00 1.341762e-16
    outer loop
      vertex   -1.609819e+00 -2.925000e+01 5.471157e+01
      vertex   -2.563995e+00 -2.925000e+01 2.929332e+01
      vertex   -2.812293e+00 -2.925000e+01 2.956908e+01
    endloop
  endfacet
  facet normal 0.000000e+00 1.000000e+00 0.000000e+00
    outer loop
      vertex   -1.234633e+00 -2.925000e+01 5.459776e+01
      vertex   -8.888595e-01 -2.925000e+01 5.441294e+01
      vertex   6.123234e-16 -2.925000e+01 5.275000e+01
    endloop
  endfacet
  facet normal 0.000000e+00 1.000000e+00 0.000000e+00
    outer loop
      vertex   6.123234e-16 -2.925000e+01 5.275000e+01
      vertex   -8.888595e-01 -2.925000e+01 5.441294e+01
      vertex   -5.857864e-01 -2.925000e+01 5.416421e+01
    endloop
  endfacet
  facet normal 0.000000e+00 1.000000e+00 0.000000e+00
    outer loop
      vertex   6.123234e-16 -2.925000e+01 5.275000e+01
      vertex   -5.857864e-01 -2.925000e+01 5.416421e+01
      vertex   -3.370608e-01 -2.925000e+01 5.386114e+01
    endloop
  endfacet
  facet normal 0.000000e+00 1.000000e+00 0.000000e+00
    outer loop
      vertex   -3.370608e-01 -2.925000e+01 5.386114e+01
      vertex   -1.522409e-01 -2.925000e+01 5.351537e+01
      vertex   6.123234e-16 -2.925000e+01 5.275000e+01
    endloop
  endfacet
  facet normal 0.000000e+00 1.000000e+00 0.000000e+00
    outer loop
      vertex   6.123234e-16 -2.925000e+01 5.275000e+01
      vertex   -1.522409e-01 -2.925000e+01 5.351537e+01
      vertex   -3.842944e-02 -2.925000e+01 5.314018e+01
    endloop
  endfacet
  facet normal -7.504609e-16 1.000000e+00 2.131628e-16
    outer loop
      vertex   -1.937151e-07 -2.925000e+01 2.750000e+00
      vertex   -2.225000e+00 -2.925000e+01 2.825000e+01
      vertex   6.123234e-16 -2.925000e+01 5.275000e+01
    endloop
  endfacet
  facet normal 7.401404e-16 1.000000e+00 7.779189e-17
    outer loop
      vertex   6.123234e-16 -2.925000e+01 5.275000e+01
      vertex   -2.225000e+00 -2.925000e+01 2.825000e+01
      vertex   -2.263788e+00 -2.925000e+01 2.861904e+01
    endloop
  endfacet
  facet normal 3.516003e-16 1.000000e+00 1.142419e-16
    outer loop
      vertex   6.123234e-16 -2.925000e+01 5.275000e+01
      vertex   -2.263788e+00 -2.925000e+01 2.861904e+01
      vertex   -2.378457e+00 -2.925000e+01 2.897196e+01
    endloop
  endfacet
  facet normal 2.205734e-16 1.000000e+00 1.273481e-16
    outer loop
      vertex   -2.378457e+00 -2.925000e+01 2.897196e+01
      vertex   -2.563995e+00 -2.925000e+01 2.929332e+01
      vertex   6.123234e-16 -2.925000e+01 5.275000e+01
    endloop
  endfacet
  facet normal 0.000000e+00 1.000000e+00 1.858534e-16
    outer loop
      vertex   -3.814462e+00 -2.925000e+01 3.001528e+01
      vertex   -4.185538e+00 -2.925000e+01 3.001528e+01
      vertex   -5.963788e+00 -2.925000e+01 4.913096e+01
    endloop
  endfacet
  facet normal -4.446834e-16 1.000000e+00 1.444864e-16
    outer loop
      vertex   -5.963788e+00 -2.925000e+01 4.913096e+01
      vertex   -4.185538e+00 -2.925000e+01 3.001528e+01
      vertex   -6.078457e+00 -2.925000e+01 4.877804e+01
    endloop
  endfacet
  facet normal -3.940245e-17 1.000000e+00 1.853739e-16
    outer loop
      vertex   -6.078457e+00 -2.925000e+01 4.877804e+01
      vertex   -4.185538e+00 -2.925000e+01 3.001528e+01
      vertex   -4.548505e+00 -2.925000e+01 2.993813e+01
    endloop
  endfacet
  facet normal -8.102875e-17 1.000000e+00 1.819936e-16
    outer loop
      vertex   -6.078457e+00 -2.925000e+01 4.877804e+01
      vertex   -4.548505e+00 -2.925000e+01 2.993813e+01
      vertex   -4.887500e+00 -2.925000e+01 2.978720e+01
    endloop
  endfacet
  facet normal -2.922763e-16 1.000000e+00 1.687458e-16
    outer loop
      vertex   -6.078457e+00 -2.925000e+01 4.877804e+01
      vertex   -4.887500e+00 -2.925000e+01 2.978720e+01
      vertex   -6.263995e+00 -2.925000e+01 4.845668e+01
    endloop
  endfacet
  facet normal -1.312280e-16 1.000000e+00 1.806198e-16
    outer loop
      vertex   -6.263995e+00 -2.925000e+01 4.845668e+01
      vertex   -4.887500e+00 -2.925000e+01 2.978720e+01
      vertex   -5.187707e+00 -2.925000e+01 2.956908e+01
    endloop
  endfacet
  facet normal -1.964697e-16 1.000000e+00 1.769021e-16
    outer loop
      vertex   -6.263995e+00 -2.925000e+01 4.845668e+01
      vertex   -5.187707e+00 -2.925000e+01 2.956908e+01
      vertex   -6.512293e+00 -2.925000e+01 4.818092e+01
    endloop
  endfacet
  facet normal -1.964697e-16 1.000000e+00 1.769021e-16
    outer loop
      vertex   -6.512293e+00 -2.925000e+01 4.818092e+01
      vertex   -5.187707e+00 -2.925000e+01 2.956908e+01
      vertex   -5.436005e+00 -2.925000e+01 2.929332e+01
    endloop
  endfacet
  facet normal -1.312280e-16 1.000000e+00 1.806198e-16
    outer loop
      vertex   -6.512293e+00 -2.925000e+01 4.818092e+01
      vertex   -5.436005e+00 -2.925000e+01 2.929332e+01
      vertex   -6.812500e+00 -2.925000e+01 4.796281e+01
    endloop
  endfacet
  facet normal -2.922763e-16 1.000000e+00 1.687458e-16
    outer loop
      vertex   -6.812500e+00 -2.925000e+01 4.796281e+01
      vertex   -5.436005e+00 -2.925000e+01 2.929332e+01
      vertex   -5.621543e+00 -2.925000e+01 2.897196e+01
    endloop
  endfacet
  facet normal -8.102875e-17 1.000000e+00 1.819936e-16
    outer loop
      vertex   -6.812500e+00 -2.925000e+01 4.796281e+01
      vertex   -5.621543e+00 -2.925000e+01 2.897196e+01
      vertex   -7.151495e+00 -2.925000e+01 4.781187e+01
    endloop
  endfacet
  facet normal -3.940245e-17 1.000000e+00 1.853739e-16
    outer loop
      vertex   -7.151495e+00 -2.925000e+01 4.781187e+01
      vertex   -5.621543e+00 -2.925000e+01 2.897196e+01
      vertex   -7.514462e+00 -2.925000e+01 4.773472e+01
    endloop
  endfacet
  facet normal -4.446834e-16 1.000000e+00 1.444864e-16
    outer loop
      vertex   -7.514462e+00 -2.925000e+01 4.773472e+01
      vertex   -5.621543e+00 -2.925000e+01 2.897196e+01
      vertex   -5.736212e+00 -2.925000e+01 2.861904e+01
    endloop
  endfacet
  facet normal 0.000000e+00 1.000000e+00 1.858534e-16
    outer loop
      vertex   -7.514462e+00 -2.925000e+01 4.773472e+01
      vertex   -5.736212e+00 -2.925000e+01 2.861904e+01
      vertex   -7.885538e+00 -2.925000e+01 4.773472e+01
    endloop
  endfacet
  facet normal 4.047160e-17 1.000000e+00 1.904039e-16
    outer loop
      vertex   -7.885538e+00 -2.925000e+01 4.773472e+01
      vertex   -5.736212e+00 -2.925000e+01 2.861904e+01
      vertex   -8.248505e+00 -2.925000e+01 4.781187e+01
    endloop
  endfacet
  facet normal 8.751494e-17 1.000000e+00 1.965618e-16
    outer loop
      vertex   -8.248505e+00 -2.925000e+01 4.781187e+01
      vertex   -5.736212e+00 -2.925000e+01 2.861904e+01
      vertex   -8.587500e+00 -2.925000e+01 4.796281e+01
    endloop
  endfacet
  facet normal -7.273594e-16 1.000000e+00 7.644855e-17
    outer loop
      vertex   -8.587500e+00 -2.925000e+01 4.796281e+01
      vertex   -5.736212e+00 -2.925000e+01 2.861904e+01
      vertex   -5.775000e+00 -2.925000e+01 2.825000e+01
    endloop
  endfacet
  facet normal 1.460829e-16 1.000000e+00 2.010658e-16
    outer loop
      vertex   -8.587500e+00 -2.925000e+01 4.796281e+01
      vertex   -5.775000e+00 -2.925000e+01 2.825000e+01
      vertex   -8.887707e+00 -2.925000e+01 4.818092e+01
    endloop
  endfacet
  facet normal -2.006143e-16 1.000000e+00 1.469205e-16
    outer loop
      vertex   -8.887707e+00 -2.925000e+01 4.818092e+01
      vertex   -5.775000e+00 -2.925000e+01 2.825000e+01
      vertex   -1.200000e+01 -2.925000e+01 1.975000e+01
    endloop
  endfacet
  facet normal 1.237379e-16 1.000000e+00 1.114141e-16
    outer loop
      vertex   -8.887707e+00 -2.925000e+01 4.818092e+01
      vertex   -1.200000e+01 -2.925000e+01 1.975000e+01
      vertex   -9.136005e+00 -2.925000e+01 4.845668e+01
    endloop
  endfacet
  facet normal 1.827734e-16 1.000000e+00 1.055243e-16
    outer loop
      vertex   -9.136005e+00 -2.925000e+01 4.845668e+01
      vertex   -1.200000e+01 -2.925000e+01 1.975000e+01
      vertex   -9.321543e+00 -2.925000e+01 4.877804e+01
    endloop
  endfacet
  facet normal 2.933644e-16 1.000000e+00 9.531988e-17
    outer loop
      vertex   -9.321543e+00 -2.925000e+01 4.877804e+01
      vertex   -1.200000e+01 -2.925000e+01 1.975000e+01
      vertex   -9.436212e+00 -2.925000e+01 4.913096e+01
    endloop
  endfacet
  facet normal -6.383948e-16 1.000000e+00 1.766254e-16
    outer loop
      vertex   -9.436212e+00 -2.925000e+01 4.913096e+01
      vertex   -1.200000e+01 -2.925000e+01 1.975000e+01
      vertex   -1.400000e+01 -2.925000e+01 5.275000e+01
    endloop
  endfacet
  facet normal 0.000000e+00 1.000000e+00 0.000000e+00
    outer loop
      vertex   -5.775000e+00 -2.925000e+01 2.825000e+01
      vertex   -5.736212e+00 -2.925000e+01 2.788096e+01
      vertex   -1.200000e+01 -2.925000e+01 1.975000e+01
    endloop
  endfacet
  facet normal 0.000000e+00 1.000000e+00 0.000000e+00
    outer loop
      vertex   -1.200000e+01 -2.925000e+01 1.975000e+01
      vertex   -5.736212e+00 -2.925000e+01 2.788096e+01
      vertex   -5.621543e+00 -2.925000e+01 2.752804e+01
    endloop
  endfacet
  facet normal 0.000000e+00 1.000000e+00 0.000000e+00
    outer loop
      vertex   -1.200000e+01 -2.925000e+01 1.975000e+01
      vertex   -5.621543e+00 -2.925000e+01 2.752804e+01
      vertex   -5.436005e+00 -2.925000e+01 2.720668e+01
    endloop
  endfacet
  facet normal 0.000000e+00 1.000000e+00 0.000000e+00
    outer loop
      vertex   -1.200000e+01 -2.925000e+01 1.975000e+01
      vertex   -5.436005e+00 -2.925000e+01 2.720668e+01
      vertex   -3.000000e+00 -2.925000e+01 1.975000e+01
    endloop
  endfacet
  facet normal 0.000000e+00 1.000000e+00 0.000000e+00
    outer loop
      vertex   -3.000000e+00 -2.925000e+01 1.975000e+01
      vertex   -5.436005e+00 -2.925000e+01 2.720668e+01
      vertex   -5.187707e+00 -2.925000e+01 2.693092e+01
    endloop
  endfacet
  facet normal 0.000000e+00 1.000000e+00 0.000000e+00
    outer loop
      vertex   -3.000000e+00 -2.925000e+01 1.975000e+01
      vertex   -5.187707e+00 -2.925000e+01 2.693092e+01
      vertex   -4.887500e+00 -2.925000e+01 2.671281e+01
    endloop
  endfacet
  facet normal 0.000000e+00 1.000000e+00 0.000000e+00
    outer loop
      vertex   -4.887500e+00 -2.925000e+01 2.671281e+01
      vertex   -4.548505e+00 -2.925000e+01 2.656187e+01
      vertex   -3.000000e+00 -2.925000e+01 1.975000e+01
    endloop
  endfacet
  facet normal 0.000000e+00 1.000000e+00 0.000000e+00
    outer loop
      vertex   -3.000000e+00 -2.925000e+01 1.975000e+01
      vertex   -4.548505e+00 -2.925000e+01 2.656187e+01
      vertex   -4.185538e+00 -2.925000e+01 2.648472e+01
    endloop
  endfacet
  facet normal 0.000000e+00 1.000000e+00 0.000000e+00
    outer loop
      vertex   -3.000000e+00 -2.925000e+01 1.975000e+01
      vertex   -4.185538e+00 -2.925000e+01 2.648472e+01
      vertex   -3.814462e+00 -2.925000e+01 2.648472e+01
    endloop
  endfacet
  facet normal -0.000000e+00 1.000000e+00 0.000000e+00
    outer loop
      vertex   -3.814462e+00 -2.925000e+01 2.648472e+01
      vertex   -3.451495e+00 -2.925000e+01 2.656187e+01
      vertex   -3.000000e+00 -2.925000e+01 1.975000e+01
    endloop
  endfacet
  facet normal 0.000000e+00 1.000000e+00 0.000000e+00
    outer loop
      vertex   -3.000000e+00 -2.925000e+01 1.975000e+01
      vertex   -3.451495e+00 -2.925000e+01 2.656187e+01
      vertex   -3.112500e+00 -2.925000e+01 2.671281e+01
    endloop
  endfacet
  facet normal 0.000000e+00 1.000000e+00 -0.000000e+00
    outer loop
      vertex   -3.000000e+00 -2.925000e+01 1.975000e+01
      vertex   -3.112500e+00 -2.925000e+01 2.671281e+01
      vertex   -2.812293e+00 -2.925000e+01 2.693092e+01
    endloop
  endfacet
  facet normal -0.000000e+00 1.000000e+00 0.000000e+00
    outer loop
      vertex   -2.812293e+00 -2.925000e+01 2.693092e+01
      vertex   -2.563995e+00 -2.925000e+01 2.720668e+01
      vertex   -3.000000e+00 -2.925000e+01 1.975000e+01
    endloop
  endfacet
  facet normal 0.000000e+00 1.000000e+00 0.000000e+00
    outer loop
      vertex   -3.000000e+00 -2.925000e+01 1.975000e+01
      vertex   -2.563995e+00 -2.925000e+01 2.720668e+01
      vertex   -2.378457e+00 -2.925000e+01 2.752804e+01
    endloop
  endfacet
  facet normal 0.000000e+00 1.000000e+00 0.000000e+00
    outer loop
      vertex   -3.000000e+00 -2.925000e+01 1.975000e+01
      vertex   -2.378457e+00 -2.925000e+01 2.752804e+01
      vertex   -2.263788e+00 -2.925000e+01 2.788096e+01
    endloop
  endfacet
  facet normal -1.565329e-15 1.000000e+00 1.417317e-16
    outer loop
      vertex   -3.000000e+00 -2.925000e+01 1.975000e+01
      vertex   -2.263788e+00 -2.925000e+01 2.788096e+01
      vertex   -1.937151e-07 -2.925000e+01 2.750000e+00
    endloop
  endfacet
  facet normal -1.448562e-15 1.000000e+00 1.522500e-16
    outer loop
      vertex   -1.937151e-07 -2.925000e+01 2.750000e+00
      vertex   -2.263788e+00 -2.925000e+01 2.788096e+01
      vertex   -2.225000e+00 -2.925000e+01 2.825000e+01
    endloop
  endfacet
  facet normal 1.000000e+00 -4.207258e-31 -3.552714e-16
    outer loop
      vertex   -1.100000e+01 -3.025000e+01 1.375000e+01
      vertex   -1.100000e+01 -3.025000e+01 1.875000e+01
      vertex   -1.100000e+01 -3.325000e+01 1.375000e+01
    endloop
  endfacet
  facet normal 1.000000e+00 -5.921189e-16 0.000000e+00
    outer loop
      vertex   -1.100000e+01 -3.325000e+01 1.375000e+01
      vertex   -1.100000e+01 -3.025000e+01 1.875000e+01
      vertex   -1.100000e+01 -3.325000e+01 1.875000e+01
    endloop
  endfacet
  facet normal 9.969174e-01 3.862359e-08 -7.845869e-02
    outer loop
      vertex   -1.937151e-07 -2.925000e+01 2.750000e+00
      vertex   1.224647e-15 -3.425000e+01 2.750000e+00
      vertex   -3.693498e-02 -2.925000e+01 2.280697e+00
    endloop
  endfacet
  facet normal 9.969173e-01 1.037115e-16 -7.845910e-02
    outer loop
      vertex   -3.693498e-02 -2.925000e+01 2.280697e+00
      vertex   1.224647e-15 -3.425000e+01 2.750000e+00
      vertex   -3.693498e-02 -3.425000e+01 2.280697e+00
    endloop
  endfacet
  facet normal 9.723699e-01 8.722063e-17 -2.334454e-01
    outer loop
      vertex   -3.693498e-02 -2.925000e+01 2.280697e+00
      vertex   -3.693498e-02 -3.425000e+01 2.280697e+00
      vertex   -1.468305e-01 -2.925000e+01 1.822949e+00
    endloop
  endfacet
  facet normal 9.723699e-01 1.079547e-16 -2.334454e-01
    outer loop
      vertex   -1.468305e-01 -2.925000e+01 1.822949e+00
      vertex   -3.693498e-02 -3.425000e+01 2.280697e+00
      vertex   -1.468305e-01 -3.425000e+01 1.822949e+00
    endloop
  endfacet
  facet normal 9.238795e-01 1.025712e-16 -3.826834e-01
    outer loop
      vertex   -1.468305e-01 -2.925000e+01 1.822949e+00
      vertex   -1.468305e-01 -3.425000e+01 1.822949e+00
      vertex   -3.269804e-01 -2.925000e+01 1.388029e+00
    endloop
  endfacet
  facet normal 9.238795e-01 1.365603e-16 -3.826834e-01
    outer loop
      vertex   -3.269804e-01 -2.925000e+01 1.388029e+00
      vertex   -1.468305e-01 -3.425000e+01 1.822949e+00
      vertex   -3.269804e-01 -3.425000e+01 1.388029e+00
    endloop
  endfacet
  facet normal 8.526402e-01 1.410693e-16 -5.224986e-01
    outer loop
      vertex   -3.269804e-01 -2.925000e+01 1.388029e+00
      vertex   -3.269804e-01 -3.425000e+01 1.388029e+00
      vertex   -5.729490e-01 -2.925000e+01 9.866443e-01
    endloop
  endfacet
  facet normal 8.526402e-01 1.832053e-16 -5.224986e-01
    outer loop
      vertex   -5.729490e-01 -2.925000e+01 9.866443e-01
      vertex   -3.269804e-01 -3.425000e+01 1.388029e+00
      vertex   -5.729490e-01 -3.425000e+01 9.866443e-01
    endloop
  endfacet
  facet normal 7.604060e-01 1.878303e-16 -6.494480e-01
    outer loop
      vertex   -5.729490e-01 -2.925000e+01 9.866443e-01
      vertex   -5.729490e-01 -3.425000e+01 9.866443e-01
      vertex   -8.786797e-01 -2.925000e+01 6.286798e-01
    endloop
  endfacet
  facet normal 7.604060e-01 7.703074e-17 -6.494480e-01
    outer loop
      vertex   -8.786797e-01 -2.925000e+01 6.286798e-01
      vertex   -5.729490e-01 -3.425000e+01 9.866443e-01
      vertex   -8.786797e-01 -3.425000e+01 6.286798e-01
    endloop
  endfacet
  facet normal 6.494480e-01 7.949450e-17 -7.604060e-01
    outer loop
      vertex   -8.786797e-01 -2.925000e+01 6.286798e-01
      vertex   -8.786797e-01 -3.425000e+01 6.286798e-01
      vertex   -1.236644e+00 -2.925000e+01 3.229491e-01
    endloop
  endfacet
  facet normal 6.494480e-01 6.753762e-17 -7.604060e-01
    outer loop
      vertex   -1.236644e+00 -2.925000e+01 3.229491e-01
      vertex   -8.786797e-01 -3.425000e+01 6.286798e-01
      vertex   -1.236644e+00 -3.425000e+01 3.229491e-01
    endloop
  endfacet
  facet normal 5.224986e-01 7.572966e-17 -8.526402e-01
    outer loop
      vertex   -1.236644e+00 -2.925000e+01 3.229491e-01
      vertex   -1.236644e+00 -3.425000e+01 3.229491e-01
      vertex   -1.638029e+00 -2.925000e+01 7.698053e-02
    endloop
  endfacet
  facet normal 5.224986e-01 2.412744e-17 -8.526402e-01
    outer loop
      vertex   -1.638029e+00 -2.925000e+01 7.698053e-02
      vertex   -1.236644e+00 -3.425000e+01 3.229491e-01
      vertex   -1.638029e+00 -3.425000e+01 7.698053e-02
    endloop
  endfacet
  facet normal 3.826834e-01 3.429106e-17 -9.238795e-01
    outer loop
      vertex   -1.638029e+00 -2.925000e+01 7.698053e-02
      vertex   -1.638029e+00 -3.425000e+01 7.698053e-02
      vertex   -2.072949e+00 -2.925000e+01 -1.031694e-01
    endloop
  endfacet
  facet normal 3.826834e-01 9.422492e-17 -9.238795e-01
    outer loop
      vertex   -2.072949e+00 -2.925000e+01 -1.031694e-01
      vertex   -1.638029e+00 -3.425000e+01 7.698053e-02
      vertex   -2.072949e+00 -3.425000e+01 -1.031694e-01
    endloop
  endfacet
  facet normal 2.334454e-01 1.142093e-16 -9.723699e-01
    outer loop
      vertex   -2.072949e+00 -2.925000e+01 -1.031694e-01
      vertex   -2.072949e+00 -3.425000e+01 -1.031694e-01
      vertex   -2.530697e+00 -2.925000e+01 -2.130649e-01
    endloop
  endfacet
  facet normal 2.334454e-01 -4.772280e-17 -9.723699e-01
    outer loop
      vertex   -2.530697e+00 -2.925000e+01 -2.130649e-01
      vertex   -2.072949e+00 -3.425000e+01 -1.031694e-01
      vertex   -2.530697e+00 -3.425000e+01 -2.130649e-01
    endloop
  endfacet
  facet normal 7.845963e-02 -3.463863e-17 -9.969173e-01
    outer loop
      vertex   -2.530697e+00 -2.925000e+01 -2.130649e-01
      vertex   -2.530697e+00 -3.425000e+01 -2.130649e-01
      vertex   -3.000000e+00 -2.925000e+01 -2.500001e-01
    endloop
  endfacet
  facet normal 7.845963e-02 0.000000e+00 -9.969173e-01
    outer loop
      vertex   -3.000000e+00 -2.925000e+01 -2.500001e-01
      vertex   -2.530697e+00 -3.425000e+01 -2.130649e-01
      vertex   -3.000000e+00 -3.425000e+01 -2.500001e-01
    endloop
  endfacet
  facet normal -4.267088e-16 2.035073e-16 -1.000000e+00
    outer loop
      vertex   -2.566141e+01 -3.235102e+01 -2.499999e-01
      vertex   -2.725000e+01 -3.500000e+01 -2.499999e-01
      vertex   -2.570000e+01 -3.175000e+01 -2.499999e-01
    endloop
  endfacet
  facet normal -0.000000e+00 0.000000e+00 -1.000000e+00
    outer loop
      vertex   -2.570000e+01 -3.175000e+01 -2.499999e-01
      vertex   -2.725000e+01 -3.500000e+01 -2.499999e-01
      vertex   -2.725000e+01 -2.850000e+01 -2.499999e-01
    endloop
  endfacet
  facet normal 4.267088e-16 2.035073e-16 -1.000000e+00
    outer loop
      vertex   -2.570000e+01 -3.175000e+01 -2.499999e-01
      vertex   -2.725000e+01 -2.850000e+01 -2.499999e-01
      vertex   -2.566141e+01 -3.114898e+01 -2.499999e-01
    endloop
  endfacet
  facet normal 3.614419e-16 1.643668e-16 -1.000000e+00
    outer loop
      vertex   -2.566141e+01 -3.114898e+01 -2.499999e-01
      vertex   -2.725000e+01 -2.850000e+01 -2.499999e-01
      vertex   -2.554629e+01 -3.055782e+01 -2.499999e-01
    endloop
  endfacet
  facet normal 2.837349e-16 1.000316e-16 -1.000000e+00
    outer loop
      vertex   -2.554629e+01 -3.055782e+01 -2.499999e-01
      vertex   -2.725000e+01 -2.850000e+01 -2.499999e-01
      vertex   -2.535651e+01 -2.998625e+01 -2.499999e-01
    endloop
  endfacet
  facet normal 2.946060e-16 1.138815e-16 -1.000000e+00
    outer loop
      vertex   -2.535651e+01 -2.998625e+01 -2.499999e-01
      vertex   -2.725000e+01 -2.850000e+01 -2.499999e-01
      vertex   -2.509520e+01 -2.944363e+01 -2.499999e-01
    endloop
  endfacet
  facet normal 2.466648e-16 4.406268e-18 -1.000000e+00
    outer loop
      vertex   -2.509520e+01 -2.944363e+01 -2.499999e-01
      vertex   -2.725000e+01 -2.850000e+01 -2.499999e-01
      vertex   -2.476664e+01 -2.893888e+01 -2.499999e-01
    endloop
  endfacet
  facet normal 2.509201e-16 2.848432e-17 -1.000000e+00
    outer loop
      vertex   -2.476664e+01 -2.893888e+01 -2.499999e-01
      vertex   -2.725000e+01 -2.850000e+01 -2.499999e-01
      vertex   -2.437624e+01 -2.848029e+01 -2.499999e-01
    endloop
  endfacet
  facet normal 2.493270e-16 2.607812e-16 -1.000000e+00
    outer loop
      vertex   -2.437624e+01 -2.848029e+01 -2.499999e-01
      vertex   -2.725000e+01 -2.850000e+01 -2.499999e-01
      vertex   -2.721438e+01 -2.800190e+01 -2.499999e-01
    endloop
  endfacet
  facet normal 2.258517e-16 1.215108e-16 -1.000000e+00
    outer loop
      vertex   -2.437624e+01 -2.848029e+01 -2.499999e-01
      vertex   -2.721438e+01 -2.800190e+01 -2.499999e-01
      vertex   -2.710823e+01 -2.751394e+01 -2.499999e-01
    endloop
  endfacet
  facet normal -3.614419e-16 1.643668e-16 -1.000000e+00
    outer loop
      vertex   -2.566141e+01 -3.235102e+01 -2.499999e-01
      vertex   -2.554629e+01 -3.294218e+01 -2.499999e-01
      vertex   -2.725000e+01 -3.500000e+01 -2.499999e-01
    endloop
  endfacet
  facet normal -2.837349e-16 1.000316e-16 -1.000000e+00
    outer loop
      vertex   -2.725000e+01 -3.500000e+01 -2.499999e-01
      vertex   -2.554629e+01 -3.294218e+01 -2.499999e-01
      vertex   -2.535651e+01 -3.351376e+01 -2.499999e-01
    endloop
  endfacet
  facet normal -2.946060e-16 1.138815e-16 -1.000000e+00
    outer loop
      vertex   -2.725000e+01 -3.500000e+01 -2.499999e-01
      vertex   -2.535651e+01 -3.351376e+01 -2.499999e-01
      vertex   -2.509520e+01 -3.405637e+01 -2.499999e-01
    endloop
  endfacet
  facet normal -2.466648e-16 4.406268e-18 -1.000000e+00
    outer loop
      vertex   -2.509520e+01 -3.405637e+01 -2.499999e-01
      vertex   -2.476664e+01 -3.456112e+01 -2.499999e-01
      vertex   -2.725000e+01 -3.500000e+01 -2.499999e-01
    endloop
  endfacet
  facet normal -2.509201e-16 2.848432e-17 -1.000000e+00
    outer loop
      vertex   -2.725000e+01 -3.500000e+01 -2.499999e-01
      vertex   -2.476664e+01 -3.456112e+01 -2.499999e-01
      vertex   -2.437624e+01 -3.501971e+01 -2.499999e-01
    endloop
  endfacet
  facet normal -2.493270e-16 2.607812e-16 -1.000000e+00
    outer loop
      vertex   -2.725000e+01 -3.500000e+01 -2.499999e-01
      vertex   -2.437624e+01 -3.501971e+01 -2.499999e-01
      vertex   -2.721438e+01 -3.549810e+01 -2.499999e-01
    endloop
  endfacet
  facet normal -2.258517e-16 1.215108e-16 -1.000000e+00
    outer loop
      vertex   -2.721438e+01 -3.549810e+01 -2.499999e-01
      vertex   -2.437624e+01 -3.501971e+01 -2.499999e-01
      vertex   -2.710823e+01 -3.598606e+01 -2.499999e-01
    endloop
  endfacet
  facet normal -2.014126e-16 5.241918e-17 -1.000000e+00
    outer loop
      vertex   -2.710823e+01 -3.598606e+01 -2.499999e-01
      vertex   -2.437624e+01 -3.501971e+01 -2.499999e-01
      vertex   -2.393040e+01 -3.542461e+01 -2.499999e-01
    endloop
  endfacet
  facet normal -2.097701e-16 9.972250e-17 -1.000000e+00
    outer loop
      vertex   -2.710823e+01 -3.598606e+01 -2.499999e-01
      vertex   -2.393040e+01 -3.542461e+01 -2.499999e-01
      vertex   -2.693371e+01 -3.645395e+01 -2.499999e-01
    endloop
  endfacet
  facet normal -1.547660e-16 -6.076271e-17 -1.000000e+00
    outer loop
      vertex   -2.693371e+01 -3.645395e+01 -2.499999e-01
      vertex   -2.393040e+01 -3.542461e+01 -2.499999e-01
      vertex   -2.343645e+01 -3.576917e+01 -2.499999e-01
    endloop
  endfacet
  facet normal -1.953736e-16 1.466256e-16 -1.000000e+00
    outer loop
      vertex   -2.693371e+01 -3.645395e+01 -2.499999e-01
      vertex   -2.343645e+01 -3.576917e+01 -2.499999e-01
      vertex   -2.669439e+01 -3.689224e+01 -2.499999e-01
    endloop
  endfacet
  facet normal -1.912183e-16 1.345714e-16 -1.000000e+00
    outer loop
      vertex   -2.669439e+01 -3.689224e+01 -2.499999e-01
      vertex   -2.343645e+01 -3.576917e+01 -2.499999e-01
      vertex   -2.639512e+01 -3.729201e+01 -2.499999e-01
    endloop
  endfacet
  facet normal -1.388327e-16 3.279320e-17 -1.000000e+00
    outer loop
      vertex   -2.639512e+01 -3.729201e+01 -2.499999e-01
      vertex   -2.343645e+01 -3.576917e+01 -2.499999e-01
      vertex   -2.290248e+01 -3.604774e+01 -2.499999e-01
    endloop
  endfacet
  facet normal -1.350449e-16 2.216104e-17 -1.000000e+00
    outer loop
      vertex   -2.639512e+01 -3.729201e+01 -2.499999e-01
      vertex   -2.290248e+01 -3.604774e+01 -2.499999e-01
      vertex   -2.604201e+01 -3.764512e+01 -2.499999e-01
    endloop
  endfacet
  facet normal -1.017808e-16 -4.321702e-17 -1.000000e+00
    outer loop
      vertex   -2.604201e+01 -3.764512e+01 -2.499999e-01
      vertex   -2.290248e+01 -3.604774e+01 -2.499999e-01
      vertex   -2.564224e+01 -3.794439e+01 -2.499999e-01
    endloop
  endfacet
  facet normal -1.996832e-16 9.820583e-17 -1.000000e+00
    outer loop
      vertex   -2.564224e+01 -3.794439e+01 -2.499999e-01
      vertex   -2.290248e+01 -3.604774e+01 -2.499999e-01
      vertex   -2.520395e+01 -3.818371e+01 -2.499999e-01
    endloop
  endfacet
  facet normal -6.598224e-17 -4.585451e-17 -1.000000e+00
    outer loop
      vertex   -2.520395e+01 -3.818371e+01 -2.499999e-01
      vertex   -2.290248e+01 -3.604774e+01 -2.499999e-01
      vertex   -2.233728e+01 -3.625574e+01 -2.499999e-01
    endloop
  endfacet
  facet normal -1.108577e-16 2.087007e-17 -1.000000e+00
    outer loop
      vertex   -2.520395e+01 -3.818371e+01 -2.499999e-01
      vertex   -2.233728e+01 -3.625574e+01 -2.499999e-01
      vertex   -2.473606e+01 -3.835823e+01 -2.499999e-01
    endloop
  endfacet
  facet normal -1.840592e-17 -8.461066e-17 -1.000000e+00
    outer loop
      vertex   -2.473606e+01 -3.835823e+01 -2.499999e-01
      vertex   -2.233728e+01 -3.625574e+01 -2.499999e-01
      vertex   -2.424810e+01 -3.846438e+01 -2.499999e-01
    endloop
  endfacet
  facet normal 1.462546e-15 -1.365870e-15 -1.000000e+00
    outer loop
      vertex   -2.424810e+01 -3.846438e+01 -2.499999e-01
      vertex   -2.233728e+01 -3.625574e+01 -2.499999e-01
      vertex   -2.375000e+01 -3.850000e+01 -2.499999e-01
    endloop
  endfacet
  facet normal -1.715185e-16 -3.372571e-16 -1.000000e+00
    outer loop
      vertex   -2.375000e+01 -3.850000e+01 -2.499999e-01
      vertex   -2.233728e+01 -3.625574e+01 -2.499999e-01
      vertex   -2.175012e+01 -3.638975e+01 -2.499999e-01
    endloop
  endfacet
  facet normal -4.417681e-17 -4.579389e-16 -1.000000e+00
    outer loop
      vertex   -2.375000e+01 -3.850000e+01 -2.499999e-01
      vertex   -2.175012e+01 -3.638975e+01 -2.499999e-01
      vertex   -2.115064e+01 -3.644759e+01 -2.499999e-01
    endloop
  endfacet
  facet normal 1.717702e-17 -5.356427e-16 -1.000000e+00
    outer loop
      vertex   -2.115064e+01 -3.644759e+01 -2.499999e-01
      vertex   -2.054869e+01 -3.642828e+01 -2.499999e-01
      vertex   -2.375000e+01 -3.850000e+01 -2.499999e-01
    endloop
  endfacet
  facet normal 0.000000e+00 -5.091001e-16 -1.000000e+00
    outer loop
      vertex   -2.375000e+01 -3.850000e+01 -2.499999e-01
      vertex   -2.054869e+01 -3.642828e+01 -2.499999e-01
      vertex   -1.657360e+01 -3.850000e+01 -2.499999e-01
    endloop
  endfacet
  facet normal 1.340822e-16 -2.518307e-16 -1.000000e+00
    outer loop
      vertex   -1.657360e+01 -3.850000e+01 -2.499999e-01
      vertex   -2.054869e+01 -3.642828e+01 -2.499999e-01
      vertex   -1.995415e+01 -3.633216e+01 -2.499999e-01
    endloop
  endfacet
  facet normal 1.263796e-16 -2.638422e-16 -1.000000e+00
    outer loop
      vertex   -1.657360e+01 -3.850000e+01 -2.499999e-01
      vertex   -1.995415e+01 -3.633216e+01 -2.499999e-01
      vertex   -1.937678e+01 -3.616080e+01 -2.499999e-01
    endloop
  endfacet
  facet normal 1.530476e-16 -2.318845e-16 -1.000000e+00
    outer loop
      vertex   -1.937678e+01 -3.616080e+01 -2.499999e-01
      vertex   -1.882607e+01 -3.591702e+01 -2.499999e-01
      vertex   -1.657360e+01 -3.850000e+01 -2.499999e-01
    endloop
  endfacet
  facet normal -1.585625e-15 -1.748083e-15 -1.000000e+00
    outer loop
      vertex   -1.657360e+01 -3.850000e+01 -2.499999e-01
      vertex   -1.882607e+01 -3.591702e+01 -2.499999e-01
      vertex   -1.610126e+01 -3.846798e+01 -2.499999e-01
    endloop
  endfacet
  facet normal 1.563833e-16 1.126382e-16 -1.000000e+00
    outer loop
      vertex   -1.610126e+01 -3.846798e+01 -2.499999e-01
      vertex   -1.882607e+01 -3.591702e+01 -2.499999e-01
      vertex   -1.563757e+01 -3.837252e+01 -2.499999e-01
    endloop
  endfacet
  facet normal 2.184340e-17 -6.206356e-17 -1.000000e+00
    outer loop
      vertex   -1.563757e+01 -3.837252e+01 -2.499999e-01
      vertex   -1.882607e+01 -3.591702e+01 -2.499999e-01
      vertex   -1.519101e+01 -3.821535e+01 -2.499999e-01
    endloop
  endfacet
  facet normal 1.001174e-16 6.173550e-17 -1.000000e+00
    outer loop
      vertex   -1.519101e+01 -3.821535e+01 -2.499999e-01
      vertex   -1.882607e+01 -3.591702e+01 -2.499999e-01
      vertex   -1.476974e+01 -3.799935e+01 -2.499999e-01
    endloop
  endfacet
  facet normal 1.303297e-16 1.205882e-16 -1.000000e+00
    outer loop
      vertex   -1.476974e+01 -3.799935e+01 -2.499999e-01
      vertex   -1.882607e+01 -3.591702e+01 -2.499999e-01
      vertex   -1.438147e+01 -3.772848e+01 -2.499999e-01
    endloop
  endfacet
  facet normal 1.135435e-16 7.940160e-17 -1.000000e+00
    outer loop
      vertex   -1.438147e+01 -3.772848e+01 -2.499999e-01
      vertex   -1.882607e+01 -3.591702e+01 -2.499999e-01
      vertex   -1.831105e+01 -3.560481e+01 -2.499999e-01
    endloop
  endfacet
  facet normal 1.034648e-16 6.075220e-17 -1.000000e+00
    outer loop
      vertex   -1.438147e+01 -3.772848e+01 -2.499999e-01
      vertex   -1.831105e+01 -3.560481e+01 -2.499999e-01
      vertex   -1.403331e+01 -3.740769e+01 -2.499999e-01
    endloop
  endfacet
  facet normal 1.290680e-16 1.215018e-16 -1.000000e+00
    outer loop
      vertex   -1.403331e+01 -3.740769e+01 -2.499999e-01
      vertex   -1.831105e+01 -3.560481e+01 -2.499999e-01
      vertex   -1.373163e+01 -3.704284e+01 -2.499999e-01
    endloop
  endfacet
  facet normal 3.662323e-16 8.767529e-16 -1.000000e+00
    outer loop
      vertex   -1.373163e+01 -3.704284e+01 -2.499999e-01
      vertex   -1.831105e+01 -3.560481e+01 -2.499999e-01
      vertex   -1.348194e+01 -3.664063e+01 -2.499999e-01
    endloop
  endfacet
  facet normal 1.778908e-16 -1.320831e-18 -1.000000e+00
    outer loop
      vertex   -1.348194e+01 -3.664063e+01 -2.499999e-01
      vertex   -1.831105e+01 -3.560481e+01 -2.499999e-01
      vertex   -1.784019e+01 -3.522931e+01 -2.499999e-01
    endloop
  endfacet
  facet normal 4.738441e-16 9.126030e-16 -1.000000e+00
    outer loop
      vertex   -1.348194e+01 -3.664063e+01 -2.499999e-01
      vertex   -1.784019e+01 -3.522931e+01 -2.499999e-01
      vertex   -1.320000e+01 -3.617874e+01 -2.499999e-01
    endloop
  endfacet
  facet normal 2.834546e-16 -1.789050e-17 -1.000000e+00
    outer loop
      vertex   -1.320000e+01 -3.617874e+01 -2.499999e-01
      vertex   -1.784019e+01 -3.522931e+01 -2.499999e-01
      vertex   -1.742120e+01 -3.479667e+01 -2.499999e-01
    endloop
  endfacet
  facet normal 2.978904e-16 2.620026e-17 -1.000000e+00
    outer loop
      vertex   -1.320000e+01 -3.617874e+01 -2.499999e-01
      vertex   -1.742120e+01 -3.479667e+01 -2.499999e-01
      vertex   -1.286466e+01 -3.575404e+01 -2.499999e-01
    endloop
  endfacet
  facet normal 2.945304e-16 1.020831e-17 -1.000000e+00
    outer loop
      vertex   -1.286466e+01 -3.575404e+01 -2.499999e-01
      vertex   -1.742120e+01 -3.479667e+01 -2.499999e-01
      vertex   -1.706099e+01 -3.431401e+01 -2.499999e-01
    endloop
  endfacet
  facet normal 2.534331e-16 -1.095517e-16 -1.000000e+00
    outer loop
      vertex   -1.286466e+01 -3.575404e+01 -2.499999e-01
      vertex   -1.706099e+01 -3.431401e+01 -2.499999e-01
      vertex   -1.248076e+01 -3.537266e+01 -2.499999e-01
    endloop
  endfacet
  facet normal 2.899157e-16 4.829008e-17 -1.000000e+00
    outer loop
      vertex   -1.248076e+01 -3.537266e+01 -2.499999e-01
      vertex   -1.706099e+01 -3.431401e+01 -2.499999e-01
      vertex   -1.676545e+01 -3.378925e+01 -2.499999e-01
    endloop
  endfacet
  facet normal 2.682080e-16 -1.045089e-17 -1.000000e+00
    outer loop
      vertex   -1.248076e+01 -3.537266e+01 -2.499999e-01
      vertex   -1.676545e+01 -3.378925e+01 -2.499999e-01
      vertex   -1.205387e+01 -3.504012e+01 -2.499999e-01
    endloop
  endfacet
  facet normal 3.042770e-16 1.254087e-16 -1.000000e+00
    outer loop
      vertex   -1.205387e+01 -3.504012e+01 -2.499999e-01
      vertex   -1.676545e+01 -3.378925e+01 -2.499999e-01
      vertex   -1.653944e+01 -3.323101e+01 -2.499999e-01
    endloop
  endfacet
  facet normal 1.999111e-16 -1.333600e-16 -1.000000e+00
    outer loop
      vertex   -1.205387e+01 -3.504012e+01 -2.499999e-01
      vertex   -1.653944e+01 -3.323101e+01 -2.499999e-01
      vertex   -1.159014e+01 -3.476122e+01 -2.499999e-01
    endloop
  endfacet
  facet normal 1.885708e-16 -1.700388e-16 -1.000000e+00
    outer loop
      vertex   -1.159014e+01 -3.476122e+01 -2.499999e-01
      vertex   -1.653944e+01 -3.323101e+01 -2.499999e-01
      vertex   -1.109628e+01 -3.454001e+01 -2.499999e-01
    endloop
  endfacet
  facet normal 2.481845e-16 7.785004e-17 -1.000000e+00
    outer loop
      vertex   -1.109628e+01 -3.454001e+01 -2.499999e-01
      vertex   -1.653944e+01 -3.323101e+01 -2.499999e-01
      vertex   -1.638667e+01 -3.264845e+01 -2.499999e-01
    endloop
  endfacet
  facet normal 1.311215e-16 -2.495557e-16 -1.000000e+00
    outer loop
      vertex   -1.109628e+01 -3.454001e+01 -2.499999e-01
      vertex   -1.638667e+01 -3.264845e+01 -2.499999e-01
      vertex   -1.057945e+01 -3.437967e+01 -2.499999e-01
    endloop
  endfacet
  facet normal 2.779502e-16 2.429655e-16 -1.000000e+00
    outer loop
      vertex   -1.057945e+01 -3.437967e+01 -2.499999e-01
      vertex   -1.638667e+01 -3.264845e+01 -2.499999e-01
      vertex   -1.630966e+01 -3.205113e+01 -2.499999e-01
    endloop
  endfacet
  facet normal 5.553735e-17 -3.043600e-16 -1.000000e+00
    outer loop
      vertex   -1.057945e+01 -3.437967e+01 -2.499999e-01
      vertex   -1.630966e+01 -3.205113e+01 -2.499999e-01
      vertex   -1.004710e+01 -3.428254e+01 -2.499999e-01
    endloop
  endfacet
  facet normal -2.267621e-08 -6.364191e-08 -1.000000e+00
    outer loop
      vertex   -1.004710e+01 -3.428254e+01 -2.499999e-01
      vertex   -1.630966e+01 -3.205113e+01 -2.499999e-01
      vertex   -1.300000e+01 -2.925000e+01 -2.500001e-01
    endloop
  endfacet
  facet normal -4.500381e-07 -3.144011e-07 -1.000000e+00
    outer loop
      vertex   -1.004710e+01 -3.428254e+01 -2.499999e-01
      vertex   -1.300000e+01 -2.925000e+01 -2.500001e-01
      vertex   -9.506950e+00 -3.425000e+01 -2.500001e-01
    endloop
  endfacet
  facet normal 0.000000e+00 0.000000e+00 -1.000000e+00
    outer loop
      vertex   -9.506950e+00 -3.425000e+01 -2.500001e-01
      vertex   -1.300000e+01 -2.925000e+01 -2.500001e-01
      vertex   -3.000000e+00 -2.925000e+01 -2.500001e-01
    endloop
  endfacet
  facet normal 0.000000e+00 0.000000e+00 -1.000000e+00
    outer loop
      vertex   -9.506950e+00 -3.425000e+01 -2.500001e-01
      vertex   -3.000000e+00 -2.925000e+01 -2.500001e-01
      vertex   -3.000000e+00 -3.425000e+01 -2.500001e-01
    endloop
  endfacet
  facet normal -7.653958e-08 1.843428e-16 -1.000000e+00
    outer loop
      vertex   -1.630966e+01 -3.205113e+01 -2.499999e-01
      vertex   -1.630966e+01 -3.144887e+01 -2.499999e-01
      vertex   -1.300000e+01 -2.925000e+01 -2.500001e-01
    endloop
  endfacet
  facet normal -7.050036e-08 -9.090014e-09 -1.000000e+00
    outer loop
      vertex   -1.300000e+01 -2.925000e+01 -2.500001e-01
      vertex   -1.630966e+01 -3.144887e+01 -2.499999e-01
      vertex   -1.638667e+01 -3.085155e+01 -2.499999e-01
    endloop
  endfacet
  facet normal -6.654665e-08 -1.745059e-08 -1.000000e+00
    outer loop
      vertex   -1.300000e+01 -2.925000e+01 -2.500001e-01
      vertex   -1.638667e+01 -3.085155e+01 -2.499999e-01
      vertex   -1.653944e+01 -3.026899e+01 -2.499999e-01
    endloop
  endfacet
  facet normal -6.409942e-08 -2.595098e-08 -1.000000e+00
    outer loop
      vertex   -1.653944e+01 -3.026899e+01 -2.499999e-01
      vertex   -1.676545e+01 -2.971075e+01 -2.499999e-01
      vertex   -1.300000e+01 -2.925000e+01 -2.500001e-01
    endloop
  endfacet
  facet normal -6.293762e-08 -3.544580e-08 -1.000000e+00
    outer loop
      vertex   -1.300000e+01 -2.925000e+01 -2.500001e-01
      vertex   -1.676545e+01 -2.971075e+01 -2.499999e-01
      vertex   -1.706099e+01 -2.918599e+01 -2.499999e-01
    endloop
  endfacet
  facet normal -6.312146e-08 -4.710877e-08 -1.000000e+00
    outer loop
      vertex   -1.300000e+01 -2.925000e+01 -2.500001e-01
      vertex   -1.706099e+01 -2.918599e+01 -2.499999e-01
      vertex   -1.742120e+01 -2.870333e+01 -2.499999e-01
    endloop
  endfacet
  facet normal -6.509097e-08 -6.303709e-08 -1.000000e+00
    outer loop
      vertex   -1.742120e+01 -2.870333e+01 -2.499999e-01
      vertex   -1.784019e+01 -2.827069e+01 -2.499999e-01
      vertex   -1.300000e+01 -2.925000e+01 -2.500001e-01
    endloop
  endfacet
  facet normal -3.866911e-08 6.755193e-08 -1.000000e+00
    outer loop
      vertex   -1.300000e+01 -2.925000e+01 -2.500001e-01
      vertex   -1.784019e+01 -2.827069e+01 -2.499999e-01
      vertex   -1.300000e+01 -2.550000e+01 -2.499999e-01
    endloop
  endfacet
  facet normal -1.673637e-16 1.187975e-17 -1.000000e+00
    outer loop
      vertex   -1.300000e+01 -2.550000e+01 -2.499999e-01
      vertex   -1.784019e+01 -2.827069e+01 -2.499999e-01
      vertex   -1.831105e+01 -2.789519e+01 -2.499999e-01
    endloop
  endfacet
  facet normal -1.618658e-16 -3.111138e-19 -1.000000e+00
    outer loop
      vertex   -1.300000e+01 -2.550000e+01 -2.499999e-01
      vertex   -1.831105e+01 -2.789519e+01 -2.499999e-01
      vertex   -1.882607e+01 -2.758298e+01 -2.499999e-01
    endloop
  endfacet
  facet normal -1.193176e-16 -1.193176e-16 -1.000000e+00
    outer loop
      vertex   -1.300000e+01 -2.550000e+01 -2.499999e-01
      vertex   -1.882607e+01 -2.758298e+01 -2.499999e-01
      vertex   -1.350000e+01 -2.500000e+01 -2.499999e-01
    endloop
  endfacet
  facet normal -1.109006e-16 -1.366735e-16 -1.000000e+00
    outer loop
      vertex   -1.350000e+01 -2.500000e+01 -2.499999e-01
      vertex   -1.882607e+01 -2.758298e+01 -2.499999e-01
      vertex   -1.937678e+01 -2.733920e+01 -2.499999e-01
    endloop
  endfacet
  facet normal -9.814653e-17 -1.687155e-16 -1.000000e+00
    outer loop
      vertex   -1.350000e+01 -2.500000e+01 -2.499999e-01
      vertex   -1.937678e+01 -2.733920e+01 -2.499999e-01
      vertex   -1.995415e+01 -2.716784e+01 -2.499999e-01
    endloop
  endfacet
  facet normal -0.000000e+00 -4.609202e-16 -1.000000e+00
    outer loop
      vertex   -1.350000e+01 -2.500000e+01 -2.499999e-01
      vertex   -1.995415e+01 -2.716784e+01 -2.499999e-01
      vertex   -2.375000e+01 -2.500000e+01 -2.499999e-01
    endloop
  endfacet
  facet normal -2.341788e-16 -8.709632e-16 -1.000000e+00
    outer loop
      vertex   -2.375000e+01 -2.500000e+01 -2.499999e-01
      vertex   -1.995415e+01 -2.716784e+01 -2.499999e-01
      vertex   -2.054869e+01 -2.707172e+01 -2.499999e-01
    endloop
  endfacet
  facet normal -1.717702e-17 -5.356427e-16 -1.000000e+00
    outer loop
      vertex   -2.375000e+01 -2.500000e+01 -2.499999e-01
      vertex   -2.054869e+01 -2.707172e+01 -2.499999e-01
      vertex   -2.115064e+01 -2.705242e+01 -2.499999e-01
    endloop
  endfacet
  facet normal 4.417681e-17 -4.579389e-16 -1.000000e+00
    outer loop
      vertex   -2.115064e+01 -2.705242e+01 -2.499999e-01
      vertex   -2.175012e+01 -2.711025e+01 -2.499999e-01
      vertex   -2.375000e+01 -2.500000e+01 -2.499999e-01
    endloop
  endfacet
  facet normal 1.715185e-16 -3.372571e-16 -1.000000e+00
    outer loop
      vertex   -2.375000e+01 -2.500000e+01 -2.499999e-01
      vertex   -2.175012e+01 -2.711025e+01 -2.499999e-01
      vertex   -2.233728e+01 -2.724426e+01 -2.499999e-01
    endloop
  endfacet
  facet normal -1.462546e-15 -1.365870e-15 -1.000000e+00
    outer loop
      vertex   -2.375000e+01 -2.500000e+01 -2.499999e-01
      vertex   -2.233728e+01 -2.724426e+01 -2.499999e-01
      vertex   -2.424810e+01 -2.503563e+01 -2.499999e-01
    endloop
  endfacet
  facet normal 1.840592e-17 -8.461066e-17 -1.000000e+00
    outer loop
      vertex   -2.424810e+01 -2.503563e+01 -2.499999e-01
      vertex   -2.233728e+01 -2.724426e+01 -2.499999e-01
      vertex   -2.473606e+01 -2.514177e+01 -2.499999e-01
    endloop
  endfacet
  facet normal 1.108577e-16 2.087007e-17 -1.000000e+00
    outer loop
      vertex   -2.473606e+01 -2.514177e+01 -2.499999e-01
      vertex   -2.233728e+01 -2.724426e+01 -2.499999e-01
      vertex   -2.520395e+01 -2.531629e+01 -2.499999e-01
    endloop
  endfacet
  facet normal 6.598224e-17 -4.585451e-17 -1.000000e+00
    outer loop
      vertex   -2.520395e+01 -2.531629e+01 -2.499999e-01
      vertex   -2.233728e+01 -2.724426e+01 -2.499999e-01
      vertex   -2.290248e+01 -2.745226e+01 -2.499999e-01
    endloop
  endfacet
  facet normal 1.996832e-16 9.820583e-17 -1.000000e+00
    outer loop
      vertex   -2.520395e+01 -2.531629e+01 -2.499999e-01
      vertex   -2.290248e+01 -2.745226e+01 -2.499999e-01
      vertex   -2.564224e+01 -2.555561e+01 -2.499999e-01
    endloop
  endfacet
  facet normal 1.017808e-16 -4.321702e-17 -1.000000e+00
    outer loop
      vertex   -2.564224e+01 -2.555561e+01 -2.499999e-01
      vertex   -2.290248e+01 -2.745226e+01 -2.499999e-01
      vertex   -2.604201e+01 -2.585488e+01 -2.499999e-01
    endloop
  endfacet
  facet normal 1.350449e-16 2.216104e-17 -1.000000e+00
    outer loop
      vertex   -2.604201e+01 -2.585488e+01 -2.499999e-01
      vertex   -2.290248e+01 -2.745226e+01 -2.499999e-01
      vertex   -2.639512e+01 -2.620799e+01 -2.499999e-01
    endloop
  endfacet
  facet normal 1.388327e-16 3.279320e-17 -1.000000e+00
    outer loop
      vertex   -2.639512e+01 -2.620799e+01 -2.499999e-01
      vertex   -2.290248e+01 -2.745226e+01 -2.499999e-01
      vertex   -2.343645e+01 -2.773083e+01 -2.499999e-01
    endloop
  endfacet
  facet normal 1.912183e-16 1.345714e-16 -1.000000e+00
    outer loop
      vertex   -2.639512e+01 -2.620799e+01 -2.499999e-01
      vertex   -2.343645e+01 -2.773083e+01 -2.499999e-01
      vertex   -2.669439e+01 -2.660776e+01 -2.499999e-01
    endloop
  endfacet
  facet normal 1.953736e-16 1.466256e-16 -1.000000e+00
    outer loop
      vertex   -2.669439e+01 -2.660776e+01 -2.499999e-01
      vertex   -2.343645e+01 -2.773083e+01 -2.499999e-01
      vertex   -2.693371e+01 -2.704605e+01 -2.499999e-01
    endloop
  endfacet
  facet normal 1.547660e-16 -6.076271e-17 -1.000000e+00
    outer loop
      vertex   -2.693371e+01 -2.704605e+01 -2.499999e-01
      vertex   -2.343645e+01 -2.773083e+01 -2.499999e-01
      vertex   -2.393040e+01 -2.807539e+01 -2.499999e-01
    endloop
  endfacet
  facet normal 2.097701e-16 9.972250e-17 -1.000000e+00
    outer loop
      vertex   -2.693371e+01 -2.704605e+01 -2.499999e-01
      vertex   -2.393040e+01 -2.807539e+01 -2.499999e-01
      vertex   -2.710823e+01 -2.751394e+01 -2.499999e-01
    endloop
  endfacet
  facet normal 2.014126e-16 5.241918e-17 -1.000000e+00
    outer loop
      vertex   -2.710823e+01 -2.751394e+01 -2.499999e-01
      vertex   -2.393040e+01 -2.807539e+01 -2.499999e-01
      vertex   -2.437624e+01 -2.848029e+01 -2.499999e-01
    endloop
  endfacet
  facet normal 1.257639e-15 3.036209e-15 -1.000000e+00
    outer loop
      vertex   -1.337059e+01 -2.501704e+01 -2.499999e-01
      vertex   -1.325000e+01 -2.506699e+01 -2.499999e-01
      vertex   -1.350000e+01 -2.500000e+01 -2.499999e-01
    endloop
  endfacet
  facet normal 9.700057e-16 1.962747e-15 -1.000000e+00
    outer loop
      vertex   -1.350000e+01 -2.500000e+01 -2.499999e-01
      vertex   -1.325000e+01 -2.506699e+01 -2.499999e-01
      vertex   -1.314645e+01 -2.514645e+01 -2.499999e-01
    endloop
  endfacet
  facet normal 3.929144e-16 5.695253e-16 -1.000000e+00
    outer loop
      vertex   -1.350000e+01 -2.500000e+01 -2.499999e-01
      vertex   -1.314645e+01 -2.514645e+01 -2.499999e-01
      vertex   -1.306699e+01 -2.525000e+01 -2.499999e-01
    endloop
  endfacet
  facet normal 8.424584e-17 3.489577e-17 -1.000000e+00
    outer loop
      vertex   -1.306699e+01 -2.525000e+01 -2.499999e-01
      vertex   -1.301704e+01 -2.537059e+01 -2.499999e-01
      vertex   -1.350000e+01 -2.500000e+01 -2.499999e-01
    endloop
  endfacet
  facet normal 2.469963e-16 2.469963e-16 -1.000000e+00
    outer loop
      vertex   -1.350000e+01 -2.500000e+01 -2.499999e-01
      vertex   -1.301704e+01 -2.537059e+01 -2.499999e-01
      vertex   -1.300000e+01 -2.550000e+01 -2.499999e-01
    endloop
  endfacet
  facet normal -1.447294e-15 -1.000000e+00 -2.499770e-15
    outer loop
      vertex   -3.734756e+00 -3.425000e+01 1.241358e+01
      vertex   -1.473368e+00 -3.425000e+01 1.110431e+01
      vertex   -3.734756e+00 -3.425000e+01 1.525602e+01
    endloop
  endfacet
  facet normal 3.637160e-15 -1.000000e+00 2.696722e-16
    outer loop
      vertex   -3.734756e+00 -3.425000e+01 1.525602e+01
      vertex   -1.473368e+00 -3.425000e+01 1.110431e+01
      vertex   -3.739629e+00 -3.425000e+01 1.532174e+01
    endloop
  endfacet
  facet normal 2.494495e-15 -1.000000e+00 -3.443449e-16
    outer loop
      vertex   -3.739629e+00 -3.425000e+01 1.532174e+01
      vertex   -1.473368e+00 -3.425000e+01 1.110431e+01
      vertex   -2.295806e+00 -3.425000e+01 2.578105e+01
    endloop
  endfacet
  facet normal 0.000000e+00 -1.000000e+00 0.000000e+00
    outer loop
      vertex   -3.739629e+00 -3.425000e+01 1.532174e+01
      vertex   -2.295806e+00 -3.425000e+01 2.578105e+01
      vertex   -2.713922e+00 -3.425000e+01 2.553965e+01
    endloop
  endfacet
  facet normal -3.336218e-16 -1.000000e+00 -4.658812e-16
    outer loop
      vertex   -1.388833e+00 -3.425000e+01 1.104377e+01
      vertex   -1.601672e+00 -3.425000e+01 2.644777e+01
      vertex   -1.473368e+00 -3.425000e+01 1.110431e+01
    endloop
  endfacet
  facet normal 5.178344e-16 -1.000000e+00 -4.587612e-16
    outer loop
      vertex   -1.473368e+00 -3.425000e+01 1.110431e+01
      vertex   -1.601672e+00 -3.425000e+01 2.644777e+01
      vertex   -1.921827e+00 -3.425000e+01 2.608639e+01
    endloop
  endfacet
  facet normal 3.779848e-16 -1.000000e+00 -4.629473e-16
    outer loop
      vertex   -1.473368e+00 -3.425000e+01 1.110431e+01
      vertex   -1.921827e+00 -3.425000e+01 2.608639e+01
      vertex   -2.295806e+00 -3.425000e+01 2.578105e+01
    endloop
  endfacet
  facet normal -5.057531e-16 -1.000000e+00 -4.682595e-16
    outer loop
      vertex   -1.388833e+00 -3.425000e+01 1.104377e+01
      vertex   -1.319718e+00 -3.425000e+01 1.096912e+01
      vertex   -1.601672e+00 -3.425000e+01 2.644777e+01
    endloop
  endfacet
  facet normal 7.055993e-16 -1.000000e+00 -4.461940e-16
    outer loop
      vertex   -1.601672e+00 -3.425000e+01 2.644777e+01
      vertex   -1.319718e+00 -3.425000e+01 1.096912e+01
      vertex   -1.343632e+00 -3.425000e+01 2.685583e+01
    endloop
  endfacet
  facet normal -7.299959e-16 -1.000000e+00 -4.483549e-16
    outer loop
      vertex   -1.343632e+00 -3.425000e+01 2.685583e+01
      vertex   -1.319718e+00 -3.425000e+01 1.096912e+01
      vertex   -1.267017e+00 -3.425000e+01 1.088332e+01
    endloop
  endfacet
  facet normal 1.032485e-15 -1.000000e+00 -4.399009e-16
    outer loop
      vertex   -1.343632e+00 -3.425000e+01 2.685583e+01
      vertex   -1.267017e+00 -3.425000e+01 1.088332e+01
      vertex   -1.154391e+00 -3.425000e+01 2.730000e+01
    endloop
  endfacet
  facet normal -1.132157e-15 -1.000000e+00 -4.250504e-16
    outer loop
      vertex   -1.154391e+00 -3.425000e+01 2.730000e+01
      vertex   -1.267017e+00 -3.425000e+01 1.088332e+01
      vertex   -1.231723e+00 -3.425000e+01 1.078931e+01
    endloop
  endfacet
  facet normal 1.779833e-15 -1.000000e+00 -4.386894e-16
    outer loop
      vertex   -1.154391e+00 -3.425000e+01 2.730000e+01
      vertex   -1.231723e+00 -3.425000e+01 1.078931e+01
      vertex   -1.038849e+00 -3.425000e+01 2.776877e+01
    endloop
  endfacet
  facet normal -2.304891e-15 -1.000000e+00 -3.922902e-16
    outer loop
      vertex   -1.038849e+00 -3.425000e+01 2.776877e+01
      vertex   -1.231723e+00 -3.425000e+01 1.078931e+01
      vertex   -1.214829e+00 -3.425000e+01 1.069005e+01
    endloop
  endfacet
  facet normal -2.547636e-15 -1.000000e+00 -3.897889e-16
    outer loop
      vertex   -1.038849e+00 -3.425000e+01 2.776877e+01
      vertex   -1.214829e+00 -3.425000e+01 1.069005e+01
      vertex   1.224647e-15 -3.425000e+01 2.750000e+00
    endloop
  endfacet
  facet normal 0.000000e+00 -1.000000e+00 0.000000e+00
    outer loop
      vertex   1.224647e-15 -3.425000e+01 2.750000e+00
      vertex   -1.214829e+00 -3.425000e+01 1.069005e+01
      vertex   -1.217331e+00 -3.425000e+01 1.058850e+01
    endloop
  endfacet
  facet normal 0.000000e+00 -1.000000e+00 0.000000e+00
    outer loop
      vertex   1.224647e-15 -3.425000e+01 2.750000e+00
      vertex   -1.217331e+00 -3.425000e+01 1.058850e+01
      vertex   -1.240220e+00 -3.425000e+01 1.048762e+01
    endloop
  endfacet
  facet normal 0.000000e+00 -1.000000e+00 -0.000000e+00
    outer loop
      vertex   -1.240220e+00 -3.425000e+01 1.048762e+01
      vertex   -1.284491e+00 -3.425000e+01 1.039035e+01
      vertex   1.224647e-15 -3.425000e+01 2.750000e+00
    endloop
  endfacet
  facet normal 0.000000e+00 -1.000000e+00 0.000000e+00
    outer loop
      vertex   1.224647e-15 -3.425000e+01 2.750000e+00
      vertex   -1.284491e+00 -3.425000e+01 1.039035e+01
      vertex   -1.347307e+00 -3.425000e+01 1.030383e+01
    endloop
  endfacet
  facet normal -0.000000e+00 -1.000000e+00 0.000000e+00
    outer loop
      vertex   1.224647e-15 -3.425000e+01 2.750000e+00
      vertex   -1.347307e+00 -3.425000e+01 1.030383e+01
      vertex   -5.729490e-01 -3.425000e+01 9.866443e-01
    endloop
  endfacet
  facet normal -0.000000e+00 -1.000000e+00 0.000000e+00
    outer loop
      vertex   -5.729490e-01 -3.425000e+01 9.866443e-01
      vertex   -1.347307e+00 -3.425000e+01 1.030383e+01
      vertex   -8.786797e-01 -3.425000e+01 6.286798e-01
    endloop
  endfacet
  facet normal 0.000000e+00 -1.000000e+00 0.000000e+00
    outer loop
      vertex   -8.786797e-01 -3.425000e+01 6.286798e-01
      vertex   -1.347307e+00 -3.425000e+01 1.030383e+01
      vertex   -1.423586e+00 -3.425000e+01 1.023381e+01
    endloop
  endfacet
  facet normal 0.000000e+00 -1.000000e+00 0.000000e+00
    outer loop
      vertex   -8.786797e-01 -3.425000e+01 6.286798e-01
      vertex   -1.423586e+00 -3.425000e+01 1.023381e+01
      vertex   -1.510375e+00 -3.425000e+01 1.018101e+01
    endloop
  endfacet
  facet normal -0.000000e+00 -1.000000e+00 0.000000e+00
    outer loop
      vertex   -8.786797e-01 -3.425000e+01 6.286798e-01
      vertex   -1.510375e+00 -3.425000e+01 1.018101e+01
      vertex   -1.236644e+00 -3.425000e+01 3.229491e-01
    endloop
  endfacet
  facet normal 0.000000e+00 -1.000000e+00 0.000000e+00
    outer loop
      vertex   -1.236644e+00 -3.425000e+01 3.229491e-01
      vertex   -1.510375e+00 -3.425000e+01 1.018101e+01
      vertex   -1.604718e+00 -3.425000e+01 1.014618e+01
    endloop
  endfacet
  facet normal 0.000000e+00 -1.000000e+00 0.000000e+00
    outer loop
      vertex   -1.236644e+00 -3.425000e+01 3.229491e-01
      vertex   -1.604718e+00 -3.425000e+01 1.014618e+01
      vertex   -1.703664e+00 -3.425000e+01 1.013006e+01
    endloop
  endfacet
  facet normal -0.000000e+00 -1.000000e+00 0.000000e+00
    outer loop
      vertex   -1.236644e+00 -3.425000e+01 3.229491e-01
      vertex   -1.703664e+00 -3.425000e+01 1.013006e+01
      vertex   -1.638029e+00 -3.425000e+01 7.698053e-02
    endloop
  endfacet
  facet normal 0.000000e+00 -1.000000e+00 0.000000e+00
    outer loop
      vertex   -1.638029e+00 -3.425000e+01 7.698053e-02
      vertex   -1.703664e+00 -3.425000e+01 1.013006e+01
      vertex   -1.804257e+00 -3.425000e+01 1.013339e+01
    endloop
  endfacet
  facet normal 0.000000e+00 -1.000000e+00 0.000000e+00
    outer loop
      vertex   -1.638029e+00 -3.425000e+01 7.698053e-02
      vertex   -1.804257e+00 -3.425000e+01 1.013339e+01
      vertex   -1.903545e+00 -3.425000e+01 1.015691e+01
    endloop
  endfacet
  facet normal -0.000000e+00 -1.000000e+00 0.000000e+00
    outer loop
      vertex   -1.638029e+00 -3.425000e+01 7.698053e-02
      vertex   -1.903545e+00 -3.425000e+01 1.015691e+01
      vertex   -2.072949e+00 -3.425000e+01 -1.031694e-01
    endloop
  endfacet
  facet normal 0.000000e+00 -1.000000e+00 0.000000e+00
    outer loop
      vertex   -2.072949e+00 -3.425000e+01 -1.031694e-01
      vertex   -1.903545e+00 -3.425000e+01 1.015691e+01
      vertex   -1.998573e+00 -3.425000e+01 1.020135e+01
    endloop
  endfacet
  facet normal -0.000000e+00 -1.000000e+00 0.000000e+00
    outer loop
      vertex   -2.072949e+00 -3.425000e+01 -1.031694e-01
      vertex   -1.998573e+00 -3.425000e+01 1.020135e+01
      vertex   -2.530697e+00 -3.425000e+01 -2.130649e-01
    endloop
  endfacet
  facet normal -0.000000e+00 -1.000000e+00 0.000000e+00
    outer loop
      vertex   -2.530697e+00 -3.425000e+01 -2.130649e-01
      vertex   -1.998573e+00 -3.425000e+01 1.020135e+01
      vertex   -3.000000e+00 -3.425000e+01 -2.500001e-01
    endloop
  endfacet
  facet normal 0.000000e+00 -1.000000e+00 0.000000e+00
    outer loop
      vertex   -3.000000e+00 -3.425000e+01 -2.500001e-01
      vertex   -1.998573e+00 -3.425000e+01 1.020135e+01
      vertex   -4.259833e+00 -3.425000e+01 1.150342e+01
    endloop
  endfacet
  facet normal 0.000000e+00 -1.000000e+00 0.000000e+00
    outer loop
      vertex   -3.000000e+00 -3.425000e+01 -2.500001e-01
      vertex   -4.259833e+00 -3.425000e+01 1.150342e+01
      vertex   -6.724252e+00 -3.425000e+01 1.007526e+01
    endloop
  endfacet
  facet normal 0.000000e+00 -1.000000e+00 -0.000000e+00
    outer loop
      vertex   -6.735429e+00 -3.425000e+01 1.007439e+01
      vertex   -6.752300e+00 -3.425000e+01 1.006831e+01
      vertex   -6.724252e+00 -3.425000e+01 1.007526e+01
    endloop
  endfacet
  facet normal 0.000000e+00 -1.000000e+00 0.000000e+00
    outer loop
      vertex   -6.724252e+00 -3.425000e+01 1.007526e+01
      vertex   -6.752300e+00 -3.425000e+01 1.006831e+01
      vertex   -6.863288e+00 -3.425000e+01 1.002366e+01
    endloop
  endfacet
  facet normal 0.000000e+00 -1.000000e+00 0.000000e+00
    outer loop
      vertex   -6.724252e+00 -3.425000e+01 1.007526e+01
      vertex   -6.863288e+00 -3.425000e+01 1.002366e+01
      vertex   -9.506950e+00 -3.425000e+01 -2.500001e-01
    endloop
  endfacet
  facet normal 0.000000e+00 -1.000000e+00 0.000000e+00
    outer loop
      vertex   -9.506950e+00 -3.425000e+01 -2.500001e-01
      vertex   -6.863288e+00 -3.425000e+01 1.002366e+01
      vertex   -6.924458e+00 -3.425000e+01 1.001019e+01
    endloop
  endfacet
  facet normal 0.000000e+00 -1.000000e+00 0.000000e+00
    outer loop
      vertex   -9.506950e+00 -3.425000e+01 -2.500001e-01
      vertex   -6.924458e+00 -3.425000e+01 1.001019e+01
      vertex   -6.990199e+00 -3.425000e+01 1.000526e+01
    endloop
  endfacet
  facet normal -0.000000e+00 -1.000000e+00 0.000000e+00
    outer loop
      vertex   -6.990199e+00 -3.425000e+01 1.000526e+01
      vertex   -7.051995e+00 -3.425000e+01 1.001019e+01
      vertex   -9.506950e+00 -3.425000e+01 -2.500001e-01
    endloop
  endfacet
  facet normal 0.000000e+00 -1.000000e+00 0.000000e+00
    outer loop
      vertex   -9.506950e+00 -3.425000e+01 -2.500001e-01
      vertex   -7.051995e+00 -3.425000e+01 1.001019e+01
      vertex   -7.111802e+00 -3.425000e+01 1.002366e+01
    endloop
  endfacet
  facet normal 0.000000e+00 -1.000000e+00 0.000000e+00
    outer loop
      vertex   -9.506950e+00 -3.425000e+01 -2.500001e-01
      vertex   -7.111802e+00 -3.425000e+01 1.002366e+01
      vertex   -7.228097e+00 -3.425000e+01 1.006831e+01
    endloop
  endfacet
  facet normal -0.000000e+00 -1.000000e+00 -0.000000e+00
    outer loop
      vertex   -7.233441e+00 -3.425000e+01 1.007233e+01
      vertex   -7.236081e+00 -3.425000e+01 1.007356e+01
      vertex   -7.228097e+00 -3.425000e+01 1.006831e+01
    endloop
  endfacet
  facet normal 0.000000e+00 -1.000000e+00 0.000000e+00
    outer loop
      vertex   -7.228097e+00 -3.425000e+01 1.006831e+01
      vertex   -7.236081e+00 -3.425000e+01 1.007356e+01
      vertex   -7.238712e+00 -3.425000e+01 1.007439e+01
    endloop
  endfacet
  facet normal 0.000000e+00 -1.000000e+00 0.000000e+00
    outer loop
      vertex   -7.228097e+00 -3.425000e+01 1.006831e+01
      vertex   -7.238712e+00 -3.425000e+01 1.007439e+01
      vertex   -7.249327e+00 -3.425000e+01 1.007526e+01
    endloop
  endfacet
  facet normal 6.208120e-16 -1.000000e+00 1.071097e-15
    outer loop
      vertex   -9.713360e+00 -3.425000e+01 1.150342e+01
      vertex   -9.506950e+00 -3.425000e+01 4.750000e+00
      vertex   -7.249327e+00 -3.425000e+01 1.007526e+01
    endloop
  endfacet
  facet normal 6.499345e-15 -1.000000e+00 -1.421085e-15
    outer loop
      vertex   -7.249327e+00 -3.425000e+01 1.007526e+01
      vertex   -9.506950e+00 -3.425000e+01 4.750000e+00
      vertex   -9.506950e+00 -3.425000e+01 -2.500001e-01
    endloop
  endfacet
  facet normal 0.000000e+00 -1.000000e+00 -0.000000e+00
    outer loop
      vertex   -7.249327e+00 -3.425000e+01 1.007526e+01
      vertex   -9.506950e+00 -3.425000e+01 -2.500001e-01
      vertex   -7.228097e+00 -3.425000e+01 1.006831e+01
    endloop
  endfacet
  facet normal -5.952538e-16 -1.000000e+00 1.033930e-15
    outer loop
      vertex   -9.713360e+00 -3.425000e+01 1.150342e+01
      vertex   -1.197501e+01 -3.425000e+01 1.020135e+01
      vertex   -9.506950e+00 -3.425000e+01 4.750000e+00
    endloop
  endfacet
  facet normal -4.933916e-16 -1.000000e+00 1.080047e-15
    outer loop
      vertex   -9.506950e+00 -3.425000e+01 4.750000e+00
      vertex   -1.197501e+01 -3.425000e+01 1.020135e+01
      vertex   -1.207228e+01 -3.425000e+01 1.015691e+01
    endloop
  endfacet
  facet normal 0.000000e+00 -1.000000e+00 1.314139e-15
    outer loop
      vertex   -9.506950e+00 -3.425000e+01 4.750000e+00
      vertex   -1.207228e+01 -3.425000e+01 1.015691e+01
      vertex   -1.400000e+01 -3.425000e+01 4.750000e+00
    endloop
  endfacet
  facet normal -3.337257e-16 -1.000000e+00 1.433122e-15
    outer loop
      vertex   -1.400000e+01 -3.425000e+01 4.750000e+00
      vertex   -1.207228e+01 -3.425000e+01 1.015691e+01
      vertex   -1.217326e+01 -3.425000e+01 1.013339e+01
    endloop
  endfacet
  facet normal -4.363877e-17 -1.000000e+00 1.334687e-15
    outer loop
      vertex   -1.400000e+01 -3.425000e+01 4.750000e+00
      vertex   -1.217326e+01 -3.425000e+01 1.013339e+01
      vertex   -1.227507e+01 -3.425000e+01 1.013006e+01
    endloop
  endfacet
  facet normal 2.028843e-16 -1.000000e+00 1.255648e-15
    outer loop
      vertex   -1.227507e+01 -3.425000e+01 1.013006e+01
      vertex   -1.237483e+01 -3.425000e+01 1.014618e+01
      vertex   -1.400000e+01 -3.425000e+01 4.750000e+00
    endloop
  endfacet
  facet normal 4.353989e-16 -1.000000e+00 1.185621e-15
    outer loop
      vertex   -1.400000e+01 -3.425000e+01 4.750000e+00
      vertex   -1.237483e+01 -3.425000e+01 1.014618e+01
      vertex   -1.246966e+01 -3.425000e+01 1.018101e+01
    endloop
  endfacet
  facet normal 6.777425e-16 -1.000000e+00 1.117334e-15
    outer loop
      vertex   -1.400000e+01 -3.425000e+01 4.750000e+00
      vertex   -1.246966e+01 -3.425000e+01 1.018101e+01
      vertex   -1.255670e+01 -3.425000e+01 1.023381e+01
    endloop
  endfacet
  facet normal 9.570954e-16 -1.000000e+00 1.043811e-15
    outer loop
      vertex   -1.255670e+01 -3.425000e+01 1.023381e+01
      vertex   -1.263308e+01 -3.425000e+01 1.030383e+01
      vertex   -1.400000e+01 -3.425000e+01 4.750000e+00
    endloop
  endfacet
  facet normal 1.315809e-15 -1.000000e+00 9.555233e-16
    outer loop
      vertex   -1.400000e+01 -3.425000e+01 4.750000e+00
      vertex   -1.263308e+01 -3.425000e+01 1.030383e+01
      vertex   -1.269591e+01 -3.425000e+01 1.039035e+01
    endloop
  endfacet
  facet normal 1.839211e-15 -1.000000e+00 8.345086e-16
    outer loop
      vertex   -1.400000e+01 -3.425000e+01 4.750000e+00
      vertex   -1.269591e+01 -3.425000e+01 1.039035e+01
      vertex   -1.274005e+01 -3.425000e+01 1.048764e+01
    endloop
  endfacet
  facet normal 2.785078e-15 -1.000000e+00 6.268017e-16
    outer loop
      vertex   -1.274005e+01 -3.425000e+01 1.048764e+01
      vertex   -1.276278e+01 -3.425000e+01 1.058863e+01
      vertex   -1.400000e+01 -3.425000e+01 4.750000e+00
    endloop
  endfacet
  facet normal 5.207136e-15 -1.000000e+00 1.135605e-16
    outer loop
      vertex   -1.400000e+01 -3.425000e+01 4.750000e+00
      vertex   -1.276278e+01 -3.425000e+01 1.058863e+01
      vertex   -1.276500e+01 -3.425000e+01 1.069046e+01
    endloop
  endfacet
  facet normal 6.465406e-15 -1.000000e+00 -1.480297e-16
    outer loop
      vertex   -1.400000e+01 -3.425000e+01 4.750000e+00
      vertex   -1.276500e+01 -3.425000e+01 1.069046e+01
      vertex   -1.400000e+01 -3.425000e+01 5.275000e+01
    endloop
  endfacet
  facet normal 1.659562e-15 -1.000000e+00 -2.891447e-16
    outer loop
      vertex   -1.400000e+01 -3.425000e+01 5.275000e+01
      vertex   -1.276500e+01 -3.425000e+01 1.069046e+01
      vertex   -1.274761e+01 -3.425000e+01 1.079024e+01
    endloop
  endfacet
  facet normal 6.816461e-16 -1.000000e+00 -3.183328e-16
    outer loop
      vertex   -1.400000e+01 -3.425000e+01 5.275000e+01
      vertex   -1.274761e+01 -3.425000e+01 1.079024e+01
      vertex   -1.131572e+01 -3.425000e+01 3.617711e+01
    endloop
  endfacet
  facet normal 8.637825e-16 -1.000000e+00 -3.286059e-16
    outer loop
      vertex   -1.131572e+01 -3.425000e+01 3.617711e+01
      vertex   -1.274761e+01 -3.425000e+01 1.079024e+01
      vertex   -1.271153e+01 -3.425000e+01 1.088510e+01
    endloop
  endfacet
  facet normal 4.983267e-16 -1.000000e+00 -3.084372e-16
    outer loop
      vertex   -1.131572e+01 -3.425000e+01 3.617711e+01
      vertex   -1.271153e+01 -3.425000e+01 1.088510e+01
      vertex   -1.265764e+01 -3.425000e+01 1.097216e+01
    endloop
  endfacet
  facet normal 3.227708e-16 -1.000000e+00 -2.990905e-16
    outer loop
      vertex   -1.265764e+01 -3.425000e+01 1.097216e+01
      vertex   -1.258686e+01 -3.425000e+01 1.104855e+01
      vertex   -1.131572e+01 -3.425000e+01 3.617711e+01
    endloop
  endfacet
  facet normal 2.125363e-16 -1.000000e+00 -2.935143e-16
    outer loop
      vertex   -1.131572e+01 -3.425000e+01 3.617711e+01
      vertex   -1.258686e+01 -3.425000e+01 1.104855e+01
      vertex   -1.250008e+01 -3.425000e+01 1.111138e+01
    endloop
  endfacet
  facet normal -2.836584e-15 -1.000000e+00 -1.494424e-16
    outer loop
      vertex   -1.131572e+01 -3.425000e+01 3.617711e+01
      vertex   -1.250008e+01 -3.425000e+01 1.111138e+01
      vertex   -1.022020e+01 -3.425000e+01 1.538290e+01
    endloop
  endfacet
  facet normal -5.277511e-15 -1.000000e+00 1.153382e-15
    outer loop
      vertex   -1.022020e+01 -3.425000e+01 1.538290e+01
      vertex   -1.250008e+01 -3.425000e+01 1.111138e+01
      vertex   -1.023356e+01 -3.425000e+01 1.532174e+01
    endloop
  endfacet
  facet normal -3.635704e-15 -1.000000e+00 2.695648e-16
    outer loop
      vertex   -1.023356e+01 -3.425000e+01 1.532174e+01
      vertex   -1.250008e+01 -3.425000e+01 1.111138e+01
      vertex   -1.023844e+01 -3.425000e+01 1.525602e+01
    endloop
  endfacet
  facet normal 1.439310e-15 -1.000000e+00 -2.499771e-15
    outer loop
      vertex   -1.023844e+01 -3.425000e+01 1.525602e+01
      vertex   -1.250008e+01 -3.425000e+01 1.111138e+01
      vertex   -1.023844e+01 -3.425000e+01 1.241359e+01
    endloop
  endfacet
  facet normal 0.000000e+00 -1.000000e+00 0.000000e+00
    outer loop
      vertex   -1.022020e+01 -3.425000e+01 1.538290e+01
      vertex   -1.017552e+01 -3.425000e+01 1.549404e+01
      vertex   -1.131572e+01 -3.425000e+01 3.617711e+01
    endloop
  endfacet
  facet normal 0.000000e+00 -1.000000e+00 0.000000e+00
    outer loop
      vertex   -1.131572e+01 -3.425000e+01 3.617711e+01
      vertex   -1.017552e+01 -3.425000e+01 1.549404e+01
      vertex   -1.016917e+01 -3.425000e+01 1.550869e+01
    endloop
  endfacet
  facet normal 0.000000e+00 -1.000000e+00 0.000000e+00
    outer loop
      vertex   -1.131572e+01 -3.425000e+01 3.617711e+01
      vertex   -1.016917e+01 -3.425000e+01 1.550869e+01
      vertex   -1.016079e+01 -3.425000e+01 1.552203e+01
    endloop
  endfacet
  facet normal 0.000000e+00 -1.000000e+00 0.000000e+00
    outer loop
      vertex   -1.016079e+01 -3.425000e+01 1.552203e+01
      vertex   -1.014065e+01 -3.425000e+01 1.555001e+01
      vertex   -1.131572e+01 -3.425000e+01 3.617711e+01
    endloop
  endfacet
  facet normal 0.000000e+00 -1.000000e+00 0.000000e+00
    outer loop
      vertex   -1.131572e+01 -3.425000e+01 3.617711e+01
      vertex   -1.014065e+01 -3.425000e+01 1.555001e+01
      vertex   -1.008195e+01 -3.425000e+01 1.562445e+01
    endloop
  endfacet
  facet normal 0.000000e+00 -1.000000e+00 0.000000e+00
    outer loop
      vertex   -1.131572e+01 -3.425000e+01 3.617711e+01
      vertex   -1.008195e+01 -3.425000e+01 1.562445e+01
      vertex   -9.987891e+00 -3.425000e+01 1.570465e+01
    endloop
  endfacet
  facet normal 0.000000e+00 -1.000000e+00 0.000000e+00
    outer loop
      vertex   -9.987891e+00 -3.425000e+01 1.570465e+01
      vertex   -1.008195e+01 -3.425000e+01 1.562445e+01
      vertex   -1.000761e+01 -3.425000e+01 1.568305e+01
    endloop
  endfacet
  facet normal 0.000000e+00 -1.000000e+00 0.000000e+00
    outer loop
      vertex   -9.987891e+00 -3.425000e+01 1.570465e+01
      vertex   -1.000761e+01 -3.425000e+01 1.568305e+01
      vertex   -9.993589e+00 -3.425000e+01 1.569701e+01
    endloop
  endfacet
  facet normal 0.000000e+00 -1.000000e+00 0.000000e+00
    outer loop
      vertex   -9.993589e+00 -3.425000e+01 1.569701e+01
      vertex   -1.000761e+01 -3.425000e+01 1.568305e+01
      vertex   -1.000296e+01 -3.425000e+01 1.568596e+01
    endloop
  endfacet
  facet normal 0.000000e+00 -1.000000e+00 0.000000e+00
    outer loop
      vertex   -9.993589e+00 -3.425000e+01 1.569701e+01
      vertex   -1.000296e+01 -3.425000e+01 1.568596e+01
      vertex   -9.999286e+00 -3.425000e+01 1.568937e+01
    endloop
  endfacet
  facet normal 0.000000e+00 -1.000000e+00 0.000000e+00
    outer loop
      vertex   -9.987891e+00 -3.425000e+01 1.570465e+01
      vertex   -9.984221e+00 -3.425000e+01 1.570806e+01
      vertex   -1.131572e+01 -3.425000e+01 3.617711e+01
    endloop
  endfacet
  facet normal 0.000000e+00 -1.000000e+00 0.000000e+00
    outer loop
      vertex   -1.131572e+01 -3.425000e+01 3.617711e+01
      vertex   -9.984221e+00 -3.425000e+01 1.570806e+01
      vertex   -9.979564e+00 -3.425000e+01 1.571097e+01
    endloop
  endfacet
  facet normal 0.000000e+00 -1.000000e+00 0.000000e+00
    outer loop
      vertex   -1.131572e+01 -3.425000e+01 3.617711e+01
      vertex   -9.979564e+00 -3.425000e+01 1.571097e+01
      vertex   -7.504491e+00 -3.425000e+01 1.904343e+01
    endloop
  endfacet
  facet normal 0.000000e+00 -1.000000e+00 0.000000e+00
    outer loop
      vertex   -7.504491e+00 -3.425000e+01 1.904343e+01
      vertex   -9.979564e+00 -3.425000e+01 1.571097e+01
      vertex   -7.515275e+00 -3.425000e+01 1.893849e+01
    endloop
  endfacet
  facet normal 0.000000e+00 -1.000000e+00 -0.000000e+00
    outer loop
      vertex   -7.515275e+00 -3.425000e+01 1.893849e+01
      vertex   -9.979564e+00 -3.425000e+01 1.571097e+01
      vertex   -7.515275e+00 -3.425000e+01 1.713219e+01
    endloop
  endfacet
  facet normal 0.000000e+00 -1.000000e+00 0.000000e+00
    outer loop
      vertex   -1.131572e+01 -3.425000e+01 3.617711e+01
      vertex   -7.504491e+00 -3.425000e+01 1.904343e+01
      vertex   -6.990272e+00 -3.425000e+01 2.800860e+01
    endloop
  endfacet
  facet normal 0.000000e+00 -1.000000e+00 0.000000e+00
    outer loop
      vertex   -6.990272e+00 -3.425000e+01 2.800860e+01
      vertex   -7.504491e+00 -3.425000e+01 1.904343e+01
      vertex   -7.473616e+00 -3.425000e+01 1.914158e+01
    endloop
  endfacet
  facet normal 0.000000e+00 -1.000000e+00 -0.000000e+00
    outer loop
      vertex   -6.990272e+00 -3.425000e+01 2.800860e+01
      vertex   -7.473616e+00 -3.425000e+01 1.914158e+01
      vertex   -6.912825e+00 -3.425000e+01 2.753205e+01
    endloop
  endfacet
  facet normal 0.000000e+00 -1.000000e+00 0.000000e+00
    outer loop
      vertex   -6.912825e+00 -3.425000e+01 2.753205e+01
      vertex   -7.473616e+00 -3.425000e+01 1.914158e+01
      vertex   -7.424858e+00 -3.425000e+01 1.923072e+01
    endloop
  endfacet
  facet normal 0.000000e+00 -1.000000e+00 0.000000e+00
    outer loop
      vertex   -6.912825e+00 -3.425000e+01 2.753205e+01
      vertex   -7.424858e+00 -3.425000e+01 1.923072e+01
      vertex   -7.360428e+00 -3.425000e+01 1.930863e+01
    endloop
  endfacet
  facet normal 0.000000e+00 -1.000000e+00 0.000000e+00
    outer loop
      vertex   -7.360428e+00 -3.425000e+01 1.930863e+01
      vertex   -7.282537e+00 -3.425000e+01 1.937308e+01
      vertex   -6.912825e+00 -3.425000e+01 2.753205e+01
    endloop
  endfacet
  facet normal 0.000000e+00 -1.000000e+00 -0.000000e+00
    outer loop
      vertex   -6.912825e+00 -3.425000e+01 2.753205e+01
      vertex   -7.282537e+00 -3.425000e+01 1.937308e+01
      vertex   -6.759938e+00 -3.425000e+01 2.707410e+01
    endloop
  endfacet
  facet normal 0.000000e+00 -1.000000e+00 0.000000e+00
    outer loop
      vertex   -6.759938e+00 -3.425000e+01 2.707410e+01
      vertex   -7.282537e+00 -3.425000e+01 1.937308e+01
      vertex   -7.193395e+00 -3.425000e+01 1.942187e+01
    endloop
  endfacet
  facet normal 0.000000e+00 -1.000000e+00 0.000000e+00
    outer loop
      vertex   -6.759938e+00 -3.425000e+01 2.707410e+01
      vertex   -7.193395e+00 -3.425000e+01 1.942187e+01
      vertex   -7.095212e+00 -3.425000e+01 1.945277e+01
    endloop
  endfacet
  facet normal 0.000000e+00 -1.000000e+00 -0.000000e+00
    outer loop
      vertex   -6.759938e+00 -3.425000e+01 2.707410e+01
      vertex   -7.095212e+00 -3.425000e+01 1.945277e+01
      vertex   -6.535570e+00 -3.425000e+01 2.664660e+01
    endloop
  endfacet
  facet normal 0.000000e+00 -1.000000e+00 0.000000e+00
    outer loop
      vertex   -6.535570e+00 -3.425000e+01 2.664660e+01
      vertex   -7.095212e+00 -3.425000e+01 1.945277e+01
      vertex   -6.990199e+00 -3.425000e+01 1.946357e+01
    endloop
  endfacet
  facet normal 0.000000e+00 -1.000000e+00 0.000000e+00
    outer loop
      vertex   -6.535570e+00 -3.425000e+01 2.664660e+01
      vertex   -6.990199e+00 -3.425000e+01 1.946357e+01
      vertex   -6.883228e+00 -3.425000e+01 1.945277e+01
    endloop
  endfacet
  facet normal 0.000000e+00 -1.000000e+00 0.000000e+00
    outer loop
      vertex   -6.883228e+00 -3.425000e+01 1.945277e+01
      vertex   -6.784126e+00 -3.425000e+01 1.942187e+01
      vertex   -6.535570e+00 -3.425000e+01 2.664660e+01
    endloop
  endfacet
  facet normal 0.000000e+00 -1.000000e+00 -0.000000e+00
    outer loop
      vertex   -6.535570e+00 -3.425000e+01 2.664660e+01
      vertex   -6.784126e+00 -3.425000e+01 1.942187e+01
      vertex   -6.245532e+00 -3.425000e+01 2.626063e+01
    endloop
  endfacet
  facet normal 0.000000e+00 -1.000000e+00 0.000000e+00
    outer loop
      vertex   -6.245532e+00 -3.425000e+01 2.626063e+01
      vertex   -6.784126e+00 -3.425000e+01 1.942187e+01
      vertex   -6.694864e+00 -3.425000e+01 1.937308e+01
    endloop
  endfacet
  facet normal 0.000000e+00 -1.000000e+00 0.000000e+00
    outer loop
      vertex   -6.245532e+00 -3.425000e+01 2.626063e+01
      vertex   -6.694864e+00 -3.425000e+01 1.937308e+01
      vertex   -6.617413e+00 -3.425000e+01 1.930863e+01
    endloop
  endfacet
  facet normal 0.000000e+00 -1.000000e+00 0.000000e+00
    outer loop
      vertex   -6.617413e+00 -3.425000e+01 1.930863e+01
      vertex   -6.553742e+00 -3.425000e+01 1.923072e+01
      vertex   -6.245532e+00 -3.425000e+01 2.626063e+01
    endloop
  endfacet
  facet normal 0.000000e+00 -1.000000e+00 -0.000000e+00
    outer loop
      vertex   -6.245532e+00 -3.425000e+01 2.626063e+01
      vertex   -6.553742e+00 -3.425000e+01 1.923072e+01
      vertex   -5.897336e+00 -3.425000e+01 2.592619e+01
    endloop
  endfacet
  facet normal 0.000000e+00 -1.000000e+00 0.000000e+00
    outer loop
      vertex   -5.897336e+00 -3.425000e+01 2.592619e+01
      vertex   -6.553742e+00 -3.425000e+01 1.923072e+01
      vertex   -6.505823e+00 -3.425000e+01 1.914158e+01
    endloop
  endfacet
  facet normal 0.000000e+00 -1.000000e+00 -0.000000e+00
    outer loop
      vertex   -5.897336e+00 -3.425000e+01 2.592619e+01
      vertex   -6.505823e+00 -3.425000e+01 1.914158e+01
      vertex   -5.500000e+00 -3.425000e+01 2.565192e+01
    endloop
  endfacet
  facet normal 0.000000e+00 -1.000000e+00 0.000000e+00
    outer loop
      vertex   -5.500000e+00 -3.425000e+01 2.565192e+01
      vertex   -6.505823e+00 -3.425000e+01 1.914158e+01
      vertex   -6.475627e+00 -3.425000e+01 1.904343e+01
    endloop
  endfacet
  facet normal 0.000000e+00 -1.000000e+00 -0.000000e+00
    outer loop
      vertex   -5.500000e+00 -3.425000e+01 2.565192e+01
      vertex   -6.475627e+00 -3.425000e+01 1.904343e+01
      vertex   -5.063815e+00 -3.425000e+01 2.544495e+01
    endloop
  endfacet
  facet normal 0.000000e+00 -1.000000e+00 0.000000e+00
    outer loop
      vertex   -5.063815e+00 -3.425000e+01 2.544495e+01
      vertex   -6.475627e+00 -3.425000e+01 1.904343e+01
      vertex   -6.465124e+00 -3.425000e+01 1.893849e+01
    endloop
  endfacet
  facet normal 0.000000e+00 -1.000000e+00 -0.000000e+00
    outer loop
      vertex   -5.063815e+00 -3.425000e+01 2.544495e+01
      vertex   -6.465124e+00 -3.425000e+01 1.893849e+01
      vertex   -3.993628e+00 -3.425000e+01 1.571097e+01
    endloop
  endfacet
  facet normal 0.000000e+00 -1.000000e+00 0.000000e+00
    outer loop
      vertex   -3.993628e+00 -3.425000e+01 1.571097e+01
      vertex   -6.465124e+00 -3.425000e+01 1.893849e+01
      vertex   -6.465124e+00 -3.425000e+01 1.713926e+01
    endloop
  endfacet
  facet normal 0.000000e+00 -1.000000e+00 0.000000e+00
    outer loop
      vertex   -3.982449e+00 -3.425000e+01 1.569701e+01
      vertex   -3.965578e+00 -3.425000e+01 1.568305e+01
      vertex   -3.993628e+00 -3.425000e+01 1.571097e+01
    endloop
  endfacet
  facet normal 0.000000e+00 -1.000000e+00 0.000000e+00
    outer loop
      vertex   -3.993628e+00 -3.425000e+01 1.571097e+01
      vertex   -3.965578e+00 -3.425000e+01 1.568305e+01
      vertex   -3.638390e+00 -3.425000e+01 2.527187e+01
    endloop
  endfacet
  facet normal 0.000000e+00 -1.000000e+00 0.000000e+00
    outer loop
      vertex   -3.993628e+00 -3.425000e+01 1.571097e+01
      vertex   -3.638390e+00 -3.425000e+01 2.527187e+01
      vertex   -4.120798e+00 -3.425000e+01 2.525243e+01
    endloop
  endfacet
  facet normal 0.000000e+00 -1.000000e+00 0.000000e+00
    outer loop
      vertex   -3.975081e+00 -3.425000e+01 1.568937e+01
      vertex   -3.970641e+00 -3.425000e+01 1.568596e+01
      vertex   -3.982449e+00 -3.425000e+01 1.569701e+01
    endloop
  endfacet
  facet normal 0.000000e+00 -1.000000e+00 0.000000e+00
    outer loop
      vertex   -3.982449e+00 -3.425000e+01 1.569701e+01
      vertex   -3.970641e+00 -3.425000e+01 1.568596e+01
      vertex   -3.965578e+00 -3.425000e+01 1.568305e+01
    endloop
  endfacet
  facet normal 0.000000e+00 -1.000000e+00 0.000000e+00
    outer loop
      vertex   -3.965578e+00 -3.425000e+01 1.568305e+01
      vertex   -3.893945e+00 -3.425000e+01 1.562184e+01
      vertex   -3.638390e+00 -3.425000e+01 2.527187e+01
    endloop
  endfacet
  facet normal 0.000000e+00 -1.000000e+00 0.000000e+00
    outer loop
      vertex   -3.638390e+00 -3.425000e+01 2.527187e+01
      vertex   -3.893945e+00 -3.425000e+01 1.562184e+01
      vertex   -3.832541e+00 -3.425000e+01 1.555001e+01
    endloop
  endfacet
  facet normal 0.000000e+00 -1.000000e+00 -0.000000e+00
    outer loop
      vertex   -3.638390e+00 -3.425000e+01 2.527187e+01
      vertex   -3.832541e+00 -3.425000e+01 1.555001e+01
      vertex   -3.165348e+00 -3.425000e+01 2.536845e+01
    endloop
  endfacet
  facet normal 0.000000e+00 -1.000000e+00 0.000000e+00
    outer loop
      vertex   -3.165348e+00 -3.425000e+01 2.536845e+01
      vertex   -3.832541e+00 -3.425000e+01 1.555001e+01
      vertex   -3.797673e+00 -3.425000e+01 1.549404e+01
    endloop
  endfacet
  facet normal 0.000000e+00 -1.000000e+00 0.000000e+00
    outer loop
      vertex   -3.165348e+00 -3.425000e+01 2.536845e+01
      vertex   -3.797673e+00 -3.425000e+01 1.549404e+01
      vertex   -3.752994e+00 -3.425000e+01 1.538290e+01
    endloop
  endfacet
  facet normal 0.000000e+00 -1.000000e+00 -0.000000e+00
    outer loop
      vertex   -3.165348e+00 -3.425000e+01 2.536845e+01
      vertex   -3.752994e+00 -3.425000e+01 1.538290e+01
      vertex   -2.713922e+00 -3.425000e+01 2.553965e+01
    endloop
  endfacet
  facet normal 0.000000e+00 -1.000000e+00 0.000000e+00
    outer loop
      vertex   -2.713922e+00 -3.425000e+01 2.553965e+01
      vertex   -3.752994e+00 -3.425000e+01 1.538290e+01
      vertex   -3.739629e+00 -3.425000e+01 1.532174e+01
    endloop
  endfacet
  facet normal 0.000000e+00 -1.000000e+00 0.000000e+00
    outer loop
      vertex   -5.729490e-01 -3.425000e+01 9.866443e-01
      vertex   -3.269804e-01 -3.425000e+01 1.388029e+00
      vertex   1.224647e-15 -3.425000e+01 2.750000e+00
    endloop
  endfacet
  facet normal 0.000000e+00 -1.000000e+00 0.000000e+00
    outer loop
      vertex   1.224647e-15 -3.425000e+01 2.750000e+00
      vertex   -3.269804e-01 -3.425000e+01 1.388029e+00
      vertex   -1.468305e-01 -3.425000e+01 1.822949e+00
    endloop
  endfacet
  facet normal 0.000000e+00 -1.000000e+00 0.000000e+00
    outer loop
      vertex   1.224647e-15 -3.425000e+01 2.750000e+00
      vertex   -1.468305e-01 -3.425000e+01 1.822949e+00
      vertex   -3.693498e-02 -3.425000e+01 2.280697e+00
    endloop
  endfacet
  facet normal 2.323119e-15 -1.000000e+00 -1.875415e-16
    outer loop
      vertex   -1.038849e+00 -3.425000e+01 2.776877e+01
      vertex   1.224647e-15 -3.425000e+01 2.750000e+00
      vertex   -1.000000e+00 -3.425000e+01 2.825000e+01
    endloop
  endfacet
  facet normal -1.421085e-16 -1.000000e+00 -2.842171e-16
    outer loop
      vertex   -1.000000e+00 -3.425000e+01 2.825000e+01
      vertex   1.224647e-15 -3.425000e+01 2.750000e+00
      vertex   1.224647e-15 -3.425000e+01 5.275000e+01
    endloop
  endfacet
  facet normal -2.386098e-15 -1.000000e+00 -1.926257e-16
    outer loop
      vertex   -1.000000e+00 -3.425000e+01 2.825000e+01
      vertex   1.224647e-15 -3.425000e+01 5.275000e+01
      vertex   -1.038849e+00 -3.425000e+01 2.873123e+01
    endloop
  endfacet
  facet normal -1.021050e-15 -1.000000e+00 -2.516662e-16
    outer loop
      vertex   -1.038849e+00 -3.425000e+01 2.873123e+01
      vertex   1.224647e-15 -3.425000e+01 5.275000e+01
      vertex   -1.154391e+00 -3.425000e+01 2.920000e+01
    endloop
  endfacet
  facet normal -1.606064e-15 -1.000000e+00 -2.229895e-16
    outer loop
      vertex   -1.154391e+00 -3.425000e+01 2.920000e+01
      vertex   1.224647e-15 -3.425000e+01 5.275000e+01
      vertex   -2.688466e+00 -3.425000e+01 4.024906e+01
    endloop
  endfacet
  facet normal 0.000000e+00 -1.000000e+00 0.000000e+00
    outer loop
      vertex   -1.154391e+00 -3.425000e+01 2.920000e+01
      vertex   -2.688466e+00 -3.425000e+01 4.024906e+01
      vertex   -1.343632e+00 -3.425000e+01 2.964417e+01
    endloop
  endfacet
  facet normal 0.000000e+00 -1.000000e+00 0.000000e+00
    outer loop
      vertex   -1.343632e+00 -3.425000e+01 2.964417e+01
      vertex   -2.688466e+00 -3.425000e+01 4.024906e+01
      vertex   -1.601672e+00 -3.425000e+01 3.005223e+01
    endloop
  endfacet
  facet normal 0.000000e+00 -1.000000e+00 0.000000e+00
    outer loop
      vertex   -1.601672e+00 -3.425000e+01 3.005223e+01
      vertex   -2.688466e+00 -3.425000e+01 4.024906e+01
      vertex   -1.921827e+00 -3.425000e+01 3.041361e+01
    endloop
  endfacet
  facet normal 0.000000e+00 -1.000000e+00 0.000000e+00
    outer loop
      vertex   -1.921827e+00 -3.425000e+01 3.041361e+01
      vertex   -2.688466e+00 -3.425000e+01 4.024906e+01
      vertex   -2.295806e+00 -3.425000e+01 3.071895e+01
    endloop
  endfacet
  facet normal 0.000000e+00 -1.000000e+00 0.000000e+00
    outer loop
      vertex   -2.295806e+00 -3.425000e+01 3.071895e+01
      vertex   -2.688466e+00 -3.425000e+01 4.024906e+01
      vertex   -2.713922e+00 -3.425000e+01 3.096035e+01
    endloop
  endfacet
  facet normal 0.000000e+00 -1.000000e+00 0.000000e+00
    outer loop
      vertex   -2.713922e+00 -3.425000e+01 3.096035e+01
      vertex   -2.688466e+00 -3.425000e+01 4.024906e+01
      vertex   -3.165348e+00 -3.425000e+01 3.113155e+01
    endloop
  endfacet
  facet normal 0.000000e+00 -1.000000e+00 0.000000e+00
    outer loop
      vertex   -3.165348e+00 -3.425000e+01 3.113155e+01
      vertex   -2.688466e+00 -3.425000e+01 4.024906e+01
      vertex   -4.472943e+00 -3.425000e+01 3.614349e+01
    endloop
  endfacet
  facet normal 0.000000e+00 -1.000000e+00 0.000000e+00
    outer loop
      vertex   -3.165348e+00 -3.425000e+01 3.113155e+01
      vertex   -4.472943e+00 -3.425000e+01 3.614349e+01
      vertex   -3.638390e+00 -3.425000e+01 3.122813e+01
    endloop
  endfacet
  facet normal 0.000000e+00 -1.000000e+00 0.000000e+00
    outer loop
      vertex   -3.638390e+00 -3.425000e+01 3.122813e+01
      vertex   -4.472943e+00 -3.425000e+01 3.614349e+01
      vertex   -4.120798e+00 -3.425000e+01 3.124757e+01
    endloop
  endfacet
  facet normal -0.000000e+00 -1.000000e+00 0.000000e+00
    outer loop
      vertex   -4.120798e+00 -3.425000e+01 3.124757e+01
      vertex   -4.472943e+00 -3.425000e+01 3.614349e+01
      vertex   -4.600077e+00 -3.425000e+01 3.118937e+01
    endloop
  endfacet
  facet normal -0.000000e+00 -1.000000e+00 0.000000e+00
    outer loop
      vertex   -4.600077e+00 -3.425000e+01 3.118937e+01
      vertex   -4.472943e+00 -3.425000e+01 3.614349e+01
      vertex   -5.063815e+00 -3.425000e+01 3.105505e+01
    endloop
  endfacet
  facet normal 0.000000e+00 -1.000000e+00 0.000000e+00
    outer loop
      vertex   -5.063815e+00 -3.425000e+01 3.105505e+01
      vertex   -4.472943e+00 -3.425000e+01 3.614349e+01
      vertex   -6.015782e+00 -3.425000e+01 3.615107e+01
    endloop
  endfacet
  facet normal -0.000000e+00 -1.000000e+00 0.000000e+00
    outer loop
      vertex   -5.063815e+00 -3.425000e+01 3.105505e+01
      vertex   -6.015782e+00 -3.425000e+01 3.615107e+01
      vertex   -5.500000e+00 -3.425000e+01 3.084808e+01
    endloop
  endfacet
  facet normal -0.000000e+00 -1.000000e+00 0.000000e+00
    outer loop
      vertex   -5.500000e+00 -3.425000e+01 3.084808e+01
      vertex   -6.015782e+00 -3.425000e+01 3.615107e+01
      vertex   -5.897336e+00 -3.425000e+01 3.057381e+01
    endloop
  endfacet
  facet normal -0.000000e+00 -1.000000e+00 0.000000e+00
    outer loop
      vertex   -5.897336e+00 -3.425000e+01 3.057381e+01
      vertex   -6.015782e+00 -3.425000e+01 3.615107e+01
      vertex   -6.245532e+00 -3.425000e+01 3.023937e+01
    endloop
  endfacet
  facet normal 0.000000e+00 -1.000000e+00 0.000000e+00
    outer loop
      vertex   -6.245532e+00 -3.425000e+01 3.023937e+01
      vertex   -6.015782e+00 -3.425000e+01 3.615107e+01
      vertex   -7.301480e+00 -3.425000e+01 3.615738e+01
    endloop
  endfacet
  facet normal -0.000000e+00 -1.000000e+00 0.000000e+00
    outer loop
      vertex   -6.245532e+00 -3.425000e+01 3.023937e+01
      vertex   -7.301480e+00 -3.425000e+01 3.615738e+01
      vertex   -6.535570e+00 -3.425000e+01 2.985340e+01
    endloop
  endfacet
  facet normal -0.000000e+00 -1.000000e+00 0.000000e+00
    outer loop
      vertex   -6.535570e+00 -3.425000e+01 2.985340e+01
      vertex   -7.301480e+00 -3.425000e+01 3.615738e+01
      vertex   -6.759938e+00 -3.425000e+01 2.942590e+01
    endloop
  endfacet
  facet normal -0.000000e+00 -1.000000e+00 0.000000e+00
    outer loop
      vertex   -6.759938e+00 -3.425000e+01 2.942590e+01
      vertex   -7.301480e+00 -3.425000e+01 3.615738e+01
      vertex   -6.912825e+00 -3.425000e+01 2.896795e+01
    endloop
  endfacet
  facet normal -0.000000e+00 -1.000000e+00 0.000000e+00
    outer loop
      vertex   -6.912825e+00 -3.425000e+01 2.896795e+01
      vertex   -7.301480e+00 -3.425000e+01 3.615738e+01
      vertex   -6.990272e+00 -3.425000e+01 2.849140e+01
    endloop
  endfacet
  facet normal 0.000000e+00 -1.000000e+00 0.000000e+00
    outer loop
      vertex   -6.990272e+00 -3.425000e+01 2.849140e+01
      vertex   -7.301480e+00 -3.425000e+01 3.615738e+01
      vertex   -1.131572e+01 -3.425000e+01 3.617711e+01
    endloop
  endfacet
  facet normal -0.000000e+00 -1.000000e+00 -0.000000e+00
    outer loop
      vertex   -6.990272e+00 -3.425000e+01 2.849140e+01
      vertex   -1.131572e+01 -3.425000e+01 3.617711e+01
      vertex   -6.990272e+00 -3.425000e+01 2.800860e+01
    endloop
  endfacet
  facet normal -0.000000e+00 -1.000000e+00 -0.000000e+00
    outer loop
      vertex   -3.842944e-02 -3.425000e+01 5.314018e+01
      vertex   -1.522409e-01 -3.425000e+01 5.351537e+01
      vertex   1.224647e-15 -3.425000e+01 5.275000e+01
    endloop
  endfacet
  facet normal 0.000000e+00 -1.000000e+00 0.000000e+00
    outer loop
      vertex   1.224647e-15 -3.425000e+01 5.275000e+01
      vertex   -1.522409e-01 -3.425000e+01 5.351537e+01
      vertex   -3.370608e-01 -3.425000e+01 5.386114e+01
    endloop
  endfacet
  facet normal 0.000000e+00 -1.000000e+00 0.000000e+00
    outer loop
      vertex   1.224647e-15 -3.425000e+01 5.275000e+01
      vertex   -3.370608e-01 -3.425000e+01 5.386114e+01
      vertex   -5.857864e-01 -3.425000e+01 5.416421e+01
    endloop
  endfacet
  facet normal -0.000000e+00 -1.000000e+00 -0.000000e+00
    outer loop
      vertex   -5.857864e-01 -3.425000e+01 5.416421e+01
      vertex   -8.888595e-01 -3.425000e+01 5.441294e+01
      vertex   1.224647e-15 -3.425000e+01 5.275000e+01
    endloop
  endfacet
  facet normal -7.990279e-16 -1.000000e+00 -4.270893e-16
    outer loop
      vertex   1.224647e-15 -3.425000e+01 5.275000e+01
      vertex   -8.888595e-01 -3.425000e+01 5.441294e+01
      vertex   -2.684114e+00 -3.425000e+01 4.113476e+01
    endloop
  endfacet
  facet normal -2.704718e-15 -1.000000e+00 1.328824e-17
    outer loop
      vertex   1.224647e-15 -3.425000e+01 5.275000e+01
      vertex   -2.684114e+00 -3.425000e+01 4.113476e+01
      vertex   -2.688466e+00 -3.425000e+01 4.024906e+01
    endloop
  endfacet
  facet normal -2.667505e-16 -1.000000e+00 -4.990550e-16
    outer loop
      vertex   -8.888595e-01 -3.425000e+01 5.441294e+01
      vertex   -1.234633e+00 -3.425000e+01 5.459776e+01
      vertex   -2.684114e+00 -3.425000e+01 4.113476e+01
    endloop
  endfacet
  facet normal -1.550352e-16 -1.000000e+00 -5.110827e-16
    outer loop
      vertex   -2.684114e+00 -3.425000e+01 4.113476e+01
      vertex   -1.234633e+00 -3.425000e+01 5.459776e+01
      vertex   -1.609819e+00 -3.425000e+01 5.471157e+01
    endloop
  endfacet
  facet normal -5.114689e-17 -1.000000e+00 -5.193031e-16
    outer loop
      vertex   -2.684114e+00 -3.425000e+01 4.113476e+01
      vertex   -1.609819e+00 -3.425000e+01 5.471157e+01
      vertex   -2.000000e+00 -3.425000e+01 5.475000e+01
    endloop
  endfacet
  facet normal 0.000000e+00 -1.000000e+00 0.000000e+00
    outer loop
      vertex   -1.200000e+01 -3.425000e+01 5.475000e+01
      vertex   -7.338390e+00 -3.425000e+01 5.247813e+01
      vertex   -2.000000e+00 -3.425000e+01 5.475000e+01
    endloop
  endfacet
  facet normal 0.000000e+00 -1.000000e+00 0.000000e+00
    outer loop
      vertex   -2.000000e+00 -3.425000e+01 5.475000e+01
      vertex   -7.338390e+00 -3.425000e+01 5.247813e+01
      vertex   -6.865348e+00 -3.425000e+01 5.238155e+01
    endloop
  endfacet
  facet normal 0.000000e+00 -1.000000e+00 0.000000e+00
    outer loop
      vertex   -2.000000e+00 -3.425000e+01 5.475000e+01
      vertex   -6.865348e+00 -3.425000e+01 5.238155e+01
      vertex   -6.413922e+00 -3.425000e+01 5.221035e+01
    endloop
  endfacet
  facet normal 0.000000e+00 -1.000000e+00 0.000000e+00
    outer loop
      vertex   -1.239018e+01 -3.425000e+01 5.471157e+01
      vertex   -1.069027e+01 -3.425000e+01 4.925860e+01
      vertex   -1.200000e+01 -3.425000e+01 5.475000e+01
    endloop
  endfacet
  facet normal 0.000000e+00 -1.000000e+00 0.000000e+00
    outer loop
      vertex   -1.200000e+01 -3.425000e+01 5.475000e+01
      vertex   -1.069027e+01 -3.425000e+01 4.925860e+01
      vertex   -1.069027e+01 -3.425000e+01 4.974140e+01
    endloop
  endfacet
  facet normal 0.000000e+00 -1.000000e+00 0.000000e+00
    outer loop
      vertex   -1.200000e+01 -3.425000e+01 5.475000e+01
      vertex   -1.069027e+01 -3.425000e+01 4.974140e+01
      vertex   -1.061283e+01 -3.425000e+01 5.021795e+01
    endloop
  endfacet
  facet normal 0.000000e+00 -1.000000e+00 -0.000000e+00
    outer loop
      vertex   -1.239018e+01 -3.425000e+01 5.471157e+01
      vertex   -1.276537e+01 -3.425000e+01 5.459776e+01
      vertex   -1.069027e+01 -3.425000e+01 4.925860e+01
    endloop
  endfacet
  facet normal -1.898921e-15 -1.000000e+00 -7.380265e-16
    outer loop
      vertex   -1.069027e+01 -3.425000e+01 4.925860e+01
      vertex   -1.276537e+01 -3.425000e+01 5.459776e+01
      vertex   -1.129115e+01 -3.425000e+01 4.117705e+01
    endloop
  endfacet
  facet normal -3.711837e-15 -1.000000e+00 -6.032322e-16
    outer loop
      vertex   -1.069027e+01 -3.425000e+01 4.925860e+01
      vertex   -1.129115e+01 -3.425000e+01 4.117705e+01
      vertex   -1.061283e+01 -3.425000e+01 4.878205e+01
    endloop
  endfacet
  facet normal -2.208539e-15 -1.000000e+00 -7.373187e-16
    outer loop
      vertex   -1.061283e+01 -3.425000e+01 4.878205e+01
      vertex   -1.129115e+01 -3.425000e+01 4.117705e+01
      vertex   -1.045994e+01 -3.425000e+01 4.832410e+01
    endloop
  endfacet
  facet normal -1.550632e-15 -1.000000e+00 -8.138344e-16
    outer loop
      vertex   -1.045994e+01 -3.425000e+01 4.832410e+01
      vertex   -1.129115e+01 -3.425000e+01 4.117705e+01
      vertex   -1.023557e+01 -3.425000e+01 4.789660e+01
    endloop
  endfacet
  facet normal -1.163870e-15 -1.000000e+00 -8.745913e-16
    outer loop
      vertex   -1.023557e+01 -3.425000e+01 4.789660e+01
      vertex   -1.129115e+01 -3.425000e+01 4.117705e+01
      vertex   -9.945532e+00 -3.425000e+01 4.751063e+01
    endloop
  endfacet
  facet normal -8.949371e-16 -1.000000e+00 -9.317282e-16
    outer loop
      vertex   -9.945532e+00 -3.425000e+01 4.751063e+01
      vertex   -1.129115e+01 -3.425000e+01 4.117705e+01
      vertex   -9.597336e+00 -3.425000e+01 4.717619e+01
    endloop
  endfacet
  facet normal -6.841963e-16 -1.000000e+00 -9.912295e-16
    outer loop
      vertex   -9.597336e+00 -3.425000e+01 4.717619e+01
      vertex   -1.129115e+01 -3.425000e+01 4.117705e+01
      vertex   -9.200000e+00 -3.425000e+01 4.690192e+01
    endloop
  endfacet
  facet normal -6.086824e-18 -1.000000e+00 -1.238926e-15
    outer loop
      vertex   -9.200000e+00 -3.425000e+01 4.690192e+01
      vertex   -1.129115e+01 -3.425000e+01 4.117705e+01
      vertex   -7.369772e+00 -3.425000e+01 4.115778e+01
    endloop
  endfacet
  facet normal -6.915056e-16 -1.000000e+00 -1.457317e-15
    outer loop
      vertex   -9.200000e+00 -3.425000e+01 4.690192e+01
      vertex   -7.369772e+00 -3.425000e+01 4.115778e+01
      vertex   -8.763815e+00 -3.425000e+01 4.669495e+01
    endloop
  endfacet
  facet normal -4.009271e-16 -1.000000e+00 -1.384161e-15
    outer loop
      vertex   -8.763815e+00 -3.425000e+01 4.669495e+01
      vertex   -7.369772e+00 -3.425000e+01 4.115778e+01
      vertex   -8.300077e+00 -3.425000e+01 4.656063e+01
    endloop
  endfacet
  facet normal -1.630951e-16 -1.000000e+00 -1.343209e-15
    outer loop
      vertex   -8.300077e+00 -3.425000e+01 4.656063e+01
      vertex   -7.369772e+00 -3.425000e+01 4.115778e+01
      vertex   -7.820798e+00 -3.425000e+01 4.650243e+01
    endloop
  endfacet
  facet normal 5.339326e-17 -1.000000e+00 -1.324940e-15
    outer loop
      vertex   -7.820798e+00 -3.425000e+01 4.650243e+01
      vertex   -7.369772e+00 -3.425000e+01 4.115778e+01
      vertex   -7.338390e+00 -3.425000e+01 4.652187e+01
    endloop
  endfacet
  facet normal -6.507690e-18 -1.000000e+00 -1.324590e-15
    outer loop
      vertex   -7.338390e+00 -3.425000e+01 4.652187e+01
      vertex   -7.369772e+00 -3.425000e+01 4.115778e+01
      vertex   -6.826922e+00 -3.425000e+01 4.115511e+01
    endloop
  endfacet
  facet normal 2.651318e-16 -1.000000e+00 -1.298702e-15
    outer loop
      vertex   -7.338390e+00 -3.425000e+01 4.652187e+01
      vertex   -6.826922e+00 -3.425000e+01 4.115511e+01
      vertex   -6.865348e+00 -3.425000e+01 4.661845e+01
    endloop
  endfacet
  facet normal 4.919276e-16 -1.000000e+00 -1.297106e-15
    outer loop
      vertex   -6.865348e+00 -3.425000e+01 4.661845e+01
      vertex   -6.826922e+00 -3.425000e+01 4.115511e+01
      vertex   -6.413922e+00 -3.425000e+01 4.678965e+01
    endloop
  endfacet
  facet normal 7.602393e-16 -1.000000e+00 -1.316773e-15
    outer loop
      vertex   -6.413922e+00 -3.425000e+01 4.678965e+01
      vertex   -6.826922e+00 -3.425000e+01 4.115511e+01
      vertex   -5.995806e+00 -3.425000e+01 4.703105e+01
    endloop
  endfacet
  facet normal 1.116223e-15 -1.000000e+00 -1.367125e-15
    outer loop
      vertex   -5.995806e+00 -3.425000e+01 4.703105e+01
      vertex   -6.826922e+00 -3.425000e+01 4.115511e+01
      vertex   -5.621827e+00 -3.425000e+01 4.733639e+01
    endloop
  endfacet
  facet normal 1.663629e-15 -1.000000e+00 -1.473846e-15
    outer loop
      vertex   -5.621827e+00 -3.425000e+01 4.733639e+01
      vertex   -6.826922e+00 -3.425000e+01 4.115511e+01
      vertex   -5.301672e+00 -3.425000e+01 4.769777e+01
    endloop
  endfacet
  facet normal -5.329472e-18 -1.000000e+00 -1.084773e-15
    outer loop
      vertex   -5.301672e+00 -3.425000e+01 4.769777e+01
      vertex   -6.826922e+00 -3.425000e+01 4.115511e+01
      vertex   -2.684114e+00 -3.425000e+01 4.113476e+01
    endloop
  endfacet
  facet normal 1.049894e-15 -1.000000e+00 -6.639128e-16
    outer loop
      vertex   -5.301672e+00 -3.425000e+01 4.769777e+01
      vertex   -2.684114e+00 -3.425000e+01 4.113476e+01
      vertex   -5.043632e+00 -3.425000e+01 4.810583e+01
    endloop
  endfacet
  facet normal 1.333198e-15 -1.000000e+00 -5.680224e-16
    outer loop
      vertex   -5.043632e+00 -3.425000e+01 4.810583e+01
      vertex   -2.684114e+00 -3.425000e+01 4.113476e+01
      vertex   -4.854391e+00 -3.425000e+01 4.855000e+01
    endloop
  endfacet
  facet normal 1.777260e-15 -1.000000e+00 -4.380552e-16
    outer loop
      vertex   -4.854391e+00 -3.425000e+01 4.855000e+01
      vertex   -2.684114e+00 -3.425000e+01 4.113476e+01
      vertex   -4.738849e+00 -3.425000e+01 4.901877e+01
    endloop
  endfacet
  facet normal 2.640247e-15 -1.000000e+00 -2.131428e-16
    outer loop
      vertex   -4.738849e+00 -3.425000e+01 4.901877e+01
      vertex   -2.684114e+00 -3.425000e+01 4.113476e+01
      vertex   -4.700000e+00 -3.425000e+01 4.950000e+01
    endloop
  endfacet
  facet normal 1.124631e-15 -1.000000e+00 -5.783815e-16
    outer loop
      vertex   -4.700000e+00 -3.425000e+01 4.950000e+01
      vertex   -2.684114e+00 -3.425000e+01 4.113476e+01
      vertex   -2.000000e+00 -3.425000e+01 5.475000e+01
    endloop
  endfacet
  facet normal 0.000000e+00 -1.000000e+00 0.000000e+00
    outer loop
      vertex   -4.700000e+00 -3.425000e+01 4.950000e+01
      vertex   -2.000000e+00 -3.425000e+01 5.475000e+01
      vertex   -4.738849e+00 -3.425000e+01 4.998123e+01
    endloop
  endfacet
  facet normal 0.000000e+00 -1.000000e+00 0.000000e+00
    outer loop
      vertex   -4.738849e+00 -3.425000e+01 4.998123e+01
      vertex   -2.000000e+00 -3.425000e+01 5.475000e+01
      vertex   -4.854391e+00 -3.425000e+01 5.045000e+01
    endloop
  endfacet
  facet normal 0.000000e+00 -1.000000e+00 0.000000e+00
    outer loop
      vertex   -4.854391e+00 -3.425000e+01 5.045000e+01
      vertex   -2.000000e+00 -3.425000e+01 5.475000e+01
      vertex   -5.043632e+00 -3.425000e+01 5.089417e+01
    endloop
  endfacet
  facet normal 0.000000e+00 -1.000000e+00 0.000000e+00
    outer loop
      vertex   -5.043632e+00 -3.425000e+01 5.089417e+01
      vertex   -2.000000e+00 -3.425000e+01 5.475000e+01
      vertex   -5.301672e+00 -3.425000e+01 5.130223e+01
    endloop
  endfacet
  facet normal 0.000000e+00 -1.000000e+00 0.000000e+00
    outer loop
      vertex   -5.301672e+00 -3.425000e+01 5.130223e+01
      vertex   -2.000000e+00 -3.425000e+01 5.475000e+01
      vertex   -5.621827e+00 -3.425000e+01 5.166361e+01
    endloop
  endfacet
  facet normal 0.000000e+00 -1.000000e+00 0.000000e+00
    outer loop
      vertex   -5.621827e+00 -3.425000e+01 5.166361e+01
      vertex   -2.000000e+00 -3.425000e+01 5.475000e+01
      vertex   -5.995806e+00 -3.425000e+01 5.196895e+01
    endloop
  endfacet
  facet normal 0.000000e+00 -1.000000e+00 0.000000e+00
    outer loop
      vertex   -5.995806e+00 -3.425000e+01 5.196895e+01
      vertex   -2.000000e+00 -3.425000e+01 5.475000e+01
      vertex   -6.413922e+00 -3.425000e+01 5.221035e+01
    endloop
  endfacet
  facet normal 2.672961e-16 -1.000000e+00 -5.000759e-16
    outer loop
      vertex   -1.276537e+01 -3.425000e+01 5.459776e+01
      vertex   -1.311114e+01 -3.425000e+01 5.441294e+01
      vertex   -1.129115e+01 -3.425000e+01 4.117705e+01
    endloop
  endfacet
  facet normal 7.988365e-16 -1.000000e+00 -4.269870e-16
    outer loop
      vertex   -1.129115e+01 -3.425000e+01 4.117705e+01
      vertex   -1.311114e+01 -3.425000e+01 5.441294e+01
      vertex   -1.400000e+01 -3.425000e+01 5.275000e+01
    endloop
  endfacet
  facet normal 2.569120e-15 -1.000000e+00 -1.262205e-17
    outer loop
      vertex   -1.129115e+01 -3.425000e+01 4.117705e+01
      vertex   -1.400000e+01 -3.425000e+01 5.275000e+01
      vertex   -1.131572e+01 -3.425000e+01 3.617711e+01
    endloop
  endfacet
  facet normal 0.000000e+00 -1.000000e+00 0.000000e+00
    outer loop
      vertex   -1.311114e+01 -3.425000e+01 5.441294e+01
      vertex   -1.341421e+01 -3.425000e+01 5.416421e+01
      vertex   -1.400000e+01 -3.425000e+01 5.275000e+01
    endloop
  endfacet
  facet normal 0.000000e+00 -1.000000e+00 0.000000e+00
    outer loop
      vertex   -1.400000e+01 -3.425000e+01 5.275000e+01
      vertex   -1.341421e+01 -3.425000e+01 5.416421e+01
      vertex   -1.366294e+01 -3.425000e+01 5.386114e+01
    endloop
  endfacet
  facet normal 0.000000e+00 -1.000000e+00 0.000000e+00
    outer loop
      vertex   -1.400000e+01 -3.425000e+01 5.275000e+01
      vertex   -1.366294e+01 -3.425000e+01 5.386114e+01
      vertex   -1.384776e+01 -3.425000e+01 5.351537e+01
    endloop
  endfacet
  facet normal 0.000000e+00 -1.000000e+00 0.000000e+00
    outer loop
      vertex   -1.384776e+01 -3.425000e+01 5.351537e+01
      vertex   -1.396157e+01 -3.425000e+01 5.314018e+01
      vertex   -1.400000e+01 -3.425000e+01 5.275000e+01
    endloop
  endfacet
  facet normal 0.000000e+00 -1.000000e+00 0.000000e+00
    outer loop
      vertex   -9.506950e+00 -3.425000e+01 -2.500001e-01
      vertex   -3.000000e+00 -3.425000e+01 -2.500001e-01
      vertex   -6.724252e+00 -3.425000e+01 1.007526e+01
    endloop
  endfacet
  facet normal 0.000000e+00 -1.000000e+00 0.000000e+00
    outer loop
      vertex   -1.061283e+01 -3.425000e+01 5.021795e+01
      vertex   -1.045994e+01 -3.425000e+01 5.067590e+01
      vertex   -1.200000e+01 -3.425000e+01 5.475000e+01
    endloop
  endfacet
  facet normal 0.000000e+00 -1.000000e+00 0.000000e+00
    outer loop
      vertex   -1.200000e+01 -3.425000e+01 5.475000e+01
      vertex   -1.045994e+01 -3.425000e+01 5.067590e+01
      vertex   -1.023557e+01 -3.425000e+01 5.110340e+01
    endloop
  endfacet
  facet normal 0.000000e+00 -1.000000e+00 0.000000e+00
    outer loop
      vertex   -1.200000e+01 -3.425000e+01 5.475000e+01
      vertex   -1.023557e+01 -3.425000e+01 5.110340e+01
      vertex   -9.945532e+00 -3.425000e+01 5.148937e+01
    endloop
  endfacet
  facet normal 0.000000e+00 -1.000000e+00 0.000000e+00
    outer loop
      vertex   -9.945532e+00 -3.425000e+01 5.148937e+01
      vertex   -9.597336e+00 -3.425000e+01 5.182381e+01
      vertex   -1.200000e+01 -3.425000e+01 5.475000e+01
    endloop
  endfacet
  facet normal 0.000000e+00 -1.000000e+00 0.000000e+00
    outer loop
      vertex   -1.200000e+01 -3.425000e+01 5.475000e+01
      vertex   -9.597336e+00 -3.425000e+01 5.182381e+01
      vertex   -9.200000e+00 -3.425000e+01 5.209808e+01
    endloop
  endfacet
  facet normal 0.000000e+00 -1.000000e+00 0.000000e+00
    outer loop
      vertex   -1.200000e+01 -3.425000e+01 5.475000e+01
      vertex   -9.200000e+00 -3.425000e+01 5.209808e+01
      vertex   -8.763815e+00 -3.425000e+01 5.230505e+01
    endloop
  endfacet
  facet normal 0.000000e+00 -1.000000e+00 0.000000e+00
    outer loop
      vertex   -8.763815e+00 -3.425000e+01 5.230505e+01
      vertex   -8.300077e+00 -3.425000e+01 5.243937e+01
      vertex   -1.200000e+01 -3.425000e+01 5.475000e+01
    endloop
  endfacet
  facet normal 0.000000e+00 -1.000000e+00 0.000000e+00
    outer loop
      vertex   -1.200000e+01 -3.425000e+01 5.475000e+01
      vertex   -8.300077e+00 -3.425000e+01 5.243937e+01
      vertex   -7.820798e+00 -3.425000e+01 5.249757e+01
    endloop
  endfacet
  facet normal 0.000000e+00 -1.000000e+00 0.000000e+00
    outer loop
      vertex   -1.200000e+01 -3.425000e+01 5.475000e+01
      vertex   -7.820798e+00 -3.425000e+01 5.249757e+01
      vertex   -7.338390e+00 -3.425000e+01 5.247813e+01
    endloop
  endfacet
  facet normal -0.000000e+00 -1.000000e+00 -0.000000e+00
    outer loop
      vertex   -4.120798e+00 -3.425000e+01 2.525243e+01
      vertex   -4.600077e+00 -3.425000e+01 2.531063e+01
      vertex   -3.993628e+00 -3.425000e+01 1.571097e+01
    endloop
  endfacet
  facet normal 0.000000e+00 -1.000000e+00 0.000000e+00
    outer loop
      vertex   -3.993628e+00 -3.425000e+01 1.571097e+01
      vertex   -4.600077e+00 -3.425000e+01 2.531063e+01
      vertex   -5.063815e+00 -3.425000e+01 2.544495e+01
    endloop
  endfacet
  facet normal 0.000000e+00 -1.000000e+00 -0.000000e+00
    outer loop
      vertex   -9.905874e+00 -3.425000e+01 3.817735e+01
      vertex   -9.910366e+00 -3.425000e+01 3.726307e+01
      vertex   -7.684472e+00 -3.425000e+01 3.816643e+01
    endloop
  endfacet
  facet normal 0.000000e+00 -1.000000e+00 -0.000000e+00
    outer loop
      vertex   -7.684472e+00 -3.425000e+01 3.816643e+01
      vertex   -9.910366e+00 -3.425000e+01 3.726307e+01
      vertex   -7.296111e+00 -3.425000e+01 3.725023e+01
    endloop
  endfacet
  facet normal 0.000000e+00 -1.000000e+00 0.000000e+00
    outer loop
      vertex   -7.684472e+00 -3.425000e+01 3.816643e+01
      vertex   -7.296111e+00 -3.425000e+01 3.725023e+01
      vertex   -7.679278e+00 -3.425000e+01 3.922356e+01
    endloop
  endfacet
  facet normal 0.000000e+00 -1.000000e+00 0.000000e+00
    outer loop
      vertex   -7.679278e+00 -3.425000e+01 3.922356e+01
      vertex   -7.296111e+00 -3.425000e+01 3.725023e+01
      vertex   -7.375141e+00 -3.425000e+01 4.006494e+01
    endloop
  endfacet
  facet normal 0.000000e+00 -1.000000e+00 0.000000e+00
    outer loop
      vertex   -7.679278e+00 -3.425000e+01 3.922356e+01
      vertex   -7.375141e+00 -3.425000e+01 4.006494e+01
      vertex   -9.896539e+00 -3.425000e+01 4.007732e+01
    endloop
  endfacet
  facet normal 0.000000e+00 -1.000000e+00 0.000000e+00
    outer loop
      vertex   -7.301480e+00 -3.425000e+01 3.615738e+01
      vertex   -6.015782e+00 -3.425000e+01 3.615107e+01
      vertex   -7.296111e+00 -3.425000e+01 3.725023e+01
    endloop
  endfacet
  facet normal 0.000000e+00 -1.000000e+00 0.000000e+00
    outer loop
      vertex   -7.296111e+00 -3.425000e+01 3.725023e+01
      vertex   -6.015782e+00 -3.425000e+01 3.615107e+01
      vertex   -6.836221e+00 -3.425000e+01 3.926228e+01
    endloop
  endfacet
  facet normal 0.000000e+00 -1.000000e+00 0.000000e+00
    outer loop
      vertex   -7.296111e+00 -3.425000e+01 3.725023e+01
      vertex   -6.836221e+00 -3.425000e+01 3.926228e+01
      vertex   -7.375141e+00 -3.425000e+01 4.006494e+01
    endloop
  endfacet
  facet normal 0.000000e+00 -1.000000e+00 0.000000e+00
    outer loop
      vertex   -7.375141e+00 -3.425000e+01 4.006494e+01
      vertex   -6.836221e+00 -3.425000e+01 3.926228e+01
      vertex   -6.826922e+00 -3.425000e+01 4.115511e+01
    endloop
  endfacet
  facet normal 0.000000e+00 -1.000000e+00 0.000000e+00
    outer loop
      vertex   -7.375141e+00 -3.425000e+01 4.006494e+01
      vertex   -6.826922e+00 -3.425000e+01 4.115511e+01
      vertex   -7.369772e+00 -3.425000e+01 4.115778e+01
    endloop
  endfacet
  facet normal 0.000000e+00 -1.000000e+00 -0.000000e+00
    outer loop
      vertex   -9.896539e+00 -3.425000e+01 4.007732e+01
      vertex   -9.900680e+00 -3.425000e+01 3.923448e+01
      vertex   -7.679278e+00 -3.425000e+01 3.922356e+01
    endloop
  endfacet
  facet normal 0.000000e+00 -1.000000e+00 0.000000e+00
    outer loop
      vertex   -6.836221e+00 -3.425000e+01 3.926228e+01
      vertex   -6.015782e+00 -3.425000e+01 3.615107e+01
      vertex   -5.629093e+00 -3.425000e+01 3.925635e+01
    endloop
  endfacet
  facet normal 0.000000e+00 -1.000000e+00 -0.000000e+00
    outer loop
      vertex   -5.629093e+00 -3.425000e+01 3.925635e+01
      vertex   -6.015782e+00 -3.425000e+01 3.615107e+01
      vertex   -4.311033e+00 -3.425000e+01 4.002131e+01
    endloop
  endfacet
  facet normal 0.000000e+00 -1.000000e+00 0.000000e+00
    outer loop
      vertex   -5.629093e+00 -3.425000e+01 3.925635e+01
      vertex   -4.311033e+00 -3.425000e+01 4.002131e+01
      vertex   -5.625303e+00 -3.425000e+01 4.002777e+01
    endloop
  endfacet
  facet normal 9.999879e-01 0.000000e+00 -4.912926e-03
    outer loop
      vertex   -6.826922e+00 -3.425000e+01 4.115511e+01
      vertex   -6.836221e+00 -3.425000e+01 3.926228e+01
      vertex   -6.826922e+00 -3.395000e+01 4.115511e+01
    endloop
  endfacet
  facet normal 9.999879e-01 0.000000e+00 -4.912926e-03
    outer loop
      vertex   -6.826922e+00 -3.395000e+01 4.115511e+01
      vertex   -6.836221e+00 -3.425000e+01 3.926228e+01
      vertex   -6.836221e+00 -3.395000e+01 3.926228e+01
    endloop
  endfacet
  facet normal 4.912926e-03 -0.000000e+00 9.999879e-01
    outer loop
      vertex   -6.836221e+00 -3.425000e+01 3.926228e+01
      vertex   -5.629093e+00 -3.425000e+01 3.925635e+01
      vertex   -6.836221e+00 -3.395000e+01 3.926228e+01
    endloop
  endfacet
  facet normal 4.912926e-03 0.000000e+00 9.999879e-01
    outer loop
      vertex   -6.836221e+00 -3.395000e+01 3.926228e+01
      vertex   -5.629093e+00 -3.425000e+01 3.925635e+01
      vertex   -5.629093e+00 -3.395000e+01 3.925635e+01
    endloop
  endfacet
  facet normal -9.999879e-01 0.000000e+00 4.912926e-03
    outer loop
      vertex   -5.629093e+00 -3.425000e+01 3.925635e+01
      vertex   -5.625303e+00 -3.425000e+01 4.002777e+01
      vertex   -5.629093e+00 -3.395000e+01 3.925635e+01
    endloop
  endfacet
  facet normal -9.999879e-01 0.000000e+00 4.912926e-03
    outer loop
      vertex   -5.629093e+00 -3.395000e+01 3.925635e+01
      vertex   -5.625303e+00 -3.425000e+01 4.002777e+01
      vertex   -5.625303e+00 -3.395000e+01 4.002777e+01
    endloop
  endfacet
  facet normal 4.912926e-03 -0.000000e+00 9.999879e-01
    outer loop
      vertex   -5.625303e+00 -3.425000e+01 4.002777e+01
      vertex   -4.311033e+00 -3.425000e+01 4.002131e+01
      vertex   -5.625303e+00 -3.395000e+01 4.002777e+01
    endloop
  endfacet
  facet normal 4.912926e-03 0.000000e+00 9.999879e-01
    outer loop
      vertex   -5.625303e+00 -3.395000e+01 4.002777e+01
      vertex   -4.311033e+00 -3.425000e+01 4.002131e+01
      vertex   -4.311033e+00 -3.395000e+01 4.002131e+01
    endloop
  endfacet
  facet normal 9.151544e-01 0.000000e+00 -4.031035e-01
    outer loop
      vertex   -4.311033e+00 -3.425000e+01 4.002131e+01
      vertex   -6.015782e+00 -3.425000e+01 3.615107e+01
      vertex   -4.311033e+00 -3.395000e+01 4.002131e+01
    endloop
  endfacet
  facet normal 9.151544e-01 0.000000e+00 -4.031035e-01
    outer loop
      vertex   -4.311033e+00 -3.395000e+01 4.002131e+01
      vertex   -6.015782e+00 -3.425000e+01 3.615107e+01
      vertex   -6.015782e+00 -3.395000e+01 3.615107e+01
    endloop
  endfacet
  facet normal 4.912926e-03 -0.000000e+00 9.999879e-01
    outer loop
      vertex   -6.015782e+00 -3.425000e+01 3.615107e+01
      vertex   -4.472943e+00 -3.425000e+01 3.614349e+01
      vertex   -6.015782e+00 -3.395000e+01 3.615107e+01
    endloop
  endfacet
  facet normal 4.912926e-03 0.000000e+00 9.999879e-01
    outer loop
      vertex   -6.015782e+00 -3.395000e+01 3.615107e+01
      vertex   -4.472943e+00 -3.425000e+01 3.614349e+01
      vertex   -4.472943e+00 -3.395000e+01 3.614349e+01
    endloop
  endfacet
  facet normal -9.171152e-01 0.000000e+00 3.986224e-01
    outer loop
      vertex   -4.472943e+00 -3.425000e+01 3.614349e+01
      vertex   -2.688466e+00 -3.425000e+01 4.024906e+01
      vertex   -4.472943e+00 -3.395000e+01 3.614349e+01
    endloop
  endfacet
  facet normal -9.171152e-01 0.000000e+00 3.986224e-01
    outer loop
      vertex   -4.472943e+00 -3.395000e+01 3.614349e+01
      vertex   -2.688466e+00 -3.425000e+01 4.024906e+01
      vertex   -2.688466e+00 -3.395000e+01 4.024906e+01
    endloop
  endfacet
  facet normal -9.999879e-01 0.000000e+00 4.912926e-03
    outer loop
      vertex   -2.688466e+00 -3.425000e+01 4.024906e+01
      vertex   -2.684114e+00 -3.425000e+01 4.113476e+01
      vertex   -2.688466e+00 -3.395000e+01 4.024906e+01
    endloop
  endfacet
  facet normal -9.999879e-01 0.000000e+00 4.912926e-03
    outer loop
      vertex   -2.688466e+00 -3.395000e+01 4.024906e+01
      vertex   -2.684114e+00 -3.425000e+01 4.113476e+01
      vertex   -2.684114e+00 -3.395000e+01 4.113476e+01
    endloop
  endfacet
  facet normal -4.912926e-03 0.000000e+00 -9.999879e-01
    outer loop
      vertex   -2.684114e+00 -3.425000e+01 4.113476e+01
      vertex   -6.826922e+00 -3.425000e+01 4.115511e+01
      vertex   -2.684114e+00 -3.395000e+01 4.113476e+01
    endloop
  endfacet
  facet normal -4.912926e-03 0.000000e+00 -9.999879e-01
    outer loop
      vertex   -2.684114e+00 -3.395000e+01 4.113476e+01
      vertex   -6.826922e+00 -3.425000e+01 4.115511e+01
      vertex   -6.826922e+00 -3.395000e+01 4.115511e+01
    endloop
  endfacet
  facet normal -0.000000e+00 -1.000000e+00 0.000000e+00
    outer loop
      vertex   -2.688466e+00 -3.395000e+01 4.024906e+01
      vertex   -2.684114e+00 -3.395000e+01 4.113476e+01
      vertex   -4.311033e+00 -3.395000e+01 4.002131e+01
    endloop
  endfacet
  facet normal 0.000000e+00 -1.000000e+00 0.000000e+00
    outer loop
      vertex   -4.311033e+00 -3.395000e+01 4.002131e+01
      vertex   -2.684114e+00 -3.395000e+01 4.113476e+01
      vertex   -6.826922e+00 -3.395000e+01 4.115511e+01
    endloop
  endfacet
  facet normal 0.000000e+00 -1.000000e+00 0.000000e+00
    outer loop
      vertex   -4.311033e+00 -3.395000e+01 4.002131e+01
      vertex   -6.826922e+00 -3.395000e+01 4.115511e+01
      vertex   -5.625303e+00 -3.395000e+01 4.002777e+01
    endloop
  endfacet
  facet normal -0.000000e+00 -1.000000e+00 0.000000e+00
    outer loop
      vertex   -5.625303e+00 -3.395000e+01 4.002777e+01
      vertex   -6.826922e+00 -3.395000e+01 4.115511e+01
      vertex   -6.836221e+00 -3.395000e+01 3.926228e+01
    endloop
  endfacet
  facet normal 0.000000e+00 -1.000000e+00 0.000000e+00
    outer loop
      vertex   -5.625303e+00 -3.395000e+01 4.002777e+01
      vertex   -6.836221e+00 -3.395000e+01 3.926228e+01
      vertex   -5.629093e+00 -3.395000e+01 3.925635e+01
    endloop
  endfacet
  facet normal 0.000000e+00 -1.000000e+00 0.000000e+00
    outer loop
      vertex   -6.015782e+00 -3.395000e+01 3.615107e+01
      vertex   -4.472943e+00 -3.395000e+01 3.614349e+01
      vertex   -4.311033e+00 -3.395000e+01 4.002131e+01
    endloop
  endfacet
  facet normal 0.000000e+00 -1.000000e+00 -0.000000e+00
    outer loop
      vertex   -4.311033e+00 -3.395000e+01 4.002131e+01
      vertex   -4.472943e+00 -3.395000e+01 3.614349e+01
      vertex   -2.688466e+00 -3.395000e+01 4.024906e+01
    endloop
  endfacet
  facet normal -9.999879e-01 0.000000e+00 4.912926e-03
    outer loop
      vertex   -9.910366e+00 -3.425000e+01 3.726307e+01
      vertex   -9.905874e+00 -3.425000e+01 3.817735e+01
      vertex   -9.910366e+00 -3.395000e+01 3.726307e+01
    endloop
  endfacet
  facet normal -9.999879e-01 0.000000e+00 4.912926e-03
    outer loop
      vertex   -9.910366e+00 -3.395000e+01 3.726307e+01
      vertex   -9.905874e+00 -3.425000e+01 3.817735e+01
      vertex   -9.905874e+00 -3.395000e+01 3.817735e+01
    endloop
  endfacet
  facet normal 4.912926e-03 -0.000000e+00 9.999879e-01
    outer loop
      vertex   -9.905874e+00 -3.425000e+01 3.817735e+01
      vertex   -7.684472e+00 -3.425000e+01 3.816643e+01
      vertex   -9.905874e+00 -3.395000e+01 3.817735e+01
    endloop
  endfacet
  facet normal 4.912926e-03 0.000000e+00 9.999879e-01
    outer loop
      vertex   -9.905874e+00 -3.395000e+01 3.817735e+01
      vertex   -7.684472e+00 -3.425000e+01 3.816643e+01
      vertex   -7.684472e+00 -3.395000e+01 3.816643e+01
    endloop
  endfacet
  facet normal -9.999879e-01 0.000000e+00 4.912926e-03
    outer loop
      vertex   -7.684472e+00 -3.425000e+01 3.816643e+01
      vertex   -7.679278e+00 -3.425000e+01 3.922356e+01
      vertex   -7.684472e+00 -3.395000e+01 3.816643e+01
    endloop
  endfacet
  facet normal -9.999879e-01 0.000000e+00 4.912926e-03
    outer loop
      vertex   -7.684472e+00 -3.395000e+01 3.816643e+01
      vertex   -7.679278e+00 -3.425000e+01 3.922356e+01
      vertex   -7.679278e+00 -3.395000e+01 3.922356e+01
    endloop
  endfacet
  facet normal -4.912926e-03 0.000000e+00 -9.999879e-01
    outer loop
      vertex   -7.679278e+00 -3.425000e+01 3.922356e+01
      vertex   -9.900680e+00 -3.425000e+01 3.923448e+01
      vertex   -7.679278e+00 -3.395000e+01 3.922356e+01
    endloop
  endfacet
  facet normal -4.912926e-03 0.000000e+00 -9.999879e-01
    outer loop
      vertex   -7.679278e+00 -3.395000e+01 3.922356e+01
      vertex   -9.900680e+00 -3.425000e+01 3.923448e+01
      vertex   -9.900680e+00 -3.395000e+01 3.923448e+01
    endloop
  endfacet
  facet normal -9.999879e-01 0.000000e+00 4.912926e-03
    outer loop
      vertex   -9.900680e+00 -3.425000e+01 3.923448e+01
      vertex   -9.896539e+00 -3.425000e+01 4.007732e+01
      vertex   -9.900680e+00 -3.395000e+01 3.923448e+01
    endloop
  endfacet
  facet normal -9.999879e-01 0.000000e+00 4.912926e-03
    outer loop
      vertex   -9.900680e+00 -3.395000e+01 3.923448e+01
      vertex   -9.896539e+00 -3.425000e+01 4.007732e+01
      vertex   -9.896539e+00 -3.395000e+01 4.007732e+01
    endloop
  endfacet
  facet normal 4.912926e-03 -0.000000e+00 9.999879e-01
    outer loop
      vertex   -9.896539e+00 -3.425000e+01 4.007732e+01
      vertex   -7.375141e+00 -3.425000e+01 4.006494e+01
      vertex   -9.896539e+00 -3.395000e+01 4.007732e+01
    endloop
  endfacet
  facet normal 4.912926e-03 0.000000e+00 9.999879e-01
    outer loop
      vertex   -9.896539e+00 -3.395000e+01 4.007732e+01
      vertex   -7.375141e+00 -3.425000e+01 4.006494e+01
      vertex   -7.375141e+00 -3.395000e+01 4.006494e+01
    endloop
  endfacet
  facet normal -9.999879e-01 0.000000e+00 4.912926e-03
    outer loop
      vertex   -7.375141e+00 -3.425000e+01 4.006494e+01
      vertex   -7.369772e+00 -3.425000e+01 4.115778e+01
      vertex   -7.375141e+00 -3.395000e+01 4.006494e+01
    endloop
  endfacet
  facet normal -9.999879e-01 0.000000e+00 4.912926e-03
    outer loop
      vertex   -7.375141e+00 -3.395000e+01 4.006494e+01
      vertex   -7.369772e+00 -3.425000e+01 4.115778e+01
      vertex   -7.369772e+00 -3.395000e+01 4.115778e+01
    endloop
  endfacet
  facet normal -4.912926e-03 0.000000e+00 -9.999879e-01
    outer loop
      vertex   -7.369772e+00 -3.425000e+01 4.115778e+01
      vertex   -1.129115e+01 -3.425000e+01 4.117705e+01
      vertex   -7.369772e+00 -3.395000e+01 4.115778e+01
    endloop
  endfacet
  facet normal -4.912926e-03 0.000000e+00 -9.999879e-01
    outer loop
      vertex   -7.369772e+00 -3.395000e+01 4.115778e+01
      vertex   -1.129115e+01 -3.425000e+01 4.117705e+01
      vertex   -1.129115e+01 -3.395000e+01 4.117705e+01
    endloop
  endfacet
  facet normal 9.999879e-01 0.000000e+00 -4.912926e-03
    outer loop
      vertex   -1.129115e+01 -3.425000e+01 4.117705e+01
      vertex   -1.131572e+01 -3.425000e+01 3.617711e+01
      vertex   -1.129115e+01 -3.395000e+01 4.117705e+01
    endloop
  endfacet
  facet normal 9.999879e-01 0.000000e+00 -4.912926e-03
    outer loop
      vertex   -1.129115e+01 -3.395000e+01 4.117705e+01
      vertex   -1.131572e+01 -3.425000e+01 3.617711e+01
      vertex   -1.131572e+01 -3.395000e+01 3.617711e+01
    endloop
  endfacet
  facet normal 4.912926e-03 -0.000000e+00 9.999879e-01
    outer loop
      vertex   -1.131572e+01 -3.425000e+01 3.617711e+01
      vertex   -7.301480e+00 -3.425000e+01 3.615738e+01
      vertex   -1.131572e+01 -3.395000e+01 3.617711e+01
    endloop
  endfacet
  facet normal 4.912926e-03 0.000000e+00 9.999879e-01
    outer loop
      vertex   -1.131572e+01 -3.395000e+01 3.617711e+01
      vertex   -7.301480e+00 -3.425000e+01 3.615738e+01
      vertex   -7.301480e+00 -3.395000e+01 3.615738e+01
    endloop
  endfacet
  facet normal -9.999879e-01 0.000000e+00 4.912926e-03
    outer loop
      vertex   -7.301480e+00 -3.425000e+01 3.615738e+01
      vertex   -7.296111e+00 -3.425000e+01 3.725023e+01
      vertex   -7.301480e+00 -3.395000e+01 3.615738e+01
    endloop
  endfacet
  facet normal -9.999879e-01 0.000000e+00 4.912926e-03
    outer loop
      vertex   -7.301480e+00 -3.395000e+01 3.615738e+01
      vertex   -7.296111e+00 -3.425000e+01 3.725023e+01
      vertex   -7.296111e+00 -3.395000e+01 3.725023e+01
    endloop
  endfacet
  facet normal -4.912926e-03 0.000000e+00 -9.999879e-01
    outer loop
      vertex   -7.296111e+00 -3.425000e+01 3.725023e+01
      vertex   -9.910366e+00 -3.425000e+01 3.726307e+01
      vertex   -7.296111e+00 -3.395000e+01 3.725023e+01
    endloop
  endfacet
  facet normal -4.912926e-03 0.000000e+00 -9.999879e-01
    outer loop
      vertex   -7.296111e+00 -3.395000e+01 3.725023e+01
      vertex   -9.910366e+00 -3.425000e+01 3.726307e+01
      vertex   -9.910366e+00 -3.395000e+01 3.726307e+01
    endloop
  endfacet
  facet normal -0.000000e+00 -1.000000e+00 0.000000e+00
    outer loop
      vertex   -7.296111e+00 -3.395000e+01 3.725023e+01
      vertex   -9.910366e+00 -3.395000e+01 3.726307e+01
      vertex   -7.301480e+00 -3.395000e+01 3.615738e+01
    endloop
  endfacet
  facet normal 0.000000e+00 -1.000000e+00 0.000000e+00
    outer loop
      vertex   -7.301480e+00 -3.395000e+01 3.615738e+01
      vertex   -9.910366e+00 -3.395000e+01 3.726307e+01
      vertex   -1.131572e+01 -3.395000e+01 3.617711e+01
    endloop
  endfacet
  facet normal 0.000000e+00 -1.000000e+00 0.000000e+00
    outer loop
      vertex   -1.131572e+01 -3.395000e+01 3.617711e+01
      vertex   -9.910366e+00 -3.395000e+01 3.726307e+01
      vertex   -9.905874e+00 -3.395000e+01 3.817735e+01
    endloop
  endfacet
  facet normal 0.000000e+00 -1.000000e+00 0.000000e+00
    outer loop
      vertex   -1.131572e+01 -3.395000e+01 3.617711e+01
      vertex   -9.905874e+00 -3.395000e+01 3.817735e+01
      vertex   -1.129115e+01 -3.395000e+01 4.117705e+01
    endloop
  endfacet
  facet normal 0.000000e+00 -1.000000e+00 0.000000e+00
    outer loop
      vertex   -1.129115e+01 -3.395000e+01 4.117705e+01
      vertex   -9.905874e+00 -3.395000e+01 3.817735e+01
      vertex   -9.900680e+00 -3.395000e+01 3.923448e+01
    endloop
  endfacet
  facet normal 0.000000e+00 -1.000000e+00 0.000000e+00
    outer loop
      vertex   -1.129115e+01 -3.395000e+01 4.117705e+01
      vertex   -9.900680e+00 -3.395000e+01 3.923448e+01
      vertex   -9.896539e+00 -3.395000e+01 4.007732e+01
    endloop
  endfacet
  facet normal 0.000000e+00 -1.000000e+00 0.000000e+00
    outer loop
      vertex   -9.905874e+00 -3.395000e+01 3.817735e+01
      vertex   -7.684472e+00 -3.395000e+01 3.816643e+01
      vertex   -9.900680e+00 -3.395000e+01 3.923448e+01
    endloop
  endfacet
  facet normal 0.000000e+00 -1.000000e+00 0.000000e+00
    outer loop
      vertex   -9.900680e+00 -3.395000e+01 3.923448e+01
      vertex   -7.684472e+00 -3.395000e+01 3.816643e+01
      vertex   -7.679278e+00 -3.395000e+01 3.922356e+01
    endloop
  endfacet
  facet normal 0.000000e+00 -1.000000e+00 0.000000e+00
    outer loop
      vertex   -7.375141e+00 -3.395000e+01 4.006494e+01
      vertex   -7.369772e+00 -3.395000e+01 4.115778e+01
      vertex   -9.896539e+00 -3.395000e+01 4.007732e+01
    endloop
  endfacet
  facet normal 0.000000e+00 -1.000000e+00 0.000000e+00
    outer loop
      vertex   -9.896539e+00 -3.395000e+01 4.007732e+01
      vertex   -7.369772e+00 -3.395000e+01 4.115778e+01
      vertex   -1.129115e+01 -3.395000e+01 4.117705e+01
    endloop
  endfacet
  facet normal 1.000000e+00 0.000000e+00 -4.580093e-16
    outer loop
      vertex   -7.515274e+00 -3.425000e+01 1.337972e+01
      vertex   -7.515274e+00 -3.425000e+01 1.144050e+01
      vertex   -7.515274e+00 -3.415000e+01 1.337972e+01
    endloop
  endfacet
  facet normal 1.000000e+00 0.000000e+00 -4.580093e-16
    outer loop
      vertex   -7.515274e+00 -3.415000e+01 1.337972e+01
      vertex   -7.515274e+00 -3.425000e+01 1.144050e+01
      vertex   -7.515274e+00 -3.415000e+01 1.144050e+01
    endloop
  endfacet
  facet normal -5.027756e-01 0.000000e+00 -8.644170e-01
    outer loop
      vertex   -7.515274e+00 -3.425000e+01 1.144050e+01
      vertex   -9.188284e+00 -3.425000e+01 1.241359e+01
      vertex   -7.515274e+00 -3.415000e+01 1.144050e+01
    endloop
  endfacet
  facet normal -5.027756e-01 0.000000e+00 -8.644170e-01
    outer loop
      vertex   -7.515274e+00 -3.415000e+01 1.144050e+01
      vertex   -9.188284e+00 -3.425000e+01 1.241359e+01
      vertex   -9.188284e+00 -3.415000e+01 1.241359e+01
    endloop
  endfacet
  facet normal -1.000000e+00 0.000000e+00 0.000000e+00
    outer loop
      vertex   -9.188284e+00 -3.425000e+01 1.241359e+01
      vertex   -9.188284e+00 -3.425000e+01 1.434585e+01
      vertex   -9.188284e+00 -3.415000e+01 1.241359e+01
    endloop
  endfacet
  facet normal -1.000000e+00 0.000000e+00 0.000000e+00
    outer loop
      vertex   -9.188284e+00 -3.415000e+01 1.241359e+01
      vertex   -9.188284e+00 -3.425000e+01 1.434585e+01
      vertex   -9.188284e+00 -3.415000e+01 1.434585e+01
    endloop
  endfacet
  facet normal 5.000858e-01 -0.000000e+00 8.659759e-01
    outer loop
      vertex   -9.188284e+00 -3.425000e+01 1.434585e+01
      vertex   -7.515274e+00 -3.425000e+01 1.337972e+01
      vertex   -9.188284e+00 -3.415000e+01 1.434585e+01
    endloop
  endfacet
  facet normal 5.000858e-01 0.000000e+00 8.659759e-01
    outer loop
      vertex   -9.188284e+00 -3.415000e+01 1.434585e+01
      vertex   -7.515274e+00 -3.425000e+01 1.337972e+01
      vertex   -7.515274e+00 -3.415000e+01 1.337972e+01
    endloop
  endfacet
  facet normal 1.000000e+00 -0.000000e+00 0.000000e+00
    outer loop
      vertex   -4.784907e+00 -3.425000e+01 1.434585e+01
      vertex   -4.784907e+00 -3.425000e+01 1.241358e+01
      vertex   -4.784907e+00 -3.415000e+01 1.434585e+01
    endloop
  endfacet
  facet normal 1.000000e+00 0.000000e+00 0.000000e+00
    outer loop
      vertex   -4.784907e+00 -3.415000e+01 1.434585e+01
      vertex   -4.784907e+00 -3.425000e+01 1.241358e+01
      vertex   -4.784907e+00 -3.415000e+01 1.241358e+01
    endloop
  endfacet
  facet normal 5.011619e-01 0.000000e+00 -8.653536e-01
    outer loop
      vertex   -4.784907e+00 -3.425000e+01 1.241358e+01
      vertex   -6.465123e+00 -3.425000e+01 1.144050e+01
      vertex   -4.784907e+00 -3.415000e+01 1.241358e+01
    endloop
  endfacet
  facet normal 5.011619e-01 0.000000e+00 -8.653536e-01
    outer loop
      vertex   -4.784907e+00 -3.415000e+01 1.241358e+01
      vertex   -6.465123e+00 -3.425000e+01 1.144050e+01
      vertex   -6.465123e+00 -3.415000e+01 1.144050e+01
    endloop
  endfacet
  facet normal -1.000000e+00 0.000000e+00 0.000000e+00
    outer loop
      vertex   -6.465123e+00 -3.425000e+01 1.144050e+01
      vertex   -6.465123e+00 -3.425000e+01 1.337972e+01
      vertex   -6.465123e+00 -3.415000e+01 1.144050e+01
    endloop
  endfacet
  facet normal -1.000000e+00 0.000000e+00 0.000000e+00
    outer loop
      vertex   -6.465123e+00 -3.415000e+01 1.144050e+01
      vertex   -6.465123e+00 -3.425000e+01 1.337972e+01
      vertex   -6.465123e+00 -3.415000e+01 1.337972e+01
    endloop
  endfacet
  facet normal -4.984750e-01 0.000000e+00 8.669041e-01
    outer loop
      vertex   -6.465123e+00 -3.425000e+01 1.337972e+01
      vertex   -4.784907e+00 -3.425000e+01 1.434585e+01
      vertex   -6.465123e+00 -3.415000e+01 1.337972e+01
    endloop
  endfacet
  facet normal -4.984750e-01 0.000000e+00 8.669041e-01
    outer loop
      vertex   -6.465123e+00 -3.415000e+01 1.337972e+01
      vertex   -4.784907e+00 -3.425000e+01 1.434585e+01
      vertex   -4.784907e+00 -3.415000e+01 1.434585e+01
    endloop
  endfacet
  facet normal 4.984747e-01 0.000000e+00 -8.669042e-01
    outer loop
      vertex   -5.309983e+00 -3.425000e+01 1.525602e+01
      vertex   -6.990199e+00 -3.425000e+01 1.428988e+01
      vertex   -5.309983e+00 -3.415000e+01 1.525602e+01
    endloop
  endfacet
  facet normal 4.984747e-01 0.000000e+00 -8.669042e-01
    outer loop
      vertex   -5.309983e+00 -3.415000e+01 1.525602e+01
      vertex   -6.990199e+00 -3.425000e+01 1.428988e+01
      vertex   -6.990199e+00 -3.415000e+01 1.428988e+01
    endloop
  endfacet
  facet normal -5.000856e-01 0.000000e+00 -8.659760e-01
    outer loop
      vertex   -6.990199e+00 -3.425000e+01 1.428988e+01
      vertex   -8.663209e+00 -3.425000e+01 1.525602e+01
      vertex   -6.990199e+00 -3.415000e+01 1.428988e+01
    endloop
  endfacet
  facet normal -5.000856e-01 0.000000e+00 -8.659760e-01
    outer loop
      vertex   -6.990199e+00 -3.415000e+01 1.428988e+01
      vertex   -8.663209e+00 -3.425000e+01 1.525602e+01
      vertex   -8.663209e+00 -3.415000e+01 1.525602e+01
    endloop
  endfacet
  facet normal -5.027753e-01 0.000000e+00 8.644171e-01
    outer loop
      vertex   -8.663209e+00 -3.425000e+01 1.525602e+01
      vertex   -6.990199e+00 -3.425000e+01 1.622910e+01
      vertex   -8.663209e+00 -3.415000e+01 1.525602e+01
    endloop
  endfacet
  facet normal -5.027753e-01 0.000000e+00 8.644171e-01
    outer loop
      vertex   -8.663209e+00 -3.415000e+01 1.525602e+01
      vertex   -6.990199e+00 -3.425000e+01 1.622910e+01
      vertex   -6.990199e+00 -3.415000e+01 1.622910e+01
    endloop
  endfacet
  facet normal 5.011616e-01 -0.000000e+00 8.653537e-01
    outer loop
      vertex   -6.990199e+00 -3.425000e+01 1.622910e+01
      vertex   -5.309983e+00 -3.425000e+01 1.525602e+01
      vertex   -6.990199e+00 -3.415000e+01 1.622910e+01
    endloop
  endfacet
  facet normal 5.011616e-01 0.000000e+00 8.653537e-01
    outer loop
      vertex   -6.990199e+00 -3.415000e+01 1.622910e+01
      vertex   -5.309983e+00 -3.425000e+01 1.525602e+01
      vertex   -5.309983e+00 -3.415000e+01 1.525602e+01
    endloop
  endfacet
  facet normal -5.010516e-01 0.000000e+00 -8.654174e-01
    outer loop
      vertex   -1.473368e+00 -3.425000e+01 1.110431e+01
      vertex   -3.734756e+00 -3.425000e+01 1.241358e+01
      vertex   -1.473368e+00 -3.415000e+01 1.110431e+01
    endloop
  endfacet
  facet normal -5.010516e-01 0.000000e+00 -8.654174e-01
    outer loop
      vertex   -1.473368e+00 -3.415000e+01 1.110431e+01
      vertex   -3.734756e+00 -3.425000e+01 1.241358e+01
      vertex   -3.734756e+00 -3.415000e+01 1.241358e+01
    endloop
  endfacet
  facet normal -1.000000e+00 0.000000e+00 -4.687069e-16
    outer loop
      vertex   -3.734756e+00 -3.425000e+01 1.241358e+01
      vertex   -3.734756e+00 -3.425000e+01 1.525602e+01
      vertex   -3.734756e+00 -3.415000e+01 1.241358e+01
    endloop
  endfacet
  facet normal -1.000000e+00 0.000000e+00 -4.687069e-16
    outer loop
      vertex   -3.734756e+00 -3.415000e+01 1.241358e+01
      vertex   -3.734756e+00 -3.425000e+01 1.525602e+01
      vertex   -3.734756e+00 -3.415000e+01 1.525602e+01
    endloop
  endfacet
  facet normal -9.972626e-01 0.000000e+00 -7.394068e-02
    outer loop
      vertex   -3.734756e+00 -3.425000e+01 1.525602e+01
      vertex   -3.739629e+00 -3.425000e+01 1.532174e+01
      vertex   -3.734756e+00 -3.415000e+01 1.525602e+01
    endloop
  endfacet
  facet normal -9.972626e-01 0.000000e+00 -7.394068e-02
    outer loop
      vertex   -3.734756e+00 -3.415000e+01 1.525602e+01
      vertex   -3.739629e+00 -3.425000e+01 1.532174e+01
      vertex   -3.739629e+00 -3.415000e+01 1.532174e+01
    endloop
  endfacet
  facet normal -9.769413e-01 -0.000000e+00 -2.135083e-01
    outer loop
      vertex   -3.739629e+00 -3.415000e+01 1.532174e+01
      vertex   -3.739629e+00 -3.425000e+01 1.532174e+01
      vertex   -3.752994e+00 -3.425000e+01 1.538290e+01
    endloop
  endfacet
  facet normal -9.769413e-01 0.000000e+00 -2.135083e-01
    outer loop
      vertex   -3.739629e+00 -3.415000e+01 1.532174e+01
      vertex   -3.752994e+00 -3.425000e+01 1.538290e+01
      vertex   -3.752994e+00 -3.415000e+01 1.538290e+01
    endloop
  endfacet
  facet normal -9.278435e-01 -0.000000e+00 -3.729698e-01
    outer loop
      vertex   -3.752994e+00 -3.415000e+01 1.538290e+01
      vertex   -3.752994e+00 -3.425000e+01 1.538290e+01
      vertex   -3.797673e+00 -3.425000e+01 1.549404e+01
    endloop
  endfacet
  facet normal -9.278435e-01 0.000000e+00 -3.729698e-01
    outer loop
      vertex   -3.752994e+00 -3.415000e+01 1.538290e+01
      vertex   -3.797673e+00 -3.425000e+01 1.549404e+01
      vertex   -3.797673e+00 -3.415000e+01 1.549404e+01
    endloop
  endfacet
  facet normal -8.487638e-01 0.000000e+00 -5.287722e-01
    outer loop
      vertex   -3.797673e+00 -3.425000e+01 1.549404e+01
      vertex   -3.832541e+00 -3.425000e+01 1.555001e+01
      vertex   -3.797673e+00 -3.415000e+01 1.549404e+01
    endloop
  endfacet
  facet normal -8.487638e-01 0.000000e+00 -5.287722e-01
    outer loop
      vertex   -3.797673e+00 -3.415000e+01 1.549404e+01
      vertex   -3.832541e+00 -3.425000e+01 1.555001e+01
      vertex   -3.832541e+00 -3.415000e+01 1.555001e+01
    endloop
  endfacet
  facet normal -7.600984e-01 0.000000e+00 -6.498079e-01
    outer loop
      vertex   -3.832541e+00 -3.425000e+01 1.555001e+01
      vertex   -3.893945e+00 -3.425000e+01 1.562184e+01
      vertex   -3.832541e+00 -3.415000e+01 1.555001e+01
    endloop
  endfacet
  facet normal -7.600984e-01 0.000000e+00 -6.498079e-01
    outer loop
      vertex   -3.832541e+00 -3.415000e+01 1.555001e+01
      vertex   -3.893945e+00 -3.425000e+01 1.562184e+01
      vertex   -3.893945e+00 -3.415000e+01 1.562184e+01
    endloop
  endfacet
  facet normal -6.496396e-01 -0.000000e+00 -7.602423e-01
    outer loop
      vertex   -3.893945e+00 -3.415000e+01 1.562184e+01
      vertex   -3.893945e+00 -3.425000e+01 1.562184e+01
      vertex   -3.965578e+00 -3.425000e+01 1.568305e+01
    endloop
  endfacet
  facet normal -6.496396e-01 0.000000e+00 -7.602423e-01
    outer loop
      vertex   -3.893945e+00 -3.415000e+01 1.562184e+01
      vertex   -3.965578e+00 -3.425000e+01 1.568305e+01
      vertex   -3.965578e+00 -3.415000e+01 1.568305e+01
    endloop
  endfacet
  facet normal -4.982794e-01 0.000000e+00 -8.670165e-01
    outer loop
      vertex   -3.965578e+00 -3.425000e+01 1.568305e+01
      vertex   -3.970641e+00 -3.425000e+01 1.568596e+01
      vertex   -3.965578e+00 -3.415000e+01 1.568305e+01
    endloop
  endfacet
  facet normal -4.982794e-01 0.000000e+00 -8.670165e-01
    outer loop
      vertex   -3.965578e+00 -3.415000e+01 1.568305e+01
      vertex   -3.970641e+00 -3.425000e+01 1.568596e+01
      vertex   -3.970641e+00 -3.415000e+01 1.568596e+01
    endloop
  endfacet
  facet normal -6.087715e-01 -0.000000e+00 -7.933456e-01
    outer loop
      vertex   -3.970641e+00 -3.415000e+01 1.568596e+01
      vertex   -3.970641e+00 -3.425000e+01 1.568596e+01
      vertex   -3.975081e+00 -3.425000e+01 1.568937e+01
    endloop
  endfacet
  facet normal -6.087715e-01 0.000000e+00 -7.933456e-01
    outer loop
      vertex   -3.970641e+00 -3.415000e+01 1.568596e+01
      vertex   -3.975081e+00 -3.425000e+01 1.568937e+01
      vertex   -3.975081e+00 -3.415000e+01 1.568937e+01
    endloop
  endfacet
  facet normal -7.199517e-01 -0.000000e+00 -6.940242e-01
    outer loop
      vertex   -3.975081e+00 -3.415000e+01 1.568937e+01
      vertex   -3.975081e+00 -3.425000e+01 1.568937e+01
      vertex   -3.982449e+00 -3.425000e+01 1.569701e+01
    endloop
  endfacet
  facet normal -7.199517e-01 0.000000e+00 -6.940242e-01
    outer loop
      vertex   -3.975081e+00 -3.415000e+01 1.568937e+01
      vertex   -3.982449e+00 -3.425000e+01 1.569701e+01
      vertex   -3.982449e+00 -3.415000e+01 1.569701e+01
    endloop
  endfacet
  facet normal -7.805785e-01 -0.000000e+00 -6.250578e-01
    outer loop
      vertex   -3.982449e+00 -3.415000e+01 1.569701e+01
      vertex   -3.982449e+00 -3.425000e+01 1.569701e+01
      vertex   -3.993628e+00 -3.425000e+01 1.571097e+01
    endloop
  endfacet
  facet normal -7.805785e-01 0.000000e+00 -6.250578e-01
    outer loop
      vertex   -3.982449e+00 -3.415000e+01 1.569701e+01
      vertex   -3.993628e+00 -3.425000e+01 1.571097e+01
      vertex   -3.993628e+00 -3.415000e+01 1.571097e+01
    endloop
  endfacet
  facet normal -5.003609e-01 0.000000e+00 -8.658170e-01
    outer loop
      vertex   -3.993628e+00 -3.425000e+01 1.571097e+01
      vertex   -6.465124e+00 -3.425000e+01 1.713926e+01
      vertex   -3.993628e+00 -3.415000e+01 1.571097e+01
    endloop
  endfacet
  facet normal -5.003609e-01 0.000000e+00 -8.658170e-01
    outer loop
      vertex   -3.993628e+00 -3.415000e+01 1.571097e+01
      vertex   -6.465124e+00 -3.425000e+01 1.713926e+01
      vertex   -6.465124e+00 -3.415000e+01 1.713926e+01
    endloop
  endfacet
  facet normal -1.000000e+00 0.000000e+00 0.000000e+00
    outer loop
      vertex   -6.465124e+00 -3.425000e+01 1.713926e+01
      vertex   -6.465124e+00 -3.425000e+01 1.893849e+01
      vertex   -6.465124e+00 -3.415000e+01 1.713926e+01
    endloop
  endfacet
  facet normal -1.000000e+00 0.000000e+00 0.000000e+00
    outer loop
      vertex   -6.465124e+00 -3.415000e+01 1.713926e+01
      vertex   -6.465124e+00 -3.425000e+01 1.893849e+01
      vertex   -6.465124e+00 -3.415000e+01 1.893849e+01
    endloop
  endfacet
  facet normal -9.950283e-01 0.000000e+00 -9.959284e-02
    outer loop
      vertex   -6.465124e+00 -3.425000e+01 1.893849e+01
      vertex   -6.475627e+00 -3.425000e+01 1.904343e+01
      vertex   -6.465124e+00 -3.415000e+01 1.893849e+01
    endloop
  endfacet
  facet normal -9.950283e-01 0.000000e+00 -9.959284e-02
    outer loop
      vertex   -6.465124e+00 -3.415000e+01 1.893849e+01
      vertex   -6.475627e+00 -3.425000e+01 1.904343e+01
      vertex   -6.475627e+00 -3.415000e+01 1.904343e+01
    endloop
  endfacet
  facet normal -9.557871e-01 -0.000000e+00 -2.940594e-01
    outer loop
      vertex   -6.475627e+00 -3.415000e+01 1.904343e+01
      vertex   -6.475627e+00 -3.425000e+01 1.904343e+01
      vertex   -6.505823e+00 -3.425000e+01 1.914158e+01
    endloop
  endfacet
  facet normal -9.557871e-01 0.000000e+00 -2.940594e-01
    outer loop
      vertex   -6.475627e+00 -3.415000e+01 1.904343e+01
      vertex   -6.505823e+00 -3.425000e+01 1.914158e+01
      vertex   -6.505823e+00 -3.415000e+01 1.914158e+01
    endloop
  endfacet
  facet normal -8.807942e-01 -0.000000e+00 -4.734994e-01
    outer loop
      vertex   -6.505823e+00 -3.415000e+01 1.914158e+01
      vertex   -6.505823e+00 -3.425000e+01 1.914158e+01
      vertex   -6.553742e+00 -3.425000e+01 1.923072e+01
    endloop
  endfacet
  facet normal -8.807942e-01 0.000000e+00 -4.734994e-01
    outer loop
      vertex   -6.505823e+00 -3.415000e+01 1.914158e+01
      vertex   -6.553742e+00 -3.425000e+01 1.923072e+01
      vertex   -6.553742e+00 -3.415000e+01 1.923072e+01
    endloop
  endfacet
  facet normal -7.743086e-01 -0.000000e+00 -6.328081e-01
    outer loop
      vertex   -6.553742e+00 -3.415000e+01 1.923072e+01
      vertex   -6.553742e+00 -3.425000e+01 1.923072e+01
      vertex   -6.617413e+00 -3.425000e+01 1.930863e+01
    endloop
  endfacet
  facet normal -7.743086e-01 0.000000e+00 -6.328081e-01
    outer loop
      vertex   -6.553742e+00 -3.415000e+01 1.923072e+01
      vertex   -6.617413e+00 -3.425000e+01 1.930863e+01
      vertex   -6.617413e+00 -3.415000e+01 1.930863e+01
    endloop
  endfacet
  facet normal -6.396887e-01 -0.000000e+00 -7.686341e-01
    outer loop
      vertex   -6.617413e+00 -3.415000e+01 1.930863e+01
      vertex   -6.617413e+00 -3.425000e+01 1.930863e+01
      vertex   -6.694864e+00 -3.425000e+01 1.937308e+01
    endloop
  endfacet
  facet normal -6.396887e-01 0.000000e+00 -7.686341e-01
    outer loop
      vertex   -6.617413e+00 -3.415000e+01 1.930863e+01
      vertex   -6.694864e+00 -3.425000e+01 1.937308e+01
      vertex   -6.694864e+00 -3.415000e+01 1.937308e+01
    endloop
  endfacet
  facet normal -4.796188e-01 -0.000000e+00 -8.774769e-01
    outer loop
      vertex   -6.694864e+00 -3.415000e+01 1.937308e+01
      vertex   -6.694864e+00 -3.425000e+01 1.937308e+01
      vertex   -6.784126e+00 -3.425000e+01 1.942187e+01
    endloop
  endfacet
  facet normal -4.796188e-01 0.000000e+00 -8.774769e-01
    outer loop
      vertex   -6.694864e+00 -3.415000e+01 1.937308e+01
      vertex   -6.784126e+00 -3.425000e+01 1.942187e+01
      vertex   -6.784126e+00 -3.415000e+01 1.942187e+01
    endloop
  endfacet
  facet normal -2.976786e-01 -0.000000e+00 -9.546661e-01
    outer loop
      vertex   -6.784126e+00 -3.415000e+01 1.942187e+01
      vertex   -6.784126e+00 -3.425000e+01 1.942187e+01
      vertex   -6.883228e+00 -3.425000e+01 1.945277e+01
    endloop
  endfacet
  facet normal -2.976786e-01 0.000000e+00 -9.546661e-01
    outer loop
      vertex   -6.784126e+00 -3.415000e+01 1.942187e+01
      vertex   -6.883228e+00 -3.425000e+01 1.945277e+01
      vertex   -6.883228e+00 -3.415000e+01 1.945277e+01
    endloop
  endfacet
  facet normal -1.003930e-01 -0.000000e+00 -9.949479e-01
    outer loop
      vertex   -6.883228e+00 -3.415000e+01 1.945277e+01
      vertex   -6.883228e+00 -3.425000e+01 1.945277e+01
      vertex   -6.990199e+00 -3.425000e+01 1.946357e+01
    endloop
  endfacet
  facet normal -1.003930e-01 0.000000e+00 -9.949479e-01
    outer loop
      vertex   -6.883228e+00 -3.415000e+01 1.945277e+01
      vertex   -6.990199e+00 -3.425000e+01 1.946357e+01
      vertex   -6.990199e+00 -3.415000e+01 1.946357e+01
    endloop
  endfacet
  facet normal 1.022453e-01 0.000000e+00 -9.947592e-01
    outer loop
      vertex   -6.990199e+00 -3.425000e+01 1.946357e+01
      vertex   -7.095212e+00 -3.425000e+01 1.945277e+01
      vertex   -6.990199e+00 -3.415000e+01 1.946357e+01
    endloop
  endfacet
  facet normal 1.022453e-01 0.000000e+00 -9.947592e-01
    outer loop
      vertex   -6.990199e+00 -3.415000e+01 1.946357e+01
      vertex   -7.095212e+00 -3.425000e+01 1.945277e+01
      vertex   -7.095212e+00 -3.415000e+01 1.945277e+01
    endloop
  endfacet
  facet normal 3.002146e-01 0.000000e+00 -9.538717e-01
    outer loop
      vertex   -7.095212e+00 -3.415000e+01 1.945277e+01
      vertex   -7.095212e+00 -3.425000e+01 1.945277e+01
      vertex   -7.193395e+00 -3.425000e+01 1.942187e+01
    endloop
  endfacet
  facet normal 3.002146e-01 0.000000e+00 -9.538717e-01
    outer loop
      vertex   -7.095212e+00 -3.415000e+01 1.945277e+01
      vertex   -7.193395e+00 -3.425000e+01 1.942187e+01
      vertex   -7.193395e+00 -3.415000e+01 1.942187e+01
    endloop
  endfacet
  facet normal 4.801148e-01 0.000000e+00 -8.772057e-01
    outer loop
      vertex   -7.193395e+00 -3.415000e+01 1.942187e+01
      vertex   -7.193395e+00 -3.425000e+01 1.942187e+01
      vertex   -7.282537e+00 -3.425000e+01 1.937308e+01
    endloop
  endfacet
  facet normal 4.801148e-01 0.000000e+00 -8.772057e-01
    outer loop
      vertex   -7.193395e+00 -3.415000e+01 1.942187e+01
      vertex   -7.282537e+00 -3.425000e+01 1.937308e+01
      vertex   -7.282537e+00 -3.415000e+01 1.937308e+01
    endloop
  endfacet
  facet normal 6.375482e-01 0.000000e+00 -7.704104e-01
    outer loop
      vertex   -7.282537e+00 -3.415000e+01 1.937308e+01
      vertex   -7.282537e+00 -3.425000e+01 1.937308e+01
      vertex   -7.360428e+00 -3.425000e+01 1.930863e+01
    endloop
  endfacet
  facet normal 6.375482e-01 0.000000e+00 -7.704104e-01
    outer loop
      vertex   -7.282537e+00 -3.415000e+01 1.937308e+01
      vertex   -7.360428e+00 -3.425000e+01 1.930863e+01
      vertex   -7.360428e+00 -3.415000e+01 1.930863e+01
    endloop
  endfacet
  facet normal 7.706156e-01 0.000000e+00 -6.373002e-01
    outer loop
      vertex   -7.360428e+00 -3.415000e+01 1.930863e+01
      vertex   -7.360428e+00 -3.425000e+01 1.930863e+01
      vertex   -7.424858e+00 -3.425000e+01 1.923072e+01
    endloop
  endfacet
  facet normal 7.706156e-01 0.000000e+00 -6.373002e-01
    outer loop
      vertex   -7.360428e+00 -3.415000e+01 1.930863e+01
      vertex   -7.424858e+00 -3.425000e+01 1.923072e+01
      vertex   -7.424858e+00 -3.415000e+01 1.923072e+01
    endloop
  endfacet
  facet normal 8.773262e-01 0.000000e+00 -4.798945e-01
    outer loop
      vertex   -7.424858e+00 -3.415000e+01 1.923072e+01
      vertex   -7.424858e+00 -3.425000e+01 1.923072e+01
      vertex   -7.473616e+00 -3.425000e+01 1.914158e+01
    endloop
  endfacet
  facet normal 8.773262e-01 0.000000e+00 -4.798945e-01
    outer loop
      vertex   -7.424858e+00 -3.415000e+01 1.923072e+01
      vertex   -7.473616e+00 -3.425000e+01 1.914158e+01
      vertex   -7.473616e+00 -3.415000e+01 1.914158e+01
    endloop
  endfacet
  facet normal 9.539125e-01 0.000000e+00 -3.000850e-01
    outer loop
      vertex   -7.473616e+00 -3.415000e+01 1.914158e+01
      vertex   -7.473616e+00 -3.425000e+01 1.914158e+01
      vertex   -7.504491e+00 -3.425000e+01 1.904343e+01
    endloop
  endfacet
  facet normal 9.539125e-01 0.000000e+00 -3.000850e-01
    outer loop
      vertex   -7.473616e+00 -3.415000e+01 1.914158e+01
      vertex   -7.504491e+00 -3.425000e+01 1.904343e+01
      vertex   -7.504491e+00 -3.415000e+01 1.904343e+01
    endloop
  endfacet
  facet normal 9.947620e-01 0.000000e+00 -1.022177e-01
    outer loop
      vertex   -7.504491e+00 -3.415000e+01 1.904343e+01
      vertex   -7.504491e+00 -3.425000e+01 1.904343e+01
      vertex   -7.515275e+00 -3.425000e+01 1.893849e+01
    endloop
  endfacet
  facet normal 9.947620e-01 0.000000e+00 -1.022177e-01
    outer loop
      vertex   -7.504491e+00 -3.415000e+01 1.904343e+01
      vertex   -7.515275e+00 -3.425000e+01 1.893849e+01
      vertex   -7.515275e+00 -3.415000e+01 1.893849e+01
    endloop
  endfacet
  facet normal 1.000000e+00 -0.000000e+00 0.000000e+00
    outer loop
      vertex   -7.515275e+00 -3.425000e+01 1.893849e+01
      vertex   -7.515275e+00 -3.425000e+01 1.713219e+01
      vertex   -7.515275e+00 -3.415000e+01 1.893849e+01
    endloop
  endfacet
  facet normal 1.000000e+00 0.000000e+00 0.000000e+00
    outer loop
      vertex   -7.515275e+00 -3.415000e+01 1.893849e+01
      vertex   -7.515275e+00 -3.425000e+01 1.713219e+01
      vertex   -7.515275e+00 -3.415000e+01 1.713219e+01
    endloop
  endfacet
  facet normal 4.995933e-01 0.000000e+00 -8.662601e-01
    outer loop
      vertex   -7.515275e+00 -3.425000e+01 1.713219e+01
      vertex   -9.979564e+00 -3.425000e+01 1.571097e+01
      vertex   -7.515275e+00 -3.415000e+01 1.713219e+01
    endloop
  endfacet
  facet normal 4.995933e-01 0.000000e+00 -8.662601e-01
    outer loop
      vertex   -7.515275e+00 -3.415000e+01 1.713219e+01
      vertex   -9.979564e+00 -3.425000e+01 1.571097e+01
      vertex   -9.979564e+00 -3.415000e+01 1.571097e+01
    endloop
  endfacet
  facet normal 5.298843e-01 0.000000e+00 -8.480699e-01
    outer loop
      vertex   -9.979564e+00 -3.425000e+01 1.571097e+01
      vertex   -9.984221e+00 -3.425000e+01 1.570806e+01
      vertex   -9.979564e+00 -3.415000e+01 1.571097e+01
    endloop
  endfacet
  facet normal 5.298843e-01 0.000000e+00 -8.480699e-01
    outer loop
      vertex   -9.979564e+00 -3.415000e+01 1.571097e+01
      vertex   -9.984221e+00 -3.425000e+01 1.570806e+01
      vertex   -9.984221e+00 -3.415000e+01 1.570806e+01
    endloop
  endfacet
  facet normal 6.803192e-01 0.000000e+00 -7.329160e-01
    outer loop
      vertex   -9.984221e+00 -3.415000e+01 1.570806e+01
      vertex   -9.984221e+00 -3.425000e+01 1.570806e+01
      vertex   -9.987891e+00 -3.425000e+01 1.570465e+01
    endloop
  endfacet
  facet normal 6.803192e-01 0.000000e+00 -7.329160e-01
    outer loop
      vertex   -9.984221e+00 -3.415000e+01 1.570806e+01
      vertex   -9.987891e+00 -3.425000e+01 1.570465e+01
      vertex   -9.987891e+00 -3.415000e+01 1.570465e+01
    endloop
  endfacet
  facet normal 8.017644e-01 0.000000e+00 -5.976403e-01
    outer loop
      vertex   -9.987891e+00 -3.415000e+01 1.570465e+01
      vertex   -9.987891e+00 -3.425000e+01 1.570465e+01
      vertex   -9.993589e+00 -3.425000e+01 1.569701e+01
    endloop
  endfacet
  facet normal 8.017644e-01 0.000000e+00 -5.976403e-01
    outer loop
      vertex   -9.987891e+00 -3.415000e+01 1.570465e+01
      vertex   -9.993589e+00 -3.425000e+01 1.569701e+01
      vertex   -9.993589e+00 -3.415000e+01 1.569701e+01
    endloop
  endfacet
  facet normal 8.017629e-01 0.000000e+00 -5.976422e-01
    outer loop
      vertex   -9.993589e+00 -3.415000e+01 1.569701e+01
      vertex   -9.993589e+00 -3.425000e+01 1.569701e+01
      vertex   -9.999286e+00 -3.425000e+01 1.568937e+01
    endloop
  endfacet
  facet normal 8.017629e-01 0.000000e+00 -5.976422e-01
    outer loop
      vertex   -9.993589e+00 -3.415000e+01 1.569701e+01
      vertex   -9.999286e+00 -3.425000e+01 1.568937e+01
      vertex   -9.999286e+00 -3.415000e+01 1.568937e+01
    endloop
  endfacet
  facet normal 6.803202e-01 0.000000e+00 -7.329150e-01
    outer loop
      vertex   -9.999286e+00 -3.415000e+01 1.568937e+01
      vertex   -9.999286e+00 -3.425000e+01 1.568937e+01
      vertex   -1.000296e+01 -3.425000e+01 1.568596e+01
    endloop
  endfacet
  facet normal 6.803202e-01 0.000000e+00 -7.329150e-01
    outer loop
      vertex   -9.999286e+00 -3.415000e+01 1.568937e+01
      vertex   -1.000296e+01 -3.425000e+01 1.568596e+01
      vertex   -1.000296e+01 -3.415000e+01 1.568596e+01
    endloop
  endfacet
  facet normal 5.298941e-01 0.000000e+00 -8.480638e-01
    outer loop
      vertex   -1.000296e+01 -3.415000e+01 1.568596e+01
      vertex   -1.000296e+01 -3.425000e+01 1.568596e+01
      vertex   -1.000761e+01 -3.425000e+01 1.568305e+01
    endloop
  endfacet
  facet normal 5.298941e-01 0.000000e+00 -8.480638e-01
    outer loop
      vertex   -1.000296e+01 -3.415000e+01 1.568596e+01
      vertex   -1.000761e+01 -3.425000e+01 1.568305e+01
      vertex   -1.000761e+01 -3.415000e+01 1.568305e+01
    endloop
  endfacet
  facet normal 6.191260e-01 0.000000e+00 -7.852917e-01
    outer loop
      vertex   -1.000761e+01 -3.425000e+01 1.568305e+01
      vertex   -1.008195e+01 -3.425000e+01 1.562445e+01
      vertex   -1.000761e+01 -3.415000e+01 1.568305e+01
    endloop
  endfacet
  facet normal 6.191260e-01 0.000000e+00 -7.852917e-01
    outer loop
      vertex   -1.000761e+01 -3.415000e+01 1.568305e+01
      vertex   -1.008195e+01 -3.425000e+01 1.562445e+01
      vertex   -1.008195e+01 -3.415000e+01 1.562445e+01
    endloop
  endfacet
  facet normal 7.851866e-01 0.000000e+00 -6.192592e-01
    outer loop
      vertex   -1.008195e+01 -3.415000e+01 1.562445e+01
      vertex   -1.008195e+01 -3.425000e+01 1.562445e+01
      vertex   -1.014065e+01 -3.425000e+01 1.555001e+01
    endloop
  endfacet
  facet normal 7.851866e-01 0.000000e+00 -6.192592e-01
    outer loop
      vertex   -1.008195e+01 -3.415000e+01 1.562445e+01
      vertex   -1.014065e+01 -3.425000e+01 1.555001e+01
      vertex   -1.014065e+01 -3.415000e+01 1.555001e+01
    endloop
  endfacet
  facet normal 8.117100e-01 0.000000e+00 -5.840607e-01
    outer loop
      vertex   -1.014065e+01 -3.425000e+01 1.555001e+01
      vertex   -1.016079e+01 -3.425000e+01 1.552203e+01
      vertex   -1.014065e+01 -3.415000e+01 1.555001e+01
    endloop
  endfacet
  facet normal 8.117100e-01 0.000000e+00 -5.840607e-01
    outer loop
      vertex   -1.014065e+01 -3.415000e+01 1.555001e+01
      vertex   -1.016079e+01 -3.425000e+01 1.552203e+01
      vertex   -1.016079e+01 -3.415000e+01 1.552203e+01
    endloop
  endfacet
  facet normal 8.468247e-01 0.000000e+00 -5.318721e-01
    outer loop
      vertex   -1.016079e+01 -3.415000e+01 1.552203e+01
      vertex   -1.016079e+01 -3.425000e+01 1.552203e+01
      vertex   -1.016917e+01 -3.425000e+01 1.550869e+01
    endloop
  endfacet
  facet normal 8.468247e-01 0.000000e+00 -5.318721e-01
    outer loop
      vertex   -1.016079e+01 -3.415000e+01 1.552203e+01
      vertex   -1.016917e+01 -3.425000e+01 1.550869e+01
      vertex   -1.016917e+01 -3.415000e+01 1.550869e+01
    endloop
  endfacet
  facet normal 9.173983e-01 0.000000e+00 -3.979702e-01
    outer loop
      vertex   -1.016917e+01 -3.415000e+01 1.550869e+01
      vertex   -1.016917e+01 -3.425000e+01 1.550869e+01
      vertex   -1.017552e+01 -3.425000e+01 1.549404e+01
    endloop
  endfacet
  facet normal 9.173983e-01 0.000000e+00 -3.979702e-01
    outer loop
      vertex   -1.016917e+01 -3.415000e+01 1.550869e+01
      vertex   -1.017552e+01 -3.425000e+01 1.549404e+01
      vertex   -1.017552e+01 -3.415000e+01 1.549404e+01
    endloop
  endfacet
  facet normal 9.278453e-01 0.000000e+00 -3.729653e-01
    outer loop
      vertex   -1.017552e+01 -3.425000e+01 1.549404e+01
      vertex   -1.022020e+01 -3.425000e+01 1.538290e+01
      vertex   -1.017552e+01 -3.415000e+01 1.549404e+01
    endloop
  endfacet
  facet normal 9.278453e-01 0.000000e+00 -3.729653e-01
    outer loop
      vertex   -1.017552e+01 -3.415000e+01 1.549404e+01
      vertex   -1.022020e+01 -3.425000e+01 1.538290e+01
      vertex   -1.022020e+01 -3.415000e+01 1.538290e+01
    endloop
  endfacet
  facet normal 9.769415e-01 0.000000e+00 -2.135072e-01
    outer loop
      vertex   -1.022020e+01 -3.415000e+01 1.538290e+01
      vertex   -1.022020e+01 -3.425000e+01 1.538290e+01
      vertex   -1.023356e+01 -3.425000e+01 1.532174e+01
    endloop
  endfacet
  facet normal 9.769415e-01 0.000000e+00 -2.135072e-01
    outer loop
      vertex   -1.022020e+01 -3.415000e+01 1.538290e+01
      vertex   -1.023356e+01 -3.425000e+01 1.532174e+01
      vertex   -1.023356e+01 -3.415000e+01 1.532174e+01
    endloop
  endfacet
  facet normal 9.972626e-01 0.000000e+00 -7.394082e-02
    outer loop
      vertex   -1.023356e+01 -3.415000e+01 1.532174e+01
      vertex   -1.023356e+01 -3.425000e+01 1.532174e+01
      vertex   -1.023844e+01 -3.425000e+01 1.525602e+01
    endloop
  endfacet
  facet normal 9.972626e-01 0.000000e+00 -7.394082e-02
    outer loop
      vertex   -1.023356e+01 -3.415000e+01 1.532174e+01
      vertex   -1.023844e+01 -3.425000e+01 1.525602e+01
      vertex   -1.023844e+01 -3.415000e+01 1.525602e+01
    endloop
  endfacet
  facet normal 1.000000e+00 -0.000000e+00 0.000000e+00
    outer loop
      vertex   -1.023844e+01 -3.425000e+01 1.525602e+01
      vertex   -1.023844e+01 -3.425000e+01 1.241359e+01
      vertex   -1.023844e+01 -3.415000e+01 1.525602e+01
    endloop
  endfacet
  facet normal 1.000000e+00 0.000000e+00 0.000000e+00
    outer loop
      vertex   -1.023844e+01 -3.415000e+01 1.525602e+01
      vertex   -1.023844e+01 -3.425000e+01 1.241359e+01
      vertex   -1.023844e+01 -3.415000e+01 1.241359e+01
    endloop
  endfacet
  facet normal 4.989768e-01 0.000000e+00 -8.666153e-01
    outer loop
      vertex   -1.023844e+01 -3.425000e+01 1.241359e+01
      vertex   -1.250008e+01 -3.425000e+01 1.111138e+01
      vertex   -1.023844e+01 -3.415000e+01 1.241359e+01
    endloop
  endfacet
  facet normal 4.989768e-01 0.000000e+00 -8.666153e-01
    outer loop
      vertex   -1.023844e+01 -3.415000e+01 1.241359e+01
      vertex   -1.250008e+01 -3.425000e+01 1.111138e+01
      vertex   -1.250008e+01 -3.415000e+01 1.111138e+01
    endloop
  endfacet
  facet normal 5.864944e-01 0.000000e+00 -8.099533e-01
    outer loop
      vertex   -1.250008e+01 -3.425000e+01 1.111138e+01
      vertex   -1.258686e+01 -3.425000e+01 1.104855e+01
      vertex   -1.250008e+01 -3.415000e+01 1.111138e+01
    endloop
  endfacet
  facet normal 5.864944e-01 0.000000e+00 -8.099533e-01
    outer loop
      vertex   -1.250008e+01 -3.415000e+01 1.111138e+01
      vertex   -1.258686e+01 -3.425000e+01 1.104855e+01
      vertex   -1.258686e+01 -3.415000e+01 1.104855e+01
    endloop
  endfacet
  facet normal 7.335015e-01 0.000000e+00 -6.796878e-01
    outer loop
      vertex   -1.258686e+01 -3.415000e+01 1.104855e+01
      vertex   -1.258686e+01 -3.425000e+01 1.104855e+01
      vertex   -1.265764e+01 -3.425000e+01 1.097216e+01
    endloop
  endfacet
  facet normal 7.335015e-01 0.000000e+00 -6.796878e-01
    outer loop
      vertex   -1.258686e+01 -3.415000e+01 1.104855e+01
      vertex   -1.265764e+01 -3.425000e+01 1.097216e+01
      vertex   -1.265764e+01 -3.415000e+01 1.097216e+01
    endloop
  endfacet
  facet normal 8.503039e-01 0.000000e+00 -5.262920e-01
    outer loop
      vertex   -1.265764e+01 -3.415000e+01 1.097216e+01
      vertex   -1.265764e+01 -3.425000e+01 1.097216e+01
      vertex   -1.271153e+01 -3.425000e+01 1.088510e+01
    endloop
  endfacet
  facet normal 8.503039e-01 0.000000e+00 -5.262920e-01
    outer loop
      vertex   -1.265764e+01 -3.415000e+01 1.097216e+01
      vertex   -1.271153e+01 -3.425000e+01 1.088510e+01
      vertex   -1.271153e+01 -3.415000e+01 1.088510e+01
    endloop
  endfacet
  facet normal 9.346511e-01 0.000000e+00 -3.555662e-01
    outer loop
      vertex   -1.271153e+01 -3.415000e+01 1.088510e+01
      vertex   -1.271153e+01 -3.425000e+01 1.088510e+01
      vertex   -1.274761e+01 -3.425000e+01 1.079024e+01
    endloop
  endfacet
  facet normal 9.346511e-01 0.000000e+00 -3.555662e-01
    outer loop
      vertex   -1.271153e+01 -3.415000e+01 1.088510e+01
      vertex   -1.274761e+01 -3.425000e+01 1.079024e+01
      vertex   -1.274761e+01 -3.415000e+01 1.079024e+01
    endloop
  endfacet
  facet normal 9.851591e-01 0.000000e+00 -1.716438e-01
    outer loop
      vertex   -1.274761e+01 -3.415000e+01 1.079024e+01
      vertex   -1.274761e+01 -3.425000e+01 1.079024e+01
      vertex   -1.276500e+01 -3.425000e+01 1.069046e+01
    endloop
  endfacet
  facet normal 9.851591e-01 0.000000e+00 -1.716438e-01
    outer loop
      vertex   -1.274761e+01 -3.415000e+01 1.079024e+01
      vertex   -1.276500e+01 -3.425000e+01 1.069046e+01
      vertex   -1.276500e+01 -3.415000e+01 1.069046e+01
    endloop
  endfacet
  facet normal 9.997623e-01 0.000000e+00 2.180345e-02
    outer loop
      vertex   -1.276500e+01 -3.415000e+01 1.069046e+01
      vertex   -1.276500e+01 -3.425000e+01 1.069046e+01
      vertex   -1.276278e+01 -3.425000e+01 1.058863e+01
    endloop
  endfacet
  facet normal 9.997623e-01 0.000000e+00 2.180345e-02
    outer loop
      vertex   -1.276500e+01 -3.415000e+01 1.069046e+01
      vertex   -1.276278e+01 -3.425000e+01 1.058863e+01
      vertex   -1.276278e+01 -3.415000e+01 1.058863e+01
    endloop
  endfacet
  facet normal 9.755978e-01 0.000000e+00 2.195653e-01
    outer loop
      vertex   -1.276278e+01 -3.415000e+01 1.058863e+01
      vertex   -1.276278e+01 -3.425000e+01 1.058863e+01
      vertex   -1.274005e+01 -3.425000e+01 1.048764e+01
    endloop
  endfacet
  facet normal 9.755978e-01 0.000000e+00 2.195653e-01
    outer loop
      vertex   -1.276278e+01 -3.415000e+01 1.058863e+01
      vertex   -1.274005e+01 -3.425000e+01 1.048764e+01
      vertex   -1.274005e+01 -3.415000e+01 1.048764e+01
    endloop
  endfacet
  facet normal 9.106454e-01 0.000000e+00 4.131888e-01
    outer loop
      vertex   -1.274005e+01 -3.415000e+01 1.048764e+01
      vertex   -1.274005e+01 -3.425000e+01 1.048764e+01
      vertex   -1.269591e+01 -3.425000e+01 1.039035e+01
    endloop
  endfacet
  facet normal 9.106454e-01 0.000000e+00 4.131888e-01
    outer loop
      vertex   -1.274005e+01 -3.415000e+01 1.048764e+01
      vertex   -1.269591e+01 -3.425000e+01 1.039035e+01
      vertex   -1.269591e+01 -3.415000e+01 1.039035e+01
    endloop
  endfacet
  facet normal 8.091538e-01 -0.000000e+00 5.875969e-01
    outer loop
      vertex   -1.269591e+01 -3.425000e+01 1.039035e+01
      vertex   -1.263308e+01 -3.425000e+01 1.030383e+01
      vertex   -1.269591e+01 -3.415000e+01 1.039035e+01
    endloop
  endfacet
  facet normal 8.091538e-01 0.000000e+00 5.875969e-01
    outer loop
      vertex   -1.269591e+01 -3.415000e+01 1.039035e+01
      vertex   -1.263308e+01 -3.425000e+01 1.030383e+01
      vertex   -1.263308e+01 -3.415000e+01 1.030383e+01
    endloop
  endfacet
  facet normal 6.758278e-01 0.000000e+00 7.370596e-01
    outer loop
      vertex   -1.263308e+01 -3.415000e+01 1.030383e+01
      vertex   -1.263308e+01 -3.425000e+01 1.030383e+01
      vertex   -1.255670e+01 -3.425000e+01 1.023381e+01
    endloop
  endfacet
  facet normal 6.758278e-01 0.000000e+00 7.370596e-01
    outer loop
      vertex   -1.263308e+01 -3.415000e+01 1.030383e+01
      vertex   -1.255670e+01 -3.425000e+01 1.023381e+01
      vertex   -1.255670e+01 -3.415000e+01 1.023381e+01
    endloop
  endfacet
  facet normal 5.186208e-01 0.000000e+00 8.550044e-01
    outer loop
      vertex   -1.255670e+01 -3.415000e+01 1.023381e+01
      vertex   -1.255670e+01 -3.425000e+01 1.023381e+01
      vertex   -1.246966e+01 -3.425000e+01 1.018101e+01
    endloop
  endfacet
  facet normal 5.186208e-01 0.000000e+00 8.550044e-01
    outer loop
      vertex   -1.255670e+01 -3.415000e+01 1.023381e+01
      vertex   -1.246966e+01 -3.425000e+01 1.018101e+01
      vertex   -1.246966e+01 -3.415000e+01 1.018101e+01
    endloop
  endfacet
  facet normal 3.447230e-01 0.000000e+00 9.387045e-01
    outer loop
      vertex   -1.246966e+01 -3.415000e+01 1.018101e+01
      vertex   -1.246966e+01 -3.425000e+01 1.018101e+01
      vertex   -1.237483e+01 -3.425000e+01 1.014618e+01
    endloop
  endfacet
  facet normal 3.447230e-01 0.000000e+00 9.387045e-01
    outer loop
      vertex   -1.246966e+01 -3.415000e+01 1.018101e+01
      vertex   -1.237483e+01 -3.425000e+01 1.014618e+01
      vertex   -1.237483e+01 -3.415000e+01 1.014618e+01
    endloop
  endfacet
  facet normal 1.595086e-01 0.000000e+00 9.871965e-01
    outer loop
      vertex   -1.237483e+01 -3.415000e+01 1.014618e+01
      vertex   -1.237483e+01 -3.425000e+01 1.014618e+01
      vertex   -1.227507e+01 -3.425000e+01 1.013006e+01
    endloop
  endfacet
  facet normal 1.595086e-01 0.000000e+00 9.871965e-01
    outer loop
      vertex   -1.237483e+01 -3.415000e+01 1.014618e+01
      vertex   -1.227507e+01 -3.425000e+01 1.013006e+01
      vertex   -1.227507e+01 -3.415000e+01 1.013006e+01
    endloop
  endfacet
  facet normal -3.267842e-02 0.000000e+00 9.994659e-01
    outer loop
      vertex   -1.227507e+01 -3.415000e+01 1.013006e+01
      vertex   -1.227507e+01 -3.425000e+01 1.013006e+01
      vertex   -1.217326e+01 -3.425000e+01 1.013339e+01
    endloop
  endfacet
  facet normal -3.267842e-02 0.000000e+00 9.994659e-01
    outer loop
      vertex   -1.227507e+01 -3.415000e+01 1.013006e+01
      vertex   -1.217326e+01 -3.425000e+01 1.013339e+01
      vertex   -1.217326e+01 -3.415000e+01 1.013339e+01
    endloop
  endfacet
  facet normal -2.267981e-01 0.000000e+00 9.739418e-01
    outer loop
      vertex   -1.217326e+01 -3.415000e+01 1.013339e+01
      vertex   -1.217326e+01 -3.425000e+01 1.013339e+01
      vertex   -1.207228e+01 -3.425000e+01 1.015691e+01
    endloop
  endfacet
  facet normal -2.267981e-01 0.000000e+00 9.739418e-01
    outer loop
      vertex   -1.217326e+01 -3.415000e+01 1.013339e+01
      vertex   -1.207228e+01 -3.425000e+01 1.015691e+01
      vertex   -1.207228e+01 -3.415000e+01 1.015691e+01
    endloop
  endfacet
  facet normal -4.155200e-01 0.000000e+00 9.095840e-01
    outer loop
      vertex   -1.207228e+01 -3.415000e+01 1.015691e+01
      vertex   -1.207228e+01 -3.425000e+01 1.015691e+01
      vertex   -1.197501e+01 -3.425000e+01 1.020135e+01
    endloop
  endfacet
  facet normal -4.155200e-01 0.000000e+00 9.095840e-01
    outer loop
      vertex   -1.207228e+01 -3.415000e+01 1.015691e+01
      vertex   -1.197501e+01 -3.425000e+01 1.020135e+01
      vertex   -1.197501e+01 -3.415000e+01 1.020135e+01
    endloop
  endfacet
  facet normal -4.989399e-01 0.000000e+00 8.666366e-01
    outer loop
      vertex   -1.197501e+01 -3.425000e+01 1.020135e+01
      vertex   -9.713360e+00 -3.425000e+01 1.150342e+01
      vertex   -1.197501e+01 -3.415000e+01 1.020135e+01
    endloop
  endfacet
  facet normal -4.989399e-01 0.000000e+00 8.666366e-01
    outer loop
      vertex   -1.197501e+01 -3.415000e+01 1.020135e+01
      vertex   -9.713360e+00 -3.425000e+01 1.150342e+01
      vertex   -9.713360e+00 -3.415000e+01 1.150342e+01
    endloop
  endfacet
  facet normal 5.014616e-01 -0.000000e+00 8.651799e-01
    outer loop
      vertex   -9.713360e+00 -3.425000e+01 1.150342e+01
      vertex   -7.249327e+00 -3.425000e+01 1.007526e+01
      vertex   -9.713360e+00 -3.415000e+01 1.150342e+01
    endloop
  endfacet
  facet normal 5.014616e-01 0.000000e+00 8.651799e-01
    outer loop
      vertex   -9.713360e+00 -3.415000e+01 1.150342e+01
      vertex   -7.249327e+00 -3.425000e+01 1.007526e+01
      vertex   -7.249327e+00 -3.415000e+01 1.007526e+01
    endloop
  endfacet
  facet normal 8.155394e-02 -0.000000e+00 9.966689e-01
    outer loop
      vertex   -7.249327e+00 -3.425000e+01 1.007526e+01
      vertex   -7.238712e+00 -3.425000e+01 1.007439e+01
      vertex   -7.249327e+00 -3.415000e+01 1.007526e+01
    endloop
  endfacet
  facet normal 8.155394e-02 0.000000e+00 9.966689e-01
    outer loop
      vertex   -7.249327e+00 -3.415000e+01 1.007526e+01
      vertex   -7.238712e+00 -3.425000e+01 1.007439e+01
      vertex   -7.238712e+00 -3.415000e+01 1.007439e+01
    endloop
  endfacet
  facet normal 3.001468e-01 0.000000e+00 9.538930e-01
    outer loop
      vertex   -7.238712e+00 -3.415000e+01 1.007439e+01
      vertex   -7.238712e+00 -3.425000e+01 1.007439e+01
      vertex   -7.236081e+00 -3.425000e+01 1.007356e+01
    endloop
  endfacet
  facet normal 3.001468e-01 0.000000e+00 9.538930e-01
    outer loop
      vertex   -7.238712e+00 -3.415000e+01 1.007439e+01
      vertex   -7.236081e+00 -3.425000e+01 1.007356e+01
      vertex   -7.236081e+00 -3.415000e+01 1.007356e+01
    endloop
  endfacet
  facet normal 4.237273e-01 0.000000e+00 9.057898e-01
    outer loop
      vertex   -7.236081e+00 -3.415000e+01 1.007356e+01
      vertex   -7.236081e+00 -3.425000e+01 1.007356e+01
      vertex   -7.233441e+00 -3.425000e+01 1.007233e+01
    endloop
  endfacet
  facet normal 4.237273e-01 0.000000e+00 9.057898e-01
    outer loop
      vertex   -7.236081e+00 -3.415000e+01 1.007356e+01
      vertex   -7.233441e+00 -3.425000e+01 1.007233e+01
      vertex   -7.233441e+00 -3.415000e+01 1.007233e+01
    endloop
  endfacet
  facet normal 6.009242e-01 0.000000e+00 7.993060e-01
    outer loop
      vertex   -7.233441e+00 -3.415000e+01 1.007233e+01
      vertex   -7.233441e+00 -3.425000e+01 1.007233e+01
      vertex   -7.228097e+00 -3.425000e+01 1.006831e+01
    endloop
  endfacet
  facet normal 6.009242e-01 0.000000e+00 7.993060e-01
    outer loop
      vertex   -7.233441e+00 -3.415000e+01 1.007233e+01
      vertex   -7.228097e+00 -3.425000e+01 1.006831e+01
      vertex   -7.228097e+00 -3.415000e+01 1.006831e+01
    endloop
  endfacet
  facet normal 3.584005e-01 -0.000000e+00 9.335679e-01
    outer loop
      vertex   -7.228097e+00 -3.425000e+01 1.006831e+01
      vertex   -7.111802e+00 -3.425000e+01 1.002366e+01
      vertex   -7.228097e+00 -3.415000e+01 1.006831e+01
    endloop
  endfacet
  facet normal 3.584005e-01 0.000000e+00 9.335679e-01
    outer loop
      vertex   -7.228097e+00 -3.415000e+01 1.006831e+01
      vertex   -7.111802e+00 -3.425000e+01 1.002366e+01
      vertex   -7.111802e+00 -3.415000e+01 1.002366e+01
    endloop
  endfacet
  facet normal 2.197125e-01 0.000000e+00 9.755647e-01
    outer loop
      vertex   -7.111802e+00 -3.415000e+01 1.002366e+01
      vertex   -7.111802e+00 -3.425000e+01 1.002366e+01
      vertex   -7.051995e+00 -3.425000e+01 1.001019e+01
    endloop
  endfacet
  facet normal 2.197125e-01 0.000000e+00 9.755647e-01
    outer loop
      vertex   -7.111802e+00 -3.415000e+01 1.002366e+01
      vertex   -7.051995e+00 -3.425000e+01 1.001019e+01
      vertex   -7.051995e+00 -3.415000e+01 1.001019e+01
    endloop
  endfacet
  facet normal 7.951470e-02 0.000000e+00 9.968337e-01
    outer loop
      vertex   -7.051995e+00 -3.415000e+01 1.001019e+01
      vertex   -7.051995e+00 -3.425000e+01 1.001019e+01
      vertex   -6.990199e+00 -3.425000e+01 1.000526e+01
    endloop
  endfacet
  facet normal 7.951470e-02 0.000000e+00 9.968337e-01
    outer loop
      vertex   -7.051995e+00 -3.415000e+01 1.001019e+01
      vertex   -6.990199e+00 -3.425000e+01 1.000526e+01
      vertex   -6.990199e+00 -3.415000e+01 1.000526e+01
    endloop
  endfacet
  facet normal -7.477381e-02 0.000000e+00 9.972005e-01
    outer loop
      vertex   -6.990199e+00 -3.425000e+01 1.000526e+01
      vertex   -6.924458e+00 -3.425000e+01 1.001019e+01
      vertex   -6.990199e+00 -3.415000e+01 1.000526e+01
    endloop
  endfacet
  facet normal -7.477381e-02 0.000000e+00 9.972005e-01
    outer loop
      vertex   -6.990199e+00 -3.415000e+01 1.000526e+01
      vertex   -6.924458e+00 -3.425000e+01 1.001019e+01
      vertex   -6.924458e+00 -3.415000e+01 1.001019e+01
    endloop
  endfacet
  facet normal -2.150494e-01 0.000000e+00 9.766032e-01
    outer loop
      vertex   -6.924458e+00 -3.415000e+01 1.001019e+01
      vertex   -6.924458e+00 -3.425000e+01 1.001019e+01
      vertex   -6.863288e+00 -3.425000e+01 1.002366e+01
    endloop
  endfacet
  facet normal -2.150494e-01 0.000000e+00 9.766032e-01
    outer loop
      vertex   -6.924458e+00 -3.415000e+01 1.001019e+01
      vertex   -6.863288e+00 -3.425000e+01 1.002366e+01
      vertex   -6.863288e+00 -3.415000e+01 1.002366e+01
    endloop
  endfacet
  facet normal -3.731950e-01 0.000000e+00 9.277529e-01
    outer loop
      vertex   -6.863288e+00 -3.415000e+01 1.002366e+01
      vertex   -6.863288e+00 -3.425000e+01 1.002366e+01
      vertex   -6.752300e+00 -3.425000e+01 1.006831e+01
    endloop
  endfacet
  facet normal -3.731950e-01 0.000000e+00 9.277529e-01
    outer loop
      vertex   -6.863288e+00 -3.415000e+01 1.002366e+01
      vertex   -6.752300e+00 -3.425000e+01 1.006831e+01
      vertex   -6.752300e+00 -3.415000e+01 1.006831e+01
    endloop
  endfacet
  facet normal -3.390471e-01 0.000000e+00 9.407694e-01
    outer loop
      vertex   -6.752300e+00 -3.425000e+01 1.006831e+01
      vertex   -6.735429e+00 -3.425000e+01 1.007439e+01
      vertex   -6.752300e+00 -3.415000e+01 1.006831e+01
    endloop
  endfacet
  facet normal -3.390471e-01 0.000000e+00 9.407694e-01
    outer loop
      vertex   -6.752300e+00 -3.415000e+01 1.006831e+01
      vertex   -6.735429e+00 -3.425000e+01 1.007439e+01
      vertex   -6.735429e+00 -3.415000e+01 1.007439e+01
    endloop
  endfacet
  facet normal -7.747677e-02 0.000000e+00 9.969942e-01
    outer loop
      vertex   -6.735429e+00 -3.415000e+01 1.007439e+01
      vertex   -6.735429e+00 -3.425000e+01 1.007439e+01
      vertex   -6.724252e+00 -3.425000e+01 1.007526e+01
    endloop
  endfacet
  facet normal -7.747677e-02 0.000000e+00 9.969942e-01
    outer loop
      vertex   -6.735429e+00 -3.415000e+01 1.007439e+01
      vertex   -6.724252e+00 -3.425000e+01 1.007526e+01
      vertex   -6.724252e+00 -3.415000e+01 1.007526e+01
    endloop
  endfacet
  facet normal -5.014028e-01 0.000000e+00 8.652140e-01
    outer loop
      vertex   -6.724252e+00 -3.425000e+01 1.007526e+01
      vertex   -4.259833e+00 -3.425000e+01 1.150342e+01
      vertex   -6.724252e+00 -3.415000e+01 1.007526e+01
    endloop
  endfacet
  facet normal -5.014028e-01 0.000000e+00 8.652140e-01
    outer loop
      vertex   -6.724252e+00 -3.415000e+01 1.007526e+01
      vertex   -4.259833e+00 -3.425000e+01 1.150342e+01
      vertex   -4.259833e+00 -3.415000e+01 1.150342e+01
    endloop
  endfacet
  facet normal 4.990038e-01 -0.000000e+00 8.665998e-01
    outer loop
      vertex   -4.259833e+00 -3.425000e+01 1.150342e+01
      vertex   -1.998573e+00 -3.425000e+01 1.020135e+01
      vertex   -4.259833e+00 -3.415000e+01 1.150342e+01
    endloop
  endfacet
  facet normal 4.990038e-01 0.000000e+00 8.665998e-01
    outer loop
      vertex   -4.259833e+00 -3.415000e+01 1.150342e+01
      vertex   -1.998573e+00 -3.425000e+01 1.020135e+01
      vertex   -1.998573e+00 -3.415000e+01 1.020135e+01
    endloop
  endfacet
  facet normal 4.236131e-01 -0.000000e+00 9.058432e-01
    outer loop
      vertex   -1.998573e+00 -3.425000e+01 1.020135e+01
      vertex   -1.903545e+00 -3.425000e+01 1.015691e+01
      vertex   -1.998573e+00 -3.415000e+01 1.020135e+01
    endloop
  endfacet
  facet normal 4.236131e-01 0.000000e+00 9.058432e-01
    outer loop
      vertex   -1.998573e+00 -3.415000e+01 1.020135e+01
      vertex   -1.903545e+00 -3.425000e+01 1.015691e+01
      vertex   -1.903545e+00 -3.415000e+01 1.015691e+01
    endloop
  endfacet
  facet normal 2.304585e-01 0.000000e+00 9.730822e-01
    outer loop
      vertex   -1.903545e+00 -3.415000e+01 1.015691e+01
      vertex   -1.903545e+00 -3.425000e+01 1.015691e+01
      vertex   -1.804257e+00 -3.425000e+01 1.013339e+01
    endloop
  endfacet
  facet normal 2.304585e-01 0.000000e+00 9.730822e-01
    outer loop
      vertex   -1.903545e+00 -3.415000e+01 1.015691e+01
      vertex   -1.804257e+00 -3.425000e+01 1.013339e+01
      vertex   -1.804257e+00 -3.415000e+01 1.013339e+01
    endloop
  endfacet
  facet normal 3.307173e-02 0.000000e+00 9.994530e-01
    outer loop
      vertex   -1.804257e+00 -3.415000e+01 1.013339e+01
      vertex   -1.804257e+00 -3.425000e+01 1.013339e+01
      vertex   -1.703664e+00 -3.425000e+01 1.013006e+01
    endloop
  endfacet
  facet normal 3.307173e-02 0.000000e+00 9.994530e-01
    outer loop
      vertex   -1.804257e+00 -3.415000e+01 1.013339e+01
      vertex   -1.703664e+00 -3.425000e+01 1.013006e+01
      vertex   -1.703664e+00 -3.415000e+01 1.013006e+01
    endloop
  endfacet
  facet normal -1.607847e-01 0.000000e+00 9.869895e-01
    outer loop
      vertex   -1.703664e+00 -3.415000e+01 1.013006e+01
      vertex   -1.703664e+00 -3.425000e+01 1.013006e+01
      vertex   -1.604718e+00 -3.425000e+01 1.014618e+01
    endloop
  endfacet
  facet normal -1.607847e-01 0.000000e+00 9.869895e-01
    outer loop
      vertex   -1.703664e+00 -3.415000e+01 1.013006e+01
      vertex   -1.604718e+00 -3.425000e+01 1.014618e+01
      vertex   -1.604718e+00 -3.415000e+01 1.014618e+01
    endloop
  endfacet
  facet normal -3.463082e-01 0.000000e+00 9.381208e-01
    outer loop
      vertex   -1.604718e+00 -3.415000e+01 1.014618e+01
      vertex   -1.604718e+00 -3.425000e+01 1.014618e+01
      vertex   -1.510375e+00 -3.425000e+01 1.018101e+01
    endloop
  endfacet
  facet normal -3.463082e-01 0.000000e+00 9.381208e-01
    outer loop
      vertex   -1.604718e+00 -3.415000e+01 1.014618e+01
      vertex   -1.510375e+00 -3.425000e+01 1.018101e+01
      vertex   -1.510375e+00 -3.415000e+01 1.018101e+01
    endloop
  endfacet
  facet normal -5.197250e-01 0.000000e+00 8.543336e-01
    outer loop
      vertex   -1.510375e+00 -3.415000e+01 1.018101e+01
      vertex   -1.510375e+00 -3.425000e+01 1.018101e+01
      vertex   -1.423586e+00 -3.425000e+01 1.023381e+01
    endloop
  endfacet
  facet normal -5.197250e-01 0.000000e+00 8.543336e-01
    outer loop
      vertex   -1.510375e+00 -3.415000e+01 1.018101e+01
      vertex   -1.423586e+00 -3.425000e+01 1.023381e+01
      vertex   -1.423586e+00 -3.415000e+01 1.023381e+01
    endloop
  endfacet
  facet normal -6.762761e-01 0.000000e+00 7.366482e-01
    outer loop
      vertex   -1.423586e+00 -3.415000e+01 1.023381e+01
      vertex   -1.423586e+00 -3.425000e+01 1.023381e+01
      vertex   -1.347307e+00 -3.425000e+01 1.030383e+01
    endloop
  endfacet
  facet normal -6.762761e-01 0.000000e+00 7.366482e-01
    outer loop
      vertex   -1.423586e+00 -3.415000e+01 1.023381e+01
      vertex   -1.347307e+00 -3.425000e+01 1.030383e+01
      vertex   -1.347307e+00 -3.415000e+01 1.030383e+01
    endloop
  endfacet
  facet normal -8.092130e-01 0.000000e+00 5.875153e-01
    outer loop
      vertex   -1.347307e+00 -3.415000e+01 1.030383e+01
      vertex   -1.347307e+00 -3.425000e+01 1.030383e+01
      vertex   -1.284491e+00 -3.425000e+01 1.039035e+01
    endloop
  endfacet
  facet normal -8.092130e-01 0.000000e+00 5.875153e-01
    outer loop
      vertex   -1.347307e+00 -3.415000e+01 1.030383e+01
      vertex   -1.284491e+00 -3.425000e+01 1.039035e+01
      vertex   -1.284491e+00 -3.415000e+01 1.039035e+01
    endloop
  endfacet
  facet normal -9.101566e-01 0.000000e+00 4.142644e-01
    outer loop
      vertex   -1.284491e+00 -3.425000e+01 1.039035e+01
      vertex   -1.240220e+00 -3.425000e+01 1.048762e+01
      vertex   -1.284491e+00 -3.415000e+01 1.039035e+01
    endloop
  endfacet
  facet normal -9.101566e-01 0.000000e+00 4.142644e-01
    outer loop
      vertex   -1.284491e+00 -3.415000e+01 1.039035e+01
      vertex   -1.240220e+00 -3.425000e+01 1.048762e+01
      vertex   -1.240220e+00 -3.415000e+01 1.048762e+01
    endloop
  endfacet
  facet normal -9.752139e-01 0.000000e+00 2.212640e-01
    outer loop
      vertex   -1.240220e+00 -3.415000e+01 1.048762e+01
      vertex   -1.240220e+00 -3.425000e+01 1.048762e+01
      vertex   -1.217331e+00 -3.425000e+01 1.058850e+01
    endloop
  endfacet
  facet normal -9.752139e-01 0.000000e+00 2.212640e-01
    outer loop
      vertex   -1.240220e+00 -3.415000e+01 1.048762e+01
      vertex   -1.217331e+00 -3.425000e+01 1.058850e+01
      vertex   -1.217331e+00 -3.415000e+01 1.058850e+01
    endloop
  endfacet
  facet normal -9.996968e-01 0.000000e+00 2.462390e-02
    outer loop
      vertex   -1.217331e+00 -3.415000e+01 1.058850e+01
      vertex   -1.217331e+00 -3.425000e+01 1.058850e+01
      vertex   -1.214829e+00 -3.425000e+01 1.069005e+01
    endloop
  endfacet
  facet normal -9.996968e-01 0.000000e+00 2.462390e-02
    outer loop
      vertex   -1.217331e+00 -3.415000e+01 1.058850e+01
      vertex   -1.214829e+00 -3.425000e+01 1.069005e+01
      vertex   -1.214829e+00 -3.415000e+01 1.069005e+01
    endloop
  endfacet
  facet normal -9.858234e-01 -0.000000e+00 -1.677861e-01
    outer loop
      vertex   -1.214829e+00 -3.415000e+01 1.069005e+01
      vertex   -1.214829e+00 -3.425000e+01 1.069005e+01
      vertex   -1.231723e+00 -3.425000e+01 1.078931e+01
    endloop
  endfacet
  facet normal -9.858234e-01 0.000000e+00 -1.677861e-01
    outer loop
      vertex   -1.214829e+00 -3.415000e+01 1.069005e+01
      vertex   -1.231723e+00 -3.425000e+01 1.078931e+01
      vertex   -1.231723e+00 -3.415000e+01 1.078931e+01
    endloop
  endfacet
  facet normal -9.361955e-01 -0.000000e+00 -3.514798e-01
    outer loop
      vertex   -1.231723e+00 -3.415000e+01 1.078931e+01
      vertex   -1.231723e+00 -3.425000e+01 1.078931e+01
      vertex   -1.267017e+00 -3.425000e+01 1.088332e+01
    endloop
  endfacet
  facet normal -9.361955e-01 0.000000e+00 -3.514798e-01
    outer loop
      vertex   -1.231723e+00 -3.415000e+01 1.078931e+01
      vertex   -1.267017e+00 -3.425000e+01 1.088332e+01
      vertex   -1.267017e+00 -3.415000e+01 1.088332e+01
    endloop
  endfacet
  facet normal -8.521130e-01 -0.000000e+00 -5.233578e-01
    outer loop
      vertex   -1.267017e+00 -3.415000e+01 1.088332e+01
      vertex   -1.267017e+00 -3.425000e+01 1.088332e+01
      vertex   -1.319718e+00 -3.425000e+01 1.096912e+01
    endloop
  endfacet
  facet normal -8.521130e-01 0.000000e+00 -5.233578e-01
    outer loop
      vertex   -1.267017e+00 -3.415000e+01 1.088332e+01
      vertex   -1.319718e+00 -3.425000e+01 1.096912e+01
      vertex   -1.319718e+00 -3.415000e+01 1.096912e+01
    endloop
  endfacet
  facet normal -7.337826e-01 -0.000000e+00 -6.793843e-01
    outer loop
      vertex   -1.319718e+00 -3.415000e+01 1.096912e+01
      vertex   -1.319718e+00 -3.425000e+01 1.096912e+01
      vertex   -1.388833e+00 -3.425000e+01 1.104377e+01
    endloop
  endfacet
  facet normal -7.337826e-01 0.000000e+00 -6.793843e-01
    outer loop
      vertex   -1.319718e+00 -3.415000e+01 1.096912e+01
      vertex   -1.388833e+00 -3.425000e+01 1.104377e+01
      vertex   -1.388833e+00 -3.415000e+01 1.104377e+01
    endloop
  endfacet
  facet normal -5.822195e-01 -0.000000e+00 -8.130317e-01
    outer loop
      vertex   -1.388833e+00 -3.415000e+01 1.104377e+01
      vertex   -1.388833e+00 -3.425000e+01 1.104377e+01
      vertex   -1.473368e+00 -3.425000e+01 1.110431e+01
    endloop
  endfacet
  facet normal -5.822195e-01 0.000000e+00 -8.130317e-01
    outer loop
      vertex   -1.388833e+00 -3.415000e+01 1.104377e+01
      vertex   -1.473368e+00 -3.425000e+01 1.110431e+01
      vertex   -1.473368e+00 -3.415000e+01 1.110431e+01
    endloop
  endfacet
  facet normal 0.000000e+00 -1.000000e+00 0.000000e+00
    outer loop
      vertex   -5.309983e+00 -3.415000e+01 1.525602e+01
      vertex   -6.465124e+00 -3.415000e+01 1.713926e+01
      vertex   -6.990199e+00 -3.415000e+01 1.622910e+01
    endloop
  endfacet
  facet normal 0.000000e+00 -1.000000e+00 0.000000e+00
    outer loop
      vertex   -6.990199e+00 -3.415000e+01 1.622910e+01
      vertex   -6.465124e+00 -3.415000e+01 1.713926e+01
      vertex   -7.515275e+00 -3.415000e+01 1.713219e+01
    endloop
  endfacet
  facet normal -0.000000e+00 -1.000000e+00 0.000000e+00
    outer loop
      vertex   -6.990199e+00 -3.415000e+01 1.622910e+01
      vertex   -7.515275e+00 -3.415000e+01 1.713219e+01
      vertex   -8.663209e+00 -3.415000e+01 1.525602e+01
    endloop
  endfacet
  facet normal 0.000000e+00 -1.000000e+00 0.000000e+00
    outer loop
      vertex   -8.663209e+00 -3.415000e+01 1.525602e+01
      vertex   -7.515275e+00 -3.415000e+01 1.713219e+01
      vertex   -9.979564e+00 -3.415000e+01 1.571097e+01
    endloop
  endfacet
  facet normal 0.000000e+00 -1.000000e+00 0.000000e+00
    outer loop
      vertex   -8.663209e+00 -3.415000e+01 1.525602e+01
      vertex   -9.979564e+00 -3.415000e+01 1.571097e+01
      vertex   -9.999286e+00 -3.415000e+01 1.568937e+01
    endloop
  endfacet
  facet normal 0.000000e+00 -1.000000e+00 0.000000e+00
    outer loop
      vertex   -9.999286e+00 -3.415000e+01 1.568937e+01
      vertex   -9.979564e+00 -3.415000e+01 1.571097e+01
      vertex   -9.993589e+00 -3.415000e+01 1.569701e+01
    endloop
  endfacet
  facet normal 0.000000e+00 -1.000000e+00 0.000000e+00
    outer loop
      vertex   -9.993589e+00 -3.415000e+01 1.569701e+01
      vertex   -9.979564e+00 -3.415000e+01 1.571097e+01
      vertex   -9.987891e+00 -3.415000e+01 1.570465e+01
    endloop
  endfacet
  facet normal 0.000000e+00 -1.000000e+00 0.000000e+00
    outer loop
      vertex   -9.987891e+00 -3.415000e+01 1.570465e+01
      vertex   -9.979564e+00 -3.415000e+01 1.571097e+01
      vertex   -9.984221e+00 -3.415000e+01 1.570806e+01
    endloop
  endfacet
  facet normal 0.000000e+00 -1.000000e+00 0.000000e+00
    outer loop
      vertex   -6.990199e+00 -3.415000e+01 1.428988e+01
      vertex   -4.784907e+00 -3.415000e+01 1.434585e+01
      vertex   -5.309983e+00 -3.415000e+01 1.525602e+01
    endloop
  endfacet
  facet normal 0.000000e+00 -1.000000e+00 0.000000e+00
    outer loop
      vertex   -5.309983e+00 -3.415000e+01 1.525602e+01
      vertex   -4.784907e+00 -3.415000e+01 1.434585e+01
      vertex   -3.734756e+00 -3.415000e+01 1.525602e+01
    endloop
  endfacet
  facet normal 0.000000e+00 -1.000000e+00 0.000000e+00
    outer loop
      vertex   -5.309983e+00 -3.415000e+01 1.525602e+01
      vertex   -3.734756e+00 -3.415000e+01 1.525602e+01
      vertex   -3.739629e+00 -3.415000e+01 1.532174e+01
    endloop
  endfacet
  facet normal 0.000000e+00 -1.000000e+00 -0.000000e+00
    outer loop
      vertex   -8.663209e+00 -3.415000e+01 1.525602e+01
      vertex   -9.188284e+00 -3.415000e+01 1.434585e+01
      vertex   -6.990199e+00 -3.415000e+01 1.428988e+01
    endloop
  endfacet
  facet normal -0.000000e+00 -1.000000e+00 0.000000e+00
    outer loop
      vertex   -6.990199e+00 -3.415000e+01 1.428988e+01
      vertex   -9.188284e+00 -3.415000e+01 1.434585e+01
      vertex   -7.515274e+00 -3.415000e+01 1.337972e+01
    endloop
  endfacet
  facet normal 0.000000e+00 -1.000000e+00 -0.000000e+00
    outer loop
      vertex   -6.990199e+00 -3.415000e+01 1.428988e+01
      vertex   -7.515274e+00 -3.415000e+01 1.337972e+01
      vertex   -6.465123e+00 -3.415000e+01 1.337972e+01
    endloop
  endfacet
  facet normal -0.000000e+00 -1.000000e+00 0.000000e+00
    outer loop
      vertex   -6.465123e+00 -3.415000e+01 1.337972e+01
      vertex   -7.515274e+00 -3.415000e+01 1.337972e+01
      vertex   -7.515274e+00 -3.415000e+01 1.144050e+01
    endloop
  endfacet
  facet normal 0.000000e+00 -1.000000e+00 -0.000000e+00
    outer loop
      vertex   -6.465123e+00 -3.415000e+01 1.337972e+01
      vertex   -7.515274e+00 -3.415000e+01 1.144050e+01
      vertex   -6.465123e+00 -3.415000e+01 1.144050e+01
    endloop
  endfacet
  facet normal -0.000000e+00 -1.000000e+00 0.000000e+00
    outer loop
      vertex   -6.465123e+00 -3.415000e+01 1.144050e+01
      vertex   -7.515274e+00 -3.415000e+01 1.144050e+01
      vertex   -7.238712e+00 -3.415000e+01 1.007439e+01
    endloop
  endfacet
  facet normal 0.000000e+00 -1.000000e+00 0.000000e+00
    outer loop
      vertex   -6.465123e+00 -3.415000e+01 1.144050e+01
      vertex   -7.238712e+00 -3.415000e+01 1.007439e+01
      vertex   -6.735429e+00 -3.415000e+01 1.007439e+01
    endloop
  endfacet
  facet normal -0.000000e+00 -1.000000e+00 0.000000e+00
    outer loop
      vertex   -6.735429e+00 -3.415000e+01 1.007439e+01
      vertex   -7.238712e+00 -3.415000e+01 1.007439e+01
      vertex   -7.236081e+00 -3.415000e+01 1.007356e+01
    endloop
  endfacet
  facet normal 0.000000e+00 -1.000000e+00 0.000000e+00
    outer loop
      vertex   -6.735429e+00 -3.415000e+01 1.007439e+01
      vertex   -7.236081e+00 -3.415000e+01 1.007356e+01
      vertex   -6.752300e+00 -3.415000e+01 1.006831e+01
    endloop
  endfacet
  facet normal 0.000000e+00 -1.000000e+00 0.000000e+00
    outer loop
      vertex   -6.752300e+00 -3.415000e+01 1.006831e+01
      vertex   -7.236081e+00 -3.415000e+01 1.007356e+01
      vertex   -7.233441e+00 -3.415000e+01 1.007233e+01
    endloop
  endfacet
  facet normal -0.000000e+00 -1.000000e+00 0.000000e+00
    outer loop
      vertex   -6.752300e+00 -3.415000e+01 1.006831e+01
      vertex   -7.233441e+00 -3.415000e+01 1.007233e+01
      vertex   -6.863288e+00 -3.415000e+01 1.002366e+01
    endloop
  endfacet
  facet normal -0.000000e+00 -1.000000e+00 0.000000e+00
    outer loop
      vertex   -6.863288e+00 -3.415000e+01 1.002366e+01
      vertex   -7.233441e+00 -3.415000e+01 1.007233e+01
      vertex   -7.111802e+00 -3.415000e+01 1.002366e+01
    endloop
  endfacet
  facet normal 0.000000e+00 -1.000000e+00 0.000000e+00
    outer loop
      vertex   -6.863288e+00 -3.415000e+01 1.002366e+01
      vertex   -7.111802e+00 -3.415000e+01 1.002366e+01
      vertex   -6.924458e+00 -3.415000e+01 1.001019e+01
    endloop
  endfacet
  facet normal -0.000000e+00 -1.000000e+00 0.000000e+00
    outer loop
      vertex   -6.924458e+00 -3.415000e+01 1.001019e+01
      vertex   -7.111802e+00 -3.415000e+01 1.002366e+01
      vertex   -7.051995e+00 -3.415000e+01 1.001019e+01
    endloop
  endfacet
  facet normal 0.000000e+00 -1.000000e+00 0.000000e+00
    outer loop
      vertex   -6.924458e+00 -3.415000e+01 1.001019e+01
      vertex   -7.051995e+00 -3.415000e+01 1.001019e+01
      vertex   -6.990199e+00 -3.415000e+01 1.000526e+01
    endloop
  endfacet
  facet normal 0.000000e+00 -1.000000e+00 0.000000e+00
    outer loop
      vertex   -6.465123e+00 -3.415000e+01 1.337972e+01
      vertex   -4.784907e+00 -3.415000e+01 1.434585e+01
      vertex   -6.990199e+00 -3.415000e+01 1.428988e+01
    endloop
  endfacet
  facet normal 0.000000e+00 -1.000000e+00 -0.000000e+00
    outer loop
      vertex   -3.734756e+00 -3.415000e+01 1.525602e+01
      vertex   -4.784907e+00 -3.415000e+01 1.434585e+01
      vertex   -3.734756e+00 -3.415000e+01 1.241358e+01
    endloop
  endfacet
  facet normal 0.000000e+00 -1.000000e+00 0.000000e+00
    outer loop
      vertex   -3.734756e+00 -3.415000e+01 1.241358e+01
      vertex   -4.784907e+00 -3.415000e+01 1.434585e+01
      vertex   -4.784907e+00 -3.415000e+01 1.241358e+01
    endloop
  endfacet
  facet normal -0.000000e+00 -1.000000e+00 0.000000e+00
    outer loop
      vertex   -3.734756e+00 -3.415000e+01 1.241358e+01
      vertex   -4.784907e+00 -3.415000e+01 1.241358e+01
      vertex   -4.259833e+00 -3.415000e+01 1.150342e+01
    endloop
  endfacet
  facet normal -0.000000e+00 -1.000000e+00 0.000000e+00
    outer loop
      vertex   -4.259833e+00 -3.415000e+01 1.150342e+01
      vertex   -4.784907e+00 -3.415000e+01 1.241358e+01
      vertex   -6.465123e+00 -3.415000e+01 1.144050e+01
    endloop
  endfacet
  facet normal 0.000000e+00 -1.000000e+00 0.000000e+00
    outer loop
      vertex   -4.259833e+00 -3.415000e+01 1.150342e+01
      vertex   -6.465123e+00 -3.415000e+01 1.144050e+01
      vertex   -6.724252e+00 -3.415000e+01 1.007526e+01
    endloop
  endfacet
  facet normal -0.000000e+00 -1.000000e+00 0.000000e+00
    outer loop
      vertex   -6.724252e+00 -3.415000e+01 1.007526e+01
      vertex   -6.465123e+00 -3.415000e+01 1.144050e+01
      vertex   -6.735429e+00 -3.415000e+01 1.007439e+01
    endloop
  endfacet
  facet normal 0.000000e+00 -1.000000e+00 -0.000000e+00
    outer loop
      vertex   -9.188284e+00 -3.415000e+01 1.241359e+01
      vertex   -9.713360e+00 -3.415000e+01 1.150342e+01
      vertex   -7.515274e+00 -3.415000e+01 1.144050e+01
    endloop
  endfacet
  facet normal -0.000000e+00 -1.000000e+00 -0.000000e+00
    outer loop
      vertex   -7.515274e+00 -3.415000e+01 1.144050e+01
      vertex   -9.713360e+00 -3.415000e+01 1.150342e+01
      vertex   -7.249327e+00 -3.415000e+01 1.007526e+01
    endloop
  endfacet
  facet normal 0.000000e+00 -1.000000e+00 0.000000e+00
    outer loop
      vertex   -7.515274e+00 -3.415000e+01 1.144050e+01
      vertex   -7.249327e+00 -3.415000e+01 1.007526e+01
      vertex   -7.238712e+00 -3.415000e+01 1.007439e+01
    endloop
  endfacet
  facet normal 0.000000e+00 -1.000000e+00 0.000000e+00
    outer loop
      vertex   -9.713360e+00 -3.415000e+01 1.150342e+01
      vertex   -9.188284e+00 -3.415000e+01 1.241359e+01
      vertex   -1.023844e+01 -3.415000e+01 1.241359e+01
    endloop
  endfacet
  facet normal 0.000000e+00 -1.000000e+00 0.000000e+00
    outer loop
      vertex   -1.023844e+01 -3.415000e+01 1.241359e+01
      vertex   -9.188284e+00 -3.415000e+01 1.241359e+01
      vertex   -9.188284e+00 -3.415000e+01 1.434585e+01
    endloop
  endfacet
  facet normal 0.000000e+00 -1.000000e+00 0.000000e+00
    outer loop
      vertex   -1.023844e+01 -3.415000e+01 1.241359e+01
      vertex   -9.188284e+00 -3.415000e+01 1.434585e+01
      vertex   -1.023844e+01 -3.415000e+01 1.525602e+01
    endloop
  endfacet
  facet normal 0.000000e+00 -1.000000e+00 0.000000e+00
    outer loop
      vertex   -1.023844e+01 -3.415000e+01 1.525602e+01
      vertex   -9.188284e+00 -3.415000e+01 1.434585e+01
      vertex   -8.663209e+00 -3.415000e+01 1.525602e+01
    endloop
  endfacet
  facet normal 0.000000e+00 -1.000000e+00 0.000000e+00
    outer loop
      vertex   -1.023844e+01 -3.415000e+01 1.525602e+01
      vertex   -8.663209e+00 -3.415000e+01 1.525602e+01
      vertex   -1.023356e+01 -3.415000e+01 1.532174e+01
    endloop
  endfacet
  facet normal 0.000000e+00 -1.000000e+00 0.000000e+00
    outer loop
      vertex   -1.023356e+01 -3.415000e+01 1.532174e+01
      vertex   -8.663209e+00 -3.415000e+01 1.525602e+01
      vertex   -1.022020e+01 -3.415000e+01 1.538290e+01
    endloop
  endfacet
  facet normal 0.000000e+00 -1.000000e+00 0.000000e+00
    outer loop
      vertex   -1.022020e+01 -3.415000e+01 1.538290e+01
      vertex   -8.663209e+00 -3.415000e+01 1.525602e+01
      vertex   -1.017552e+01 -3.415000e+01 1.549404e+01
    endloop
  endfacet
  facet normal 0.000000e+00 -1.000000e+00 0.000000e+00
    outer loop
      vertex   -1.017552e+01 -3.415000e+01 1.549404e+01
      vertex   -8.663209e+00 -3.415000e+01 1.525602e+01
      vertex   -1.000296e+01 -3.415000e+01 1.568596e+01
    endloop
  endfacet
  facet normal 0.000000e+00 -1.000000e+00 0.000000e+00
    outer loop
      vertex   -1.017552e+01 -3.415000e+01 1.549404e+01
      vertex   -1.000296e+01 -3.415000e+01 1.568596e+01
      vertex   -1.014065e+01 -3.415000e+01 1.555001e+01
    endloop
  endfacet
  facet normal 0.000000e+00 -1.000000e+00 0.000000e+00
    outer loop
      vertex   -1.014065e+01 -3.415000e+01 1.555001e+01
      vertex   -1.000296e+01 -3.415000e+01 1.568596e+01
      vertex   -1.000761e+01 -3.415000e+01 1.568305e+01
    endloop
  endfacet
  facet normal 0.000000e+00 -1.000000e+00 0.000000e+00
    outer loop
      vertex   -1.014065e+01 -3.415000e+01 1.555001e+01
      vertex   -1.000761e+01 -3.415000e+01 1.568305e+01
      vertex   -1.008195e+01 -3.415000e+01 1.562445e+01
    endloop
  endfacet
  facet normal -0.000000e+00 -1.000000e+00 0.000000e+00
    outer loop
      vertex   -1.347307e+00 -3.415000e+01 1.030383e+01
      vertex   -1.284491e+00 -3.415000e+01 1.039035e+01
      vertex   -1.998573e+00 -3.415000e+01 1.020135e+01
    endloop
  endfacet
  facet normal 0.000000e+00 -1.000000e+00 0.000000e+00
    outer loop
      vertex   -1.998573e+00 -3.415000e+01 1.020135e+01
      vertex   -1.284491e+00 -3.415000e+01 1.039035e+01
      vertex   -1.240220e+00 -3.415000e+01 1.048762e+01
    endloop
  endfacet
  facet normal 0.000000e+00 -1.000000e+00 0.000000e+00
    outer loop
      vertex   -1.998573e+00 -3.415000e+01 1.020135e+01
      vertex   -1.240220e+00 -3.415000e+01 1.048762e+01
      vertex   -1.217331e+00 -3.415000e+01 1.058850e+01
    endloop
  endfacet
  facet normal -0.000000e+00 -1.000000e+00 0.000000e+00
    outer loop
      vertex   -1.217331e+00 -3.415000e+01 1.058850e+01
      vertex   -1.214829e+00 -3.415000e+01 1.069005e+01
      vertex   -1.998573e+00 -3.415000e+01 1.020135e+01
    endloop
  endfacet
  facet normal 0.000000e+00 -1.000000e+00 0.000000e+00
    outer loop
      vertex   -1.998573e+00 -3.415000e+01 1.020135e+01
      vertex   -1.214829e+00 -3.415000e+01 1.069005e+01
      vertex   -1.231723e+00 -3.415000e+01 1.078931e+01
    endloop
  endfacet
  facet normal 0.000000e+00 -1.000000e+00 0.000000e+00
    outer loop
      vertex   -1.998573e+00 -3.415000e+01 1.020135e+01
      vertex   -1.231723e+00 -3.415000e+01 1.078931e+01
      vertex   -1.267017e+00 -3.415000e+01 1.088332e+01
    endloop
  endfacet
  facet normal -0.000000e+00 -1.000000e+00 0.000000e+00
    outer loop
      vertex   -1.267017e+00 -3.415000e+01 1.088332e+01
      vertex   -1.319718e+00 -3.415000e+01 1.096912e+01
      vertex   -1.998573e+00 -3.415000e+01 1.020135e+01
    endloop
  endfacet
  facet normal 0.000000e+00 -1.000000e+00 0.000000e+00
    outer loop
      vertex   -1.998573e+00 -3.415000e+01 1.020135e+01
      vertex   -1.319718e+00 -3.415000e+01 1.096912e+01
      vertex   -1.388833e+00 -3.415000e+01 1.104377e+01
    endloop
  endfacet
  facet normal 0.000000e+00 -1.000000e+00 0.000000e+00
    outer loop
      vertex   -1.998573e+00 -3.415000e+01 1.020135e+01
      vertex   -1.388833e+00 -3.415000e+01 1.104377e+01
      vertex   -1.473368e+00 -3.415000e+01 1.110431e+01
    endloop
  endfacet
  facet normal 0.000000e+00 -1.000000e+00 0.000000e+00
    outer loop
      vertex   -1.998573e+00 -3.415000e+01 1.020135e+01
      vertex   -1.473368e+00 -3.415000e+01 1.110431e+01
      vertex   -4.259833e+00 -3.415000e+01 1.150342e+01
    endloop
  endfacet
  facet normal 0.000000e+00 -1.000000e+00 0.000000e+00
    outer loop
      vertex   -4.259833e+00 -3.415000e+01 1.150342e+01
      vertex   -1.473368e+00 -3.415000e+01 1.110431e+01
      vertex   -3.734756e+00 -3.415000e+01 1.241358e+01
    endloop
  endfacet
  facet normal -0.000000e+00 -1.000000e+00 0.000000e+00
    outer loop
      vertex   -3.739629e+00 -3.415000e+01 1.532174e+01
      vertex   -3.752994e+00 -3.415000e+01 1.538290e+01
      vertex   -5.309983e+00 -3.415000e+01 1.525602e+01
    endloop
  endfacet
  facet normal 0.000000e+00 -1.000000e+00 0.000000e+00
    outer loop
      vertex   -5.309983e+00 -3.415000e+01 1.525602e+01
      vertex   -3.752994e+00 -3.415000e+01 1.538290e+01
      vertex   -3.797673e+00 -3.415000e+01 1.549404e+01
    endloop
  endfacet
  facet normal 0.000000e+00 -1.000000e+00 0.000000e+00
    outer loop
      vertex   -5.309983e+00 -3.415000e+01 1.525602e+01
      vertex   -3.797673e+00 -3.415000e+01 1.549404e+01
      vertex   -3.832541e+00 -3.415000e+01 1.555001e+01
    endloop
  endfacet
  facet normal -0.000000e+00 -1.000000e+00 0.000000e+00
    outer loop
      vertex   -3.832541e+00 -3.415000e+01 1.555001e+01
      vertex   -3.893945e+00 -3.415000e+01 1.562184e+01
      vertex   -5.309983e+00 -3.415000e+01 1.525602e+01
    endloop
  endfacet
  facet normal 0.000000e+00 -1.000000e+00 0.000000e+00
    outer loop
      vertex   -5.309983e+00 -3.415000e+01 1.525602e+01
      vertex   -3.893945e+00 -3.415000e+01 1.562184e+01
      vertex   -3.970641e+00 -3.415000e+01 1.568596e+01
    endloop
  endfacet
  facet normal 0.000000e+00 -1.000000e+00 0.000000e+00
    outer loop
      vertex   -5.309983e+00 -3.415000e+01 1.525602e+01
      vertex   -3.970641e+00 -3.415000e+01 1.568596e+01
      vertex   -3.975081e+00 -3.415000e+01 1.568937e+01
    endloop
  endfacet
  facet normal 0.000000e+00 -1.000000e+00 0.000000e+00
    outer loop
      vertex   -3.893945e+00 -3.415000e+01 1.562184e+01
      vertex   -3.965578e+00 -3.415000e+01 1.568305e+01
      vertex   -3.970641e+00 -3.415000e+01 1.568596e+01
    endloop
  endfacet
  facet normal -0.000000e+00 -1.000000e+00 0.000000e+00
    outer loop
      vertex   -3.975081e+00 -3.415000e+01 1.568937e+01
      vertex   -3.982449e+00 -3.415000e+01 1.569701e+01
      vertex   -5.309983e+00 -3.415000e+01 1.525602e+01
    endloop
  endfacet
  facet normal 0.000000e+00 -1.000000e+00 0.000000e+00
    outer loop
      vertex   -5.309983e+00 -3.415000e+01 1.525602e+01
      vertex   -3.982449e+00 -3.415000e+01 1.569701e+01
      vertex   -3.993628e+00 -3.415000e+01 1.571097e+01
    endloop
  endfacet
  facet normal 0.000000e+00 -1.000000e+00 0.000000e+00
    outer loop
      vertex   -5.309983e+00 -3.415000e+01 1.525602e+01
      vertex   -3.993628e+00 -3.415000e+01 1.571097e+01
      vertex   -6.465124e+00 -3.415000e+01 1.713926e+01
    endloop
  endfacet
  facet normal 0.000000e+00 -1.000000e+00 0.000000e+00
    outer loop
      vertex   -7.515275e+00 -3.415000e+01 1.713219e+01
      vertex   -6.465124e+00 -3.415000e+01 1.713926e+01
      vertex   -7.515275e+00 -3.415000e+01 1.893849e+01
    endloop
  endfacet
  facet normal 0.000000e+00 -1.000000e+00 0.000000e+00
    outer loop
      vertex   -7.515275e+00 -3.415000e+01 1.893849e+01
      vertex   -6.465124e+00 -3.415000e+01 1.713926e+01
      vertex   -6.465124e+00 -3.415000e+01 1.893849e+01
    endloop
  endfacet
  facet normal 0.000000e+00 -1.000000e+00 0.000000e+00
    outer loop
      vertex   -7.515275e+00 -3.415000e+01 1.893849e+01
      vertex   -6.465124e+00 -3.415000e+01 1.893849e+01
      vertex   -7.504491e+00 -3.415000e+01 1.904343e+01
    endloop
  endfacet
  facet normal 0.000000e+00 -1.000000e+00 0.000000e+00
    outer loop
      vertex   -7.504491e+00 -3.415000e+01 1.904343e+01
      vertex   -6.465124e+00 -3.415000e+01 1.893849e+01
      vertex   -6.475627e+00 -3.415000e+01 1.904343e+01
    endloop
  endfacet
  facet normal 0.000000e+00 -1.000000e+00 0.000000e+00
    outer loop
      vertex   -7.504491e+00 -3.415000e+01 1.904343e+01
      vertex   -6.475627e+00 -3.415000e+01 1.904343e+01
      vertex   -7.473616e+00 -3.415000e+01 1.914158e+01
    endloop
  endfacet
  facet normal 0.000000e+00 -1.000000e+00 0.000000e+00
    outer loop
      vertex   -7.473616e+00 -3.415000e+01 1.914158e+01
      vertex   -6.475627e+00 -3.415000e+01 1.904343e+01
      vertex   -6.505823e+00 -3.415000e+01 1.914158e+01
    endloop
  endfacet
  facet normal 0.000000e+00 -1.000000e+00 0.000000e+00
    outer loop
      vertex   -7.473616e+00 -3.415000e+01 1.914158e+01
      vertex   -6.505823e+00 -3.415000e+01 1.914158e+01
      vertex   -7.424858e+00 -3.415000e+01 1.923072e+01
    endloop
  endfacet
  facet normal 0.000000e+00 -1.000000e+00 0.000000e+00
    outer loop
      vertex   -7.424858e+00 -3.415000e+01 1.923072e+01
      vertex   -6.505823e+00 -3.415000e+01 1.914158e+01
      vertex   -6.553742e+00 -3.415000e+01 1.923072e+01
    endloop
  endfacet
  facet normal 0.000000e+00 -1.000000e+00 0.000000e+00
    outer loop
      vertex   -7.424858e+00 -3.415000e+01 1.923072e+01
      vertex   -6.553742e+00 -3.415000e+01 1.923072e+01
      vertex   -7.360428e+00 -3.415000e+01 1.930863e+01
    endloop
  endfacet
  facet normal 0.000000e+00 -1.000000e+00 0.000000e+00
    outer loop
      vertex   -7.360428e+00 -3.415000e+01 1.930863e+01
      vertex   -6.553742e+00 -3.415000e+01 1.923072e+01
      vertex   -6.617413e+00 -3.415000e+01 1.930863e+01
    endloop
  endfacet
  facet normal 0.000000e+00 -1.000000e+00 0.000000e+00
    outer loop
      vertex   -7.360428e+00 -3.415000e+01 1.930863e+01
      vertex   -6.617413e+00 -3.415000e+01 1.930863e+01
      vertex   -7.282537e+00 -3.415000e+01 1.937308e+01
    endloop
  endfacet
  facet normal 0.000000e+00 -1.000000e+00 0.000000e+00
    outer loop
      vertex   -7.282537e+00 -3.415000e+01 1.937308e+01
      vertex   -6.617413e+00 -3.415000e+01 1.930863e+01
      vertex   -6.694864e+00 -3.415000e+01 1.937308e+01
    endloop
  endfacet
  facet normal 0.000000e+00 -1.000000e+00 0.000000e+00
    outer loop
      vertex   -7.282537e+00 -3.415000e+01 1.937308e+01
      vertex   -6.694864e+00 -3.415000e+01 1.937308e+01
      vertex   -6.784126e+00 -3.415000e+01 1.942187e+01
    endloop
  endfacet
  facet normal 0.000000e+00 -1.000000e+00 0.000000e+00
    outer loop
      vertex   -7.282537e+00 -3.415000e+01 1.937308e+01
      vertex   -6.784126e+00 -3.415000e+01 1.942187e+01
      vertex   -7.193395e+00 -3.415000e+01 1.942187e+01
    endloop
  endfacet
  facet normal 0.000000e+00 -1.000000e+00 0.000000e+00
    outer loop
      vertex   -7.193395e+00 -3.415000e+01 1.942187e+01
      vertex   -6.784126e+00 -3.415000e+01 1.942187e+01
      vertex   -6.883228e+00 -3.415000e+01 1.945277e+01
    endloop
  endfacet
  facet normal 0.000000e+00 -1.000000e+00 0.000000e+00
    outer loop
      vertex   -7.193395e+00 -3.415000e+01 1.942187e+01
      vertex   -6.883228e+00 -3.415000e+01 1.945277e+01
      vertex   -7.095212e+00 -3.415000e+01 1.945277e+01
    endloop
  endfacet
  facet normal 0.000000e+00 -1.000000e+00 0.000000e+00
    outer loop
      vertex   -7.095212e+00 -3.415000e+01 1.945277e+01
      vertex   -6.883228e+00 -3.415000e+01 1.945277e+01
      vertex   -6.990199e+00 -3.415000e+01 1.946357e+01
    endloop
  endfacet
  facet normal 0.000000e+00 -1.000000e+00 -0.000000e+00
    outer loop
      vertex   -9.999286e+00 -3.415000e+01 1.568937e+01
      vertex   -1.000296e+01 -3.415000e+01 1.568596e+01
      vertex   -8.663209e+00 -3.415000e+01 1.525602e+01
    endloop
  endfacet
  facet normal 0.000000e+00 -1.000000e+00 0.000000e+00
    outer loop
      vertex   -1.014065e+01 -3.415000e+01 1.555001e+01
      vertex   -1.016079e+01 -3.415000e+01 1.552203e+01
      vertex   -1.017552e+01 -3.415000e+01 1.549404e+01
    endloop
  endfacet
  facet normal 0.000000e+00 -1.000000e+00 0.000000e+00
    outer loop
      vertex   -1.017552e+01 -3.415000e+01 1.549404e+01
      vertex   -1.016079e+01 -3.415000e+01 1.552203e+01
      vertex   -1.016917e+01 -3.415000e+01 1.550869e+01
    endloop
  endfacet
  facet normal 0.000000e+00 -1.000000e+00 -0.000000e+00
    outer loop
      vertex   -1.023844e+01 -3.415000e+01 1.241359e+01
      vertex   -1.250008e+01 -3.415000e+01 1.111138e+01
      vertex   -9.713360e+00 -3.415000e+01 1.150342e+01
    endloop
  endfacet
  facet normal 0.000000e+00 -1.000000e+00 0.000000e+00
    outer loop
      vertex   -9.713360e+00 -3.415000e+01 1.150342e+01
      vertex   -1.250008e+01 -3.415000e+01 1.111138e+01
      vertex   -1.197501e+01 -3.415000e+01 1.020135e+01
    endloop
  endfacet
  facet normal 0.000000e+00 -1.000000e+00 0.000000e+00
    outer loop
      vertex   -1.197501e+01 -3.415000e+01 1.020135e+01
      vertex   -1.250008e+01 -3.415000e+01 1.111138e+01
      vertex   -1.258686e+01 -3.415000e+01 1.104855e+01
    endloop
  endfacet
  facet normal 0.000000e+00 -1.000000e+00 0.000000e+00
    outer loop
      vertex   -1.197501e+01 -3.415000e+01 1.020135e+01
      vertex   -1.258686e+01 -3.415000e+01 1.104855e+01
      vertex   -1.265764e+01 -3.415000e+01 1.097216e+01
    endloop
  endfacet
  facet normal 0.000000e+00 -1.000000e+00 -0.000000e+00
    outer loop
      vertex   -1.265764e+01 -3.415000e+01 1.097216e+01
      vertex   -1.271153e+01 -3.415000e+01 1.088510e+01
      vertex   -1.197501e+01 -3.415000e+01 1.020135e+01
    endloop
  endfacet
  facet normal 0.000000e+00 -1.000000e+00 0.000000e+00
    outer loop
      vertex   -1.197501e+01 -3.415000e+01 1.020135e+01
      vertex   -1.271153e+01 -3.415000e+01 1.088510e+01
      vertex   -1.274761e+01 -3.415000e+01 1.079024e+01
    endloop
  endfacet
  facet normal 0.000000e+00 -1.000000e+00 0.000000e+00
    outer loop
      vertex   -1.197501e+01 -3.415000e+01 1.020135e+01
      vertex   -1.274761e+01 -3.415000e+01 1.079024e+01
      vertex   -1.276500e+01 -3.415000e+01 1.069046e+01
    endloop
  endfacet
  facet normal 0.000000e+00 -1.000000e+00 0.000000e+00
    outer loop
      vertex   -1.276500e+01 -3.415000e+01 1.069046e+01
      vertex   -1.276278e+01 -3.415000e+01 1.058863e+01
      vertex   -1.197501e+01 -3.415000e+01 1.020135e+01
    endloop
  endfacet
  facet normal 0.000000e+00 -1.000000e+00 0.000000e+00
    outer loop
      vertex   -1.197501e+01 -3.415000e+01 1.020135e+01
      vertex   -1.276278e+01 -3.415000e+01 1.058863e+01
      vertex   -1.274005e+01 -3.415000e+01 1.048764e+01
    endloop
  endfacet
  facet normal 0.000000e+00 -1.000000e+00 0.000000e+00
    outer loop
      vertex   -1.197501e+01 -3.415000e+01 1.020135e+01
      vertex   -1.274005e+01 -3.415000e+01 1.048764e+01
      vertex   -1.269591e+01 -3.415000e+01 1.039035e+01
    endloop
  endfacet
  facet normal 0.000000e+00 -1.000000e+00 0.000000e+00
    outer loop
      vertex   -1.269591e+01 -3.415000e+01 1.039035e+01
      vertex   -1.263308e+01 -3.415000e+01 1.030383e+01
      vertex   -1.197501e+01 -3.415000e+01 1.020135e+01
    endloop
  endfacet
  facet normal 0.000000e+00 -1.000000e+00 0.000000e+00
    outer loop
      vertex   -1.197501e+01 -3.415000e+01 1.020135e+01
      vertex   -1.263308e+01 -3.415000e+01 1.030383e+01
      vertex   -1.255670e+01 -3.415000e+01 1.023381e+01
    endloop
  endfacet
  facet normal -0.000000e+00 -1.000000e+00 0.000000e+00
    outer loop
      vertex   -1.197501e+01 -3.415000e+01 1.020135e+01
      vertex   -1.255670e+01 -3.415000e+01 1.023381e+01
      vertex   -1.246966e+01 -3.415000e+01 1.018101e+01
    endloop
  endfacet
  facet normal 0.000000e+00 -1.000000e+00 0.000000e+00
    outer loop
      vertex   -1.246966e+01 -3.415000e+01 1.018101e+01
      vertex   -1.237483e+01 -3.415000e+01 1.014618e+01
      vertex   -1.197501e+01 -3.415000e+01 1.020135e+01
    endloop
  endfacet
  facet normal 0.000000e+00 -1.000000e+00 0.000000e+00
    outer loop
      vertex   -1.197501e+01 -3.415000e+01 1.020135e+01
      vertex   -1.237483e+01 -3.415000e+01 1.014618e+01
      vertex   -1.227507e+01 -3.415000e+01 1.013006e+01
    endloop
  endfacet
  facet normal 0.000000e+00 -1.000000e+00 0.000000e+00
    outer loop
      vertex   -1.197501e+01 -3.415000e+01 1.020135e+01
      vertex   -1.227507e+01 -3.415000e+01 1.013006e+01
      vertex   -1.207228e+01 -3.415000e+01 1.015691e+01
    endloop
  endfacet
  facet normal 0.000000e+00 -1.000000e+00 0.000000e+00
    outer loop
      vertex   -1.207228e+01 -3.415000e+01 1.015691e+01
      vertex   -1.227507e+01 -3.415000e+01 1.013006e+01
      vertex   -1.217326e+01 -3.415000e+01 1.013339e+01
    endloop
  endfacet
  facet normal 0.000000e+00 -1.000000e+00 0.000000e+00
    outer loop
      vertex   -7.233441e+00 -3.415000e+01 1.007233e+01
      vertex   -7.228097e+00 -3.415000e+01 1.006831e+01
      vertex   -7.111802e+00 -3.415000e+01 1.002366e+01
    endloop
  endfacet
  facet normal 0.000000e+00 -1.000000e+00 0.000000e+00
    outer loop
      vertex   -1.903545e+00 -3.415000e+01 1.015691e+01
      vertex   -1.703664e+00 -3.415000e+01 1.013006e+01
      vertex   -1.998573e+00 -3.415000e+01 1.020135e+01
    endloop
  endfacet
  facet normal 0.000000e+00 -1.000000e+00 0.000000e+00
    outer loop
      vertex   -1.998573e+00 -3.415000e+01 1.020135e+01
      vertex   -1.703664e+00 -3.415000e+01 1.013006e+01
      vertex   -1.604718e+00 -3.415000e+01 1.014618e+01
    endloop
  endfacet
  facet normal 0.000000e+00 -1.000000e+00 0.000000e+00
    outer loop
      vertex   -1.998573e+00 -3.415000e+01 1.020135e+01
      vertex   -1.604718e+00 -3.415000e+01 1.014618e+01
      vertex   -1.510375e+00 -3.415000e+01 1.018101e+01
    endloop
  endfacet
  facet normal 0.000000e+00 -1.000000e+00 0.000000e+00
    outer loop
      vertex   -1.903545e+00 -3.415000e+01 1.015691e+01
      vertex   -1.804257e+00 -3.415000e+01 1.013339e+01
      vertex   -1.703664e+00 -3.415000e+01 1.013006e+01
    endloop
  endfacet
  facet normal 0.000000e+00 -1.000000e+00 0.000000e+00
    outer loop
      vertex   -1.510375e+00 -3.415000e+01 1.018101e+01
      vertex   -1.423586e+00 -3.415000e+01 1.023381e+01
      vertex   -1.998573e+00 -3.415000e+01 1.020135e+01
    endloop
  endfacet
  facet normal 0.000000e+00 -1.000000e+00 0.000000e+00
    outer loop
      vertex   -1.998573e+00 -3.415000e+01 1.020135e+01
      vertex   -1.423586e+00 -3.415000e+01 1.023381e+01
      vertex   -1.347307e+00 -3.415000e+01 1.030383e+01
    endloop
  endfacet
  facet normal -0.000000e+00 -1.000000e+00 0.000000e+00
    outer loop
      vertex   -5.309983e+00 -3.425000e+01 1.525602e+01
      vertex   -6.990199e+00 -3.425000e+01 1.622910e+01
      vertex   -6.990199e+00 -3.425000e+01 1.428988e+01
    endloop
  endfacet
  facet normal 0.000000e+00 -1.000000e+00 0.000000e+00
    outer loop
      vertex   -6.990199e+00 -3.425000e+01 1.428988e+01
      vertex   -6.990199e+00 -3.425000e+01 1.622910e+01
      vertex   -8.663209e+00 -3.425000e+01 1.525602e+01
    endloop
  endfacet
  facet normal -2.114439e-15 -1.000000e+00 -3.677248e-15
    outer loop
      vertex   -4.784907e+00 -3.425000e+01 1.434585e+01
      vertex   -6.465123e+00 -3.425000e+01 1.337972e+01
      vertex   -4.784907e+00 -3.425000e+01 1.241358e+01
    endloop
  endfacet
  facet normal -0.000000e+00 -1.000000e+00 0.000000e+00
    outer loop
      vertex   -4.784907e+00 -3.425000e+01 1.241358e+01
      vertex   -6.465123e+00 -3.425000e+01 1.337972e+01
      vertex   -6.465123e+00 -3.425000e+01 1.144050e+01
    endloop
  endfacet
  facet normal 1.305262e-01 9.914449e-01 -0.000000e+00
    outer loop
      vertex   -1.350000e+01 -2.500000e+01 -2.499999e-01
      vertex   -1.350000e+01 -2.500000e+01 4.750000e+00
      vertex   -1.337059e+01 -2.501704e+01 2.500000e+00
    endloop
  endfacet
  facet normal 4.929880e-02 9.987729e-01 -4.727309e-03
    outer loop
      vertex   -1.337059e+01 -2.501704e+01 2.500000e+00
      vertex   -1.350000e+01 -2.500000e+01 4.750000e+00
      vertex   -1.345099e+01 -2.500241e+01 4.752408e+00
    endloop
  endfacet
  facet normal 1.469018e-01 9.891504e-01 -1.180819e-03
    outer loop
      vertex   -1.337059e+01 -2.501704e+01 2.500000e+00
      vertex   -1.345099e+01 -2.500241e+01 4.752408e+00
      vertex   -1.340246e+01 -2.500961e+01 4.759608e+00
    endloop
  endfacet
  facet normal 2.900226e-01 9.570193e-01 9.430803e-04
    outer loop
      vertex   -1.340246e+01 -2.500961e+01 4.759608e+00
      vertex   -1.330866e+01 -2.503806e+01 4.788060e+00
      vertex   -1.337059e+01 -2.501704e+01 2.500000e+00
    endloop
  endfacet
  facet normal 3.826828e-01 9.238779e-01 -1.869514e-03
    outer loop
      vertex   -1.337059e+01 -2.501704e+01 2.500000e+00
      vertex   -1.330866e+01 -2.503806e+01 4.788060e+00
      vertex   -1.325000e+01 -2.506699e+01 2.500000e+00
    endloop
  endfacet
  facet normal 3.826834e-01 9.238795e-01 0.000000e+00
    outer loop
      vertex   -1.337059e+01 -2.501704e+01 2.500000e+00
      vertex   -1.325000e+01 -2.506699e+01 2.500000e+00
      vertex   -1.325000e+01 -2.506699e+01 -2.499999e-01
    endloop
  endfacet
  facet normal 6.087614e-01 7.933533e-01 -0.000000e+00
    outer loop
      vertex   -1.325000e+01 -2.506699e+01 -2.499999e-01
      vertex   -1.325000e+01 -2.506699e+01 2.500000e+00
      vertex   -1.314645e+01 -2.514645e+01 -2.499999e-01
    endloop
  endfacet
  facet normal 6.087614e-01 7.933533e-01 -0.000000e+00
    outer loop
      vertex   -1.314645e+01 -2.514645e+01 -2.499999e-01
      vertex   -1.325000e+01 -2.506699e+01 2.500000e+00
      vertex   -1.314645e+01 -2.514645e+01 2.500000e+00
    endloop
  endfacet
  facet normal 7.933533e-01 6.087614e-01 -0.000000e+00
    outer loop
      vertex   -1.314645e+01 -2.514645e+01 -2.499999e-01
      vertex   -1.314645e+01 -2.514645e+01 2.500000e+00
      vertex   -1.306699e+01 -2.525000e+01 -2.499999e-01
    endloop
  endfacet
  facet normal 7.933533e-01 6.087614e-01 -0.000000e+00
    outer loop
      vertex   -1.306699e+01 -2.525000e+01 -2.499999e-01
      vertex   -1.314645e+01 -2.514645e+01 2.500000e+00
      vertex   -1.306699e+01 -2.525000e+01 2.500000e+00
    endloop
  endfacet
  facet normal 9.238795e-01 3.826834e-01 -0.000000e+00
    outer loop
      vertex   -1.306699e+01 -2.525000e+01 -2.499999e-01
      vertex   -1.306699e+01 -2.525000e+01 2.500000e+00
      vertex   -1.301704e+01 -2.537059e+01 -2.499999e-01
    endloop
  endfacet
  facet normal 9.238795e-01 3.826834e-01 5.967781e-16
    outer loop
      vertex   -1.301704e+01 -2.537059e+01 -2.499999e-01
      vertex   -1.306699e+01 -2.525000e+01 2.500000e+00
      vertex   -1.301704e+01 -2.537059e+01 2.500000e+00
    endloop
  endfacet
  facet normal 9.914449e-01 1.305262e-01 6.404218e-16
    outer loop
      vertex   -1.301704e+01 -2.537059e+01 -2.499999e-01
      vertex   -1.301704e+01 -2.537059e+01 2.500000e+00
      vertex   -1.300000e+01 -2.550000e+01 -2.499999e-01
    endloop
  endfacet
  facet normal 9.886002e-01 1.505612e-01 -9.604290e-04
    outer loop
      vertex   -1.300000e+01 -2.550000e+01 -2.499999e-01
      vertex   -1.301704e+01 -2.537059e+01 2.500000e+00
      vertex   -1.300961e+01 -2.540246e+01 5.152455e+00
    endloop
  endfacet
  facet normal 9.951847e-01 9.801714e-02 -0.000000e+00
    outer loop
      vertex   -1.300000e+01 -2.550000e+01 -2.499999e-01
      vertex   -1.300961e+01 -2.540246e+01 5.152455e+00
      vertex   -1.300000e+01 -2.550000e+01 5.250000e+00
    endloop
  endfacet
  facet normal 4.710128e-01 8.821259e-01 9.228310e-04
    outer loop
      vertex   -1.330866e+01 -2.503806e+01 4.788060e+00
      vertex   -1.322222e+01 -2.508427e+01 4.834265e+00
      vertex   -1.325000e+01 -2.506699e+01 2.500000e+00
    endloop
  endfacet
  facet normal 6.087609e-01 7.933526e-01 -1.373892e-03
    outer loop
      vertex   -1.325000e+01 -2.506699e+01 2.500000e+00
      vertex   -1.322222e+01 -2.508427e+01 4.834265e+00
      vertex   -1.314645e+01 -2.514645e+01 2.500000e+00
    endloop
  endfacet
  facet normal 6.343933e-01 7.730105e-01 0.000000e+00
    outer loop
      vertex   -1.322222e+01 -2.508427e+01 4.834265e+00
      vertex   -1.314645e+01 -2.514645e+01 4.896447e+00
      vertex   -1.314645e+01 -2.514645e+01 2.500000e+00
    endloop
  endfacet
  facet normal 7.730105e-01 6.343933e-01 -0.000000e+00
    outer loop
      vertex   -1.314645e+01 -2.514645e+01 2.500000e+00
      vertex   -1.314645e+01 -2.514645e+01 4.896447e+00
      vertex   -1.308427e+01 -2.522222e+01 4.972215e+00
    endloop
  endfacet
  facet normal 7.933527e-01 6.087609e-01 -1.297229e-03
    outer loop
      vertex   -1.314645e+01 -2.514645e+01 2.500000e+00
      vertex   -1.308427e+01 -2.522222e+01 4.972215e+00
      vertex   -1.306699e+01 -2.525000e+01 2.500000e+00
    endloop
  endfacet
  facet normal 8.815650e-01 4.720619e-01 8.556263e-04
    outer loop
      vertex   -1.306699e+01 -2.525000e+01 2.500000e+00
      vertex   -1.308427e+01 -2.522222e+01 4.972215e+00
      vertex   -1.303806e+01 -2.530866e+01 5.058659e+00
    endloop
  endfacet
  facet normal 9.238782e-01 3.826829e-01 -1.671799e-03
    outer loop
      vertex   -1.306699e+01 -2.525000e+01 2.500000e+00
      vertex   -1.303806e+01 -2.530866e+01 5.058659e+00
      vertex   -1.301704e+01 -2.537059e+01 2.500000e+00
    endloop
  endfacet
  facet normal 9.567129e-01 2.910321e-01 8.163892e-04
    outer loop
      vertex   -1.301704e+01 -2.537059e+01 2.500000e+00
      vertex   -1.303806e+01 -2.530866e+01 5.058659e+00
      vertex   -1.300961e+01 -2.540246e+01 5.152455e+00
    endloop
  endfacet
  facet normal 3.826834e-01 9.238795e-01 0.000000e+00
    outer loop
      vertex   -1.325000e+01 -2.506699e+01 -2.499999e-01
      vertex   -1.337059e+01 -2.501704e+01 -2.499999e-01
      vertex   -1.337059e+01 -2.501704e+01 2.500000e+00
    endloop
  endfacet
  facet normal 1.305262e-01 9.914449e-01 0.000000e+00
    outer loop
      vertex   -1.337059e+01 -2.501704e+01 2.500000e+00
      vertex   -1.337059e+01 -2.501704e+01 -2.499999e-01
      vertex   -1.350000e+01 -2.500000e+01 -2.499999e-01
    endloop
  endfacet
  facet normal 1.000000e+00 0.000000e+00 -0.000000e+00
    outer loop
      vertex   -1.300000e+01 -2.550000e+01 -2.499999e-01
      vertex   -1.300000e+01 -2.550000e+01 5.250000e+00
      vertex   -1.300000e+01 -2.925000e+01 -2.500001e-01
    endloop
  endfacet
  facet normal 1.000000e+00 0.000000e+00 -0.000000e+00
    outer loop
      vertex   -1.300000e+01 -2.925000e+01 -2.500001e-01
      vertex   -1.300000e+01 -2.550000e+01 5.250000e+00
      vertex   -1.300000e+01 -2.925000e+01 9.000000e+00
    endloop
  endfacet
  facet normal -1.596854e-13 7.071068e-01 7.071068e-01
    outer loop
      vertex   -1.300961e+01 -2.540246e+01 5.152455e+00
      vertex   -1.303806e+01 -2.530866e+01 5.058659e+00
      vertex   -1.300000e+01 -2.550000e+01 5.250000e+00
    endloop
  endfacet
  facet normal 5.480309e-14 7.071068e-01 7.071068e-01
    outer loop
      vertex   -1.300000e+01 -2.550000e+01 5.250000e+00
      vertex   -1.303806e+01 -2.530866e+01 5.058659e+00
      vertex   -1.308427e+01 -2.522222e+01 4.972215e+00
    endloop
  endfacet
  facet normal -3.334580e-14 7.071068e-01 7.071068e-01
    outer loop
      vertex   -1.300000e+01 -2.550000e+01 5.250000e+00
      vertex   -1.308427e+01 -2.522222e+01 4.972215e+00
      vertex   -1.314645e+01 -2.514645e+01 4.896447e+00
    endloop
  endfacet
  facet normal -1.914679e-14 7.071068e-01 7.071068e-01
    outer loop
      vertex   -1.314645e+01 -2.514645e+01 4.896447e+00
      vertex   -1.322222e+01 -2.508427e+01 4.834265e+00
      vertex   -1.300000e+01 -2.550000e+01 5.250000e+00
    endloop
  endfacet
  facet normal -4.205397e-08 7.071068e-01 7.071068e-01
    outer loop
      vertex   -1.300000e+01 -2.550000e+01 5.250000e+00
      vertex   -1.322222e+01 -2.508427e+01 4.834265e+00
      vertex   -1.300000e+01 -2.925000e+01 9.000000e+00
    endloop
  endfacet
  facet normal -1.113326e-08 7.071068e-01 7.071068e-01
    outer loop
      vertex   -1.300000e+01 -2.925000e+01 9.000000e+00
      vertex   -1.322222e+01 -2.508427e+01 4.834265e+00
      vertex   -1.330866e+01 -2.503806e+01 4.788060e+00
    endloop
  endfacet
  facet normal -6.208930e-09 7.071068e-01 7.071068e-01
    outer loop
      vertex   -1.300000e+01 -2.925000e+01 9.000000e+00
      vertex   -1.330866e+01 -2.503806e+01 4.788060e+00
      vertex   -1.340246e+01 -2.500961e+01 4.759608e+00
    endloop
  endfacet
  facet normal -2.990827e-09 7.071068e-01 7.071068e-01
    outer loop
      vertex   -1.340246e+01 -2.500961e+01 4.759608e+00
      vertex   -1.345099e+01 -2.500241e+01 4.752408e+00
      vertex   -1.300000e+01 -2.925000e+01 9.000000e+00
    endloop
  endfacet
  facet normal -9.800626e-10 7.071068e-01 7.071068e-01
    outer loop
      vertex   -1.300000e+01 -2.925000e+01 9.000000e+00
      vertex   -1.345099e+01 -2.500241e+01 4.752408e+00
      vertex   -1.350000e+01 -2.500000e+01 4.750000e+00
    endloop
  endfacet
  facet normal 5.024296e-15 7.071068e-01 7.071068e-01
    outer loop
      vertex   -1.300000e+01 -2.925000e+01 9.000000e+00
      vertex   -1.350000e+01 -2.500000e+01 4.750000e+00
      vertex   -1.400000e+01 -2.925000e+01 9.000000e+00
    endloop
  endfacet
  facet normal -4.214685e-07 7.071068e-01 7.071068e-01
    outer loop
      vertex   -1.400000e+01 -2.925000e+01 9.000000e+00
      vertex   -1.350000e+01 -2.500000e+01 4.750000e+00
      vertex   -1.400000e+01 -2.500000e+01 4.750000e+00
    endloop
  endfacet
  facet normal -7.133918e-02 9.974521e-01 0.000000e+00
    outer loop
      vertex   -2.375000e+01 -2.500000e+01 4.750000e+00
      vertex   -2.375000e+01 -2.500000e+01 -2.499999e-01
      vertex   -2.424810e+01 -2.503563e+01 4.750000e+00
    endloop
  endfacet
  facet normal -7.133918e-02 9.974521e-01 0.000000e+00
    outer loop
      vertex   -2.424810e+01 -2.503563e+01 4.750000e+00
      vertex   -2.375000e+01 -2.500000e+01 -2.499999e-01
      vertex   -2.424810e+01 -2.503563e+01 -2.499999e-01
    endloop
  endfacet
  facet normal -2.125653e-01 9.771469e-01 0.000000e+00
    outer loop
      vertex   -2.424810e+01 -2.503563e+01 4.750000e+00
      vertex   -2.424810e+01 -2.503563e+01 -2.499999e-01
      vertex   -2.473606e+01 -2.514177e+01 4.750000e+00
    endloop
  endfacet
  facet normal -2.125653e-01 9.771469e-01 0.000000e+00
    outer loop
      vertex   -2.473606e+01 -2.514177e+01 4.750000e+00
      vertex   -2.424810e+01 -2.503563e+01 -2.499999e-01
      vertex   -2.473606e+01 -2.514177e+01 -2.499999e-01
    endloop
  endfacet
  facet normal -3.494642e-01 9.369497e-01 0.000000e+00
    outer loop
      vertex   -2.473606e+01 -2.514177e+01 4.750000e+00
      vertex   -2.473606e+01 -2.514177e+01 -2.499999e-01
      vertex   -2.520395e+01 -2.531629e+01 4.750000e+00
    endloop
  endfacet
  facet normal -3.494642e-01 9.369497e-01 0.000000e+00
    outer loop
      vertex   -2.520395e+01 -2.531629e+01 4.750000e+00
      vertex   -2.473606e+01 -2.514177e+01 -2.499999e-01
      vertex   -2.520395e+01 -2.531629e+01 -2.499999e-01
    endloop
  endfacet
  facet normal -4.792490e-01 8.776790e-01 0.000000e+00
    outer loop
      vertex   -2.520395e+01 -2.531629e+01 4.750000e+00
      vertex   -2.520395e+01 -2.531629e+01 -2.499999e-01
      vertex   -2.564224e+01 -2.555561e+01 4.750000e+00
    endloop
  endfacet
  facet normal -4.792490e-01 8.776790e-01 0.000000e+00
    outer loop
      vertex   -2.564224e+01 -2.555561e+01 4.750000e+00
      vertex   -2.520395e+01 -2.531629e+01 -2.499999e-01
      vertex   -2.564224e+01 -2.555561e+01 -2.499999e-01
    endloop
  endfacet
  facet normal -5.992777e-01 8.005412e-01 0.000000e+00
    outer loop
      vertex   -2.564224e+01 -2.555561e+01 4.750000e+00
      vertex   -2.564224e+01 -2.555561e+01 -2.499999e-01
      vertex   -2.604201e+01 -2.585488e+01 4.750000e+00
    endloop
  endfacet
  facet normal -5.992777e-01 8.005412e-01 -8.516248e-16
    outer loop
      vertex   -2.604201e+01 -2.585488e+01 4.750000e+00
      vertex   -2.564224e+01 -2.555561e+01 -2.499999e-01
      vertex   -2.604201e+01 -2.585488e+01 -2.499999e-01
    endloop
  endfacet
  facet normal -7.071068e-01 7.071068e-01 -1.004859e-15
    outer loop
      vertex   -2.604201e+01 -2.585488e+01 4.750000e+00
      vertex   -2.604201e+01 -2.585488e+01 -2.499999e-01
      vertex   -2.639512e+01 -2.620799e+01 4.750000e+00
    endloop
  endfacet
  facet normal -7.071068e-01 7.071068e-01 0.000000e+00
    outer loop
      vertex   -2.639512e+01 -2.620799e+01 4.750000e+00
      vertex   -2.604201e+01 -2.585488e+01 -2.499999e-01
      vertex   -2.639512e+01 -2.620799e+01 -2.499999e-01
    endloop
  endfacet
  facet normal -8.005412e-01 5.992777e-01 0.000000e+00
    outer loop
      vertex   -2.639512e+01 -2.620799e+01 4.750000e+00
      vertex   -2.639512e+01 -2.620799e+01 -2.499999e-01
      vertex   -2.669439e+01 -2.660776e+01 4.750000e+00
    endloop
  endfacet
  facet normal -8.005412e-01 5.992777e-01 0.000000e+00
    outer loop
      vertex   -2.669439e+01 -2.660776e+01 4.750000e+00
      vertex   -2.639512e+01 -2.620799e+01 -2.499999e-01
      vertex   -2.669439e+01 -2.660776e+01 -2.499999e-01
    endloop
  endfacet
  facet normal -8.776790e-01 4.792490e-01 0.000000e+00
    outer loop
      vertex   -2.669439e+01 -2.660776e+01 4.750000e+00
      vertex   -2.669439e+01 -2.660776e+01 -2.499999e-01
      vertex   -2.693371e+01 -2.704605e+01 4.750000e+00
    endloop
  endfacet
  facet normal -8.776790e-01 4.792490e-01 0.000000e+00
    outer loop
      vertex   -2.693371e+01 -2.704605e+01 4.750000e+00
      vertex   -2.669439e+01 -2.660776e+01 -2.499999e-01
      vertex   -2.693371e+01 -2.704605e+01 -2.499999e-01
    endloop
  endfacet
  facet normal -9.369497e-01 3.494642e-01 0.000000e+00
    outer loop
      vertex   -2.693371e+01 -2.704605e+01 4.750000e+00
      vertex   -2.693371e+01 -2.704605e+01 -2.499999e-01
      vertex   -2.710823e+01 -2.751394e+01 4.750000e+00
    endloop
  endfacet
  facet normal -9.369497e-01 3.494642e-01 0.000000e+00
    outer loop
      vertex   -2.710823e+01 -2.751394e+01 4.750000e+00
      vertex   -2.693371e+01 -2.704605e+01 -2.499999e-01
      vertex   -2.710823e+01 -2.751394e+01 -2.499999e-01
    endloop
  endfacet
  facet normal -9.771469e-01 2.125653e-01 0.000000e+00
    outer loop
      vertex   -2.710823e+01 -2.751394e+01 4.750000e+00
      vertex   -2.710823e+01 -2.751394e+01 -2.499999e-01
      vertex   -2.721438e+01 -2.800190e+01 4.750000e+00
    endloop
  endfacet
  facet normal -9.771469e-01 2.125653e-01 0.000000e+00
    outer loop
      vertex   -2.721438e+01 -2.800190e+01 4.750000e+00
      vertex   -2.710823e+01 -2.751394e+01 -2.499999e-01
      vertex   -2.721438e+01 -2.800190e+01 -2.499999e-01
    endloop
  endfacet
  facet normal -9.974521e-01 7.133918e-02 0.000000e+00
    outer loop
      vertex   -2.721438e+01 -2.800190e+01 4.750000e+00
      vertex   -2.721438e+01 -2.800190e+01 -2.499999e-01
      vertex   -2.725000e+01 -2.850000e+01 4.750000e+00
    endloop
  endfacet
  facet normal -9.974521e-01 7.133918e-02 0.000000e+00
    outer loop
      vertex   -2.725000e+01 -2.850000e+01 4.750000e+00
      vertex   -2.721438e+01 -2.800190e+01 -2.499999e-01
      vertex   -2.725000e+01 -2.850000e+01 -2.499999e-01
    endloop
  endfacet
  facet normal 1.714834e-15 9.548461e-16 1.000000e+00
    outer loop
      vertex   -2.424810e+01 -2.503563e+01 4.750000e+00
      vertex   -2.290248e+01 -2.745226e+01 4.750000e+00
      vertex   -2.375000e+01 -2.500000e+01 4.750000e+00
    endloop
  endfacet
  facet normal -1.182487e-16 3.213200e-16 1.000000e+00
    outer loop
      vertex   -2.375000e+01 -2.500000e+01 4.750000e+00
      vertex   -2.290248e+01 -2.745226e+01 4.750000e+00
      vertex   -2.233728e+01 -2.724426e+01 4.750000e+00
    endloop
  endfacet
  facet normal -7.898099e-17 3.460383e-16 1.000000e+00
    outer loop
      vertex   -2.375000e+01 -2.500000e+01 4.750000e+00
      vertex   -2.233728e+01 -2.724426e+01 4.750000e+00
      vertex   -2.175012e+01 -2.711025e+01 4.750000e+00
    endloop
  endfacet
  facet normal 0.000000e+00 0.000000e+00 1.000000e+00
    outer loop
      vertex   -2.424810e+01 -2.503563e+01 4.750000e+00
      vertex   -2.473606e+01 -2.514177e+01 4.750000e+00
      vertex   -2.290248e+01 -2.745226e+01 4.750000e+00
    endloop
  endfacet
  facet normal 0.000000e+00 0.000000e+00 1.000000e+00
    outer loop
      vertex   -2.290248e+01 -2.745226e+01 4.750000e+00
      vertex   -2.473606e+01 -2.514177e+01 4.750000e+00
      vertex   -2.520395e+01 -2.531629e+01 4.750000e+00
    endloop
  endfacet
  facet normal 0.000000e+00 0.000000e+00 1.000000e+00
    outer loop
      vertex   -2.290248e+01 -2.745226e+01 4.750000e+00
      vertex   -2.520395e+01 -2.531629e+01 4.750000e+00
      vertex   -2.343645e+01 -2.773083e+01 4.750000e+00
    endloop
  endfacet
  facet normal 0.000000e+00 0.000000e+00 1.000000e+00
    outer loop
      vertex   -2.343645e+01 -2.773083e+01 4.750000e+00
      vertex   -2.520395e+01 -2.531629e+01 4.750000e+00
      vertex   -2.564224e+01 -2.555561e+01 4.750000e+00
    endloop
  endfacet
  facet normal 0.000000e+00 0.000000e+00 1.000000e+00
    outer loop
      vertex   -2.343645e+01 -2.773083e+01 4.750000e+00
      vertex   -2.564224e+01 -2.555561e+01 4.750000e+00
      vertex   -2.604201e+01 -2.585488e+01 4.750000e+00
    endloop
  endfacet
  facet normal 0.000000e+00 0.000000e+00 1.000000e+00
    outer loop
      vertex   -2.604201e+01 -2.585488e+01 4.750000e+00
      vertex   -2.639512e+01 -2.620799e+01 4.750000e+00
      vertex   -2.343645e+01 -2.773083e+01 4.750000e+00
    endloop
  endfacet
  facet normal 0.000000e+00 0.000000e+00 1.000000e+00
    outer loop
      vertex   -2.343645e+01 -2.773083e+01 4.750000e+00
      vertex   -2.639512e+01 -2.620799e+01 4.750000e+00
      vertex   -2.393040e+01 -2.807539e+01 4.750000e+00
    endloop
  endfacet
  facet normal 0.000000e+00 0.000000e+00 1.000000e+00
    outer loop
      vertex   -2.393040e+01 -2.807539e+01 4.750000e+00
      vertex   -2.639512e+01 -2.620799e+01 4.750000e+00
      vertex   -2.669439e+01 -2.660776e+01 4.750000e+00
    endloop
  endfacet
  facet normal 0.000000e+00 0.000000e+00 1.000000e+00
    outer loop
      vertex   -2.393040e+01 -2.807539e+01 4.750000e+00
      vertex   -2.669439e+01 -2.660776e+01 4.750000e+00
      vertex   -2.693371e+01 -2.704605e+01 4.750000e+00
    endloop
  endfacet
  facet normal 0.000000e+00 0.000000e+00 1.000000e+00
    outer loop
      vertex   -2.393040e+01 -2.807539e+01 4.750000e+00
      vertex   -2.693371e+01 -2.704605e+01 4.750000e+00
      vertex   -2.437624e+01 -2.848029e+01 4.750000e+00
    endloop
  endfacet
  facet normal 0.000000e+00 0.000000e+00 1.000000e+00
    outer loop
      vertex   -2.437624e+01 -2.848029e+01 4.750000e+00
      vertex   -2.693371e+01 -2.704605e+01 4.750000e+00
      vertex   -2.710823e+01 -2.751394e+01 4.750000e+00
    endloop
  endfacet
  facet normal -5.978317e-16 -1.690129e-15 1.000000e+00
    outer loop
      vertex   -2.437624e+01 -2.848029e+01 4.750000e+00
      vertex   -2.710823e+01 -2.751394e+01 4.750000e+00
      vertex   -2.721438e+01 -2.800190e+01 4.750000e+00
    endloop
  endfacet
  facet normal -2.736734e-16 2.329815e-16 1.000000e+00
    outer loop
      vertex   -2.437624e+01 -2.848029e+01 4.750000e+00
      vertex   -2.721438e+01 -2.800190e+01 4.750000e+00
      vertex   -2.476664e+01 -2.893888e+01 4.750000e+00
    endloop
  endfacet
  facet normal -3.531882e-16 2.526052e-17 1.000000e+00
    outer loop
      vertex   -2.476664e+01 -2.893888e+01 4.750000e+00
      vertex   -2.721438e+01 -2.800190e+01 4.750000e+00
      vertex   -2.725000e+01 -2.850000e+01 4.750000e+00
    endloop
  endfacet
  facet normal -3.207537e-16 2.087875e-16 1.000000e+00
    outer loop
      vertex   -2.476664e+01 -2.893888e+01 4.750000e+00
      vertex   -2.725000e+01 -2.850000e+01 4.750000e+00
      vertex   -2.509520e+01 -2.944363e+01 4.750000e+00
    endloop
  endfacet
  facet normal -3.403988e-16 1.639274e-16 1.000000e+00
    outer loop
      vertex   -2.509520e+01 -2.944363e+01 4.750000e+00
      vertex   -2.725000e+01 -2.850000e+01 4.750000e+00
      vertex   -2.535651e+01 -2.998625e+01 4.750000e+00
    endloop
  endfacet
  facet normal -1.339639e-15 -1.109114e-15 1.000000e+00
    outer loop
      vertex   -2.535651e+01 -2.998625e+01 4.750000e+00
      vertex   -2.725000e+01 -2.850000e+01 4.750000e+00
      vertex   -2.554629e+01 -3.055782e+01 4.750000e+00
    endloop
  endfacet
  facet normal 0.000000e+00 0.000000e+00 1.000000e+00
    outer loop
      vertex   -2.554629e+01 -3.055782e+01 4.750000e+00
      vertex   -2.725000e+01 -2.850000e+01 4.750000e+00
      vertex   -2.566141e+01 -3.114898e+01 4.750000e+00
    endloop
  endfacet
  facet normal 0.000000e+00 0.000000e+00 1.000000e+00
    outer loop
      vertex   -2.566141e+01 -3.114898e+01 4.750000e+00
      vertex   -2.725000e+01 -2.850000e+01 4.750000e+00
      vertex   -2.570000e+01 -3.175000e+01 4.750000e+00
    endloop
  endfacet
  facet normal 0.000000e+00 0.000000e+00 1.000000e+00
    outer loop
      vertex   -2.570000e+01 -3.175000e+01 4.750000e+00
      vertex   -2.725000e+01 -2.850000e+01 4.750000e+00
      vertex   -2.725000e+01 -3.500000e+01 4.750000e+00
    endloop
  endfacet
  facet normal 0.000000e+00 0.000000e+00 1.000000e+00
    outer loop
      vertex   -2.570000e+01 -3.175000e+01 4.750000e+00
      vertex   -2.725000e+01 -3.500000e+01 4.750000e+00
      vertex   -2.566141e+01 -3.235102e+01 4.750000e+00
    endloop
  endfacet
  facet normal 0.000000e+00 0.000000e+00 1.000000e+00
    outer loop
      vertex   -2.566141e+01 -3.235102e+01 4.750000e+00
      vertex   -2.725000e+01 -3.500000e+01 4.750000e+00
      vertex   -2.554629e+01 -3.294218e+01 4.750000e+00
    endloop
  endfacet
  facet normal 1.339639e-15 -1.109114e-15 1.000000e+00
    outer loop
      vertex   -2.554629e+01 -3.294218e+01 4.750000e+00
      vertex   -2.725000e+01 -3.500000e+01 4.750000e+00
      vertex   -2.535651e+01 -3.351376e+01 4.750000e+00
    endloop
  endfacet
  facet normal 3.403988e-16 1.639274e-16 1.000000e+00
    outer loop
      vertex   -2.535651e+01 -3.351376e+01 4.750000e+00
      vertex   -2.725000e+01 -3.500000e+01 4.750000e+00
      vertex   -2.509520e+01 -3.405637e+01 4.750000e+00
    endloop
  endfacet
  facet normal 3.207537e-16 2.087875e-16 1.000000e+00
    outer loop
      vertex   -2.509520e+01 -3.405637e+01 4.750000e+00
      vertex   -2.725000e+01 -3.500000e+01 4.750000e+00
      vertex   -2.476664e+01 -3.456112e+01 4.750000e+00
    endloop
  endfacet
  facet normal 3.531882e-16 2.526052e-17 1.000000e+00
    outer loop
      vertex   -2.476664e+01 -3.456112e+01 4.750000e+00
      vertex   -2.725000e+01 -3.500000e+01 4.750000e+00
      vertex   -2.721438e+01 -3.549810e+01 4.750000e+00
    endloop
  endfacet
  facet normal 2.736734e-16 2.329815e-16 1.000000e+00
    outer loop
      vertex   -2.476664e+01 -3.456112e+01 4.750000e+00
      vertex   -2.721438e+01 -3.549810e+01 4.750000e+00
      vertex   -2.437624e+01 -3.501971e+01 4.750000e+00
    endloop
  endfacet
  facet normal 5.978317e-16 -1.690129e-15 1.000000e+00
    outer loop
      vertex   -2.437624e+01 -3.501971e+01 4.750000e+00
      vertex   -2.721438e+01 -3.549810e+01 4.750000e+00
      vertex   -2.710823e+01 -3.598606e+01 4.750000e+00
    endloop
  endfacet
  facet normal 0.000000e+00 0.000000e+00 1.000000e+00
    outer loop
      vertex   -2.437624e+01 -3.501971e+01 4.750000e+00
      vertex   -2.710823e+01 -3.598606e+01 4.750000e+00
      vertex   -2.693371e+01 -3.645395e+01 4.750000e+00
    endloop
  endfacet
  facet normal 0.000000e+00 0.000000e+00 1.000000e+00
    outer loop
      vertex   -2.437624e+01 -3.501971e+01 4.750000e+00
      vertex   -2.693371e+01 -3.645395e+01 4.750000e+00
      vertex   -2.393040e+01 -3.542461e+01 4.750000e+00
    endloop
  endfacet
  facet normal 0.000000e+00 0.000000e+00 1.000000e+00
    outer loop
      vertex   -2.393040e+01 -3.542461e+01 4.750000e+00
      vertex   -2.693371e+01 -3.645395e+01 4.750000e+00
      vertex   -2.669439e+01 -3.689224e+01 4.750000e+00
    endloop
  endfacet
  facet normal 0.000000e+00 0.000000e+00 1.000000e+00
    outer loop
      vertex   -2.393040e+01 -3.542461e+01 4.750000e+00
      vertex   -2.669439e+01 -3.689224e+01 4.750000e+00
      vertex   -2.639512e+01 -3.729201e+01 4.750000e+00
    endloop
  endfacet
  facet normal 0.000000e+00 0.000000e+00 1.000000e+00
    outer loop
      vertex   -2.393040e+01 -3.542461e+01 4.750000e+00
      vertex   -2.639512e+01 -3.729201e+01 4.750000e+00
      vertex   -2.343645e+01 -3.576917e+01 4.750000e+00
    endloop
  endfacet
  facet normal 0.000000e+00 0.000000e+00 1.000000e+00
    outer loop
      vertex   -2.343645e+01 -3.576917e+01 4.750000e+00
      vertex   -2.639512e+01 -3.729201e+01 4.750000e+00
      vertex   -2.604201e+01 -3.764512e+01 4.750000e+00
    endloop
  endfacet
  facet normal 0.000000e+00 0.000000e+00 1.000000e+00
    outer loop
      vertex   -2.343645e+01 -3.576917e+01 4.750000e+00
      vertex   -2.604201e+01 -3.764512e+01 4.750000e+00
      vertex   -2.564224e+01 -3.794439e+01 4.750000e+00
    endloop
  endfacet
  facet normal -0.000000e+00 0.000000e+00 1.000000e+00
    outer loop
      vertex   -2.564224e+01 -3.794439e+01 4.750000e+00
      vertex   -2.520395e+01 -3.818371e+01 4.750000e+00
      vertex   -2.343645e+01 -3.576917e+01 4.750000e+00
    endloop
  endfacet
  facet normal 0.000000e+00 0.000000e+00 1.000000e+00
    outer loop
      vertex   -2.343645e+01 -3.576917e+01 4.750000e+00
      vertex   -2.520395e+01 -3.818371e+01 4.750000e+00
      vertex   -2.290248e+01 -3.604774e+01 4.750000e+00
    endloop
  endfacet
  facet normal 0.000000e+00 0.000000e+00 1.000000e+00
    outer loop
      vertex   -2.290248e+01 -3.604774e+01 4.750000e+00
      vertex   -2.520395e+01 -3.818371e+01 4.750000e+00
      vertex   -2.473606e+01 -3.835823e+01 4.750000e+00
    endloop
  endfacet
  facet normal 0.000000e+00 0.000000e+00 1.000000e+00
    outer loop
      vertex   -2.290248e+01 -3.604774e+01 4.750000e+00
      vertex   -2.473606e+01 -3.835823e+01 4.750000e+00
      vertex   -2.424810e+01 -3.846438e+01 4.750000e+00
    endloop
  endfacet
  facet normal -1.714834e-15 9.548461e-16 1.000000e+00
    outer loop
      vertex   -2.424810e+01 -3.846438e+01 4.750000e+00
      vertex   -2.375000e+01 -3.850000e+01 4.750000e+00
      vertex   -2.290248e+01 -3.604774e+01 4.750000e+00
    endloop
  endfacet
  facet normal 1.182487e-16 3.213200e-16 1.000000e+00
    outer loop
      vertex   -2.290248e+01 -3.604774e+01 4.750000e+00
      vertex   -2.375000e+01 -3.850000e+01 4.750000e+00
      vertex   -2.233728e+01 -3.625574e+01 4.750000e+00
    endloop
  endfacet
  facet normal 7.898099e-17 3.460383e-16 1.000000e+00
    outer loop
      vertex   -2.233728e+01 -3.625574e+01 4.750000e+00
      vertex   -2.375000e+01 -3.850000e+01 4.750000e+00
      vertex   -2.175012e+01 -3.638975e+01 4.750000e+00
    endloop
  endfacet
  facet normal 3.720153e-17 3.856327e-16 1.000000e+00
    outer loop
      vertex   -2.175012e+01 -3.638975e+01 4.750000e+00
      vertex   -2.375000e+01 -3.850000e+01 4.750000e+00
      vertex   -2.115064e+01 -3.644759e+01 4.750000e+00
    endloop
  endfacet
  facet normal -1.446486e-17 4.510676e-16 1.000000e+00
    outer loop
      vertex   -2.115064e+01 -3.644759e+01 4.750000e+00
      vertex   -2.375000e+01 -3.850000e+01 4.750000e+00
      vertex   -2.054869e+01 -3.642828e+01 4.750000e+00
    endloop
  endfacet
  facet normal 0.000000e+00 4.287159e-16 1.000000e+00
    outer loop
      vertex   -2.054869e+01 -3.642828e+01 4.750000e+00
      vertex   -2.375000e+01 -3.850000e+01 4.750000e+00
      vertex   -1.657360e+01 -3.850000e+01 4.750000e+00
    endloop
  endfacet
  facet normal -5.290113e-17 3.272122e-16 1.000000e+00
    outer loop
      vertex   -2.054869e+01 -3.642828e+01 4.750000e+00
      vertex   -1.657360e+01 -3.850000e+01 4.750000e+00
      vertex   -1.995415e+01 -3.633216e+01 4.750000e+00
    endloop
  endfacet
  facet normal -8.312601e-17 2.800791e-16 1.000000e+00
    outer loop
      vertex   -1.995415e+01 -3.633216e+01 4.750000e+00
      vertex   -1.657360e+01 -3.850000e+01 4.750000e+00
      vertex   -1.937678e+01 -3.616080e+01 4.750000e+00
    endloop
  endfacet
  facet normal -1.098214e-16 2.480885e-16 1.000000e+00
    outer loop
      vertex   -1.937678e+01 -3.616080e+01 4.750000e+00
      vertex   -1.657360e+01 -3.850000e+01 4.750000e+00
      vertex   -1.882607e+01 -3.591702e+01 4.750000e+00
    endloop
  endfacet
  facet normal -1.363623e-16 2.249438e-16 1.000000e+00
    outer loop
      vertex   -1.882607e+01 -3.591702e+01 4.750000e+00
      vertex   -1.657360e+01 -3.850000e+01 4.750000e+00
      vertex   -1.831105e+01 -3.560481e+01 4.750000e+00
    endloop
  endfacet
  facet normal 1.786923e-15 1.379141e-15 1.000000e+00
    outer loop
      vertex   -1.831105e+01 -3.560481e+01 4.750000e+00
      vertex   -1.657360e+01 -3.850000e+01 4.750000e+00
      vertex   -1.610126e+01 -3.846798e+01 4.750000e+00
    endloop
  endfacet
  facet normal 0.000000e+00 0.000000e+00 1.000000e+00
    outer loop
      vertex   -1.831105e+01 -3.560481e+01 4.750000e+00
      vertex   -1.610126e+01 -3.846798e+01 4.750000e+00
      vertex   -1.563757e+01 -3.837252e+01 4.750000e+00
    endloop
  endfacet
  facet normal 0.000000e+00 -0.000000e+00 1.000000e+00
    outer loop
      vertex   -1.563757e+01 -3.837252e+01 4.750000e+00
      vertex   -1.519101e+01 -3.821535e+01 4.750000e+00
      vertex   -1.831105e+01 -3.560481e+01 4.750000e+00
    endloop
  endfacet
  facet normal -0.000000e+00 0.000000e+00 1.000000e+00
    outer loop
      vertex   -1.831105e+01 -3.560481e+01 4.750000e+00
      vertex   -1.519101e+01 -3.821535e+01 4.750000e+00
      vertex   -1.784019e+01 -3.522931e+01 4.750000e+00
    endloop
  endfacet
  facet normal 0.000000e+00 0.000000e+00 1.000000e+00
    outer loop
      vertex   -1.784019e+01 -3.522931e+01 4.750000e+00
      vertex   -1.519101e+01 -3.821535e+01 4.750000e+00
      vertex   -1.476974e+01 -3.799935e+01 4.750000e+00
    endloop
  endfacet
  facet normal 0.000000e+00 0.000000e+00 1.000000e+00
    outer loop
      vertex   -1.784019e+01 -3.522931e+01 4.750000e+00
      vertex   -1.476974e+01 -3.799935e+01 4.750000e+00
      vertex   -1.438147e+01 -3.772848e+01 4.750000e+00
    endloop
  endfacet
  facet normal 0.000000e+00 -0.000000e+00 1.000000e+00
    outer loop
      vertex   -1.438147e+01 -3.772848e+01 4.750000e+00
      vertex   -1.403331e+01 -3.740769e+01 4.750000e+00
      vertex   -1.784019e+01 -3.522931e+01 4.750000e+00
    endloop
  endfacet
  facet normal 0.000000e+00 0.000000e+00 1.000000e+00
    outer loop
      vertex   -1.784019e+01 -3.522931e+01 4.750000e+00
      vertex   -1.403331e+01 -3.740769e+01 4.750000e+00
      vertex   -1.373163e+01 -3.704284e+01 4.750000e+00
    endloop
  endfacet
  facet normal -7.650706e-16 -1.733265e-15 1.000000e+00
    outer loop
      vertex   -1.784019e+01 -3.522931e+01 4.750000e+00
      vertex   -1.373163e+01 -3.704284e+01 4.750000e+00
      vertex   -1.348194e+01 -3.664063e+01 4.750000e+00
    endloop
  endfacet
  facet normal -1.551394e-16 1.502442e-16 1.000000e+00
    outer loop
      vertex   -1.784019e+01 -3.522931e+01 4.750000e+00
      vertex   -1.348194e+01 -3.664063e+01 4.750000e+00
      vertex   -1.742120e+01 -3.479667e+01 4.750000e+00
    endloop
  endfacet
  facet normal -8.754488e-16 -1.388565e-15 1.000000e+00
    outer loop
      vertex   -1.742120e+01 -3.479667e+01 4.750000e+00
      vertex   -1.348194e+01 -3.664063e+01 4.750000e+00
      vertex   -1.320000e+01 -3.617874e+01 4.750000e+00
    endloop
  endfacet
  facet normal -3.124821e-16 3.308858e-16 1.000000e+00
    outer loop
      vertex   -1.742120e+01 -3.479667e+01 4.750000e+00
      vertex   -1.320000e+01 -3.617874e+01 4.750000e+00
      vertex   -1.400000e+01 -3.425000e+01 4.750000e+00
    endloop
  endfacet
  facet normal -3.823549e-16 3.019042e-16 1.000000e+00
    outer loop
      vertex   -1.400000e+01 -3.425000e+01 4.750000e+00
      vertex   -1.320000e+01 -3.617874e+01 4.750000e+00
      vertex   -1.286466e+01 -3.575404e+01 4.750000e+00
    endloop
  endfacet
  facet normal -3.352498e-16 3.374620e-16 1.000000e+00
    outer loop
      vertex   -1.400000e+01 -3.425000e+01 4.750000e+00
      vertex   -1.286466e+01 -3.575404e+01 4.750000e+00
      vertex   -1.248076e+01 -3.537266e+01 4.750000e+00
    endloop
  endfacet
  facet normal -3.000149e-16 3.851435e-16 1.000000e+00
    outer loop
      vertex   -1.248076e+01 -3.537266e+01 4.750000e+00
      vertex   -1.205387e+01 -3.504012e+01 4.750000e+00
      vertex   -1.400000e+01 -3.425000e+01 4.750000e+00
    endloop
  endfacet
  facet normal -2.724560e-16 4.530236e-16 1.000000e+00
    outer loop
      vertex   -1.400000e+01 -3.425000e+01 4.750000e+00
      vertex   -1.205387e+01 -3.504012e+01 4.750000e+00
      vertex   -1.159014e+01 -3.476122e+01 4.750000e+00
    endloop
  endfacet
  facet normal -2.501099e-16 5.583611e-16 1.000000e+00
    outer loop
      vertex   -1.400000e+01 -3.425000e+01 4.750000e+00
      vertex   -1.159014e+01 -3.476122e+01 4.750000e+00
      vertex   -1.109628e+01 -3.454001e+01 4.750000e+00
    endloop
  endfacet
  facet normal -2.313837e-16 7.458565e-16 1.000000e+00
    outer loop
      vertex   -1.109628e+01 -3.454001e+01 4.750000e+00
      vertex   -1.057945e+01 -3.437967e+01 4.750000e+00
      vertex   -1.400000e+01 -3.425000e+01 4.750000e+00
    endloop
  endfacet
  facet normal -2.149927e-16 1.178219e-15 1.000000e+00
    outer loop
      vertex   -1.400000e+01 -3.425000e+01 4.750000e+00
      vertex   -1.057945e+01 -3.437967e+01 4.750000e+00
      vertex   -1.004710e+01 -3.428254e+01 4.750000e+00
    endloop
  endfacet
  facet normal -0.000000e+00 2.729814e-14 1.000000e+00
    outer loop
      vertex   -1.400000e+01 -3.425000e+01 4.750000e+00
      vertex   -1.004710e+01 -3.428254e+01 4.750000e+00
      vertex   -9.506950e+00 -3.425000e+01 4.750000e+00
    endloop
  endfacet
  facet normal 0.000000e+00 0.000000e+00 1.000000e+00
    outer loop
      vertex   -1.400000e+01 -2.500000e+01 4.750000e+00
      vertex   -1.638667e+01 -3.085155e+01 4.750000e+00
      vertex   -1.400000e+01 -3.425000e+01 4.750000e+00
    endloop
  endfacet
  facet normal 0.000000e+00 0.000000e+00 1.000000e+00
    outer loop
      vertex   -1.400000e+01 -3.425000e+01 4.750000e+00
      vertex   -1.638667e+01 -3.085155e+01 4.750000e+00
      vertex   -1.630966e+01 -3.144887e+01 4.750000e+00
    endloop
  endfacet
  facet normal 0.000000e+00 0.000000e+00 1.000000e+00
    outer loop
      vertex   -1.400000e+01 -3.425000e+01 4.750000e+00
      vertex   -1.630966e+01 -3.144887e+01 4.750000e+00
      vertex   -1.630966e+01 -3.205113e+01 4.750000e+00
    endloop
  endfacet
  facet normal -1.492893e-31 4.097069e-16 1.000000e+00
    outer loop
      vertex   -2.375000e+01 -2.500000e+01 4.750000e+00
      vertex   -1.995415e+01 -2.716784e+01 4.750000e+00
      vertex   -1.400000e+01 -2.500000e+01 4.750000e+00
    endloop
  endfacet
  facet normal 6.699027e-17 2.257124e-16 1.000000e+00
    outer loop
      vertex   -1.400000e+01 -2.500000e+01 4.750000e+00
      vertex   -1.995415e+01 -2.716784e+01 4.750000e+00
      vertex   -1.937678e+01 -2.733920e+01 4.750000e+00
    endloop
  endfacet
  facet normal 8.331041e-17 1.881997e-16 1.000000e+00
    outer loop
      vertex   -1.400000e+01 -2.500000e+01 4.750000e+00
      vertex   -1.937678e+01 -2.733920e+01 4.750000e+00
      vertex   -1.882607e+01 -2.758298e+01 4.750000e+00
    endloop
  endfacet
  facet normal -3.720153e-17 3.856327e-16 1.000000e+00
    outer loop
      vertex   -2.175012e+01 -2.711025e+01 4.750000e+00
      vertex   -2.115064e+01 -2.705242e+01 4.750000e+00
      vertex   -2.375000e+01 -2.500000e+01 4.750000e+00
    endloop
  endfacet
  facet normal 1.446486e-17 4.510676e-16 1.000000e+00
    outer loop
      vertex   -2.375000e+01 -2.500000e+01 4.750000e+00
      vertex   -2.115064e+01 -2.705242e+01 4.750000e+00
      vertex   -2.054869e+01 -2.707172e+01 4.750000e+00
    endloop
  endfacet
  facet normal 9.239346e-17 5.714862e-16 1.000000e+00
    outer loop
      vertex   -2.375000e+01 -2.500000e+01 4.750000e+00
      vertex   -2.054869e+01 -2.707172e+01 4.750000e+00
      vertex   -1.995415e+01 -2.716784e+01 4.750000e+00
    endloop
  endfacet
  facet normal 9.774197e-17 1.612356e-16 1.000000e+00
    outer loop
      vertex   -1.882607e+01 -2.758298e+01 4.750000e+00
      vertex   -1.831105e+01 -2.789519e+01 4.750000e+00
      vertex   -1.400000e+01 -2.500000e+01 4.750000e+00
    endloop
  endfacet
  facet normal 1.118401e-16 1.402430e-16 1.000000e+00
    outer loop
      vertex   -1.400000e+01 -2.500000e+01 4.750000e+00
      vertex   -1.831105e+01 -2.789519e+01 4.750000e+00
      vertex   -1.784019e+01 -2.827069e+01 4.750000e+00
    endloop
  endfacet
  facet normal 1.267437e-16 1.227444e-16 1.000000e+00
    outer loop
      vertex   -1.400000e+01 -2.500000e+01 4.750000e+00
      vertex   -1.784019e+01 -2.827069e+01 4.750000e+00
      vertex   -1.742120e+01 -2.870333e+01 4.750000e+00
    endloop
  endfacet
  facet normal 1.436004e-16 1.071718e-16 1.000000e+00
    outer loop
      vertex   -1.742120e+01 -2.870333e+01 4.750000e+00
      vertex   -1.706099e+01 -2.918599e+01 4.750000e+00
      vertex   -1.400000e+01 -2.500000e+01 4.750000e+00
    endloop
  endfacet
  facet normal 1.639162e-16 9.231591e-17 1.000000e+00
    outer loop
      vertex   -1.400000e+01 -2.500000e+01 4.750000e+00
      vertex   -1.706099e+01 -2.918599e+01 4.750000e+00
      vertex   -1.676545e+01 -2.971075e+01 4.750000e+00
    endloop
  endfacet
  facet normal 1.900816e-16 7.695552e-17 1.000000e+00
    outer loop
      vertex   -1.400000e+01 -2.500000e+01 4.750000e+00
      vertex   -1.676545e+01 -2.971075e+01 4.750000e+00
      vertex   -1.653944e+01 -3.026899e+01 4.750000e+00
    endloop
  endfacet
  facet normal 2.275188e-15 -9.279802e-16 1.000000e+00
    outer loop
      vertex   -1.653944e+01 -3.026899e+01 4.750000e+00
      vertex   -1.638667e+01 -3.085155e+01 4.750000e+00
      vertex   -1.400000e+01 -2.500000e+01 4.750000e+00
    endloop
  endfacet
  facet normal 0.000000e+00 0.000000e+00 1.000000e+00
    outer loop
      vertex   -1.630966e+01 -3.205113e+01 4.750000e+00
      vertex   -1.638667e+01 -3.264845e+01 4.750000e+00
      vertex   -1.400000e+01 -3.425000e+01 4.750000e+00
    endloop
  endfacet
  facet normal -8.699832e-16 -1.296468e-15 1.000000e+00
    outer loop
      vertex   -1.400000e+01 -3.425000e+01 4.750000e+00
      vertex   -1.638667e+01 -3.264845e+01 4.750000e+00
      vertex   -1.653944e+01 -3.323101e+01 4.750000e+00
    endloop
  endfacet
  facet normal -3.008753e-16 1.218109e-16 1.000000e+00
    outer loop
      vertex   -1.400000e+01 -3.425000e+01 4.750000e+00
      vertex   -1.653944e+01 -3.323101e+01 4.750000e+00
      vertex   -1.676545e+01 -3.378925e+01 4.750000e+00
    endloop
  endfacet
  facet normal -2.936191e-16 1.653632e-16 1.000000e+00
    outer loop
      vertex   -1.676545e+01 -3.378925e+01 4.750000e+00
      vertex   -1.706099e+01 -3.431401e+01 4.750000e+00
      vertex   -1.400000e+01 -3.425000e+01 4.750000e+00
    endloop
  endfacet
  facet normal -2.947614e-16 2.199862e-16 1.000000e+00
    outer loop
      vertex   -1.400000e+01 -3.425000e+01 4.750000e+00
      vertex   -1.706099e+01 -3.431401e+01 4.750000e+00
      vertex   -1.742120e+01 -3.479667e+01 4.750000e+00
    endloop
  endfacet
  facet normal -1.000000e+00 0.000000e+00 0.000000e+00
    outer loop
      vertex   -2.725000e+01 -2.850000e+01 -2.499999e-01
      vertex   -2.725000e+01 -3.500000e+01 -2.499999e-01
      vertex   -2.725000e+01 -2.850000e+01 4.750000e+00
    endloop
  endfacet
  facet normal -1.000000e+00 -0.000000e+00 0.000000e+00
    outer loop
      vertex   -2.725000e+01 -2.850000e+01 4.750000e+00
      vertex   -2.725000e+01 -3.500000e+01 -2.499999e-01
      vertex   -2.725000e+01 -3.500000e+01 4.750000e+00
    endloop
  endfacet
  facet normal -7.133918e-02 -9.974521e-01 0.000000e+00
    outer loop
      vertex   -2.375000e+01 -3.850000e+01 -2.499999e-01
      vertex   -2.375000e+01 -3.850000e+01 4.750000e+00
      vertex   -2.424810e+01 -3.846438e+01 -2.499999e-01
    endloop
  endfacet
  facet normal -7.133918e-02 -9.974521e-01 0.000000e+00
    outer loop
      vertex   -2.424810e+01 -3.846438e+01 -2.499999e-01
      vertex   -2.375000e+01 -3.850000e+01 4.750000e+00
      vertex   -2.424810e+01 -3.846438e+01 4.750000e+00
    endloop
  endfacet
  facet normal -2.125653e-01 -9.771469e-01 0.000000e+00
    outer loop
      vertex   -2.424810e+01 -3.846438e+01 -2.499999e-01
      vertex   -2.424810e+01 -3.846438e+01 4.750000e+00
      vertex   -2.473606e+01 -3.835823e+01 -2.499999e-01
    endloop
  endfacet
  facet normal -2.125653e-01 -9.771469e-01 0.000000e+00
    outer loop
      vertex   -2.473606e+01 -3.835823e+01 -2.499999e-01
      vertex   -2.424810e+01 -3.846438e+01 4.750000e+00
      vertex   -2.473606e+01 -3.835823e+01 4.750000e+00
    endloop
  endfacet
  facet normal -3.494642e-01 -9.369497e-01 0.000000e+00
    outer loop
      vertex   -2.473606e+01 -3.835823e+01 -2.499999e-01
      vertex   -2.473606e+01 -3.835823e+01 4.750000e+00
      vertex   -2.520395e+01 -3.818371e+01 -2.499999e-01
    endloop
  endfacet
  facet normal -3.494642e-01 -9.369497e-01 -1.331486e-15
    outer loop
      vertex   -2.520395e+01 -3.818371e+01 -2.499999e-01
      vertex   -2.473606e+01 -3.835823e+01 4.750000e+00
      vertex   -2.520395e+01 -3.818371e+01 4.750000e+00
    endloop
  endfacet
  facet normal -4.792490e-01 -8.776790e-01 -1.247257e-15
    outer loop
      vertex   -2.520395e+01 -3.818371e+01 -2.499999e-01
      vertex   -2.520395e+01 -3.818371e+01 4.750000e+00
      vertex   -2.564224e+01 -3.794439e+01 -2.499999e-01
    endloop
  endfacet
  facet normal -4.792490e-01 -8.776790e-01 0.000000e+00
    outer loop
      vertex   -2.564224e+01 -3.794439e+01 -2.499999e-01
      vertex   -2.520395e+01 -3.818371e+01 4.750000e+00
      vertex   -2.564224e+01 -3.794439e+01 4.750000e+00
    endloop
  endfacet
  facet normal -5.992777e-01 -8.005412e-01 0.000000e+00
    outer loop
      vertex   -2.564224e+01 -3.794439e+01 -2.499999e-01
      vertex   -2.564224e+01 -3.794439e+01 4.750000e+00
      vertex   -2.604201e+01 -3.764512e+01 -2.499999e-01
    endloop
  endfacet
  facet normal -5.992777e-01 -8.005412e-01 -1.137638e-15
    outer loop
      vertex   -2.604201e+01 -3.764512e+01 -2.499999e-01
      vertex   -2.564224e+01 -3.794439e+01 4.750000e+00
      vertex   -2.604201e+01 -3.764512e+01 4.750000e+00
    endloop
  endfacet
  facet normal -7.071068e-01 -7.071068e-01 -1.004859e-15
    outer loop
      vertex   -2.604201e+01 -3.764512e+01 -2.499999e-01
      vertex   -2.604201e+01 -3.764512e+01 4.750000e+00
      vertex   -2.639512e+01 -3.729201e+01 -2.499999e-01
    endloop
  endfacet
  facet normal -7.071068e-01 -7.071068e-01 0.000000e+00
    outer loop
      vertex   -2.639512e+01 -3.729201e+01 -2.499999e-01
      vertex   -2.604201e+01 -3.764512e+01 4.750000e+00
      vertex   -2.639512e+01 -3.729201e+01 4.750000e+00
    endloop
  endfacet
  facet normal -8.005412e-01 -5.992777e-01 0.000000e+00
    outer loop
      vertex   -2.639512e+01 -3.729201e+01 -2.499999e-01
      vertex   -2.639512e+01 -3.729201e+01 4.750000e+00
      vertex   -2.669439e+01 -3.689224e+01 -2.499999e-01
    endloop
  endfacet
  facet normal -8.005412e-01 -5.992777e-01 -8.516248e-16
    outer loop
      vertex   -2.669439e+01 -3.689224e+01 -2.499999e-01
      vertex   -2.639512e+01 -3.729201e+01 4.750000e+00
      vertex   -2.669439e+01 -3.689224e+01 4.750000e+00
    endloop
  endfacet
  facet normal -8.776790e-01 -4.792490e-01 -6.810538e-16
    outer loop
      vertex   -2.669439e+01 -3.689224e+01 -2.499999e-01
      vertex   -2.669439e+01 -3.689224e+01 4.750000e+00
      vertex   -2.693371e+01 -3.645395e+01 -2.499999e-01
    endloop
  endfacet
  facet normal -8.776790e-01 -4.792490e-01 -6.810538e-16
    outer loop
      vertex   -2.693371e+01 -3.645395e+01 -2.499999e-01
      vertex   -2.669439e+01 -3.689224e+01 4.750000e+00
      vertex   -2.693371e+01 -3.645395e+01 4.750000e+00
    endloop
  endfacet
  facet normal -9.369497e-01 -3.494642e-01 -4.966185e-16
    outer loop
      vertex   -2.693371e+01 -3.645395e+01 -2.499999e-01
      vertex   -2.693371e+01 -3.645395e+01 4.750000e+00
      vertex   -2.710823e+01 -3.598606e+01 -2.499999e-01
    endloop
  endfacet
  facet normal -9.369497e-01 -3.494642e-01 0.000000e+00
    outer loop
      vertex   -2.710823e+01 -3.598606e+01 -2.499999e-01
      vertex   -2.693371e+01 -3.645395e+01 4.750000e+00
      vertex   -2.710823e+01 -3.598606e+01 4.750000e+00
    endloop
  endfacet
  facet normal -9.771469e-01 -2.125653e-01 0.000000e+00
    outer loop
      vertex   -2.710823e+01 -3.598606e+01 -2.499999e-01
      vertex   -2.710823e+01 -3.598606e+01 4.750000e+00
      vertex   -2.721438e+01 -3.549810e+01 -2.499999e-01
    endloop
  endfacet
  facet normal -9.771469e-01 -2.125653e-01 -3.020735e-16
    outer loop
      vertex   -2.721438e+01 -3.549810e+01 -2.499999e-01
      vertex   -2.710823e+01 -3.598606e+01 4.750000e+00
      vertex   -2.721438e+01 -3.549810e+01 4.750000e+00
    endloop
  endfacet
  facet normal -9.974521e-01 -7.133918e-02 -1.013791e-16
    outer loop
      vertex   -2.721438e+01 -3.549810e+01 -2.499999e-01
      vertex   -2.721438e+01 -3.549810e+01 4.750000e+00
      vertex   -2.725000e+01 -3.500000e+01 -2.499999e-01
    endloop
  endfacet
  facet normal -9.974521e-01 -7.133918e-02 -1.013791e-16
    outer loop
      vertex   -2.725000e+01 -3.500000e+01 -2.499999e-01
      vertex   -2.721438e+01 -3.549810e+01 4.750000e+00
      vertex   -2.725000e+01 -3.500000e+01 4.750000e+00
    endloop
  endfacet
  facet normal 8.496064e-01 -5.274172e-01 0.000000e+00
    outer loop
      vertex   -1.348194e+01 -3.664063e+01 -2.499999e-01
      vertex   -1.348194e+01 -3.664063e+01 4.750000e+00
      vertex   -1.373163e+01 -3.704284e+01 -2.499999e-01
    endloop
  endfacet
  facet normal 8.496064e-01 -5.274172e-01 0.000000e+00
    outer loop
      vertex   -1.373163e+01 -3.704284e+01 -2.499999e-01
      vertex   -1.348194e+01 -3.664063e+01 4.750000e+00
      vertex   -1.373163e+01 -3.704284e+01 4.750000e+00
    endloop
  endfacet
  facet normal 7.706582e-01 -6.372487e-01 0.000000e+00
    outer loop
      vertex   -1.373163e+01 -3.704284e+01 -2.499999e-01
      vertex   -1.373163e+01 -3.704284e+01 4.750000e+00
      vertex   -1.403331e+01 -3.740769e+01 -2.499999e-01
    endloop
  endfacet
  facet normal 7.706582e-01 -6.372487e-01 -9.055849e-16
    outer loop
      vertex   -1.403331e+01 -3.740769e+01 -2.499999e-01
      vertex   -1.373163e+01 -3.704284e+01 4.750000e+00
      vertex   -1.403331e+01 -3.740769e+01 4.750000e+00
    endloop
  endfacet
  facet normal 6.776103e-01 -7.354212e-01 -1.045096e-15
    outer loop
      vertex   -1.403331e+01 -3.740769e+01 -2.499999e-01
      vertex   -1.403331e+01 -3.740769e+01 4.750000e+00
      vertex   -1.438147e+01 -3.772848e+01 -2.499999e-01
    endloop
  endfacet
  facet normal 6.776103e-01 -7.354212e-01 0.000000e+00
    outer loop
      vertex   -1.438147e+01 -3.772848e+01 -2.499999e-01
      vertex   -1.403331e+01 -3.740769e+01 4.750000e+00
      vertex   -1.438147e+01 -3.772848e+01 4.750000e+00
    endloop
  endfacet
  facet normal 5.721649e-01 -8.201386e-01 0.000000e+00
    outer loop
      vertex   -1.438147e+01 -3.772848e+01 -2.499999e-01
      vertex   -1.438147e+01 -3.772848e+01 4.750000e+00
      vertex   -1.476974e+01 -3.799935e+01 -2.499999e-01
    endloop
  endfacet
  facet normal 5.721649e-01 -8.201386e-01 -1.165487e-15
    outer loop
      vertex   -1.476974e+01 -3.799935e+01 -2.499999e-01
      vertex   -1.438147e+01 -3.772848e+01 4.750000e+00
      vertex   -1.476974e+01 -3.799935e+01 4.750000e+00
    endloop
  endfacet
  facet normal 4.562514e-01 -8.898509e-01 -1.264554e-15
    outer loop
      vertex   -1.476974e+01 -3.799935e+01 -2.499999e-01
      vertex   -1.476974e+01 -3.799935e+01 4.750000e+00
      vertex   -1.519101e+01 -3.821535e+01 -2.499999e-01
    endloop
  endfacet
  facet normal 4.562514e-01 -8.898509e-01 0.000000e+00
    outer loop
      vertex   -1.519101e+01 -3.821535e+01 -2.499999e-01
      vertex   -1.476974e+01 -3.799935e+01 4.750000e+00
      vertex   -1.519101e+01 -3.821535e+01 4.750000e+00
    endloop
  endfacet
  facet normal 3.319904e-01 -9.432828e-01 0.000000e+00
    outer loop
      vertex   -1.519101e+01 -3.821535e+01 -2.499999e-01
      vertex   -1.519101e+01 -3.821535e+01 4.750000e+00
      vertex   -1.563757e+01 -3.837252e+01 -2.499999e-01
    endloop
  endfacet
  facet normal 3.319904e-01 -9.432828e-01 -1.576379e-15
    outer loop
      vertex   -1.563757e+01 -3.837252e+01 -2.499999e-01
      vertex   -1.519101e+01 -3.821535e+01 4.750000e+00
      vertex   -1.563757e+01 -3.837252e+01 4.750000e+00
    endloop
  endfacet
  facet normal 2.016554e-01 -9.794565e-01 -1.535176e-15
    outer loop
      vertex   -1.563757e+01 -3.837252e+01 -2.499999e-01
      vertex   -1.563757e+01 -3.837252e+01 4.750000e+00
      vertex   -1.610126e+01 -3.846798e+01 -2.499999e-01
    endloop
  endfacet
  facet normal 2.016554e-01 -9.794565e-01 0.000000e+00
    outer loop
      vertex   -1.610126e+01 -3.846798e+01 -2.499999e-01
      vertex   -1.563757e+01 -3.837252e+01 4.750000e+00
      vertex   -1.610126e+01 -3.846798e+01 4.750000e+00
    endloop
  endfacet
  facet normal 6.763091e-02 -9.977104e-01 0.000000e+00
    outer loop
      vertex   -1.610126e+01 -3.846798e+01 -2.499999e-01
      vertex   -1.610126e+01 -3.846798e+01 4.750000e+00
      vertex   -1.657360e+01 -3.850000e+01 -2.499999e-01
    endloop
  endfacet
  facet normal 6.763091e-02 -9.977104e-01 0.000000e+00
    outer loop
      vertex   -1.657360e+01 -3.850000e+01 -2.499999e-01
      vertex   -1.610126e+01 -3.846798e+01 4.750000e+00
      vertex   -1.657360e+01 -3.850000e+01 4.750000e+00
    endloop
  endfacet
  facet normal 8.535487e-01 -5.210131e-01 0.000000e+00
    outer loop
      vertex   -1.348194e+01 -3.664063e+01 4.750000e+00
      vertex   -1.348194e+01 -3.664063e+01 -2.499999e-01
      vertex   -1.320000e+01 -3.617874e+01 4.750000e+00
    endloop
  endfacet
  facet normal 8.535487e-01 -5.210131e-01 0.000000e+00
    outer loop
      vertex   -1.320000e+01 -3.617874e+01 4.750000e+00
      vertex   -1.348194e+01 -3.664063e+01 -2.499999e-01
      vertex   -1.320000e+01 -3.617874e+01 -2.499999e-01
    endloop
  endfacet
  facet normal 7.848378e-01 -6.197013e-01 0.000000e+00
    outer loop
      vertex   -1.320000e+01 -3.617874e+01 4.750000e+00
      vertex   -1.320000e+01 -3.617874e+01 -2.499999e-01
      vertex   -1.286466e+01 -3.575404e+01 4.750000e+00
    endloop
  endfacet
  facet normal 7.848378e-01 -6.197013e-01 0.000000e+00
    outer loop
      vertex   -1.286466e+01 -3.575404e+01 4.750000e+00
      vertex   -1.320000e+01 -3.617874e+01 -2.499999e-01
      vertex   -1.286466e+01 -3.575404e+01 -2.499999e-01
    endloop
  endfacet
  facet normal 7.047777e-01 -7.094282e-01 0.000000e+00
    outer loop
      vertex   -1.286466e+01 -3.575404e+01 4.750000e+00
      vertex   -1.286466e+01 -3.575404e+01 -2.499999e-01
      vertex   -1.248076e+01 -3.537266e+01 4.750000e+00
    endloop
  endfacet
  facet normal 7.047777e-01 -7.094282e-01 -2.503873e-16
    outer loop
      vertex   -1.248076e+01 -3.537266e+01 4.750000e+00
      vertex   -1.286466e+01 -3.575404e+01 -2.499999e-01
      vertex   -1.248076e+01 -3.537266e+01 -2.499999e-01
    endloop
  endfacet
  facet normal 6.145261e-01 -7.888965e-01 -2.183236e-16
    outer loop
      vertex   -1.248076e+01 -3.537266e+01 4.750000e+00
      vertex   -1.248076e+01 -3.537266e+01 -2.499999e-01
      vertex   -1.205387e+01 -3.504012e+01 4.750000e+00
    endloop
  endfacet
  facet normal 6.145261e-01 -7.888965e-01 0.000000e+00
    outer loop
      vertex   -1.205387e+01 -3.504012e+01 4.750000e+00
      vertex   -1.248076e+01 -3.537266e+01 -2.499999e-01
      vertex   -1.205387e+01 -3.504012e+01 -2.499999e-01
    endloop
  endfacet
  facet normal 5.153882e-01 -8.569568e-01 0.000000e+00
    outer loop
      vertex   -1.205387e+01 -3.504012e+01 4.750000e+00
      vertex   -1.205387e+01 -3.504012e+01 -2.499999e-01
      vertex   -1.159014e+01 -3.476122e+01 4.750000e+00
    endloop
  endfacet
  facet normal 5.153882e-01 -8.569568e-01 0.000000e+00
    outer loop
      vertex   -1.159014e+01 -3.476122e+01 4.750000e+00
      vertex   -1.205387e+01 -3.504012e+01 -2.499999e-01
      vertex   -1.159014e+01 -3.476122e+01 -2.499999e-01
    endloop
  endfacet
  facet normal 4.087975e-01 -9.126251e-01 0.000000e+00
    outer loop
      vertex   -1.159014e+01 -3.476122e+01 4.750000e+00
      vertex   -1.159014e+01 -3.476122e+01 -2.499999e-01
      vertex   -1.109628e+01 -3.454001e+01 4.750000e+00
    endloop
  endfacet
  facet normal 4.087975e-01 -9.126251e-01 -1.452340e-16
    outer loop
      vertex   -1.109628e+01 -3.454001e+01 4.750000e+00
      vertex   -1.159014e+01 -3.476122e+01 -2.499999e-01
      vertex   -1.109628e+01 -3.454001e+01 -2.499999e-01
    endloop
  endfacet
  facet normal 2.962953e-01 -9.550964e-01 -1.052652e-16
    outer loop
      vertex   -1.109628e+01 -3.454001e+01 4.750000e+00
      vertex   -1.109628e+01 -3.454001e+01 -2.499999e-01
      vertex   -1.057945e+01 -3.437967e+01 4.750000e+00
    endloop
  endfacet
  facet normal 2.962953e-01 -9.550964e-01 0.000000e+00
    outer loop
      vertex   -1.057945e+01 -3.437967e+01 4.750000e+00
      vertex   -1.109628e+01 -3.454001e+01 -2.499999e-01
      vertex   -1.057945e+01 -3.437967e+01 -2.499999e-01
    endloop
  endfacet
  facet normal 1.795085e-01 -9.837564e-01 0.000000e+00
    outer loop
      vertex   -1.057945e+01 -3.437967e+01 4.750000e+00
      vertex   -1.057945e+01 -3.437967e+01 -2.499999e-01
      vertex   -1.004710e+01 -3.428254e+01 4.750000e+00
    endloop
  endfacet
  facet normal 1.795085e-01 -9.837564e-01 0.000000e+00
    outer loop
      vertex   -1.004710e+01 -3.428254e+01 4.750000e+00
      vertex   -1.057945e+01 -3.437967e+01 -2.499999e-01
      vertex   -1.004710e+01 -3.428254e+01 -2.499999e-01
    endloop
  endfacet
  facet normal 6.012600e-02 -9.981908e-01 0.000000e+00
    outer loop
      vertex   -1.004710e+01 -3.428254e+01 4.750000e+00
      vertex   -1.004710e+01 -3.428254e+01 -2.499999e-01
      vertex   -9.506950e+00 -3.425000e+01 4.750000e+00
    endloop
  endfacet
  facet normal 6.012600e-02 -9.981908e-01 -1.418514e-15
    outer loop
      vertex   -9.506950e+00 -3.425000e+01 4.750000e+00
      vertex   -1.004710e+01 -3.428254e+01 -2.499999e-01
      vertex   -9.506950e+00 -3.425000e+01 -2.500001e-01
    endloop
  endfacet
  facet normal 7.105427e-15 1.000000e+00 0.000000e+00
    outer loop
      vertex   -1.350000e+01 -2.500000e+01 4.750000e+00
      vertex   -1.350000e+01 -2.500000e+01 -2.499999e-01
      vertex   -1.400000e+01 -2.500000e+01 4.750000e+00
    endloop
  endfacet
  facet normal 0.000000e+00 1.000000e+00 -7.105428e-16
    outer loop
      vertex   -1.400000e+01 -2.500000e+01 4.750000e+00
      vertex   -1.350000e+01 -2.500000e+01 -2.499999e-01
      vertex   -2.375000e+01 -2.500000e+01 -2.499999e-01
    endloop
  endfacet
  facet normal -3.643809e-16 1.000000e+00 0.000000e+00
    outer loop
      vertex   -1.400000e+01 -2.500000e+01 4.750000e+00
      vertex   -2.375000e+01 -2.500000e+01 -2.499999e-01
      vertex   -2.375000e+01 -2.500000e+01 4.750000e+00
    endloop
  endfacet
  facet normal -1.000000e+00 0.000000e+00 0.000000e+00
    outer loop
      vertex   -1.400000e+01 -2.500000e+01 4.750000e+00
      vertex   -1.400000e+01 -3.425000e+01 4.750000e+00
      vertex   -1.400000e+01 -2.925000e+01 9.000000e+00
    endloop
  endfacet
  facet normal -1.000000e+00 -0.000000e+00 0.000000e+00
    outer loop
      vertex   -1.400000e+01 -2.925000e+01 9.000000e+00
      vertex   -1.400000e+01 -3.425000e+01 4.750000e+00
      vertex   -1.400000e+01 -3.425000e+01 5.275000e+01
    endloop
  endfacet
  facet normal -1.000000e+00 0.000000e+00 0.000000e+00
    outer loop
      vertex   -1.400000e+01 -2.925000e+01 9.000000e+00
      vertex   -1.400000e+01 -3.425000e+01 5.275000e+01
      vertex   -1.400000e+01 -2.925000e+01 5.275000e+01
    endloop
  endfacet
  facet normal 0.000000e+00 -1.000000e+00 0.000000e+00
    outer loop
      vertex   -2.375000e+01 -3.850000e+01 -2.499999e-01
      vertex   -1.657360e+01 -3.850000e+01 -2.499999e-01
      vertex   -2.375000e+01 -3.850000e+01 4.750000e+00
    endloop
  endfacet
  facet normal 0.000000e+00 -1.000000e+00 0.000000e+00
    outer loop
      vertex   -2.375000e+01 -3.850000e+01 4.750000e+00
      vertex   -1.657360e+01 -3.850000e+01 -2.499999e-01
      vertex   -1.657360e+01 -3.850000e+01 4.750000e+00
    endloop
  endfacet
  facet normal -0.000000e+00 -0.000000e+00 -1.000000e+00
    outer loop
      vertex   -4.000000e+00 -3.025000e+01 1.875000e+01
      vertex   -4.000000e+00 -3.325000e+01 1.875000e+01
      vertex   -1.100000e+01 -3.025000e+01 1.875000e+01
    endloop
  endfacet
  facet normal 0.000000e+00 -0.000000e+00 -1.000000e+00
    outer loop
      vertex   -1.100000e+01 -3.025000e+01 1.875000e+01
      vertex   -4.000000e+00 -3.325000e+01 1.875000e+01
      vertex   -1.100000e+01 -3.325000e+01 1.875000e+01
    endloop
  endfacet
  facet normal 7.045048e-01 4.818945e-02 -7.080613e-01
    outer loop
      vertex   -2.516088e+01 -3.232190e+01 2.500001e-01
      vertex   -2.566141e+01 -3.235102e+01 -2.499999e-01
      vertex   -2.520000e+01 -3.175000e+01 2.500001e-01
    endloop
  endfacet
  facet normal 7.063792e-01 4.535105e-02 -7.063792e-01
    outer loop
      vertex   -2.520000e+01 -3.175000e+01 2.500001e-01
      vertex   -2.566141e+01 -3.235102e+01 -2.499999e-01
      vertex   -2.570000e+01 -3.175000e+01 -2.499999e-01
    endloop
  endfacet
  facet normal 7.063792e-01 -4.535105e-02 -7.063792e-01
    outer loop
      vertex   -2.520000e+01 -3.175000e+01 2.500001e-01
      vertex   -2.570000e+01 -3.175000e+01 -2.499999e-01
      vertex   -2.566141e+01 -3.114898e+01 -2.499999e-01
    endloop
  endfacet
  facet normal 6.962437e-01 1.355934e-01 -7.048823e-01
    outer loop
      vertex   -2.566141e+01 -3.235102e+01 -2.499999e-01
      vertex   -2.516088e+01 -3.232190e+01 2.500001e-01
      vertex   -2.554629e+01 -3.294218e+01 -2.499999e-01
    endloop
  endfacet
  facet normal 6.898686e-01 1.433563e-01 -7.095987e-01
    outer loop
      vertex   -2.554629e+01 -3.294218e+01 -2.499999e-01
      vertex   -2.516088e+01 -3.232190e+01 2.500001e-01
      vertex   -2.504425e+01 -3.288315e+01 2.500001e-01
    endloop
  endfacet
  facet normal 6.744081e-01 2.239189e-01 -7.035865e-01
    outer loop
      vertex   -2.554629e+01 -3.294218e+01 -2.499999e-01
      vertex   -2.504425e+01 -3.288315e+01 2.500001e-01
      vertex   -2.535651e+01 -3.351376e+01 -2.499999e-01
    endloop
  endfacet
  facet normal 6.626878e-01 2.355193e-01 -7.108977e-01
    outer loop
      vertex   -2.535651e+01 -3.351376e+01 -2.499999e-01
      vertex   -2.504425e+01 -3.288315e+01 2.500001e-01
      vertex   -2.485229e+01 -3.342328e+01 2.500001e-01
    endloop
  endfacet
  facet normal 6.412091e-01 3.087900e-01 -7.024953e-01
    outer loop
      vertex   -2.535651e+01 -3.351376e+01 -2.499999e-01
      vertex   -2.485229e+01 -3.342328e+01 2.500001e-01
      vertex   -2.509520e+01 -3.405637e+01 -2.499999e-01
    endloop
  endfacet
  facet normal 6.234889e-01 3.230659e-01 -7.119621e-01
    outer loop
      vertex   -2.509520e+01 -3.405637e+01 -2.499999e-01
      vertex   -2.485229e+01 -3.342328e+01 2.500001e-01
      vertex   -2.458856e+01 -3.393225e+01 2.500001e-01
    endloop
  endfacet
  facet normal 5.971878e-01 3.887262e-01 -7.016115e-01
    outer loop
      vertex   -2.509520e+01 -3.405637e+01 -2.499999e-01
      vertex   -2.458856e+01 -3.393225e+01 2.500001e-01
      vertex   -2.476664e+01 -3.456112e+01 -2.499999e-01
    endloop
  endfacet
  facet normal 5.730000e-01 4.044676e-01 -7.127951e-01
    outer loop
      vertex   -2.476664e+01 -3.456112e+01 -2.499999e-01
      vertex   -2.458856e+01 -3.393225e+01 2.500001e-01
      vertex   -2.425799e+01 -3.440057e+01 2.500001e-01
    endloop
  endfacet
  facet normal 5.430805e-01 4.623312e-01 -7.009376e-01
    outer loop
      vertex   -2.476664e+01 -3.456112e+01 -2.499999e-01
      vertex   -2.425799e+01 -3.440057e+01 2.500001e-01
      vertex   -2.437624e+01 -3.501971e+01 -2.499999e-01
    endloop
  endfacet
  facet normal 5.121391e-01 4.783045e-01 -7.133991e-01
    outer loop
      vertex   -2.437624e+01 -3.501971e+01 -2.499999e-01
      vertex   -2.425799e+01 -3.440057e+01 2.500001e-01
      vertex   -2.386672e+01 -3.481951e+01 2.500001e-01
    endloop
  endfacet
  facet normal 4.798054e-01 5.283191e-01 -7.004754e-01
    outer loop
      vertex   -2.437624e+01 -3.501971e+01 -2.499999e-01
      vertex   -2.386672e+01 -3.481951e+01 2.500001e-01
      vertex   -2.393040e+01 -3.542461e+01 -2.499999e-01
    endloop
  endfacet
  facet normal 4.419977e-01 5.432882e-01 -7.137758e-01
    outer loop
      vertex   -2.393040e+01 -3.542461e+01 -2.499999e-01
      vertex   -2.386672e+01 -3.481951e+01 2.500001e-01
      vertex   -2.342206e+01 -3.518127e+01 2.500001e-01
    endloop
  endfacet
  facet normal 4.084462e-01 5.855383e-01 -7.002261e-01
    outer loop
      vertex   -2.393040e+01 -3.542461e+01 -2.499999e-01
      vertex   -2.342206e+01 -3.518127e+01 2.500001e-01
      vertex   -2.343645e+01 -3.576917e+01 -2.499999e-01
    endloop
  endfacet
  facet normal 3.638235e-01 5.982822e-01 -7.139264e-01
    outer loop
      vertex   -2.343645e+01 -3.576917e+01 -2.499999e-01
      vertex   -2.342206e+01 -3.518127e+01 2.500001e-01
      vertex   -2.293227e+01 -3.547912e+01 2.500001e-01
    endloop
  endfacet
  facet normal 3.302320e-01 6.329929e-01 -7.001905e-01
    outer loop
      vertex   -2.343645e+01 -3.576917e+01 -2.499999e-01
      vertex   -2.293227e+01 -3.547912e+01 2.500001e-01
      vertex   -2.290248e+01 -3.604774e+01 -2.499999e-01
    endloop
  endfacet
  facet normal 2.789993e-01 6.423208e-01 -7.138511e-01
    outer loop
      vertex   -2.290248e+01 -3.604774e+01 -2.499999e-01
      vertex   -2.293227e+01 -3.547912e+01 2.500001e-01
      vertex   -2.240649e+01 -3.570750e+01 2.500001e-01
    endloop
  endfacet
  facet normal 2.465151e-01 6.698613e-01 -7.003686e-01
    outer loop
      vertex   -2.290248e+01 -3.604774e+01 -2.499999e-01
      vertex   -2.240649e+01 -3.570750e+01 2.500001e-01
      vertex   -2.233728e+01 -3.625574e+01 -2.499999e-01
    endloop
  endfacet
  facet normal 1.890208e-01 6.746241e-01 -7.135499e-01
    outer loop
      vertex   -2.233728e+01 -3.625574e+01 -2.499999e-01
      vertex   -2.240649e+01 -3.570750e+01 2.500001e-01
      vertex   -2.185452e+01 -3.586215e+01 2.500001e-01
    endloop
  endfacet
  facet normal 1.587458e-01 6.955108e-01 -7.007599e-01
    outer loop
      vertex   -2.233728e+01 -3.625574e+01 -2.499999e-01
      vertex   -2.185452e+01 -3.586215e+01 2.500001e-01
      vertex   -2.175012e+01 -3.638975e+01 -2.499999e-01
    endloop
  endfacet
  facet normal 9.547213e-02 6.946114e-01 -7.130218e-01
    outer loop
      vertex   -2.175012e+01 -3.638975e+01 -2.499999e-01
      vertex   -2.185452e+01 -3.586215e+01 2.500001e-01
      vertex   -2.128662e+01 -3.594021e+01 2.500001e-01
    endloop
  endfacet
  facet normal 6.844558e-02 7.095101e-01 -7.013634e-01
    outer loop
      vertex   -2.175012e+01 -3.638975e+01 -2.499999e-01
      vertex   -2.128662e+01 -3.594021e+01 2.500001e-01
      vertex   -2.115064e+01 -3.644759e+01 -2.499999e-01
    endloop
  endfacet
  facet normal 0.000000e+00 7.019103e-01 -7.122654e-01
    outer loop
      vertex   -2.115064e+01 -3.644759e+01 -2.499999e-01
      vertex   -2.128662e+01 -3.594021e+01 2.500001e-01
      vertex   -2.071338e+01 -3.594021e+01 2.500001e-01
    endloop
  endfacet
  facet normal -2.282079e-02 7.116361e-01 -7.021775e-01
    outer loop
      vertex   -2.115064e+01 -3.644759e+01 -2.499999e-01
      vertex   -2.071338e+01 -3.594021e+01 2.500001e-01
      vertex   -2.054869e+01 -3.642828e+01 -2.499999e-01
    endloop
  endfacet
  facet normal -9.571296e-02 6.963635e-01 -7.112784e-01
    outer loop
      vertex   -2.054869e+01 -3.642828e+01 -2.499999e-01
      vertex   -2.071338e+01 -3.594021e+01 2.500001e-01
      vertex   -2.014548e+01 -3.586215e+01 2.500001e-01
    endloop
  endfacet
  facet normal -1.134743e-01 7.018786e-01 -7.031999e-01
    outer loop
      vertex   -2.054869e+01 -3.642828e+01 -2.499999e-01
      vertex   -2.014548e+01 -3.586215e+01 2.500001e-01
      vertex   -1.995415e+01 -3.633216e+01 -2.499999e-01
    endloop
  endfacet
  facet normal -1.899756e-01 6.780317e-01 -7.100579e-01
    outer loop
      vertex   -1.995415e+01 -3.633216e+01 -2.499999e-01
      vertex   -2.014548e+01 -3.586215e+01 2.500001e-01
      vertex   -1.959351e+01 -3.570750e+01 2.500001e-01
    endloop
  endfacet
  facet normal -2.019507e-01 6.804390e-01 -7.044279e-01
    outer loop
      vertex   -1.995415e+01 -3.633216e+01 -2.499999e-01
      vertex   -1.959351e+01 -3.570750e+01 2.500001e-01
      vertex   -1.937678e+01 -3.616080e+01 -2.499999e-01
    endloop
  endfacet
  facet normal -2.811158e-01 6.471934e-01 -7.086005e-01
    outer loop
      vertex   -1.937678e+01 -3.616080e+01 -2.499999e-01
      vertex   -1.959351e+01 -3.570750e+01 2.500001e-01
      vertex   -1.906773e+01 -3.547912e+01 2.500001e-01
    endloop
  endfacet
  facet normal -2.867296e-01 6.477271e-01 -7.058582e-01
    outer loop
      vertex   -1.937678e+01 -3.616080e+01 -2.499999e-01
      vertex   -1.906773e+01 -3.547912e+01 2.500001e-01
      vertex   -1.882607e+01 -3.591702e+01 -2.499999e-01
    endloop
  endfacet
  facet normal -3.666545e-01 6.048350e-01 -7.069222e-01
    outer loop
      vertex   -1.882607e+01 -3.591702e+01 -2.499999e-01
      vertex   -1.906773e+01 -3.547912e+01 2.500001e-01
      vertex   -1.831105e+01 -3.560481e+01 -2.499999e-01
    endloop
  endfacet
  facet normal -3.671994e-01 6.038338e-01 -7.074951e-01
    outer loop
      vertex   -1.831105e+01 -3.560481e+01 -2.499999e-01
      vertex   -1.906773e+01 -3.547912e+01 2.500001e-01
      vertex   -1.857794e+01 -3.518127e+01 2.500001e-01
    endloop
  endfacet
  facet normal -4.419608e-01 5.542013e-01 -7.053592e-01
    outer loop
      vertex   -1.831105e+01 -3.560481e+01 -2.499999e-01
      vertex   -1.857794e+01 -3.518127e+01 2.500001e-01
      vertex   -1.784019e+01 -3.522931e+01 -2.499999e-01
    endloop
  endfacet
  facet normal -4.449769e-01 5.469501e-01 -7.091129e-01
    outer loop
      vertex   -1.784019e+01 -3.522931e+01 -2.499999e-01
      vertex   -1.857794e+01 -3.518127e+01 2.500001e-01
      vertex   -1.813328e+01 -3.481951e+01 2.500001e-01
    endloop
  endfacet
  facet normal -5.101746e-01 4.940766e-01 -7.039959e-01
    outer loop
      vertex   -1.784019e+01 -3.522931e+01 -2.499999e-01
      vertex   -1.813328e+01 -3.481951e+01 2.500001e-01
      vertex   -1.742120e+01 -3.479667e+01 -2.499999e-01
    endloop
  endfacet
  facet normal -5.142939e-01 4.803170e-01 -7.104909e-01
    outer loop
      vertex   -1.742120e+01 -3.479667e+01 -2.499999e-01
      vertex   -1.813328e+01 -3.481951e+01 2.500001e-01
      vertex   -1.774201e+01 -3.440057e+01 2.500001e-01
    endloop
  endfacet
  facet normal -5.700870e-01 4.254670e-01 -7.028361e-01
    outer loop
      vertex   -1.742120e+01 -3.479667e+01 -2.499999e-01
      vertex   -1.774201e+01 -3.440057e+01 2.500001e-01
      vertex   -1.706099e+01 -3.431401e+01 -2.499999e-01
    endloop
  endfacet
  facet normal -5.739632e-01 4.051475e-01 -7.116332e-01
    outer loop
      vertex   -1.706099e+01 -3.431401e+01 -2.499999e-01
      vertex   -1.774201e+01 -3.440057e+01 2.500001e-01
      vertex   -1.741144e+01 -3.393225e+01 2.500001e-01
    endloop
  endfacet
  facet normal -6.206337e-01 3.495344e-01 -7.018829e-01
    outer loop
      vertex   -1.706099e+01 -3.431401e+01 -2.499999e-01
      vertex   -1.741144e+01 -3.393225e+01 2.500001e-01
      vertex   -1.676545e+01 -3.378925e+01 -2.499999e-01
    endloop
  endfacet
  facet normal -6.229655e-01 3.227947e-01 -7.125430e-01
    outer loop
      vertex   -1.676545e+01 -3.378925e+01 -2.499999e-01
      vertex   -1.741144e+01 -3.393225e+01 2.500001e-01
      vertex   -1.714771e+01 -3.342328e+01 2.500001e-01
    endloop
  endfacet
  facet normal -6.609147e-01 2.675747e-01 -7.011388e-01
    outer loop
      vertex   -1.676545e+01 -3.378925e+01 -2.499999e-01
      vertex   -1.714771e+01 -3.342328e+01 2.500001e-01
      vertex   -1.653944e+01 -3.323101e+01 -2.499999e-01
    endloop
  endfacet
  facet normal -6.604656e-01 2.347295e-01 -7.132231e-01
    outer loop
      vertex   -1.653944e+01 -3.323101e+01 -2.499999e-01
      vertex   -1.714771e+01 -3.342328e+01 2.500001e-01
      vertex   -1.695575e+01 -3.288315e+01 2.500001e-01
    endloop
  endfacet
  facet normal -6.902118e-01 1.809948e-01 -7.006058e-01
    outer loop
      vertex   -1.653944e+01 -3.323101e+01 -2.499999e-01
      vertex   -1.695575e+01 -3.288315e+01 2.500001e-01
      vertex   -1.638667e+01 -3.264845e+01 -2.499999e-01
    endloop
  endfacet
  facet normal -6.858254e-01 1.425162e-01 -7.136754e-01
    outer loop
      vertex   -1.638667e+01 -3.264845e+01 -2.499999e-01
      vertex   -1.695575e+01 -3.288315e+01 2.500001e-01
      vertex   -1.683912e+01 -3.232190e+01 2.500001e-01
    endloop
  endfacet
  facet normal -7.080021e-01 9.128676e-02 -7.002855e-01
    outer loop
      vertex   -1.638667e+01 -3.264845e+01 -2.499999e-01
      vertex   -1.683912e+01 -3.232190e+01 2.500001e-01
      vertex   -1.630966e+01 -3.205113e+01 -2.499999e-01
    endloop
  endfacet
  facet normal -6.986139e-01 4.778650e-02 -7.139013e-01
    outer loop
      vertex   -1.630966e+01 -3.205113e+01 -2.499999e-01
      vertex   -1.683912e+01 -3.232190e+01 2.500001e-01
      vertex   -1.680000e+01 -3.175000e+01 2.500001e-01
    endloop
  endfacet
  facet normal -7.139677e-01 1.290729e-16 -7.001786e-01
    outer loop
      vertex   -1.630966e+01 -3.205113e+01 -2.499999e-01
      vertex   -1.680000e+01 -3.175000e+01 2.500001e-01
      vertex   -1.630966e+01 -3.144887e+01 -2.499999e-01
    endloop
  endfacet
  facet normal -6.986139e-01 -4.778650e-02 -7.139013e-01
    outer loop
      vertex   -1.630966e+01 -3.144887e+01 -2.499999e-01
      vertex   -1.680000e+01 -3.175000e+01 2.500001e-01
      vertex   -1.683912e+01 -3.117810e+01 2.500001e-01
    endloop
  endfacet
  facet normal -7.080021e-01 -9.128676e-02 -7.002855e-01
    outer loop
      vertex   -1.630966e+01 -3.144887e+01 -2.499999e-01
      vertex   -1.683912e+01 -3.117810e+01 2.500001e-01
      vertex   -1.638667e+01 -3.085155e+01 -2.499999e-01
    endloop
  endfacet
  facet normal -6.858254e-01 -1.425162e-01 -7.136754e-01
    outer loop
      vertex   -1.638667e+01 -3.085155e+01 -2.499999e-01
      vertex   -1.683912e+01 -3.117810e+01 2.500001e-01
      vertex   -1.695575e+01 -3.061685e+01 2.500001e-01
    endloop
  endfacet
  facet normal -6.902118e-01 -1.809948e-01 -7.006058e-01
    outer loop
      vertex   -1.638667e+01 -3.085155e+01 -2.499999e-01
      vertex   -1.695575e+01 -3.061685e+01 2.500001e-01
      vertex   -1.653944e+01 -3.026899e+01 -2.499999e-01
    endloop
  endfacet
  facet normal -6.604656e-01 -2.347295e-01 -7.132231e-01
    outer loop
      vertex   -1.653944e+01 -3.026899e+01 -2.499999e-01
      vertex   -1.695575e+01 -3.061685e+01 2.500001e-01
      vertex   -1.714771e+01 -3.007672e+01 2.500001e-01
    endloop
  endfacet
  facet normal -6.609147e-01 -2.675747e-01 -7.011388e-01
    outer loop
      vertex   -1.653944e+01 -3.026899e+01 -2.499999e-01
      vertex   -1.714771e+01 -3.007672e+01 2.500001e-01
      vertex   -1.676545e+01 -2.971075e+01 -2.499999e-01
    endloop
  endfacet
  facet normal -6.229655e-01 -3.227947e-01 -7.125430e-01
    outer loop
      vertex   -1.676545e+01 -2.971075e+01 -2.499999e-01
      vertex   -1.714771e+01 -3.007672e+01 2.500001e-01
      vertex   -1.741144e+01 -2.956775e+01 2.500001e-01
    endloop
  endfacet
  facet normal -6.206337e-01 -3.495344e-01 -7.018829e-01
    outer loop
      vertex   -1.676545e+01 -2.971075e+01 -2.499999e-01
      vertex   -1.741144e+01 -2.956775e+01 2.500001e-01
      vertex   -1.706099e+01 -2.918599e+01 -2.499999e-01
    endloop
  endfacet
  facet normal -5.739632e-01 -4.051475e-01 -7.116332e-01
    outer loop
      vertex   -1.706099e+01 -2.918599e+01 -2.499999e-01
      vertex   -1.741144e+01 -2.956775e+01 2.500001e-01
      vertex   -1.774201e+01 -2.909943e+01 2.500001e-01
    endloop
  endfacet
  facet normal -5.700870e-01 -4.254670e-01 -7.028361e-01
    outer loop
      vertex   -1.706099e+01 -2.918599e+01 -2.499999e-01
      vertex   -1.774201e+01 -2.909943e+01 2.500001e-01
      vertex   -1.742120e+01 -2.870333e+01 -2.499999e-01
    endloop
  endfacet
  facet normal -5.142939e-01 -4.803170e-01 -7.104909e-01
    outer loop
      vertex   -1.742120e+01 -2.870333e+01 -2.499999e-01
      vertex   -1.774201e+01 -2.909943e+01 2.500001e-01
      vertex   -1.813328e+01 -2.868049e+01 2.500001e-01
    endloop
  endfacet
  facet normal -5.101746e-01 -4.940766e-01 -7.039959e-01
    outer loop
      vertex   -1.742120e+01 -2.870333e+01 -2.499999e-01
      vertex   -1.813328e+01 -2.868049e+01 2.500001e-01
      vertex   -1.784019e+01 -2.827069e+01 -2.499999e-01
    endloop
  endfacet
  facet normal -4.449769e-01 -5.469501e-01 -7.091129e-01
    outer loop
      vertex   -1.784019e+01 -2.827069e+01 -2.499999e-01
      vertex   -1.813328e+01 -2.868049e+01 2.500001e-01
      vertex   -1.857794e+01 -2.831873e+01 2.500001e-01
    endloop
  endfacet
  facet normal -4.419608e-01 -5.542013e-01 -7.053592e-01
    outer loop
      vertex   -1.784019e+01 -2.827069e+01 -2.499999e-01
      vertex   -1.857794e+01 -2.831873e+01 2.500001e-01
      vertex   -1.831105e+01 -2.789519e+01 -2.499999e-01
    endloop
  endfacet
  facet normal -3.671994e-01 -6.038338e-01 -7.074951e-01
    outer loop
      vertex   -1.831105e+01 -2.789519e+01 -2.499999e-01
      vertex   -1.857794e+01 -2.831873e+01 2.500001e-01
      vertex   -1.906773e+01 -2.802088e+01 2.500001e-01
    endloop
  endfacet
  facet normal -3.666545e-01 -6.048350e-01 -7.069222e-01
    outer loop
      vertex   -1.831105e+01 -2.789519e+01 -2.499999e-01
      vertex   -1.906773e+01 -2.802088e+01 2.500001e-01
      vertex   -1.882607e+01 -2.758298e+01 -2.499999e-01
    endloop
  endfacet
  facet normal -2.867296e-01 -6.477271e-01 -7.058582e-01
    outer loop
      vertex   -1.882607e+01 -2.758298e+01 -2.499999e-01
      vertex   -1.906773e+01 -2.802088e+01 2.500001e-01
      vertex   -1.937678e+01 -2.733920e+01 -2.499999e-01
    endloop
  endfacet
  facet normal -2.811158e-01 -6.471934e-01 -7.086005e-01
    outer loop
      vertex   -1.937678e+01 -2.733920e+01 -2.499999e-01
      vertex   -1.906773e+01 -2.802088e+01 2.500001e-01
      vertex   -1.959351e+01 -2.779250e+01 2.500001e-01
    endloop
  endfacet
  facet normal -2.019507e-01 -6.804390e-01 -7.044279e-01
    outer loop
      vertex   -1.937678e+01 -2.733920e+01 -2.499999e-01
      vertex   -1.959351e+01 -2.779250e+01 2.500001e-01
      vertex   -1.995415e+01 -2.716784e+01 -2.499999e-01
    endloop
  endfacet
  facet normal -1.899756e-01 -6.780317e-01 -7.100579e-01
    outer loop
      vertex   -1.995415e+01 -2.716784e+01 -2.499999e-01
      vertex   -1.959351e+01 -2.779250e+01 2.500001e-01
      vertex   -2.014548e+01 -2.763785e+01 2.500001e-01
    endloop
  endfacet
  facet normal -1.134743e-01 -7.018786e-01 -7.031999e-01
    outer loop
      vertex   -1.995415e+01 -2.716784e+01 -2.499999e-01
      vertex   -2.014548e+01 -2.763785e+01 2.500001e-01
      vertex   -2.054869e+01 -2.707172e+01 -2.499999e-01
    endloop
  endfacet
  facet normal -9.571296e-02 -6.963635e-01 -7.112784e-01
    outer loop
      vertex   -2.054869e+01 -2.707172e+01 -2.499999e-01
      vertex   -2.014548e+01 -2.763785e+01 2.500001e-01
      vertex   -2.071338e+01 -2.755979e+01 2.500001e-01
    endloop
  endfacet
  facet normal -2.282079e-02 -7.116361e-01 -7.021775e-01
    outer loop
      vertex   -2.054869e+01 -2.707172e+01 -2.499999e-01
      vertex   -2.071338e+01 -2.755979e+01 2.500001e-01
      vertex   -2.115064e+01 -2.705242e+01 -2.499999e-01
    endloop
  endfacet
  facet normal 0.000000e+00 -7.019103e-01 -7.122654e-01
    outer loop
      vertex   -2.115064e+01 -2.705242e+01 -2.499999e-01
      vertex   -2.071338e+01 -2.755979e+01 2.500001e-01
      vertex   -2.128662e+01 -2.755979e+01 2.500001e-01
    endloop
  endfacet
  facet normal 6.844558e-02 -7.095101e-01 -7.013634e-01
    outer loop
      vertex   -2.115064e+01 -2.705242e+01 -2.499999e-01
      vertex   -2.128662e+01 -2.755979e+01 2.500001e-01
      vertex   -2.175012e+01 -2.711025e+01 -2.499999e-01
    endloop
  endfacet
  facet normal 9.547213e-02 -6.946114e-01 -7.130218e-01
    outer loop
      vertex   -2.175012e+01 -2.711025e+01 -2.499999e-01
      vertex   -2.128662e+01 -2.755979e+01 2.500001e-01
      vertex   -2.185452e+01 -2.763785e+01 2.500001e-01
    endloop
  endfacet
  facet normal 1.587458e-01 -6.955108e-01 -7.007599e-01
    outer loop
      vertex   -2.175012e+01 -2.711025e+01 -2.499999e-01
      vertex   -2.185452e+01 -2.763785e+01 2.500001e-01
      vertex   -2.233728e+01 -2.724426e+01 -2.499999e-01
    endloop
  endfacet
  facet normal 1.890208e-01 -6.746241e-01 -7.135499e-01
    outer loop
      vertex   -2.233728e+01 -2.724426e+01 -2.499999e-01
      vertex   -2.185452e+01 -2.763785e+01 2.500001e-01
      vertex   -2.240649e+01 -2.779250e+01 2.500001e-01
    endloop
  endfacet
  facet normal 2.465151e-01 -6.698613e-01 -7.003686e-01
    outer loop
      vertex   -2.233728e+01 -2.724426e+01 -2.499999e-01
      vertex   -2.240649e+01 -2.779250e+01 2.500001e-01
      vertex   -2.290248e+01 -2.745226e+01 -2.499999e-01
    endloop
  endfacet
  facet normal 2.789993e-01 -6.423208e-01 -7.138511e-01
    outer loop
      vertex   -2.290248e+01 -2.745226e+01 -2.499999e-01
      vertex   -2.240649e+01 -2.779250e+01 2.500001e-01
      vertex   -2.293227e+01 -2.802088e+01 2.500001e-01
    endloop
  endfacet
  facet normal 3.302320e-01 -6.329929e-01 -7.001905e-01
    outer loop
      vertex   -2.290248e+01 -2.745226e+01 -2.499999e-01
      vertex   -2.293227e+01 -2.802088e+01 2.500001e-01
      vertex   -2.343645e+01 -2.773083e+01 -2.499999e-01
    endloop
  endfacet
  facet normal 3.638235e-01 -5.982822e-01 -7.139264e-01
    outer loop
      vertex   -2.343645e+01 -2.773083e+01 -2.499999e-01
      vertex   -2.293227e+01 -2.802088e+01 2.500001e-01
      vertex   -2.342206e+01 -2.831873e+01 2.500001e-01
    endloop
  endfacet
  facet normal 4.084462e-01 -5.855383e-01 -7.002261e-01
    outer loop
      vertex   -2.343645e+01 -2.773083e+01 -2.499999e-01
      vertex   -2.342206e+01 -2.831873e+01 2.500001e-01
      vertex   -2.393040e+01 -2.807539e+01 -2.499999e-01
    endloop
  endfacet
  facet normal 4.419977e-01 -5.432882e-01 -7.137758e-01
    outer loop
      vertex   -2.393040e+01 -2.807539e+01 -2.499999e-01
      vertex   -2.342206e+01 -2.831873e+01 2.500001e-01
      vertex   -2.386672e+01 -2.868049e+01 2.500001e-01
    endloop
  endfacet
  facet normal 4.798054e-01 -5.283191e-01 -7.004754e-01
    outer loop
      vertex   -2.393040e+01 -2.807539e+01 -2.499999e-01
      vertex   -2.386672e+01 -2.868049e+01 2.500001e-01
      vertex   -2.437624e+01 -2.848029e+01 -2.499999e-01
    endloop
  endfacet
  facet normal 5.121391e-01 -4.783045e-01 -7.133991e-01
    outer loop
      vertex   -2.437624e+01 -2.848029e+01 -2.499999e-01
      vertex   -2.386672e+01 -2.868049e+01 2.500001e-01
      vertex   -2.425799e+01 -2.909943e+01 2.500001e-01
    endloop
  endfacet
  facet normal 5.430805e-01 -4.623312e-01 -7.009376e-01
    outer loop
      vertex   -2.437624e+01 -2.848029e+01 -2.499999e-01
      vertex   -2.425799e+01 -2.909943e+01 2.500001e-01
      vertex   -2.476664e+01 -2.893888e+01 -2.499999e-01
    endloop
  endfacet
  facet normal 5.730000e-01 -4.044676e-01 -7.127951e-01
    outer loop
      vertex   -2.476664e+01 -2.893888e+01 -2.499999e-01
      vertex   -2.425799e+01 -2.909943e+01 2.500001e-01
      vertex   -2.458856e+01 -2.956775e+01 2.500001e-01
    endloop
  endfacet
  facet normal 5.971878e-01 -3.887262e-01 -7.016115e-01
    outer loop
      vertex   -2.476664e+01 -2.893888e+01 -2.499999e-01
      vertex   -2.458856e+01 -2.956775e+01 2.500001e-01
      vertex   -2.509520e+01 -2.944363e+01 -2.499999e-01
    endloop
  endfacet
  facet normal 6.234889e-01 -3.230659e-01 -7.119621e-01
    outer loop
      vertex   -2.509520e+01 -2.944363e+01 -2.499999e-01
      vertex   -2.458856e+01 -2.956775e+01 2.500001e-01
      vertex   -2.485229e+01 -3.007672e+01 2.500001e-01
    endloop
  endfacet
  facet normal 6.412091e-01 -3.087900e-01 -7.024953e-01
    outer loop
      vertex   -2.509520e+01 -2.944363e+01 -2.499999e-01
      vertex   -2.485229e+01 -3.007672e+01 2.500001e-01
      vertex   -2.535651e+01 -2.998625e+01 -2.499999e-01
    endloop
  endfacet
  facet normal 6.626878e-01 -2.355193e-01 -7.108977e-01
    outer loop
      vertex   -2.535651e+01 -2.998625e+01 -2.499999e-01
      vertex   -2.485229e+01 -3.007672e+01 2.500001e-01
      vertex   -2.504425e+01 -3.061685e+01 2.500001e-01
    endloop
  endfacet
  facet normal 6.744081e-01 -2.239189e-01 -7.035865e-01
    outer loop
      vertex   -2.535651e+01 -2.998625e+01 -2.499999e-01
      vertex   -2.504425e+01 -3.061685e+01 2.500001e-01
      vertex   -2.554629e+01 -3.055782e+01 -2.499999e-01
    endloop
  endfacet
  facet normal 6.898686e-01 -1.433563e-01 -7.095987e-01
    outer loop
      vertex   -2.554629e+01 -3.055782e+01 -2.499999e-01
      vertex   -2.504425e+01 -3.061685e+01 2.500001e-01
      vertex   -2.516088e+01 -3.117810e+01 2.500001e-01
    endloop
  endfacet
  facet normal 6.962437e-01 -1.355934e-01 -7.048823e-01
    outer loop
      vertex   -2.554629e+01 -3.055782e+01 -2.499999e-01
      vertex   -2.516088e+01 -3.117810e+01 2.500001e-01
      vertex   -2.566141e+01 -3.114898e+01 -2.499999e-01
    endloop
  endfacet
  facet normal 7.045048e-01 -4.818945e-02 -7.080613e-01
    outer loop
      vertex   -2.566141e+01 -3.114898e+01 -2.499999e-01
      vertex   -2.516088e+01 -3.117810e+01 2.500001e-01
      vertex   -2.520000e+01 -3.175000e+01 2.500001e-01
    endloop
  endfacet
  facet normal 9.976688e-01 6.824241e-02 0.000000e+00
    outer loop
      vertex   -2.516088e+01 -3.232190e+01 4.250000e+00
      vertex   -2.516088e+01 -3.232190e+01 2.500001e-01
      vertex   -2.520000e+01 -3.175000e+01 4.250000e+00
    endloop
  endfacet
  facet normal 9.976688e-01 6.824241e-02 0.000000e+00
    outer loop
      vertex   -2.520000e+01 -3.175000e+01 4.250000e+00
      vertex   -2.516088e+01 -3.232190e+01 2.500001e-01
      vertex   -2.520000e+01 -3.175000e+01 2.500001e-01
    endloop
  endfacet
  facet normal 9.976688e-01 -6.824241e-02 0.000000e+00
    outer loop
      vertex   -2.520000e+01 -3.175000e+01 4.250000e+00
      vertex   -2.520000e+01 -3.175000e+01 2.500001e-01
      vertex   -2.516088e+01 -3.117810e+01 4.250000e+00
    endloop
  endfacet
  facet normal 9.976688e-01 -6.824241e-02 0.000000e+00
    outer loop
      vertex   -2.516088e+01 -3.117810e+01 4.250000e+00
      vertex   -2.520000e+01 -3.175000e+01 2.500001e-01
      vertex   -2.516088e+01 -3.117810e+01 2.500001e-01
    endloop
  endfacet
  facet normal 9.790841e-01 -2.034560e-01 0.000000e+00
    outer loop
      vertex   -2.516088e+01 -3.117810e+01 4.250000e+00
      vertex   -2.516088e+01 -3.117810e+01 2.500001e-01
      vertex   -2.504425e+01 -3.061685e+01 4.250000e+00
    endloop
  endfacet
  facet normal 9.790841e-01 -2.034560e-01 0.000000e+00
    outer loop
      vertex   -2.504425e+01 -3.061685e+01 4.250000e+00
      vertex   -2.516088e+01 -3.117810e+01 2.500001e-01
      vertex   -2.504425e+01 -3.061685e+01 2.500001e-01
    endloop
  endfacet
  facet normal 9.422609e-01 -3.348796e-01 0.000000e+00
    outer loop
      vertex   -2.504425e+01 -3.061685e+01 4.250000e+00
      vertex   -2.504425e+01 -3.061685e+01 2.500001e-01
      vertex   -2.485229e+01 -3.007672e+01 4.250000e+00
    endloop
  endfacet
  facet normal 9.422609e-01 -3.348796e-01 8.368959e-16
    outer loop
      vertex   -2.485229e+01 -3.007672e+01 4.250000e+00
      vertex   -2.504425e+01 -3.061685e+01 2.500001e-01
      vertex   -2.485229e+01 -3.007672e+01 2.500001e-01
    endloop
  endfacet
  facet normal 8.878852e-01 -4.600650e-01 7.886005e-16
    outer loop
      vertex   -2.485229e+01 -3.007672e+01 4.250000e+00
      vertex   -2.485229e+01 -3.007672e+01 2.500001e-01
      vertex   -2.458856e+01 -2.956775e+01 4.250000e+00
    endloop
  endfacet
  facet normal 8.878852e-01 -4.600650e-01 0.000000e+00
    outer loop
      vertex   -2.458856e+01 -2.956775e+01 4.250000e+00
      vertex   -2.485229e+01 -3.007672e+01 2.500001e-01
      vertex   -2.458856e+01 -2.956775e+01 2.500001e-01
    endloop
  endfacet
  facet normal 8.169699e-01 -5.766803e-01 0.000000e+00
    outer loop
      vertex   -2.458856e+01 -2.956775e+01 4.250000e+00
      vertex   -2.458856e+01 -2.956775e+01 2.500001e-01
      vertex   -2.425799e+01 -2.909943e+01 4.250000e+00
    endloop
  endfacet
  facet normal 8.169699e-01 -5.766803e-01 0.000000e+00
    outer loop
      vertex   -2.425799e+01 -2.909943e+01 4.250000e+00
      vertex   -2.458856e+01 -2.956775e+01 2.500001e-01
      vertex   -2.425799e+01 -2.909943e+01 2.500001e-01
    endloop
  endfacet
  facet normal 7.308360e-01 -6.825531e-01 0.000000e+00
    outer loop
      vertex   -2.425799e+01 -2.909943e+01 4.250000e+00
      vertex   -2.425799e+01 -2.909943e+01 2.500001e-01
      vertex   -2.386672e+01 -2.868049e+01 4.250000e+00
    endloop
  endfacet
  facet normal 7.308360e-01 -6.825531e-01 -6.062290e-16
    outer loop
      vertex   -2.386672e+01 -2.868049e+01 4.250000e+00
      vertex   -2.425799e+01 -2.909943e+01 2.500001e-01
      vertex   -2.386672e+01 -2.868049e+01 2.500001e-01
    endloop
  endfacet
  facet normal 6.310879e-01 -7.757113e-01 -6.889701e-16
    outer loop
      vertex   -2.386672e+01 -2.868049e+01 4.250000e+00
      vertex   -2.386672e+01 -2.868049e+01 2.500001e-01
      vertex   -2.342206e+01 -2.831873e+01 4.250000e+00
    endloop
  endfacet
  facet normal 6.310879e-01 -7.757113e-01 0.000000e+00
    outer loop
      vertex   -2.342206e+01 -2.831873e+01 4.250000e+00
      vertex   -2.386672e+01 -2.868049e+01 2.500001e-01
      vertex   -2.342206e+01 -2.831873e+01 2.500001e-01
    endloop
  endfacet
  facet normal 5.195840e-01 -8.544194e-01 0.000000e+00
    outer loop
      vertex   -2.342206e+01 -2.831873e+01 4.250000e+00
      vertex   -2.342206e+01 -2.831873e+01 2.500001e-01
      vertex   -2.293227e+01 -2.802088e+01 4.250000e+00
    endloop
  endfacet
  facet normal 5.195840e-01 -8.544194e-01 0.000000e+00
    outer loop
      vertex   -2.293227e+01 -2.802088e+01 4.250000e+00
      vertex   -2.342206e+01 -2.831873e+01 2.500001e-01
      vertex   -2.293227e+01 -2.802088e+01 2.500001e-01
    endloop
  endfacet
  facet normal 3.984011e-01 -9.172113e-01 0.000000e+00
    outer loop
      vertex   -2.293227e+01 -2.802088e+01 4.250000e+00
      vertex   -2.293227e+01 -2.802088e+01 2.500001e-01
      vertex   -2.240649e+01 -2.779250e+01 4.250000e+00
    endloop
  endfacet
  facet normal 3.984011e-01 -9.172113e-01 0.000000e+00
    outer loop
      vertex   -2.240649e+01 -2.779250e+01 4.250000e+00
      vertex   -2.293227e+01 -2.802088e+01 2.500001e-01
      vertex   -2.240649e+01 -2.779250e+01 2.500001e-01
    endloop
  endfacet
  facet normal 2.697968e-01 -9.629173e-01 0.000000e+00
    outer loop
      vertex   -2.240649e+01 -2.779250e+01 4.250000e+00
      vertex   -2.240649e+01 -2.779250e+01 2.500001e-01
      vertex   -2.185452e+01 -2.763785e+01 4.250000e+00
    endloop
  endfacet
  facet normal 2.697968e-01 -9.629173e-01 0.000000e+00
    outer loop
      vertex   -2.185452e+01 -2.763785e+01 4.250000e+00
      vertex   -2.240649e+01 -2.779250e+01 2.500001e-01
      vertex   -2.185452e+01 -2.763785e+01 2.500001e-01
    endloop
  endfacet
  facet normal 1.361666e-01 -9.906859e-01 0.000000e+00
    outer loop
      vertex   -2.185452e+01 -2.763785e+01 4.250000e+00
      vertex   -2.185452e+01 -2.763785e+01 2.500001e-01
      vertex   -2.128662e+01 -2.755979e+01 4.250000e+00
    endloop
  endfacet
  facet normal 1.361666e-01 -9.906859e-01 0.000000e+00
    outer loop
      vertex   -2.128662e+01 -2.755979e+01 4.250000e+00
      vertex   -2.185452e+01 -2.763785e+01 2.500001e-01
      vertex   -2.128662e+01 -2.755979e+01 2.500001e-01
    endloop
  endfacet
  facet normal 0.000000e+00 -1.000000e+00 0.000000e+00
    outer loop
      vertex   -2.128662e+01 -2.755979e+01 4.250000e+00
      vertex   -2.128662e+01 -2.755979e+01 2.500001e-01
      vertex   -2.071338e+01 -2.755979e+01 4.250000e+00
    endloop
  endfacet
  facet normal 0.000000e+00 -1.000000e+00 -0.000000e+00
    outer loop
      vertex   -2.071338e+01 -2.755979e+01 4.250000e+00
      vertex   -2.128662e+01 -2.755979e+01 2.500001e-01
      vertex   -2.071338e+01 -2.755979e+01 2.500001e-01
    endloop
  endfacet
  facet normal -1.361666e-01 -9.906859e-01 -0.000000e+00
    outer loop
      vertex   -2.071338e+01 -2.755979e+01 4.250000e+00
      vertex   -2.071338e+01 -2.755979e+01 2.500001e-01
      vertex   -2.014548e+01 -2.763785e+01 4.250000e+00
    endloop
  endfacet
  facet normal -1.361666e-01 -9.906859e-01 -0.000000e+00
    outer loop
      vertex   -2.014548e+01 -2.763785e+01 4.250000e+00
      vertex   -2.071338e+01 -2.755979e+01 2.500001e-01
      vertex   -2.014548e+01 -2.763785e+01 2.500001e-01
    endloop
  endfacet
  facet normal -2.697968e-01 -9.629173e-01 -0.000000e+00
    outer loop
      vertex   -2.014548e+01 -2.763785e+01 4.250000e+00
      vertex   -2.014548e+01 -2.763785e+01 2.500001e-01
      vertex   -1.959351e+01 -2.779250e+01 4.250000e+00
    endloop
  endfacet
  facet normal -2.697968e-01 -9.629173e-01 -0.000000e+00
    outer loop
      vertex   -1.959351e+01 -2.779250e+01 4.250000e+00
      vertex   -2.014548e+01 -2.763785e+01 2.500001e-01
      vertex   -1.959351e+01 -2.779250e+01 2.500001e-01
    endloop
  endfacet
  facet normal -3.984011e-01 -9.172113e-01 -0.000000e+00
    outer loop
      vertex   -1.959351e+01 -2.779250e+01 4.250000e+00
      vertex   -1.959351e+01 -2.779250e+01 2.500001e-01
      vertex   -1.906773e+01 -2.802088e+01 4.250000e+00
    endloop
  endfacet
  facet normal -3.984011e-01 -9.172113e-01 8.146473e-16
    outer loop
      vertex   -1.906773e+01 -2.802088e+01 4.250000e+00
      vertex   -1.959351e+01 -2.779250e+01 2.500001e-01
      vertex   -1.906773e+01 -2.802088e+01 2.500001e-01
    endloop
  endfacet
  facet normal -5.195840e-01 -8.544194e-01 7.588769e-16
    outer loop
      vertex   -1.906773e+01 -2.802088e+01 4.250000e+00
      vertex   -1.906773e+01 -2.802088e+01 2.500001e-01
      vertex   -1.857794e+01 -2.831873e+01 4.250000e+00
    endloop
  endfacet
  facet normal -5.195840e-01 -8.544194e-01 -0.000000e+00
    outer loop
      vertex   -1.857794e+01 -2.831873e+01 4.250000e+00
      vertex   -1.906773e+01 -2.802088e+01 2.500001e-01
      vertex   -1.857794e+01 -2.831873e+01 2.500001e-01
    endloop
  endfacet
  facet normal -6.310879e-01 -7.757113e-01 -0.000000e+00
    outer loop
      vertex   -1.857794e+01 -2.831873e+01 4.250000e+00
      vertex   -1.857794e+01 -2.831873e+01 2.500001e-01
      vertex   -1.813328e+01 -2.868049e+01 4.250000e+00
    endloop
  endfacet
  facet normal -6.310879e-01 -7.757113e-01 -0.000000e+00
    outer loop
      vertex   -1.813328e+01 -2.868049e+01 4.250000e+00
      vertex   -1.857794e+01 -2.831873e+01 2.500001e-01
      vertex   -1.813328e+01 -2.868049e+01 2.500001e-01
    endloop
  endfacet
  facet normal -7.308360e-01 -6.825531e-01 -0.000000e+00
    outer loop
      vertex   -1.813328e+01 -2.868049e+01 4.250000e+00
      vertex   -1.813328e+01 -2.868049e+01 2.500001e-01
      vertex   -1.774201e+01 -2.909943e+01 4.250000e+00
    endloop
  endfacet
  facet normal -7.308360e-01 -6.825531e-01 -0.000000e+00
    outer loop
      vertex   -1.774201e+01 -2.909943e+01 4.250000e+00
      vertex   -1.813328e+01 -2.868049e+01 2.500001e-01
      vertex   -1.774201e+01 -2.909943e+01 2.500001e-01
    endloop
  endfacet
  facet normal -8.169699e-01 -5.766803e-01 -0.000000e+00
    outer loop
      vertex   -1.774201e+01 -2.909943e+01 4.250000e+00
      vertex   -1.774201e+01 -2.909943e+01 2.500001e-01
      vertex   -1.741144e+01 -2.956775e+01 4.250000e+00
    endloop
  endfacet
  facet normal -8.169699e-01 -5.766803e-01 5.121950e-16
    outer loop
      vertex   -1.741144e+01 -2.956775e+01 4.250000e+00
      vertex   -1.774201e+01 -2.909943e+01 2.500001e-01
      vertex   -1.741144e+01 -2.956775e+01 2.500001e-01
    endloop
  endfacet
  facet normal -8.878852e-01 -4.600650e-01 4.086199e-16
    outer loop
      vertex   -1.741144e+01 -2.956775e+01 4.250000e+00
      vertex   -1.741144e+01 -2.956775e+01 2.500001e-01
      vertex   -1.714771e+01 -3.007672e+01 4.250000e+00
    endloop
  endfacet
  facet normal -8.878852e-01 -4.600650e-01 -7.886005e-16
    outer loop
      vertex   -1.714771e+01 -3.007672e+01 4.250000e+00
      vertex   -1.741144e+01 -2.956775e+01 2.500001e-01
      vertex   -1.714771e+01 -3.007672e+01 2.500001e-01
    endloop
  endfacet
  facet normal -9.422609e-01 -3.348796e-01 -8.368959e-16
    outer loop
      vertex   -1.714771e+01 -3.007672e+01 4.250000e+00
      vertex   -1.714771e+01 -3.007672e+01 2.500001e-01
      vertex   -1.695575e+01 -3.061685e+01 4.250000e+00
    endloop
  endfacet
  facet normal -9.422609e-01 -3.348796e-01 -0.000000e+00
    outer loop
      vertex   -1.695575e+01 -3.061685e+01 4.250000e+00
      vertex   -1.714771e+01 -3.007672e+01 2.500001e-01
      vertex   -1.695575e+01 -3.061685e+01 2.500001e-01
    endloop
  endfacet
  facet normal -9.790841e-01 -2.034560e-01 -0.000000e+00
    outer loop
      vertex   -1.695575e+01 -3.061685e+01 4.250000e+00
      vertex   -1.695575e+01 -3.061685e+01 2.500001e-01
      vertex   -1.683912e+01 -3.117810e+01 4.250000e+00
    endloop
  endfacet
  facet normal -9.790841e-01 -2.034560e-01 -0.000000e+00
    outer loop
      vertex   -1.683912e+01 -3.117810e+01 4.250000e+00
      vertex   -1.695575e+01 -3.061685e+01 2.500001e-01
      vertex   -1.683912e+01 -3.117810e+01 2.500001e-01
    endloop
  endfacet
  facet normal -9.976688e-01 -6.824241e-02 -0.000000e+00
    outer loop
      vertex   -1.683912e+01 -3.117810e+01 4.250000e+00
      vertex   -1.683912e+01 -3.117810e+01 2.500001e-01
      vertex   -1.680000e+01 -3.175000e+01 4.250000e+00
    endloop
  endfacet
  facet normal -9.976688e-01 -6.824241e-02 -0.000000e+00
    outer loop
      vertex   -1.680000e+01 -3.175000e+01 4.250000e+00
      vertex   -1.683912e+01 -3.117810e+01 2.500001e-01
      vertex   -1.680000e+01 -3.175000e+01 2.500001e-01
    endloop
  endfacet
  facet normal -9.976688e-01 6.824241e-02 0.000000e+00
    outer loop
      vertex   -1.680000e+01 -3.175000e+01 4.250000e+00
      vertex   -1.680000e+01 -3.175000e+01 2.500001e-01
      vertex   -1.683912e+01 -3.232190e+01 4.250000e+00
    endloop
  endfacet
  facet normal -9.976688e-01 6.824241e-02 0.000000e+00
    outer loop
      vertex   -1.683912e+01 -3.232190e+01 4.250000e+00
      vertex   -1.680000e+01 -3.175000e+01 2.500001e-01
      vertex   -1.683912e+01 -3.232190e+01 2.500001e-01
    endloop
  endfacet
  facet normal -9.790841e-01 2.034560e-01 0.000000e+00
    outer loop
      vertex   -1.683912e+01 -3.232190e+01 4.250000e+00
      vertex   -1.683912e+01 -3.232190e+01 2.500001e-01
      vertex   -1.695575e+01 -3.288315e+01 4.250000e+00
    endloop
  endfacet
  facet normal -9.790841e-01 2.034560e-01 0.000000e+00
    outer loop
      vertex   -1.695575e+01 -3.288315e+01 4.250000e+00
      vertex   -1.683912e+01 -3.232190e+01 2.500001e-01
      vertex   -1.695575e+01 -3.288315e+01 2.500001e-01
    endloop
  endfacet
  facet normal -9.422609e-01 3.348796e-01 0.000000e+00
    outer loop
      vertex   -1.695575e+01 -3.288315e+01 4.250000e+00
      vertex   -1.695575e+01 -3.288315e+01 2.500001e-01
      vertex   -1.714771e+01 -3.342328e+01 4.250000e+00
    endloop
  endfacet
  facet normal -9.422609e-01 3.348796e-01 8.368959e-16
    outer loop
      vertex   -1.714771e+01 -3.342328e+01 4.250000e+00
      vertex   -1.695575e+01 -3.288315e+01 2.500001e-01
      vertex   -1.714771e+01 -3.342328e+01 2.500001e-01
    endloop
  endfacet
  facet normal -8.878852e-01 4.600650e-01 7.886005e-16
    outer loop
      vertex   -1.714771e+01 -3.342328e+01 4.250000e+00
      vertex   -1.714771e+01 -3.342328e+01 2.500001e-01
      vertex   -1.741144e+01 -3.393225e+01 4.250000e+00
    endloop
  endfacet
  facet normal -8.878852e-01 4.600650e-01 -8.172397e-16
    outer loop
      vertex   -1.741144e+01 -3.393225e+01 4.250000e+00
      vertex   -1.714771e+01 -3.342328e+01 2.500001e-01
      vertex   -1.741144e+01 -3.393225e+01 2.500001e-01
    endloop
  endfacet
  facet normal -8.169699e-01 5.766803e-01 -1.024390e-15
    outer loop
      vertex   -1.741144e+01 -3.393225e+01 4.250000e+00
      vertex   -1.741144e+01 -3.393225e+01 2.500001e-01
      vertex   -1.774201e+01 -3.440057e+01 4.250000e+00
    endloop
  endfacet
  facet normal -8.169699e-01 5.766803e-01 0.000000e+00
    outer loop
      vertex   -1.774201e+01 -3.440057e+01 4.250000e+00
      vertex   -1.741144e+01 -3.393225e+01 2.500001e-01
      vertex   -1.774201e+01 -3.440057e+01 2.500001e-01
    endloop
  endfacet
  facet normal -7.308360e-01 6.825531e-01 0.000000e+00
    outer loop
      vertex   -1.774201e+01 -3.440057e+01 4.250000e+00
      vertex   -1.774201e+01 -3.440057e+01 2.500001e-01
      vertex   -1.813328e+01 -3.481951e+01 4.250000e+00
    endloop
  endfacet
  facet normal -7.308360e-01 6.825531e-01 0.000000e+00
    outer loop
      vertex   -1.813328e+01 -3.481951e+01 4.250000e+00
      vertex   -1.774201e+01 -3.440057e+01 2.500001e-01
      vertex   -1.813328e+01 -3.481951e+01 2.500001e-01
    endloop
  endfacet
  facet normal -6.310879e-01 7.757113e-01 0.000000e+00
    outer loop
      vertex   -1.813328e+01 -3.481951e+01 4.250000e+00
      vertex   -1.813328e+01 -3.481951e+01 2.500001e-01
      vertex   -1.857794e+01 -3.518127e+01 4.250000e+00
    endloop
  endfacet
  facet normal -6.310879e-01 7.757113e-01 0.000000e+00
    outer loop
      vertex   -1.857794e+01 -3.518127e+01 4.250000e+00
      vertex   -1.813328e+01 -3.481951e+01 2.500001e-01
      vertex   -1.857794e+01 -3.518127e+01 2.500001e-01
    endloop
  endfacet
  facet normal -5.195840e-01 8.544194e-01 0.000000e+00
    outer loop
      vertex   -1.857794e+01 -3.518127e+01 4.250000e+00
      vertex   -1.857794e+01 -3.518127e+01 2.500001e-01
      vertex   -1.906773e+01 -3.547912e+01 4.250000e+00
    endloop
  endfacet
  facet normal -5.195840e-01 8.544194e-01 -1.517754e-15
    outer loop
      vertex   -1.906773e+01 -3.547912e+01 4.250000e+00
      vertex   -1.857794e+01 -3.518127e+01 2.500001e-01
      vertex   -1.906773e+01 -3.547912e+01 2.500001e-01
    endloop
  endfacet
  facet normal -3.984011e-01 9.172113e-01 -1.629295e-15
    outer loop
      vertex   -1.906773e+01 -3.547912e+01 4.250000e+00
      vertex   -1.906773e+01 -3.547912e+01 2.500001e-01
      vertex   -1.959351e+01 -3.570750e+01 4.250000e+00
    endloop
  endfacet
  facet normal -3.984011e-01 9.172113e-01 0.000000e+00
    outer loop
      vertex   -1.959351e+01 -3.570750e+01 4.250000e+00
      vertex   -1.906773e+01 -3.547912e+01 2.500001e-01
      vertex   -1.959351e+01 -3.570750e+01 2.500001e-01
    endloop
  endfacet
  facet normal -2.697968e-01 9.629173e-01 0.000000e+00
    outer loop
      vertex   -1.959351e+01 -3.570750e+01 4.250000e+00
      vertex   -1.959351e+01 -3.570750e+01 2.500001e-01
      vertex   -2.014548e+01 -3.586215e+01 4.250000e+00
    endloop
  endfacet
  facet normal -2.697968e-01 9.629173e-01 0.000000e+00
    outer loop
      vertex   -2.014548e+01 -3.586215e+01 4.250000e+00
      vertex   -1.959351e+01 -3.570750e+01 2.500001e-01
      vertex   -2.014548e+01 -3.586215e+01 2.500001e-01
    endloop
  endfacet
  facet normal -1.361666e-01 9.906859e-01 0.000000e+00
    outer loop
      vertex   -2.014548e+01 -3.586215e+01 4.250000e+00
      vertex   -2.014548e+01 -3.586215e+01 2.500001e-01
      vertex   -2.071338e+01 -3.594021e+01 4.250000e+00
    endloop
  endfacet
  facet normal -1.361666e-01 9.906859e-01 0.000000e+00
    outer loop
      vertex   -2.071338e+01 -3.594021e+01 4.250000e+00
      vertex   -2.014548e+01 -3.586215e+01 2.500001e-01
      vertex   -2.071338e+01 -3.594021e+01 2.500001e-01
    endloop
  endfacet
  facet normal 0.000000e+00 1.000000e+00 0.000000e+00
    outer loop
      vertex   -2.071338e+01 -3.594021e+01 4.250000e+00
      vertex   -2.071338e+01 -3.594021e+01 2.500001e-01
      vertex   -2.128662e+01 -3.594021e+01 4.250000e+00
    endloop
  endfacet
  facet normal 0.000000e+00 1.000000e+00 0.000000e+00
    outer loop
      vertex   -2.128662e+01 -3.594021e+01 4.250000e+00
      vertex   -2.071338e+01 -3.594021e+01 2.500001e-01
      vertex   -2.128662e+01 -3.594021e+01 2.500001e-01
    endloop
  endfacet
  facet normal 1.361666e-01 9.906859e-01 0.000000e+00
    outer loop
      vertex   -2.128662e+01 -3.594021e+01 4.250000e+00
      vertex   -2.128662e+01 -3.594021e+01 2.500001e-01
      vertex   -2.185452e+01 -3.586215e+01 4.250000e+00
    endloop
  endfacet
  facet normal 1.361666e-01 9.906859e-01 0.000000e+00
    outer loop
      vertex   -2.185452e+01 -3.586215e+01 4.250000e+00
      vertex   -2.128662e+01 -3.594021e+01 2.500001e-01
      vertex   -2.185452e+01 -3.586215e+01 2.500001e-01
    endloop
  endfacet
  facet normal 2.697968e-01 9.629173e-01 0.000000e+00
    outer loop
      vertex   -2.185452e+01 -3.586215e+01 4.250000e+00
      vertex   -2.185452e+01 -3.586215e+01 2.500001e-01
      vertex   -2.240649e+01 -3.570750e+01 4.250000e+00
    endloop
  endfacet
  facet normal 2.697968e-01 9.629173e-01 0.000000e+00
    outer loop
      vertex   -2.240649e+01 -3.570750e+01 4.250000e+00
      vertex   -2.185452e+01 -3.586215e+01 2.500001e-01
      vertex   -2.240649e+01 -3.570750e+01 2.500001e-01
    endloop
  endfacet
  facet normal 3.984011e-01 9.172113e-01 0.000000e+00
    outer loop
      vertex   -2.240649e+01 -3.570750e+01 4.250000e+00
      vertex   -2.240649e+01 -3.570750e+01 2.500001e-01
      vertex   -2.293227e+01 -3.547912e+01 4.250000e+00
    endloop
  endfacet
  facet normal 3.984011e-01 9.172113e-01 0.000000e+00
    outer loop
      vertex   -2.293227e+01 -3.547912e+01 4.250000e+00
      vertex   -2.240649e+01 -3.570750e+01 2.500001e-01
      vertex   -2.293227e+01 -3.547912e+01 2.500001e-01
    endloop
  endfacet
  facet normal 5.195840e-01 8.544194e-01 0.000000e+00
    outer loop
      vertex   -2.293227e+01 -3.547912e+01 4.250000e+00
      vertex   -2.293227e+01 -3.547912e+01 2.500001e-01
      vertex   -2.342206e+01 -3.518127e+01 4.250000e+00
    endloop
  endfacet
  facet normal 5.195840e-01 8.544194e-01 0.000000e+00
    outer loop
      vertex   -2.342206e+01 -3.518127e+01 4.250000e+00
      vertex   -2.293227e+01 -3.547912e+01 2.500001e-01
      vertex   -2.342206e+01 -3.518127e+01 2.500001e-01
    endloop
  endfacet
  facet normal 6.310879e-01 7.757113e-01 0.000000e+00
    outer loop
      vertex   -2.342206e+01 -3.518127e+01 4.250000e+00
      vertex   -2.342206e+01 -3.518127e+01 2.500001e-01
      vertex   -2.386672e+01 -3.481951e+01 4.250000e+00
    endloop
  endfacet
  facet normal 6.310879e-01 7.757113e-01 0.000000e+00
    outer loop
      vertex   -2.386672e+01 -3.481951e+01 4.250000e+00
      vertex   -2.342206e+01 -3.518127e+01 2.500001e-01
      vertex   -2.386672e+01 -3.481951e+01 2.500001e-01
    endloop
  endfacet
  facet normal 7.308360e-01 6.825531e-01 0.000000e+00
    outer loop
      vertex   -2.386672e+01 -3.481951e+01 4.250000e+00
      vertex   -2.386672e+01 -3.481951e+01 2.500001e-01
      vertex   -2.425799e+01 -3.440057e+01 4.250000e+00
    endloop
  endfacet
  facet normal 7.308360e-01 6.825531e-01 0.000000e+00
    outer loop
      vertex   -2.425799e+01 -3.440057e+01 4.250000e+00
      vertex   -2.386672e+01 -3.481951e+01 2.500001e-01
      vertex   -2.425799e+01 -3.440057e+01 2.500001e-01
    endloop
  endfacet
  facet normal 8.169699e-01 5.766803e-01 0.000000e+00
    outer loop
      vertex   -2.425799e+01 -3.440057e+01 4.250000e+00
      vertex   -2.425799e+01 -3.440057e+01 2.500001e-01
      vertex   -2.458856e+01 -3.393225e+01 4.250000e+00
    endloop
  endfacet
  facet normal 8.169699e-01 5.766803e-01 0.000000e+00
    outer loop
      vertex   -2.458856e+01 -3.393225e+01 4.250000e+00
      vertex   -2.425799e+01 -3.440057e+01 2.500001e-01
      vertex   -2.458856e+01 -3.393225e+01 2.500001e-01
    endloop
  endfacet
  facet normal 8.878852e-01 4.600650e-01 0.000000e+00
    outer loop
      vertex   -2.458856e+01 -3.393225e+01 4.250000e+00
      vertex   -2.458856e+01 -3.393225e+01 2.500001e-01
      vertex   -2.485229e+01 -3.342328e+01 4.250000e+00
    endloop
  endfacet
  facet normal 8.878852e-01 4.600650e-01 -7.886005e-16
    outer loop
      vertex   -2.485229e+01 -3.342328e+01 4.250000e+00
      vertex   -2.458856e+01 -3.393225e+01 2.500001e-01
      vertex   -2.485229e+01 -3.342328e+01 2.500001e-01
    endloop
  endfacet
  facet normal 9.422609e-01 3.348796e-01 -8.368959e-16
    outer loop
      vertex   -2.485229e+01 -3.342328e+01 4.250000e+00
      vertex   -2.485229e+01 -3.342328e+01 2.500001e-01
      vertex   -2.504425e+01 -3.288315e+01 4.250000e+00
    endloop
  endfacet
  facet normal 9.422609e-01 3.348796e-01 0.000000e+00
    outer loop
      vertex   -2.504425e+01 -3.288315e+01 4.250000e+00
      vertex   -2.485229e+01 -3.342328e+01 2.500001e-01
      vertex   -2.504425e+01 -3.288315e+01 2.500001e-01
    endloop
  endfacet
  facet normal 9.790841e-01 2.034560e-01 0.000000e+00
    outer loop
      vertex   -2.504425e+01 -3.288315e+01 4.250000e+00
      vertex   -2.504425e+01 -3.288315e+01 2.500001e-01
      vertex   -2.516088e+01 -3.232190e+01 4.250000e+00
    endloop
  endfacet
  facet normal 9.790841e-01 2.034560e-01 0.000000e+00
    outer loop
      vertex   -2.516088e+01 -3.232190e+01 4.250000e+00
      vertex   -2.504425e+01 -3.288315e+01 2.500001e-01
      vertex   -2.516088e+01 -3.232190e+01 2.500001e-01
    endloop
  endfacet
  facet normal 7.063792e-01 -4.535105e-02 7.063792e-01
    outer loop
      vertex   -2.566141e+01 -3.114898e+01 4.750000e+00
      vertex   -2.570000e+01 -3.175000e+01 4.750000e+00
      vertex   -2.520000e+01 -3.175000e+01 4.250000e+00
    endloop
  endfacet
  facet normal 7.063792e-01 4.535105e-02 7.063792e-01
    outer loop
      vertex   -2.520000e+01 -3.175000e+01 4.250000e+00
      vertex   -2.570000e+01 -3.175000e+01 4.750000e+00
      vertex   -2.566141e+01 -3.235102e+01 4.750000e+00
    endloop
  endfacet
  facet normal 7.045048e-01 4.818945e-02 7.080613e-01
    outer loop
      vertex   -2.520000e+01 -3.175000e+01 4.250000e+00
      vertex   -2.566141e+01 -3.235102e+01 4.750000e+00
      vertex   -2.516088e+01 -3.232190e+01 4.250000e+00
    endloop
  endfacet
  facet normal 6.962437e-01 1.355934e-01 7.048823e-01
    outer loop
      vertex   -2.516088e+01 -3.232190e+01 4.250000e+00
      vertex   -2.566141e+01 -3.235102e+01 4.750000e+00
      vertex   -2.554629e+01 -3.294218e+01 4.750000e+00
    endloop
  endfacet
  facet normal 6.898686e-01 1.433563e-01 7.095987e-01
    outer loop
      vertex   -2.516088e+01 -3.232190e+01 4.250000e+00
      vertex   -2.554629e+01 -3.294218e+01 4.750000e+00
      vertex   -2.504425e+01 -3.288315e+01 4.250000e+00
    endloop
  endfacet
  facet normal 6.744081e-01 2.239189e-01 7.035865e-01
    outer loop
      vertex   -2.504425e+01 -3.288315e+01 4.250000e+00
      vertex   -2.554629e+01 -3.294218e+01 4.750000e+00
      vertex   -2.535651e+01 -3.351376e+01 4.750000e+00
    endloop
  endfacet
  facet normal 6.626878e-01 2.355193e-01 7.108977e-01
    outer loop
      vertex   -2.504425e+01 -3.288315e+01 4.250000e+00
      vertex   -2.535651e+01 -3.351376e+01 4.750000e+00
      vertex   -2.485229e+01 -3.342328e+01 4.250000e+00
    endloop
  endfacet
  facet normal 6.412091e-01 3.087900e-01 7.024953e-01
    outer loop
      vertex   -2.485229e+01 -3.342328e+01 4.250000e+00
      vertex   -2.535651e+01 -3.351376e+01 4.750000e+00
      vertex   -2.509520e+01 -3.405637e+01 4.750000e+00
    endloop
  endfacet
  facet normal 6.234889e-01 3.230659e-01 7.119621e-01
    outer loop
      vertex   -2.485229e+01 -3.342328e+01 4.250000e+00
      vertex   -2.509520e+01 -3.405637e+01 4.750000e+00
      vertex   -2.458856e+01 -3.393225e+01 4.250000e+00
    endloop
  endfacet
  facet normal 5.971878e-01 3.887262e-01 7.016115e-01
    outer loop
      vertex   -2.458856e+01 -3.393225e+01 4.250000e+00
      vertex   -2.509520e+01 -3.405637e+01 4.750000e+00
      vertex   -2.476664e+01 -3.456112e+01 4.750000e+00
    endloop
  endfacet
  facet normal 5.730000e-01 4.044676e-01 7.127951e-01
    outer loop
      vertex   -2.458856e+01 -3.393225e+01 4.250000e+00
      vertex   -2.476664e+01 -3.456112e+01 4.750000e+00
      vertex   -2.425799e+01 -3.440057e+01 4.250000e+00
    endloop
  endfacet
  facet normal 5.430805e-01 4.623312e-01 7.009376e-01
    outer loop
      vertex   -2.425799e+01 -3.440057e+01 4.250000e+00
      vertex   -2.476664e+01 -3.456112e+01 4.750000e+00
      vertex   -2.437624e+01 -3.501971e+01 4.750000e+00
    endloop
  endfacet
  facet normal 5.121391e-01 4.783045e-01 7.133991e-01
    outer loop
      vertex   -2.425799e+01 -3.440057e+01 4.250000e+00
      vertex   -2.437624e+01 -3.501971e+01 4.750000e+00
      vertex   -2.386672e+01 -3.481951e+01 4.250000e+00
    endloop
  endfacet
  facet normal 4.798054e-01 5.283191e-01 7.004754e-01
    outer loop
      vertex   -2.386672e+01 -3.481951e+01 4.250000e+00
      vertex   -2.437624e+01 -3.501971e+01 4.750000e+00
      vertex   -2.393040e+01 -3.542461e+01 4.750000e+00
    endloop
  endfacet
  facet normal 4.419977e-01 5.432882e-01 7.137758e-01
    outer loop
      vertex   -2.386672e+01 -3.481951e+01 4.250000e+00
      vertex   -2.393040e+01 -3.542461e+01 4.750000e+00
      vertex   -2.342206e+01 -3.518127e+01 4.250000e+00
    endloop
  endfacet
  facet normal 4.084462e-01 5.855383e-01 7.002261e-01
    outer loop
      vertex   -2.342206e+01 -3.518127e+01 4.250000e+00
      vertex   -2.393040e+01 -3.542461e+01 4.750000e+00
      vertex   -2.343645e+01 -3.576917e+01 4.750000e+00
    endloop
  endfacet
  facet normal 3.638235e-01 5.982822e-01 7.139264e-01
    outer loop
      vertex   -2.342206e+01 -3.518127e+01 4.250000e+00
      vertex   -2.343645e+01 -3.576917e+01 4.750000e+00
      vertex   -2.293227e+01 -3.547912e+01 4.250000e+00
    endloop
  endfacet
  facet normal 3.302320e-01 6.329929e-01 7.001905e-01
    outer loop
      vertex   -2.293227e+01 -3.547912e+01 4.250000e+00
      vertex   -2.343645e+01 -3.576917e+01 4.750000e+00
      vertex   -2.290248e+01 -3.604774e+01 4.750000e+00
    endloop
  endfacet
  facet normal 2.789993e-01 6.423208e-01 7.138511e-01
    outer loop
      vertex   -2.293227e+01 -3.547912e+01 4.250000e+00
      vertex   -2.290248e+01 -3.604774e+01 4.750000e+00
      vertex   -2.240649e+01 -3.570750e+01 4.250000e+00
    endloop
  endfacet
  facet normal 2.465151e-01 6.698613e-01 7.003686e-01
    outer loop
      vertex   -2.240649e+01 -3.570750e+01 4.250000e+00
      vertex   -2.290248e+01 -3.604774e+01 4.750000e+00
      vertex   -2.233728e+01 -3.625574e+01 4.750000e+00
    endloop
  endfacet
  facet normal 1.890208e-01 6.746241e-01 7.135499e-01
    outer loop
      vertex   -2.240649e+01 -3.570750e+01 4.250000e+00
      vertex   -2.233728e+01 -3.625574e+01 4.750000e+00
      vertex   -2.185452e+01 -3.586215e+01 4.250000e+00
    endloop
  endfacet
  facet normal 1.587458e-01 6.955108e-01 7.007599e-01
    outer loop
      vertex   -2.185452e+01 -3.586215e+01 4.250000e+00
      vertex   -2.233728e+01 -3.625574e+01 4.750000e+00
      vertex   -2.175012e+01 -3.638975e+01 4.750000e+00
    endloop
  endfacet
  facet normal 9.547213e-02 6.946114e-01 7.130218e-01
    outer loop
      vertex   -2.185452e+01 -3.586215e+01 4.250000e+00
      vertex   -2.175012e+01 -3.638975e+01 4.750000e+00
      vertex   -2.128662e+01 -3.594021e+01 4.250000e+00
    endloop
  endfacet
  facet normal 6.844558e-02 7.095101e-01 7.013634e-01
    outer loop
      vertex   -2.128662e+01 -3.594021e+01 4.250000e+00
      vertex   -2.175012e+01 -3.638975e+01 4.750000e+00
      vertex   -2.115064e+01 -3.644759e+01 4.750000e+00
    endloop
  endfacet
  facet normal -0.000000e+00 7.019103e-01 7.122654e-01
    outer loop
      vertex   -2.128662e+01 -3.594021e+01 4.250000e+00
      vertex   -2.115064e+01 -3.644759e+01 4.750000e+00
      vertex   -2.071338e+01 -3.594021e+01 4.250000e+00
    endloop
  endfacet
  facet normal -2.282079e-02 7.116361e-01 7.021775e-01
    outer loop
      vertex   -2.071338e+01 -3.594021e+01 4.250000e+00
      vertex   -2.115064e+01 -3.644759e+01 4.750000e+00
      vertex   -2.054869e+01 -3.642828e+01 4.750000e+00
    endloop
  endfacet
  facet normal -9.571296e-02 6.963635e-01 7.112784e-01
    outer loop
      vertex   -2.071338e+01 -3.594021e+01 4.250000e+00
      vertex   -2.054869e+01 -3.642828e+01 4.750000e+00
      vertex   -2.014548e+01 -3.586215e+01 4.250000e+00
    endloop
  endfacet
  facet normal -1.134743e-01 7.018786e-01 7.031999e-01
    outer loop
      vertex   -2.014548e+01 -3.586215e+01 4.250000e+00
      vertex   -2.054869e+01 -3.642828e+01 4.750000e+00
      vertex   -1.995415e+01 -3.633216e+01 4.750000e+00
    endloop
  endfacet
  facet normal -1.899756e-01 6.780317e-01 7.100579e-01
    outer loop
      vertex   -2.014548e+01 -3.586215e+01 4.250000e+00
      vertex   -1.995415e+01 -3.633216e+01 4.750000e+00
      vertex   -1.959351e+01 -3.570750e+01 4.250000e+00
    endloop
  endfacet
  facet normal -2.019507e-01 6.804390e-01 7.044279e-01
    outer loop
      vertex   -1.959351e+01 -3.570750e+01 4.250000e+00
      vertex   -1.995415e+01 -3.633216e+01 4.750000e+00
      vertex   -1.937678e+01 -3.616080e+01 4.750000e+00
    endloop
  endfacet
  facet normal -2.811158e-01 6.471934e-01 7.086005e-01
    outer loop
      vertex   -1.959351e+01 -3.570750e+01 4.250000e+00
      vertex   -1.937678e+01 -3.616080e+01 4.750000e+00
      vertex   -1.906773e+01 -3.547912e+01 4.250000e+00
    endloop
  endfacet
  facet normal -2.867296e-01 6.477271e-01 7.058582e-01
    outer loop
      vertex   -1.906773e+01 -3.547912e+01 4.250000e+00
      vertex   -1.937678e+01 -3.616080e+01 4.750000e+00
      vertex   -1.882607e+01 -3.591702e+01 4.750000e+00
    endloop
  endfacet
  facet normal -3.666545e-01 6.048350e-01 7.069222e-01
    outer loop
      vertex   -1.906773e+01 -3.547912e+01 4.250000e+00
      vertex   -1.882607e+01 -3.591702e+01 4.750000e+00
      vertex   -1.831105e+01 -3.560481e+01 4.750000e+00
    endloop
  endfacet
  facet normal -3.671994e-01 6.038338e-01 7.074951e-01
    outer loop
      vertex   -1.906773e+01 -3.547912e+01 4.250000e+00
      vertex   -1.831105e+01 -3.560481e+01 4.750000e+00
      vertex   -1.857794e+01 -3.518127e+01 4.250000e+00
    endloop
  endfacet
  facet normal -4.419608e-01 5.542013e-01 7.053592e-01
    outer loop
      vertex   -1.857794e+01 -3.518127e+01 4.250000e+00
      vertex   -1.831105e+01 -3.560481e+01 4.750000e+00
      vertex   -1.784019e+01 -3.522931e+01 4.750000e+00
    endloop
  endfacet
  facet normal -4.449769e-01 5.469501e-01 7.091129e-01
    outer loop
      vertex   -1.857794e+01 -3.518127e+01 4.250000e+00
      vertex   -1.784019e+01 -3.522931e+01 4.750000e+00
      vertex   -1.813328e+01 -3.481951e+01 4.250000e+00
    endloop
  endfacet
  facet normal -5.101746e-01 4.940766e-01 7.039959e-01
    outer loop
      vertex   -1.813328e+01 -3.481951e+01 4.250000e+00
      vertex   -1.784019e+01 -3.522931e+01 4.750000e+00
      vertex   -1.742120e+01 -3.479667e+01 4.750000e+00
    endloop
  endfacet
  facet normal -5.142939e-01 4.803170e-01 7.104909e-01
    outer loop
      vertex   -1.813328e+01 -3.481951e+01 4.250000e+00
      vertex   -1.742120e+01 -3.479667e+01 4.750000e+00
      vertex   -1.774201e+01 -3.440057e+01 4.250000e+00
    endloop
  endfacet
  facet normal -5.700870e-01 4.254670e-01 7.028361e-01
    outer loop
      vertex   -1.774201e+01 -3.440057e+01 4.250000e+00
      vertex   -1.742120e+01 -3.479667e+01 4.750000e+00
      vertex   -1.706099e+01 -3.431401e+01 4.750000e+00
    endloop
  endfacet
  facet normal -5.739632e-01 4.051475e-01 7.116332e-01
    outer loop
      vertex   -1.774201e+01 -3.440057e+01 4.250000e+00
      vertex   -1.706099e+01 -3.431401e+01 4.750000e+00
      vertex   -1.741144e+01 -3.393225e+01 4.250000e+00
    endloop
  endfacet
  facet normal -6.206337e-01 3.495344e-01 7.018829e-01
    outer loop
      vertex   -1.741144e+01 -3.393225e+01 4.250000e+00
      vertex   -1.706099e+01 -3.431401e+01 4.750000e+00
      vertex   -1.676545e+01 -3.378925e+01 4.750000e+00
    endloop
  endfacet
  facet normal -6.229655e-01 3.227947e-01 7.125430e-01
    outer loop
      vertex   -1.741144e+01 -3.393225e+01 4.250000e+00
      vertex   -1.676545e+01 -3.378925e+01 4.750000e+00
      vertex   -1.714771e+01 -3.342328e+01 4.250000e+00
    endloop
  endfacet
  facet normal -6.609147e-01 2.675747e-01 7.011388e-01
    outer loop
      vertex   -1.714771e+01 -3.342328e+01 4.250000e+00
      vertex   -1.676545e+01 -3.378925e+01 4.750000e+00
      vertex   -1.653944e+01 -3.323101e+01 4.750000e+00
    endloop
  endfacet
  facet normal -6.604656e-01 2.347295e-01 7.132231e-01
    outer loop
      vertex   -1.714771e+01 -3.342328e+01 4.250000e+00
      vertex   -1.653944e+01 -3.323101e+01 4.750000e+00
      vertex   -1.695575e+01 -3.288315e+01 4.250000e+00
    endloop
  endfacet
  facet normal -6.902118e-01 1.809948e-01 7.006058e-01
    outer loop
      vertex   -1.695575e+01 -3.288315e+01 4.250000e+00
      vertex   -1.653944e+01 -3.323101e+01 4.750000e+00
      vertex   -1.638667e+01 -3.264845e+01 4.750000e+00
    endloop
  endfacet
  facet normal -6.858254e-01 1.425162e-01 7.136754e-01
    outer loop
      vertex   -1.695575e+01 -3.288315e+01 4.250000e+00
      vertex   -1.638667e+01 -3.264845e+01 4.750000e+00
      vertex   -1.683912e+01 -3.232190e+01 4.250000e+00
    endloop
  endfacet
  facet normal -7.080021e-01 9.128676e-02 7.002855e-01
    outer loop
      vertex   -1.683912e+01 -3.232190e+01 4.250000e+00
      vertex   -1.638667e+01 -3.264845e+01 4.750000e+00
      vertex   -1.630966e+01 -3.205113e+01 4.750000e+00
    endloop
  endfacet
  facet normal -6.986139e-01 4.778650e-02 7.139013e-01
    outer loop
      vertex   -1.683912e+01 -3.232190e+01 4.250000e+00
      vertex   -1.630966e+01 -3.205113e+01 4.750000e+00
      vertex   -1.680000e+01 -3.175000e+01 4.250000e+00
    endloop
  endfacet
  facet normal -7.139677e-01 0.000000e+00 7.001786e-01
    outer loop
      vertex   -1.680000e+01 -3.175000e+01 4.250000e+00
      vertex   -1.630966e+01 -3.205113e+01 4.750000e+00
      vertex   -1.630966e+01 -3.144887e+01 4.750000e+00
    endloop
  endfacet
  facet normal -6.986139e-01 -4.778650e-02 7.139013e-01
    outer loop
      vertex   -1.680000e+01 -3.175000e+01 4.250000e+00
      vertex   -1.630966e+01 -3.144887e+01 4.750000e+00
      vertex   -1.683912e+01 -3.117810e+01 4.250000e+00
    endloop
  endfacet
  facet normal -7.080021e-01 -9.128676e-02 7.002855e-01
    outer loop
      vertex   -1.683912e+01 -3.117810e+01 4.250000e+00
      vertex   -1.630966e+01 -3.144887e+01 4.750000e+00
      vertex   -1.638667e+01 -3.085155e+01 4.750000e+00
    endloop
  endfacet
  facet normal -6.858254e-01 -1.425162e-01 7.136754e-01
    outer loop
      vertex   -1.683912e+01 -3.117810e+01 4.250000e+00
      vertex   -1.638667e+01 -3.085155e+01 4.750000e+00
      vertex   -1.695575e+01 -3.061685e+01 4.250000e+00
    endloop
  endfacet
  facet normal -6.902118e-01 -1.809948e-01 7.006058e-01
    outer loop
      vertex   -1.695575e+01 -3.061685e+01 4.250000e+00
      vertex   -1.638667e+01 -3.085155e+01 4.750000e+00
      vertex   -1.653944e+01 -3.026899e+01 4.750000e+00
    endloop
  endfacet
  facet normal -6.604656e-01 -2.347295e-01 7.132231e-01
    outer loop
      vertex   -1.695575e+01 -3.061685e+01 4.250000e+00
      vertex   -1.653944e+01 -3.026899e+01 4.750000e+00
      vertex   -1.714771e+01 -3.007672e+01 4.250000e+00
    endloop
  endfacet
  facet normal -6.609147e-01 -2.675747e-01 7.011388e-01
    outer loop
      vertex   -1.714771e+01 -3.007672e+01 4.250000e+00
      vertex   -1.653944e+01 -3.026899e+01 4.750000e+00
      vertex   -1.676545e+01 -2.971075e+01 4.750000e+00
    endloop
  endfacet
  facet normal -6.229655e-01 -3.227947e-01 7.125430e-01
    outer loop
      vertex   -1.714771e+01 -3.007672e+01 4.250000e+00
      vertex   -1.676545e+01 -2.971075e+01 4.750000e+00
      vertex   -1.741144e+01 -2.956775e+01 4.250000e+00
    endloop
  endfacet
  facet normal -6.206337e-01 -3.495344e-01 7.018829e-01
    outer loop
      vertex   -1.741144e+01 -2.956775e+01 4.250000e+00
      vertex   -1.676545e+01 -2.971075e+01 4.750000e+00
      vertex   -1.706099e+01 -2.918599e+01 4.750000e+00
    endloop
  endfacet
  facet normal -5.739632e-01 -4.051475e-01 7.116332e-01
    outer loop
      vertex   -1.741144e+01 -2.956775e+01 4.250000e+00
      vertex   -1.706099e+01 -2.918599e+01 4.750000e+00
      vertex   -1.774201e+01 -2.909943e+01 4.250000e+00
    endloop
  endfacet
  facet normal -5.700870e-01 -4.254670e-01 7.028361e-01
    outer loop
      vertex   -1.774201e+01 -2.909943e+01 4.250000e+00
      vertex   -1.706099e+01 -2.918599e+01 4.750000e+00
      vertex   -1.742120e+01 -2.870333e+01 4.750000e+00
    endloop
  endfacet
  facet normal -5.142939e-01 -4.803170e-01 7.104909e-01
    outer loop
      vertex   -1.774201e+01 -2.909943e+01 4.250000e+00
      vertex   -1.742120e+01 -2.870333e+01 4.750000e+00
      vertex   -1.813328e+01 -2.868049e+01 4.250000e+00
    endloop
  endfacet
  facet normal -5.101746e-01 -4.940766e-01 7.039959e-01
    outer loop
      vertex   -1.813328e+01 -2.868049e+01 4.250000e+00
      vertex   -1.742120e+01 -2.870333e+01 4.750000e+00
      vertex   -1.784019e+01 -2.827069e+01 4.750000e+00
    endloop
  endfacet
  facet normal -4.449769e-01 -5.469501e-01 7.091129e-01
    outer loop
      vertex   -1.813328e+01 -2.868049e+01 4.250000e+00
      vertex   -1.784019e+01 -2.827069e+01 4.750000e+00
      vertex   -1.857794e+01 -2.831873e+01 4.250000e+00
    endloop
  endfacet
  facet normal -4.419608e-01 -5.542013e-01 7.053592e-01
    outer loop
      vertex   -1.857794e+01 -2.831873e+01 4.250000e+00
      vertex   -1.784019e+01 -2.827069e+01 4.750000e+00
      vertex   -1.831105e+01 -2.789519e+01 4.750000e+00
    endloop
  endfacet
  facet normal -3.671994e-01 -6.038338e-01 7.074951e-01
    outer loop
      vertex   -1.857794e+01 -2.831873e+01 4.250000e+00
      vertex   -1.831105e+01 -2.789519e+01 4.750000e+00
      vertex   -1.906773e+01 -2.802088e+01 4.250000e+00
    endloop
  endfacet
  facet normal -3.666545e-01 -6.048350e-01 7.069222e-01
    outer loop
      vertex   -1.906773e+01 -2.802088e+01 4.250000e+00
      vertex   -1.831105e+01 -2.789519e+01 4.750000e+00
      vertex   -1.882607e+01 -2.758298e+01 4.750000e+00
    endloop
  endfacet
  facet normal -2.867296e-01 -6.477271e-01 7.058582e-01
    outer loop
      vertex   -1.906773e+01 -2.802088e+01 4.250000e+00
      vertex   -1.882607e+01 -2.758298e+01 4.750000e+00
      vertex   -1.937678e+01 -2.733920e+01 4.750000e+00
    endloop
  endfacet
  facet normal -2.811158e-01 -6.471934e-01 7.086005e-01
    outer loop
      vertex   -1.906773e+01 -2.802088e+01 4.250000e+00
      vertex   -1.937678e+01 -2.733920e+01 4.750000e+00
      vertex   -1.959351e+01 -2.779250e+01 4.250000e+00
    endloop
  endfacet
  facet normal -2.019507e-01 -6.804390e-01 7.044279e-01
    outer loop
      vertex   -1.959351e+01 -2.779250e+01 4.250000e+00
      vertex   -1.937678e+01 -2.733920e+01 4.750000e+00
      vertex   -1.995415e+01 -2.716784e+01 4.750000e+00
    endloop
  endfacet
  facet normal -1.899756e-01 -6.780317e-01 7.100579e-01
    outer loop
      vertex   -1.959351e+01 -2.779250e+01 4.250000e+00
      vertex   -1.995415e+01 -2.716784e+01 4.750000e+00
      vertex   -2.014548e+01 -2.763785e+01 4.250000e+00
    endloop
  endfacet
  facet normal -1.134743e-01 -7.018786e-01 7.031999e-01
    outer loop
      vertex   -2.014548e+01 -2.763785e+01 4.250000e+00
      vertex   -1.995415e+01 -2.716784e+01 4.750000e+00
      vertex   -2.054869e+01 -2.707172e+01 4.750000e+00
    endloop
  endfacet
  facet normal -9.571296e-02 -6.963635e-01 7.112784e-01
    outer loop
      vertex   -2.014548e+01 -2.763785e+01 4.250000e+00
      vertex   -2.054869e+01 -2.707172e+01 4.750000e+00
      vertex   -2.071338e+01 -2.755979e+01 4.250000e+00
    endloop
  endfacet
  facet normal -2.282079e-02 -7.116361e-01 7.021775e-01
    outer loop
      vertex   -2.071338e+01 -2.755979e+01 4.250000e+00
      vertex   -2.054869e+01 -2.707172e+01 4.750000e+00
      vertex   -2.115064e+01 -2.705242e+01 4.750000e+00
    endloop
  endfacet
  facet normal 0.000000e+00 -7.019103e-01 7.122654e-01
    outer loop
      vertex   -2.071338e+01 -2.755979e+01 4.250000e+00
      vertex   -2.115064e+01 -2.705242e+01 4.750000e+00
      vertex   -2.128662e+01 -2.755979e+01 4.250000e+00
    endloop
  endfacet
  facet normal 6.844558e-02 -7.095101e-01 7.013634e-01
    outer loop
      vertex   -2.128662e+01 -2.755979e+01 4.250000e+00
      vertex   -2.115064e+01 -2.705242e+01 4.750000e+00
      vertex   -2.175012e+01 -2.711025e+01 4.750000e+00
    endloop
  endfacet
  facet normal 9.547213e-02 -6.946114e-01 7.130218e-01
    outer loop
      vertex   -2.128662e+01 -2.755979e+01 4.250000e+00
      vertex   -2.175012e+01 -2.711025e+01 4.750000e+00
      vertex   -2.185452e+01 -2.763785e+01 4.250000e+00
    endloop
  endfacet
  facet normal 1.587458e-01 -6.955108e-01 7.007599e-01
    outer loop
      vertex   -2.185452e+01 -2.763785e+01 4.250000e+00
      vertex   -2.175012e+01 -2.711025e+01 4.750000e+00
      vertex   -2.233728e+01 -2.724426e+01 4.750000e+00
    endloop
  endfacet
  facet normal 1.890208e-01 -6.746241e-01 7.135499e-01
    outer loop
      vertex   -2.185452e+01 -2.763785e+01 4.250000e+00
      vertex   -2.233728e+01 -2.724426e+01 4.750000e+00
      vertex   -2.240649e+01 -2.779250e+01 4.250000e+00
    endloop
  endfacet
  facet normal 2.465151e-01 -6.698613e-01 7.003686e-01
    outer loop
      vertex   -2.240649e+01 -2.779250e+01 4.250000e+00
      vertex   -2.233728e+01 -2.724426e+01 4.750000e+00
      vertex   -2.290248e+01 -2.745226e+01 4.750000e+00
    endloop
  endfacet
  facet normal 2.789993e-01 -6.423208e-01 7.138511e-01
    outer loop
      vertex   -2.240649e+01 -2.779250e+01 4.250000e+00
      vertex   -2.290248e+01 -2.745226e+01 4.750000e+00
      vertex   -2.293227e+01 -2.802088e+01 4.250000e+00
    endloop
  endfacet
  facet normal 3.302320e-01 -6.329929e-01 7.001905e-01
    outer loop
      vertex   -2.293227e+01 -2.802088e+01 4.250000e+00
      vertex   -2.290248e+01 -2.745226e+01 4.750000e+00
      vertex   -2.343645e+01 -2.773083e+01 4.750000e+00
    endloop
  endfacet
  facet normal 3.638235e-01 -5.982822e-01 7.139264e-01
    outer loop
      vertex   -2.293227e+01 -2.802088e+01 4.250000e+00
      vertex   -2.343645e+01 -2.773083e+01 4.750000e+00
      vertex   -2.342206e+01 -2.831873e+01 4.250000e+00
    endloop
  endfacet
  facet normal 4.084462e-01 -5.855383e-01 7.002261e-01
    outer loop
      vertex   -2.342206e+01 -2.831873e+01 4.250000e+00
      vertex   -2.343645e+01 -2.773083e+01 4.750000e+00
      vertex   -2.393040e+01 -2.807539e+01 4.750000e+00
    endloop
  endfacet
  facet normal 4.419977e-01 -5.432882e-01 7.137758e-01
    outer loop
      vertex   -2.342206e+01 -2.831873e+01 4.250000e+00
      vertex   -2.393040e+01 -2.807539e+01 4.750000e+00
      vertex   -2.386672e+01 -2.868049e+01 4.250000e+00
    endloop
  endfacet
  facet normal 4.798054e-01 -5.283191e-01 7.004754e-01
    outer loop
      vertex   -2.386672e+01 -2.868049e+01 4.250000e+00
      vertex   -2.393040e+01 -2.807539e+01 4.750000e+00
      vertex   -2.437624e+01 -2.848029e+01 4.750000e+00
    endloop
  endfacet
  facet normal 5.121391e-01 -4.783045e-01 7.133991e-01
    outer loop
      vertex   -2.386672e+01 -2.868049e+01 4.250000e+00
      vertex   -2.437624e+01 -2.848029e+01 4.750000e+00
      vertex   -2.425799e+01 -2.909943e+01 4.250000e+00
    endloop
  endfacet
  facet normal 5.430805e-01 -4.623312e-01 7.009376e-01
    outer loop
      vertex   -2.425799e+01 -2.909943e+01 4.250000e+00
      vertex   -2.437624e+01 -2.848029e+01 4.750000e+00
      vertex   -2.476664e+01 -2.893888e+01 4.750000e+00
    endloop
  endfacet
  facet normal 5.730000e-01 -4.044676e-01 7.127951e-01
    outer loop
      vertex   -2.425799e+01 -2.909943e+01 4.250000e+00
      vertex   -2.476664e+01 -2.893888e+01 4.750000e+00
      vertex   -2.458856e+01 -2.956775e+01 4.250000e+00
    endloop
  endfacet
  facet normal 5.971878e-01 -3.887262e-01 7.016115e-01
    outer loop
      vertex   -2.458856e+01 -2.956775e+01 4.250000e+00
      vertex   -2.476664e+01 -2.893888e+01 4.750000e+00
      vertex   -2.509520e+01 -2.944363e+01 4.750000e+00
    endloop
  endfacet
  facet normal 6.234889e-01 -3.230659e-01 7.119621e-01
    outer loop
      vertex   -2.458856e+01 -2.956775e+01 4.250000e+00
      vertex   -2.509520e+01 -2.944363e+01 4.750000e+00
      vertex   -2.485229e+01 -3.007672e+01 4.250000e+00
    endloop
  endfacet
  facet normal 6.412091e-01 -3.087900e-01 7.024953e-01
    outer loop
      vertex   -2.485229e+01 -3.007672e+01 4.250000e+00
      vertex   -2.509520e+01 -2.944363e+01 4.750000e+00
      vertex   -2.535651e+01 -2.998625e+01 4.750000e+00
    endloop
  endfacet
  facet normal 6.626878e-01 -2.355193e-01 7.108977e-01
    outer loop
      vertex   -2.485229e+01 -3.007672e+01 4.250000e+00
      vertex   -2.535651e+01 -2.998625e+01 4.750000e+00
      vertex   -2.504425e+01 -3.061685e+01 4.250000e+00
    endloop
  endfacet
  facet normal 6.744081e-01 -2.239189e-01 7.035865e-01
    outer loop
      vertex   -2.504425e+01 -3.061685e+01 4.250000e+00
      vertex   -2.535651e+01 -2.998625e+01 4.750000e+00
      vertex   -2.554629e+01 -3.055782e+01 4.750000e+00
    endloop
  endfacet
  facet normal 6.898686e-01 -1.433563e-01 7.095987e-01
    outer loop
      vertex   -2.504425e+01 -3.061685e+01 4.250000e+00
      vertex   -2.554629e+01 -3.055782e+01 4.750000e+00
      vertex   -2.516088e+01 -3.117810e+01 4.250000e+00
    endloop
  endfacet
  facet normal 6.962437e-01 -1.355934e-01 7.048823e-01
    outer loop
      vertex   -2.516088e+01 -3.117810e+01 4.250000e+00
      vertex   -2.554629e+01 -3.055782e+01 4.750000e+00
      vertex   -2.566141e+01 -3.114898e+01 4.750000e+00
    endloop
  endfacet
  facet normal 7.045048e-01 -4.818945e-02 7.080613e-01
    outer loop
      vertex   -2.516088e+01 -3.117810e+01 4.250000e+00
      vertex   -2.566141e+01 -3.114898e+01 4.750000e+00
      vertex   -2.520000e+01 -3.175000e+01 4.250000e+00
    endloop
  endfacet
  facet normal 0.000000e+00 1.000000e+00 0.000000e+00
    outer loop
      vertex   -1.100000e+01 -3.325000e+01 1.375000e+01
      vertex   -1.100000e+01 -3.325000e+01 1.875000e+01
      vertex   -4.000000e+00 -3.325000e+01 1.375000e+01
    endloop
  endfacet
  facet normal 0.000000e+00 1.000000e+00 -0.000000e+00
    outer loop
      vertex   -4.000000e+00 -3.325000e+01 1.375000e+01
      vertex   -1.100000e+01 -3.325000e+01 1.875000e+01
      vertex   -4.000000e+00 -3.325000e+01 1.875000e+01
    endloop
  endfacet
  facet normal 9.801714e-02 0.000000e+00 9.951847e-01
    outer loop
      vertex   -2.000000e+00 -2.925000e+01 5.475000e+01
      vertex   -2.000000e+00 -3.425000e+01 5.475000e+01
      vertex   -1.609819e+00 -2.925000e+01 5.471157e+01
    endloop
  endfacet
  facet normal 9.801714e-02 -4.352835e-18 9.951847e-01
    outer loop
      vertex   -1.609819e+00 -2.925000e+01 5.471157e+01
      vertex   -2.000000e+00 -3.425000e+01 5.475000e+01
      vertex   -1.609819e+00 -3.425000e+01 5.471157e+01
    endloop
  endfacet
  facet normal 2.902847e-01 -1.289123e-17 9.569403e-01
    outer loop
      vertex   -1.609819e+00 -2.925000e+01 5.471157e+01
      vertex   -1.609819e+00 -3.425000e+01 5.471157e+01
      vertex   -1.234633e+00 -2.925000e+01 5.459776e+01
    endloop
  endfacet
  facet normal 2.902847e-01 0.000000e+00 9.569403e-01
    outer loop
      vertex   -1.234633e+00 -2.925000e+01 5.459776e+01
      vertex   -1.609819e+00 -3.425000e+01 5.471157e+01
      vertex   -1.234633e+00 -3.425000e+01 5.459776e+01
    endloop
  endfacet
  facet normal 4.713967e-01 0.000000e+00 8.819213e-01
    outer loop
      vertex   -1.234633e+00 -2.925000e+01 5.459776e+01
      vertex   -1.234633e+00 -3.425000e+01 5.459776e+01
      vertex   -8.888595e-01 -2.925000e+01 5.441294e+01
    endloop
  endfacet
  facet normal 4.713967e-01 4.186844e-17 8.819213e-01
    outer loop
      vertex   -8.888595e-01 -2.925000e+01 5.441294e+01
      vertex   -1.234633e+00 -3.425000e+01 5.459776e+01
      vertex   -8.888595e-01 -3.425000e+01 5.441294e+01
    endloop
  endfacet
  facet normal 6.343933e-01 5.634544e-17 7.730105e-01
    outer loop
      vertex   -8.888595e-01 -2.925000e+01 5.441294e+01
      vertex   -8.888595e-01 -3.425000e+01 5.441294e+01
      vertex   -5.857864e-01 -2.925000e+01 5.416421e+01
    endloop
  endfacet
  facet normal 6.343933e-01 5.634544e-17 7.730105e-01
    outer loop
      vertex   -5.857864e-01 -2.925000e+01 5.416421e+01
      vertex   -8.888595e-01 -3.425000e+01 5.441294e+01
      vertex   -5.857864e-01 -3.425000e+01 5.416421e+01
    endloop
  endfacet
  facet normal 7.730105e-01 6.865712e-17 6.343933e-01
    outer loop
      vertex   -5.857864e-01 -2.925000e+01 5.416421e+01
      vertex   -5.857864e-01 -3.425000e+01 5.416421e+01
      vertex   -3.370608e-01 -2.925000e+01 5.386114e+01
    endloop
  endfacet
  facet normal 7.730105e-01 6.865712e-17 6.343933e-01
    outer loop
      vertex   -3.370608e-01 -2.925000e+01 5.386114e+01
      vertex   -5.857864e-01 -3.425000e+01 5.416421e+01
      vertex   -3.370608e-01 -3.425000e+01 5.386114e+01
    endloop
  endfacet
  facet normal 8.819213e-01 7.833034e-17 4.713967e-01
    outer loop
      vertex   -3.370608e-01 -2.925000e+01 5.386114e+01
      vertex   -3.370608e-01 -3.425000e+01 5.386114e+01
      vertex   -1.522409e-01 -2.925000e+01 5.351537e+01
    endloop
  endfacet
  facet normal 8.819213e-01 1.223912e-16 4.713967e-01
    outer loop
      vertex   -1.522409e-01 -2.925000e+01 5.351537e+01
      vertex   -3.370608e-01 -3.425000e+01 5.386114e+01
      vertex   -1.522409e-01 -3.425000e+01 5.351537e+01
    endloop
  endfacet
  facet normal 9.569403e-01 1.328021e-16 2.902847e-01
    outer loop
      vertex   -1.522409e-01 -2.925000e+01 5.351537e+01
      vertex   -1.522409e-01 -3.425000e+01 5.351537e+01
      vertex   -3.842944e-02 -2.925000e+01 5.314018e+01
    endloop
  endfacet
  facet normal 9.569403e-01 1.328021e-16 2.902847e-01
    outer loop
      vertex   -3.842944e-02 -2.925000e+01 5.314018e+01
      vertex   -1.522409e-01 -3.425000e+01 5.351537e+01
      vertex   -3.842944e-02 -3.425000e+01 5.314018e+01
    endloop
  endfacet
  facet normal 9.951847e-01 1.381096e-16 9.801714e-02
    outer loop
      vertex   -3.842944e-02 -2.925000e+01 5.314018e+01
      vertex   -3.842944e-02 -3.425000e+01 5.314018e+01
      vertex   6.123234e-16 -2.925000e+01 5.275000e+01
    endloop
  endfacet
  facet normal 9.951847e-01 1.218750e-16 9.801714e-02
    outer loop
      vertex   6.123234e-16 -2.925000e+01 5.275000e+01
      vertex   -3.842944e-02 -3.425000e+01 5.314018e+01
      vertex   1.224647e-15 -3.425000e+01 5.275000e+01
    endloop
  endfacet
  facet normal 0.000000e+00 0.000000e+00 1.000000e+00
    outer loop
      vertex   -2.000000e+00 -2.925000e+01 5.475000e+01
      vertex   -1.200000e+01 -2.925000e+01 5.475000e+01
      vertex   -2.000000e+00 -3.425000e+01 5.475000e+01
    endloop
  endfacet
  facet normal 0.000000e+00 0.000000e+00 1.000000e+00
    outer loop
      vertex   -2.000000e+00 -3.425000e+01 5.475000e+01
      vertex   -1.200000e+01 -2.925000e+01 5.475000e+01
      vertex   -1.200000e+01 -3.425000e+01 5.475000e+01
    endloop
  endfacet
  facet normal -9.951847e-01 0.000000e+00 9.801714e-02
    outer loop
      vertex   -1.400000e+01 -2.925000e+01 5.275000e+01
      vertex   -1.400000e+01 -3.425000e+01 5.275000e+01
      vertex   -1.396157e+01 -2.925000e+01 5.314018e+01
    endloop
  endfacet
  facet normal -9.951847e-01 0.000000e+00 9.801714e-02
    outer loop
      vertex   -1.396157e+01 -2.925000e+01 5.314018e+01
      vertex   -1.400000e+01 -3.425000e+01 5.275000e+01
      vertex   -1.396157e+01 -3.425000e+01 5.314018e+01
    endloop
  endfacet
  facet normal -9.569403e-01 0.000000e+00 2.902847e-01
    outer loop
      vertex   -1.396157e+01 -2.925000e+01 5.314018e+01
      vertex   -1.396157e+01 -3.425000e+01 5.314018e+01
      vertex   -1.384776e+01 -2.925000e+01 5.351537e+01
    endloop
  endfacet
  facet normal -9.569403e-01 0.000000e+00 2.902847e-01
    outer loop
      vertex   -1.384776e+01 -2.925000e+01 5.351537e+01
      vertex   -1.396157e+01 -3.425000e+01 5.314018e+01
      vertex   -1.384776e+01 -3.425000e+01 5.351537e+01
    endloop
  endfacet
  facet normal -8.819213e-01 0.000000e+00 4.713967e-01
    outer loop
      vertex   -1.384776e+01 -2.925000e+01 5.351537e+01
      vertex   -1.384776e+01 -3.425000e+01 5.351537e+01
      vertex   -1.366294e+01 -2.925000e+01 5.386114e+01
    endloop
  endfacet
  facet normal -8.819213e-01 0.000000e+00 4.713967e-01
    outer loop
      vertex   -1.366294e+01 -2.925000e+01 5.386114e+01
      vertex   -1.384776e+01 -3.425000e+01 5.351537e+01
      vertex   -1.366294e+01 -3.425000e+01 5.386114e+01
    endloop
  endfacet
  facet normal -7.730105e-01 0.000000e+00 6.343933e-01
    outer loop
      vertex   -1.366294e+01 -2.925000e+01 5.386114e+01
      vertex   -1.366294e+01 -3.425000e+01 5.386114e+01
      vertex   -1.341421e+01 -2.925000e+01 5.416421e+01
    endloop
  endfacet
  facet normal -7.730105e-01 0.000000e+00 6.343933e-01
    outer loop
      vertex   -1.341421e+01 -2.925000e+01 5.416421e+01
      vertex   -1.366294e+01 -3.425000e+01 5.386114e+01
      vertex   -1.341421e+01 -3.425000e+01 5.416421e+01
    endloop
  endfacet
  facet normal -6.343933e-01 0.000000e+00 7.730105e-01
    outer loop
      vertex   -1.341421e+01 -2.925000e+01 5.416421e+01
      vertex   -1.341421e+01 -3.425000e+01 5.416421e+01
      vertex   -1.311114e+01 -2.925000e+01 5.441294e+01
    endloop
  endfacet
  facet normal -6.343933e-01 0.000000e+00 7.730105e-01
    outer loop
      vertex   -1.311114e+01 -2.925000e+01 5.441294e+01
      vertex   -1.341421e+01 -3.425000e+01 5.416421e+01
      vertex   -1.311114e+01 -3.425000e+01 5.441294e+01
    endloop
  endfacet
  facet normal -4.713967e-01 0.000000e+00 8.819213e-01
    outer loop
      vertex   -1.311114e+01 -2.925000e+01 5.441294e+01
      vertex   -1.311114e+01 -3.425000e+01 5.441294e+01
      vertex   -1.276537e+01 -2.925000e+01 5.459776e+01
    endloop
  endfacet
  facet normal -4.713967e-01 0.000000e+00 8.819213e-01
    outer loop
      vertex   -1.276537e+01 -2.925000e+01 5.459776e+01
      vertex   -1.311114e+01 -3.425000e+01 5.441294e+01
      vertex   -1.276537e+01 -3.425000e+01 5.459776e+01
    endloop
  endfacet
  facet normal -2.902847e-01 0.000000e+00 9.569403e-01
    outer loop
      vertex   -1.276537e+01 -2.925000e+01 5.459776e+01
      vertex   -1.276537e+01 -3.425000e+01 5.459776e+01
      vertex   -1.239018e+01 -2.925000e+01 5.471157e+01
    endloop
  endfacet
  facet normal -2.902847e-01 0.000000e+00 9.569403e-01
    outer loop
      vertex   -1.239018e+01 -2.925000e+01 5.471157e+01
      vertex   -1.276537e+01 -3.425000e+01 5.459776e+01
      vertex   -1.239018e+01 -3.425000e+01 5.471157e+01
    endloop
  endfacet
  facet normal -9.801714e-02 0.000000e+00 9.951847e-01
    outer loop
      vertex   -1.239018e+01 -2.925000e+01 5.471157e+01
      vertex   -1.239018e+01 -3.425000e+01 5.471157e+01
      vertex   -1.200000e+01 -2.925000e+01 5.475000e+01
    endloop
  endfacet
  facet normal -9.801714e-02 0.000000e+00 9.951847e-01
    outer loop
      vertex   -1.200000e+01 -2.925000e+01 5.475000e+01
      vertex   -1.239018e+01 -3.425000e+01 5.471157e+01
      vertex   -1.200000e+01 -3.425000e+01 5.475000e+01
    endloop
  endfacet
  facet normal 0.000000e+00 -1.000000e+00 0.000000e+00
    outer loop
      vertex   -7.515274e+00 -3.425000e+01 1.144050e+01
      vertex   -7.515274e+00 -3.425000e+01 1.337972e+01
      vertex   -9.188284e+00 -3.425000e+01 1.241359e+01
    endloop
  endfacet
  facet normal 2.123545e-15 -1.000000e+00 -3.677250e-15
    outer loop
      vertex   -9.188284e+00 -3.425000e+01 1.241359e+01
      vertex   -7.515274e+00 -3.425000e+01 1.337972e+01
      vertex   -9.188284e+00 -3.425000e+01 1.434585e+01
    endloop
  endfacet
  facet normal -9.967573e-01 0.000000e+00 8.046657e-02
    outer loop
      vertex   -1.038849e+00 -3.225000e+01 2.776877e+01
      vertex   -1.038849e+00 -3.425000e+01 2.776877e+01
      vertex   -1.000000e+00 -3.225000e+01 2.825000e+01
    endloop
  endfacet
  facet normal -9.967573e-01 -5.533115e-17 8.046657e-02
    outer loop
      vertex   -1.000000e+00 -3.225000e+01 2.825000e+01
      vertex   -1.038849e+00 -3.425000e+01 2.776877e+01
      vertex   -1.000000e+00 -3.425000e+01 2.825000e+01
    endloop
  endfacet
  facet normal -9.967573e-01 -5.533115e-17 -8.046657e-02
    outer loop
      vertex   -1.000000e+00 -3.225000e+01 2.825000e+01
      vertex   -1.000000e+00 -3.425000e+01 2.825000e+01
      vertex   -1.038849e+00 -3.225000e+01 2.873123e+01
    endloop
  endfacet
  facet normal -9.967573e-01 -0.000000e+00 -8.046657e-02
    outer loop
      vertex   -1.038849e+00 -3.225000e+01 2.873123e+01
      vertex   -1.000000e+00 -3.425000e+01 2.825000e+01
      vertex   -1.038849e+00 -3.425000e+01 2.873123e+01
    endloop
  endfacet
  facet normal -9.709418e-01 -0.000000e+00 -2.393157e-01
    outer loop
      vertex   -1.038849e+00 -3.225000e+01 2.873123e+01
      vertex   -1.038849e+00 -3.425000e+01 2.873123e+01
      vertex   -1.154391e+00 -3.225000e+01 2.920000e+01
    endloop
  endfacet
  facet normal -9.709418e-01 -0.000000e+00 -2.393157e-01
    outer loop
      vertex   -1.154391e+00 -3.225000e+01 2.920000e+01
      vertex   -1.038849e+00 -3.425000e+01 2.873123e+01
      vertex   -1.154391e+00 -3.425000e+01 2.920000e+01
    endloop
  endfacet
  facet normal -9.199794e-01 -0.000000e+00 -3.919666e-01
    outer loop
      vertex   -1.154391e+00 -3.225000e+01 2.920000e+01
      vertex   -1.154391e+00 -3.425000e+01 2.920000e+01
      vertex   -1.343632e+00 -3.225000e+01 2.964417e+01
    endloop
  endfacet
  facet normal -9.199794e-01 -0.000000e+00 -3.919666e-01
    outer loop
      vertex   -1.343632e+00 -3.225000e+01 2.964417e+01
      vertex   -1.154391e+00 -3.425000e+01 2.920000e+01
      vertex   -1.343632e+00 -3.425000e+01 2.964417e+01
    endloop
  endfacet
  facet normal -8.451901e-01 -0.000000e+00 -5.344658e-01
    outer loop
      vertex   -1.343632e+00 -3.225000e+01 2.964417e+01
      vertex   -1.343632e+00 -3.425000e+01 2.964417e+01
      vertex   -1.601672e+00 -3.225000e+01 3.005223e+01
    endloop
  endfacet
  facet normal -8.451901e-01 -0.000000e+00 -5.344658e-01
    outer loop
      vertex   -1.601672e+00 -3.225000e+01 3.005223e+01
      vertex   -1.343632e+00 -3.425000e+01 2.964417e+01
      vertex   -1.601672e+00 -3.425000e+01 3.005223e+01
    endloop
  endfacet
  facet normal -7.485107e-01 -0.000000e+00 -6.631227e-01
    outer loop
      vertex   -1.601672e+00 -3.225000e+01 3.005223e+01
      vertex   -1.601672e+00 -3.425000e+01 3.005223e+01
      vertex   -1.921827e+00 -3.225000e+01 3.041361e+01
    endloop
  endfacet
  facet normal -7.485107e-01 -0.000000e+00 -6.631227e-01
    outer loop
      vertex   -1.921827e+00 -3.225000e+01 3.041361e+01
      vertex   -1.601672e+00 -3.425000e+01 3.005223e+01
      vertex   -1.921827e+00 -3.425000e+01 3.041361e+01
    endloop
  endfacet
  facet normal -6.324454e-01 -0.000000e+00 -7.746050e-01
    outer loop
      vertex   -1.921827e+00 -3.225000e+01 3.041361e+01
      vertex   -1.921827e+00 -3.425000e+01 3.041361e+01
      vertex   -2.295806e+00 -3.225000e+01 3.071895e+01
    endloop
  endfacet
  facet normal -6.324454e-01 -0.000000e+00 -7.746050e-01
    outer loop
      vertex   -2.295806e+00 -3.225000e+01 3.071895e+01
      vertex   -1.921827e+00 -3.425000e+01 3.041361e+01
      vertex   -2.295806e+00 -3.425000e+01 3.071895e+01
    endloop
  endfacet
  facet normal -5.000000e-01 -0.000000e+00 -8.660254e-01
    outer loop
      vertex   -2.295806e+00 -3.225000e+01 3.071895e+01
      vertex   -2.295806e+00 -3.425000e+01 3.071895e+01
      vertex   -2.713922e+00 -3.225000e+01 3.096035e+01
    endloop
  endfacet
  facet normal -5.000000e-01 -0.000000e+00 -8.660254e-01
    outer loop
      vertex   -2.713922e+00 -3.225000e+01 3.096035e+01
      vertex   -2.295806e+00 -3.425000e+01 3.071895e+01
      vertex   -2.713922e+00 -3.425000e+01 3.096035e+01
    endloop
  endfacet
  facet normal -3.546049e-01 -0.000000e+00 -9.350162e-01
    outer loop
      vertex   -2.713922e+00 -3.225000e+01 3.096035e+01
      vertex   -2.713922e+00 -3.425000e+01 3.096035e+01
      vertex   -3.165348e+00 -3.225000e+01 3.113155e+01
    endloop
  endfacet
  facet normal -3.546049e-01 -0.000000e+00 -9.350162e-01
    outer loop
      vertex   -3.165348e+00 -3.225000e+01 3.113155e+01
      vertex   -2.713922e+00 -3.425000e+01 3.096035e+01
      vertex   -3.165348e+00 -3.425000e+01 3.113155e+01
    endloop
  endfacet
  facet normal -2.000257e-01 -0.000000e+00 -9.797907e-01
    outer loop
      vertex   -3.165348e+00 -3.225000e+01 3.113155e+01
      vertex   -3.165348e+00 -3.425000e+01 3.113155e+01
      vertex   -3.638390e+00 -3.225000e+01 3.122813e+01
    endloop
  endfacet
  facet normal -2.000257e-01 -0.000000e+00 -9.797907e-01
    outer loop
      vertex   -3.638390e+00 -3.225000e+01 3.122813e+01
      vertex   -3.165348e+00 -3.425000e+01 3.113155e+01
      vertex   -3.638390e+00 -3.425000e+01 3.122813e+01
    endloop
  endfacet
  facet normal -4.026594e-02 -0.000000e+00 -9.991890e-01
    outer loop
      vertex   -3.638390e+00 -3.225000e+01 3.122813e+01
      vertex   -3.638390e+00 -3.425000e+01 3.122813e+01
      vertex   -4.120798e+00 -3.225000e+01 3.124757e+01
    endloop
  endfacet
  facet normal -4.026594e-02 -0.000000e+00 -9.991890e-01
    outer loop
      vertex   -4.120798e+00 -3.225000e+01 3.124757e+01
      vertex   -3.638390e+00 -3.425000e+01 3.122813e+01
      vertex   -4.120798e+00 -3.425000e+01 3.124757e+01
    endloop
  endfacet
  facet normal 1.205367e-01 0.000000e+00 -9.927089e-01
    outer loop
      vertex   -4.120798e+00 -3.225000e+01 3.124757e+01
      vertex   -4.120798e+00 -3.425000e+01 3.124757e+01
      vertex   -4.600077e+00 -3.225000e+01 3.118937e+01
    endloop
  endfacet
  facet normal 1.205367e-01 0.000000e+00 -9.927089e-01
    outer loop
      vertex   -4.600077e+00 -3.225000e+01 3.118937e+01
      vertex   -4.120798e+00 -3.425000e+01 3.124757e+01
      vertex   -4.600077e+00 -3.425000e+01 3.118937e+01
    endloop
  endfacet
  facet normal 2.782175e-01 0.000000e+00 -9.605181e-01
    outer loop
      vertex   -4.600077e+00 -3.225000e+01 3.118937e+01
      vertex   -4.600077e+00 -3.425000e+01 3.118937e+01
      vertex   -5.063815e+00 -3.225000e+01 3.105505e+01
    endloop
  endfacet
  facet normal 2.782175e-01 0.000000e+00 -9.605181e-01
    outer loop
      vertex   -5.063815e+00 -3.225000e+01 3.105505e+01
      vertex   -4.600077e+00 -3.425000e+01 3.118937e+01
      vertex   -5.063815e+00 -3.425000e+01 3.105505e+01
    endloop
  endfacet
  facet normal 4.286926e-01 0.000000e+00 -9.034504e-01
    outer loop
      vertex   -5.063815e+00 -3.225000e+01 3.105505e+01
      vertex   -5.063815e+00 -3.425000e+01 3.105505e+01
      vertex   -5.500000e+00 -3.225000e+01 3.084808e+01
    endloop
  endfacet
  facet normal 4.286926e-01 0.000000e+00 -9.034504e-01
    outer loop
      vertex   -5.500000e+00 -3.225000e+01 3.084808e+01
      vertex   -5.063815e+00 -3.425000e+01 3.105505e+01
      vertex   -5.500000e+00 -3.425000e+01 3.084808e+01
    endloop
  endfacet
  facet normal 5.680647e-01 0.000000e+00 -8.229839e-01
    outer loop
      vertex   -5.500000e+00 -3.225000e+01 3.084808e+01
      vertex   -5.500000e+00 -3.425000e+01 3.084808e+01
      vertex   -5.897336e+00 -3.225000e+01 3.057381e+01
    endloop
  endfacet
  facet normal 5.680647e-01 0.000000e+00 -8.229839e-01
    outer loop
      vertex   -5.897336e+00 -3.225000e+01 3.057381e+01
      vertex   -5.500000e+00 -3.425000e+01 3.084808e+01
      vertex   -5.897336e+00 -3.425000e+01 3.057381e+01
    endloop
  endfacet
  facet normal 6.927244e-01 0.000000e+00 -7.212024e-01
    outer loop
      vertex   -5.897336e+00 -3.225000e+01 3.057381e+01
      vertex   -5.897336e+00 -3.425000e+01 3.057381e+01
      vertex   -6.245532e+00 -3.225000e+01 3.023937e+01
    endloop
  endfacet
  facet normal 6.927244e-01 0.000000e+00 -7.212024e-01
    outer loop
      vertex   -6.245532e+00 -3.225000e+01 3.023937e+01
      vertex   -5.897336e+00 -3.425000e+01 3.057381e+01
      vertex   -6.245532e+00 -3.425000e+01 3.023937e+01
    endloop
  endfacet
  facet normal 7.994428e-01 0.000000e+00 -6.007423e-01
    outer loop
      vertex   -6.245532e+00 -3.225000e+01 3.023937e+01
      vertex   -6.245532e+00 -3.425000e+01 3.023937e+01
      vertex   -6.535570e+00 -3.225000e+01 2.985340e+01
    endloop
  endfacet
  facet normal 7.994428e-01 0.000000e+00 -6.007423e-01
    outer loop
      vertex   -6.535570e+00 -3.225000e+01 2.985340e+01
      vertex   -6.245532e+00 -3.425000e+01 3.023937e+01
      vertex   -6.535570e+00 -3.425000e+01 2.985340e+01
    endloop
  endfacet
  facet normal 8.854560e-01 0.000000e+00 -4.647232e-01
    outer loop
      vertex   -6.535570e+00 -3.225000e+01 2.985340e+01
      vertex   -6.535570e+00 -3.425000e+01 2.985340e+01
      vertex   -6.759938e+00 -3.225000e+01 2.942590e+01
    endloop
  endfacet
  facet normal 8.854560e-01 0.000000e+00 -4.647232e-01
    outer loop
      vertex   -6.759938e+00 -3.225000e+01 2.942590e+01
      vertex   -6.535570e+00 -3.425000e+01 2.985340e+01
      vertex   -6.759938e+00 -3.425000e+01 2.942590e+01
    endloop
  endfacet
  facet normal 9.485364e-01 0.000000e+00 -3.166680e-01
    outer loop
      vertex   -6.759938e+00 -3.225000e+01 2.942590e+01
      vertex   -6.759938e+00 -3.425000e+01 2.942590e+01
      vertex   -6.912825e+00 -3.225000e+01 2.896795e+01
    endloop
  endfacet
  facet normal 9.485364e-01 0.000000e+00 -3.166680e-01
    outer loop
      vertex   -6.912825e+00 -3.225000e+01 2.896795e+01
      vertex   -6.759938e+00 -3.425000e+01 2.942590e+01
      vertex   -6.912825e+00 -3.425000e+01 2.896795e+01
    endloop
  endfacet
  facet normal 9.870503e-01 0.000000e+00 -1.604113e-01
    outer loop
      vertex   -6.912825e+00 -3.225000e+01 2.896795e+01
      vertex   -6.912825e+00 -3.425000e+01 2.896795e+01
      vertex   -6.990272e+00 -3.225000e+01 2.849140e+01
    endloop
  endfacet
  facet normal 9.870503e-01 0.000000e+00 -1.604113e-01
    outer loop
      vertex   -6.990272e+00 -3.225000e+01 2.849140e+01
      vertex   -6.912825e+00 -3.425000e+01 2.896795e+01
      vertex   -6.990272e+00 -3.425000e+01 2.849140e+01
    endloop
  endfacet
  facet normal 1.000000e+00 0.000000e+00 0.000000e+00
    outer loop
      vertex   -6.990272e+00 -3.225000e+01 2.849140e+01
      vertex   -6.990272e+00 -3.425000e+01 2.849140e+01
      vertex   -6.990272e+00 -3.225000e+01 2.800860e+01
    endloop
  endfacet
  facet normal 1.000000e+00 0.000000e+00 0.000000e+00
    outer loop
      vertex   -6.990272e+00 -3.225000e+01 2.800860e+01
      vertex   -6.990272e+00 -3.425000e+01 2.849140e+01
      vertex   -6.990272e+00 -3.425000e+01 2.800860e+01
    endloop
  endfacet
  facet normal 9.870503e-01 0.000000e+00 1.604113e-01
    outer loop
      vertex   -6.990272e+00 -3.225000e+01 2.800860e+01
      vertex   -6.990272e+00 -3.425000e+01 2.800860e+01
      vertex   -6.912825e+00 -3.225000e+01 2.753205e+01
    endloop
  endfacet
  facet normal 9.870503e-01 0.000000e+00 1.604113e-01
    outer loop
      vertex   -6.912825e+00 -3.225000e+01 2.753205e+01
      vertex   -6.990272e+00 -3.425000e+01 2.800860e+01
      vertex   -6.912825e+00 -3.425000e+01 2.753205e+01
    endloop
  endfacet
  facet normal 9.485364e-01 0.000000e+00 3.166680e-01
    outer loop
      vertex   -6.912825e+00 -3.225000e+01 2.753205e+01
      vertex   -6.912825e+00 -3.425000e+01 2.753205e+01
      vertex   -6.759938e+00 -3.225000e+01 2.707410e+01
    endloop
  endfacet
  facet normal 9.485364e-01 0.000000e+00 3.166680e-01
    outer loop
      vertex   -6.759938e+00 -3.225000e+01 2.707410e+01
      vertex   -6.912825e+00 -3.425000e+01 2.753205e+01
      vertex   -6.759938e+00 -3.425000e+01 2.707410e+01
    endloop
  endfacet
  facet normal 8.854560e-01 0.000000e+00 4.647232e-01
    outer loop
      vertex   -6.759938e+00 -3.225000e+01 2.707410e+01
      vertex   -6.759938e+00 -3.425000e+01 2.707410e+01
      vertex   -6.535570e+00 -3.225000e+01 2.664660e+01
    endloop
  endfacet
  facet normal 8.854560e-01 0.000000e+00 4.647232e-01
    outer loop
      vertex   -6.535570e+00 -3.225000e+01 2.664660e+01
      vertex   -6.759938e+00 -3.425000e+01 2.707410e+01
      vertex   -6.535570e+00 -3.425000e+01 2.664660e+01
    endloop
  endfacet
  facet normal 7.994428e-01 0.000000e+00 6.007423e-01
    outer loop
      vertex   -6.535570e+00 -3.225000e+01 2.664660e+01
      vertex   -6.535570e+00 -3.425000e+01 2.664660e+01
      vertex   -6.245532e+00 -3.225000e+01 2.626063e+01
    endloop
  endfacet
  facet normal 7.994428e-01 0.000000e+00 6.007423e-01
    outer loop
      vertex   -6.245532e+00 -3.225000e+01 2.626063e+01
      vertex   -6.535570e+00 -3.425000e+01 2.664660e+01
      vertex   -6.245532e+00 -3.425000e+01 2.626063e+01
    endloop
  endfacet
  facet normal 6.927244e-01 0.000000e+00 7.212024e-01
    outer loop
      vertex   -6.245532e+00 -3.225000e+01 2.626063e+01
      vertex   -6.245532e+00 -3.425000e+01 2.626063e+01
      vertex   -5.897336e+00 -3.225000e+01 2.592619e+01
    endloop
  endfacet
  facet normal 6.927244e-01 0.000000e+00 7.212024e-01
    outer loop
      vertex   -5.897336e+00 -3.225000e+01 2.592619e+01
      vertex   -6.245532e+00 -3.425000e+01 2.626063e+01
      vertex   -5.897336e+00 -3.425000e+01 2.592619e+01
    endloop
  endfacet
  facet normal 5.680647e-01 0.000000e+00 8.229839e-01
    outer loop
      vertex   -5.897336e+00 -3.225000e+01 2.592619e+01
      vertex   -5.897336e+00 -3.425000e+01 2.592619e+01
      vertex   -5.500000e+00 -3.225000e+01 2.565192e+01
    endloop
  endfacet
  facet normal 5.680647e-01 0.000000e+00 8.229839e-01
    outer loop
      vertex   -5.500000e+00 -3.225000e+01 2.565192e+01
      vertex   -5.897336e+00 -3.425000e+01 2.592619e+01
      vertex   -5.500000e+00 -3.425000e+01 2.565192e+01
    endloop
  endfacet
  facet normal 4.286926e-01 0.000000e+00 9.034504e-01
    outer loop
      vertex   -5.500000e+00 -3.225000e+01 2.565192e+01
      vertex   -5.500000e+00 -3.425000e+01 2.565192e+01
      vertex   -5.063815e+00 -3.225000e+01 2.544495e+01
    endloop
  endfacet
  facet normal 4.286926e-01 0.000000e+00 9.034504e-01
    outer loop
      vertex   -5.063815e+00 -3.225000e+01 2.544495e+01
      vertex   -5.500000e+00 -3.425000e+01 2.565192e+01
      vertex   -5.063815e+00 -3.425000e+01 2.544495e+01
    endloop
  endfacet
  facet normal 2.782175e-01 0.000000e+00 9.605181e-01
    outer loop
      vertex   -5.063815e+00 -3.225000e+01 2.544495e+01
      vertex   -5.063815e+00 -3.425000e+01 2.544495e+01
      vertex   -4.600077e+00 -3.225000e+01 2.531063e+01
    endloop
  endfacet
  facet normal 2.782175e-01 0.000000e+00 9.605181e-01
    outer loop
      vertex   -4.600077e+00 -3.225000e+01 2.531063e+01
      vertex   -5.063815e+00 -3.425000e+01 2.544495e+01
      vertex   -4.600077e+00 -3.425000e+01 2.531063e+01
    endloop
  endfacet
  facet normal 1.205367e-01 0.000000e+00 9.927089e-01
    outer loop
      vertex   -4.600077e+00 -3.225000e+01 2.531063e+01
      vertex   -4.600077e+00 -3.425000e+01 2.531063e+01
      vertex   -4.120798e+00 -3.225000e+01 2.525243e+01
    endloop
  endfacet
  facet normal 1.205367e-01 0.000000e+00 9.927089e-01
    outer loop
      vertex   -4.120798e+00 -3.225000e+01 2.525243e+01
      vertex   -4.600077e+00 -3.425000e+01 2.531063e+01
      vertex   -4.120798e+00 -3.425000e+01 2.525243e+01
    endloop
  endfacet
  facet normal -4.026594e-02 0.000000e+00 9.991890e-01
    outer loop
      vertex   -4.120798e+00 -3.225000e+01 2.525243e+01
      vertex   -4.120798e+00 -3.425000e+01 2.525243e+01
      vertex   -3.638390e+00 -3.225000e+01 2.527187e+01
    endloop
  endfacet
  facet normal -4.026594e-02 0.000000e+00 9.991890e-01
    outer loop
      vertex   -3.638390e+00 -3.225000e+01 2.527187e+01
      vertex   -4.120798e+00 -3.425000e+01 2.525243e+01
      vertex   -3.638390e+00 -3.425000e+01 2.527187e+01
    endloop
  endfacet
  facet normal -2.000257e-01 0.000000e+00 9.797907e-01
    outer loop
      vertex   -3.638390e+00 -3.225000e+01 2.527187e+01
      vertex   -3.638390e+00 -3.425000e+01 2.527187e+01
      vertex   -3.165348e+00 -3.225000e+01 2.536845e+01
    endloop
  endfacet
  facet normal -2.000257e-01 0.000000e+00 9.797907e-01
    outer loop
      vertex   -3.165348e+00 -3.225000e+01 2.536845e+01
      vertex   -3.638390e+00 -3.425000e+01 2.527187e+01
      vertex   -3.165348e+00 -3.425000e+01 2.536845e+01
    endloop
  endfacet
  facet normal -3.546049e-01 0.000000e+00 9.350162e-01
    outer loop
      vertex   -3.165348e+00 -3.225000e+01 2.536845e+01
      vertex   -3.165348e+00 -3.425000e+01 2.536845e+01
      vertex   -2.713922e+00 -3.225000e+01 2.553965e+01
    endloop
  endfacet
  facet normal -3.546049e-01 0.000000e+00 9.350162e-01
    outer loop
      vertex   -2.713922e+00 -3.225000e+01 2.553965e+01
      vertex   -3.165348e+00 -3.425000e+01 2.536845e+01
      vertex   -2.713922e+00 -3.425000e+01 2.553965e+01
    endloop
  endfacet
  facet normal -5.000000e-01 0.000000e+00 8.660254e-01
    outer loop
      vertex   -2.713922e+00 -3.225000e+01 2.553965e+01
      vertex   -2.713922e+00 -3.425000e+01 2.553965e+01
      vertex   -2.295806e+00 -3.225000e+01 2.578105e+01
    endloop
  endfacet
  facet normal -5.000000e-01 0.000000e+00 8.660254e-01
    outer loop
      vertex   -2.295806e+00 -3.225000e+01 2.578105e+01
      vertex   -2.713922e+00 -3.425000e+01 2.553965e+01
      vertex   -2.295806e+00 -3.425000e+01 2.578105e+01
    endloop
  endfacet
  facet normal -6.324454e-01 0.000000e+00 7.746050e-01
    outer loop
      vertex   -2.295806e+00 -3.225000e+01 2.578105e+01
      vertex   -2.295806e+00 -3.425000e+01 2.578105e+01
      vertex   -1.921827e+00 -3.225000e+01 2.608639e+01
    endloop
  endfacet
  facet normal -6.324454e-01 0.000000e+00 7.746050e-01
    outer loop
      vertex   -1.921827e+00 -3.225000e+01 2.608639e+01
      vertex   -2.295806e+00 -3.425000e+01 2.578105e+01
      vertex   -1.921827e+00 -3.425000e+01 2.608639e+01
    endloop
  endfacet
  facet normal -7.485107e-01 0.000000e+00 6.631227e-01
    outer loop
      vertex   -1.921827e+00 -3.225000e+01 2.608639e+01
      vertex   -1.921827e+00 -3.425000e+01 2.608639e+01
      vertex   -1.601672e+00 -3.225000e+01 2.644777e+01
    endloop
  endfacet
  facet normal -7.485107e-01 0.000000e+00 6.631227e-01
    outer loop
      vertex   -1.601672e+00 -3.225000e+01 2.644777e+01
      vertex   -1.921827e+00 -3.425000e+01 2.608639e+01
      vertex   -1.601672e+00 -3.425000e+01 2.644777e+01
    endloop
  endfacet
  facet normal -8.451901e-01 0.000000e+00 5.344658e-01
    outer loop
      vertex   -1.601672e+00 -3.225000e+01 2.644777e+01
      vertex   -1.601672e+00 -3.425000e+01 2.644777e+01
      vertex   -1.343632e+00 -3.225000e+01 2.685583e+01
    endloop
  endfacet
  facet normal -8.451901e-01 0.000000e+00 5.344658e-01
    outer loop
      vertex   -1.343632e+00 -3.225000e+01 2.685583e+01
      vertex   -1.601672e+00 -3.425000e+01 2.644777e+01
      vertex   -1.343632e+00 -3.425000e+01 2.685583e+01
    endloop
  endfacet
  facet normal -9.199794e-01 0.000000e+00 3.919666e-01
    outer loop
      vertex   -1.343632e+00 -3.225000e+01 2.685583e+01
      vertex   -1.343632e+00 -3.425000e+01 2.685583e+01
      vertex   -1.154391e+00 -3.225000e+01 2.730000e+01
    endloop
  endfacet
  facet normal -9.199794e-01 0.000000e+00 3.919666e-01
    outer loop
      vertex   -1.154391e+00 -3.225000e+01 2.730000e+01
      vertex   -1.343632e+00 -3.425000e+01 2.685583e+01
      vertex   -1.154391e+00 -3.425000e+01 2.730000e+01
    endloop
  endfacet
  facet normal -9.709418e-01 0.000000e+00 2.393157e-01
    outer loop
      vertex   -1.154391e+00 -3.225000e+01 2.730000e+01
      vertex   -1.154391e+00 -3.425000e+01 2.730000e+01
      vertex   -1.038849e+00 -3.225000e+01 2.776877e+01
    endloop
  endfacet
  facet normal -9.709418e-01 0.000000e+00 2.393157e-01
    outer loop
      vertex   -1.038849e+00 -3.225000e+01 2.776877e+01
      vertex   -1.154391e+00 -3.425000e+01 2.730000e+01
      vertex   -1.038849e+00 -3.425000e+01 2.776877e+01
    endloop
  endfacet
  facet normal 1.746603e-15 -1.000000e+00 1.907007e-14
    outer loop
      vertex   -2.263788e+00 -3.225000e+01 2.788096e+01
      vertex   -1.038849e+00 -3.225000e+01 2.776877e+01
      vertex   -2.225000e+00 -3.225000e+01 2.825000e+01
    endloop
  endfacet
  facet normal 0.000000e+00 -1.000000e+00 1.476502e-14
    outer loop
      vertex   -2.225000e+00 -3.225000e+01 2.825000e+01
      vertex   -1.038849e+00 -3.225000e+01 2.776877e+01
      vertex   -1.000000e+00 -3.225000e+01 2.825000e+01
    endloop
  endfacet
  facet normal 0.000000e+00 -1.000000e+00 -1.476502e-14
    outer loop
      vertex   -2.225000e+00 -3.225000e+01 2.825000e+01
      vertex   -1.000000e+00 -3.225000e+01 2.825000e+01
      vertex   -1.038849e+00 -3.225000e+01 2.873123e+01
    endloop
  endfacet
  facet normal -0.000000e+00 -1.000000e+00 0.000000e+00
    outer loop
      vertex   -1.038849e+00 -3.225000e+01 2.776877e+01
      vertex   -2.263788e+00 -3.225000e+01 2.788096e+01
      vertex   -1.154391e+00 -3.225000e+01 2.730000e+01
    endloop
  endfacet
  facet normal 0.000000e+00 -1.000000e+00 0.000000e+00
    outer loop
      vertex   -1.154391e+00 -3.225000e+01 2.730000e+01
      vertex   -2.263788e+00 -3.225000e+01 2.788096e+01
      vertex   -2.378457e+00 -3.225000e+01 2.752804e+01
    endloop
  endfacet
  facet normal -0.000000e+00 -1.000000e+00 0.000000e+00
    outer loop
      vertex   -1.154391e+00 -3.225000e+01 2.730000e+01
      vertex   -2.378457e+00 -3.225000e+01 2.752804e+01
      vertex   -1.343632e+00 -3.225000e+01 2.685583e+01
    endloop
  endfacet
  facet normal 0.000000e+00 -1.000000e+00 0.000000e+00
    outer loop
      vertex   -1.343632e+00 -3.225000e+01 2.685583e+01
      vertex   -2.378457e+00 -3.225000e+01 2.752804e+01
      vertex   -2.563995e+00 -3.225000e+01 2.720668e+01
    endloop
  endfacet
  facet normal -0.000000e+00 -1.000000e+00 0.000000e+00
    outer loop
      vertex   -1.343632e+00 -3.225000e+01 2.685583e+01
      vertex   -2.563995e+00 -3.225000e+01 2.720668e+01
      vertex   -1.601672e+00 -3.225000e+01 2.644777e+01
    endloop
  endfacet
  facet normal -0.000000e+00 -1.000000e+00 0.000000e+00
    outer loop
      vertex   -1.601672e+00 -3.225000e+01 2.644777e+01
      vertex   -2.563995e+00 -3.225000e+01 2.720668e+01
      vertex   -1.921827e+00 -3.225000e+01 2.608639e+01
    endloop
  endfacet
  facet normal 0.000000e+00 -1.000000e+00 0.000000e+00
    outer loop
      vertex   -1.921827e+00 -3.225000e+01 2.608639e+01
      vertex   -2.563995e+00 -3.225000e+01 2.720668e+01
      vertex   -2.812293e+00 -3.225000e+01 2.693092e+01
    endloop
  endfacet
  facet normal -0.000000e+00 -1.000000e+00 0.000000e+00
    outer loop
      vertex   -1.921827e+00 -3.225000e+01 2.608639e+01
      vertex   -2.812293e+00 -3.225000e+01 2.693092e+01
      vertex   -2.295806e+00 -3.225000e+01 2.578105e+01
    endloop
  endfacet
  facet normal 0.000000e+00 -1.000000e+00 0.000000e+00
    outer loop
      vertex   -2.295806e+00 -3.225000e+01 2.578105e+01
      vertex   -2.812293e+00 -3.225000e+01 2.693092e+01
      vertex   -3.112500e+00 -3.225000e+01 2.671281e+01
    endloop
  endfacet
  facet normal -0.000000e+00 -1.000000e+00 0.000000e+00
    outer loop
      vertex   -2.295806e+00 -3.225000e+01 2.578105e+01
      vertex   -3.112500e+00 -3.225000e+01 2.671281e+01
      vertex   -2.713922e+00 -3.225000e+01 2.553965e+01
    endloop
  endfacet
  facet normal 0.000000e+00 -1.000000e+00 0.000000e+00
    outer loop
      vertex   -2.713922e+00 -3.225000e+01 2.553965e+01
      vertex   -3.112500e+00 -3.225000e+01 2.671281e+01
      vertex   -3.451495e+00 -3.225000e+01 2.656187e+01
    endloop
  endfacet
  facet normal -0.000000e+00 -1.000000e+00 0.000000e+00
    outer loop
      vertex   -2.713922e+00 -3.225000e+01 2.553965e+01
      vertex   -3.451495e+00 -3.225000e+01 2.656187e+01
      vertex   -3.165348e+00 -3.225000e+01 2.536845e+01
    endloop
  endfacet
  facet normal 0.000000e+00 -1.000000e+00 0.000000e+00
    outer loop
      vertex   -3.165348e+00 -3.225000e+01 2.536845e+01
      vertex   -3.451495e+00 -3.225000e+01 2.656187e+01
      vertex   -3.814462e+00 -3.225000e+01 2.648472e+01
    endloop
  endfacet
  facet normal -0.000000e+00 -1.000000e+00 0.000000e+00
    outer loop
      vertex   -3.165348e+00 -3.225000e+01 2.536845e+01
      vertex   -3.814462e+00 -3.225000e+01 2.648472e+01
      vertex   -3.638390e+00 -3.225000e+01 2.527187e+01
    endloop
  endfacet
  facet normal -0.000000e+00 -1.000000e+00 0.000000e+00
    outer loop
      vertex   -3.638390e+00 -3.225000e+01 2.527187e+01
      vertex   -3.814462e+00 -3.225000e+01 2.648472e+01
      vertex   -4.120798e+00 -3.225000e+01 2.525243e+01
    endloop
  endfacet
  facet normal 0.000000e+00 -1.000000e+00 0.000000e+00
    outer loop
      vertex   -4.120798e+00 -3.225000e+01 2.525243e+01
      vertex   -3.814462e+00 -3.225000e+01 2.648472e+01
      vertex   -4.185538e+00 -3.225000e+01 2.648472e+01
    endloop
  endfacet
  facet normal 0.000000e+00 -1.000000e+00 0.000000e+00
    outer loop
      vertex   -4.120798e+00 -3.225000e+01 2.525243e+01
      vertex   -4.185538e+00 -3.225000e+01 2.648472e+01
      vertex   -4.600077e+00 -3.225000e+01 2.531063e+01
    endloop
  endfacet
  facet normal 0.000000e+00 -1.000000e+00 0.000000e+00
    outer loop
      vertex   -4.600077e+00 -3.225000e+01 2.531063e+01
      vertex   -4.185538e+00 -3.225000e+01 2.648472e+01
      vertex   -4.548505e+00 -3.225000e+01 2.656187e+01
    endloop
  endfacet
  facet normal 0.000000e+00 -1.000000e+00 0.000000e+00
    outer loop
      vertex   -4.600077e+00 -3.225000e+01 2.531063e+01
      vertex   -4.548505e+00 -3.225000e+01 2.656187e+01
      vertex   -5.063815e+00 -3.225000e+01 2.544495e+01
    endloop
  endfacet
  facet normal 0.000000e+00 -1.000000e+00 0.000000e+00
    outer loop
      vertex   -5.063815e+00 -3.225000e+01 2.544495e+01
      vertex   -4.548505e+00 -3.225000e+01 2.656187e+01
      vertex   -4.887500e+00 -3.225000e+01 2.671281e+01
    endloop
  endfacet
  facet normal 0.000000e+00 -1.000000e+00 0.000000e+00
    outer loop
      vertex   -5.063815e+00 -3.225000e+01 2.544495e+01
      vertex   -4.887500e+00 -3.225000e+01 2.671281e+01
      vertex   -5.500000e+00 -3.225000e+01 2.565192e+01
    endloop
  endfacet
  facet normal 0.000000e+00 -1.000000e+00 0.000000e+00
    outer loop
      vertex   -5.500000e+00 -3.225000e+01 2.565192e+01
      vertex   -4.887500e+00 -3.225000e+01 2.671281e+01
      vertex   -5.897336e+00 -3.225000e+01 2.592619e+01
    endloop
  endfacet
  facet normal 0.000000e+00 -1.000000e+00 0.000000e+00
    outer loop
      vertex   -5.897336e+00 -3.225000e+01 2.592619e+01
      vertex   -4.887500e+00 -3.225000e+01 2.671281e+01
      vertex   -5.187707e+00 -3.225000e+01 2.693092e+01
    endloop
  endfacet
  facet normal 0.000000e+00 -1.000000e+00 0.000000e+00
    outer loop
      vertex   -5.897336e+00 -3.225000e+01 2.592619e+01
      vertex   -5.187707e+00 -3.225000e+01 2.693092e+01
      vertex   -6.245532e+00 -3.225000e+01 2.626063e+01
    endloop
  endfacet
  facet normal 0.000000e+00 -1.000000e+00 0.000000e+00
    outer loop
      vertex   -6.245532e+00 -3.225000e+01 2.626063e+01
      vertex   -5.187707e+00 -3.225000e+01 2.693092e+01
      vertex   -5.436005e+00 -3.225000e+01 2.720668e+01
    endloop
  endfacet
  facet normal 0.000000e+00 -1.000000e+00 0.000000e+00
    outer loop
      vertex   -6.245532e+00 -3.225000e+01 2.626063e+01
      vertex   -5.436005e+00 -3.225000e+01 2.720668e+01
      vertex   -6.535570e+00 -3.225000e+01 2.664660e+01
    endloop
  endfacet
  facet normal 0.000000e+00 -1.000000e+00 0.000000e+00
    outer loop
      vertex   -6.535570e+00 -3.225000e+01 2.664660e+01
      vertex   -5.436005e+00 -3.225000e+01 2.720668e+01
      vertex   -5.621543e+00 -3.225000e+01 2.752804e+01
    endloop
  endfacet
  facet normal 0.000000e+00 -1.000000e+00 0.000000e+00
    outer loop
      vertex   -6.535570e+00 -3.225000e+01 2.664660e+01
      vertex   -5.621543e+00 -3.225000e+01 2.752804e+01
      vertex   -6.759938e+00 -3.225000e+01 2.707410e+01
    endloop
  endfacet
  facet normal 0.000000e+00 -1.000000e+00 0.000000e+00
    outer loop
      vertex   -6.759938e+00 -3.225000e+01 2.707410e+01
      vertex   -5.621543e+00 -3.225000e+01 2.752804e+01
      vertex   -6.912825e+00 -3.225000e+01 2.753205e+01
    endloop
  endfacet
  facet normal 0.000000e+00 -1.000000e+00 0.000000e+00
    outer loop
      vertex   -6.912825e+00 -3.225000e+01 2.753205e+01
      vertex   -5.621543e+00 -3.225000e+01 2.752804e+01
      vertex   -5.736212e+00 -3.225000e+01 2.788096e+01
    endloop
  endfacet
  facet normal 0.000000e+00 -1.000000e+00 0.000000e+00
    outer loop
      vertex   -6.912825e+00 -3.225000e+01 2.753205e+01
      vertex   -5.736212e+00 -3.225000e+01 2.788096e+01
      vertex   -6.990272e+00 -3.225000e+01 2.800860e+01
    endloop
  endfacet
  facet normal 0.000000e+00 -1.000000e+00 0.000000e+00
    outer loop
      vertex   -6.990272e+00 -3.225000e+01 2.800860e+01
      vertex   -5.736212e+00 -3.225000e+01 2.788096e+01
      vertex   -5.775000e+00 -3.225000e+01 2.825000e+01
    endloop
  endfacet
  facet normal 0.000000e+00 -1.000000e+00 0.000000e+00
    outer loop
      vertex   -6.990272e+00 -3.225000e+01 2.800860e+01
      vertex   -5.775000e+00 -3.225000e+01 2.825000e+01
      vertex   -6.990272e+00 -3.225000e+01 2.849140e+01
    endloop
  endfacet
  facet normal 0.000000e+00 -1.000000e+00 0.000000e+00
    outer loop
      vertex   -6.990272e+00 -3.225000e+01 2.849140e+01
      vertex   -5.775000e+00 -3.225000e+01 2.825000e+01
      vertex   -5.736212e+00 -3.225000e+01 2.861904e+01
    endloop
  endfacet
  facet normal 0.000000e+00 -1.000000e+00 0.000000e+00
    outer loop
      vertex   -6.990272e+00 -3.225000e+01 2.849140e+01
      vertex   -5.736212e+00 -3.225000e+01 2.861904e+01
      vertex   -6.912825e+00 -3.225000e+01 2.896795e+01
    endloop
  endfacet
  facet normal 0.000000e+00 -1.000000e+00 0.000000e+00
    outer loop
      vertex   -6.912825e+00 -3.225000e+01 2.896795e+01
      vertex   -5.736212e+00 -3.225000e+01 2.861904e+01
      vertex   -5.621543e+00 -3.225000e+01 2.897196e+01
    endloop
  endfacet
  facet normal 0.000000e+00 -1.000000e+00 0.000000e+00
    outer loop
      vertex   -6.912825e+00 -3.225000e+01 2.896795e+01
      vertex   -5.621543e+00 -3.225000e+01 2.897196e+01
      vertex   -6.759938e+00 -3.225000e+01 2.942590e+01
    endloop
  endfacet
  facet normal 0.000000e+00 -1.000000e+00 0.000000e+00
    outer loop
      vertex   -6.759938e+00 -3.225000e+01 2.942590e+01
      vertex   -5.621543e+00 -3.225000e+01 2.897196e+01
      vertex   -6.535570e+00 -3.225000e+01 2.985340e+01
    endloop
  endfacet
  facet normal 0.000000e+00 -1.000000e+00 0.000000e+00
    outer loop
      vertex   -6.535570e+00 -3.225000e+01 2.985340e+01
      vertex   -5.621543e+00 -3.225000e+01 2.897196e+01
      vertex   -5.436005e+00 -3.225000e+01 2.929332e+01
    endloop
  endfacet
  facet normal 0.000000e+00 -1.000000e+00 0.000000e+00
    outer loop
      vertex   -6.535570e+00 -3.225000e+01 2.985340e+01
      vertex   -5.436005e+00 -3.225000e+01 2.929332e+01
      vertex   -6.245532e+00 -3.225000e+01 3.023937e+01
    endloop
  endfacet
  facet normal 0.000000e+00 -1.000000e+00 0.000000e+00
    outer loop
      vertex   -6.245532e+00 -3.225000e+01 3.023937e+01
      vertex   -5.436005e+00 -3.225000e+01 2.929332e+01
      vertex   -5.187707e+00 -3.225000e+01 2.956908e+01
    endloop
  endfacet
  facet normal 0.000000e+00 -1.000000e+00 0.000000e+00
    outer loop
      vertex   -6.245532e+00 -3.225000e+01 3.023937e+01
      vertex   -5.187707e+00 -3.225000e+01 2.956908e+01
      vertex   -5.897336e+00 -3.225000e+01 3.057381e+01
    endloop
  endfacet
  facet normal 0.000000e+00 -1.000000e+00 0.000000e+00
    outer loop
      vertex   -5.897336e+00 -3.225000e+01 3.057381e+01
      vertex   -5.187707e+00 -3.225000e+01 2.956908e+01
      vertex   -4.887500e+00 -3.225000e+01 2.978720e+01
    endloop
  endfacet
  facet normal 0.000000e+00 -1.000000e+00 0.000000e+00
    outer loop
      vertex   -5.897336e+00 -3.225000e+01 3.057381e+01
      vertex   -4.887500e+00 -3.225000e+01 2.978720e+01
      vertex   -5.500000e+00 -3.225000e+01 3.084808e+01
    endloop
  endfacet
  facet normal 0.000000e+00 -1.000000e+00 0.000000e+00
    outer loop
      vertex   -5.500000e+00 -3.225000e+01 3.084808e+01
      vertex   -4.887500e+00 -3.225000e+01 2.978720e+01
      vertex   -5.063815e+00 -3.225000e+01 3.105505e+01
    endloop
  endfacet
  facet normal 0.000000e+00 -1.000000e+00 0.000000e+00
    outer loop
      vertex   -5.063815e+00 -3.225000e+01 3.105505e+01
      vertex   -4.887500e+00 -3.225000e+01 2.978720e+01
      vertex   -4.548505e+00 -3.225000e+01 2.993813e+01
    endloop
  endfacet
  facet normal 0.000000e+00 -1.000000e+00 0.000000e+00
    outer loop
      vertex   -5.063815e+00 -3.225000e+01 3.105505e+01
      vertex   -4.548505e+00 -3.225000e+01 2.993813e+01
      vertex   -4.600077e+00 -3.225000e+01 3.118937e+01
    endloop
  endfacet
  facet normal 0.000000e+00 -1.000000e+00 0.000000e+00
    outer loop
      vertex   -4.600077e+00 -3.225000e+01 3.118937e+01
      vertex   -4.548505e+00 -3.225000e+01 2.993813e+01
      vertex   -4.185538e+00 -3.225000e+01 3.001528e+01
    endloop
  endfacet
  facet normal 0.000000e+00 -1.000000e+00 0.000000e+00
    outer loop
      vertex   -4.600077e+00 -3.225000e+01 3.118937e+01
      vertex   -4.185538e+00 -3.225000e+01 3.001528e+01
      vertex   -4.120798e+00 -3.225000e+01 3.124757e+01
    endloop
  endfacet
  facet normal 0.000000e+00 -1.000000e+00 -0.000000e+00
    outer loop
      vertex   -4.120798e+00 -3.225000e+01 3.124757e+01
      vertex   -4.185538e+00 -3.225000e+01 3.001528e+01
      vertex   -3.814462e+00 -3.225000e+01 3.001528e+01
    endloop
  endfacet
  facet normal 0.000000e+00 -1.000000e+00 0.000000e+00
    outer loop
      vertex   -4.120798e+00 -3.225000e+01 3.124757e+01
      vertex   -3.814462e+00 -3.225000e+01 3.001528e+01
      vertex   -3.638390e+00 -3.225000e+01 3.122813e+01
    endloop
  endfacet
  facet normal 0.000000e+00 -1.000000e+00 -0.000000e+00
    outer loop
      vertex   -3.638390e+00 -3.225000e+01 3.122813e+01
      vertex   -3.814462e+00 -3.225000e+01 3.001528e+01
      vertex   -3.165348e+00 -3.225000e+01 3.113155e+01
    endloop
  endfacet
  facet normal 0.000000e+00 -1.000000e+00 0.000000e+00
    outer loop
      vertex   -3.165348e+00 -3.225000e+01 3.113155e+01
      vertex   -3.814462e+00 -3.225000e+01 3.001528e+01
      vertex   -3.451495e+00 -3.225000e+01 2.993813e+01
    endloop
  endfacet
  facet normal 0.000000e+00 -1.000000e+00 -0.000000e+00
    outer loop
      vertex   -3.165348e+00 -3.225000e+01 3.113155e+01
      vertex   -3.451495e+00 -3.225000e+01 2.993813e+01
      vertex   -2.713922e+00 -3.225000e+01 3.096035e+01
    endloop
  endfacet
  facet normal 0.000000e+00 -1.000000e+00 0.000000e+00
    outer loop
      vertex   -2.713922e+00 -3.225000e+01 3.096035e+01
      vertex   -3.451495e+00 -3.225000e+01 2.993813e+01
      vertex   -3.112500e+00 -3.225000e+01 2.978720e+01
    endloop
  endfacet
  facet normal 0.000000e+00 -1.000000e+00 -0.000000e+00
    outer loop
      vertex   -2.713922e+00 -3.225000e+01 3.096035e+01
      vertex   -3.112500e+00 -3.225000e+01 2.978720e+01
      vertex   -2.295806e+00 -3.225000e+01 3.071895e+01
    endloop
  endfacet
  facet normal 0.000000e+00 -1.000000e+00 0.000000e+00
    outer loop
      vertex   -2.295806e+00 -3.225000e+01 3.071895e+01
      vertex   -3.112500e+00 -3.225000e+01 2.978720e+01
      vertex   -2.812293e+00 -3.225000e+01 2.956908e+01
    endloop
  endfacet
  facet normal 0.000000e+00 -1.000000e+00 -0.000000e+00
    outer loop
      vertex   -2.295806e+00 -3.225000e+01 3.071895e+01
      vertex   -2.812293e+00 -3.225000e+01 2.956908e+01
      vertex   -1.921827e+00 -3.225000e+01 3.041361e+01
    endloop
  endfacet
  facet normal 0.000000e+00 -1.000000e+00 0.000000e+00
    outer loop
      vertex   -1.921827e+00 -3.225000e+01 3.041361e+01
      vertex   -2.812293e+00 -3.225000e+01 2.956908e+01
      vertex   -2.563995e+00 -3.225000e+01 2.929332e+01
    endloop
  endfacet
  facet normal 0.000000e+00 -1.000000e+00 -0.000000e+00
    outer loop
      vertex   -1.921827e+00 -3.225000e+01 3.041361e+01
      vertex   -2.563995e+00 -3.225000e+01 2.929332e+01
      vertex   -1.601672e+00 -3.225000e+01 3.005223e+01
    endloop
  endfacet
  facet normal 0.000000e+00 -1.000000e+00 -0.000000e+00
    outer loop
      vertex   -1.601672e+00 -3.225000e+01 3.005223e+01
      vertex   -2.563995e+00 -3.225000e+01 2.929332e+01
      vertex   -1.343632e+00 -3.225000e+01 2.964417e+01
    endloop
  endfacet
  facet normal 0.000000e+00 -1.000000e+00 0.000000e+00
    outer loop
      vertex   -1.343632e+00 -3.225000e+01 2.964417e+01
      vertex   -2.563995e+00 -3.225000e+01 2.929332e+01
      vertex   -2.378457e+00 -3.225000e+01 2.897196e+01
    endloop
  endfacet
  facet normal 0.000000e+00 -1.000000e+00 -0.000000e+00
    outer loop
      vertex   -1.343632e+00 -3.225000e+01 2.964417e+01
      vertex   -2.378457e+00 -3.225000e+01 2.897196e+01
      vertex   -1.154391e+00 -3.225000e+01 2.920000e+01
    endloop
  endfacet
  facet normal 0.000000e+00 -1.000000e+00 0.000000e+00
    outer loop
      vertex   -1.154391e+00 -3.225000e+01 2.920000e+01
      vertex   -2.378457e+00 -3.225000e+01 2.897196e+01
      vertex   -2.263788e+00 -3.225000e+01 2.861904e+01
    endloop
  endfacet
  facet normal 0.000000e+00 -1.000000e+00 -0.000000e+00
    outer loop
      vertex   -1.154391e+00 -3.225000e+01 2.920000e+01
      vertex   -2.263788e+00 -3.225000e+01 2.861904e+01
      vertex   -1.038849e+00 -3.225000e+01 2.873123e+01
    endloop
  endfacet
  facet normal 1.746603e-15 -1.000000e+00 -1.907007e-14
    outer loop
      vertex   -1.038849e+00 -3.225000e+01 2.873123e+01
      vertex   -2.263788e+00 -3.225000e+01 2.861904e+01
      vertex   -2.225000e+00 -3.225000e+01 2.825000e+01
    endloop
  endfacet
  facet normal -9.967573e-01 -2.950994e-16 8.046657e-02
    outer loop
      vertex   -4.738849e+00 -3.125000e+01 4.901877e+01
      vertex   -4.738849e+00 -3.425000e+01 4.901877e+01
      vertex   -4.700000e+00 -3.125000e+01 4.950000e+01
    endloop
  endfacet
  facet normal -9.967573e-01 0.000000e+00 8.046657e-02
    outer loop
      vertex   -4.700000e+00 -3.125000e+01 4.950000e+01
      vertex   -4.738849e+00 -3.425000e+01 4.901877e+01
      vertex   -4.700000e+00 -3.425000e+01 4.950000e+01
    endloop
  endfacet
  facet normal -9.967573e-01 -0.000000e+00 -8.046657e-02
    outer loop
      vertex   -4.700000e+00 -3.125000e+01 4.950000e+01
      vertex   -4.700000e+00 -3.425000e+01 4.950000e+01
      vertex   -4.738849e+00 -3.125000e+01 4.998123e+01
    endloop
  endfacet
  facet normal -9.967573e-01 -2.950994e-16 -8.046657e-02
    outer loop
      vertex   -4.738849e+00 -3.125000e+01 4.998123e+01
      vertex   -4.700000e+00 -3.425000e+01 4.950000e+01
      vertex   -4.738849e+00 -3.425000e+01 4.998123e+01
    endloop
  endfacet
  facet normal -9.709418e-01 -2.874565e-16 -2.393157e-01
    outer loop
      vertex   -4.738849e+00 -3.125000e+01 4.998123e+01
      vertex   -4.738849e+00 -3.425000e+01 4.998123e+01
      vertex   -4.854391e+00 -3.125000e+01 5.045000e+01
    endloop
  endfacet
  facet normal -9.709418e-01 -5.749130e-16 -2.393157e-01
    outer loop
      vertex   -4.854391e+00 -3.125000e+01 5.045000e+01
      vertex   -4.738849e+00 -3.425000e+01 4.998123e+01
      vertex   -4.854391e+00 -3.425000e+01 5.045000e+01
    endloop
  endfacet
  facet normal -9.199794e-01 -5.447373e-16 -3.919666e-01
    outer loop
      vertex   -4.854391e+00 -3.125000e+01 5.045000e+01
      vertex   -4.854391e+00 -3.425000e+01 5.045000e+01
      vertex   -5.043632e+00 -3.125000e+01 5.089417e+01
    endloop
  endfacet
  facet normal -9.199794e-01 -5.447373e-16 -3.919666e-01
    outer loop
      vertex   -5.043632e+00 -3.125000e+01 5.089417e+01
      vertex   -4.854391e+00 -3.425000e+01 5.045000e+01
      vertex   -5.043632e+00 -3.425000e+01 5.089417e+01
    endloop
  endfacet
  facet normal -8.451901e-01 -5.004531e-16 -5.344658e-01
    outer loop
      vertex   -5.043632e+00 -3.125000e+01 5.089417e+01
      vertex   -5.043632e+00 -3.425000e+01 5.089417e+01
      vertex   -5.301672e+00 -3.125000e+01 5.130223e+01
    endloop
  endfacet
  facet normal -8.451901e-01 -2.502265e-16 -5.344658e-01
    outer loop
      vertex   -5.301672e+00 -3.125000e+01 5.130223e+01
      vertex   -5.043632e+00 -3.425000e+01 5.089417e+01
      vertex   -5.301672e+00 -3.425000e+01 5.130223e+01
    endloop
  endfacet
  facet normal -7.485107e-01 -2.216037e-16 -6.631227e-01
    outer loop
      vertex   -5.301672e+00 -3.125000e+01 5.130223e+01
      vertex   -5.301672e+00 -3.425000e+01 5.130223e+01
      vertex   -5.621827e+00 -3.125000e+01 5.166361e+01
    endloop
  endfacet
  facet normal -7.485107e-01 -0.000000e+00 -6.631227e-01
    outer loop
      vertex   -5.621827e+00 -3.125000e+01 5.166361e+01
      vertex   -5.301672e+00 -3.425000e+01 5.130223e+01
      vertex   -5.621827e+00 -3.425000e+01 5.166361e+01
    endloop
  endfacet
  facet normal -6.324454e-01 -0.000000e+00 -7.746050e-01
    outer loop
      vertex   -5.621827e+00 -3.125000e+01 5.166361e+01
      vertex   -5.621827e+00 -3.425000e+01 5.166361e+01
      vertex   -5.995806e+00 -3.125000e+01 5.196895e+01
    endloop
  endfacet
  facet normal -6.324454e-01 -3.744829e-16 -7.746050e-01
    outer loop
      vertex   -5.995806e+00 -3.125000e+01 5.196895e+01
      vertex   -5.621827e+00 -3.425000e+01 5.166361e+01
      vertex   -5.995806e+00 -3.425000e+01 5.196895e+01
    endloop
  endfacet
  facet normal -5.000000e-01 -2.960595e-16 -8.660254e-01
    outer loop
      vertex   -5.995806e+00 -3.125000e+01 5.196895e+01
      vertex   -5.995806e+00 -3.425000e+01 5.196895e+01
      vertex   -6.413922e+00 -3.125000e+01 5.221035e+01
    endloop
  endfacet
  facet normal -5.000000e-01 -2.960595e-16 -8.660254e-01
    outer loop
      vertex   -6.413922e+00 -3.125000e+01 5.221035e+01
      vertex   -5.995806e+00 -3.425000e+01 5.196895e+01
      vertex   -6.413922e+00 -3.425000e+01 5.221035e+01
    endloop
  endfacet
  facet normal -3.546049e-01 -2.099683e-16 -9.350162e-01
    outer loop
      vertex   -6.413922e+00 -3.125000e+01 5.221035e+01
      vertex   -6.413922e+00 -3.425000e+01 5.221035e+01
      vertex   -6.865348e+00 -3.125000e+01 5.238155e+01
    endloop
  endfacet
  facet normal -3.546049e-01 -1.049841e-16 -9.350162e-01
    outer loop
      vertex   -6.865348e+00 -3.125000e+01 5.238155e+01
      vertex   -6.413922e+00 -3.425000e+01 5.221035e+01
      vertex   -6.865348e+00 -3.425000e+01 5.238155e+01
    endloop
  endfacet
  facet normal -2.000257e-01 -5.921950e-17 -9.797907e-01
    outer loop
      vertex   -6.865348e+00 -3.125000e+01 5.238155e+01
      vertex   -6.865348e+00 -3.425000e+01 5.238155e+01
      vertex   -7.338390e+00 -3.125000e+01 5.247813e+01
    endloop
  endfacet
  facet normal -2.000257e-01 -1.184390e-16 -9.797907e-01
    outer loop
      vertex   -7.338390e+00 -3.125000e+01 5.247813e+01
      vertex   -6.865348e+00 -3.425000e+01 5.238155e+01
      vertex   -7.338390e+00 -3.425000e+01 5.247813e+01
    endloop
  endfacet
  facet normal -4.026594e-02 -2.384223e-17 -9.991890e-01
    outer loop
      vertex   -7.338390e+00 -3.125000e+01 5.247813e+01
      vertex   -7.338390e+00 -3.425000e+01 5.247813e+01
      vertex   -7.820798e+00 -3.125000e+01 5.249757e+01
    endloop
  endfacet
  facet normal -4.026594e-02 -1.192111e-17 -9.991890e-01
    outer loop
      vertex   -7.820798e+00 -3.125000e+01 5.249757e+01
      vertex   -7.338390e+00 -3.425000e+01 5.247813e+01
      vertex   -7.820798e+00 -3.425000e+01 5.249757e+01
    endloop
  endfacet
  facet normal 1.205367e-01 3.568603e-17 -9.927089e-01
    outer loop
      vertex   -7.820798e+00 -3.125000e+01 5.249757e+01
      vertex   -7.820798e+00 -3.425000e+01 5.249757e+01
      vertex   -8.300077e+00 -3.125000e+01 5.243937e+01
    endloop
  endfacet
  facet normal 1.205367e-01 0.000000e+00 -9.927089e-01
    outer loop
      vertex   -8.300077e+00 -3.125000e+01 5.243937e+01
      vertex   -7.820798e+00 -3.425000e+01 5.249757e+01
      vertex   -8.300077e+00 -3.425000e+01 5.243937e+01
    endloop
  endfacet
  facet normal 2.782175e-01 0.000000e+00 -9.605181e-01
    outer loop
      vertex   -8.300077e+00 -3.125000e+01 5.243937e+01
      vertex   -8.300077e+00 -3.425000e+01 5.243937e+01
      vertex   -8.763815e+00 -3.125000e+01 5.230505e+01
    endloop
  endfacet
  facet normal 2.782175e-01 1.647378e-16 -9.605181e-01
    outer loop
      vertex   -8.763815e+00 -3.125000e+01 5.230505e+01
      vertex   -8.300077e+00 -3.425000e+01 5.243937e+01
      vertex   -8.763815e+00 -3.425000e+01 5.230505e+01
    endloop
  endfacet
  facet normal 4.286926e-01 2.538370e-16 -9.034504e-01
    outer loop
      vertex   -8.763815e+00 -3.125000e+01 5.230505e+01
      vertex   -8.763815e+00 -3.425000e+01 5.230505e+01
      vertex   -9.200000e+00 -3.125000e+01 5.209808e+01
    endloop
  endfacet
  facet normal 4.286926e-01 2.538370e-16 -9.034504e-01
    outer loop
      vertex   -9.200000e+00 -3.125000e+01 5.209808e+01
      vertex   -8.763815e+00 -3.425000e+01 5.230505e+01
      vertex   -9.200000e+00 -3.425000e+01 5.209808e+01
    endloop
  endfacet
  facet normal 5.680647e-01 3.363619e-16 -8.229839e-01
    outer loop
      vertex   -9.200000e+00 -3.125000e+01 5.209808e+01
      vertex   -9.200000e+00 -3.425000e+01 5.209808e+01
      vertex   -9.597336e+00 -3.125000e+01 5.182381e+01
    endloop
  endfacet
  facet normal 5.680647e-01 6.727238e-16 -8.229839e-01
    outer loop
      vertex   -9.597336e+00 -3.125000e+01 5.182381e+01
      vertex   -9.200000e+00 -3.425000e+01 5.209808e+01
      vertex   -9.597336e+00 -3.425000e+01 5.182381e+01
    endloop
  endfacet
  facet normal 6.927244e-01 8.203504e-16 -7.212024e-01
    outer loop
      vertex   -9.597336e+00 -3.125000e+01 5.182381e+01
      vertex   -9.597336e+00 -3.425000e+01 5.182381e+01
      vertex   -9.945532e+00 -3.125000e+01 5.148937e+01
    endloop
  endfacet
  facet normal 6.927244e-01 0.000000e+00 -7.212024e-01
    outer loop
      vertex   -9.945532e+00 -3.125000e+01 5.148937e+01
      vertex   -9.597336e+00 -3.425000e+01 5.182381e+01
      vertex   -9.945532e+00 -3.425000e+01 5.148937e+01
    endloop
  endfacet
  facet normal 7.994428e-01 0.000000e+00 -6.007423e-01
    outer loop
      vertex   -9.945532e+00 -3.125000e+01 5.148937e+01
      vertex   -9.945532e+00 -3.425000e+01 5.148937e+01
      vertex   -1.023557e+01 -3.125000e+01 5.110340e+01
    endloop
  endfacet
  facet normal 7.994428e-01 0.000000e+00 -6.007423e-01
    outer loop
      vertex   -1.023557e+01 -3.125000e+01 5.110340e+01
      vertex   -9.945532e+00 -3.425000e+01 5.148937e+01
      vertex   -1.023557e+01 -3.425000e+01 5.110340e+01
    endloop
  endfacet
  facet normal 8.854560e-01 0.000000e+00 -4.647232e-01
    outer loop
      vertex   -1.023557e+01 -3.125000e+01 5.110340e+01
      vertex   -1.023557e+01 -3.425000e+01 5.110340e+01
      vertex   -1.045994e+01 -3.125000e+01 5.067590e+01
    endloop
  endfacet
  facet normal 8.854560e-01 5.242953e-16 -4.647232e-01
    outer loop
      vertex   -1.045994e+01 -3.125000e+01 5.067590e+01
      vertex   -1.023557e+01 -3.425000e+01 5.110340e+01
      vertex   -1.045994e+01 -3.425000e+01 5.067590e+01
    endloop
  endfacet
  facet normal 9.485364e-01 5.616464e-16 -3.166680e-01
    outer loop
      vertex   -1.045994e+01 -3.125000e+01 5.067590e+01
      vertex   -1.045994e+01 -3.425000e+01 5.067590e+01
      vertex   -1.061283e+01 -3.125000e+01 5.021795e+01
    endloop
  endfacet
  facet normal 9.485364e-01 5.616464e-16 -3.166680e-01
    outer loop
      vertex   -1.061283e+01 -3.125000e+01 5.021795e+01
      vertex   -1.045994e+01 -3.425000e+01 5.067590e+01
      vertex   -1.061283e+01 -3.425000e+01 5.021795e+01
    endloop
  endfacet
  facet normal 9.870503e-01 5.844512e-16 -1.604113e-01
    outer loop
      vertex   -1.061283e+01 -3.125000e+01 5.021795e+01
      vertex   -1.061283e+01 -3.425000e+01 5.021795e+01
      vertex   -1.069027e+01 -3.125000e+01 4.974140e+01
    endloop
  endfacet
  facet normal 9.870503e-01 5.844512e-16 -1.604113e-01
    outer loop
      vertex   -1.069027e+01 -3.125000e+01 4.974140e+01
      vertex   -1.061283e+01 -3.425000e+01 5.021795e+01
      vertex   -1.069027e+01 -3.425000e+01 4.974140e+01
    endloop
  endfacet
  facet normal 1.000000e+00 5.921189e-16 0.000000e+00
    outer loop
      vertex   -1.069027e+01 -3.125000e+01 4.974140e+01
      vertex   -1.069027e+01 -3.425000e+01 4.974140e+01
      vertex   -1.069027e+01 -3.125000e+01 4.925860e+01
    endloop
  endfacet
  facet normal 1.000000e+00 5.921189e-16 0.000000e+00
    outer loop
      vertex   -1.069027e+01 -3.125000e+01 4.925860e+01
      vertex   -1.069027e+01 -3.425000e+01 4.974140e+01
      vertex   -1.069027e+01 -3.425000e+01 4.925860e+01
    endloop
  endfacet
  facet normal 9.870503e-01 5.844512e-16 1.604113e-01
    outer loop
      vertex   -1.069027e+01 -3.125000e+01 4.925860e+01
      vertex   -1.069027e+01 -3.425000e+01 4.925860e+01
      vertex   -1.061283e+01 -3.125000e+01 4.878205e+01
    endloop
  endfacet
  facet normal 9.870503e-01 5.844512e-16 1.604113e-01
    outer loop
      vertex   -1.061283e+01 -3.125000e+01 4.878205e+01
      vertex   -1.069027e+01 -3.425000e+01 4.925860e+01
      vertex   -1.061283e+01 -3.425000e+01 4.878205e+01
    endloop
  endfacet
  facet normal 9.485364e-01 5.616464e-16 3.166680e-01
    outer loop
      vertex   -1.061283e+01 -3.125000e+01 4.878205e+01
      vertex   -1.061283e+01 -3.425000e+01 4.878205e+01
      vertex   -1.045994e+01 -3.125000e+01 4.832410e+01
    endloop
  endfacet
  facet normal 9.485364e-01 5.616464e-16 3.166680e-01
    outer loop
      vertex   -1.045994e+01 -3.125000e+01 4.832410e+01
      vertex   -1.061283e+01 -3.425000e+01 4.878205e+01
      vertex   -1.045994e+01 -3.425000e+01 4.832410e+01
    endloop
  endfacet
  facet normal 8.854560e-01 5.242953e-16 4.647232e-01
    outer loop
      vertex   -1.045994e+01 -3.125000e+01 4.832410e+01
      vertex   -1.045994e+01 -3.425000e+01 4.832410e+01
      vertex   -1.023557e+01 -3.125000e+01 4.789660e+01
    endloop
  endfacet
  facet normal 8.854560e-01 0.000000e+00 4.647232e-01
    outer loop
      vertex   -1.023557e+01 -3.125000e+01 4.789660e+01
      vertex   -1.045994e+01 -3.425000e+01 4.832410e+01
      vertex   -1.023557e+01 -3.425000e+01 4.789660e+01
    endloop
  endfacet
  facet normal 7.994428e-01 0.000000e+00 6.007423e-01
    outer loop
      vertex   -1.023557e+01 -3.125000e+01 4.789660e+01
      vertex   -1.023557e+01 -3.425000e+01 4.789660e+01
      vertex   -9.945532e+00 -3.125000e+01 4.751063e+01
    endloop
  endfacet
  facet normal 7.994428e-01 0.000000e+00 6.007423e-01
    outer loop
      vertex   -9.945532e+00 -3.125000e+01 4.751063e+01
      vertex   -1.023557e+01 -3.425000e+01 4.789660e+01
      vertex   -9.945532e+00 -3.425000e+01 4.751063e+01
    endloop
  endfacet
  facet normal 6.927244e-01 0.000000e+00 7.212024e-01
    outer loop
      vertex   -9.945532e+00 -3.125000e+01 4.751063e+01
      vertex   -9.945532e+00 -3.425000e+01 4.751063e+01
      vertex   -9.597336e+00 -3.125000e+01 4.717619e+01
    endloop
  endfacet
  facet normal 6.927244e-01 4.101752e-16 7.212024e-01
    outer loop
      vertex   -9.597336e+00 -3.125000e+01 4.717619e+01
      vertex   -9.945532e+00 -3.425000e+01 4.751063e+01
      vertex   -9.597336e+00 -3.425000e+01 4.717619e+01
    endloop
  endfacet
  facet normal 5.680647e-01 3.363619e-16 8.229839e-01
    outer loop
      vertex   -9.597336e+00 -3.125000e+01 4.717619e+01
      vertex   -9.597336e+00 -3.425000e+01 4.717619e+01
      vertex   -9.200000e+00 -3.125000e+01 4.690192e+01
    endloop
  endfacet
  facet normal 5.680647e-01 0.000000e+00 8.229839e-01
    outer loop
      vertex   -9.200000e+00 -3.125000e+01 4.690192e+01
      vertex   -9.597336e+00 -3.425000e+01 4.717619e+01
      vertex   -9.200000e+00 -3.425000e+01 4.690192e+01
    endloop
  endfacet
  facet normal 4.286926e-01 0.000000e+00 9.034504e-01
    outer loop
      vertex   -9.200000e+00 -3.125000e+01 4.690192e+01
      vertex   -9.200000e+00 -3.425000e+01 4.690192e+01
      vertex   -8.763815e+00 -3.125000e+01 4.669495e+01
    endloop
  endfacet
  facet normal 4.286926e-01 0.000000e+00 9.034504e-01
    outer loop
      vertex   -8.763815e+00 -3.125000e+01 4.669495e+01
      vertex   -9.200000e+00 -3.425000e+01 4.690192e+01
      vertex   -8.763815e+00 -3.425000e+01 4.669495e+01
    endloop
  endfacet
  facet normal 2.782175e-01 0.000000e+00 9.605181e-01
    outer loop
      vertex   -8.763815e+00 -3.125000e+01 4.669495e+01
      vertex   -8.763815e+00 -3.425000e+01 4.669495e+01
      vertex   -8.300077e+00 -3.125000e+01 4.656063e+01
    endloop
  endfacet
  facet normal 2.782175e-01 0.000000e+00 9.605181e-01
    outer loop
      vertex   -8.300077e+00 -3.125000e+01 4.656063e+01
      vertex   -8.763815e+00 -3.425000e+01 4.669495e+01
      vertex   -8.300077e+00 -3.425000e+01 4.656063e+01
    endloop
  endfacet
  facet normal 1.205367e-01 0.000000e+00 9.927089e-01
    outer loop
      vertex   -8.300077e+00 -3.125000e+01 4.656063e+01
      vertex   -8.300077e+00 -3.425000e+01 4.656063e+01
      vertex   -7.820798e+00 -3.125000e+01 4.650243e+01
    endloop
  endfacet
  facet normal 1.205367e-01 3.568603e-17 9.927089e-01
    outer loop
      vertex   -7.820798e+00 -3.125000e+01 4.650243e+01
      vertex   -8.300077e+00 -3.425000e+01 4.656063e+01
      vertex   -7.820798e+00 -3.425000e+01 4.650243e+01
    endloop
  endfacet
  facet normal -4.026594e-02 -1.192111e-17 9.991890e-01
    outer loop
      vertex   -7.820798e+00 -3.125000e+01 4.650243e+01
      vertex   -7.820798e+00 -3.425000e+01 4.650243e+01
      vertex   -7.338390e+00 -3.125000e+01 4.652187e+01
    endloop
  endfacet
  facet normal -4.026594e-02 -1.192111e-17 9.991890e-01
    outer loop
      vertex   -7.338390e+00 -3.125000e+01 4.652187e+01
      vertex   -7.820798e+00 -3.425000e+01 4.650243e+01
      vertex   -7.338390e+00 -3.425000e+01 4.652187e+01
    endloop
  endfacet
  facet normal -2.000257e-01 -5.921950e-17 9.797907e-01
    outer loop
      vertex   -7.338390e+00 -3.125000e+01 4.652187e+01
      vertex   -7.338390e+00 -3.425000e+01 4.652187e+01
      vertex   -6.865348e+00 -3.125000e+01 4.661845e+01
    endloop
  endfacet
  facet normal -2.000257e-01 -5.921950e-17 9.797907e-01
    outer loop
      vertex   -6.865348e+00 -3.125000e+01 4.661845e+01
      vertex   -7.338390e+00 -3.425000e+01 4.652187e+01
      vertex   -6.865348e+00 -3.425000e+01 4.661845e+01
    endloop
  endfacet
  facet normal -3.546049e-01 -1.049841e-16 9.350162e-01
    outer loop
      vertex   -6.865348e+00 -3.125000e+01 4.661845e+01
      vertex   -6.865348e+00 -3.425000e+01 4.661845e+01
      vertex   -6.413922e+00 -3.125000e+01 4.678965e+01
    endloop
  endfacet
  facet normal -3.546049e-01 -2.099683e-16 9.350162e-01
    outer loop
      vertex   -6.413922e+00 -3.125000e+01 4.678965e+01
      vertex   -6.865348e+00 -3.425000e+01 4.661845e+01
      vertex   -6.413922e+00 -3.425000e+01 4.678965e+01
    endloop
  endfacet
  facet normal -5.000000e-01 -2.960595e-16 8.660254e-01
    outer loop
      vertex   -6.413922e+00 -3.125000e+01 4.678965e+01
      vertex   -6.413922e+00 -3.425000e+01 4.678965e+01
      vertex   -5.995806e+00 -3.125000e+01 4.703105e+01
    endloop
  endfacet
  facet normal -5.000000e-01 -2.960595e-16 8.660254e-01
    outer loop
      vertex   -5.995806e+00 -3.125000e+01 4.703105e+01
      vertex   -6.413922e+00 -3.425000e+01 4.678965e+01
      vertex   -5.995806e+00 -3.425000e+01 4.703105e+01
    endloop
  endfacet
  facet normal -6.324454e-01 -3.744829e-16 7.746050e-01
    outer loop
      vertex   -5.995806e+00 -3.125000e+01 4.703105e+01
      vertex   -5.995806e+00 -3.425000e+01 4.703105e+01
      vertex   -5.621827e+00 -3.125000e+01 4.733639e+01
    endloop
  endfacet
  facet normal -6.324454e-01 0.000000e+00 7.746050e-01
    outer loop
      vertex   -5.621827e+00 -3.125000e+01 4.733639e+01
      vertex   -5.995806e+00 -3.425000e+01 4.703105e+01
      vertex   -5.621827e+00 -3.425000e+01 4.733639e+01
    endloop
  endfacet
  facet normal -7.485107e-01 0.000000e+00 6.631227e-01
    outer loop
      vertex   -5.621827e+00 -3.125000e+01 4.733639e+01
      vertex   -5.621827e+00 -3.425000e+01 4.733639e+01
      vertex   -5.301672e+00 -3.125000e+01 4.769777e+01
    endloop
  endfacet
  facet normal -7.485107e-01 -4.432074e-16 6.631227e-01
    outer loop
      vertex   -5.301672e+00 -3.125000e+01 4.769777e+01
      vertex   -5.621827e+00 -3.425000e+01 4.733639e+01
      vertex   -5.301672e+00 -3.425000e+01 4.769777e+01
    endloop
  endfacet
  facet normal -8.451901e-01 -5.004531e-16 5.344658e-01
    outer loop
      vertex   -5.301672e+00 -3.125000e+01 4.769777e+01
      vertex   -5.301672e+00 -3.425000e+01 4.769777e+01
      vertex   -5.043632e+00 -3.125000e+01 4.810583e+01
    endloop
  endfacet
  facet normal -8.451901e-01 -2.502265e-16 5.344658e-01
    outer loop
      vertex   -5.043632e+00 -3.125000e+01 4.810583e+01
      vertex   -5.301672e+00 -3.425000e+01 4.769777e+01
      vertex   -5.043632e+00 -3.425000e+01 4.810583e+01
    endloop
  endfacet
  facet normal -9.199794e-01 -2.723686e-16 3.919666e-01
    outer loop
      vertex   -5.043632e+00 -3.125000e+01 4.810583e+01
      vertex   -5.043632e+00 -3.425000e+01 4.810583e+01
      vertex   -4.854391e+00 -3.125000e+01 4.855000e+01
    endloop
  endfacet
  facet normal -9.199794e-01 -2.723686e-16 3.919666e-01
    outer loop
      vertex   -4.854391e+00 -3.125000e+01 4.855000e+01
      vertex   -5.043632e+00 -3.425000e+01 4.810583e+01
      vertex   -4.854391e+00 -3.425000e+01 4.855000e+01
    endloop
  endfacet
  facet normal -9.709418e-01 -2.874565e-16 2.393157e-01
    outer loop
      vertex   -4.854391e+00 -3.125000e+01 4.855000e+01
      vertex   -4.854391e+00 -3.425000e+01 4.855000e+01
      vertex   -4.738849e+00 -3.125000e+01 4.901877e+01
    endloop
  endfacet
  facet normal -9.709418e-01 -2.874565e-16 2.393157e-01
    outer loop
      vertex   -4.738849e+00 -3.125000e+01 4.901877e+01
      vertex   -4.854391e+00 -3.425000e+01 4.855000e+01
      vertex   -4.738849e+00 -3.425000e+01 4.901877e+01
    endloop
  endfacet
  facet normal 0.000000e+00 -1.000000e+00 0.000000e+00
    outer loop
      vertex   -5.963788e+00 -3.125000e+01 4.913096e+01
      vertex   -4.738849e+00 -3.125000e+01 4.901877e+01
      vertex   -5.925000e+00 -3.125000e+01 4.950000e+01
    endloop
  endfacet
  facet normal 0.000000e+00 -1.000000e+00 0.000000e+00
    outer loop
      vertex   -5.925000e+00 -3.125000e+01 4.950000e+01
      vertex   -4.738849e+00 -3.125000e+01 4.901877e+01
      vertex   -4.700000e+00 -3.125000e+01 4.950000e+01
    endloop
  endfacet
  facet normal 0.000000e+00 -1.000000e+00 0.000000e+00
    outer loop
      vertex   -5.925000e+00 -3.125000e+01 4.950000e+01
      vertex   -4.700000e+00 -3.125000e+01 4.950000e+01
      vertex   -4.738849e+00 -3.125000e+01 4.998123e+01
    endloop
  endfacet
  facet normal -0.000000e+00 -1.000000e+00 0.000000e+00
    outer loop
      vertex   -4.738849e+00 -3.125000e+01 4.901877e+01
      vertex   -5.963788e+00 -3.125000e+01 4.913096e+01
      vertex   -4.854391e+00 -3.125000e+01 4.855000e+01
    endloop
  endfacet
  facet normal 0.000000e+00 -1.000000e+00 0.000000e+00
    outer loop
      vertex   -4.854391e+00 -3.125000e+01 4.855000e+01
      vertex   -5.963788e+00 -3.125000e+01 4.913096e+01
      vertex   -6.078457e+00 -3.125000e+01 4.877804e+01
    endloop
  endfacet
  facet normal -0.000000e+00 -1.000000e+00 0.000000e+00
    outer loop
      vertex   -4.854391e+00 -3.125000e+01 4.855000e+01
      vertex   -6.078457e+00 -3.125000e+01 4.877804e+01
      vertex   -5.043632e+00 -3.125000e+01 4.810583e+01
    endloop
  endfacet
  facet normal 0.000000e+00 -1.000000e+00 0.000000e+00
    outer loop
      vertex   -5.043632e+00 -3.125000e+01 4.810583e+01
      vertex   -6.078457e+00 -3.125000e+01 4.877804e+01
      vertex   -6.263995e+00 -3.125000e+01 4.845668e+01
    endloop
  endfacet
  facet normal -0.000000e+00 -1.000000e+00 0.000000e+00
    outer loop
      vertex   -5.043632e+00 -3.125000e+01 4.810583e+01
      vertex   -6.263995e+00 -3.125000e+01 4.845668e+01
      vertex   -5.301672e+00 -3.125000e+01 4.769777e+01
    endloop
  endfacet
  facet normal -0.000000e+00 -1.000000e+00 0.000000e+00
    outer loop
      vertex   -5.301672e+00 -3.125000e+01 4.769777e+01
      vertex   -6.263995e+00 -3.125000e+01 4.845668e+01
      vertex   -5.621827e+00 -3.125000e+01 4.733639e+01
    endloop
  endfacet
  facet normal 0.000000e+00 -1.000000e+00 0.000000e+00
    outer loop
      vertex   -5.621827e+00 -3.125000e+01 4.733639e+01
      vertex   -6.263995e+00 -3.125000e+01 4.845668e+01
      vertex   -6.512293e+00 -3.125000e+01 4.818092e+01
    endloop
  endfacet
  facet normal -0.000000e+00 -1.000000e+00 0.000000e+00
    outer loop
      vertex   -5.621827e+00 -3.125000e+01 4.733639e+01
      vertex   -6.512293e+00 -3.125000e+01 4.818092e+01
      vertex   -5.995806e+00 -3.125000e+01 4.703105e+01
    endloop
  endfacet
  facet normal 0.000000e+00 -1.000000e+00 0.000000e+00
    outer loop
      vertex   -5.995806e+00 -3.125000e+01 4.703105e+01
      vertex   -6.512293e+00 -3.125000e+01 4.818092e+01
      vertex   -6.812500e+00 -3.125000e+01 4.796281e+01
    endloop
  endfacet
  facet normal -0.000000e+00 -1.000000e+00 0.000000e+00
    outer loop
      vertex   -5.995806e+00 -3.125000e+01 4.703105e+01
      vertex   -6.812500e+00 -3.125000e+01 4.796281e+01
      vertex   -6.413922e+00 -3.125000e+01 4.678965e+01
    endloop
  endfacet
  facet normal 0.000000e+00 -1.000000e+00 0.000000e+00
    outer loop
      vertex   -6.413922e+00 -3.125000e+01 4.678965e+01
      vertex   -6.812500e+00 -3.125000e+01 4.796281e+01
      vertex   -7.151495e+00 -3.125000e+01 4.781187e+01
    endloop
  endfacet
  facet normal -0.000000e+00 -1.000000e+00 0.000000e+00
    outer loop
      vertex   -6.413922e+00 -3.125000e+01 4.678965e+01
      vertex   -7.151495e+00 -3.125000e+01 4.781187e+01
      vertex   -6.865348e+00 -3.125000e+01 4.661845e+01
    endloop
  endfacet
  facet normal 0.000000e+00 -1.000000e+00 0.000000e+00
    outer loop
      vertex   -6.865348e+00 -3.125000e+01 4.661845e+01
      vertex   -7.151495e+00 -3.125000e+01 4.781187e+01
      vertex   -7.514462e+00 -3.125000e+01 4.773472e+01
    endloop
  endfacet
  facet normal -0.000000e+00 -1.000000e+00 0.000000e+00
    outer loop
      vertex   -6.865348e+00 -3.125000e+01 4.661845e+01
      vertex   -7.514462e+00 -3.125000e+01 4.773472e+01
      vertex   -7.338390e+00 -3.125000e+01 4.652187e+01
    endloop
  endfacet
  facet normal -0.000000e+00 -1.000000e+00 0.000000e+00
    outer loop
      vertex   -7.338390e+00 -3.125000e+01 4.652187e+01
      vertex   -7.514462e+00 -3.125000e+01 4.773472e+01
      vertex   -7.820798e+00 -3.125000e+01 4.650243e+01
    endloop
  endfacet
  facet normal 0.000000e+00 -1.000000e+00 0.000000e+00
    outer loop
      vertex   -7.820798e+00 -3.125000e+01 4.650243e+01
      vertex   -7.514462e+00 -3.125000e+01 4.773472e+01
      vertex   -7.885538e+00 -3.125000e+01 4.773472e+01
    endloop
  endfacet
  facet normal 0.000000e+00 -1.000000e+00 0.000000e+00
    outer loop
      vertex   -7.820798e+00 -3.125000e+01 4.650243e+01
      vertex   -7.885538e+00 -3.125000e+01 4.773472e+01
      vertex   -8.300077e+00 -3.125000e+01 4.656063e+01
    endloop
  endfacet
  facet normal 0.000000e+00 -1.000000e+00 0.000000e+00
    outer loop
      vertex   -8.300077e+00 -3.125000e+01 4.656063e+01
      vertex   -7.885538e+00 -3.125000e+01 4.773472e+01
      vertex   -8.248505e+00 -3.125000e+01 4.781187e+01
    endloop
  endfacet
  facet normal 0.000000e+00 -1.000000e+00 0.000000e+00
    outer loop
      vertex   -8.300077e+00 -3.125000e+01 4.656063e+01
      vertex   -8.248505e+00 -3.125000e+01 4.781187e+01
      vertex   -8.763815e+00 -3.125000e+01 4.669495e+01
    endloop
  endfacet
  facet normal 0.000000e+00 -1.000000e+00 0.000000e+00
    outer loop
      vertex   -8.763815e+00 -3.125000e+01 4.669495e+01
      vertex   -8.248505e+00 -3.125000e+01 4.781187e+01
      vertex   -8.587500e+00 -3.125000e+01 4.796281e+01
    endloop
  endfacet
  facet normal 0.000000e+00 -1.000000e+00 0.000000e+00
    outer loop
      vertex   -8.763815e+00 -3.125000e+01 4.669495e+01
      vertex   -8.587500e+00 -3.125000e+01 4.796281e+01
      vertex   -9.200000e+00 -3.125000e+01 4.690192e+01
    endloop
  endfacet
  facet normal 0.000000e+00 -1.000000e+00 0.000000e+00
    outer loop
      vertex   -9.200000e+00 -3.125000e+01 4.690192e+01
      vertex   -8.587500e+00 -3.125000e+01 4.796281e+01
      vertex   -9.597336e+00 -3.125000e+01 4.717619e+01
    endloop
  endfacet
  facet normal 0.000000e+00 -1.000000e+00 0.000000e+00
    outer loop
      vertex   -9.597336e+00 -3.125000e+01 4.717619e+01
      vertex   -8.587500e+00 -3.125000e+01 4.796281e+01
      vertex   -8.887707e+00 -3.125000e+01 4.818092e+01
    endloop
  endfacet
  facet normal 0.000000e+00 -1.000000e+00 0.000000e+00
    outer loop
      vertex   -9.597336e+00 -3.125000e+01 4.717619e+01
      vertex   -8.887707e+00 -3.125000e+01 4.818092e+01
      vertex   -9.945532e+00 -3.125000e+01 4.751063e+01
    endloop
  endfacet
  facet normal 0.000000e+00 -1.000000e+00 0.000000e+00
    outer loop
      vertex   -9.945532e+00 -3.125000e+01 4.751063e+01
      vertex   -8.887707e+00 -3.125000e+01 4.818092e+01
      vertex   -9.136005e+00 -3.125000e+01 4.845668e+01
    endloop
  endfacet
  facet normal 0.000000e+00 -1.000000e+00 0.000000e+00
    outer loop
      vertex   -9.945532e+00 -3.125000e+01 4.751063e+01
      vertex   -9.136005e+00 -3.125000e+01 4.845668e+01
      vertex   -1.023557e+01 -3.125000e+01 4.789660e+01
    endloop
  endfacet
  facet normal 0.000000e+00 -1.000000e+00 0.000000e+00
    outer loop
      vertex   -1.023557e+01 -3.125000e+01 4.789660e+01
      vertex   -9.136005e+00 -3.125000e+01 4.845668e+01
      vertex   -9.321543e+00 -3.125000e+01 4.877804e+01
    endloop
  endfacet
  facet normal 0.000000e+00 -1.000000e+00 0.000000e+00
    outer loop
      vertex   -1.023557e+01 -3.125000e+01 4.789660e+01
      vertex   -9.321543e+00 -3.125000e+01 4.877804e+01
      vertex   -1.045994e+01 -3.125000e+01 4.832410e+01
    endloop
  endfacet
  facet normal 0.000000e+00 -1.000000e+00 0.000000e+00
    outer loop
      vertex   -1.045994e+01 -3.125000e+01 4.832410e+01
      vertex   -9.321543e+00 -3.125000e+01 4.877804e+01
      vertex   -1.061283e+01 -3.125000e+01 4.878205e+01
    endloop
  endfacet
  facet normal 0.000000e+00 -1.000000e+00 0.000000e+00
    outer loop
      vertex   -1.061283e+01 -3.125000e+01 4.878205e+01
      vertex   -9.321543e+00 -3.125000e+01 4.877804e+01
      vertex   -9.436212e+00 -3.125000e+01 4.913096e+01
    endloop
  endfacet
  facet normal 0.000000e+00 -1.000000e+00 0.000000e+00
    outer loop
      vertex   -1.061283e+01 -3.125000e+01 4.878205e+01
      vertex   -9.436212e+00 -3.125000e+01 4.913096e+01
      vertex   -1.069027e+01 -3.125000e+01 4.925860e+01
    endloop
  endfacet
  facet normal 0.000000e+00 -1.000000e+00 0.000000e+00
    outer loop
      vertex   -1.069027e+01 -3.125000e+01 4.925860e+01
      vertex   -9.436212e+00 -3.125000e+01 4.913096e+01
      vertex   -9.475000e+00 -3.125000e+01 4.950000e+01
    endloop
  endfacet
  facet normal 0.000000e+00 -1.000000e+00 0.000000e+00
    outer loop
      vertex   -1.069027e+01 -3.125000e+01 4.925860e+01
      vertex   -9.475000e+00 -3.125000e+01 4.950000e+01
      vertex   -1.069027e+01 -3.125000e+01 4.974140e+01
    endloop
  endfacet
  facet normal 0.000000e+00 -1.000000e+00 0.000000e+00
    outer loop
      vertex   -1.069027e+01 -3.125000e+01 4.974140e+01
      vertex   -9.475000e+00 -3.125000e+01 4.950000e+01
      vertex   -9.436212e+00 -3.125000e+01 4.986904e+01
    endloop
  endfacet
  facet normal 0.000000e+00 -1.000000e+00 0.000000e+00
    outer loop
      vertex   -1.069027e+01 -3.125000e+01 4.974140e+01
      vertex   -9.436212e+00 -3.125000e+01 4.986904e+01
      vertex   -1.061283e+01 -3.125000e+01 5.021795e+01
    endloop
  endfacet
  facet normal 0.000000e+00 -1.000000e+00 0.000000e+00
    outer loop
      vertex   -1.061283e+01 -3.125000e+01 5.021795e+01
      vertex   -9.436212e+00 -3.125000e+01 4.986904e+01
      vertex   -9.321543e+00 -3.125000e+01 5.022196e+01
    endloop
  endfacet
  facet normal 0.000000e+00 -1.000000e+00 0.000000e+00
    outer loop
      vertex   -1.061283e+01 -3.125000e+01 5.021795e+01
      vertex   -9.321543e+00 -3.125000e+01 5.022196e+01
      vertex   -1.045994e+01 -3.125000e+01 5.067590e+01
    endloop
  endfacet
  facet normal 0.000000e+00 -1.000000e+00 0.000000e+00
    outer loop
      vertex   -1.045994e+01 -3.125000e+01 5.067590e+01
      vertex   -9.321543e+00 -3.125000e+01 5.022196e+01
      vertex   -1.023557e+01 -3.125000e+01 5.110340e+01
    endloop
  endfacet
  facet normal 0.000000e+00 -1.000000e+00 0.000000e+00
    outer loop
      vertex   -1.023557e+01 -3.125000e+01 5.110340e+01
      vertex   -9.321543e+00 -3.125000e+01 5.022196e+01
      vertex   -9.136005e+00 -3.125000e+01 5.054332e+01
    endloop
  endfacet
  facet normal 0.000000e+00 -1.000000e+00 0.000000e+00
    outer loop
      vertex   -1.023557e+01 -3.125000e+01 5.110340e+01
      vertex   -9.136005e+00 -3.125000e+01 5.054332e+01
      vertex   -9.945532e+00 -3.125000e+01 5.148937e+01
    endloop
  endfacet
  facet normal 0.000000e+00 -1.000000e+00 0.000000e+00
    outer loop
      vertex   -9.945532e+00 -3.125000e+01 5.148937e+01
      vertex   -9.136005e+00 -3.125000e+01 5.054332e+01
      vertex   -8.887707e+00 -3.125000e+01 5.081908e+01
    endloop
  endfacet
  facet normal 0.000000e+00 -1.000000e+00 0.000000e+00
    outer loop
      vertex   -9.945532e+00 -3.125000e+01 5.148937e+01
      vertex   -8.887707e+00 -3.125000e+01 5.081908e+01
      vertex   -9.597336e+00 -3.125000e+01 5.182381e+01
    endloop
  endfacet
  facet normal 0.000000e+00 -1.000000e+00 0.000000e+00
    outer loop
      vertex   -9.597336e+00 -3.125000e+01 5.182381e+01
      vertex   -8.887707e+00 -3.125000e+01 5.081908e+01
      vertex   -8.587500e+00 -3.125000e+01 5.103720e+01
    endloop
  endfacet
  facet normal 0.000000e+00 -1.000000e+00 0.000000e+00
    outer loop
      vertex   -9.597336e+00 -3.125000e+01 5.182381e+01
      vertex   -8.587500e+00 -3.125000e+01 5.103720e+01
      vertex   -9.200000e+00 -3.125000e+01 5.209808e+01
    endloop
  endfacet
  facet normal 0.000000e+00 -1.000000e+00 0.000000e+00
    outer loop
      vertex   -9.200000e+00 -3.125000e+01 5.209808e+01
      vertex   -8.587500e+00 -3.125000e+01 5.103720e+01
      vertex   -8.763815e+00 -3.125000e+01 5.230505e+01
    endloop
  endfacet
  facet normal 0.000000e+00 -1.000000e+00 0.000000e+00
    outer loop
      vertex   -8.763815e+00 -3.125000e+01 5.230505e+01
      vertex   -8.587500e+00 -3.125000e+01 5.103720e+01
      vertex   -8.248505e+00 -3.125000e+01 5.118813e+01
    endloop
  endfacet
  facet normal 0.000000e+00 -1.000000e+00 0.000000e+00
    outer loop
      vertex   -8.763815e+00 -3.125000e+01 5.230505e+01
      vertex   -8.248505e+00 -3.125000e+01 5.118813e+01
      vertex   -8.300077e+00 -3.125000e+01 5.243937e+01
    endloop
  endfacet
  facet normal 0.000000e+00 -1.000000e+00 0.000000e+00
    outer loop
      vertex   -8.300077e+00 -3.125000e+01 5.243937e+01
      vertex   -8.248505e+00 -3.125000e+01 5.118813e+01
      vertex   -7.885538e+00 -3.125000e+01 5.126528e+01
    endloop
  endfacet
  facet normal 0.000000e+00 -1.000000e+00 0.000000e+00
    outer loop
      vertex   -8.300077e+00 -3.125000e+01 5.243937e+01
      vertex   -7.885538e+00 -3.125000e+01 5.126528e+01
      vertex   -7.820798e+00 -3.125000e+01 5.249757e+01
    endloop
  endfacet
  facet normal 0.000000e+00 -1.000000e+00 -0.000000e+00
    outer loop
      vertex   -7.820798e+00 -3.125000e+01 5.249757e+01
      vertex   -7.885538e+00 -3.125000e+01 5.126528e+01
      vertex   -7.514462e+00 -3.125000e+01 5.126528e+01
    endloop
  endfacet
  facet normal 0.000000e+00 -1.000000e+00 0.000000e+00
    outer loop
      vertex   -7.820798e+00 -3.125000e+01 5.249757e+01
      vertex   -7.514462e+00 -3.125000e+01 5.126528e+01
      vertex   -7.338390e+00 -3.125000e+01 5.247813e+01
    endloop
  endfacet
  facet normal 0.000000e+00 -1.000000e+00 -0.000000e+00
    outer loop
      vertex   -7.338390e+00 -3.125000e+01 5.247813e+01
      vertex   -7.514462e+00 -3.125000e+01 5.126528e+01
      vertex   -6.865348e+00 -3.125000e+01 5.238155e+01
    endloop
  endfacet
  facet normal 0.000000e+00 -1.000000e+00 0.000000e+00
    outer loop
      vertex   -6.865348e+00 -3.125000e+01 5.238155e+01
      vertex   -7.514462e+00 -3.125000e+01 5.126528e+01
      vertex   -7.151495e+00 -3.125000e+01 5.118813e+01
    endloop
  endfacet
  facet normal 0.000000e+00 -1.000000e+00 -0.000000e+00
    outer loop
      vertex   -6.865348e+00 -3.125000e+01 5.238155e+01
      vertex   -7.151495e+00 -3.125000e+01 5.118813e+01
      vertex   -6.413922e+00 -3.125000e+01 5.221035e+01
    endloop
  endfacet
  facet normal 0.000000e+00 -1.000000e+00 0.000000e+00
    outer loop
      vertex   -6.413922e+00 -3.125000e+01 5.221035e+01
      vertex   -7.151495e+00 -3.125000e+01 5.118813e+01
      vertex   -6.812500e+00 -3.125000e+01 5.103720e+01
    endloop
  endfacet
  facet normal 0.000000e+00 -1.000000e+00 -0.000000e+00
    outer loop
      vertex   -6.413922e+00 -3.125000e+01 5.221035e+01
      vertex   -6.812500e+00 -3.125000e+01 5.103720e+01
      vertex   -5.995806e+00 -3.125000e+01 5.196895e+01
    endloop
  endfacet
  facet normal 0.000000e+00 -1.000000e+00 0.000000e+00
    outer loop
      vertex   -5.995806e+00 -3.125000e+01 5.196895e+01
      vertex   -6.812500e+00 -3.125000e+01 5.103720e+01
      vertex   -6.512293e+00 -3.125000e+01 5.081908e+01
    endloop
  endfacet
  facet normal 0.000000e+00 -1.000000e+00 -0.000000e+00
    outer loop
      vertex   -5.995806e+00 -3.125000e+01 5.196895e+01
      vertex   -6.512293e+00 -3.125000e+01 5.081908e+01
      vertex   -5.621827e+00 -3.125000e+01 5.166361e+01
    endloop
  endfacet
  facet normal 0.000000e+00 -1.000000e+00 0.000000e+00
    outer loop
      vertex   -5.621827e+00 -3.125000e+01 5.166361e+01
      vertex   -6.512293e+00 -3.125000e+01 5.081908e+01
      vertex   -6.263995e+00 -3.125000e+01 5.054332e+01
    endloop
  endfacet
  facet normal 0.000000e+00 -1.000000e+00 -0.000000e+00
    outer loop
      vertex   -5.621827e+00 -3.125000e+01 5.166361e+01
      vertex   -6.263995e+00 -3.125000e+01 5.054332e+01
      vertex   -5.301672e+00 -3.125000e+01 5.130223e+01
    endloop
  endfacet
  facet normal 0.000000e+00 -1.000000e+00 -0.000000e+00
    outer loop
      vertex   -5.301672e+00 -3.125000e+01 5.130223e+01
      vertex   -6.263995e+00 -3.125000e+01 5.054332e+01
      vertex   -5.043632e+00 -3.125000e+01 5.089417e+01
    endloop
  endfacet
  facet normal 0.000000e+00 -1.000000e+00 0.000000e+00
    outer loop
      vertex   -5.043632e+00 -3.125000e+01 5.089417e+01
      vertex   -6.263995e+00 -3.125000e+01 5.054332e+01
      vertex   -6.078457e+00 -3.125000e+01 5.022196e+01
    endloop
  endfacet
  facet normal 0.000000e+00 -1.000000e+00 -0.000000e+00
    outer loop
      vertex   -5.043632e+00 -3.125000e+01 5.089417e+01
      vertex   -6.078457e+00 -3.125000e+01 5.022196e+01
      vertex   -4.854391e+00 -3.125000e+01 5.045000e+01
    endloop
  endfacet
  facet normal 0.000000e+00 -1.000000e+00 0.000000e+00
    outer loop
      vertex   -4.854391e+00 -3.125000e+01 5.045000e+01
      vertex   -6.078457e+00 -3.125000e+01 5.022196e+01
      vertex   -5.963788e+00 -3.125000e+01 4.986904e+01
    endloop
  endfacet
  facet normal 0.000000e+00 -1.000000e+00 -0.000000e+00
    outer loop
      vertex   -4.854391e+00 -3.125000e+01 5.045000e+01
      vertex   -5.963788e+00 -3.125000e+01 4.986904e+01
      vertex   -4.738849e+00 -3.125000e+01 4.998123e+01
    endloop
  endfacet
  facet normal 0.000000e+00 -1.000000e+00 0.000000e+00
    outer loop
      vertex   -4.738849e+00 -3.125000e+01 4.998123e+01
      vertex   -5.963788e+00 -3.125000e+01 4.986904e+01
      vertex   -5.925000e+00 -3.125000e+01 4.950000e+01
    endloop
  endfacet
  facet normal 1.000000e+00 3.874302e-08 -3.874302e-09
    outer loop
      vertex   -1.937151e-07 -2.925000e+01 2.750000e+00
      vertex   6.123234e-16 -2.925000e+01 5.275000e+01
      vertex   1.224647e-15 -3.425000e+01 2.750000e+00
    endloop
  endfacet
  facet normal 1.000000e+00 1.224647e-16 3.480656e-32
    outer loop
      vertex   1.224647e-15 -3.425000e+01 2.750000e+00
      vertex   6.123234e-16 -2.925000e+01 5.275000e+01
      vertex   1.224647e-15 -3.425000e+01 5.275000e+01
    endloop
  endfacet
  facet normal -9.945219e-01 -1.472188e-16 -1.045285e-01
    outer loop
      vertex   -2.263788e+00 -3.225000e+01 2.861904e+01
      vertex   -2.263788e+00 -2.925000e+01 2.861904e+01
      vertex   -2.225000e+00 -3.225000e+01 2.825000e+01
    endloop
  endfacet
  facet normal -9.945219e-01 0.000000e+00 -1.045285e-01
    outer loop
      vertex   -2.225000e+00 -3.225000e+01 2.825000e+01
      vertex   -2.263788e+00 -2.925000e+01 2.861904e+01
      vertex   -2.225000e+00 -2.925000e+01 2.825000e+01
    endloop
  endfacet
  facet normal -9.945219e-01 0.000000e+00 1.045285e-01
    outer loop
      vertex   -2.225000e+00 -3.225000e+01 2.825000e+01
      vertex   -2.225000e+00 -2.925000e+01 2.825000e+01
      vertex   -2.263788e+00 -3.225000e+01 2.788096e+01
    endloop
  endfacet
  facet normal -9.945219e-01 -2.944376e-16 1.045285e-01
    outer loop
      vertex   -2.263788e+00 -3.225000e+01 2.788096e+01
      vertex   -2.225000e+00 -2.925000e+01 2.825000e+01
      vertex   -2.263788e+00 -2.925000e+01 2.788096e+01
    endloop
  endfacet
  facet normal -9.510565e-01 -2.815693e-16 3.090170e-01
    outer loop
      vertex   -2.263788e+00 -3.225000e+01 2.788096e+01
      vertex   -2.263788e+00 -2.925000e+01 2.788096e+01
      vertex   -2.378457e+00 -3.225000e+01 2.752804e+01
    endloop
  endfacet
  facet normal -9.510565e-01 -2.815693e-16 3.090170e-01
    outer loop
      vertex   -2.378457e+00 -3.225000e+01 2.752804e+01
      vertex   -2.263788e+00 -2.925000e+01 2.788096e+01
      vertex   -2.378457e+00 -2.925000e+01 2.752804e+01
    endloop
  endfacet
  facet normal -8.660254e-01 -2.563950e-16 5.000000e-01
    outer loop
      vertex   -2.378457e+00 -3.225000e+01 2.752804e+01
      vertex   -2.378457e+00 -2.925000e+01 2.752804e+01
      vertex   -2.563995e+00 -3.225000e+01 2.720668e+01
    endloop
  endfacet
  facet normal -8.660254e-01 -2.563950e-16 5.000000e-01
    outer loop
      vertex   -2.563995e+00 -3.225000e+01 2.720668e+01
      vertex   -2.378457e+00 -2.925000e+01 2.752804e+01
      vertex   -2.563995e+00 -2.925000e+01 2.720668e+01
    endloop
  endfacet
  facet normal -7.431448e-01 -2.200151e-16 6.691306e-01
    outer loop
      vertex   -2.563995e+00 -3.225000e+01 2.720668e+01
      vertex   -2.563995e+00 -2.925000e+01 2.720668e+01
      vertex   -2.812293e+00 -3.225000e+01 2.693092e+01
    endloop
  endfacet
  facet normal -7.431448e-01 -1.100075e-16 6.691306e-01
    outer loop
      vertex   -2.812293e+00 -3.225000e+01 2.693092e+01
      vertex   -2.563995e+00 -2.925000e+01 2.720668e+01
      vertex   -2.812293e+00 -2.925000e+01 2.693092e+01
    endloop
  endfacet
  facet normal -5.877853e-01 -8.700970e-17 8.090170e-01
    outer loop
      vertex   -2.812293e+00 -3.225000e+01 2.693092e+01
      vertex   -2.812293e+00 -2.925000e+01 2.693092e+01
      vertex   -3.112500e+00 -3.225000e+01 2.671281e+01
    endloop
  endfacet
  facet normal -5.877853e-01 -8.700970e-17 8.090170e-01
    outer loop
      vertex   -3.112500e+00 -3.225000e+01 2.671281e+01
      vertex   -2.812293e+00 -2.925000e+01 2.693092e+01
      vertex   -3.112500e+00 -2.925000e+01 2.671281e+01
    endloop
  endfacet
  facet normal -4.067366e-01 -6.020912e-17 9.135455e-01
    outer loop
      vertex   -3.112500e+00 -3.225000e+01 2.671281e+01
      vertex   -3.112500e+00 -2.925000e+01 2.671281e+01
      vertex   -3.451495e+00 -3.225000e+01 2.656187e+01
    endloop
  endfacet
  facet normal -4.067366e-01 -6.020912e-17 9.135455e-01
    outer loop
      vertex   -3.451495e+00 -3.225000e+01 2.656187e+01
      vertex   -3.112500e+00 -2.925000e+01 2.671281e+01
      vertex   -3.451495e+00 -2.925000e+01 2.656187e+01
    endloop
  endfacet
  facet normal -2.079117e-01 -3.077711e-17 9.781476e-01
    outer loop
      vertex   -3.451495e+00 -3.225000e+01 2.656187e+01
      vertex   -3.451495e+00 -2.925000e+01 2.656187e+01
      vertex   -3.814462e+00 -3.225000e+01 2.648472e+01
    endloop
  endfacet
  facet normal -2.079117e-01 -3.077711e-17 9.781476e-01
    outer loop
      vertex   -3.814462e+00 -3.225000e+01 2.648472e+01
      vertex   -3.451495e+00 -2.925000e+01 2.656187e+01
      vertex   -3.814462e+00 -2.925000e+01 2.648472e+01
    endloop
  endfacet
  facet normal 0.000000e+00 0.000000e+00 1.000000e+00
    outer loop
      vertex   -3.814462e+00 -3.225000e+01 2.648472e+01
      vertex   -3.814462e+00 -2.925000e+01 2.648472e+01
      vertex   -4.185538e+00 -3.225000e+01 2.648472e+01
    endloop
  endfacet
  facet normal 0.000000e+00 -0.000000e+00 1.000000e+00
    outer loop
      vertex   -4.185538e+00 -3.225000e+01 2.648472e+01
      vertex   -3.814462e+00 -2.925000e+01 2.648472e+01
      vertex   -4.185538e+00 -2.925000e+01 2.648472e+01
    endloop
  endfacet
  facet normal 2.079117e-01 6.155423e-17 9.781476e-01
    outer loop
      vertex   -4.185538e+00 -3.225000e+01 2.648472e+01
      vertex   -4.185538e+00 -2.925000e+01 2.648472e+01
      vertex   -4.548505e+00 -3.225000e+01 2.656187e+01
    endloop
  endfacet
  facet normal 2.079117e-01 6.155423e-17 9.781476e-01
    outer loop
      vertex   -4.548505e+00 -3.225000e+01 2.656187e+01
      vertex   -4.185538e+00 -2.925000e+01 2.648472e+01
      vertex   -4.548505e+00 -2.925000e+01 2.656187e+01
    endloop
  endfacet
  facet normal 4.067366e-01 1.204182e-16 9.135455e-01
    outer loop
      vertex   -4.548505e+00 -3.225000e+01 2.656187e+01
      vertex   -4.548505e+00 -2.925000e+01 2.656187e+01
      vertex   -4.887500e+00 -3.225000e+01 2.671281e+01
    endloop
  endfacet
  facet normal 4.067366e-01 1.204182e-16 9.135455e-01
    outer loop
      vertex   -4.887500e+00 -3.225000e+01 2.671281e+01
      vertex   -4.548505e+00 -2.925000e+01 2.656187e+01
      vertex   -4.887500e+00 -2.925000e+01 2.671281e+01
    endloop
  endfacet
  facet normal 5.877853e-01 1.740194e-16 8.090170e-01
    outer loop
      vertex   -4.887500e+00 -3.225000e+01 2.671281e+01
      vertex   -4.887500e+00 -2.925000e+01 2.671281e+01
      vertex   -5.187707e+00 -3.225000e+01 2.693092e+01
    endloop
  endfacet
  facet normal 5.877853e-01 -0.000000e+00 8.090170e-01
    outer loop
      vertex   -5.187707e+00 -3.225000e+01 2.693092e+01
      vertex   -4.887500e+00 -2.925000e+01 2.671281e+01
      vertex   -5.187707e+00 -2.925000e+01 2.693092e+01
    endloop
  endfacet
  facet normal 7.431448e-01 -0.000000e+00 6.691306e-01
    outer loop
      vertex   -5.187707e+00 -3.225000e+01 2.693092e+01
      vertex   -5.187707e+00 -2.925000e+01 2.693092e+01
      vertex   -5.436005e+00 -3.225000e+01 2.720668e+01
    endloop
  endfacet
  facet normal 7.431448e-01 2.200151e-16 6.691306e-01
    outer loop
      vertex   -5.436005e+00 -3.225000e+01 2.720668e+01
      vertex   -5.187707e+00 -2.925000e+01 2.693092e+01
      vertex   -5.436005e+00 -2.925000e+01 2.720668e+01
    endloop
  endfacet
  facet normal 8.660254e-01 2.563950e-16 5.000000e-01
    outer loop
      vertex   -5.436005e+00 -3.225000e+01 2.720668e+01
      vertex   -5.436005e+00 -2.925000e+01 2.720668e+01
      vertex   -5.621543e+00 -3.225000e+01 2.752804e+01
    endloop
  endfacet
  facet normal 8.660254e-01 -0.000000e+00 5.000000e-01
    outer loop
      vertex   -5.621543e+00 -3.225000e+01 2.752804e+01
      vertex   -5.436005e+00 -2.925000e+01 2.720668e+01
      vertex   -5.621543e+00 -2.925000e+01 2.752804e+01
    endloop
  endfacet
  facet normal 9.510565e-01 -0.000000e+00 3.090170e-01
    outer loop
      vertex   -5.621543e+00 -3.225000e+01 2.752804e+01
      vertex   -5.621543e+00 -2.925000e+01 2.752804e+01
      vertex   -5.736212e+00 -3.225000e+01 2.788096e+01
    endloop
  endfacet
  facet normal 9.510565e-01 -0.000000e+00 3.090170e-01
    outer loop
      vertex   -5.736212e+00 -3.225000e+01 2.788096e+01
      vertex   -5.621543e+00 -2.925000e+01 2.752804e+01
      vertex   -5.736212e+00 -2.925000e+01 2.788096e+01
    endloop
  endfacet
  facet normal 9.945219e-01 -0.000000e+00 1.045285e-01
    outer loop
      vertex   -5.736212e+00 -3.225000e+01 2.788096e+01
      vertex   -5.736212e+00 -2.925000e+01 2.788096e+01
      vertex   -5.775000e+00 -3.225000e+01 2.825000e+01
    endloop
  endfacet
  facet normal 9.945219e-01 -0.000000e+00 1.045285e-01
    outer loop
      vertex   -5.775000e+00 -3.225000e+01 2.825000e+01
      vertex   -5.736212e+00 -2.925000e+01 2.788096e+01
      vertex   -5.775000e+00 -2.925000e+01 2.825000e+01
    endloop
  endfacet
  facet normal 9.945219e-01 0.000000e+00 -1.045285e-01
    outer loop
      vertex   -5.775000e+00 -3.225000e+01 2.825000e+01
      vertex   -5.775000e+00 -2.925000e+01 2.825000e+01
      vertex   -5.736212e+00 -3.225000e+01 2.861904e+01
    endloop
  endfacet
  facet normal 9.945219e-01 0.000000e+00 -1.045285e-01
    outer loop
      vertex   -5.736212e+00 -3.225000e+01 2.861904e+01
      vertex   -5.775000e+00 -2.925000e+01 2.825000e+01
      vertex   -5.736212e+00 -2.925000e+01 2.861904e+01
    endloop
  endfacet
  facet normal 9.510565e-01 0.000000e+00 -3.090170e-01
    outer loop
      vertex   -5.736212e+00 -3.225000e+01 2.861904e+01
      vertex   -5.736212e+00 -2.925000e+01 2.861904e+01
      vertex   -5.621543e+00 -3.225000e+01 2.897196e+01
    endloop
  endfacet
  facet normal 9.510565e-01 2.815693e-16 -3.090170e-01
    outer loop
      vertex   -5.621543e+00 -3.225000e+01 2.897196e+01
      vertex   -5.736212e+00 -2.925000e+01 2.861904e+01
      vertex   -5.621543e+00 -2.925000e+01 2.897196e+01
    endloop
  endfacet
  facet normal 8.660254e-01 2.563950e-16 -5.000000e-01
    outer loop
      vertex   -5.621543e+00 -3.225000e+01 2.897196e+01
      vertex   -5.621543e+00 -2.925000e+01 2.897196e+01
      vertex   -5.436005e+00 -3.225000e+01 2.929332e+01
    endloop
  endfacet
  facet normal 8.660254e-01 2.563950e-16 -5.000000e-01
    outer loop
      vertex   -5.436005e+00 -3.225000e+01 2.929332e+01
      vertex   -5.621543e+00 -2.925000e+01 2.897196e+01
      vertex   -5.436005e+00 -2.925000e+01 2.929332e+01
    endloop
  endfacet
  facet normal 7.431448e-01 2.200151e-16 -6.691306e-01
    outer loop
      vertex   -5.436005e+00 -3.225000e+01 2.929332e+01
      vertex   -5.436005e+00 -2.925000e+01 2.929332e+01
      vertex   -5.187707e+00 -3.225000e+01 2.956908e+01
    endloop
  endfacet
  facet normal 7.431448e-01 4.400301e-16 -6.691306e-01
    outer loop
      vertex   -5.187707e+00 -3.225000e+01 2.956908e+01
      vertex   -5.436005e+00 -2.925000e+01 2.929332e+01
      vertex   -5.187707e+00 -2.925000e+01 2.956908e+01
    endloop
  endfacet
  facet normal 5.877853e-01 3.480388e-16 -8.090170e-01
    outer loop
      vertex   -5.187707e+00 -3.225000e+01 2.956908e+01
      vertex   -5.187707e+00 -2.925000e+01 2.956908e+01
      vertex   -4.887500e+00 -3.225000e+01 2.978720e+01
    endloop
  endfacet
  facet normal 5.877853e-01 0.000000e+00 -8.090170e-01
    outer loop
      vertex   -4.887500e+00 -3.225000e+01 2.978720e+01
      vertex   -5.187707e+00 -2.925000e+01 2.956908e+01
      vertex   -4.887500e+00 -2.925000e+01 2.978720e+01
    endloop
  endfacet
  facet normal 4.067366e-01 0.000000e+00 -9.135455e-01
    outer loop
      vertex   -4.887500e+00 -3.225000e+01 2.978720e+01
      vertex   -4.887500e+00 -2.925000e+01 2.978720e+01
      vertex   -4.548505e+00 -3.225000e+01 2.993813e+01
    endloop
  endfacet
  facet normal 4.067366e-01 1.204182e-16 -9.135455e-01
    outer loop
      vertex   -4.548505e+00 -3.225000e+01 2.993813e+01
      vertex   -4.887500e+00 -2.925000e+01 2.978720e+01
      vertex   -4.548505e+00 -2.925000e+01 2.993813e+01
    endloop
  endfacet
  facet normal 2.079117e-01 6.155423e-17 -9.781476e-01
    outer loop
      vertex   -4.548505e+00 -3.225000e+01 2.993813e+01
      vertex   -4.548505e+00 -2.925000e+01 2.993813e+01
      vertex   -4.185538e+00 -3.225000e+01 3.001528e+01
    endloop
  endfacet
  facet normal 2.079117e-01 6.155423e-17 -9.781476e-01
    outer loop
      vertex   -4.185538e+00 -3.225000e+01 3.001528e+01
      vertex   -4.548505e+00 -2.925000e+01 2.993813e+01
      vertex   -4.185538e+00 -2.925000e+01 3.001528e+01
    endloop
  endfacet
  facet normal 0.000000e+00 0.000000e+00 -1.000000e+00
    outer loop
      vertex   -4.185538e+00 -3.225000e+01 3.001528e+01
      vertex   -4.185538e+00 -2.925000e+01 3.001528e+01
      vertex   -3.814462e+00 -3.225000e+01 3.001528e+01
    endloop
  endfacet
  facet normal 0.000000e+00 0.000000e+00 -1.000000e+00
    outer loop
      vertex   -3.814462e+00 -3.225000e+01 3.001528e+01
      vertex   -4.185538e+00 -2.925000e+01 3.001528e+01
      vertex   -3.814462e+00 -2.925000e+01 3.001528e+01
    endloop
  endfacet
  facet normal -2.079117e-01 -3.077711e-17 -9.781476e-01
    outer loop
      vertex   -3.814462e+00 -3.225000e+01 3.001528e+01
      vertex   -3.814462e+00 -2.925000e+01 3.001528e+01
      vertex   -3.451495e+00 -3.225000e+01 2.993813e+01
    endloop
  endfacet
  facet normal -2.079117e-01 -3.077711e-17 -9.781476e-01
    outer loop
      vertex   -3.451495e+00 -3.225000e+01 2.993813e+01
      vertex   -3.814462e+00 -2.925000e+01 3.001528e+01
      vertex   -3.451495e+00 -2.925000e+01 2.993813e+01
    endloop
  endfacet
  facet normal -4.067366e-01 -6.020912e-17 -9.135455e-01
    outer loop
      vertex   -3.451495e+00 -3.225000e+01 2.993813e+01
      vertex   -3.451495e+00 -2.925000e+01 2.993813e+01
      vertex   -3.112500e+00 -3.225000e+01 2.978720e+01
    endloop
  endfacet
  facet normal -4.067366e-01 -6.020912e-17 -9.135455e-01
    outer loop
      vertex   -3.112500e+00 -3.225000e+01 2.978720e+01
      vertex   -3.451495e+00 -2.925000e+01 2.993813e+01
      vertex   -3.112500e+00 -2.925000e+01 2.978720e+01
    endloop
  endfacet
  facet normal -5.877853e-01 -8.700970e-17 -8.090170e-01
    outer loop
      vertex   -3.112500e+00 -3.225000e+01 2.978720e+01
      vertex   -3.112500e+00 -2.925000e+01 2.978720e+01
      vertex   -2.812293e+00 -3.225000e+01 2.956908e+01
    endloop
  endfacet
  facet normal -5.877853e-01 -1.740194e-16 -8.090170e-01
    outer loop
      vertex   -2.812293e+00 -3.225000e+01 2.956908e+01
      vertex   -3.112500e+00 -2.925000e+01 2.978720e+01
      vertex   -2.812293e+00 -2.925000e+01 2.956908e+01
    endloop
  endfacet
  facet normal -7.431448e-01 -2.200151e-16 -6.691306e-01
    outer loop
      vertex   -2.812293e+00 -3.225000e+01 2.956908e+01
      vertex   -2.812293e+00 -2.925000e+01 2.956908e+01
      vertex   -2.563995e+00 -3.225000e+01 2.929332e+01
    endloop
  endfacet
  facet normal -7.431448e-01 -2.200151e-16 -6.691306e-01
    outer loop
      vertex   -2.563995e+00 -3.225000e+01 2.929332e+01
      vertex   -2.812293e+00 -2.925000e+01 2.956908e+01
      vertex   -2.563995e+00 -2.925000e+01 2.929332e+01
    endloop
  endfacet
  facet normal -8.660254e-01 -2.563950e-16 -5.000000e-01
    outer loop
      vertex   -2.563995e+00 -3.225000e+01 2.929332e+01
      vertex   -2.563995e+00 -2.925000e+01 2.929332e+01
      vertex   -2.378457e+00 -3.225000e+01 2.897196e+01
    endloop
  endfacet
  facet normal -8.660254e-01 -1.281975e-16 -5.000000e-01
    outer loop
      vertex   -2.378457e+00 -3.225000e+01 2.897196e+01
      vertex   -2.563995e+00 -2.925000e+01 2.929332e+01
      vertex   -2.378457e+00 -2.925000e+01 2.897196e+01
    endloop
  endfacet
  facet normal -9.510565e-01 -1.407846e-16 -3.090170e-01
    outer loop
      vertex   -2.378457e+00 -3.225000e+01 2.897196e+01
      vertex   -2.378457e+00 -2.925000e+01 2.897196e+01
      vertex   -2.263788e+00 -3.225000e+01 2.861904e+01
    endloop
  endfacet
  facet normal -9.510565e-01 -1.407846e-16 -3.090170e-01
    outer loop
      vertex   -2.263788e+00 -3.225000e+01 2.861904e+01
      vertex   -2.378457e+00 -2.925000e+01 2.897196e+01
      vertex   -2.263788e+00 -2.925000e+01 2.861904e+01
    endloop
  endfacet
  facet normal -9.945219e-01 0.000000e+00 -1.045285e-01
    outer loop
      vertex   -5.963788e+00 -3.125000e+01 4.986904e+01
      vertex   -5.963788e+00 -2.925000e+01 4.986904e+01
      vertex   -5.925000e+00 -3.125000e+01 4.950000e+01
    endloop
  endfacet
  facet normal -9.945219e-01 0.000000e+00 -1.045285e-01
    outer loop
      vertex   -5.925000e+00 -3.125000e+01 4.950000e+01
      vertex   -5.963788e+00 -2.925000e+01 4.986904e+01
      vertex   -5.925000e+00 -2.925000e+01 4.950000e+01
    endloop
  endfacet
  facet normal -9.945219e-01 0.000000e+00 1.045285e-01
    outer loop
      vertex   -5.925000e+00 -3.125000e+01 4.950000e+01
      vertex   -5.925000e+00 -2.925000e+01 4.950000e+01
      vertex   -5.963788e+00 -3.125000e+01 4.913096e+01
    endloop
  endfacet
  facet normal -9.945219e-01 0.000000e+00 1.045285e-01
    outer loop
      vertex   -5.963788e+00 -3.125000e+01 4.913096e+01
      vertex   -5.925000e+00 -2.925000e+01 4.950000e+01
      vertex   -5.963788e+00 -2.925000e+01 4.913096e+01
    endloop
  endfacet
  facet normal -9.510565e-01 0.000000e+00 3.090170e-01
    outer loop
      vertex   -5.963788e+00 -3.125000e+01 4.913096e+01
      vertex   -5.963788e+00 -2.925000e+01 4.913096e+01
      vertex   -6.078457e+00 -3.125000e+01 4.877804e+01
    endloop
  endfacet
  facet normal -9.510565e-01 0.000000e+00 3.090170e-01
    outer loop
      vertex   -6.078457e+00 -3.125000e+01 4.877804e+01
      vertex   -5.963788e+00 -2.925000e+01 4.913096e+01
      vertex   -6.078457e+00 -2.925000e+01 4.877804e+01
    endloop
  endfacet
  facet normal -8.660254e-01 0.000000e+00 5.000000e-01
    outer loop
      vertex   -6.078457e+00 -3.125000e+01 4.877804e+01
      vertex   -6.078457e+00 -2.925000e+01 4.877804e+01
      vertex   -6.263995e+00 -3.125000e+01 4.845668e+01
    endloop
  endfacet
  facet normal -8.660254e-01 0.000000e+00 5.000000e-01
    outer loop
      vertex   -6.263995e+00 -3.125000e+01 4.845668e+01
      vertex   -6.078457e+00 -2.925000e+01 4.877804e+01
      vertex   -6.263995e+00 -2.925000e+01 4.845668e+01
    endloop
  endfacet
  facet normal -7.431448e-01 0.000000e+00 6.691306e-01
    outer loop
      vertex   -6.263995e+00 -3.125000e+01 4.845668e+01
      vertex   -6.263995e+00 -2.925000e+01 4.845668e+01
      vertex   -6.512293e+00 -3.125000e+01 4.818092e+01
    endloop
  endfacet
  facet normal -7.431448e-01 0.000000e+00 6.691306e-01
    outer loop
      vertex   -6.512293e+00 -3.125000e+01 4.818092e+01
      vertex   -6.263995e+00 -2.925000e+01 4.845668e+01
      vertex   -6.512293e+00 -2.925000e+01 4.818092e+01
    endloop
  endfacet
  facet normal -5.877853e-01 0.000000e+00 8.090170e-01
    outer loop
      vertex   -6.512293e+00 -3.125000e+01 4.818092e+01
      vertex   -6.512293e+00 -2.925000e+01 4.818092e+01
      vertex   -6.812500e+00 -3.125000e+01 4.796281e+01
    endloop
  endfacet
  facet normal -5.877853e-01 0.000000e+00 8.090170e-01
    outer loop
      vertex   -6.812500e+00 -3.125000e+01 4.796281e+01
      vertex   -6.512293e+00 -2.925000e+01 4.818092e+01
      vertex   -6.812500e+00 -2.925000e+01 4.796281e+01
    endloop
  endfacet
  facet normal -4.067366e-01 0.000000e+00 9.135455e-01
    outer loop
      vertex   -6.812500e+00 -3.125000e+01 4.796281e+01
      vertex   -6.812500e+00 -2.925000e+01 4.796281e+01
      vertex   -7.151495e+00 -3.125000e+01 4.781187e+01
    endloop
  endfacet
  facet normal -4.067366e-01 0.000000e+00 9.135455e-01
    outer loop
      vertex   -7.151495e+00 -3.125000e+01 4.781187e+01
      vertex   -6.812500e+00 -2.925000e+01 4.796281e+01
      vertex   -7.151495e+00 -2.925000e+01 4.781187e+01
    endloop
  endfacet
  facet normal -2.079117e-01 0.000000e+00 9.781476e-01
    outer loop
      vertex   -7.151495e+00 -3.125000e+01 4.781187e+01
      vertex   -7.151495e+00 -2.925000e+01 4.781187e+01
      vertex   -7.514462e+00 -3.125000e+01 4.773472e+01
    endloop
  endfacet
  facet normal -2.079117e-01 0.000000e+00 9.781476e-01
    outer loop
      vertex   -7.514462e+00 -3.125000e+01 4.773472e+01
      vertex   -7.151495e+00 -2.925000e+01 4.781187e+01
      vertex   -7.514462e+00 -2.925000e+01 4.773472e+01
    endloop
  endfacet
  facet normal 0.000000e+00 -0.000000e+00 1.000000e+00
    outer loop
      vertex   -7.514462e+00 -3.125000e+01 4.773472e+01
      vertex   -7.514462e+00 -2.925000e+01 4.773472e+01
      vertex   -7.885538e+00 -3.125000e+01 4.773472e+01
    endloop
  endfacet
  facet normal 0.000000e+00 0.000000e+00 1.000000e+00
    outer loop
      vertex   -7.885538e+00 -3.125000e+01 4.773472e+01
      vertex   -7.514462e+00 -2.925000e+01 4.773472e+01
      vertex   -7.885538e+00 -2.925000e+01 4.773472e+01
    endloop
  endfacet
  facet normal 2.079117e-01 -0.000000e+00 9.781476e-01
    outer loop
      vertex   -7.885538e+00 -3.125000e+01 4.773472e+01
      vertex   -7.885538e+00 -2.925000e+01 4.773472e+01
      vertex   -8.248505e+00 -3.125000e+01 4.781187e+01
    endloop
  endfacet
  facet normal 2.079117e-01 -0.000000e+00 9.781476e-01
    outer loop
      vertex   -8.248505e+00 -3.125000e+01 4.781187e+01
      vertex   -7.885538e+00 -2.925000e+01 4.773472e+01
      vertex   -8.248505e+00 -2.925000e+01 4.781187e+01
    endloop
  endfacet
  facet normal 4.067366e-01 -0.000000e+00 9.135455e-01
    outer loop
      vertex   -8.248505e+00 -3.125000e+01 4.781187e+01
      vertex   -8.248505e+00 -2.925000e+01 4.781187e+01
      vertex   -8.587500e+00 -3.125000e+01 4.796281e+01
    endloop
  endfacet
  facet normal 4.067366e-01 -0.000000e+00 9.135455e-01
    outer loop
      vertex   -8.587500e+00 -3.125000e+01 4.796281e+01
      vertex   -8.248505e+00 -2.925000e+01 4.781187e+01
      vertex   -8.587500e+00 -2.925000e+01 4.796281e+01
    endloop
  endfacet
  facet normal 5.877853e-01 -0.000000e+00 8.090170e-01
    outer loop
      vertex   -8.587500e+00 -3.125000e+01 4.796281e+01
      vertex   -8.587500e+00 -2.925000e+01 4.796281e+01
      vertex   -8.887707e+00 -3.125000e+01 4.818092e+01
    endloop
  endfacet
  facet normal 5.877853e-01 -0.000000e+00 8.090170e-01
    outer loop
      vertex   -8.887707e+00 -3.125000e+01 4.818092e+01
      vertex   -8.587500e+00 -2.925000e+01 4.796281e+01
      vertex   -8.887707e+00 -2.925000e+01 4.818092e+01
    endloop
  endfacet
  facet normal 7.431448e-01 -0.000000e+00 6.691306e-01
    outer loop
      vertex   -8.887707e+00 -3.125000e+01 4.818092e+01
      vertex   -8.887707e+00 -2.925000e+01 4.818092e+01
      vertex   -9.136005e+00 -3.125000e+01 4.845668e+01
    endloop
  endfacet
  facet normal 7.431448e-01 -0.000000e+00 6.691306e-01
    outer loop
      vertex   -9.136005e+00 -3.125000e+01 4.845668e+01
      vertex   -8.887707e+00 -2.925000e+01 4.818092e+01
      vertex   -9.136005e+00 -2.925000e+01 4.845668e+01
    endloop
  endfacet
  facet normal 8.660254e-01 -0.000000e+00 5.000000e-01
    outer loop
      vertex   -9.136005e+00 -3.125000e+01 4.845668e+01
      vertex   -9.136005e+00 -2.925000e+01 4.845668e+01
      vertex   -9.321543e+00 -3.125000e+01 4.877804e+01
    endloop
  endfacet
  facet normal 8.660254e-01 -0.000000e+00 5.000000e-01
    outer loop
      vertex   -9.321543e+00 -3.125000e+01 4.877804e+01
      vertex   -9.136005e+00 -2.925000e+01 4.845668e+01
      vertex   -9.321543e+00 -2.925000e+01 4.877804e+01
    endloop
  endfacet
  facet normal 9.510565e-01 -0.000000e+00 3.090170e-01
    outer loop
      vertex   -9.321543e+00 -3.125000e+01 4.877804e+01
      vertex   -9.321543e+00 -2.925000e+01 4.877804e+01
      vertex   -9.436212e+00 -3.125000e+01 4.913096e+01
    endloop
  endfacet
  facet normal 9.510565e-01 -0.000000e+00 3.090170e-01
    outer loop
      vertex   -9.436212e+00 -3.125000e+01 4.913096e+01
      vertex   -9.321543e+00 -2.925000e+01 4.877804e+01
      vertex   -9.436212e+00 -2.925000e+01 4.913096e+01
    endloop
  endfacet
  facet normal 9.945219e-01 -0.000000e+00 1.045285e-01
    outer loop
      vertex   -9.436212e+00 -3.125000e+01 4.913096e+01
      vertex   -9.436212e+00 -2.925000e+01 4.913096e+01
      vertex   -9.475000e+00 -3.125000e+01 4.950000e+01
    endloop
  endfacet
  facet normal 9.945219e-01 -0.000000e+00 1.045285e-01
    outer loop
      vertex   -9.475000e+00 -3.125000e+01 4.950000e+01
      vertex   -9.436212e+00 -2.925000e+01 4.913096e+01
      vertex   -9.475000e+00 -2.925000e+01 4.950000e+01
    endloop
  endfacet
  facet normal 9.945219e-01 0.000000e+00 -1.045285e-01
    outer loop
      vertex   -9.475000e+00 -3.125000e+01 4.950000e+01
      vertex   -9.475000e+00 -2.925000e+01 4.950000e+01
      vertex   -9.436212e+00 -3.125000e+01 4.986904e+01
    endloop
  endfacet
  facet normal 9.945219e-01 0.000000e+00 -1.045285e-01
    outer loop
      vertex   -9.436212e+00 -3.125000e+01 4.986904e+01
      vertex   -9.475000e+00 -2.925000e+01 4.950000e+01
      vertex   -9.436212e+00 -2.925000e+01 4.986904e+01
    endloop
  endfacet
  facet normal 9.510565e-01 0.000000e+00 -3.090170e-01
    outer loop
      vertex   -9.436212e+00 -3.125000e+01 4.986904e+01
      vertex   -9.436212e+00 -2.925000e+01 4.986904e+01
      vertex   -9.321543e+00 -3.125000e+01 5.022196e+01
    endloop
  endfacet
  facet normal 9.510565e-01 0.000000e+00 -3.090170e-01
    outer loop
      vertex   -9.321543e+00 -3.125000e+01 5.022196e+01
      vertex   -9.436212e+00 -2.925000e+01 4.986904e+01
      vertex   -9.321543e+00 -2.925000e+01 5.022196e+01
    endloop
  endfacet
  facet normal 8.660254e-01 0.000000e+00 -5.000000e-01
    outer loop
      vertex   -9.321543e+00 -3.125000e+01 5.022196e+01
      vertex   -9.321543e+00 -2.925000e+01 5.022196e+01
      vertex   -9.136005e+00 -3.125000e+01 5.054332e+01
    endloop
  endfacet
  facet normal 8.660254e-01 0.000000e+00 -5.000000e-01
    outer loop
      vertex   -9.136005e+00 -3.125000e+01 5.054332e+01
      vertex   -9.321543e+00 -2.925000e+01 5.022196e+01
      vertex   -9.136005e+00 -2.925000e+01 5.054332e+01
    endloop
  endfacet
  facet normal 7.431448e-01 0.000000e+00 -6.691306e-01
    outer loop
      vertex   -9.136005e+00 -3.125000e+01 5.054332e+01
      vertex   -9.136005e+00 -2.925000e+01 5.054332e+01
      vertex   -8.887707e+00 -3.125000e+01 5.081908e+01
    endloop
  endfacet
  facet normal 7.431448e-01 0.000000e+00 -6.691306e-01
    outer loop
      vertex   -8.887707e+00 -3.125000e+01 5.081908e+01
      vertex   -9.136005e+00 -2.925000e+01 5.054332e+01
      vertex   -8.887707e+00 -2.925000e+01 5.081908e+01
    endloop
  endfacet
  facet normal 5.877853e-01 0.000000e+00 -8.090170e-01
    outer loop
      vertex   -8.887707e+00 -3.125000e+01 5.081908e+01
      vertex   -8.887707e+00 -2.925000e+01 5.081908e+01
      vertex   -8.587500e+00 -3.125000e+01 5.103720e+01
    endloop
  endfacet
  facet normal 5.877853e-01 0.000000e+00 -8.090170e-01
    outer loop
      vertex   -8.587500e+00 -3.125000e+01 5.103720e+01
      vertex   -8.887707e+00 -2.925000e+01 5.081908e+01
      vertex   -8.587500e+00 -2.925000e+01 5.103720e+01
    endloop
  endfacet
  facet normal 4.067366e-01 0.000000e+00 -9.135455e-01
    outer loop
      vertex   -8.587500e+00 -3.125000e+01 5.103720e+01
      vertex   -8.587500e+00 -2.925000e+01 5.103720e+01
      vertex   -8.248505e+00 -3.125000e+01 5.118813e+01
    endloop
  endfacet
  facet normal 4.067366e-01 0.000000e+00 -9.135455e-01
    outer loop
      vertex   -8.248505e+00 -3.125000e+01 5.118813e+01
      vertex   -8.587500e+00 -2.925000e+01 5.103720e+01
      vertex   -8.248505e+00 -2.925000e+01 5.118813e+01
    endloop
  endfacet
  facet normal 2.079117e-01 0.000000e+00 -9.781476e-01
    outer loop
      vertex   -8.248505e+00 -3.125000e+01 5.118813e+01
      vertex   -8.248505e+00 -2.925000e+01 5.118813e+01
      vertex   -7.885538e+00 -3.125000e+01 5.126528e+01
    endloop
  endfacet
  facet normal 2.079117e-01 0.000000e+00 -9.781476e-01
    outer loop
      vertex   -7.885538e+00 -3.125000e+01 5.126528e+01
      vertex   -8.248505e+00 -2.925000e+01 5.118813e+01
      vertex   -7.885538e+00 -2.925000e+01 5.126528e+01
    endloop
  endfacet
  facet normal 0.000000e+00 0.000000e+00 -1.000000e+00
    outer loop
      vertex   -7.885538e+00 -3.125000e+01 5.126528e+01
      vertex   -7.885538e+00 -2.925000e+01 5.126528e+01
      vertex   -7.514462e+00 -3.125000e+01 5.126528e+01
    endloop
  endfacet
  facet normal 0.000000e+00 0.000000e+00 -1.000000e+00
    outer loop
      vertex   -7.514462e+00 -3.125000e+01 5.126528e+01
      vertex   -7.885538e+00 -2.925000e+01 5.126528e+01
      vertex   -7.514462e+00 -2.925000e+01 5.126528e+01
    endloop
  endfacet
  facet normal -2.079117e-01 0.000000e+00 -9.781476e-01
    outer loop
      vertex   -7.514462e+00 -3.125000e+01 5.126528e+01
      vertex   -7.514462e+00 -2.925000e+01 5.126528e+01
      vertex   -7.151495e+00 -3.125000e+01 5.118813e+01
    endloop
  endfacet
  facet normal -2.079117e-01 0.000000e+00 -9.781476e-01
    outer loop
      vertex   -7.151495e+00 -3.125000e+01 5.118813e+01
      vertex   -7.514462e+00 -2.925000e+01 5.126528e+01
      vertex   -7.151495e+00 -2.925000e+01 5.118813e+01
    endloop
  endfacet
  facet normal -4.067366e-01 0.000000e+00 -9.135455e-01
    outer loop
      vertex   -7.151495e+00 -3.125000e+01 5.118813e+01
      vertex   -7.151495e+00 -2.925000e+01 5.118813e+01
      vertex   -6.812500e+00 -3.125000e+01 5.103720e+01
    endloop
  endfacet
  facet normal -4.067366e-01 0.000000e+00 -9.135455e-01
    outer loop
      vertex   -6.812500e+00 -3.125000e+01 5.103720e+01
      vertex   -7.151495e+00 -2.925000e+01 5.118813e+01
      vertex   -6.812500e+00 -2.925000e+01 5.103720e+01
    endloop
  endfacet
  facet normal -5.877853e-01 0.000000e+00 -8.090170e-01
    outer loop
      vertex   -6.812500e+00 -3.125000e+01 5.103720e+01
      vertex   -6.812500e+00 -2.925000e+01 5.103720e+01
      vertex   -6.512293e+00 -3.125000e+01 5.081908e+01
    endloop
  endfacet
  facet normal -5.877853e-01 0.000000e+00 -8.090170e-01
    outer loop
      vertex   -6.512293e+00 -3.125000e+01 5.081908e+01
      vertex   -6.812500e+00 -2.925000e+01 5.103720e+01
      vertex   -6.512293e+00 -2.925000e+01 5.081908e+01
    endloop
  endfacet
  facet normal -7.431448e-01 0.000000e+00 -6.691306e-01
    outer loop
      vertex   -6.512293e+00 -3.125000e+01 5.081908e+01
      vertex   -6.512293e+00 -2.925000e+01 5.081908e+01
      vertex   -6.263995e+00 -3.125000e+01 5.054332e+01
    endloop
  endfacet
  facet normal -7.431448e-01 0.000000e+00 -6.691306e-01
    outer loop
      vertex   -6.263995e+00 -3.125000e+01 5.054332e+01
      vertex   -6.512293e+00 -2.925000e+01 5.081908e+01
      vertex   -6.263995e+00 -2.925000e+01 5.054332e+01
    endloop
  endfacet
  facet normal -8.660254e-01 0.000000e+00 -5.000000e-01
    outer loop
      vertex   -6.263995e+00 -3.125000e+01 5.054332e+01
      vertex   -6.263995e+00 -2.925000e+01 5.054332e+01
      vertex   -6.078457e+00 -3.125000e+01 5.022196e+01
    endloop
  endfacet
  facet normal -8.660254e-01 0.000000e+00 -5.000000e-01
    outer loop
      vertex   -6.078457e+00 -3.125000e+01 5.022196e+01
      vertex   -6.263995e+00 -2.925000e+01 5.054332e+01
      vertex   -6.078457e+00 -2.925000e+01 5.022196e+01
    endloop
  endfacet
  facet normal -9.510565e-01 0.000000e+00 -3.090170e-01
    outer loop
      vertex   -6.078457e+00 -3.125000e+01 5.022196e+01
      vertex   -6.078457e+00 -2.925000e+01 5.022196e+01
      vertex   -5.963788e+00 -3.125000e+01 4.986904e+01
    endloop
  endfacet
  facet normal -9.510565e-01 0.000000e+00 -3.090170e-01
    outer loop
      vertex   -5.963788e+00 -3.125000e+01 4.986904e+01
      vertex   -6.078457e+00 -2.925000e+01 5.022196e+01
      vertex   -5.963788e+00 -2.925000e+01 4.986904e+01
    endloop
  endfacet
endsolid
