solid ASCII
  facet normal -7.047600e-01 -7.079404e-01 4.619241e-02
    outer loop
      vertex   -5.286320e+00 -3.215000e+01 2.039268e+01
      vertex   -4.785963e+00 -3.265000e+01 2.036369e+01
      vertex   -5.249961e+00 -3.215000e+01 2.094741e+01
    endloop
  endfacet
  facet normal -7.064353e-01 -7.064353e-01 4.357143e-02
    outer loop
      vertex   -5.249961e+00 -3.215000e+01 2.094741e+01
      vertex   -4.785963e+00 -3.265000e+01 2.036369e+01
      vertex   -4.749961e+00 -3.265000e+01 2.094741e+01
    endloop
  endfacet
  facet normal -7.064353e-01 -7.064353e-01 -4.357143e-02
    outer loop
      vertex   -5.249961e+00 -3.215000e+01 2.094741e+01
      vertex   -4.749961e+00 -3.265000e+01 2.094741e+01
      vertex   -4.785963e+00 -3.265000e+01 2.153113e+01
    endloop
  endfacet
  facet normal -6.970417e-01 -7.050921e-01 1.302997e-01
    outer loop
      vertex   -4.785963e+00 -3.265000e+01 2.036369e+01
      vertex   -5.286320e+00 -3.215000e+01 2.039268e+01
      vertex   -4.893425e+00 -3.265000e+01 1.978882e+01
    endloop
  endfacet
  facet normal -6.913378e-01 -7.093247e-01 1.375156e-01
    outer loop
      vertex   -4.893425e+00 -3.265000e+01 1.978882e+01
      vertex   -5.286320e+00 -3.215000e+01 2.039268e+01
      vertex   -5.394776e+00 -3.215000e+01 1.984743e+01
    endloop
  endfacet
  facet normal -6.768534e-01 -7.039216e-01 2.153226e-01
    outer loop
      vertex   -4.893425e+00 -3.265000e+01 1.978882e+01
      vertex   -5.394776e+00 -3.215000e+01 1.984743e+01
      vertex   -5.070718e+00 -3.265000e+01 1.923151e+01
    endloop
  endfacet
  facet normal -6.663474e-01 -7.105049e-01 2.261945e-01
    outer loop
      vertex   -5.070718e+00 -3.265000e+01 1.923151e+01
      vertex   -5.394776e+00 -3.215000e+01 1.984743e+01
      vertex   -5.573473e+00 -3.215000e+01 1.932101e+01
    endloop
  endfacet
  facet normal -6.461572e-01 -7.029266e-01 2.972795e-01
    outer loop
      vertex   -5.070718e+00 -3.265000e+01 1.923151e+01
      vertex   -5.573473e+00 -3.215000e+01 1.932101e+01
      vertex   -5.315153e+00 -3.265000e+01 1.870022e+01
    endloop
  endfacet
  facet normal -6.302346e-01 -7.114839e-01 3.107973e-01
    outer loop
      vertex   -5.315153e+00 -3.265000e+01 1.870022e+01
      vertex   -5.573473e+00 -3.215000e+01 1.932101e+01
      vertex   -5.819353e+00 -3.215000e+01 1.882241e+01
    endloop
  endfacet
  facet normal -6.054133e-01 -7.021094e-01 3.748561e-01
    outer loop
      vertex   -5.315153e+00 -3.265000e+01 1.870022e+01
      vertex   -5.819353e+00 -3.215000e+01 1.882241e+01
      vertex   -5.623026e+00 -3.265000e+01 1.820299e+01
    endloop
  endfacet
  facet normal -5.836180e-01 -7.122642e-01 3.899611e-01
    outer loop
      vertex   -5.623026e+00 -3.265000e+01 1.820299e+01
      vertex   -5.819353e+00 -3.215000e+01 1.882241e+01
      vertex   -6.128209e+00 -3.215000e+01 1.836018e+01
    endloop
  endfacet
  facet normal -5.552486e-01 -7.014718e-01 4.468069e-01
    outer loop
      vertex   -5.623026e+00 -3.265000e+01 1.820299e+01
      vertex   -6.128209e+00 -3.215000e+01 1.836018e+01
      vertex   -5.989669e+00 -3.265000e+01 1.774736e+01
    endloop
  endfacet
  facet normal -5.272794e-01 -7.128478e-01 4.624116e-01
    outer loop
      vertex   -5.989669e+00 -3.265000e+01 1.774736e+01
      vertex   -6.128209e+00 -3.215000e+01 1.836018e+01
      vertex   -6.494757e+00 -3.215000e+01 1.794221e+01
    endloop
  endfacet
  facet normal -4.964453e-01 -7.010153e-01 5.119762e-01
    outer loop
      vertex   -5.989669e+00 -3.265000e+01 1.774736e+01
      vertex   -6.494757e+00 -3.215000e+01 1.794221e+01
      vertex   -6.409524e+00 -3.265000e+01 1.734024e+01
    endloop
  endfacet
  facet normal -4.621513e-01 -7.132360e-01 5.269825e-01
    outer loop
      vertex   -6.409524e+00 -3.265000e+01 1.734024e+01
      vertex   -6.494757e+00 -3.215000e+01 1.794221e+01
      vertex   -6.912725e+00 -3.215000e+01 1.757566e+01
    endloop
  endfacet
  facet normal -4.299291e-01 -7.007410e-01 5.693181e-01
    outer loop
      vertex   -6.409524e+00 -3.265000e+01 1.734024e+01
      vertex   -6.912725e+00 -3.215000e+01 1.757566e+01
      vertex   -6.876227e+00 -3.265000e+01 1.698780e+01
    endloop
  endfacet
  facet normal -3.893028e-01 -7.134299e-01 5.826329e-01
    outer loop
      vertex   -6.876227e+00 -3.265000e+01 1.698780e+01
      vertex   -6.912725e+00 -3.215000e+01 1.757566e+01
      vertex   -7.374961e+00 -3.215000e+01 1.726680e+01
    endloop
  endfacet
  facet normal -3.567528e-01 -7.006495e-01 6.179140e-01
    outer loop
      vertex   -6.876227e+00 -3.265000e+01 1.698780e+01
      vertex   -7.374961e+00 -3.215000e+01 1.726680e+01
      vertex   -7.382704e+00 -3.265000e+01 1.669539e+01
    endloop
  endfacet
  facet normal -3.099235e-01 -7.134299e-01 6.284626e-01
    outer loop
      vertex   -7.382704e+00 -3.265000e+01 1.669539e+01
      vertex   -7.374961e+00 -3.215000e+01 1.726680e+01
      vertex   -7.873556e+00 -3.215000e+01 1.702092e+01
    endloop
  endfacet
  facet normal -2.780794e-01 -7.007410e-01 6.569885e-01
    outer loop
      vertex   -7.382704e+00 -3.265000e+01 1.669539e+01
      vertex   -7.873556e+00 -3.215000e+01 1.702092e+01
      vertex   -7.921276e+00 -3.265000e+01 1.646743e+01
    endloop
  endfacet
  facet normal -2.253046e-01 -7.132360e-01 6.637260e-01
    outer loop
      vertex   -7.921276e+00 -3.265000e+01 1.646743e+01
      vertex   -7.873556e+00 -3.215000e+01 1.702092e+01
      vertex   -8.399980e+00 -3.215000e+01 1.684223e+01
    endloop
  endfacet
  facet normal -1.951617e-01 -7.010153e-01 6.859223e-01
    outer loop
      vertex   -7.921276e+00 -3.265000e+01 1.646743e+01
      vertex   -8.399980e+00 -3.215000e+01 1.684223e+01
      vertex   -8.483779e+00 -3.265000e+01 1.630738e+01
    endloop
  endfacet
  facet normal -1.368205e-01 -7.128478e-01 6.878431e-01
    outer loop
      vertex   -8.483779e+00 -3.265000e+01 1.630738e+01
      vertex   -8.399980e+00 -3.215000e+01 1.684223e+01
      vertex   -8.945225e+00 -3.215000e+01 1.673377e+01
    endloop
  endfacet
  facet normal -1.093218e-01 -7.014718e-01 7.042628e-01
    outer loop
      vertex   -8.483779e+00 -3.265000e+01 1.630738e+01
      vertex   -8.945225e+00 -3.215000e+01 1.673377e+01
      vertex   -9.061686e+00 -3.265000e+01 1.621767e+01
    endloop
  endfacet
  facet normal -4.590720e-02 -7.122642e-01 7.004086e-01
    outer loop
      vertex   -9.061686e+00 -3.265000e+01 1.621767e+01
      vertex   -8.945225e+00 -3.215000e+01 1.673377e+01
      vertex   -9.499961e+00 -3.215000e+01 1.669741e+01
    endloop
  endfacet
  facet normal -2.192821e-02 -7.021094e-01 7.117314e-01
    outer loop
      vertex   -9.061686e+00 -3.265000e+01 1.621767e+01
      vertex   -9.499961e+00 -3.215000e+01 1.669741e+01
      vertex   -9.646237e+00 -3.265000e+01 1.619966e+01
    endloop
  endfacet
  facet normal 4.595893e-02 -7.114839e-01 7.011978e-01
    outer loop
      vertex   -9.646237e+00 -3.265000e+01 1.619966e+01
      vertex   -9.499961e+00 -3.215000e+01 1.669741e+01
      vertex   -1.005470e+01 -3.215000e+01 1.673377e+01
    endloop
  endfacet
  facet normal 6.562701e-02 -7.029266e-01 7.082282e-01
    outer loop
      vertex   -9.646237e+00 -3.265000e+01 1.619966e+01
      vertex   -1.005470e+01 -3.215000e+01 1.673377e+01
      vertex   -1.022857e+01 -3.265000e+01 1.625363e+01
    endloop
  endfacet
  facet normal 1.372836e-01 -7.105049e-01 6.901710e-01
    outer loop
      vertex   -1.022857e+01 -3.265000e+01 1.625363e+01
      vertex   -1.005470e+01 -3.215000e+01 1.673377e+01
      vertex   -1.059994e+01 -3.215000e+01 1.684223e+01
    endloop
  endfacet
  facet normal 1.519519e-01 -7.039216e-01 6.938335e-01
    outer loop
      vertex   -1.022857e+01 -3.265000e+01 1.625363e+01
      vertex   -1.059994e+01 -3.215000e+01 1.684223e+01
      vertex   -1.079986e+01 -3.265000e+01 1.637874e+01
    endloop
  endfacet
  facet normal 2.265769e-01 -7.093247e-01 6.674739e-01
    outer loop
      vertex   -1.079986e+01 -3.265000e+01 1.637874e+01
      vertex   -1.059994e+01 -3.215000e+01 1.684223e+01
      vertex   -1.112637e+01 -3.215000e+01 1.702092e+01
    endloop
  endfacet
  facet normal 2.356780e-01 -7.050921e-01 6.688057e-01
    outer loop
      vertex   -1.079986e+01 -3.265000e+01 1.637874e+01
      vertex   -1.112637e+01 -3.215000e+01 1.702092e+01
      vertex   -1.135144e+01 -3.265000e+01 1.657311e+01
    endloop
  endfacet
  facet normal 3.123762e-01 -7.079404e-01 6.334362e-01
    outer loop
      vertex   -1.135144e+01 -3.265000e+01 1.657311e+01
      vertex   -1.112637e+01 -3.215000e+01 1.702092e+01
      vertex   -1.162496e+01 -3.215000e+01 1.726680e+01
    endloop
  endfacet
  facet normal 3.154837e-01 -7.064353e-01 6.335766e-01
    outer loop
      vertex   -1.135144e+01 -3.265000e+01 1.657311e+01
      vertex   -1.162496e+01 -3.215000e+01 1.726680e+01
      vertex   -1.187496e+01 -3.265000e+01 1.683379e+01
    endloop
  endfacet
  facet normal 3.909516e-01 -7.064353e-01 5.900052e-01
    outer loop
      vertex   -1.187496e+01 -3.265000e+01 1.683379e+01
      vertex   -1.162496e+01 -3.215000e+01 1.726680e+01
      vertex   -1.236248e+01 -3.265000e+01 1.715683e+01
    endloop
  endfacet
  facet normal 3.923838e-01 -7.079404e-01 5.872438e-01
    outer loop
      vertex   -1.236248e+01 -3.265000e+01 1.715683e+01
      vertex   -1.162496e+01 -3.215000e+01 1.726680e+01
      vertex   -1.208720e+01 -3.215000e+01 1.757566e+01
    endloop
  endfacet
  facet normal 4.613637e-01 -7.050921e-01 5.385060e-01
    outer loop
      vertex   -1.236248e+01 -3.265000e+01 1.715683e+01
      vertex   -1.208720e+01 -3.215000e+01 1.757566e+01
      vertex   -1.280660e+01 -3.265000e+01 1.753733e+01
    endloop
  endfacet
  facet normal 4.647609e-01 -7.093247e-01 5.299583e-01
    outer loop
      vertex   -1.280660e+01 -3.265000e+01 1.753733e+01
      vertex   -1.208720e+01 -3.215000e+01 1.757566e+01
      vertex   -1.250516e+01 -3.215000e+01 1.794221e+01
    endloop
  endfacet
  facet normal 5.249015e-01 -7.039216e-01 4.785110e-01
    outer loop
      vertex   -1.280660e+01 -3.265000e+01 1.753733e+01
      vertex   -1.250516e+01 -3.215000e+01 1.794221e+01
      vertex   -1.320059e+01 -3.265000e+01 1.796952e+01
    endloop
  endfacet
  facet normal 5.290639e-01 -7.105049e-01 4.639766e-01
    outer loop
      vertex   -1.320059e+01 -3.265000e+01 1.796952e+01
      vertex   -1.250516e+01 -3.215000e+01 1.794221e+01
      vertex   -1.287171e+01 -3.215000e+01 1.836018e+01
    endloop
  endfacet
  facet normal 5.805301e-01 -7.029266e-01 4.109488e-01
    outer loop
      vertex   -1.320059e+01 -3.265000e+01 1.796952e+01
      vertex   -1.287171e+01 -3.215000e+01 1.836018e+01
      vertex   -1.353849e+01 -3.265000e+01 1.844686e+01
    endloop
  endfacet
  facet normal 5.842757e-01 -7.114839e-01 3.904005e-01
    outer loop
      vertex   -1.353849e+01 -3.265000e+01 1.844686e+01
      vertex   -1.287171e+01 -3.215000e+01 1.836018e+01
      vertex   -1.318057e+01 -3.215000e+01 1.882241e+01
    endloop
  endfacet
  facet normal 6.273416e-01 -7.021094e-01 3.368753e-01
    outer loop
      vertex   -1.353849e+01 -3.265000e+01 1.844686e+01
      vertex   -1.318057e+01 -3.215000e+01 1.882241e+01
      vertex   -1.381517e+01 -3.265000e+01 1.896210e+01
    endloop
  endfacet
  facet normal 6.295252e-01 -7.122642e-01 3.104475e-01
    outer loop
      vertex   -1.381517e+01 -3.265000e+01 1.896210e+01
      vertex   -1.318057e+01 -3.215000e+01 1.882241e+01
      vertex   -1.342645e+01 -3.215000e+01 1.932101e+01
    endloop
  endfacet
  facet normal 6.645704e-01 -7.014718e-01 2.574559e-01
    outer loop
      vertex   -1.381517e+01 -3.265000e+01 1.896210e+01
      vertex   -1.342645e+01 -3.215000e+01 1.932101e+01
      vertex   -1.402644e+01 -3.265000e+01 1.950744e+01
    endloop
  endfacet
  facet normal 6.640999e-01 -7.128478e-01 2.254315e-01
    outer loop
      vertex   -1.402644e+01 -3.265000e+01 1.950744e+01
      vertex   -1.342645e+01 -3.215000e+01 1.932101e+01
      vertex   -1.360515e+01 -3.215000e+01 1.984743e+01
    endloop
  endfacet
  facet normal 6.916070e-01 -7.010153e-01 1.739462e-01
    outer loop
      vertex   -1.402644e+01 -3.265000e+01 1.950744e+01
      vertex   -1.360515e+01 -3.215000e+01 1.984743e+01
      vertex   -1.416908e+01 -3.265000e+01 2.007460e+01
    endloop
  endfacet
  facet normal 6.874559e-01 -7.132360e-01 1.367435e-01
    outer loop
      vertex   -1.416908e+01 -3.265000e+01 2.007460e+01
      vertex   -1.360515e+01 -3.215000e+01 1.984743e+01
      vertex   -1.371360e+01 -3.215000e+01 2.039268e+01
    endloop
  endfacet
  facet normal 7.080085e-01 -7.007410e-01 8.767045e-02
    outer loop
      vertex   -1.416908e+01 -3.265000e+01 2.007460e+01
      vertex   -1.371360e+01 -3.215000e+01 2.039268e+01
      vertex   -1.424095e+01 -3.265000e+01 2.065500e+01
    endloop
  endfacet
  facet normal 6.992263e-01 -7.134299e-01 4.582971e-02
    outer loop
      vertex   -1.424095e+01 -3.265000e+01 2.065500e+01
      vertex   -1.371360e+01 -3.215000e+01 2.039268e+01
      vertex   -1.374996e+01 -3.215000e+01 2.094741e+01
    endloop
  endfacet
  facet normal 7.135057e-01 -7.006495e-01 0.000000e+00
    outer loop
      vertex   -1.424095e+01 -3.265000e+01 2.065500e+01
      vertex   -1.374996e+01 -3.215000e+01 2.094741e+01
      vertex   -1.424095e+01 -3.265000e+01 2.123983e+01
    endloop
  endfacet
  facet normal 6.992263e-01 -7.134299e-01 -4.582971e-02
    outer loop
      vertex   -1.424095e+01 -3.265000e+01 2.123983e+01
      vertex   -1.374996e+01 -3.215000e+01 2.094741e+01
      vertex   -1.371360e+01 -3.215000e+01 2.150215e+01
    endloop
  endfacet
  facet normal 7.080085e-01 -7.007410e-01 -8.767045e-02
    outer loop
      vertex   -1.424095e+01 -3.265000e+01 2.123983e+01
      vertex   -1.371360e+01 -3.215000e+01 2.150215e+01
      vertex   -1.416908e+01 -3.265000e+01 2.182022e+01
    endloop
  endfacet
  facet normal 6.874559e-01 -7.132360e-01 -1.367435e-01
    outer loop
      vertex   -1.416908e+01 -3.265000e+01 2.182022e+01
      vertex   -1.371360e+01 -3.215000e+01 2.150215e+01
      vertex   -1.360515e+01 -3.215000e+01 2.204739e+01
    endloop
  endfacet
  facet normal 6.916070e-01 -7.010153e-01 -1.739462e-01
    outer loop
      vertex   -1.416908e+01 -3.265000e+01 2.182022e+01
      vertex   -1.360515e+01 -3.215000e+01 2.204739e+01
      vertex   -1.402644e+01 -3.265000e+01 2.238739e+01
    endloop
  endfacet
  facet normal 6.640999e-01 -7.128478e-01 -2.254315e-01
    outer loop
      vertex   -1.402644e+01 -3.265000e+01 2.238739e+01
      vertex   -1.360515e+01 -3.215000e+01 2.204739e+01
      vertex   -1.342645e+01 -3.215000e+01 2.257382e+01
    endloop
  endfacet
  facet normal 6.645704e-01 -7.014718e-01 -2.574559e-01
    outer loop
      vertex   -1.402644e+01 -3.265000e+01 2.238739e+01
      vertex   -1.342645e+01 -3.215000e+01 2.257382e+01
      vertex   -1.381517e+01 -3.265000e+01 2.293272e+01
    endloop
  endfacet
  facet normal 6.295252e-01 -7.122642e-01 -3.104475e-01
    outer loop
      vertex   -1.381517e+01 -3.265000e+01 2.293272e+01
      vertex   -1.342645e+01 -3.215000e+01 2.257382e+01
      vertex   -1.318057e+01 -3.215000e+01 2.307241e+01
    endloop
  endfacet
  facet normal 6.273416e-01 -7.021094e-01 -3.368753e-01
    outer loop
      vertex   -1.381517e+01 -3.265000e+01 2.293272e+01
      vertex   -1.318057e+01 -3.215000e+01 2.307241e+01
      vertex   -1.353849e+01 -3.265000e+01 2.344796e+01
    endloop
  endfacet
  facet normal 5.842757e-01 -7.114839e-01 -3.904005e-01
    outer loop
      vertex   -1.353849e+01 -3.265000e+01 2.344796e+01
      vertex   -1.318057e+01 -3.215000e+01 2.307241e+01
      vertex   -1.287171e+01 -3.215000e+01 2.353465e+01
    endloop
  endfacet
  facet normal 5.805301e-01 -7.029266e-01 -4.109488e-01
    outer loop
      vertex   -1.353849e+01 -3.265000e+01 2.344796e+01
      vertex   -1.287171e+01 -3.215000e+01 2.353465e+01
      vertex   -1.320059e+01 -3.265000e+01 2.392530e+01
    endloop
  endfacet
  facet normal 5.290639e-01 -7.105049e-01 -4.639766e-01
    outer loop
      vertex   -1.320059e+01 -3.265000e+01 2.392530e+01
      vertex   -1.287171e+01 -3.215000e+01 2.353465e+01
      vertex   -1.250516e+01 -3.215000e+01 2.395262e+01
    endloop
  endfacet
  facet normal 5.249015e-01 -7.039216e-01 -4.785110e-01
    outer loop
      vertex   -1.320059e+01 -3.265000e+01 2.392530e+01
      vertex   -1.250516e+01 -3.215000e+01 2.395262e+01
      vertex   -1.280660e+01 -3.265000e+01 2.435749e+01
    endloop
  endfacet
  facet normal 4.647609e-01 -7.093247e-01 -5.299583e-01
    outer loop
      vertex   -1.280660e+01 -3.265000e+01 2.435749e+01
      vertex   -1.250516e+01 -3.215000e+01 2.395262e+01
      vertex   -1.208720e+01 -3.215000e+01 2.431916e+01
    endloop
  endfacet
  facet normal 4.613637e-01 -7.050921e-01 -5.385060e-01
    outer loop
      vertex   -1.280660e+01 -3.265000e+01 2.435749e+01
      vertex   -1.208720e+01 -3.215000e+01 2.431916e+01
      vertex   -1.236248e+01 -3.265000e+01 2.473799e+01
    endloop
  endfacet
  facet normal 3.923838e-01 -7.079404e-01 -5.872438e-01
    outer loop
      vertex   -1.236248e+01 -3.265000e+01 2.473799e+01
      vertex   -1.208720e+01 -3.215000e+01 2.431916e+01
      vertex   -1.162496e+01 -3.215000e+01 2.462802e+01
    endloop
  endfacet
  facet normal 3.909516e-01 -7.064353e-01 -5.900052e-01
    outer loop
      vertex   -1.236248e+01 -3.265000e+01 2.473799e+01
      vertex   -1.162496e+01 -3.215000e+01 2.462802e+01
      vertex   -1.187496e+01 -3.265000e+01 2.506103e+01
    endloop
  endfacet
  facet normal 3.154837e-01 -7.064353e-01 -6.335766e-01
    outer loop
      vertex   -1.187496e+01 -3.265000e+01 2.506103e+01
      vertex   -1.162496e+01 -3.215000e+01 2.462802e+01
      vertex   -1.135144e+01 -3.265000e+01 2.532171e+01
    endloop
  endfacet
  facet normal 3.123762e-01 -7.079404e-01 -6.334362e-01
    outer loop
      vertex   -1.135144e+01 -3.265000e+01 2.532171e+01
      vertex   -1.162496e+01 -3.215000e+01 2.462802e+01
      vertex   -1.112637e+01 -3.215000e+01 2.487390e+01
    endloop
  endfacet
  facet normal 2.356780e-01 -7.050921e-01 -6.688057e-01
    outer loop
      vertex   -1.135144e+01 -3.265000e+01 2.532171e+01
      vertex   -1.112637e+01 -3.215000e+01 2.487390e+01
      vertex   -1.079986e+01 -3.265000e+01 2.551608e+01
    endloop
  endfacet
  facet normal 2.265769e-01 -7.093247e-01 -6.674739e-01
    outer loop
      vertex   -1.079986e+01 -3.265000e+01 2.551608e+01
      vertex   -1.112637e+01 -3.215000e+01 2.487390e+01
      vertex   -1.059994e+01 -3.215000e+01 2.505260e+01
    endloop
  endfacet
  facet normal 1.519519e-01 -7.039216e-01 -6.938335e-01
    outer loop
      vertex   -1.079986e+01 -3.265000e+01 2.551608e+01
      vertex   -1.059994e+01 -3.215000e+01 2.505260e+01
      vertex   -1.022857e+01 -3.265000e+01 2.564120e+01
    endloop
  endfacet
  facet normal 1.372836e-01 -7.105049e-01 -6.901710e-01
    outer loop
      vertex   -1.022857e+01 -3.265000e+01 2.564120e+01
      vertex   -1.059994e+01 -3.215000e+01 2.505260e+01
      vertex   -1.005470e+01 -3.215000e+01 2.516105e+01
    endloop
  endfacet
  facet normal 6.562701e-02 -7.029266e-01 -7.082282e-01
    outer loop
      vertex   -1.022857e+01 -3.265000e+01 2.564120e+01
      vertex   -1.005470e+01 -3.215000e+01 2.516105e+01
      vertex   -9.646237e+00 -3.265000e+01 2.569516e+01
    endloop
  endfacet
  facet normal 4.595893e-02 -7.114839e-01 -7.011978e-01
    outer loop
      vertex   -9.646237e+00 -3.265000e+01 2.569516e+01
      vertex   -1.005470e+01 -3.215000e+01 2.516105e+01
      vertex   -9.499961e+00 -3.215000e+01 2.519741e+01
    endloop
  endfacet
  facet normal -2.192821e-02 -7.021094e-01 -7.117314e-01
    outer loop
      vertex   -9.646237e+00 -3.265000e+01 2.569516e+01
      vertex   -9.499961e+00 -3.215000e+01 2.519741e+01
      vertex   -9.061686e+00 -3.265000e+01 2.567715e+01
    endloop
  endfacet
  facet normal -4.590720e-02 -7.122642e-01 -7.004086e-01
    outer loop
      vertex   -9.061686e+00 -3.265000e+01 2.567715e+01
      vertex   -9.499961e+00 -3.215000e+01 2.519741e+01
      vertex   -8.945225e+00 -3.215000e+01 2.516105e+01
    endloop
  endfacet
  facet normal -1.093218e-01 -7.014718e-01 -7.042628e-01
    outer loop
      vertex   -9.061686e+00 -3.265000e+01 2.567715e+01
      vertex   -8.945225e+00 -3.215000e+01 2.516105e+01
      vertex   -8.483779e+00 -3.265000e+01 2.558744e+01
    endloop
  endfacet
  facet normal -1.368205e-01 -7.128478e-01 -6.878431e-01
    outer loop
      vertex   -8.483779e+00 -3.265000e+01 2.558744e+01
      vertex   -8.945225e+00 -3.215000e+01 2.516105e+01
      vertex   -8.399980e+00 -3.215000e+01 2.505260e+01
    endloop
  endfacet
  facet normal -1.951617e-01 -7.010153e-01 -6.859223e-01
    outer loop
      vertex   -8.483779e+00 -3.265000e+01 2.558744e+01
      vertex   -8.399980e+00 -3.215000e+01 2.505260e+01
      vertex   -7.921276e+00 -3.265000e+01 2.542740e+01
    endloop
  endfacet
  facet normal -2.253046e-01 -7.132360e-01 -6.637260e-01
    outer loop
      vertex   -7.921276e+00 -3.265000e+01 2.542740e+01
      vertex   -8.399980e+00 -3.215000e+01 2.505260e+01
      vertex   -7.873556e+00 -3.215000e+01 2.487390e+01
    endloop
  endfacet
  facet normal -2.780794e-01 -7.007410e-01 -6.569885e-01
    outer loop
      vertex   -7.921276e+00 -3.265000e+01 2.542740e+01
      vertex   -7.873556e+00 -3.215000e+01 2.487390e+01
      vertex   -7.382704e+00 -3.265000e+01 2.519944e+01
    endloop
  endfacet
  facet normal -3.099235e-01 -7.134299e-01 -6.284626e-01
    outer loop
      vertex   -7.382704e+00 -3.265000e+01 2.519944e+01
      vertex   -7.873556e+00 -3.215000e+01 2.487390e+01
      vertex   -7.374961e+00 -3.215000e+01 2.462802e+01
    endloop
  endfacet
  facet normal -3.567528e-01 -7.006495e-01 -6.179140e-01
    outer loop
      vertex   -7.382704e+00 -3.265000e+01 2.519944e+01
      vertex   -7.374961e+00 -3.215000e+01 2.462802e+01
      vertex   -6.876227e+00 -3.265000e+01 2.490702e+01
    endloop
  endfacet
  facet normal -3.893028e-01 -7.134299e-01 -5.826329e-01
    outer loop
      vertex   -6.876227e+00 -3.265000e+01 2.490702e+01
      vertex   -7.374961e+00 -3.215000e+01 2.462802e+01
      vertex   -6.912725e+00 -3.215000e+01 2.431916e+01
    endloop
  endfacet
  facet normal -4.299291e-01 -7.007410e-01 -5.693181e-01
    outer loop
      vertex   -6.876227e+00 -3.265000e+01 2.490702e+01
      vertex   -6.912725e+00 -3.215000e+01 2.431916e+01
      vertex   -6.409524e+00 -3.265000e+01 2.455459e+01
    endloop
  endfacet
  facet normal -4.621513e-01 -7.132360e-01 -5.269825e-01
    outer loop
      vertex   -6.409524e+00 -3.265000e+01 2.455459e+01
      vertex   -6.912725e+00 -3.215000e+01 2.431916e+01
      vertex   -6.494757e+00 -3.215000e+01 2.395262e+01
    endloop
  endfacet
  facet normal -4.964453e-01 -7.010153e-01 -5.119762e-01
    outer loop
      vertex   -6.409524e+00 -3.265000e+01 2.455459e+01
      vertex   -6.494757e+00 -3.215000e+01 2.395262e+01
      vertex   -5.989669e+00 -3.265000e+01 2.414747e+01
    endloop
  endfacet
  facet normal -5.272794e-01 -7.128478e-01 -4.624116e-01
    outer loop
      vertex   -5.989669e+00 -3.265000e+01 2.414747e+01
      vertex   -6.494757e+00 -3.215000e+01 2.395262e+01
      vertex   -6.128209e+00 -3.215000e+01 2.353465e+01
    endloop
  endfacet
  facet normal -5.552486e-01 -7.014718e-01 -4.468069e-01
    outer loop
      vertex   -5.989669e+00 -3.265000e+01 2.414747e+01
      vertex   -6.128209e+00 -3.215000e+01 2.353465e+01
      vertex   -5.623026e+00 -3.265000e+01 2.369184e+01
    endloop
  endfacet
  facet normal -5.836180e-01 -7.122642e-01 -3.899611e-01
    outer loop
      vertex   -5.623026e+00 -3.265000e+01 2.369184e+01
      vertex   -6.128209e+00 -3.215000e+01 2.353465e+01
      vertex   -5.819353e+00 -3.215000e+01 2.307241e+01
    endloop
  endfacet
  facet normal -6.054133e-01 -7.021094e-01 -3.748561e-01
    outer loop
      vertex   -5.623026e+00 -3.265000e+01 2.369184e+01
      vertex   -5.819353e+00 -3.215000e+01 2.307241e+01
      vertex   -5.315153e+00 -3.265000e+01 2.319461e+01
    endloop
  endfacet
  facet normal -6.302346e-01 -7.114839e-01 -3.107973e-01
    outer loop
      vertex   -5.315153e+00 -3.265000e+01 2.319461e+01
      vertex   -5.819353e+00 -3.215000e+01 2.307241e+01
      vertex   -5.573473e+00 -3.215000e+01 2.257382e+01
    endloop
  endfacet
  facet normal -6.461572e-01 -7.029266e-01 -2.972795e-01
    outer loop
      vertex   -5.315153e+00 -3.265000e+01 2.319461e+01
      vertex   -5.573473e+00 -3.215000e+01 2.257382e+01
      vertex   -5.070718e+00 -3.265000e+01 2.266331e+01
    endloop
  endfacet
  facet normal -6.663474e-01 -7.105049e-01 -2.261945e-01
    outer loop
      vertex   -5.070718e+00 -3.265000e+01 2.266331e+01
      vertex   -5.573473e+00 -3.215000e+01 2.257382e+01
      vertex   -5.394776e+00 -3.215000e+01 2.204739e+01
    endloop
  endfacet
  facet normal -6.768534e-01 -7.039216e-01 -2.153226e-01
    outer loop
      vertex   -5.070718e+00 -3.265000e+01 2.266331e+01
      vertex   -5.394776e+00 -3.215000e+01 2.204739e+01
      vertex   -4.893425e+00 -3.265000e+01 2.210600e+01
    endloop
  endfacet
  facet normal -6.913378e-01 -7.093247e-01 -1.375156e-01
    outer loop
      vertex   -4.893425e+00 -3.265000e+01 2.210600e+01
      vertex   -5.394776e+00 -3.215000e+01 2.204739e+01
      vertex   -5.286320e+00 -3.215000e+01 2.150215e+01
    endloop
  endfacet
  facet normal -6.970417e-01 -7.050921e-01 -1.302997e-01
    outer loop
      vertex   -4.893425e+00 -3.265000e+01 2.210600e+01
      vertex   -5.286320e+00 -3.215000e+01 2.150215e+01
      vertex   -4.785963e+00 -3.265000e+01 2.153113e+01
    endloop
  endfacet
  facet normal -7.047600e-01 -7.079404e-01 -4.619241e-02
    outer loop
      vertex   -4.785963e+00 -3.265000e+01 2.153113e+01
      vertex   -5.286320e+00 -3.215000e+01 2.150215e+01
      vertex   -5.249961e+00 -3.215000e+01 2.094741e+01
    endloop
  endfacet
  facet normal -9.978589e-01 -9.341688e-17 6.540313e-02
    outer loop
      vertex   -5.286320e+00 -2.515000e+01 2.039268e+01
      vertex   -5.286320e+00 -3.215000e+01 2.039268e+01
      vertex   -5.249961e+00 -2.515000e+01 2.094741e+01
    endloop
  endfacet
  facet normal -9.978589e-01 0.000000e+00 6.540313e-02
    outer loop
      vertex   -5.249961e+00 -2.515000e+01 2.094741e+01
      vertex   -5.286320e+00 -3.215000e+01 2.039268e+01
      vertex   -5.249961e+00 -3.215000e+01 2.094741e+01
    endloop
  endfacet
  facet normal -9.978589e-01 -0.000000e+00 -6.540313e-02
    outer loop
      vertex   -5.249961e+00 -2.515000e+01 2.094741e+01
      vertex   -5.249961e+00 -3.215000e+01 2.094741e+01
      vertex   -5.286320e+00 -2.515000e+01 2.150215e+01
    endloop
  endfacet
  facet normal -9.978589e-01 9.341688e-17 -6.540313e-02
    outer loop
      vertex   -5.286320e+00 -2.515000e+01 2.150215e+01
      vertex   -5.249961e+00 -3.215000e+01 2.094741e+01
      vertex   -5.286320e+00 -3.215000e+01 2.150215e+01
    endloop
  endfacet
  facet normal -9.807853e-01 2.543032e-17 -1.950903e-01
    outer loop
      vertex   -5.286320e+00 -2.515000e+01 2.150215e+01
      vertex   -5.286320e+00 -3.215000e+01 2.150215e+01
      vertex   -5.394776e+00 -2.515000e+01 2.204739e+01
    endloop
  endfacet
  facet normal -9.807853e-01 -0.000000e+00 -1.950903e-01
    outer loop
      vertex   -5.394776e+00 -2.515000e+01 2.204739e+01
      vertex   -5.286320e+00 -3.215000e+01 2.150215e+01
      vertex   -5.394776e+00 -3.215000e+01 2.204739e+01
    endloop
  endfacet
  facet normal -9.469301e-01 -0.000000e+00 -3.214395e-01
    outer loop
      vertex   -5.394776e+00 -2.515000e+01 2.204739e+01
      vertex   -5.394776e+00 -3.215000e+01 2.204739e+01
      vertex   -5.573473e+00 -2.515000e+01 2.257382e+01
    endloop
  endfacet
  facet normal -9.469301e-01 -0.000000e+00 -3.214395e-01
    outer loop
      vertex   -5.573473e+00 -2.515000e+01 2.257382e+01
      vertex   -5.394776e+00 -3.215000e+01 2.204739e+01
      vertex   -5.573473e+00 -3.215000e+01 2.257382e+01
    endloop
  endfacet
  facet normal -8.968727e-01 -0.000000e+00 -4.422887e-01
    outer loop
      vertex   -5.573473e+00 -2.515000e+01 2.257382e+01
      vertex   -5.573473e+00 -3.215000e+01 2.257382e+01
      vertex   -5.819353e+00 -2.515000e+01 2.307241e+01
    endloop
  endfacet
  facet normal -8.968727e-01 -4.489500e-16 -4.422887e-01
    outer loop
      vertex   -5.819353e+00 -2.515000e+01 2.307241e+01
      vertex   -5.573473e+00 -3.215000e+01 2.257382e+01
      vertex   -5.819353e+00 -3.215000e+01 2.307241e+01
    endloop
  endfacet
  facet normal -8.314696e-01 -5.639377e-16 -5.555702e-01
    outer loop
      vertex   -5.819353e+00 -2.515000e+01 2.307241e+01
      vertex   -5.819353e+00 -3.215000e+01 2.307241e+01
      vertex   -6.128209e+00 -2.515000e+01 2.353465e+01
    endloop
  endfacet
  facet normal -8.314696e-01 -0.000000e+00 -5.555702e-01
    outer loop
      vertex   -6.128209e+00 -2.515000e+01 2.353465e+01
      vertex   -5.819353e+00 -3.215000e+01 2.307241e+01
      vertex   -6.128209e+00 -3.215000e+01 2.353465e+01
    endloop
  endfacet
  facet normal -7.518398e-01 -0.000000e+00 -6.593458e-01
    outer loop
      vertex   -6.128209e+00 -2.515000e+01 2.353465e+01
      vertex   -6.128209e+00 -3.215000e+01 2.353465e+01
      vertex   -6.494757e+00 -2.515000e+01 2.395262e+01
    endloop
  endfacet
  facet normal -7.518398e-01 -0.000000e+00 -6.593458e-01
    outer loop
      vertex   -6.494757e+00 -2.515000e+01 2.395262e+01
      vertex   -6.128209e+00 -3.215000e+01 2.353465e+01
      vertex   -6.494757e+00 -3.215000e+01 2.395262e+01
    endloop
  endfacet
  facet normal -6.593458e-01 -0.000000e+00 -7.518398e-01
    outer loop
      vertex   -6.494757e+00 -2.515000e+01 2.395262e+01
      vertex   -6.494757e+00 -3.215000e+01 2.395262e+01
      vertex   -6.912725e+00 -2.515000e+01 2.431916e+01
    endloop
  endfacet
  facet normal -6.593458e-01 -1.306031e-16 -7.518398e-01
    outer loop
      vertex   -6.912725e+00 -2.515000e+01 2.431916e+01
      vertex   -6.494757e+00 -3.215000e+01 2.395262e+01
      vertex   -6.912725e+00 -3.215000e+01 2.431916e+01
    endloop
  endfacet
  facet normal -5.555702e-01 -2.105196e-16 -8.314696e-01
    outer loop
      vertex   -6.912725e+00 -2.515000e+01 2.431916e+01
      vertex   -6.912725e+00 -3.215000e+01 2.431916e+01
      vertex   -7.374961e+00 -2.515000e+01 2.462802e+01
    endloop
  endfacet
  facet normal -5.555702e-01 2.819689e-16 -8.314696e-01
    outer loop
      vertex   -7.374961e+00 -2.515000e+01 2.462802e+01
      vertex   -6.912725e+00 -3.215000e+01 2.431916e+01
      vertex   -7.374961e+00 -3.215000e+01 2.462802e+01
    endloop
  endfacet
  facet normal -4.422887e-01 2.244750e-16 -8.968727e-01
    outer loop
      vertex   -7.374961e+00 -2.515000e+01 2.462802e+01
      vertex   -7.374961e+00 -3.215000e+01 2.462802e+01
      vertex   -7.873556e+00 -2.515000e+01 2.487390e+01
    endloop
  endfacet
  facet normal -4.422887e-01 5.611875e-17 -8.968727e-01
    outer loop
      vertex   -7.873556e+00 -2.515000e+01 2.487390e+01
      vertex   -7.374961e+00 -3.215000e+01 2.462802e+01
      vertex   -7.873556e+00 -3.215000e+01 2.487390e+01
    endloop
  endfacet
  facet normal -3.214395e-01 4.078509e-17 -9.469301e-01
    outer loop
      vertex   -7.873556e+00 -2.515000e+01 2.487390e+01
      vertex   -7.873556e+00 -3.215000e+01 2.487390e+01
      vertex   -8.399980e+00 -2.515000e+01 2.505260e+01
    endloop
  endfacet
  facet normal -3.214395e-01 8.157017e-17 -9.469301e-01
    outer loop
      vertex   -8.399980e+00 -2.515000e+01 2.505260e+01
      vertex   -7.873556e+00 -3.215000e+01 2.487390e+01
      vertex   -8.399980e+00 -3.215000e+01 2.505260e+01
    endloop
  endfacet
  facet normal -1.950903e-01 4.950715e-17 -9.807853e-01
    outer loop
      vertex   -8.399980e+00 -2.515000e+01 2.505260e+01
      vertex   -8.399980e+00 -3.215000e+01 2.505260e+01
      vertex   -8.945225e+00 -2.515000e+01 2.516105e+01
    endloop
  endfacet
  facet normal -1.950903e-01 4.950715e-17 -9.807853e-01
    outer loop
      vertex   -8.945225e+00 -2.515000e+01 2.516105e+01
      vertex   -8.399980e+00 -3.215000e+01 2.505260e+01
      vertex   -8.945225e+00 -3.215000e+01 2.516105e+01
    endloop
  endfacet
  facet normal -6.540313e-02 1.659704e-17 -9.978589e-01
    outer loop
      vertex   -8.945225e+00 -2.515000e+01 2.516105e+01
      vertex   -8.945225e+00 -3.215000e+01 2.516105e+01
      vertex   -9.499961e+00 -2.515000e+01 2.519741e+01
    endloop
  endfacet
  facet normal -6.540313e-02 -0.000000e+00 -9.978589e-01
    outer loop
      vertex   -9.499961e+00 -2.515000e+01 2.519741e+01
      vertex   -8.945225e+00 -3.215000e+01 2.516105e+01
      vertex   -9.499961e+00 -3.215000e+01 2.519741e+01
    endloop
  endfacet
  facet normal 6.540313e-02 0.000000e+00 -9.978589e-01
    outer loop
      vertex   -9.499961e+00 -2.515000e+01 2.519741e+01
      vertex   -9.499961e+00 -3.215000e+01 2.519741e+01
      vertex   -1.005470e+01 -2.515000e+01 2.516105e+01
    endloop
  endfacet
  facet normal 6.540313e-02 -4.979113e-17 -9.978589e-01
    outer loop
      vertex   -1.005470e+01 -2.515000e+01 2.516105e+01
      vertex   -9.499961e+00 -3.215000e+01 2.519741e+01
      vertex   -1.005470e+01 -3.215000e+01 2.516105e+01
    endloop
  endfacet
  facet normal 1.950903e-01 -1.485214e-16 -9.807853e-01
    outer loop
      vertex   -1.005470e+01 -2.515000e+01 2.516105e+01
      vertex   -1.005470e+01 -3.215000e+01 2.516105e+01
      vertex   -1.059994e+01 -2.515000e+01 2.505260e+01
    endloop
  endfacet
  facet normal 1.950903e-01 -4.950715e-17 -9.807853e-01
    outer loop
      vertex   -1.059994e+01 -2.515000e+01 2.505260e+01
      vertex   -1.005470e+01 -3.215000e+01 2.516105e+01
      vertex   -1.059994e+01 -3.215000e+01 2.505260e+01
    endloop
  endfacet
  facet normal 3.214395e-01 -8.157017e-17 -9.469301e-01
    outer loop
      vertex   -1.059994e+01 -2.515000e+01 2.505260e+01
      vertex   -1.059994e+01 -3.215000e+01 2.505260e+01
      vertex   -1.112637e+01 -2.515000e+01 2.487390e+01
    endloop
  endfacet
  facet normal 3.214395e-01 -8.157017e-17 -9.469301e-01
    outer loop
      vertex   -1.112637e+01 -2.515000e+01 2.487390e+01
      vertex   -1.059994e+01 -3.215000e+01 2.505260e+01
      vertex   -1.112637e+01 -3.215000e+01 2.487390e+01
    endloop
  endfacet
  facet normal 4.422887e-01 -1.122375e-16 -8.968727e-01
    outer loop
      vertex   -1.112637e+01 -2.515000e+01 2.487390e+01
      vertex   -1.112637e+01 -3.215000e+01 2.487390e+01
      vertex   -1.162496e+01 -2.515000e+01 2.462802e+01
    endloop
  endfacet
  facet normal 4.422887e-01 -1.122375e-16 -8.968727e-01
    outer loop
      vertex   -1.162496e+01 -2.515000e+01 2.462802e+01
      vertex   -1.112637e+01 -3.215000e+01 2.487390e+01
      vertex   -1.162496e+01 -3.215000e+01 2.462802e+01
    endloop
  endfacet
  facet normal 5.555702e-01 -1.409844e-16 -8.314696e-01
    outer loop
      vertex   -1.162496e+01 -2.515000e+01 2.462802e+01
      vertex   -1.162496e+01 -3.215000e+01 2.462802e+01
      vertex   -1.208720e+01 -2.515000e+01 2.431916e+01
    endloop
  endfacet
  facet normal 5.555702e-01 2.810118e-16 -8.314696e-01
    outer loop
      vertex   -1.208720e+01 -2.515000e+01 2.431916e+01
      vertex   -1.162496e+01 -3.215000e+01 2.462802e+01
      vertex   -1.208720e+01 -3.215000e+01 2.431916e+01
    endloop
  endfacet
  facet normal 6.593458e-01 2.142626e-16 -7.518398e-01
    outer loop
      vertex   -1.208720e+01 -2.515000e+01 2.431916e+01
      vertex   -1.208720e+01 -3.215000e+01 2.431916e+01
      vertex   -1.250516e+01 -2.515000e+01 2.395262e+01
    endloop
  endfacet
  facet normal 6.593458e-01 0.000000e+00 -7.518398e-01
    outer loop
      vertex   -1.250516e+01 -2.515000e+01 2.395262e+01
      vertex   -1.208720e+01 -3.215000e+01 2.431916e+01
      vertex   -1.250516e+01 -3.215000e+01 2.395262e+01
    endloop
  endfacet
  facet normal 7.518398e-01 0.000000e+00 -6.593458e-01
    outer loop
      vertex   -1.250516e+01 -2.515000e+01 2.395262e+01
      vertex   -1.250516e+01 -3.215000e+01 2.395262e+01
      vertex   -1.287171e+01 -2.515000e+01 2.353465e+01
    endloop
  endfacet
  facet normal 7.518398e-01 0.000000e+00 -6.593458e-01
    outer loop
      vertex   -1.287171e+01 -2.515000e+01 2.353465e+01
      vertex   -1.250516e+01 -3.215000e+01 2.395262e+01
      vertex   -1.287171e+01 -3.215000e+01 2.353465e+01
    endloop
  endfacet
  facet normal 8.314696e-01 0.000000e+00 -5.555702e-01
    outer loop
      vertex   -1.287171e+01 -2.515000e+01 2.353465e+01
      vertex   -1.287171e+01 -3.215000e+01 2.353465e+01
      vertex   -1.318057e+01 -2.515000e+01 2.307241e+01
    endloop
  endfacet
  facet normal 8.314696e-01 0.000000e+00 -5.555702e-01
    outer loop
      vertex   -1.318057e+01 -2.515000e+01 2.307241e+01
      vertex   -1.287171e+01 -3.215000e+01 2.353465e+01
      vertex   -1.318057e+01 -3.215000e+01 2.307241e+01
    endloop
  endfacet
  facet normal 8.968727e-01 0.000000e+00 -4.422887e-01
    outer loop
      vertex   -1.318057e+01 -2.515000e+01 2.307241e+01
      vertex   -1.318057e+01 -3.215000e+01 2.307241e+01
      vertex   -1.342645e+01 -2.515000e+01 2.257382e+01
    endloop
  endfacet
  facet normal 8.968727e-01 -3.120136e-18 -4.422887e-01
    outer loop
      vertex   -1.342645e+01 -2.515000e+01 2.257382e+01
      vertex   -1.318057e+01 -3.215000e+01 2.307241e+01
      vertex   -1.342645e+01 -3.215000e+01 2.257382e+01
    endloop
  endfacet
  facet normal 9.469301e-01 -7.715763e-17 -3.214395e-01
    outer loop
      vertex   -1.342645e+01 -2.515000e+01 2.257382e+01
      vertex   -1.342645e+01 -3.215000e+01 2.257382e+01
      vertex   -1.360515e+01 -2.515000e+01 2.204739e+01
    endloop
  endfacet
  facet normal 9.469301e-01 0.000000e+00 -3.214395e-01
    outer loop
      vertex   -1.360515e+01 -2.515000e+01 2.204739e+01
      vertex   -1.342645e+01 -3.215000e+01 2.257382e+01
      vertex   -1.360515e+01 -3.215000e+01 2.204739e+01
    endloop
  endfacet
  facet normal 9.807853e-01 0.000000e+00 -1.950903e-01
    outer loop
      vertex   -1.360515e+01 -2.515000e+01 2.204739e+01
      vertex   -1.360515e+01 -3.215000e+01 2.204739e+01
      vertex   -1.371360e+01 -2.515000e+01 2.150215e+01
    endloop
  endfacet
  facet normal 9.807853e-01 0.000000e+00 -1.950903e-01
    outer loop
      vertex   -1.371360e+01 -2.515000e+01 2.150215e+01
      vertex   -1.360515e+01 -3.215000e+01 2.204739e+01
      vertex   -1.371360e+01 -3.215000e+01 2.150215e+01
    endloop
  endfacet
  facet normal 9.978589e-01 0.000000e+00 -6.540313e-02
    outer loop
      vertex   -1.371360e+01 -2.515000e+01 2.150215e+01
      vertex   -1.371360e+01 -3.215000e+01 2.150215e+01
      vertex   -1.374996e+01 -2.515000e+01 2.094741e+01
    endloop
  endfacet
  facet normal 9.978589e-01 0.000000e+00 -6.540313e-02
    outer loop
      vertex   -1.374996e+01 -2.515000e+01 2.094741e+01
      vertex   -1.371360e+01 -3.215000e+01 2.150215e+01
      vertex   -1.374996e+01 -3.215000e+01 2.094741e+01
    endloop
  endfacet
  facet normal 9.978589e-01 0.000000e+00 6.540313e-02
    outer loop
      vertex   -1.374996e+01 -2.515000e+01 2.094741e+01
      vertex   -1.374996e+01 -3.215000e+01 2.094741e+01
      vertex   -1.371360e+01 -2.515000e+01 2.039268e+01
    endloop
  endfacet
  facet normal 9.978589e-01 0.000000e+00 6.540313e-02
    outer loop
      vertex   -1.371360e+01 -2.515000e+01 2.039268e+01
      vertex   -1.374996e+01 -3.215000e+01 2.094741e+01
      vertex   -1.371360e+01 -3.215000e+01 2.039268e+01
    endloop
  endfacet
  facet normal 9.807853e-01 0.000000e+00 1.950903e-01
    outer loop
      vertex   -1.371360e+01 -2.515000e+01 2.039268e+01
      vertex   -1.371360e+01 -3.215000e+01 2.039268e+01
      vertex   -1.360515e+01 -2.515000e+01 1.984743e+01
    endloop
  endfacet
  facet normal 9.807853e-01 -9.901429e-17 1.950903e-01
    outer loop
      vertex   -1.360515e+01 -2.515000e+01 1.984743e+01
      vertex   -1.371360e+01 -3.215000e+01 2.039268e+01
      vertex   -1.360515e+01 -3.215000e+01 1.984743e+01
    endloop
  endfacet
  facet normal 9.469301e-01 -1.631403e-16 3.214395e-01
    outer loop
      vertex   -1.360515e+01 -2.515000e+01 1.984743e+01
      vertex   -1.360515e+01 -3.215000e+01 1.984743e+01
      vertex   -1.342645e+01 -2.515000e+01 1.932101e+01
    endloop
  endfacet
  facet normal 9.469301e-01 7.715763e-17 3.214395e-01
    outer loop
      vertex   -1.342645e+01 -2.515000e+01 1.932101e+01
      vertex   -1.360515e+01 -3.215000e+01 1.984743e+01
      vertex   -1.342645e+01 -3.215000e+01 1.932101e+01
    endloop
  endfacet
  facet normal 8.968727e-01 3.120136e-18 4.422887e-01
    outer loop
      vertex   -1.342645e+01 -2.515000e+01 1.932101e+01
      vertex   -1.342645e+01 -3.215000e+01 1.932101e+01
      vertex   -1.318057e+01 -2.515000e+01 1.882241e+01
    endloop
  endfacet
  facet normal 8.968727e-01 -2.244750e-16 4.422887e-01
    outer loop
      vertex   -1.318057e+01 -2.515000e+01 1.882241e+01
      vertex   -1.342645e+01 -3.215000e+01 1.932101e+01
      vertex   -1.318057e+01 -3.215000e+01 1.882241e+01
    endloop
  endfacet
  facet normal 8.314696e-01 -2.819689e-16 5.555702e-01
    outer loop
      vertex   -1.318057e+01 -2.515000e+01 1.882241e+01
      vertex   -1.318057e+01 -3.215000e+01 1.882241e+01
      vertex   -1.287171e+01 -2.515000e+01 1.836018e+01
    endloop
  endfacet
  facet normal 8.314696e-01 0.000000e+00 5.555702e-01
    outer loop
      vertex   -1.287171e+01 -2.515000e+01 1.836018e+01
      vertex   -1.318057e+01 -3.215000e+01 1.882241e+01
      vertex   -1.287171e+01 -3.215000e+01 1.836018e+01
    endloop
  endfacet
  facet normal 7.518398e-01 0.000000e+00 6.593458e-01
    outer loop
      vertex   -1.287171e+01 -2.515000e+01 1.836018e+01
      vertex   -1.287171e+01 -3.215000e+01 1.836018e+01
      vertex   -1.250516e+01 -2.515000e+01 1.794221e+01
    endloop
  endfacet
  facet normal 7.518398e-01 -3.346381e-16 6.593458e-01
    outer loop
      vertex   -1.250516e+01 -2.515000e+01 1.794221e+01
      vertex   -1.287171e+01 -3.215000e+01 1.836018e+01
      vertex   -1.250516e+01 -3.215000e+01 1.794221e+01
    endloop
  endfacet
  facet normal 6.593458e-01 -3.815817e-16 7.518398e-01
    outer loop
      vertex   -1.250516e+01 -2.515000e+01 1.794221e+01
      vertex   -1.250516e+01 -3.215000e+01 1.794221e+01
      vertex   -1.208720e+01 -2.515000e+01 1.757566e+01
    endloop
  endfacet
  facet normal 6.593458e-01 -2.142626e-16 7.518398e-01
    outer loop
      vertex   -1.208720e+01 -2.515000e+01 1.757566e+01
      vertex   -1.250516e+01 -3.215000e+01 1.794221e+01
      vertex   -1.208720e+01 -3.215000e+01 1.757566e+01
    endloop
  endfacet
  facet normal 5.555702e-01 -2.810118e-16 8.314696e-01
    outer loop
      vertex   -1.208720e+01 -2.515000e+01 1.757566e+01
      vertex   -1.208720e+01 -3.215000e+01 1.757566e+01
      vertex   -1.162496e+01 -2.515000e+01 1.726680e+01
    endloop
  endfacet
  facet normal 5.555702e-01 1.409844e-16 8.314696e-01
    outer loop
      vertex   -1.162496e+01 -2.515000e+01 1.726680e+01
      vertex   -1.208720e+01 -3.215000e+01 1.757566e+01
      vertex   -1.162496e+01 -3.215000e+01 1.726680e+01
    endloop
  endfacet
  facet normal 4.422887e-01 1.122375e-16 8.968727e-01
    outer loop
      vertex   -1.162496e+01 -2.515000e+01 1.726680e+01
      vertex   -1.162496e+01 -3.215000e+01 1.726680e+01
      vertex   -1.112637e+01 -2.515000e+01 1.702092e+01
    endloop
  endfacet
  facet normal 4.422887e-01 1.122375e-16 8.968727e-01
    outer loop
      vertex   -1.112637e+01 -2.515000e+01 1.702092e+01
      vertex   -1.162496e+01 -3.215000e+01 1.726680e+01
      vertex   -1.112637e+01 -3.215000e+01 1.702092e+01
    endloop
  endfacet
  facet normal 3.214395e-01 8.157017e-17 9.469301e-01
    outer loop
      vertex   -1.112637e+01 -2.515000e+01 1.702092e+01
      vertex   -1.112637e+01 -3.215000e+01 1.702092e+01
      vertex   -1.059994e+01 -2.515000e+01 1.684223e+01
    endloop
  endfacet
  facet normal 3.214395e-01 8.157017e-17 9.469301e-01
    outer loop
      vertex   -1.059994e+01 -2.515000e+01 1.684223e+01
      vertex   -1.112637e+01 -3.215000e+01 1.702092e+01
      vertex   -1.059994e+01 -3.215000e+01 1.684223e+01
    endloop
  endfacet
  facet normal 1.950903e-01 4.950715e-17 9.807853e-01
    outer loop
      vertex   -1.059994e+01 -2.515000e+01 1.684223e+01
      vertex   -1.059994e+01 -3.215000e+01 1.684223e+01
      vertex   -1.005470e+01 -2.515000e+01 1.673377e+01
    endloop
  endfacet
  facet normal 1.950903e-01 1.485214e-16 9.807853e-01
    outer loop
      vertex   -1.005470e+01 -2.515000e+01 1.673377e+01
      vertex   -1.059994e+01 -3.215000e+01 1.684223e+01
      vertex   -1.005470e+01 -3.215000e+01 1.673377e+01
    endloop
  endfacet
  facet normal 6.540313e-02 4.979113e-17 9.978589e-01
    outer loop
      vertex   -1.005470e+01 -2.515000e+01 1.673377e+01
      vertex   -1.005470e+01 -3.215000e+01 1.673377e+01
      vertex   -9.499961e+00 -2.515000e+01 1.669741e+01
    endloop
  endfacet
  facet normal 6.540313e-02 0.000000e+00 9.978589e-01
    outer loop
      vertex   -9.499961e+00 -2.515000e+01 1.669741e+01
      vertex   -1.005470e+01 -3.215000e+01 1.673377e+01
      vertex   -9.499961e+00 -3.215000e+01 1.669741e+01
    endloop
  endfacet
  facet normal -6.540313e-02 0.000000e+00 9.978589e-01
    outer loop
      vertex   -9.499961e+00 -2.515000e+01 1.669741e+01
      vertex   -9.499961e+00 -3.215000e+01 1.669741e+01
      vertex   -8.945225e+00 -2.515000e+01 1.673377e+01
    endloop
  endfacet
  facet normal -6.540313e-02 -1.659704e-17 9.978589e-01
    outer loop
      vertex   -8.945225e+00 -2.515000e+01 1.673377e+01
      vertex   -9.499961e+00 -3.215000e+01 1.669741e+01
      vertex   -8.945225e+00 -3.215000e+01 1.673377e+01
    endloop
  endfacet
  facet normal -1.950903e-01 -4.950715e-17 9.807853e-01
    outer loop
      vertex   -8.945225e+00 -2.515000e+01 1.673377e+01
      vertex   -8.945225e+00 -3.215000e+01 1.673377e+01
      vertex   -8.399980e+00 -2.515000e+01 1.684223e+01
    endloop
  endfacet
  facet normal -1.950903e-01 -4.950715e-17 9.807853e-01
    outer loop
      vertex   -8.399980e+00 -2.515000e+01 1.684223e+01
      vertex   -8.945225e+00 -3.215000e+01 1.673377e+01
      vertex   -8.399980e+00 -3.215000e+01 1.684223e+01
    endloop
  endfacet
  facet normal -3.214395e-01 -8.157017e-17 9.469301e-01
    outer loop
      vertex   -8.399980e+00 -2.515000e+01 1.684223e+01
      vertex   -8.399980e+00 -3.215000e+01 1.684223e+01
      vertex   -7.873556e+00 -2.515000e+01 1.702092e+01
    endloop
  endfacet
  facet normal -3.214395e-01 4.398109e-16 9.469301e-01
    outer loop
      vertex   -7.873556e+00 -2.515000e+01 1.702092e+01
      vertex   -8.399980e+00 -3.215000e+01 1.684223e+01
      vertex   -7.873556e+00 -3.215000e+01 1.702092e+01
    endloop
  endfacet
  facet normal -4.422887e-01 3.990715e-16 8.968727e-01
    outer loop
      vertex   -7.873556e+00 -2.515000e+01 1.702092e+01
      vertex   -7.873556e+00 -3.215000e+01 1.702092e+01
      vertex   -7.374961e+00 -2.515000e+01 1.726680e+01
    endloop
  endfacet
  facet normal -4.422887e-01 -2.244750e-16 8.968727e-01
    outer loop
      vertex   -7.374961e+00 -2.515000e+01 1.726680e+01
      vertex   -7.873556e+00 -3.215000e+01 1.702092e+01
      vertex   -7.374961e+00 -3.215000e+01 1.726680e+01
    endloop
  endfacet
  facet normal -5.555702e-01 -2.819689e-16 8.314696e-01
    outer loop
      vertex   -7.374961e+00 -2.515000e+01 1.726680e+01
      vertex   -7.374961e+00 -3.215000e+01 1.726680e+01
      vertex   -6.912725e+00 -2.515000e+01 1.757566e+01
    endloop
  endfacet
  facet normal -5.555702e-01 2.105196e-16 8.314696e-01
    outer loop
      vertex   -6.912725e+00 -2.515000e+01 1.757566e+01
      vertex   -7.374961e+00 -3.215000e+01 1.726680e+01
      vertex   -6.912725e+00 -3.215000e+01 1.757566e+01
    endloop
  endfacet
  facet normal -6.593458e-01 1.306031e-16 7.518398e-01
    outer loop
      vertex   -6.912725e+00 -2.515000e+01 1.757566e+01
      vertex   -6.912725e+00 -3.215000e+01 1.757566e+01
      vertex   -6.494757e+00 -2.515000e+01 1.794221e+01
    endloop
  endfacet
  facet normal -6.593458e-01 0.000000e+00 7.518398e-01
    outer loop
      vertex   -6.494757e+00 -2.515000e+01 1.794221e+01
      vertex   -6.912725e+00 -3.215000e+01 1.757566e+01
      vertex   -6.494757e+00 -3.215000e+01 1.794221e+01
    endloop
  endfacet
  facet normal -7.518398e-01 0.000000e+00 6.593458e-01
    outer loop
      vertex   -6.494757e+00 -2.515000e+01 1.794221e+01
      vertex   -6.494757e+00 -3.215000e+01 1.794221e+01
      vertex   -6.128209e+00 -2.515000e+01 1.836018e+01
    endloop
  endfacet
  facet normal -7.518398e-01 0.000000e+00 6.593458e-01
    outer loop
      vertex   -6.128209e+00 -2.515000e+01 1.836018e+01
      vertex   -6.494757e+00 -3.215000e+01 1.794221e+01
      vertex   -6.128209e+00 -3.215000e+01 1.836018e+01
    endloop
  endfacet
  facet normal -8.314696e-01 0.000000e+00 5.555702e-01
    outer loop
      vertex   -6.128209e+00 -2.515000e+01 1.836018e+01
      vertex   -6.128209e+00 -3.215000e+01 1.836018e+01
      vertex   -5.819353e+00 -2.515000e+01 1.882241e+01
    endloop
  endfacet
  facet normal -8.314696e-01 2.819689e-16 5.555702e-01
    outer loop
      vertex   -5.819353e+00 -2.515000e+01 1.882241e+01
      vertex   -6.128209e+00 -3.215000e+01 1.836018e+01
      vertex   -5.819353e+00 -3.215000e+01 1.882241e+01
    endloop
  endfacet
  facet normal -8.968727e-01 2.244750e-16 4.422887e-01
    outer loop
      vertex   -5.819353e+00 -2.515000e+01 1.882241e+01
      vertex   -5.819353e+00 -3.215000e+01 1.882241e+01
      vertex   -5.573473e+00 -2.515000e+01 1.932101e+01
    endloop
  endfacet
  facet normal -8.968727e-01 0.000000e+00 4.422887e-01
    outer loop
      vertex   -5.573473e+00 -2.515000e+01 1.932101e+01
      vertex   -5.819353e+00 -3.215000e+01 1.882241e+01
      vertex   -5.573473e+00 -3.215000e+01 1.932101e+01
    endloop
  endfacet
  facet normal -9.469301e-01 0.000000e+00 3.214395e-01
    outer loop
      vertex   -5.573473e+00 -2.515000e+01 1.932101e+01
      vertex   -5.573473e+00 -3.215000e+01 1.932101e+01
      vertex   -5.394776e+00 -2.515000e+01 1.984743e+01
    endloop
  endfacet
  facet normal -9.469301e-01 1.631403e-16 3.214395e-01
    outer loop
      vertex   -5.394776e+00 -2.515000e+01 1.984743e+01
      vertex   -5.573473e+00 -3.215000e+01 1.932101e+01
      vertex   -5.394776e+00 -3.215000e+01 1.984743e+01
    endloop
  endfacet
  facet normal -9.807853e-01 9.901429e-17 1.950903e-01
    outer loop
      vertex   -5.394776e+00 -2.515000e+01 1.984743e+01
      vertex   -5.394776e+00 -3.215000e+01 1.984743e+01
      vertex   -5.286320e+00 -2.515000e+01 2.039268e+01
    endloop
  endfacet
  facet normal -9.807853e-01 -2.543032e-17 1.950903e-01
    outer loop
      vertex   -5.286320e+00 -2.515000e+01 2.039268e+01
      vertex   -5.394776e+00 -3.215000e+01 1.984743e+01
      vertex   -5.286320e+00 -3.215000e+01 2.039268e+01
    endloop
  endfacet
  facet normal -1.526093e-14 -1.000000e+00 -0.000000e+00
    outer loop
      vertex   8.306779e+00 -3.265000e+01 6.000000e+00
      vertex   7.841183e+00 -3.265000e+01 6.567783e+00
      vertex   8.306779e+00 -3.265000e+01 0.000000e+00
    endloop
  endfacet
  facet normal 3.303394e-14 -1.000000e+00 3.423665e-15
    outer loop
      vertex   8.306779e+00 -3.265000e+01 0.000000e+00
      vertex   7.841183e+00 -3.265000e+01 6.567783e+00
      vertex   7.346455e+00 -3.265000e+01 7.190494e+00
    endloop
  endfacet
  facet normal -3.469657e-14 -1.000000e+00 -5.622057e-15
    outer loop
      vertex   8.306779e+00 -3.265000e+01 0.000000e+00
      vertex   7.346455e+00 -3.265000e+01 7.190494e+00
      vertex   6.827033e+00 -3.265000e+01 7.868416e+00
    endloop
  endfacet
  facet normal -5.441945e-16 -1.000000e+00 8.006894e-16
    outer loop
      vertex   8.306779e+00 -3.265000e+01 0.000000e+00
      vertex   6.827033e+00 -3.265000e+01 7.868416e+00
      vertex   -4.750000e+00 -3.265000e+01 0.000000e+00
    endloop
  endfacet
  facet normal 0.000000e+00 -1.000000e+00 0.000000e+00
    outer loop
      vertex   -4.750000e+00 -3.265000e+01 0.000000e+00
      vertex   6.827033e+00 -3.265000e+01 7.868416e+00
      vertex   6.287354e+00 -3.265000e+01 8.601831e+00
    endloop
  endfacet
  facet normal 0.000000e+00 -1.000000e+00 0.000000e+00
    outer loop
      vertex   -4.750000e+00 -3.265000e+01 0.000000e+00
      vertex   6.287354e+00 -3.265000e+01 8.601831e+00
      vertex   5.731855e+00 -3.265000e+01 9.391021e+00
    endloop
  endfacet
  facet normal -0.000000e+00 -1.000000e+00 0.000000e+00
    outer loop
      vertex   5.731855e+00 -3.265000e+01 9.391021e+00
      vertex   5.164975e+00 -3.265000e+01 1.023627e+01
      vertex   -4.750000e+00 -3.265000e+01 0.000000e+00
    endloop
  endfacet
  facet normal 0.000000e+00 -1.000000e+00 0.000000e+00
    outer loop
      vertex   -4.750000e+00 -3.265000e+01 0.000000e+00
      vertex   5.164975e+00 -3.265000e+01 1.023627e+01
      vertex   4.591150e+00 -3.265000e+01 1.113785e+01
    endloop
  endfacet
  facet normal 0.000000e+00 -1.000000e+00 0.000000e+00
    outer loop
      vertex   -4.750000e+00 -3.265000e+01 0.000000e+00
      vertex   4.591150e+00 -3.265000e+01 1.113785e+01
      vertex   4.014818e+00 -3.265000e+01 1.209606e+01
    endloop
  endfacet
  facet normal -0.000000e+00 -1.000000e+00 0.000000e+00
    outer loop
      vertex   4.014818e+00 -3.265000e+01 1.209606e+01
      vertex   3.440418e+00 -3.265000e+01 1.311117e+01
      vertex   -4.750000e+00 -3.265000e+01 0.000000e+00
    endloop
  endfacet
  facet normal 0.000000e+00 -1.000000e+00 0.000000e+00
    outer loop
      vertex   -4.750000e+00 -3.265000e+01 0.000000e+00
      vertex   3.440418e+00 -3.265000e+01 1.311117e+01
      vertex   -7.382704e+00 -3.265000e+01 1.669539e+01
    endloop
  endfacet
  facet normal 0.000000e+00 -1.000000e+00 0.000000e+00
    outer loop
      vertex   -4.750000e+00 -3.265000e+01 0.000000e+00
      vertex   -7.382704e+00 -3.265000e+01 1.669539e+01
      vertex   -7.921276e+00 -3.265000e+01 1.646743e+01
    endloop
  endfacet
  facet normal 0.000000e+00 -1.000000e+00 0.000000e+00
    outer loop
      vertex   -7.382704e+00 -3.265000e+01 1.669539e+01
      vertex   3.440418e+00 -3.265000e+01 1.311117e+01
      vertex   -6.876227e+00 -3.265000e+01 1.698780e+01
    endloop
  endfacet
  facet normal 0.000000e+00 -1.000000e+00 0.000000e+00
    outer loop
      vertex   -6.876227e+00 -3.265000e+01 1.698780e+01
      vertex   3.440418e+00 -3.265000e+01 1.311117e+01
      vertex   2.872385e+00 -3.265000e+01 1.418346e+01
    endloop
  endfacet
  facet normal 0.000000e+00 -1.000000e+00 0.000000e+00
    outer loop
      vertex   -6.876227e+00 -3.265000e+01 1.698780e+01
      vertex   2.872385e+00 -3.265000e+01 1.418346e+01
      vertex   -6.409524e+00 -3.265000e+01 1.734024e+01
    endloop
  endfacet
  facet normal -2.600421e-15 -1.000000e+00 -7.646038e-15
    outer loop
      vertex   -6.409524e+00 -3.265000e+01 1.734024e+01
      vertex   2.872385e+00 -3.265000e+01 1.418346e+01
      vertex   2.321412e+00 -3.265000e+01 1.530014e+01
    endloop
  endfacet
  facet normal -6.557932e-16 -1.000000e+00 6.763092e-16
    outer loop
      vertex   -6.409524e+00 -3.265000e+01 1.734024e+01
      vertex   2.321412e+00 -3.265000e+01 1.530014e+01
      vertex   -5.989669e+00 -3.265000e+01 1.774736e+01
    endloop
  endfacet
  facet normal 1.147087e-15 -1.000000e+00 6.799130e-15
    outer loop
      vertex   -5.989669e+00 -3.265000e+01 1.774736e+01
      vertex   2.321412e+00 -3.265000e+01 1.530014e+01
      vertex   1.803330e+00 -3.265000e+01 1.643259e+01
    endloop
  endfacet
  facet normal 0.000000e+00 -1.000000e+00 0.000000e+00
    outer loop
      vertex   -5.989669e+00 -3.265000e+01 1.774736e+01
      vertex   1.803330e+00 -3.265000e+01 1.643259e+01
      vertex   -5.623026e+00 -3.265000e+01 1.820299e+01
    endloop
  endfacet
  facet normal 0.000000e+00 -1.000000e+00 0.000000e+00
    outer loop
      vertex   -5.623026e+00 -3.265000e+01 1.820299e+01
      vertex   1.803330e+00 -3.265000e+01 1.643259e+01
      vertex   1.318936e+00 -3.265000e+01 1.757923e+01
    endloop
  endfacet
  facet normal 0.000000e+00 -1.000000e+00 0.000000e+00
    outer loop
      vertex   -5.623026e+00 -3.265000e+01 1.820299e+01
      vertex   1.318936e+00 -3.265000e+01 1.757923e+01
      vertex   -5.315153e+00 -3.265000e+01 1.870022e+01
    endloop
  endfacet
  facet normal 1.107500e-15 -1.000000e+00 6.554268e-15
    outer loop
      vertex   -5.315153e+00 -3.265000e+01 1.870022e+01
      vertex   1.318936e+00 -3.265000e+01 1.757923e+01
      vertex   8.685217e-01 -3.265000e+01 1.873943e+01
    endloop
  endfacet
  facet normal 1.152424e-15 -1.000000e+00 -5.301993e-16
    outer loop
      vertex   -5.315153e+00 -3.265000e+01 1.870022e+01
      vertex   8.685217e-01 -3.265000e+01 1.873943e+01
      vertex   -5.070718e+00 -3.265000e+01 1.923151e+01
    endloop
  endfacet
  facet normal 7.155655e-16 -1.000000e+00 -5.802889e-15
    outer loop
      vertex   -5.070718e+00 -3.265000e+01 1.923151e+01
      vertex   8.685217e-01 -3.265000e+01 1.873943e+01
      vertex   4.523811e-01 -3.265000e+01 1.991258e+01
    endloop
  endfacet
  facet normal 0.000000e+00 -1.000000e+00 0.000000e+00
    outer loop
      vertex   -5.070718e+00 -3.265000e+01 1.923151e+01
      vertex   4.523811e-01 -3.265000e+01 1.991258e+01
      vertex   -4.893425e+00 -3.265000e+01 1.978882e+01
    endloop
  endfacet
  facet normal 0.000000e+00 -1.000000e+00 0.000000e+00
    outer loop
      vertex   -4.893425e+00 -3.265000e+01 1.978882e+01
      vertex   4.523811e-01 -3.265000e+01 1.991258e+01
      vertex   -4.785963e+00 -3.265000e+01 2.036369e+01
    endloop
  endfacet
  facet normal 0.000000e+00 -1.000000e+00 0.000000e+00
    outer loop
      vertex   -4.785963e+00 -3.265000e+01 2.036369e+01
      vertex   4.523811e-01 -3.265000e+01 1.991258e+01
      vertex   7.080708e-02 -3.265000e+01 2.109806e+01
    endloop
  endfacet
  facet normal 0.000000e+00 -1.000000e+00 0.000000e+00
    outer loop
      vertex   -4.785963e+00 -3.265000e+01 2.036369e+01
      vertex   7.080708e-02 -3.265000e+01 2.109806e+01
      vertex   -4.749961e+00 -3.265000e+01 2.094741e+01
    endloop
  endfacet
  facet normal 0.000000e+00 -1.000000e+00 0.000000e+00
    outer loop
      vertex   -4.749961e+00 -3.265000e+01 2.094741e+01
      vertex   7.080708e-02 -3.265000e+01 2.109806e+01
      vertex   2.190417e-02 -3.265000e+01 2.192536e+01
    endloop
  endfacet
  facet normal 0.000000e+00 -1.000000e+00 0.000000e+00
    outer loop
      vertex   -4.749961e+00 -3.265000e+01 2.094741e+01
      vertex   2.190417e-02 -3.265000e+01 2.192536e+01
      vertex   -4.785963e+00 -3.265000e+01 2.153113e+01
    endloop
  endfacet
  facet normal 0.000000e+00 -1.000000e+00 0.000000e+00
    outer loop
      vertex   -4.785963e+00 -3.265000e+01 2.153113e+01
      vertex   2.190417e-02 -3.265000e+01 2.192536e+01
      vertex   -9.837613e-02 -3.265000e+01 2.274533e+01
    endloop
  endfacet
  facet normal 0.000000e+00 -1.000000e+00 0.000000e+00
    outer loop
      vertex   -4.785963e+00 -3.265000e+01 2.153113e+01
      vertex   -9.837613e-02 -3.265000e+01 2.274533e+01
      vertex   -4.893425e+00 -3.265000e+01 2.210600e+01
    endloop
  endfacet
  facet normal 0.000000e+00 -1.000000e+00 0.000000e+00
    outer loop
      vertex   -4.893425e+00 -3.265000e+01 2.210600e+01
      vertex   -9.837613e-02 -3.265000e+01 2.274533e+01
      vertex   -2.891322e-01 -3.265000e+01 2.355182e+01
    endloop
  endfacet
  facet normal 0.000000e+00 -1.000000e+00 0.000000e+00
    outer loop
      vertex   -4.893425e+00 -3.265000e+01 2.210600e+01
      vertex   -2.891322e-01 -3.265000e+01 2.355182e+01
      vertex   -5.489341e-01 -3.265000e+01 2.433879e+01
    endloop
  endfacet
  facet normal 0.000000e+00 -1.000000e+00 0.000000e+00
    outer loop
      vertex   -4.893425e+00 -3.265000e+01 2.210600e+01
      vertex   -5.489341e-01 -3.265000e+01 2.433879e+01
      vertex   -5.070718e+00 -3.265000e+01 2.266331e+01
    endloop
  endfacet
  facet normal 0.000000e+00 -1.000000e+00 0.000000e+00
    outer loop
      vertex   -5.070718e+00 -3.265000e+01 2.266331e+01
      vertex   -5.489341e-01 -3.265000e+01 2.433879e+01
      vertex   -8.758342e-01 -3.265000e+01 2.510033e+01
    endloop
  endfacet
  facet normal 0.000000e+00 -1.000000e+00 0.000000e+00
    outer loop
      vertex   -5.070718e+00 -3.265000e+01 2.266331e+01
      vertex   -8.758342e-01 -3.265000e+01 2.510033e+01
      vertex   -1.267382e+00 -3.265000e+01 2.583074e+01
    endloop
  endfacet
  facet normal 0.000000e+00 -1.000000e+00 0.000000e+00
    outer loop
      vertex   -5.070718e+00 -3.265000e+01 2.266331e+01
      vertex   -1.267382e+00 -3.265000e+01 2.583074e+01
      vertex   -5.315153e+00 -3.265000e+01 2.319461e+01
    endloop
  endfacet
  facet normal 0.000000e+00 -1.000000e+00 0.000000e+00
    outer loop
      vertex   -5.315153e+00 -3.265000e+01 2.319461e+01
      vertex   -1.267382e+00 -3.265000e+01 2.583074e+01
      vertex   -1.720643e+00 -3.265000e+01 2.652455e+01
    endloop
  endfacet
  facet normal 0.000000e+00 -1.000000e+00 0.000000e+00
    outer loop
      vertex   -5.315153e+00 -3.265000e+01 2.319461e+01
      vertex   -1.720643e+00 -3.265000e+01 2.652455e+01
      vertex   -5.623026e+00 -3.265000e+01 2.369184e+01
    endloop
  endfacet
  facet normal 0.000000e+00 -1.000000e+00 0.000000e+00
    outer loop
      vertex   -5.623026e+00 -3.265000e+01 2.369184e+01
      vertex   -1.720643e+00 -3.265000e+01 2.652455e+01
      vertex   -2.232219e+00 -3.265000e+01 2.717655e+01
    endloop
  endfacet
  facet normal 0.000000e+00 -1.000000e+00 0.000000e+00
    outer loop
      vertex   -5.623026e+00 -3.265000e+01 2.369184e+01
      vertex   -2.232219e+00 -3.265000e+01 2.717655e+01
      vertex   -5.989669e+00 -3.265000e+01 2.414747e+01
    endloop
  endfacet
  facet normal 0.000000e+00 -1.000000e+00 0.000000e+00
    outer loop
      vertex   -5.989669e+00 -3.265000e+01 2.414747e+01
      vertex   -2.232219e+00 -3.265000e+01 2.717655e+01
      vertex   -2.798274e+00 -3.265000e+01 2.778186e+01
    endloop
  endfacet
  facet normal 0.000000e+00 -1.000000e+00 0.000000e+00
    outer loop
      vertex   -5.989669e+00 -3.265000e+01 2.414747e+01
      vertex   -2.798274e+00 -3.265000e+01 2.778186e+01
      vertex   -3.414567e+00 -3.265000e+01 2.833594e+01
    endloop
  endfacet
  facet normal 0.000000e+00 -1.000000e+00 0.000000e+00
    outer loop
      vertex   -5.989669e+00 -3.265000e+01 2.414747e+01
      vertex   -3.414567e+00 -3.265000e+01 2.833594e+01
      vertex   -6.409524e+00 -3.265000e+01 2.455459e+01
    endloop
  endfacet
  facet normal 0.000000e+00 -1.000000e+00 0.000000e+00
    outer loop
      vertex   -6.409524e+00 -3.265000e+01 2.455459e+01
      vertex   -3.414567e+00 -3.265000e+01 2.833594e+01
      vertex   -4.076477e+00 -3.265000e+01 2.883462e+01
    endloop
  endfacet
  facet normal 0.000000e+00 -1.000000e+00 0.000000e+00
    outer loop
      vertex   -6.409524e+00 -3.265000e+01 2.455459e+01
      vertex   -4.076477e+00 -3.265000e+01 2.883462e+01
      vertex   -6.876227e+00 -3.265000e+01 2.490702e+01
    endloop
  endfacet
  facet normal 0.000000e+00 -1.000000e+00 0.000000e+00
    outer loop
      vertex   -6.876227e+00 -3.265000e+01 2.490702e+01
      vertex   -4.076477e+00 -3.265000e+01 2.883462e+01
      vertex   -4.779042e+00 -3.265000e+01 2.927419e+01
    endloop
  endfacet
  facet normal 0.000000e+00 -1.000000e+00 0.000000e+00
    outer loop
      vertex   -6.876227e+00 -3.265000e+01 2.490702e+01
      vertex   -4.779042e+00 -3.265000e+01 2.927419e+01
      vertex   -5.516996e+00 -3.265000e+01 2.965134e+01
    endloop
  endfacet
  facet normal 0.000000e+00 -1.000000e+00 0.000000e+00
    outer loop
      vertex   -6.876227e+00 -3.265000e+01 2.490702e+01
      vertex   -5.516996e+00 -3.265000e+01 2.965134e+01
      vertex   -7.382704e+00 -3.265000e+01 2.519944e+01
    endloop
  endfacet
  facet normal 0.000000e+00 -1.000000e+00 0.000000e+00
    outer loop
      vertex   -7.382704e+00 -3.265000e+01 2.519944e+01
      vertex   -5.516996e+00 -3.265000e+01 2.965134e+01
      vertex   -6.284806e+00 -3.265000e+01 2.996324e+01
    endloop
  endfacet
  facet normal 0.000000e+00 -1.000000e+00 0.000000e+00
    outer loop
      vertex   -7.382704e+00 -3.265000e+01 2.519944e+01
      vertex   -6.284806e+00 -3.265000e+01 2.996324e+01
      vertex   -7.921276e+00 -3.265000e+01 2.542740e+01
    endloop
  endfacet
  facet normal 0.000000e+00 -1.000000e+00 0.000000e+00
    outer loop
      vertex   -7.921276e+00 -3.265000e+01 2.542740e+01
      vertex   -6.284806e+00 -3.265000e+01 2.996324e+01
      vertex   -7.076718e+00 -3.265000e+01 3.020755e+01
    endloop
  endfacet
  facet normal 0.000000e+00 -1.000000e+00 0.000000e+00
    outer loop
      vertex   -7.921276e+00 -3.265000e+01 2.542740e+01
      vertex   -7.076718e+00 -3.265000e+01 3.020755e+01
      vertex   -8.483779e+00 -3.265000e+01 2.558744e+01
    endloop
  endfacet
  facet normal 0.000000e+00 -1.000000e+00 0.000000e+00
    outer loop
      vertex   -8.483779e+00 -3.265000e+01 2.558744e+01
      vertex   -7.076718e+00 -3.265000e+01 3.020755e+01
      vertex   -7.886795e+00 -3.265000e+01 3.038245e+01
    endloop
  endfacet
  facet normal 0.000000e+00 -1.000000e+00 0.000000e+00
    outer loop
      vertex   -8.483779e+00 -3.265000e+01 2.558744e+01
      vertex   -7.886795e+00 -3.265000e+01 3.038245e+01
      vertex   -9.061686e+00 -3.265000e+01 2.567715e+01
    endloop
  endfacet
  facet normal 0.000000e+00 -1.000000e+00 0.000000e+00
    outer loop
      vertex   -9.061686e+00 -3.265000e+01 2.567715e+01
      vertex   -7.886795e+00 -3.265000e+01 3.038245e+01
      vertex   -8.708965e+00 -3.265000e+01 3.048663e+01
    endloop
  endfacet
  facet normal 0.000000e+00 -1.000000e+00 0.000000e+00
    outer loop
      vertex   -9.061686e+00 -3.265000e+01 2.567715e+01
      vertex   -8.708965e+00 -3.265000e+01 3.048663e+01
      vertex   -9.537064e+00 -3.265000e+01 3.051929e+01
    endloop
  endfacet
  facet normal 0.000000e+00 -1.000000e+00 0.000000e+00
    outer loop
      vertex   -9.061686e+00 -3.265000e+01 2.567715e+01
      vertex   -9.537064e+00 -3.265000e+01 3.051929e+01
      vertex   -9.646237e+00 -3.265000e+01 2.569516e+01
    endloop
  endfacet
  facet normal 0.000000e+00 -1.000000e+00 0.000000e+00
    outer loop
      vertex   -9.646237e+00 -3.265000e+01 2.569516e+01
      vertex   -9.537064e+00 -3.265000e+01 3.051929e+01
      vertex   -1.036488e+01 -3.265000e+01 3.048021e+01
    endloop
  endfacet
  facet normal -0.000000e+00 -1.000000e+00 0.000000e+00
    outer loop
      vertex   -9.646237e+00 -3.265000e+01 2.569516e+01
      vertex   -1.036488e+01 -3.265000e+01 3.048021e+01
      vertex   -1.022857e+01 -3.265000e+01 2.564120e+01
    endloop
  endfacet
  facet normal 0.000000e+00 -1.000000e+00 0.000000e+00
    outer loop
      vertex   -1.022857e+01 -3.265000e+01 2.564120e+01
      vertex   -1.036488e+01 -3.265000e+01 3.048021e+01
      vertex   -1.118622e+01 -3.265000e+01 3.036966e+01
    endloop
  endfacet
  facet normal -0.000000e+00 -1.000000e+00 0.000000e+00
    outer loop
      vertex   -1.022857e+01 -3.265000e+01 2.564120e+01
      vertex   -1.118622e+01 -3.265000e+01 3.036966e+01
      vertex   -1.079986e+01 -3.265000e+01 2.551608e+01
    endloop
  endfacet
  facet normal 0.000000e+00 -1.000000e+00 0.000000e+00
    outer loop
      vertex   -1.079986e+01 -3.265000e+01 2.551608e+01
      vertex   -1.118622e+01 -3.265000e+01 3.036966e+01
      vertex   -1.199492e+01 -3.265000e+01 3.018849e+01
    endloop
  endfacet
  facet normal -0.000000e+00 -1.000000e+00 0.000000e+00
    outer loop
      vertex   -1.079986e+01 -3.265000e+01 2.551608e+01
      vertex   -1.199492e+01 -3.265000e+01 3.018849e+01
      vertex   -1.135144e+01 -3.265000e+01 2.532171e+01
    endloop
  endfacet
  facet normal 0.000000e+00 -1.000000e+00 0.000000e+00
    outer loop
      vertex   -1.135144e+01 -3.265000e+01 2.532171e+01
      vertex   -1.199492e+01 -3.265000e+01 3.018849e+01
      vertex   -1.278491e+01 -3.265000e+01 2.993804e+01
    endloop
  endfacet
  facet normal 0.000000e+00 -1.000000e+00 0.000000e+00
    outer loop
      vertex   -1.135144e+01 -3.265000e+01 2.532171e+01
      vertex   -1.278491e+01 -3.265000e+01 2.993804e+01
      vertex   -1.355028e+01 -3.265000e+01 2.962020e+01
    endloop
  endfacet
  facet normal -0.000000e+00 -1.000000e+00 0.000000e+00
    outer loop
      vertex   -1.135144e+01 -3.265000e+01 2.532171e+01
      vertex   -1.355028e+01 -3.265000e+01 2.962020e+01
      vertex   -1.187496e+01 -3.265000e+01 2.506103e+01
    endloop
  endfacet
  facet normal 0.000000e+00 -1.000000e+00 0.000000e+00
    outer loop
      vertex   -1.187496e+01 -3.265000e+01 2.506103e+01
      vertex   -1.355028e+01 -3.265000e+01 2.962020e+01
      vertex   -1.428529e+01 -3.265000e+01 2.923734e+01
    endloop
  endfacet
  facet normal -0.000000e+00 -1.000000e+00 0.000000e+00
    outer loop
      vertex   -1.187496e+01 -3.265000e+01 2.506103e+01
      vertex   -1.428529e+01 -3.265000e+01 2.923734e+01
      vertex   -1.236248e+01 -3.265000e+01 2.473799e+01
    endloop
  endfacet
  facet normal 0.000000e+00 -1.000000e+00 0.000000e+00
    outer loop
      vertex   -1.236248e+01 -3.265000e+01 2.473799e+01
      vertex   -1.428529e+01 -3.265000e+01 2.923734e+01
      vertex   -1.498443e+01 -3.265000e+01 2.879234e+01
    endloop
  endfacet
  facet normal -0.000000e+00 -1.000000e+00 0.000000e+00
    outer loop
      vertex   -1.236248e+01 -3.265000e+01 2.473799e+01
      vertex   -1.498443e+01 -3.265000e+01 2.879234e+01
      vertex   -1.280660e+01 -3.265000e+01 2.435749e+01
    endloop
  endfacet
  facet normal 0.000000e+00 -1.000000e+00 0.000000e+00
    outer loop
      vertex   -1.280660e+01 -3.265000e+01 2.435749e+01
      vertex   -1.498443e+01 -3.265000e+01 2.879234e+01
      vertex   -1.564245e+01 -3.265000e+01 2.828854e+01
    endloop
  endfacet
  facet normal 0.000000e+00 -1.000000e+00 0.000000e+00
    outer loop
      vertex   -1.280660e+01 -3.265000e+01 2.435749e+01
      vertex   -1.564245e+01 -3.265000e+01 2.828854e+01
      vertex   -1.625443e+01 -3.265000e+01 2.772970e+01
    endloop
  endfacet
  facet normal -0.000000e+00 -1.000000e+00 0.000000e+00
    outer loop
      vertex   -1.280660e+01 -3.265000e+01 2.435749e+01
      vertex   -1.625443e+01 -3.265000e+01 2.772970e+01
      vertex   -1.320059e+01 -3.265000e+01 2.392530e+01
    endloop
  endfacet
  facet normal 0.000000e+00 -1.000000e+00 0.000000e+00
    outer loop
      vertex   -1.320059e+01 -3.265000e+01 2.392530e+01
      vertex   -1.625443e+01 -3.265000e+01 2.772970e+01
      vertex   -1.681578e+01 -3.265000e+01 2.712002e+01
    endloop
  endfacet
  facet normal -0.000000e+00 -1.000000e+00 0.000000e+00
    outer loop
      vertex   -1.320059e+01 -3.265000e+01 2.392530e+01
      vertex   -1.681578e+01 -3.265000e+01 2.712002e+01
      vertex   -1.353849e+01 -3.265000e+01 2.344796e+01
    endloop
  endfacet
  facet normal 0.000000e+00 -1.000000e+00 0.000000e+00
    outer loop
      vertex   -1.353849e+01 -3.265000e+01 2.344796e+01
      vertex   -1.681578e+01 -3.265000e+01 2.712002e+01
      vertex   -1.732228e+01 -3.265000e+01 2.646408e+01
    endloop
  endfacet
  facet normal 0.000000e+00 -1.000000e+00 0.000000e+00
    outer loop
      vertex   -1.353849e+01 -3.265000e+01 2.344796e+01
      vertex   -1.732228e+01 -3.265000e+01 2.646408e+01
      vertex   -1.777015e+01 -3.265000e+01 2.576678e+01
    endloop
  endfacet
  facet normal -0.000000e+00 -1.000000e+00 0.000000e+00
    outer loop
      vertex   -1.353849e+01 -3.265000e+01 2.344796e+01
      vertex   -1.777015e+01 -3.265000e+01 2.576678e+01
      vertex   -1.381517e+01 -3.265000e+01 2.293272e+01
    endloop
  endfacet
  facet normal 0.000000e+00 -1.000000e+00 0.000000e+00
    outer loop
      vertex   -1.381517e+01 -3.265000e+01 2.293272e+01
      vertex   -1.777015e+01 -3.265000e+01 2.576678e+01
      vertex   -1.815602e+01 -3.265000e+01 2.503335e+01
    endloop
  endfacet
  facet normal -0.000000e+00 -1.000000e+00 0.000000e+00
    outer loop
      vertex   -1.381517e+01 -3.265000e+01 2.293272e+01
      vertex   -1.815602e+01 -3.265000e+01 2.503335e+01
      vertex   -1.402644e+01 -3.265000e+01 2.238739e+01
    endloop
  endfacet
  facet normal 0.000000e+00 -1.000000e+00 0.000000e+00
    outer loop
      vertex   -1.402644e+01 -3.265000e+01 2.238739e+01
      vertex   -1.815602e+01 -3.265000e+01 2.503335e+01
      vertex   -1.847701e+01 -3.265000e+01 2.426929e+01
    endloop
  endfacet
  facet normal 0.000000e+00 -1.000000e+00 0.000000e+00
    outer loop
      vertex   -1.402644e+01 -3.265000e+01 2.238739e+01
      vertex   -1.847701e+01 -3.265000e+01 2.426929e+01
      vertex   -1.873070e+01 -3.265000e+01 2.348033e+01
    endloop
  endfacet
  facet normal -0.000000e+00 -1.000000e+00 0.000000e+00
    outer loop
      vertex   -1.402644e+01 -3.265000e+01 2.238739e+01
      vertex   -1.873070e+01 -3.265000e+01 2.348033e+01
      vertex   -1.416908e+01 -3.265000e+01 2.182022e+01
    endloop
  endfacet
  facet normal 0.000000e+00 -1.000000e+00 0.000000e+00
    outer loop
      vertex   -1.416908e+01 -3.265000e+01 2.182022e+01
      vertex   -1.873070e+01 -3.265000e+01 2.348033e+01
      vertex   -1.891520e+01 -3.265000e+01 2.267239e+01
    endloop
  endfacet
  facet normal -0.000000e+00 -1.000000e+00 0.000000e+00
    outer loop
      vertex   -1.416908e+01 -3.265000e+01 2.182022e+01
      vertex   -1.891520e+01 -3.265000e+01 2.267239e+01
      vertex   -1.424095e+01 -3.265000e+01 2.123983e+01
    endloop
  endfacet
  facet normal 0.000000e+00 -1.000000e+00 0.000000e+00
    outer loop
      vertex   -1.424095e+01 -3.265000e+01 2.123983e+01
      vertex   -1.891520e+01 -3.265000e+01 2.267239e+01
      vertex   -1.902912e+01 -3.265000e+01 2.185151e+01
    endloop
  endfacet
  facet normal -0.000000e+00 -1.000000e+00 0.000000e+00
    outer loop
      vertex   -1.424095e+01 -3.265000e+01 2.123983e+01
      vertex   -1.902912e+01 -3.265000e+01 2.185151e+01
      vertex   -1.907161e+01 -3.265000e+01 2.102386e+01
    endloop
  endfacet
  facet normal 0.000000e+00 -1.000000e+00 -0.000000e+00
    outer loop
      vertex   -1.424095e+01 -3.265000e+01 2.123983e+01
      vertex   -1.907161e+01 -3.265000e+01 2.102386e+01
      vertex   -1.424095e+01 -3.265000e+01 2.065500e+01
    endloop
  endfacet
  facet normal -0.000000e+00 -1.000000e+00 0.000000e+00
    outer loop
      vertex   -1.424095e+01 -3.265000e+01 2.065500e+01
      vertex   -1.907161e+01 -3.265000e+01 2.102386e+01
      vertex   -1.904235e+01 -3.265000e+01 2.019563e+01
    endloop
  endfacet
  facet normal 0.000000e+00 -1.000000e+00 0.000000e+00
    outer loop
      vertex   -1.424095e+01 -3.265000e+01 2.065500e+01
      vertex   -1.904235e+01 -3.265000e+01 2.019563e+01
      vertex   -1.894155e+01 -3.265000e+01 1.937304e+01
    endloop
  endfacet
  facet normal 0.000000e+00 -1.000000e+00 -0.000000e+00
    outer loop
      vertex   -1.424095e+01 -3.265000e+01 2.065500e+01
      vertex   -1.894155e+01 -3.265000e+01 1.937304e+01
      vertex   -1.416908e+01 -3.265000e+01 2.007460e+01
    endloop
  endfacet
  facet normal 0.000000e+00 -1.000000e+00 0.000000e+00
    outer loop
      vertex   -1.416908e+01 -3.265000e+01 2.007460e+01
      vertex   -1.894155e+01 -3.265000e+01 1.937304e+01
      vertex   -1.876998e+01 -3.265000e+01 1.856225e+01
    endloop
  endfacet
  facet normal 0.000000e+00 -1.000000e+00 -0.000000e+00
    outer loop
      vertex   -1.416908e+01 -3.265000e+01 2.007460e+01
      vertex   -1.876998e+01 -3.265000e+01 1.856225e+01
      vertex   -1.402644e+01 -3.265000e+01 1.950744e+01
    endloop
  endfacet
  facet normal 0.000000e+00 -1.000000e+00 0.000000e+00
    outer loop
      vertex   -1.402644e+01 -3.265000e+01 1.950744e+01
      vertex   -1.876998e+01 -3.265000e+01 1.856225e+01
      vertex   -1.852892e+01 -3.265000e+01 1.776934e+01
    endloop
  endfacet
  facet normal 0.000000e+00 -1.000000e+00 0.000000e+00
    outer loop
      vertex   -1.402644e+01 -3.265000e+01 1.950744e+01
      vertex   -1.852892e+01 -3.265000e+01 1.776934e+01
      vertex   -1.822018e+01 -3.265000e+01 1.700026e+01
    endloop
  endfacet
  facet normal 0.000000e+00 -1.000000e+00 -0.000000e+00
    outer loop
      vertex   -1.402644e+01 -3.265000e+01 1.950744e+01
      vertex   -1.822018e+01 -3.265000e+01 1.700026e+01
      vertex   -1.381517e+01 -3.265000e+01 1.896210e+01
    endloop
  endfacet
  facet normal 0.000000e+00 -1.000000e+00 0.000000e+00
    outer loop
      vertex   -1.381517e+01 -3.265000e+01 1.896210e+01
      vertex   -1.822018e+01 -3.265000e+01 1.700026e+01
      vertex   -1.784607e+01 -3.265000e+01 1.626076e+01
    endloop
  endfacet
  facet normal 0.000000e+00 -1.000000e+00 0.000000e+00
    outer loop
      vertex   -1.381517e+01 -3.265000e+01 1.896210e+01
      vertex   -1.784607e+01 -3.265000e+01 1.626076e+01
      vertex   -1.740940e+01 -3.265000e+01 1.555639e+01
    endloop
  endfacet
  facet normal 0.000000e+00 -1.000000e+00 -0.000000e+00
    outer loop
      vertex   -1.381517e+01 -3.265000e+01 1.896210e+01
      vertex   -1.740940e+01 -3.265000e+01 1.555639e+01
      vertex   -1.353849e+01 -3.265000e+01 1.844686e+01
    endloop
  endfacet
  facet normal 0.000000e+00 -1.000000e+00 0.000000e+00
    outer loop
      vertex   -1.353849e+01 -3.265000e+01 1.844686e+01
      vertex   -1.740940e+01 -3.265000e+01 1.555639e+01
      vertex   -1.691344e+01 -3.265000e+01 1.489244e+01
    endloop
  endfacet
  facet normal 0.000000e+00 -1.000000e+00 -0.000000e+00
    outer loop
      vertex   -1.353849e+01 -3.265000e+01 1.844686e+01
      vertex   -1.691344e+01 -3.265000e+01 1.489244e+01
      vertex   -1.320059e+01 -3.265000e+01 1.796952e+01
    endloop
  endfacet
  facet normal 0.000000e+00 -1.000000e+00 -0.000000e+00
    outer loop
      vertex   -1.320059e+01 -3.265000e+01 1.796952e+01
      vertex   -1.691344e+01 -3.265000e+01 1.489244e+01
      vertex   -1.280660e+01 -3.265000e+01 1.753733e+01
    endloop
  endfacet
  facet normal 0.000000e+00 -1.000000e+00 -0.000000e+00
    outer loop
      vertex   -1.280660e+01 -3.265000e+01 1.753733e+01
      vertex   -1.691344e+01 -3.265000e+01 1.489244e+01
      vertex   -1.236248e+01 -3.265000e+01 1.715683e+01
    endloop
  endfacet
  facet normal 0.000000e+00 -1.000000e+00 -0.000000e+00
    outer loop
      vertex   -1.236248e+01 -3.265000e+01 1.715683e+01
      vertex   -1.691344e+01 -3.265000e+01 1.489244e+01
      vertex   -1.187496e+01 -3.265000e+01 1.683379e+01
    endloop
  endfacet
  facet normal 0.000000e+00 -1.000000e+00 -0.000000e+00
    outer loop
      vertex   -1.187496e+01 -3.265000e+01 1.683379e+01
      vertex   -1.691344e+01 -3.265000e+01 1.489244e+01
      vertex   -1.135144e+01 -3.265000e+01 1.657311e+01
    endloop
  endfacet
  facet normal 0.000000e+00 -1.000000e+00 -0.000000e+00
    outer loop
      vertex   -1.135144e+01 -3.265000e+01 1.657311e+01
      vertex   -1.691344e+01 -3.265000e+01 1.489244e+01
      vertex   -1.079986e+01 -3.265000e+01 1.637874e+01
    endloop
  endfacet
  facet normal 0.000000e+00 -1.000000e+00 -0.000000e+00
    outer loop
      vertex   -1.079986e+01 -3.265000e+01 1.637874e+01
      vertex   -1.691344e+01 -3.265000e+01 1.489244e+01
      vertex   -1.022857e+01 -3.265000e+01 1.625363e+01
    endloop
  endfacet
  facet normal 0.000000e+00 -1.000000e+00 -0.000000e+00
    outer loop
      vertex   -1.022857e+01 -3.265000e+01 1.625363e+01
      vertex   -1.691344e+01 -3.265000e+01 1.489244e+01
      vertex   -4.750000e+00 -3.265000e+01 0.000000e+00
    endloop
  endfacet
  facet normal 0.000000e+00 -1.000000e+00 0.000000e+00
    outer loop
      vertex   -1.022857e+01 -3.265000e+01 1.625363e+01
      vertex   -4.750000e+00 -3.265000e+01 0.000000e+00
      vertex   -9.646237e+00 -3.265000e+01 1.619966e+01
    endloop
  endfacet
  facet normal 0.000000e+00 -1.000000e+00 0.000000e+00
    outer loop
      vertex   -9.646237e+00 -3.265000e+01 1.619966e+01
      vertex   -4.750000e+00 -3.265000e+01 0.000000e+00
      vertex   -9.061686e+00 -3.265000e+01 1.621767e+01
    endloop
  endfacet
  facet normal 0.000000e+00 -1.000000e+00 0.000000e+00
    outer loop
      vertex   -9.061686e+00 -3.265000e+01 1.621767e+01
      vertex   -4.750000e+00 -3.265000e+01 0.000000e+00
      vertex   -8.483779e+00 -3.265000e+01 1.630738e+01
    endloop
  endfacet
  facet normal 0.000000e+00 -1.000000e+00 0.000000e+00
    outer loop
      vertex   -8.483779e+00 -3.265000e+01 1.630738e+01
      vertex   -4.750000e+00 -3.265000e+01 0.000000e+00
      vertex   -7.921276e+00 -3.265000e+01 1.646743e+01
    endloop
  endfacet
  facet normal -7.047600e-01 7.079404e-01 -4.619241e-02
    outer loop
      vertex   -5.286320e+00 -2.515000e+01 2.150215e+01
      vertex   -4.785963e+00 -2.465000e+01 2.153113e+01
      vertex   -5.249961e+00 -2.515000e+01 2.094741e+01
    endloop
  endfacet
  facet normal -7.064353e-01 7.064353e-01 -4.357143e-02
    outer loop
      vertex   -5.249961e+00 -2.515000e+01 2.094741e+01
      vertex   -4.785963e+00 -2.465000e+01 2.153113e+01
      vertex   -4.749961e+00 -2.465000e+01 2.094741e+01
    endloop
  endfacet
  facet normal -7.064353e-01 7.064353e-01 4.357143e-02
    outer loop
      vertex   -5.249961e+00 -2.515000e+01 2.094741e+01
      vertex   -4.749961e+00 -2.465000e+01 2.094741e+01
      vertex   -4.785963e+00 -2.465000e+01 2.036369e+01
    endloop
  endfacet
  facet normal -6.970417e-01 7.050921e-01 -1.302997e-01
    outer loop
      vertex   -4.785963e+00 -2.465000e+01 2.153113e+01
      vertex   -5.286320e+00 -2.515000e+01 2.150215e+01
      vertex   -4.893425e+00 -2.465000e+01 2.210600e+01
    endloop
  endfacet
  facet normal -6.913378e-01 7.093247e-01 -1.375156e-01
    outer loop
      vertex   -4.893425e+00 -2.465000e+01 2.210600e+01
      vertex   -5.286320e+00 -2.515000e+01 2.150215e+01
      vertex   -5.394776e+00 -2.515000e+01 2.204739e+01
    endloop
  endfacet
  facet normal -6.768534e-01 7.039216e-01 -2.153226e-01
    outer loop
      vertex   -4.893425e+00 -2.465000e+01 2.210600e+01
      vertex   -5.394776e+00 -2.515000e+01 2.204739e+01
      vertex   -5.070718e+00 -2.465000e+01 2.266331e+01
    endloop
  endfacet
  facet normal -6.663474e-01 7.105049e-01 -2.261945e-01
    outer loop
      vertex   -5.070718e+00 -2.465000e+01 2.266331e+01
      vertex   -5.394776e+00 -2.515000e+01 2.204739e+01
      vertex   -5.573473e+00 -2.515000e+01 2.257382e+01
    endloop
  endfacet
  facet normal -6.461572e-01 7.029266e-01 -2.972795e-01
    outer loop
      vertex   -5.070718e+00 -2.465000e+01 2.266331e+01
      vertex   -5.573473e+00 -2.515000e+01 2.257382e+01
      vertex   -5.315153e+00 -2.465000e+01 2.319461e+01
    endloop
  endfacet
  facet normal -6.302346e-01 7.114839e-01 -3.107973e-01
    outer loop
      vertex   -5.315153e+00 -2.465000e+01 2.319461e+01
      vertex   -5.573473e+00 -2.515000e+01 2.257382e+01
      vertex   -5.819353e+00 -2.515000e+01 2.307241e+01
    endloop
  endfacet
  facet normal -6.054133e-01 7.021094e-01 -3.748561e-01
    outer loop
      vertex   -5.315153e+00 -2.465000e+01 2.319461e+01
      vertex   -5.819353e+00 -2.515000e+01 2.307241e+01
      vertex   -5.623026e+00 -2.465000e+01 2.369184e+01
    endloop
  endfacet
  facet normal -5.836180e-01 7.122642e-01 -3.899611e-01
    outer loop
      vertex   -5.623026e+00 -2.465000e+01 2.369184e+01
      vertex   -5.819353e+00 -2.515000e+01 2.307241e+01
      vertex   -6.128209e+00 -2.515000e+01 2.353465e+01
    endloop
  endfacet
  facet normal -5.552486e-01 7.014718e-01 -4.468069e-01
    outer loop
      vertex   -5.623026e+00 -2.465000e+01 2.369184e+01
      vertex   -6.128209e+00 -2.515000e+01 2.353465e+01
      vertex   -5.989669e+00 -2.465000e+01 2.414747e+01
    endloop
  endfacet
  facet normal -5.272794e-01 7.128478e-01 -4.624116e-01
    outer loop
      vertex   -5.989669e+00 -2.465000e+01 2.414747e+01
      vertex   -6.128209e+00 -2.515000e+01 2.353465e+01
      vertex   -6.494757e+00 -2.515000e+01 2.395262e+01
    endloop
  endfacet
  facet normal -4.964453e-01 7.010153e-01 -5.119762e-01
    outer loop
      vertex   -5.989669e+00 -2.465000e+01 2.414747e+01
      vertex   -6.494757e+00 -2.515000e+01 2.395262e+01
      vertex   -6.409524e+00 -2.465000e+01 2.455459e+01
    endloop
  endfacet
  facet normal -4.621513e-01 7.132360e-01 -5.269825e-01
    outer loop
      vertex   -6.409524e+00 -2.465000e+01 2.455459e+01
      vertex   -6.494757e+00 -2.515000e+01 2.395262e+01
      vertex   -6.912725e+00 -2.515000e+01 2.431916e+01
    endloop
  endfacet
  facet normal -4.299291e-01 7.007410e-01 -5.693181e-01
    outer loop
      vertex   -6.409524e+00 -2.465000e+01 2.455459e+01
      vertex   -6.912725e+00 -2.515000e+01 2.431916e+01
      vertex   -6.876227e+00 -2.465000e+01 2.490702e+01
    endloop
  endfacet
  facet normal -3.893028e-01 7.134299e-01 -5.826329e-01
    outer loop
      vertex   -6.876227e+00 -2.465000e+01 2.490702e+01
      vertex   -6.912725e+00 -2.515000e+01 2.431916e+01
      vertex   -7.374961e+00 -2.515000e+01 2.462802e+01
    endloop
  endfacet
  facet normal -3.567528e-01 7.006495e-01 -6.179140e-01
    outer loop
      vertex   -6.876227e+00 -2.465000e+01 2.490702e+01
      vertex   -7.374961e+00 -2.515000e+01 2.462802e+01
      vertex   -7.382704e+00 -2.465000e+01 2.519944e+01
    endloop
  endfacet
  facet normal -3.099235e-01 7.134299e-01 -6.284626e-01
    outer loop
      vertex   -7.382704e+00 -2.465000e+01 2.519944e+01
      vertex   -7.374961e+00 -2.515000e+01 2.462802e+01
      vertex   -7.873556e+00 -2.515000e+01 2.487390e+01
    endloop
  endfacet
  facet normal -2.780794e-01 7.007410e-01 -6.569885e-01
    outer loop
      vertex   -7.382704e+00 -2.465000e+01 2.519944e+01
      vertex   -7.873556e+00 -2.515000e+01 2.487390e+01
      vertex   -7.921276e+00 -2.465000e+01 2.542740e+01
    endloop
  endfacet
  facet normal -2.253046e-01 7.132360e-01 -6.637260e-01
    outer loop
      vertex   -7.921276e+00 -2.465000e+01 2.542740e+01
      vertex   -7.873556e+00 -2.515000e+01 2.487390e+01
      vertex   -8.399980e+00 -2.515000e+01 2.505260e+01
    endloop
  endfacet
  facet normal -1.951617e-01 7.010153e-01 -6.859223e-01
    outer loop
      vertex   -7.921276e+00 -2.465000e+01 2.542740e+01
      vertex   -8.399980e+00 -2.515000e+01 2.505260e+01
      vertex   -8.483779e+00 -2.465000e+01 2.558744e+01
    endloop
  endfacet
  facet normal -1.368205e-01 7.128478e-01 -6.878431e-01
    outer loop
      vertex   -8.483779e+00 -2.465000e+01 2.558744e+01
      vertex   -8.399980e+00 -2.515000e+01 2.505260e+01
      vertex   -8.945225e+00 -2.515000e+01 2.516105e+01
    endloop
  endfacet
  facet normal -1.093218e-01 7.014718e-01 -7.042628e-01
    outer loop
      vertex   -8.483779e+00 -2.465000e+01 2.558744e+01
      vertex   -8.945225e+00 -2.515000e+01 2.516105e+01
      vertex   -9.061686e+00 -2.465000e+01 2.567715e+01
    endloop
  endfacet
  facet normal -4.590720e-02 7.122642e-01 -7.004086e-01
    outer loop
      vertex   -9.061686e+00 -2.465000e+01 2.567715e+01
      vertex   -8.945225e+00 -2.515000e+01 2.516105e+01
      vertex   -9.499961e+00 -2.515000e+01 2.519741e+01
    endloop
  endfacet
  facet normal -2.192821e-02 7.021094e-01 -7.117314e-01
    outer loop
      vertex   -9.061686e+00 -2.465000e+01 2.567715e+01
      vertex   -9.499961e+00 -2.515000e+01 2.519741e+01
      vertex   -9.646237e+00 -2.465000e+01 2.569516e+01
    endloop
  endfacet
  facet normal 4.595893e-02 7.114839e-01 -7.011978e-01
    outer loop
      vertex   -9.646237e+00 -2.465000e+01 2.569516e+01
      vertex   -9.499961e+00 -2.515000e+01 2.519741e+01
      vertex   -1.005470e+01 -2.515000e+01 2.516105e+01
    endloop
  endfacet
  facet normal 6.562701e-02 7.029266e-01 -7.082282e-01
    outer loop
      vertex   -9.646237e+00 -2.465000e+01 2.569516e+01
      vertex   -1.005470e+01 -2.515000e+01 2.516105e+01
      vertex   -1.022857e+01 -2.465000e+01 2.564120e+01
    endloop
  endfacet
  facet normal 1.372836e-01 7.105049e-01 -6.901710e-01
    outer loop
      vertex   -1.022857e+01 -2.465000e+01 2.564120e+01
      vertex   -1.005470e+01 -2.515000e+01 2.516105e+01
      vertex   -1.059994e+01 -2.515000e+01 2.505260e+01
    endloop
  endfacet
  facet normal 1.519519e-01 7.039216e-01 -6.938335e-01
    outer loop
      vertex   -1.022857e+01 -2.465000e+01 2.564120e+01
      vertex   -1.059994e+01 -2.515000e+01 2.505260e+01
      vertex   -1.079986e+01 -2.465000e+01 2.551608e+01
    endloop
  endfacet
  facet normal 2.265769e-01 7.093247e-01 -6.674739e-01
    outer loop
      vertex   -1.079986e+01 -2.465000e+01 2.551608e+01
      vertex   -1.059994e+01 -2.515000e+01 2.505260e+01
      vertex   -1.112637e+01 -2.515000e+01 2.487390e+01
    endloop
  endfacet
  facet normal 2.356780e-01 7.050921e-01 -6.688057e-01
    outer loop
      vertex   -1.079986e+01 -2.465000e+01 2.551608e+01
      vertex   -1.112637e+01 -2.515000e+01 2.487390e+01
      vertex   -1.135144e+01 -2.465000e+01 2.532171e+01
    endloop
  endfacet
  facet normal 3.123762e-01 7.079404e-01 -6.334362e-01
    outer loop
      vertex   -1.135144e+01 -2.465000e+01 2.532171e+01
      vertex   -1.112637e+01 -2.515000e+01 2.487390e+01
      vertex   -1.162496e+01 -2.515000e+01 2.462802e+01
    endloop
  endfacet
  facet normal 3.154837e-01 7.064353e-01 -6.335766e-01
    outer loop
      vertex   -1.135144e+01 -2.465000e+01 2.532171e+01
      vertex   -1.162496e+01 -2.515000e+01 2.462802e+01
      vertex   -1.187496e+01 -2.465000e+01 2.506103e+01
    endloop
  endfacet
  facet normal 3.909516e-01 7.064353e-01 -5.900052e-01
    outer loop
      vertex   -1.187496e+01 -2.465000e+01 2.506103e+01
      vertex   -1.162496e+01 -2.515000e+01 2.462802e+01
      vertex   -1.236248e+01 -2.465000e+01 2.473799e+01
    endloop
  endfacet
  facet normal 3.923838e-01 7.079404e-01 -5.872438e-01
    outer loop
      vertex   -1.236248e+01 -2.465000e+01 2.473799e+01
      vertex   -1.162496e+01 -2.515000e+01 2.462802e+01
      vertex   -1.208720e+01 -2.515000e+01 2.431916e+01
    endloop
  endfacet
  facet normal 4.613637e-01 7.050921e-01 -5.385060e-01
    outer loop
      vertex   -1.236248e+01 -2.465000e+01 2.473799e+01
      vertex   -1.208720e+01 -2.515000e+01 2.431916e+01
      vertex   -1.280660e+01 -2.465000e+01 2.435749e+01
    endloop
  endfacet
  facet normal 4.647609e-01 7.093247e-01 -5.299583e-01
    outer loop
      vertex   -1.280660e+01 -2.465000e+01 2.435749e+01
      vertex   -1.208720e+01 -2.515000e+01 2.431916e+01
      vertex   -1.250516e+01 -2.515000e+01 2.395262e+01
    endloop
  endfacet
  facet normal 5.249015e-01 7.039216e-01 -4.785110e-01
    outer loop
      vertex   -1.280660e+01 -2.465000e+01 2.435749e+01
      vertex   -1.250516e+01 -2.515000e+01 2.395262e+01
      vertex   -1.320059e+01 -2.465000e+01 2.392530e+01
    endloop
  endfacet
  facet normal 5.290639e-01 7.105049e-01 -4.639766e-01
    outer loop
      vertex   -1.320059e+01 -2.465000e+01 2.392530e+01
      vertex   -1.250516e+01 -2.515000e+01 2.395262e+01
      vertex   -1.287171e+01 -2.515000e+01 2.353465e+01
    endloop
  endfacet
  facet normal 5.805301e-01 7.029266e-01 -4.109488e-01
    outer loop
      vertex   -1.320059e+01 -2.465000e+01 2.392530e+01
      vertex   -1.287171e+01 -2.515000e+01 2.353465e+01
      vertex   -1.353849e+01 -2.465000e+01 2.344796e+01
    endloop
  endfacet
  facet normal 5.842757e-01 7.114839e-01 -3.904005e-01
    outer loop
      vertex   -1.353849e+01 -2.465000e+01 2.344796e+01
      vertex   -1.287171e+01 -2.515000e+01 2.353465e+01
      vertex   -1.318057e+01 -2.515000e+01 2.307241e+01
    endloop
  endfacet
  facet normal 6.273416e-01 7.021094e-01 -3.368753e-01
    outer loop
      vertex   -1.353849e+01 -2.465000e+01 2.344796e+01
      vertex   -1.318057e+01 -2.515000e+01 2.307241e+01
      vertex   -1.381517e+01 -2.465000e+01 2.293272e+01
    endloop
  endfacet
  facet normal 6.295252e-01 7.122642e-01 -3.104475e-01
    outer loop
      vertex   -1.381517e+01 -2.465000e+01 2.293272e+01
      vertex   -1.318057e+01 -2.515000e+01 2.307241e+01
      vertex   -1.342645e+01 -2.515000e+01 2.257382e+01
    endloop
  endfacet
  facet normal 6.645704e-01 7.014718e-01 -2.574559e-01
    outer loop
      vertex   -1.381517e+01 -2.465000e+01 2.293272e+01
      vertex   -1.342645e+01 -2.515000e+01 2.257382e+01
      vertex   -1.402644e+01 -2.465000e+01 2.238739e+01
    endloop
  endfacet
  facet normal 6.640999e-01 7.128478e-01 -2.254315e-01
    outer loop
      vertex   -1.402644e+01 -2.465000e+01 2.238739e+01
      vertex   -1.342645e+01 -2.515000e+01 2.257382e+01
      vertex   -1.360515e+01 -2.515000e+01 2.204739e+01
    endloop
  endfacet
  facet normal 6.916070e-01 7.010153e-01 -1.739462e-01
    outer loop
      vertex   -1.402644e+01 -2.465000e+01 2.238739e+01
      vertex   -1.360515e+01 -2.515000e+01 2.204739e+01
      vertex   -1.416908e+01 -2.465000e+01 2.182022e+01
    endloop
  endfacet
  facet normal 6.874559e-01 7.132360e-01 -1.367435e-01
    outer loop
      vertex   -1.416908e+01 -2.465000e+01 2.182022e+01
      vertex   -1.360515e+01 -2.515000e+01 2.204739e+01
      vertex   -1.371360e+01 -2.515000e+01 2.150215e+01
    endloop
  endfacet
  facet normal 7.080085e-01 7.007410e-01 -8.767045e-02
    outer loop
      vertex   -1.416908e+01 -2.465000e+01 2.182022e+01
      vertex   -1.371360e+01 -2.515000e+01 2.150215e+01
      vertex   -1.424095e+01 -2.465000e+01 2.123983e+01
    endloop
  endfacet
  facet normal 6.992263e-01 7.134299e-01 -4.582971e-02
    outer loop
      vertex   -1.424095e+01 -2.465000e+01 2.123983e+01
      vertex   -1.371360e+01 -2.515000e+01 2.150215e+01
      vertex   -1.374996e+01 -2.515000e+01 2.094741e+01
    endloop
  endfacet
  facet normal 7.135057e-01 7.006495e-01 0.000000e+00
    outer loop
      vertex   -1.424095e+01 -2.465000e+01 2.123983e+01
      vertex   -1.374996e+01 -2.515000e+01 2.094741e+01
      vertex   -1.424095e+01 -2.465000e+01 2.065500e+01
    endloop
  endfacet
  facet normal 6.992263e-01 7.134299e-01 4.582971e-02
    outer loop
      vertex   -1.424095e+01 -2.465000e+01 2.065500e+01
      vertex   -1.374996e+01 -2.515000e+01 2.094741e+01
      vertex   -1.371360e+01 -2.515000e+01 2.039268e+01
    endloop
  endfacet
  facet normal 7.080085e-01 7.007410e-01 8.767045e-02
    outer loop
      vertex   -1.424095e+01 -2.465000e+01 2.065500e+01
      vertex   -1.371360e+01 -2.515000e+01 2.039268e+01
      vertex   -1.416908e+01 -2.465000e+01 2.007460e+01
    endloop
  endfacet
  facet normal 6.874559e-01 7.132360e-01 1.367435e-01
    outer loop
      vertex   -1.416908e+01 -2.465000e+01 2.007460e+01
      vertex   -1.371360e+01 -2.515000e+01 2.039268e+01
      vertex   -1.360515e+01 -2.515000e+01 1.984743e+01
    endloop
  endfacet
  facet normal 6.916070e-01 7.010153e-01 1.739462e-01
    outer loop
      vertex   -1.416908e+01 -2.465000e+01 2.007460e+01
      vertex   -1.360515e+01 -2.515000e+01 1.984743e+01
      vertex   -1.402644e+01 -2.465000e+01 1.950744e+01
    endloop
  endfacet
  facet normal 6.640999e-01 7.128478e-01 2.254315e-01
    outer loop
      vertex   -1.402644e+01 -2.465000e+01 1.950744e+01
      vertex   -1.360515e+01 -2.515000e+01 1.984743e+01
      vertex   -1.342645e+01 -2.515000e+01 1.932101e+01
    endloop
  endfacet
  facet normal 6.645704e-01 7.014718e-01 2.574559e-01
    outer loop
      vertex   -1.402644e+01 -2.465000e+01 1.950744e+01
      vertex   -1.342645e+01 -2.515000e+01 1.932101e+01
      vertex   -1.381517e+01 -2.465000e+01 1.896210e+01
    endloop
  endfacet
  facet normal 6.295252e-01 7.122642e-01 3.104475e-01
    outer loop
      vertex   -1.381517e+01 -2.465000e+01 1.896210e+01
      vertex   -1.342645e+01 -2.515000e+01 1.932101e+01
      vertex   -1.318057e+01 -2.515000e+01 1.882241e+01
    endloop
  endfacet
  facet normal 6.273416e-01 7.021094e-01 3.368753e-01
    outer loop
      vertex   -1.381517e+01 -2.465000e+01 1.896210e+01
      vertex   -1.318057e+01 -2.515000e+01 1.882241e+01
      vertex   -1.353849e+01 -2.465000e+01 1.844686e+01
    endloop
  endfacet
  facet normal 5.842757e-01 7.114839e-01 3.904005e-01
    outer loop
      vertex   -1.353849e+01 -2.465000e+01 1.844686e+01
      vertex   -1.318057e+01 -2.515000e+01 1.882241e+01
      vertex   -1.287171e+01 -2.515000e+01 1.836018e+01
    endloop
  endfacet
  facet normal 5.805301e-01 7.029266e-01 4.109488e-01
    outer loop
      vertex   -1.353849e+01 -2.465000e+01 1.844686e+01
      vertex   -1.287171e+01 -2.515000e+01 1.836018e+01
      vertex   -1.320059e+01 -2.465000e+01 1.796952e+01
    endloop
  endfacet
  facet normal 5.290639e-01 7.105049e-01 4.639766e-01
    outer loop
      vertex   -1.320059e+01 -2.465000e+01 1.796952e+01
      vertex   -1.287171e+01 -2.515000e+01 1.836018e+01
      vertex   -1.250516e+01 -2.515000e+01 1.794221e+01
    endloop
  endfacet
  facet normal 5.249015e-01 7.039216e-01 4.785110e-01
    outer loop
      vertex   -1.320059e+01 -2.465000e+01 1.796952e+01
      vertex   -1.250516e+01 -2.515000e+01 1.794221e+01
      vertex   -1.280660e+01 -2.465000e+01 1.753733e+01
    endloop
  endfacet
  facet normal 4.647609e-01 7.093247e-01 5.299583e-01
    outer loop
      vertex   -1.280660e+01 -2.465000e+01 1.753733e+01
      vertex   -1.250516e+01 -2.515000e+01 1.794221e+01
      vertex   -1.208720e+01 -2.515000e+01 1.757566e+01
    endloop
  endfacet
  facet normal 4.613637e-01 7.050921e-01 5.385060e-01
    outer loop
      vertex   -1.280660e+01 -2.465000e+01 1.753733e+01
      vertex   -1.208720e+01 -2.515000e+01 1.757566e+01
      vertex   -1.236248e+01 -2.465000e+01 1.715683e+01
    endloop
  endfacet
  facet normal 3.923838e-01 7.079404e-01 5.872438e-01
    outer loop
      vertex   -1.236248e+01 -2.465000e+01 1.715683e+01
      vertex   -1.208720e+01 -2.515000e+01 1.757566e+01
      vertex   -1.162496e+01 -2.515000e+01 1.726680e+01
    endloop
  endfacet
  facet normal 3.909516e-01 7.064353e-01 5.900052e-01
    outer loop
      vertex   -1.236248e+01 -2.465000e+01 1.715683e+01
      vertex   -1.162496e+01 -2.515000e+01 1.726680e+01
      vertex   -1.187496e+01 -2.465000e+01 1.683379e+01
    endloop
  endfacet
  facet normal 3.154837e-01 7.064353e-01 6.335766e-01
    outer loop
      vertex   -1.187496e+01 -2.465000e+01 1.683379e+01
      vertex   -1.162496e+01 -2.515000e+01 1.726680e+01
      vertex   -1.135144e+01 -2.465000e+01 1.657311e+01
    endloop
  endfacet
  facet normal 3.123762e-01 7.079404e-01 6.334362e-01
    outer loop
      vertex   -1.135144e+01 -2.465000e+01 1.657311e+01
      vertex   -1.162496e+01 -2.515000e+01 1.726680e+01
      vertex   -1.112637e+01 -2.515000e+01 1.702092e+01
    endloop
  endfacet
  facet normal 2.356780e-01 7.050921e-01 6.688057e-01
    outer loop
      vertex   -1.135144e+01 -2.465000e+01 1.657311e+01
      vertex   -1.112637e+01 -2.515000e+01 1.702092e+01
      vertex   -1.079986e+01 -2.465000e+01 1.637874e+01
    endloop
  endfacet
  facet normal 2.265769e-01 7.093247e-01 6.674739e-01
    outer loop
      vertex   -1.079986e+01 -2.465000e+01 1.637874e+01
      vertex   -1.112637e+01 -2.515000e+01 1.702092e+01
      vertex   -1.059994e+01 -2.515000e+01 1.684223e+01
    endloop
  endfacet
  facet normal 1.519519e-01 7.039216e-01 6.938335e-01
    outer loop
      vertex   -1.079986e+01 -2.465000e+01 1.637874e+01
      vertex   -1.059994e+01 -2.515000e+01 1.684223e+01
      vertex   -1.022857e+01 -2.465000e+01 1.625363e+01
    endloop
  endfacet
  facet normal 1.372836e-01 7.105049e-01 6.901710e-01
    outer loop
      vertex   -1.022857e+01 -2.465000e+01 1.625363e+01
      vertex   -1.059994e+01 -2.515000e+01 1.684223e+01
      vertex   -1.005470e+01 -2.515000e+01 1.673377e+01
    endloop
  endfacet
  facet normal 6.562701e-02 7.029266e-01 7.082282e-01
    outer loop
      vertex   -1.022857e+01 -2.465000e+01 1.625363e+01
      vertex   -1.005470e+01 -2.515000e+01 1.673377e+01
      vertex   -9.646237e+00 -2.465000e+01 1.619966e+01
    endloop
  endfacet
  facet normal 4.595893e-02 7.114839e-01 7.011978e-01
    outer loop
      vertex   -9.646237e+00 -2.465000e+01 1.619966e+01
      vertex   -1.005470e+01 -2.515000e+01 1.673377e+01
      vertex   -9.499961e+00 -2.515000e+01 1.669741e+01
    endloop
  endfacet
  facet normal -2.192821e-02 7.021094e-01 7.117314e-01
    outer loop
      vertex   -9.646237e+00 -2.465000e+01 1.619966e+01
      vertex   -9.499961e+00 -2.515000e+01 1.669741e+01
      vertex   -9.061686e+00 -2.465000e+01 1.621767e+01
    endloop
  endfacet
  facet normal -4.590720e-02 7.122642e-01 7.004086e-01
    outer loop
      vertex   -9.061686e+00 -2.465000e+01 1.621767e+01
      vertex   -9.499961e+00 -2.515000e+01 1.669741e+01
      vertex   -8.945225e+00 -2.515000e+01 1.673377e+01
    endloop
  endfacet
  facet normal -1.093218e-01 7.014718e-01 7.042628e-01
    outer loop
      vertex   -9.061686e+00 -2.465000e+01 1.621767e+01
      vertex   -8.945225e+00 -2.515000e+01 1.673377e+01
      vertex   -8.483779e+00 -2.465000e+01 1.630738e+01
    endloop
  endfacet
  facet normal -1.368205e-01 7.128478e-01 6.878431e-01
    outer loop
      vertex   -8.483779e+00 -2.465000e+01 1.630738e+01
      vertex   -8.945225e+00 -2.515000e+01 1.673377e+01
      vertex   -8.399980e+00 -2.515000e+01 1.684223e+01
    endloop
  endfacet
  facet normal -1.951617e-01 7.010153e-01 6.859223e-01
    outer loop
      vertex   -8.483779e+00 -2.465000e+01 1.630738e+01
      vertex   -8.399980e+00 -2.515000e+01 1.684223e+01
      vertex   -7.921276e+00 -2.465000e+01 1.646743e+01
    endloop
  endfacet
  facet normal -2.253046e-01 7.132360e-01 6.637260e-01
    outer loop
      vertex   -7.921276e+00 -2.465000e+01 1.646743e+01
      vertex   -8.399980e+00 -2.515000e+01 1.684223e+01
      vertex   -7.873556e+00 -2.515000e+01 1.702092e+01
    endloop
  endfacet
  facet normal -2.780794e-01 7.007410e-01 6.569885e-01
    outer loop
      vertex   -7.921276e+00 -2.465000e+01 1.646743e+01
      vertex   -7.873556e+00 -2.515000e+01 1.702092e+01
      vertex   -7.382704e+00 -2.465000e+01 1.669539e+01
    endloop
  endfacet
  facet normal -3.099235e-01 7.134299e-01 6.284626e-01
    outer loop
      vertex   -7.382704e+00 -2.465000e+01 1.669539e+01
      vertex   -7.873556e+00 -2.515000e+01 1.702092e+01
      vertex   -7.374961e+00 -2.515000e+01 1.726680e+01
    endloop
  endfacet
  facet normal -3.567528e-01 7.006495e-01 6.179140e-01
    outer loop
      vertex   -7.382704e+00 -2.465000e+01 1.669539e+01
      vertex   -7.374961e+00 -2.515000e+01 1.726680e+01
      vertex   -6.876227e+00 -2.465000e+01 1.698780e+01
    endloop
  endfacet
  facet normal -3.893028e-01 7.134299e-01 5.826329e-01
    outer loop
      vertex   -6.876227e+00 -2.465000e+01 1.698780e+01
      vertex   -7.374961e+00 -2.515000e+01 1.726680e+01
      vertex   -6.912725e+00 -2.515000e+01 1.757566e+01
    endloop
  endfacet
  facet normal -4.299291e-01 7.007410e-01 5.693181e-01
    outer loop
      vertex   -6.876227e+00 -2.465000e+01 1.698780e+01
      vertex   -6.912725e+00 -2.515000e+01 1.757566e+01
      vertex   -6.409524e+00 -2.465000e+01 1.734024e+01
    endloop
  endfacet
  facet normal -4.621513e-01 7.132360e-01 5.269825e-01
    outer loop
      vertex   -6.409524e+00 -2.465000e+01 1.734024e+01
      vertex   -6.912725e+00 -2.515000e+01 1.757566e+01
      vertex   -6.494757e+00 -2.515000e+01 1.794221e+01
    endloop
  endfacet
  facet normal -4.964453e-01 7.010153e-01 5.119762e-01
    outer loop
      vertex   -6.409524e+00 -2.465000e+01 1.734024e+01
      vertex   -6.494757e+00 -2.515000e+01 1.794221e+01
      vertex   -5.989669e+00 -2.465000e+01 1.774736e+01
    endloop
  endfacet
  facet normal -5.272794e-01 7.128478e-01 4.624116e-01
    outer loop
      vertex   -5.989669e+00 -2.465000e+01 1.774736e+01
      vertex   -6.494757e+00 -2.515000e+01 1.794221e+01
      vertex   -6.128209e+00 -2.515000e+01 1.836018e+01
    endloop
  endfacet
  facet normal -5.552486e-01 7.014718e-01 4.468069e-01
    outer loop
      vertex   -5.989669e+00 -2.465000e+01 1.774736e+01
      vertex   -6.128209e+00 -2.515000e+01 1.836018e+01
      vertex   -5.623026e+00 -2.465000e+01 1.820299e+01
    endloop
  endfacet
  facet normal -5.836180e-01 7.122642e-01 3.899611e-01
    outer loop
      vertex   -5.623026e+00 -2.465000e+01 1.820299e+01
      vertex   -6.128209e+00 -2.515000e+01 1.836018e+01
      vertex   -5.819353e+00 -2.515000e+01 1.882241e+01
    endloop
  endfacet
  facet normal -6.054133e-01 7.021094e-01 3.748561e-01
    outer loop
      vertex   -5.623026e+00 -2.465000e+01 1.820299e+01
      vertex   -5.819353e+00 -2.515000e+01 1.882241e+01
      vertex   -5.315153e+00 -2.465000e+01 1.870022e+01
    endloop
  endfacet
  facet normal -6.302346e-01 7.114839e-01 3.107973e-01
    outer loop
      vertex   -5.315153e+00 -2.465000e+01 1.870022e+01
      vertex   -5.819353e+00 -2.515000e+01 1.882241e+01
      vertex   -5.573473e+00 -2.515000e+01 1.932101e+01
    endloop
  endfacet
  facet normal -6.461572e-01 7.029266e-01 2.972795e-01
    outer loop
      vertex   -5.315153e+00 -2.465000e+01 1.870022e+01
      vertex   -5.573473e+00 -2.515000e+01 1.932101e+01
      vertex   -5.070718e+00 -2.465000e+01 1.923151e+01
    endloop
  endfacet
  facet normal -6.663474e-01 7.105049e-01 2.261945e-01
    outer loop
      vertex   -5.070718e+00 -2.465000e+01 1.923151e+01
      vertex   -5.573473e+00 -2.515000e+01 1.932101e+01
      vertex   -5.394776e+00 -2.515000e+01 1.984743e+01
    endloop
  endfacet
  facet normal -6.768534e-01 7.039216e-01 2.153226e-01
    outer loop
      vertex   -5.070718e+00 -2.465000e+01 1.923151e+01
      vertex   -5.394776e+00 -2.515000e+01 1.984743e+01
      vertex   -4.893425e+00 -2.465000e+01 1.978882e+01
    endloop
  endfacet
  facet normal -6.913378e-01 7.093247e-01 1.375156e-01
    outer loop
      vertex   -4.893425e+00 -2.465000e+01 1.978882e+01
      vertex   -5.394776e+00 -2.515000e+01 1.984743e+01
      vertex   -5.286320e+00 -2.515000e+01 2.039268e+01
    endloop
  endfacet
  facet normal -6.970417e-01 7.050921e-01 1.302997e-01
    outer loop
      vertex   -4.893425e+00 -2.465000e+01 1.978882e+01
      vertex   -5.286320e+00 -2.515000e+01 2.039268e+01
      vertex   -4.785963e+00 -2.465000e+01 2.036369e+01
    endloop
  endfacet
  facet normal -7.047600e-01 7.079404e-01 4.619241e-02
    outer loop
      vertex   -4.785963e+00 -2.465000e+01 2.036369e+01
      vertex   -5.286320e+00 -2.515000e+01 2.039268e+01
      vertex   -5.249961e+00 -2.515000e+01 2.094741e+01
    endloop
  endfacet
  facet normal 1.167868e-12 1.000000e+00 -7.828437e-12
    outer loop
      vertex   1.622084e-01 -2.465000e+01 2.077739e+01
      vertex   -4.785963e+00 -2.465000e+01 2.036369e+01
      vertex   7.095630e-02 -2.465000e+01 2.108826e+01
    endloop
  endfacet
  facet normal 0.000000e+00 1.000000e+00 0.000000e+00
    outer loop
      vertex   7.095630e-02 -2.465000e+01 2.108826e+01
      vertex   -4.785963e+00 -2.465000e+01 2.036369e+01
      vertex   -4.749961e+00 -2.465000e+01 2.094741e+01
    endloop
  endfacet
  facet normal 0.000000e+00 1.000000e+00 0.000000e+00
    outer loop
      vertex   7.095630e-02 -2.465000e+01 2.108826e+01
      vertex   -4.749961e+00 -2.465000e+01 2.094741e+01
      vertex   2.287788e-02 -2.465000e+01 2.191583e+01
    endloop
  endfacet
  facet normal 0.000000e+00 1.000000e+00 0.000000e+00
    outer loop
      vertex   2.287788e-02 -2.465000e+01 2.191583e+01
      vertex   -4.749961e+00 -2.465000e+01 2.094741e+01
      vertex   -4.785963e+00 -2.465000e+01 2.153113e+01
    endloop
  endfacet
  facet normal 0.000000e+00 1.000000e+00 0.000000e+00
    outer loop
      vertex   2.287788e-02 -2.465000e+01 2.191583e+01
      vertex   -4.785963e+00 -2.465000e+01 2.153113e+01
      vertex   -9.662356e-02 -2.465000e+01 2.273614e+01
    endloop
  endfacet
  facet normal 0.000000e+00 1.000000e+00 0.000000e+00
    outer loop
      vertex   -9.662356e-02 -2.465000e+01 2.273614e+01
      vertex   -4.785963e+00 -2.465000e+01 2.153113e+01
      vertex   -2.866518e-01 -2.465000e+01 2.354303e+01
    endloop
  endfacet
  facet normal 0.000000e+00 1.000000e+00 0.000000e+00
    outer loop
      vertex   -2.866518e-01 -2.465000e+01 2.354303e+01
      vertex   -4.785963e+00 -2.465000e+01 2.153113e+01
      vertex   -4.893425e+00 -2.465000e+01 2.210600e+01
    endloop
  endfacet
  facet normal 0.000000e+00 1.000000e+00 0.000000e+00
    outer loop
      vertex   -2.866518e-01 -2.465000e+01 2.354303e+01
      vertex   -4.893425e+00 -2.465000e+01 2.210600e+01
      vertex   -5.457815e-01 -2.465000e+01 2.433045e+01
    endloop
  endfacet
  facet normal 0.000000e+00 1.000000e+00 0.000000e+00
    outer loop
      vertex   -5.457815e-01 -2.465000e+01 2.433045e+01
      vertex   -4.893425e+00 -2.465000e+01 2.210600e+01
      vertex   -5.070718e+00 -2.465000e+01 2.266331e+01
    endloop
  endfacet
  facet normal 0.000000e+00 1.000000e+00 0.000000e+00
    outer loop
      vertex   -5.457815e-01 -2.465000e+01 2.433045e+01
      vertex   -5.070718e+00 -2.465000e+01 2.266331e+01
      vertex   -8.720691e-01 -2.465000e+01 2.509250e+01
    endloop
  endfacet
  facet normal 0.000000e+00 1.000000e+00 0.000000e+00
    outer loop
      vertex   -8.720691e-01 -2.465000e+01 2.509250e+01
      vertex   -5.070718e+00 -2.465000e+01 2.266331e+01
      vertex   -1.263068e+00 -2.465000e+01 2.582346e+01
    endloop
  endfacet
  facet normal 0.000000e+00 1.000000e+00 0.000000e+00
    outer loop
      vertex   -1.263068e+00 -2.465000e+01 2.582346e+01
      vertex   -5.070718e+00 -2.465000e+01 2.266331e+01
      vertex   -5.315153e+00 -2.465000e+01 2.319461e+01
    endloop
  endfacet
  facet normal 0.000000e+00 1.000000e+00 0.000000e+00
    outer loop
      vertex   -1.263068e+00 -2.465000e+01 2.582346e+01
      vertex   -5.315153e+00 -2.465000e+01 2.319461e+01
      vertex   -1.715844e+00 -2.465000e+01 2.651785e+01
    endloop
  endfacet
  facet normal 0.000000e+00 1.000000e+00 0.000000e+00
    outer loop
      vertex   -1.715844e+00 -2.465000e+01 2.651785e+01
      vertex   -5.315153e+00 -2.465000e+01 2.319461e+01
      vertex   -2.227003e+00 -2.465000e+01 2.717046e+01
    endloop
  endfacet
  facet normal 0.000000e+00 1.000000e+00 0.000000e+00
    outer loop
      vertex   -2.227003e+00 -2.465000e+01 2.717046e+01
      vertex   -5.315153e+00 -2.465000e+01 2.319461e+01
      vertex   -5.623026e+00 -2.465000e+01 2.369184e+01
    endloop
  endfacet
  facet normal 0.000000e+00 1.000000e+00 0.000000e+00
    outer loop
      vertex   -2.227003e+00 -2.465000e+01 2.717046e+01
      vertex   -5.623026e+00 -2.465000e+01 2.369184e+01
      vertex   -2.792711e+00 -2.465000e+01 2.777640e+01
    endloop
  endfacet
  facet normal 0.000000e+00 1.000000e+00 0.000000e+00
    outer loop
      vertex   -2.792711e+00 -2.465000e+01 2.777640e+01
      vertex   -5.623026e+00 -2.465000e+01 2.369184e+01
      vertex   -5.989669e+00 -2.465000e+01 2.414747e+01
    endloop
  endfacet
  facet normal 0.000000e+00 1.000000e+00 0.000000e+00
    outer loop
      vertex   -2.792711e+00 -2.465000e+01 2.777640e+01
      vertex   -5.989669e+00 -2.465000e+01 2.414747e+01
      vertex   -3.408724e+00 -2.465000e+01 2.833112e+01
    endloop
  endfacet
  facet normal 0.000000e+00 1.000000e+00 0.000000e+00
    outer loop
      vertex   -3.408724e+00 -2.465000e+01 2.833112e+01
      vertex   -5.989669e+00 -2.465000e+01 2.414747e+01
      vertex   -6.409524e+00 -2.465000e+01 2.455459e+01
    endloop
  endfacet
  facet normal 0.000000e+00 1.000000e+00 0.000000e+00
    outer loop
      vertex   -3.408724e+00 -2.465000e+01 2.833112e+01
      vertex   -6.409524e+00 -2.465000e+01 2.455459e+01
      vertex   -4.070422e+00 -2.465000e+01 2.883046e+01
    endloop
  endfacet
  facet normal 0.000000e+00 1.000000e+00 0.000000e+00
    outer loop
      vertex   -4.070422e+00 -2.465000e+01 2.883046e+01
      vertex   -6.409524e+00 -2.465000e+01 2.455459e+01
      vertex   -4.772843e+00 -2.465000e+01 2.927067e+01
    endloop
  endfacet
  facet normal 0.000000e+00 1.000000e+00 0.000000e+00
    outer loop
      vertex   -4.772843e+00 -2.465000e+01 2.927067e+01
      vertex   -6.409524e+00 -2.465000e+01 2.455459e+01
      vertex   -6.876227e+00 -2.465000e+01 2.490702e+01
    endloop
  endfacet
  facet normal 0.000000e+00 1.000000e+00 0.000000e+00
    outer loop
      vertex   -4.772843e+00 -2.465000e+01 2.927067e+01
      vertex   -6.876227e+00 -2.465000e+01 2.490702e+01
      vertex   -5.510718e+00 -2.465000e+01 2.964846e+01
    endloop
  endfacet
  facet normal 0.000000e+00 1.000000e+00 0.000000e+00
    outer loop
      vertex   -5.510718e+00 -2.465000e+01 2.964846e+01
      vertex   -6.876227e+00 -2.465000e+01 2.490702e+01
      vertex   -7.382704e+00 -2.465000e+01 2.519944e+01
    endloop
  endfacet
  facet normal 0.000000e+00 1.000000e+00 0.000000e+00
    outer loop
      vertex   -5.510718e+00 -2.465000e+01 2.964846e+01
      vertex   -7.382704e+00 -2.465000e+01 2.519944e+01
      vertex   -6.278514e+00 -2.465000e+01 2.996099e+01
    endloop
  endfacet
  facet normal 0.000000e+00 1.000000e+00 0.000000e+00
    outer loop
      vertex   -6.278514e+00 -2.465000e+01 2.996099e+01
      vertex   -7.382704e+00 -2.465000e+01 2.519944e+01
      vertex   -7.921276e+00 -2.465000e+01 2.542740e+01
    endloop
  endfacet
  facet normal 0.000000e+00 1.000000e+00 0.000000e+00
    outer loop
      vertex   -6.278514e+00 -2.465000e+01 2.996099e+01
      vertex   -7.921276e+00 -2.465000e+01 2.542740e+01
      vertex   -7.070470e+00 -2.465000e+01 3.020591e+01
    endloop
  endfacet
  facet normal 0.000000e+00 1.000000e+00 0.000000e+00
    outer loop
      vertex   -7.070470e+00 -2.465000e+01 3.020591e+01
      vertex   -7.921276e+00 -2.465000e+01 2.542740e+01
      vertex   -8.483779e+00 -2.465000e+01 2.558744e+01
    endloop
  endfacet
  facet normal 0.000000e+00 1.000000e+00 0.000000e+00
    outer loop
      vertex   -7.070470e+00 -2.465000e+01 3.020591e+01
      vertex   -8.483779e+00 -2.465000e+01 2.558744e+01
      vertex   -7.880649e+00 -2.465000e+01 3.038140e+01
    endloop
  endfacet
  facet normal 0.000000e+00 1.000000e+00 0.000000e+00
    outer loop
      vertex   -7.880649e+00 -2.465000e+01 3.038140e+01
      vertex   -8.483779e+00 -2.465000e+01 2.558744e+01
      vertex   -9.061686e+00 -2.465000e+01 2.567715e+01
    endloop
  endfacet
  facet normal 0.000000e+00 1.000000e+00 0.000000e+00
    outer loop
      vertex   -7.880649e+00 -2.465000e+01 3.038140e+01
      vertex   -9.061686e+00 -2.465000e+01 2.567715e+01
      vertex   -8.702972e+00 -2.465000e+01 3.048613e+01
    endloop
  endfacet
  facet normal 0.000000e+00 1.000000e+00 0.000000e+00
    outer loop
      vertex   -8.702972e+00 -2.465000e+01 3.048613e+01
      vertex   -9.061686e+00 -2.465000e+01 2.567715e+01
      vertex   -9.531273e+00 -2.465000e+01 3.051931e+01
    endloop
  endfacet
  facet normal 0.000000e+00 1.000000e+00 0.000000e+00
    outer loop
      vertex   -9.531273e+00 -2.465000e+01 3.051931e+01
      vertex   -9.061686e+00 -2.465000e+01 2.567715e+01
      vertex   -9.646237e+00 -2.465000e+01 2.569516e+01
    endloop
  endfacet
  facet normal 0.000000e+00 1.000000e+00 0.000000e+00
    outer loop
      vertex   -9.531273e+00 -2.465000e+01 3.051931e+01
      vertex   -9.646237e+00 -2.465000e+01 2.569516e+01
      vertex   -1.035934e+01 -2.465000e+01 3.048071e+01
    endloop
  endfacet
  facet normal 0.000000e+00 1.000000e+00 0.000000e+00
    outer loop
      vertex   -1.035934e+01 -2.465000e+01 3.048071e+01
      vertex   -9.646237e+00 -2.465000e+01 2.569516e+01
      vertex   -1.022857e+01 -2.465000e+01 2.564120e+01
    endloop
  endfacet
  facet normal 0.000000e+00 1.000000e+00 0.000000e+00
    outer loop
      vertex   -1.035934e+01 -2.465000e+01 3.048071e+01
      vertex   -1.022857e+01 -2.465000e+01 2.564120e+01
      vertex   -1.118096e+01 -2.465000e+01 3.037060e+01
    endloop
  endfacet
  facet normal 0.000000e+00 1.000000e+00 0.000000e+00
    outer loop
      vertex   -1.118096e+01 -2.465000e+01 3.037060e+01
      vertex   -1.022857e+01 -2.465000e+01 2.564120e+01
      vertex   -1.079986e+01 -2.465000e+01 2.551608e+01
    endloop
  endfacet
  facet normal 0.000000e+00 1.000000e+00 0.000000e+00
    outer loop
      vertex   -1.118096e+01 -2.465000e+01 3.037060e+01
      vertex   -1.079986e+01 -2.465000e+01 2.551608e+01
      vertex   -1.198997e+01 -2.465000e+01 3.018982e+01
    endloop
  endfacet
  facet normal 0.000000e+00 1.000000e+00 0.000000e+00
    outer loop
      vertex   -1.198997e+01 -2.465000e+01 3.018982e+01
      vertex   -1.079986e+01 -2.465000e+01 2.551608e+01
      vertex   -1.135144e+01 -2.465000e+01 2.532171e+01
    endloop
  endfacet
  facet normal 0.000000e+00 1.000000e+00 0.000000e+00
    outer loop
      vertex   -1.198997e+01 -2.465000e+01 3.018982e+01
      vertex   -1.135144e+01 -2.465000e+01 2.532171e+01
      vertex   -1.278031e+01 -2.465000e+01 2.993972e+01
    endloop
  endfacet
  facet normal 0.000000e+00 1.000000e+00 0.000000e+00
    outer loop
      vertex   -1.278031e+01 -2.465000e+01 2.993972e+01
      vertex   -1.135144e+01 -2.465000e+01 2.532171e+01
      vertex   -1.187496e+01 -2.465000e+01 2.506103e+01
    endloop
  endfacet
  facet normal 0.000000e+00 1.000000e+00 0.000000e+00
    outer loop
      vertex   -1.278031e+01 -2.465000e+01 2.993972e+01
      vertex   -1.187496e+01 -2.465000e+01 2.506103e+01
      vertex   -1.354604e+01 -2.465000e+01 2.962217e+01
    endloop
  endfacet
  facet normal 0.000000e+00 1.000000e+00 0.000000e+00
    outer loop
      vertex   -1.354604e+01 -2.465000e+01 2.962217e+01
      vertex   -1.187496e+01 -2.465000e+01 2.506103e+01
      vertex   -1.428143e+01 -2.465000e+01 2.923957e+01
    endloop
  endfacet
  facet normal 0.000000e+00 1.000000e+00 0.000000e+00
    outer loop
      vertex   -1.428143e+01 -2.465000e+01 2.923957e+01
      vertex   -1.187496e+01 -2.465000e+01 2.506103e+01
      vertex   -1.236248e+01 -2.465000e+01 2.473799e+01
    endloop
  endfacet
  facet normal 0.000000e+00 1.000000e+00 0.000000e+00
    outer loop
      vertex   -1.428143e+01 -2.465000e+01 2.923957e+01
      vertex   -1.236248e+01 -2.465000e+01 2.473799e+01
      vertex   -1.498096e+01 -2.465000e+01 2.879477e+01
    endloop
  endfacet
  facet normal 0.000000e+00 1.000000e+00 0.000000e+00
    outer loop
      vertex   -1.498096e+01 -2.465000e+01 2.879477e+01
      vertex   -1.236248e+01 -2.465000e+01 2.473799e+01
      vertex   -1.280660e+01 -2.465000e+01 2.435749e+01
    endloop
  endfacet
  facet normal 0.000000e+00 1.000000e+00 0.000000e+00
    outer loop
      vertex   -1.498096e+01 -2.465000e+01 2.879477e+01
      vertex   -1.280660e+01 -2.465000e+01 2.435749e+01
      vertex   -1.563938e+01 -2.465000e+01 2.829111e+01
    endloop
  endfacet
  facet normal 0.000000e+00 1.000000e+00 0.000000e+00
    outer loop
      vertex   -1.563938e+01 -2.465000e+01 2.829111e+01
      vertex   -1.280660e+01 -2.465000e+01 2.435749e+01
      vertex   -1.320059e+01 -2.465000e+01 2.392530e+01
    endloop
  endfacet
  facet normal 0.000000e+00 1.000000e+00 0.000000e+00
    outer loop
      vertex   -1.563938e+01 -2.465000e+01 2.829111e+01
      vertex   -1.320059e+01 -2.465000e+01 2.392530e+01
      vertex   -1.625175e+01 -2.465000e+01 2.773237e+01
    endloop
  endfacet
  facet normal 0.000000e+00 1.000000e+00 0.000000e+00
    outer loop
      vertex   -1.625175e+01 -2.465000e+01 2.773237e+01
      vertex   -1.320059e+01 -2.465000e+01 2.392530e+01
      vertex   -1.681348e+01 -2.465000e+01 2.712275e+01
    endloop
  endfacet
  facet normal 0.000000e+00 1.000000e+00 0.000000e+00
    outer loop
      vertex   -1.681348e+01 -2.465000e+01 2.712275e+01
      vertex   -1.320059e+01 -2.465000e+01 2.392530e+01
      vertex   -1.353849e+01 -2.465000e+01 2.344796e+01
    endloop
  endfacet
  facet normal 0.000000e+00 1.000000e+00 0.000000e+00
    outer loop
      vertex   -1.681348e+01 -2.465000e+01 2.712275e+01
      vertex   -1.353849e+01 -2.465000e+01 2.344796e+01
      vertex   -1.732036e+01 -2.465000e+01 2.646681e+01
    endloop
  endfacet
  facet normal 0.000000e+00 1.000000e+00 0.000000e+00
    outer loop
      vertex   -1.732036e+01 -2.465000e+01 2.646681e+01
      vertex   -1.353849e+01 -2.465000e+01 2.344796e+01
      vertex   -1.381517e+01 -2.465000e+01 2.293272e+01
    endloop
  endfacet
  facet normal 0.000000e+00 1.000000e+00 0.000000e+00
    outer loop
      vertex   -1.732036e+01 -2.465000e+01 2.646681e+01
      vertex   -1.381517e+01 -2.465000e+01 2.293272e+01
      vertex   -1.776858e+01 -2.465000e+01 2.576947e+01
    endloop
  endfacet
  facet normal 0.000000e+00 1.000000e+00 0.000000e+00
    outer loop
      vertex   -1.776858e+01 -2.465000e+01 2.576947e+01
      vertex   -1.381517e+01 -2.465000e+01 2.293272e+01
      vertex   -1.815479e+01 -2.465000e+01 2.503597e+01
    endloop
  endfacet
  facet normal 0.000000e+00 1.000000e+00 0.000000e+00
    outer loop
      vertex   -1.815479e+01 -2.465000e+01 2.503597e+01
      vertex   -1.381517e+01 -2.465000e+01 2.293272e+01
      vertex   -1.402644e+01 -2.465000e+01 2.238739e+01
    endloop
  endfacet
  facet normal 0.000000e+00 1.000000e+00 0.000000e+00
    outer loop
      vertex   -1.815479e+01 -2.465000e+01 2.503597e+01
      vertex   -1.402644e+01 -2.465000e+01 2.238739e+01
      vertex   -1.847608e+01 -2.465000e+01 2.427180e+01
    endloop
  endfacet
  facet normal 0.000000e+00 1.000000e+00 0.000000e+00
    outer loop
      vertex   -1.847608e+01 -2.465000e+01 2.427180e+01
      vertex   -1.402644e+01 -2.465000e+01 2.238739e+01
      vertex   -1.416908e+01 -2.465000e+01 2.182022e+01
    endloop
  endfacet
  facet normal 0.000000e+00 1.000000e+00 0.000000e+00
    outer loop
      vertex   -1.847608e+01 -2.465000e+01 2.427180e+01
      vertex   -1.416908e+01 -2.465000e+01 2.182022e+01
      vertex   -1.873005e+01 -2.465000e+01 2.348270e+01
    endloop
  endfacet
  facet normal 0.000000e+00 1.000000e+00 0.000000e+00
    outer loop
      vertex   -1.873005e+01 -2.465000e+01 2.348270e+01
      vertex   -1.416908e+01 -2.465000e+01 2.182022e+01
      vertex   -1.891480e+01 -2.465000e+01 2.267458e+01
    endloop
  endfacet
  facet normal 0.000000e+00 1.000000e+00 0.000000e+00
    outer loop
      vertex   -1.891480e+01 -2.465000e+01 2.267458e+01
      vertex   -1.416908e+01 -2.465000e+01 2.182022e+01
      vertex   -1.424095e+01 -2.465000e+01 2.123983e+01
    endloop
  endfacet
  facet normal 0.000000e+00 1.000000e+00 0.000000e+00
    outer loop
      vertex   -1.891480e+01 -2.465000e+01 2.267458e+01
      vertex   -1.424095e+01 -2.465000e+01 2.123983e+01
      vertex   -1.902893e+01 -2.465000e+01 2.185351e+01
    endloop
  endfacet
  facet normal 0.000000e+00 1.000000e+00 0.000000e+00
    outer loop
      vertex   -1.902893e+01 -2.465000e+01 2.185351e+01
      vertex   -1.424095e+01 -2.465000e+01 2.123983e+01
      vertex   -1.907159e+01 -2.465000e+01 2.102564e+01
    endloop
  endfacet
  facet normal -0.000000e+00 1.000000e+00 0.000000e+00
    outer loop
      vertex   -1.907159e+01 -2.465000e+01 2.102564e+01
      vertex   -1.424095e+01 -2.465000e+01 2.123983e+01
      vertex   -1.424095e+01 -2.465000e+01 2.065500e+01
    endloop
  endfacet
  facet normal 0.000000e+00 1.000000e+00 0.000000e+00
    outer loop
      vertex   -1.907159e+01 -2.465000e+01 2.102564e+01
      vertex   -1.424095e+01 -2.465000e+01 2.065500e+01
      vertex   -1.904247e+01 -2.465000e+01 2.019719e+01
    endloop
  endfacet
  facet normal -0.000000e+00 1.000000e+00 0.000000e+00
    outer loop
      vertex   -1.904247e+01 -2.465000e+01 2.019719e+01
      vertex   -1.424095e+01 -2.465000e+01 2.065500e+01
      vertex   -1.894177e+01 -2.465000e+01 1.937436e+01
    endloop
  endfacet
  facet normal 0.000000e+00 1.000000e+00 0.000000e+00
    outer loop
      vertex   -1.894177e+01 -2.465000e+01 1.937436e+01
      vertex   -1.424095e+01 -2.465000e+01 2.065500e+01
      vertex   -1.416908e+01 -2.465000e+01 2.007460e+01
    endloop
  endfacet
  facet normal -0.000000e+00 1.000000e+00 0.000000e+00
    outer loop
      vertex   -1.894177e+01 -2.465000e+01 1.937436e+01
      vertex   -1.416908e+01 -2.465000e+01 2.007460e+01
      vertex   -1.877026e+01 -2.465000e+01 1.856333e+01
    endloop
  endfacet
  facet normal -0.000000e+00 1.000000e+00 0.000000e+00
    outer loop
      vertex   -1.877026e+01 -2.465000e+01 1.856333e+01
      vertex   -1.416908e+01 -2.465000e+01 2.007460e+01
      vertex   -1.852922e+01 -2.465000e+01 1.777018e+01
    endloop
  endfacet
  facet normal 0.000000e+00 1.000000e+00 0.000000e+00
    outer loop
      vertex   -1.852922e+01 -2.465000e+01 1.777018e+01
      vertex   -1.416908e+01 -2.465000e+01 2.007460e+01
      vertex   -1.402644e+01 -2.465000e+01 1.950744e+01
    endloop
  endfacet
  facet normal -0.000000e+00 1.000000e+00 0.000000e+00
    outer loop
      vertex   -1.852922e+01 -2.465000e+01 1.777018e+01
      vertex   -1.402644e+01 -2.465000e+01 1.950744e+01
      vertex   -1.822046e+01 -2.465000e+01 1.700087e+01
    endloop
  endfacet
  facet normal 0.000000e+00 1.000000e+00 0.000000e+00
    outer loop
      vertex   -1.822046e+01 -2.465000e+01 1.700087e+01
      vertex   -1.402644e+01 -2.465000e+01 1.950744e+01
      vertex   -1.381517e+01 -2.465000e+01 1.896210e+01
    endloop
  endfacet
  facet normal -0.000000e+00 1.000000e+00 0.000000e+00
    outer loop
      vertex   -1.822046e+01 -2.465000e+01 1.700087e+01
      vertex   -1.381517e+01 -2.465000e+01 1.896210e+01
      vertex   -1.784629e+01 -2.465000e+01 1.626115e+01
    endloop
  endfacet
  facet normal -0.000000e+00 1.000000e+00 0.000000e+00
    outer loop
      vertex   -1.784629e+01 -2.465000e+01 1.626115e+01
      vertex   -1.381517e+01 -2.465000e+01 1.896210e+01
      vertex   -1.740952e+01 -2.465000e+01 1.555658e+01
    endloop
  endfacet
  facet normal 0.000000e+00 1.000000e+00 0.000000e+00
    outer loop
      vertex   -1.740952e+01 -2.465000e+01 1.555658e+01
      vertex   -1.381517e+01 -2.465000e+01 1.896210e+01
      vertex   -1.353849e+01 -2.465000e+01 1.844686e+01
    endloop
  endfacet
  facet normal -0.000000e+00 1.000000e+00 0.000000e+00
    outer loop
      vertex   -1.740952e+01 -2.465000e+01 1.555658e+01
      vertex   -1.353849e+01 -2.465000e+01 1.844686e+01
      vertex   -1.691344e+01 -2.465000e+01 1.489244e+01
    endloop
  endfacet
  facet normal 0.000000e+00 1.000000e+00 0.000000e+00
    outer loop
      vertex   -1.691344e+01 -2.465000e+01 1.489244e+01
      vertex   -1.353849e+01 -2.465000e+01 1.844686e+01
      vertex   -1.320059e+01 -2.465000e+01 1.796952e+01
    endloop
  endfacet
  facet normal 0.000000e+00 1.000000e+00 0.000000e+00
    outer loop
      vertex   -1.691344e+01 -2.465000e+01 1.489244e+01
      vertex   -1.320059e+01 -2.465000e+01 1.796952e+01
      vertex   -1.280660e+01 -2.465000e+01 1.753733e+01
    endloop
  endfacet
  facet normal 5.215099e-13 1.000000e+00 -9.748710e-14
    outer loop
      vertex   -4.785963e+00 -2.465000e+01 2.036369e+01
      vertex   1.622084e-01 -2.465000e+01 2.077739e+01
      vertex   -4.893425e+00 -2.465000e+01 1.978882e+01
    endloop
  endfacet
  facet normal 1.238173e-13 1.000000e+00 1.936347e-12
    outer loop
      vertex   -4.893425e+00 -2.465000e+01 1.978882e+01
      vertex   1.622084e-01 -2.465000e+01 2.077739e+01
      vertex   5.743719e-01 -2.465000e+01 1.944836e+01
    endloop
  endfacet
  facet normal 3.185659e-15 1.000000e+00 -1.013431e-15
    outer loop
      vertex   -4.893425e+00 -2.465000e+01 1.978882e+01
      vertex   5.743719e-01 -2.465000e+01 1.944836e+01
      vertex   -5.070718e+00 -2.465000e+01 1.923151e+01
    endloop
  endfacet
  facet normal 2.999460e-15 1.000000e+00 3.833750e-15
    outer loop
      vertex   -5.070718e+00 -2.465000e+01 1.923151e+01
      vertex   5.743719e-01 -2.465000e+01 1.944836e+01
      vertex   1.008547e+00 -2.465000e+01 1.818198e+01
    endloop
  endfacet
  facet normal 2.165587e-15 1.000000e+00 -9.963279e-16
    outer loop
      vertex   -5.070718e+00 -2.465000e+01 1.923151e+01
      vertex   1.008547e+00 -2.465000e+01 1.818198e+01
      vertex   -5.315153e+00 -2.465000e+01 1.870022e+01
    endloop
  endfacet
  facet normal 2.068793e-15 1.000000e+00 -2.177431e-15
    outer loop
      vertex   -5.315153e+00 -2.465000e+01 1.870022e+01
      vertex   1.008547e+00 -2.465000e+01 1.818198e+01
      vertex   1.459133e+00 -2.465000e+01 1.697848e+01
    endloop
  endfacet
  facet normal 2.265662e-15 1.000000e+00 -1.402839e-15
    outer loop
      vertex   -5.315153e+00 -2.465000e+01 1.870022e+01
      vertex   1.459133e+00 -2.465000e+01 1.697848e+01
      vertex   -5.623026e+00 -2.465000e+01 1.820299e+01
    endloop
  endfacet
  facet normal 2.201863e-15 1.000000e+00 -1.771832e-15
    outer loop
      vertex   -5.623026e+00 -2.465000e+01 1.820299e+01
      vertex   1.459133e+00 -2.465000e+01 1.697848e+01
      vertex   -5.989669e+00 -2.465000e+01 1.774736e+01
    endloop
  endfacet
  facet normal 3.495466e-15 1.000000e+00 1.076040e-14
    outer loop
      vertex   -5.989669e+00 -2.465000e+01 1.774736e+01
      vertex   1.459133e+00 -2.465000e+01 1.697848e+01
      vertex   1.920531e+00 -2.465000e+01 1.583810e+01
    endloop
  endfacet
  facet normal 7.192318e-16 1.000000e+00 -7.417323e-16
    outer loop
      vertex   -5.989669e+00 -2.465000e+01 1.774736e+01
      vertex   1.920531e+00 -2.465000e+01 1.583810e+01
      vertex   -6.409524e+00 -2.465000e+01 1.734024e+01
    endloop
  endfacet
  facet normal 9.252747e-16 1.000000e+00 4.008690e-16
    outer loop
      vertex   -6.409524e+00 -2.465000e+01 1.734024e+01
      vertex   1.920531e+00 -2.465000e+01 1.583810e+01
      vertex   2.387142e+00 -2.465000e+01 1.476108e+01
    endloop
  endfacet
  facet normal 8.439518e-16 1.000000e+00 1.235034e-16
    outer loop
      vertex   -6.409524e+00 -2.465000e+01 1.734024e+01
      vertex   2.387142e+00 -2.465000e+01 1.476108e+01
      vertex   -4.750000e+00 -2.465000e+01 6.000000e+00
    endloop
  endfacet
  facet normal 6.362488e-16 1.000000e+00 2.927070e-16
    outer loop
      vertex   -4.750000e+00 -2.465000e+01 6.000000e+00
      vertex   2.387142e+00 -2.465000e+01 1.476108e+01
      vertex   2.853364e+00 -2.465000e+01 1.374767e+01
    endloop
  endfacet
  facet normal -4.478467e-15 1.000000e+00 5.312161e-15
    outer loop
      vertex   -4.750000e+00 -2.465000e+01 6.000000e+00
      vertex   2.853364e+00 -2.465000e+01 1.374767e+01
      vertex   3.313599e+00 -2.465000e+01 1.279809e+01
    endloop
  endfacet
  facet normal 2.370093e-15 1.000000e+00 -2.811300e-15
    outer loop
      vertex   3.313599e+00 -2.465000e+01 1.279809e+01
      vertex   3.762247e+00 -2.465000e+01 1.191260e+01
      vertex   -4.750000e+00 -2.465000e+01 6.000000e+00
    endloop
  endfacet
  facet normal -1.895855e-15 1.000000e+00 3.330292e-15
    outer loop
      vertex   -4.750000e+00 -2.465000e+01 6.000000e+00
      vertex   3.762247e+00 -2.465000e+01 1.191260e+01
      vertex   4.193708e+00 -2.465000e+01 1.109144e+01
    endloop
  endfacet
  facet normal -1.342728e-11 1.000000e+00 2.358659e-11
    outer loop
      vertex   -4.750000e+00 -2.465000e+01 6.000000e+00
      vertex   4.193708e+00 -2.465000e+01 1.109144e+01
      vertex   4.606117e+00 -2.465000e+01 1.032833e+01
    endloop
  endfacet
  facet normal -7.388166e-11 1.000000e+00 1.542649e-10
    outer loop
      vertex   4.606117e+00 -2.465000e+01 1.032833e+01
      vertex   5.011728e+00 -2.465000e+01 9.593325e+00
      vertex   -4.750000e+00 -2.465000e+01 6.000000e+00
    endloop
  endfacet
  facet normal -8.950516e-11 1.000000e+00 1.967082e-10
    outer loop
      vertex   -4.750000e+00 -2.465000e+01 6.000000e+00
      vertex   5.011728e+00 -2.465000e+01 9.593325e+00
      vertex   5.396813e+00 -2.465000e+01 8.903195e+00
    endloop
  endfacet
  facet normal -7.260290e-11 1.000000e+00 1.376339e-10
    outer loop
      vertex   -4.750000e+00 -2.465000e+01 6.000000e+00
      vertex   5.396813e+00 -2.465000e+01 8.903195e+00
      vertex   5.576028e+00 -2.465000e+01 8.582560e+00
    endloop
  endfacet
  facet normal -4.647124e-11 1.000000e+00 3.314988e-11
    outer loop
      vertex   5.576028e+00 -2.465000e+01 8.582560e+00
      vertex   5.743534e+00 -2.465000e+01 8.281950e+00
      vertex   -4.750000e+00 -2.465000e+01 6.000000e+00
    endloop
  endfacet
  facet normal 2.262283e-11 1.000000e+00 -2.845787e-10
    outer loop
      vertex   -4.750000e+00 -2.465000e+01 6.000000e+00
      vertex   5.743534e+00 -2.465000e+01 8.281950e+00
      vertex   6.081757e+00 -2.465000e+01 7.666130e+00
    endloop
  endfacet
  facet normal 0.000000e+00 1.000000e+00 -1.375044e-10
    outer loop
      vertex   -4.750000e+00 -2.465000e+01 6.000000e+00
      vertex   6.081757e+00 -2.465000e+01 7.666130e+00
      vertex   6.679817e+00 -2.465000e+01 6.000000e+00
    endloop
  endfacet
  facet normal 1.303093e-09 1.000000e+00 3.302432e-10
    outer loop
      vertex   6.679817e+00 -2.465000e+01 6.000000e+00
      vertex   6.081757e+00 -2.465000e+01 7.666130e+00
      vertex   6.404244e+00 -2.465000e+01 7.052733e+00
    endloop
  endfacet
  facet normal -6.377076e-11 1.000000e+00 -2.755993e-11
    outer loop
      vertex   6.679817e+00 -2.465000e+01 6.000000e+00
      vertex   6.404244e+00 -2.465000e+01 7.052733e+00
      vertex   6.679817e+00 -2.465000e+01 6.472450e+00
    endloop
  endfacet
  facet normal 0.000000e+00 1.000000e+00 -0.000000e+00
    outer loop
      vertex   -4.750000e+00 -2.465000e+01 0.000000e+00
      vertex   -1.691344e+01 -2.465000e+01 1.489244e+01
      vertex   -4.750000e+00 -2.465000e+01 6.000000e+00
    endloop
  endfacet
  facet normal 0.000000e+00 1.000000e+00 0.000000e+00
    outer loop
      vertex   -4.750000e+00 -2.465000e+01 6.000000e+00
      vertex   -1.691344e+01 -2.465000e+01 1.489244e+01
      vertex   -1.079986e+01 -2.465000e+01 1.637874e+01
    endloop
  endfacet
  facet normal 0.000000e+00 1.000000e+00 0.000000e+00
    outer loop
      vertex   -4.750000e+00 -2.465000e+01 6.000000e+00
      vertex   -1.079986e+01 -2.465000e+01 1.637874e+01
      vertex   -1.022857e+01 -2.465000e+01 1.625363e+01
    endloop
  endfacet
  facet normal 0.000000e+00 1.000000e+00 0.000000e+00
    outer loop
      vertex   -1.280660e+01 -2.465000e+01 1.753733e+01
      vertex   -1.236248e+01 -2.465000e+01 1.715683e+01
      vertex   -1.691344e+01 -2.465000e+01 1.489244e+01
    endloop
  endfacet
  facet normal 0.000000e+00 1.000000e+00 0.000000e+00
    outer loop
      vertex   -1.691344e+01 -2.465000e+01 1.489244e+01
      vertex   -1.236248e+01 -2.465000e+01 1.715683e+01
      vertex   -1.187496e+01 -2.465000e+01 1.683379e+01
    endloop
  endfacet
  facet normal 0.000000e+00 1.000000e+00 0.000000e+00
    outer loop
      vertex   -1.691344e+01 -2.465000e+01 1.489244e+01
      vertex   -1.187496e+01 -2.465000e+01 1.683379e+01
      vertex   -1.135144e+01 -2.465000e+01 1.657311e+01
    endloop
  endfacet
  facet normal 0.000000e+00 1.000000e+00 0.000000e+00
    outer loop
      vertex   -1.135144e+01 -2.465000e+01 1.657311e+01
      vertex   -1.079986e+01 -2.465000e+01 1.637874e+01
      vertex   -1.691344e+01 -2.465000e+01 1.489244e+01
    endloop
  endfacet
  facet normal 0.000000e+00 1.000000e+00 0.000000e+00
    outer loop
      vertex   -1.022857e+01 -2.465000e+01 1.625363e+01
      vertex   -9.646237e+00 -2.465000e+01 1.619966e+01
      vertex   -4.750000e+00 -2.465000e+01 6.000000e+00
    endloop
  endfacet
  facet normal 0.000000e+00 1.000000e+00 0.000000e+00
    outer loop
      vertex   -4.750000e+00 -2.465000e+01 6.000000e+00
      vertex   -9.646237e+00 -2.465000e+01 1.619966e+01
      vertex   -9.061686e+00 -2.465000e+01 1.621767e+01
    endloop
  endfacet
  facet normal 0.000000e+00 1.000000e+00 0.000000e+00
    outer loop
      vertex   -4.750000e+00 -2.465000e+01 6.000000e+00
      vertex   -9.061686e+00 -2.465000e+01 1.621767e+01
      vertex   -8.483779e+00 -2.465000e+01 1.630738e+01
    endloop
  endfacet
  facet normal -0.000000e+00 1.000000e+00 0.000000e+00
    outer loop
      vertex   -8.483779e+00 -2.465000e+01 1.630738e+01
      vertex   -7.921276e+00 -2.465000e+01 1.646743e+01
      vertex   -4.750000e+00 -2.465000e+01 6.000000e+00
    endloop
  endfacet
  facet normal 0.000000e+00 1.000000e+00 0.000000e+00
    outer loop
      vertex   -4.750000e+00 -2.465000e+01 6.000000e+00
      vertex   -7.921276e+00 -2.465000e+01 1.646743e+01
      vertex   -7.382704e+00 -2.465000e+01 1.669539e+01
    endloop
  endfacet
  facet normal 0.000000e+00 1.000000e+00 0.000000e+00
    outer loop
      vertex   -4.750000e+00 -2.465000e+01 6.000000e+00
      vertex   -7.382704e+00 -2.465000e+01 1.669539e+01
      vertex   -6.876227e+00 -2.465000e+01 1.698780e+01
    endloop
  endfacet
  facet normal -0.000000e+00 1.000000e+00 0.000000e+00
    outer loop
      vertex   -6.876227e+00 -2.465000e+01 1.698780e+01
      vertex   -6.409524e+00 -2.465000e+01 1.734024e+01
      vertex   -4.750000e+00 -2.465000e+01 6.000000e+00
    endloop
  endfacet
  facet normal 9.550120e-01 6.029124e-04 2.965665e-01
    outer loop
      vertex   7.090674e-02 -2.750692e+01 2.109156e+01
      vertex   4.299053e-01 -2.635905e+01 1.993317e+01
      vertex   7.095630e-02 -2.596103e+01 2.108826e+01
    endloop
  endfacet
  facet normal 9.552925e-01 3.541679e-03 2.956410e-01
    outer loop
      vertex   7.095630e-02 -2.596103e+01 2.108826e+01
      vertex   4.299053e-01 -2.635905e+01 1.993317e+01
      vertex   4.992640e-01 -2.528637e+01 1.969621e+01
    endloop
  endfacet
  facet normal 9.553174e-01 3.364558e-03 2.955628e-01
    outer loop
      vertex   7.095630e-02 -2.596103e+01 2.108826e+01
      vertex   4.992640e-01 -2.528637e+01 1.969621e+01
      vertex   1.138672e-01 -2.530320e+01 2.094208e+01
    endloop
  endfacet
  facet normal 9.553141e-01 3.818761e-03 2.955679e-01
    outer loop
      vertex   1.138672e-01 -2.530320e+01 2.094208e+01
      vertex   4.992640e-01 -2.528637e+01 1.969621e+01
      vertex   1.622084e-01 -2.465000e+01 2.077739e+01
    endloop
  endfacet
  facet normal 9.551205e-01 2.632382e-03 2.962059e-01
    outer loop
      vertex   1.622084e-01 -2.465000e+01 2.077739e+01
      vertex   4.992640e-01 -2.528637e+01 1.969621e+01
      vertex   5.743719e-01 -2.465000e+01 1.944836e+01
    endloop
  endfacet
  facet normal 9.464742e-01 1.388602e-02 3.224808e-01
    outer loop
      vertex   5.743719e-01 -2.465000e+01 1.944836e+01
      vertex   4.992640e-01 -2.528637e+01 1.969621e+01
      vertex   8.963526e-01 -2.560672e+01 1.854455e+01
    endloop
  endfacet
  facet normal 9.458814e-01 1.197594e-02 3.242915e-01
    outer loop
      vertex   5.743719e-01 -2.465000e+01 1.944836e+01
      vertex   8.963526e-01 -2.560672e+01 1.854455e+01
      vertex   1.008547e+00 -2.465000e+01 1.818198e+01
    endloop
  endfacet
  facet normal 9.366725e-01 2.260042e-02 3.494766e-01
    outer loop
      vertex   1.008547e+00 -2.465000e+01 1.818198e+01
      vertex   8.963526e-01 -2.560672e+01 1.854455e+01
      vertex   1.329008e+00 -2.592650e+01 1.740562e+01
    endloop
  endfacet
  facet normal 9.361482e-01 2.157689e-02 3.509431e-01
    outer loop
      vertex   1.008547e+00 -2.465000e+01 1.818198e+01
      vertex   1.329008e+00 -2.592650e+01 1.740562e+01
      vertex   1.397408e+00 -2.498763e+01 1.716544e+01
    endloop
  endfacet
  facet normal 9.258616e-01 2.892921e-02 3.767539e-01
    outer loop
      vertex   1.397408e+00 -2.498763e+01 1.716544e+01
      vertex   1.329008e+00 -2.592650e+01 1.740562e+01
      vertex   1.796836e+00 -2.624541e+01 1.628044e+01
    endloop
  endfacet
  facet normal 9.261625e-01 2.958140e-02 3.759628e-01
    outer loop
      vertex   1.397408e+00 -2.498763e+01 1.716544e+01
      vertex   1.796836e+00 -2.624541e+01 1.628044e+01
      vertex   1.856673e+00 -2.536636e+01 1.606387e+01
    endloop
  endfacet
  facet normal 9.143496e-01 3.710141e-02 4.032223e-01
    outer loop
      vertex   1.856673e+00 -2.536636e+01 1.606387e+01
      vertex   1.796836e+00 -2.624541e+01 1.628044e+01
      vertex   2.299420e+00 -2.656318e+01 1.517001e+01
    endloop
  endfacet
  facet normal 9.147657e-01 3.802534e-02 4.021913e-01
    outer loop
      vertex   1.856673e+00 -2.536636e+01 1.606387e+01
      vertex   2.299420e+00 -2.656318e+01 1.517001e+01
      vertex   2.350310e+00 -2.574375e+01 1.497679e+01
    endloop
  endfacet
  facet normal 9.020152e-01 4.521638e-02 4.293297e-01
    outer loop
      vertex   2.350310e+00 -2.574375e+01 1.497679e+01
      vertex   2.299420e+00 -2.656318e+01 1.517001e+01
      vertex   2.836304e+00 -2.687950e+01 1.407534e+01
    endloop
  endfacet
  facet normal 9.025604e-01 4.646657e-02 4.280485e-01
    outer loop
      vertex   2.350310e+00 -2.574375e+01 1.497679e+01
      vertex   2.836304e+00 -2.687950e+01 1.407534e+01
      vertex   2.877875e+00 -2.611946e+01 1.390518e+01
    endloop
  endfacet
  facet normal 8.888655e-01 5.326340e-02 4.550618e-01
    outer loop
      vertex   2.877875e+00 -2.611946e+01 1.390518e+01
      vertex   2.836304e+00 -2.687950e+01 1.407534e+01
      vertex   3.407010e+00 -2.719411e+01 1.299742e+01
    endloop
  endfacet
  facet normal 8.895549e-01 5.490812e-02 4.535165e-01
    outer loop
      vertex   2.877875e+00 -2.611946e+01 1.390518e+01
      vertex   3.407010e+00 -2.719411e+01 1.299742e+01
      vertex   3.438905e+00 -2.649314e+01 1.284999e+01
    endloop
  endfacet
  facet normal 8.749156e-01 6.122612e-02 4.803895e-01
    outer loop
      vertex   3.438905e+00 -2.649314e+01 1.284999e+01
      vertex   3.407010e+00 -2.719411e+01 1.299742e+01
      vertex   4.011019e+00 -2.750671e+01 1.193720e+01
    endloop
  endfacet
  facet normal 8.757655e-01 6.335187e-02 4.785617e-01
    outer loop
      vertex   3.438905e+00 -2.649314e+01 1.284999e+01
      vertex   4.011019e+00 -2.750671e+01 1.193720e+01
      vertex   4.032895e+00 -2.686448e+01 1.181215e+01
    endloop
  endfacet
  facet normal 8.601734e-01 6.908930e-02 5.053003e-01
    outer loop
      vertex   4.032895e+00 -2.686448e+01 1.181215e+01
      vertex   4.011019e+00 -2.750671e+01 1.193720e+01
      vertex   4.647793e+00 -2.781703e+01 1.089565e+01
    endloop
  endfacet
  facet normal 8.612021e-01 7.180824e-02 5.031646e-01
    outer loop
      vertex   4.032895e+00 -2.686448e+01 1.181215e+01
      vertex   4.647793e+00 -2.781703e+01 1.089565e+01
      vertex   4.659323e+00 -2.723313e+01 1.079258e+01
    endloop
  endfacet
  facet normal 8.446557e-01 7.683064e-02 5.297677e-01
    outer loop
      vertex   4.659323e+00 -2.723313e+01 1.079258e+01
      vertex   4.647793e+00 -2.781703e+01 1.089565e+01
      vertex   5.316755e+00 -2.812478e+01 9.873693e+00
    endloop
  endfacet
  facet normal 8.458841e-01 8.029114e-02 5.272887e-01
    outer loop
      vertex   4.659323e+00 -2.723313e+01 1.079258e+01
      vertex   5.316755e+00 -2.812478e+01 9.873693e+00
      vertex   5.317627e+00 -2.759877e+01 9.792199e+00
    endloop
  endfacet
  facet normal 8.283704e-01 8.442483e-02 5.537824e-01
    outer loop
      vertex   5.317627e+00 -2.759877e+01 9.792199e+00
      vertex   5.316755e+00 -2.812478e+01 9.873693e+00
      vertex   6.017307e+00 -2.842970e+01 8.872263e+00
    endloop
  endfacet
  facet normal 8.298240e-01 8.882932e-02 5.509097e-01
    outer loop
      vertex   5.317627e+00 -2.759877e+01 9.792199e+00
      vertex   6.017307e+00 -2.842970e+01 8.872263e+00
      vertex   6.007226e+00 -2.796109e+01 8.811888e+00
    endloop
  endfacet
  facet normal 8.113352e-01 9.183459e-02 5.773228e-01
    outer loop
      vertex   6.007226e+00 -2.796109e+01 8.811888e+00
      vertex   6.017307e+00 -2.842970e+01 8.872263e+00
      vertex   6.748815e+00 -2.873150e+01 7.892252e+00
    endloop
  endfacet
  facet normal 8.130460e-01 9.746869e-02 5.739826e-01
    outer loop
      vertex   6.007226e+00 -2.796109e+01 8.811888e+00
      vertex   6.748815e+00 -2.873150e+01 7.892252e+00
      vertex   6.727505e+00 -2.831975e+01 7.852519e+00
    endloop
  endfacet
  facet normal 7.935570e-01 9.900799e-02 6.003872e-01
    outer loop
      vertex   6.727505e+00 -2.831975e+01 7.852519e+00
      vertex   6.748815e+00 -2.873150e+01 7.892252e+00
      vertex   7.510626e+00 -2.902991e+01 6.934545e+00
    endloop
  endfacet
  facet normal 7.955685e-01 1.062940e-01 5.964666e-01
    outer loop
      vertex   6.727505e+00 -2.831975e+01 7.852519e+00
      vertex   7.510626e+00 -2.902991e+01 6.934545e+00
      vertex   7.477825e+00 -2.867443e+01 6.914946e+00
    endloop
  endfacet
  facet normal 7.798692e-01 1.059724e-01 6.169067e-01
    outer loop
      vertex   7.477825e+00 -2.867443e+01 6.914946e+00
      vertex   7.510626e+00 -2.902991e+01 6.934545e+00
      vertex   7.902680e+00 -2.917776e+01 6.464324e+00
    endloop
  endfacet
  facet normal 7.817698e-01 1.104391e-01 6.137094e-01
    outer loop
      vertex   7.477825e+00 -2.867443e+01 6.914946e+00
      vertex   7.902680e+00 -2.917776e+01 6.464324e+00
      vertex   7.864043e+00 -2.885018e+01 6.454593e+00
    endloop
  endfacet
  facet normal 7.728957e-01 1.097270e-01 6.249738e-01
    outer loop
      vertex   7.864043e+00 -2.885018e+01 6.454593e+00
      vertex   7.902680e+00 -2.917776e+01 6.464324e+00
      vertex   8.101456e+00 -2.925133e+01 6.231418e+00
    endloop
  endfacet
  facet normal 7.747034e-01 1.122995e-01 6.222728e-01
    outer loop
      vertex   7.864043e+00 -2.885018e+01 6.454593e+00
      vertex   8.101456e+00 -2.925133e+01 6.231418e+00
      vertex   8.059878e+00 -2.893765e+01 6.226570e+00
    endloop
  endfacet
  facet normal 7.693779e-01 1.116969e-01 6.289527e-01
    outer loop
      vertex   8.059878e+00 -2.893765e+01 6.226570e+00
      vertex   8.101456e+00 -2.925133e+01 6.231418e+00
      vertex   8.201526e+00 -2.928803e+01 6.115522e+00
    endloop
  endfacet
  facet normal 7.711274e-01 1.131681e-01 6.265425e-01
    outer loop
      vertex   8.059878e+00 -2.893765e+01 6.226570e+00
      vertex   8.201526e+00 -2.928803e+01 6.115522e+00
      vertex   8.158473e+00 -2.898127e+01 6.113103e+00
    endloop
  endfacet
  facet normal 7.676114e-01 1.127092e-01 6.309274e-01
    outer loop
      vertex   8.158473e+00 -2.898127e+01 6.113103e+00
      vertex   8.201526e+00 -2.928803e+01 6.115522e+00
      vertex   8.251731e+00 -2.930636e+01 6.057714e+00
    endloop
  endfacet
  facet normal 7.693286e-01 1.135856e-01 6.286747e-01
    outer loop
      vertex   8.158473e+00 -2.898127e+01 6.113103e+00
      vertex   8.251731e+00 -2.930636e+01 6.057714e+00
      vertex   8.207939e+00 -2.900306e+01 6.056506e+00
    endloop
  endfacet
  facet normal 7.667264e-01 1.132228e-01 6.319108e-01
    outer loop
      vertex   8.207939e+00 -2.900306e+01 6.056506e+00
      vertex   8.251731e+00 -2.930636e+01 6.057714e+00
      vertex   8.276876e+00 -2.931551e+01 6.028845e+00
    endloop
  endfacet
  facet normal 7.684264e-01 1.137900e-01 6.297401e-01
    outer loop
      vertex   8.207939e+00 -2.900306e+01 6.056506e+00
      vertex   8.276876e+00 -2.931551e+01 6.028845e+00
      vertex   8.232715e+00 -2.901395e+01 6.028241e+00
    endloop
  endfacet
  facet normal 7.797509e-01 1.154196e-01 6.153591e-01
    outer loop
      vertex   8.232715e+00 -2.901395e+01 6.028241e+00
      vertex   8.276876e+00 -2.931551e+01 6.028845e+00
      vertex   8.245480e+00 -2.894962e+01 6.000000e+00
    endloop
  endfacet
  facet normal 7.692567e-01 1.226391e-01 6.270596e-01
    outer loop
      vertex   8.232715e+00 -2.901395e+01 6.028241e+00
      vertex   8.245480e+00 -2.894962e+01 6.000000e+00
      vertex   8.207939e+00 -2.900306e+01 6.056506e+00
    endloop
  endfacet
  facet normal 7.700561e-01 1.213125e-01 6.263361e-01
    outer loop
      vertex   8.207939e+00 -2.900306e+01 6.056506e+00
      vertex   8.245480e+00 -2.894962e+01 6.000000e+00
      vertex   8.158473e+00 -2.898127e+01 6.113103e+00
    endloop
  endfacet
  facet normal 9.542146e-01 3.412555e-03 2.991035e-01
    outer loop
      vertex   4.299053e-01 -2.635905e+01 1.993317e+01
      vertex   7.090674e-02 -2.750692e+01 2.109156e+01
      vertex   3.752991e-01 -2.744317e+01 2.011975e+01
    endloop
  endfacet
  facet normal 9.542637e-01 1.058194e-03 2.989644e-01
    outer loop
      vertex   3.752991e-01 -2.744317e+01 2.011975e+01
      vertex   7.090674e-02 -2.750692e+01 2.109156e+01
      vertex   7.086054e-02 -2.832512e+01 2.109461e+01
    endloop
  endfacet
  facet normal 9.538527e-01 2.635831e-03 3.002633e-01
    outer loop
      vertex   3.752991e-01 -2.744317e+01 2.011975e+01
      vertex   7.086054e-02 -2.832512e+01 2.109461e+01
      vertex   3.353390e-01 -2.853665e+01 2.025629e+01
    endloop
  endfacet
  facet normal 9.537356e-01 9.769154e-04 3.006450e-01
    outer loop
      vertex   3.353390e-01 -2.853665e+01 2.025629e+01
      vertex   7.086054e-02 -2.832512e+01 2.109461e+01
      vertex   7.081408e-02 -2.920539e+01 2.109761e+01
    endloop
  endfacet
  facet normal 9.535498e-01 1.786408e-03 3.012300e-01
    outer loop
      vertex   3.353390e-01 -2.853665e+01 2.025629e+01
      vertex   7.081408e-02 -2.920539e+01 2.109761e+01
      vertex   3.114747e-01 -2.954919e+01 2.033784e+01
    endloop
  endfacet
  facet normal 9.534075e-01 6.821488e-04 3.016846e-01
    outer loop
      vertex   3.114747e-01 -2.954919e+01 2.033784e+01
      vertex   7.081408e-02 -2.920539e+01 2.109761e+01
      vertex   7.078090e-02 -3.009262e+01 2.109973e+01
    endloop
  endfacet
  facet normal 9.533661e-01 8.834557e-04 3.018151e-01
    outer loop
      vertex   3.114747e-01 -2.954919e+01 2.033784e+01
      vertex   7.078090e-02 -3.009262e+01 2.109973e+01
      vertex   2.999821e-01 -3.056490e+01 2.037711e+01
    endloop
  endfacet
  facet normal 9.532506e-01 2.681660e-04 3.021806e-01
    outer loop
      vertex   2.999821e-01 -3.056490e+01 2.037711e+01
      vertex   7.078090e-02 -3.009262e+01 2.109973e+01
      vertex   7.076855e-02 -3.093149e+01 2.110051e+01
    endloop
  endfacet
  facet normal 9.532993e-01 -6.516474e-05 3.020271e-01
    outer loop
      vertex   2.999821e-01 -3.056490e+01 2.037711e+01
      vertex   7.076855e-02 -3.093149e+01 2.110051e+01
      vertex   3.008404e-01 -3.158150e+01 2.037418e+01
    endloop
  endfacet
  facet normal 9.532672e-01 -1.896784e-04 3.021284e-01
    outer loop
      vertex   3.008404e-01 -3.158150e+01 2.037418e+01
      vertex   7.076855e-02 -3.093149e+01 2.110051e+01
      vertex   7.077722e-02 -3.176850e+01 2.109996e+01
    endloop
  endfacet
  facet normal 9.533281e-01 -1.016919e-03 3.019346e-01
    outer loop
      vertex   3.008404e-01 -3.158150e+01 2.037418e+01
      vertex   7.077722e-02 -3.176850e+01 2.109996e+01
      vertex   3.139766e-01 -3.259399e+01 2.032930e+01
    endloop
  endfacet
  facet normal 9.534519e-01 -6.164354e-04 3.015446e-01
    outer loop
      vertex   3.139766e-01 -3.259399e+01 2.032930e+01
      vertex   7.077722e-02 -3.176850e+01 2.109996e+01
      vertex   7.080708e-02 -3.265000e+01 2.109806e+01
    endloop
  endfacet
  facet normal 9.494046e-01 7.243840e-02 3.055872e-01
    outer loop
      vertex   3.139766e-01 -3.259399e+01 2.032930e+01
      vertex   7.080708e-02 -3.265000e+01 2.109806e+01
      vertex   4.523811e-01 -3.265000e+01 1.991258e+01
    endloop
  endfacet
  facet normal 9.422011e-01 2.355797e-02 3.342187e-01
    outer loop
      vertex   8.685217e-01 -3.265000e+01 1.873943e+01
      vertex   7.282924e-01 -3.250554e+01 1.912457e+01
      vertex   4.523811e-01 -3.265000e+01 1.991258e+01
    endloop
  endfacet
  facet normal 9.439542e-01 -2.435525e-03 3.300673e-01
    outer loop
      vertex   4.523811e-01 -3.265000e+01 1.991258e+01
      vertex   7.282924e-01 -3.250554e+01 1.912457e+01
      vertex   7.163773e-01 -3.154934e+01 1.916570e+01
    endloop
  endfacet
  facet normal 9.456903e-01 -6.284897e-03 3.250082e-01
    outer loop
      vertex   4.523811e-01 -3.265000e+01 1.991258e+01
      vertex   7.163773e-01 -3.154934e+01 1.916570e+01
      vertex   3.008404e-01 -3.158150e+01 2.037418e+01
    endloop
  endfacet
  facet normal 9.456587e-01 -1.382527e-04 3.251609e-01
    outer loop
      vertex   3.008404e-01 -3.158150e+01 2.037418e+01
      vertex   7.163773e-01 -3.154934e+01 1.916570e+01
      vertex   2.999821e-01 -3.056490e+01 2.037711e+01
    endloop
  endfacet
  facet normal 9.321699e-01 9.816578e-03 3.618881e-01
    outer loop
      vertex   1.318936e+00 -3.265000e+01 1.757923e+01
      vertex   1.179136e+00 -3.241724e+01 1.793302e+01
      vertex   8.685217e-01 -3.265000e+01 1.873943e+01
    endloop
  endfacet
  facet normal 9.335365e-01 -3.879245e-03 3.584613e-01
    outer loop
      vertex   8.685217e-01 -3.265000e+01 1.873943e+01
      vertex   1.179136e+00 -3.241724e+01 1.793302e+01
      vertex   1.168512e+00 -3.151723e+01 1.797043e+01
    endloop
  endfacet
  facet normal 9.353609e-01 -7.654399e-03 3.536121e-01
    outer loop
      vertex   8.685217e-01 -3.265000e+01 1.873943e+01
      vertex   1.168512e+00 -3.151723e+01 1.797043e+01
      vertex   7.163773e-01 -3.154934e+01 1.916570e+01
    endloop
  endfacet
  facet normal 9.353222e-01 -2.272725e-04 3.537969e-01
    outer loop
      vertex   7.163773e-01 -3.154934e+01 1.916570e+01
      vertex   1.168512e+00 -3.151723e+01 1.797043e+01
      vertex   7.155925e-01 -3.058942e+01 1.916839e+01
    endloop
  endfacet
  facet normal 9.456586e-01 -1.385337e-04 3.251611e-01
    outer loop
      vertex   7.163773e-01 -3.154934e+01 1.916570e+01
      vertex   7.155925e-01 -3.058942e+01 1.916839e+01
      vertex   2.999821e-01 -3.056490e+01 2.037711e+01
    endloop
  endfacet
  facet normal 9.456695e-01 1.871856e-03 3.251241e-01
    outer loop
      vertex   2.999821e-01 -3.056490e+01 2.037711e+01
      vertex   7.155925e-01 -3.058942e+01 1.916839e+01
      vertex   3.114747e-01 -2.954919e+01 2.033784e+01
    endloop
  endfacet
  facet normal 9.244355e-01 -2.330829e-02 3.806254e-01
    outer loop
      vertex   1.179136e+00 -3.241724e+01 1.793302e+01
      vertex   1.318936e+00 -3.265000e+01 1.757923e+01
      vertex   1.666085e+00 -3.232915e+01 1.675575e+01
    endloop
  endfacet
  facet normal 9.211728e-01 2.096311e-03 3.891482e-01
    outer loop
      vertex   1.666085e+00 -3.232915e+01 1.675575e+01
      vertex   1.318936e+00 -3.265000e+01 1.757923e+01
      vertex   1.803330e+00 -3.265000e+01 1.643259e+01
    endloop
  endfacet
  facet normal 9.123892e-01 -2.141654e-02 4.087630e-01
    outer loop
      vertex   1.666085e+00 -3.232915e+01 1.675575e+01
      vertex   1.803330e+00 -3.265000e+01 1.643259e+01
      vertex   2.188695e+00 -3.224137e+01 1.559384e+01
    endloop
  endfacet
  facet normal 9.093505e-01 -3.666218e-03 4.160146e-01
    outer loop
      vertex   2.188695e+00 -3.224137e+01 1.559384e+01
      vertex   1.803330e+00 -3.265000e+01 1.643259e+01
      vertex   2.321412e+00 -3.265000e+01 1.530014e+01
    endloop
  endfacet
  facet normal 8.995086e-01 -2.149613e-02 4.363740e-01
    outer loop
      vertex   2.188695e+00 -3.224137e+01 1.559384e+01
      vertex   2.321412e+00 -3.265000e+01 1.530014e+01
      vertex   2.746477e+00 -3.215398e+01 1.444838e+01
    endloop
  endfacet
  facet normal 8.967477e-01 -8.684630e-03 4.424570e-01
    outer loop
      vertex   2.746477e+00 -3.215398e+01 1.444838e+01
      vertex   2.321412e+00 -3.265000e+01 1.530014e+01
      vertex   2.872385e+00 -3.265000e+01 1.418346e+01
    endloop
  endfacet
  facet normal 8.858039e-01 -2.270352e-02 4.635040e-01
    outer loop
      vertex   2.746477e+00 -3.215398e+01 1.444838e+01
      vertex   2.872385e+00 -3.265000e+01 1.418346e+01
      vertex   3.338920e+00 -3.206705e+01 1.332041e+01
    endloop
  endfacet
  facet normal 8.835803e-01 -1.417121e-02 4.680652e-01
    outer loop
      vertex   3.338920e+00 -3.206705e+01 1.332041e+01
      vertex   2.872385e+00 -3.265000e+01 1.418346e+01
      vertex   3.440418e+00 -3.265000e+01 1.311117e+01
    endloop
  endfacet
  facet normal 8.712861e-01 -2.424843e-02 4.901760e-01
    outer loop
      vertex   3.338920e+00 -3.206705e+01 1.332041e+01
      vertex   3.440418e+00 -3.265000e+01 1.311117e+01
      vertex   3.965472e+00 -3.198067e+01 1.221099e+01
    endloop
  endfacet
  facet normal 8.704290e-01 -2.135062e-02 4.918307e-01
    outer loop
      vertex   3.965472e+00 -3.198067e+01 1.221099e+01
      vertex   3.440418e+00 -3.265000e+01 1.311117e+01
      vertex   3.971506e+00 -3.260150e+01 1.217336e+01
    endloop
  endfacet
  facet normal 8.561736e-01 -2.296488e-02 5.161777e-01
    outer loop
      vertex   3.965472e+00 -3.198067e+01 1.221099e+01
      vertex   3.971506e+00 -3.260150e+01 1.217336e+01
      vertex   4.628324e+00 -3.246084e+01 1.109017e+01
    endloop
  endfacet
  facet normal 8.569045e-01 -5.217297e-02 5.128281e-01
    outer loop
      vertex   4.628324e+00 -3.246084e+01 1.109017e+01
      vertex   3.971506e+00 -3.260150e+01 1.217336e+01
      vertex   4.014818e+00 -3.265000e+01 1.209606e+01
    endloop
  endfacet
  facet normal 8.563028e-01 -3.845789e-02 5.150403e-01
    outer loop
      vertex   4.628324e+00 -3.246084e+01 1.109017e+01
      vertex   4.014818e+00 -3.265000e+01 1.209606e+01
      vertex   4.591150e+00 -3.265000e+01 1.113785e+01
    endloop
  endfacet
  facet normal 8.702999e-01 -7.748739e-03 4.924611e-01
    outer loop
      vertex   3.440418e+00 -3.265000e+01 1.311117e+01
      vertex   4.014818e+00 -3.265000e+01 1.209606e+01
      vertex   3.971506e+00 -3.260150e+01 1.217336e+01
    endloop
  endfacet
  facet normal 8.432330e-01 -3.043338e-02 5.366860e-01
    outer loop
      vertex   4.591150e+00 -3.265000e+01 1.113785e+01
      vertex   5.164975e+00 -3.265000e+01 1.023627e+01
      vertex   4.628324e+00 -3.246084e+01 1.109017e+01
    endloop
  endfacet
  facet normal 8.407734e-01 -4.871798e-02 5.391908e-01
    outer loop
      vertex   4.628324e+00 -3.246084e+01 1.109017e+01
      vertex   5.164975e+00 -3.265000e+01 1.023627e+01
      vertex   5.317957e+00 -3.232136e+01 1.002741e+01
    endloop
  endfacet
  facet normal 8.401159e-01 -2.554626e-02 5.418051e-01
    outer loop
      vertex   4.628324e+00 -3.246084e+01 1.109017e+01
      vertex   5.317957e+00 -3.232136e+01 1.002741e+01
      vertex   4.625558e+00 -3.189492e+01 1.112114e+01
    endloop
  endfacet
  facet normal 8.398403e-01 -2.691863e-02 5.421657e-01
    outer loop
      vertex   4.625558e+00 -3.189492e+01 1.112114e+01
      vertex   5.317957e+00 -3.232136e+01 1.002741e+01
      vertex   5.318563e+00 -3.180988e+01 1.005187e+01
    endloop
  endfacet
  facet normal 8.395873e-01 -1.371798e-02 5.430516e-01
    outer loop
      vertex   4.625558e+00 -3.189492e+01 1.112114e+01
      vertex   5.318563e+00 -3.180988e+01 1.005187e+01
      vertex   5.318765e+00 -3.129666e+01 1.006452e+01
    endloop
  endfacet
  facet normal 8.225040e-01 -1.434054e-02 5.685785e-01
    outer loop
      vertex   5.318765e+00 -3.129666e+01 1.006452e+01
      vertex   5.318563e+00 -3.180988e+01 1.005187e+01
      vertex   6.045826e+00 -3.126610e+01 9.013527e+00
    endloop
  endfacet
  facet normal 8.224035e-01 -7.511118e-04 5.689041e-01
    outer loop
      vertex   5.318765e+00 -3.129666e+01 1.006452e+01
      vertex   6.045826e+00 -3.126610e+01 9.013527e+00
      vertex   5.318643e+00 -3.078205e+01 1.006538e+01
    endloop
  endfacet
  facet normal 8.224078e-01 -7.312394e-04 5.688979e-01
    outer loop
      vertex   5.318643e+00 -3.078205e+01 1.006538e+01
      vertex   6.045826e+00 -3.126610e+01 9.013527e+00
      vertex   6.045795e+00 -3.080535e+01 9.014164e+00
    endloop
  endfacet
  facet normal 8.224810e-01 1.272509e-02 5.686503e-01
    outer loop
      vertex   5.318643e+00 -3.078205e+01 1.006538e+01
      vertex   6.045795e+00 -3.080535e+01 9.014164e+00
      vertex   5.318296e+00 -3.026809e+01 1.005438e+01
    endloop
  endfacet
  facet normal 8.226571e-01 1.349130e-02 5.683777e-01
    outer loop
      vertex   5.318296e+00 -3.026809e+01 1.005438e+01
      vertex   6.045795e+00 -3.080535e+01 9.014164e+00
      vertex   6.043871e+00 -3.034525e+01 9.006028e+00
    endloop
  endfacet
  facet normal 8.228861e-01 2.616199e-02 5.676037e-01
    outer loop
      vertex   5.318296e+00 -3.026809e+01 1.005438e+01
      vertex   6.043871e+00 -3.034525e+01 9.006028e+00
      vertex   5.317822e+00 -2.975644e+01 1.003148e+01
    endloop
  endfacet
  facet normal 8.232469e-01 2.764058e-02 5.670101e-01
    outer loop
      vertex   5.317822e+00 -2.975644e+01 1.003148e+01
      vertex   6.043871e+00 -3.034525e+01 9.006028e+00
      vertex   6.040167e+00 -2.988736e+01 8.989084e+00
    endloop
  endfacet
  facet normal 8.236318e-01 4.021759e-02 5.656972e-01
    outer loop
      vertex   5.317822e+00 -2.975644e+01 1.003148e+01
      vertex   6.040167e+00 -2.988736e+01 8.989084e+00
      vertex   5.317280e+00 -2.920524e+01 9.993083e+00
    endloop
  endfacet
  facet normal 8.242470e-01 4.242776e-02 5.646386e-01
    outer loop
      vertex   5.317280e+00 -2.920524e+01 9.993083e+00
      vertex   6.040167e+00 -2.988736e+01 8.989084e+00
      vertex   6.034262e+00 -2.939440e+01 8.960663e+00
    endloop
  endfacet
  facet normal 8.248105e-01 5.498136e-02 5.627297e-01
    outer loop
      vertex   5.317280e+00 -2.920524e+01 9.993083e+00
      vertex   6.034262e+00 -2.939440e+01 8.960663e+00
      vertex   5.316833e+00 -2.866079e+01 9.940543e+00
    endloop
  endfacet
  facet normal 8.256931e-01 5.797803e-02 5.611323e-01
    outer loop
      vertex   5.316833e+00 -2.866079e+01 9.940543e+00
      vertex   6.034262e+00 -2.939440e+01 8.960663e+00
      vertex   6.026538e+00 -2.890796e+01 8.921767e+00
    endloop
  endfacet
  facet normal 8.263930e-01 6.980730e-02 5.587500e-01
    outer loop
      vertex   5.316833e+00 -2.866079e+01 9.940543e+00
      vertex   6.026538e+00 -2.890796e+01 8.921767e+00
      vertex   5.316755e+00 -2.812478e+01 9.873693e+00
    endloop
  endfacet
  facet normal 8.275676e-01 7.357825e-02 5.565233e-01
    outer loop
      vertex   5.316755e+00 -2.812478e+01 9.873693e+00
      vertex   6.026538e+00 -2.890796e+01 8.921767e+00
      vertex   6.017307e+00 -2.842970e+01 8.872263e+00
    endloop
  endfacet
  facet normal 8.300714e-01 -3.260665e-02 5.567030e-01
    outer loop
      vertex   5.164975e+00 -3.265000e+01 1.023627e+01
      vertex   5.731855e+00 -3.265000e+01 9.391021e+00
      vertex   5.317957e+00 -3.232136e+01 1.002741e+01
    endloop
  endfacet
  facet normal 8.240105e-01 -5.430446e-02 5.639660e-01
    outer loop
      vertex   5.317957e+00 -3.232136e+01 1.002741e+01
      vertex   5.731855e+00 -3.265000e+01 9.391021e+00
      vertex   6.039775e+00 -3.218321e+01 8.986067e+00
    endloop
  endfacet
  facet normal 8.232809e-01 -2.808358e-02 5.669390e-01
    outer loop
      vertex   5.317957e+00 -3.232136e+01 1.002741e+01
      vertex   6.039775e+00 -3.218321e+01 8.986067e+00
      vertex   5.318563e+00 -3.180988e+01 1.005187e+01
    endloop
  endfacet
  facet normal 8.229643e-01 -2.976280e-02 5.673129e-01
    outer loop
      vertex   5.318563e+00 -3.180988e+01 1.005187e+01
      vertex   6.039775e+00 -3.218321e+01 8.986067e+00
      vertex   6.043851e+00 -3.172562e+01 9.004160e+00
    endloop
  endfacet
  facet normal 8.226846e-01 -1.511965e-02 5.682969e-01
    outer loop
      vertex   5.318563e+00 -3.180988e+01 1.005187e+01
      vertex   6.043851e+00 -3.172562e+01 9.004160e+00
      vertex   6.045826e+00 -3.126610e+01 9.013527e+00
    endloop
  endfacet
  facet normal 8.048178e-01 -1.555289e-02 5.933181e-01
    outer loop
      vertex   6.045826e+00 -3.126610e+01 9.013527e+00
      vertex   6.043851e+00 -3.172562e+01 9.004160e+00
      vertex   6.804544e+00 -3.123586e+01 7.985143e+00
    endloop
  endfacet
  facet normal 8.047072e-01 -7.666759e-04 5.936714e-01
    outer loop
      vertex   6.045826e+00 -3.126610e+01 9.013527e+00
      vertex   6.804544e+00 -3.123586e+01 7.985143e+00
      vertex   6.045795e+00 -3.080535e+01 9.014164e+00
    endloop
  endfacet
  facet normal 8.047135e-01 -7.354020e-04 5.936629e-01
    outer loop
      vertex   6.045795e+00 -3.080535e+01 9.014164e+00
      vertex   6.804544e+00 -3.123586e+01 7.985143e+00
      vertex   6.804605e+00 -3.082841e+01 7.985564e+00
    endloop
  endfacet
  facet normal 8.047927e-01 1.385895e-02 5.933942e-01
    outer loop
      vertex   6.045795e+00 -3.080535e+01 9.014164e+00
      vertex   6.804605e+00 -3.082841e+01 7.985564e+00
      vertex   6.043871e+00 -3.034525e+01 9.006028e+00
    endloop
  endfacet
  facet normal 8.049954e-01 1.480758e-02 5.930962e-01
    outer loop
      vertex   6.043871e+00 -3.034525e+01 9.006028e+00
      vertex   6.804605e+00 -3.082841e+01 7.985564e+00
      vertex   6.801060e+00 -3.042159e+01 7.980219e+00
    endloop
  endfacet
  facet normal 8.052420e-01 2.842945e-02 5.922644e-01
    outer loop
      vertex   6.043871e+00 -3.034525e+01 9.006028e+00
      vertex   6.801060e+00 -3.042159e+01 7.980219e+00
      vertex   6.040167e+00 -2.988736e+01 8.989084e+00
    endloop
  endfacet
  facet normal 8.056573e-01 3.025936e-02 5.916086e-01
    outer loop
      vertex   6.040167e+00 -2.988736e+01 8.989084e+00
      vertex   6.801060e+00 -3.042159e+01 7.980219e+00
      vertex   6.794040e+00 -3.001692e+01 7.969081e+00
    endloop
  endfacet
  facet normal 8.060687e-01 4.368415e-02 5.902076e-01
    outer loop
      vertex   6.040167e+00 -2.988736e+01 8.989084e+00
      vertex   6.794040e+00 -3.001692e+01 7.969081e+00
      vertex   6.034262e+00 -2.939440e+01 8.960663e+00
    endloop
  endfacet
  facet normal 8.067791e-01 4.643342e-02 5.890259e-01
    outer loop
      vertex   6.034262e+00 -2.939440e+01 8.960663e+00
      vertex   6.794040e+00 -3.001692e+01 7.969081e+00
      vertex   6.782628e+00 -2.958160e+01 7.950395e+00
    endloop
  endfacet
  facet normal 8.073779e-01 5.975570e-02 5.870010e-01
    outer loop
      vertex   6.034262e+00 -2.939440e+01 8.960663e+00
      vertex   6.782628e+00 -2.958160e+01 7.950395e+00
      vertex   6.026538e+00 -2.890796e+01 8.921767e+00
    endloop
  endfacet
  facet normal 8.084031e-01 6.351405e-02 5.851925e-01
    outer loop
      vertex   6.026538e+00 -2.890796e+01 8.921767e+00
      vertex   6.782628e+00 -2.958160e+01 7.950395e+00
      vertex   6.767437e+00 -2.915258e+01 7.924816e+00
    endloop
  endfacet
  facet normal 8.091381e-01 7.593122e-02 5.826920e-01
    outer loop
      vertex   6.026538e+00 -2.890796e+01 8.921767e+00
      vertex   6.767437e+00 -2.915258e+01 7.924816e+00
      vertex   6.017307e+00 -2.842970e+01 8.872263e+00
    endloop
  endfacet
  facet normal 8.105121e-01 8.070867e-02 5.801347e-01
    outer loop
      vertex   6.017307e+00 -2.842970e+01 8.872263e+00
      vertex   6.767437e+00 -2.915258e+01 7.924816e+00
      vertex   6.748815e+00 -2.873150e+01 7.892252e+00
    endloop
  endfacet
  facet normal 8.193442e-01 -4.463699e-02 5.715615e-01
    outer loop
      vertex   6.039775e+00 -3.218321e+01 8.986067e+00
      vertex   5.731855e+00 -3.265000e+01 9.391021e+00
      vertex   6.033814e+00 -3.263663e+01 8.959201e+00
    endloop
  endfacet
  facet normal 8.117289e-01 1.209959e-01 5.713635e-01
    outer loop
      vertex   6.033814e+00 -3.263663e+01 8.959201e+00
      vertex   5.731855e+00 -3.265000e+01 9.391021e+00
      vertex   6.287354e+00 -3.265000e+01 8.601831e+00
    endloop
  endfacet
  facet normal 8.139686e-01 -4.501667e-02 5.791620e-01
    outer loop
      vertex   6.033814e+00 -3.263663e+01 8.959201e+00
      vertex   6.287354e+00 -3.265000e+01 8.601831e+00
      vertex   6.039775e+00 -3.218321e+01 8.986067e+00
    endloop
  endfacet
  facet normal 8.043914e-01 -5.990018e-02 5.910723e-01
    outer loop
      vertex   6.039775e+00 -3.218321e+01 8.986067e+00
      vertex   6.287354e+00 -3.265000e+01 8.601831e+00
      vertex   6.781870e+00 -3.244680e+01 7.949436e+00
    endloop
  endfacet
  facet normal 8.062655e-01 -4.864003e-02 5.895507e-01
    outer loop
      vertex   6.039775e+00 -3.218321e+01 8.986067e+00
      vertex   6.781870e+00 -3.244680e+01 7.949436e+00
      vertex   6.793107e+00 -3.204651e+01 7.967094e+00
    endloop
  endfacet
  facet normal 7.885464e-01 -4.917730e-02 6.130058e-01
    outer loop
      vertex   6.793107e+00 -3.204651e+01 7.967094e+00
      vertex   6.781870e+00 -3.244680e+01 7.949436e+00
      vertex   7.560621e+00 -3.225914e+01 6.962735e+00
    endloop
  endfacet
  facet normal 7.879884e-01 -5.305376e-02 6.134000e-01
    outer loop
      vertex   6.793107e+00 -3.204651e+01 7.967094e+00
      vertex   7.560621e+00 -3.225914e+01 6.962735e+00
      vertex   7.577265e+00 -3.191137e+01 6.971434e+00
    endloop
  endfacet
  facet normal 7.744581e-01 -5.283182e-02 6.304153e-01
    outer loop
      vertex   7.577265e+00 -3.191137e+01 6.971434e+00
      vertex   7.560621e+00 -3.225914e+01 6.962735e+00
      vertex   7.961284e+00 -3.216618e+01 6.478316e+00
    endloop
  endfacet
  facet normal 7.737763e-01 -5.510274e-02 6.310578e-01
    outer loop
      vertex   7.577265e+00 -3.191137e+01 6.971434e+00
      vertex   7.961284e+00 -3.216618e+01 6.478316e+00
      vertex   7.980677e+00 -3.184443e+01 6.482632e+00
    endloop
  endfacet
  facet normal 7.672724e-01 -5.481692e-02 6.389743e-01
    outer loop
      vertex   7.980677e+00 -3.184443e+01 6.482632e+00
      vertex   7.961284e+00 -3.216618e+01 6.478316e+00
      vertex   8.164398e+00 -3.211992e+01 6.238388e+00
    endloop
  endfacet
  facet normal 7.665171e-01 -5.603060e-02 6.397751e-01
    outer loop
      vertex   7.980677e+00 -3.184443e+01 6.482632e+00
      vertex   8.164398e+00 -3.211992e+01 6.238388e+00
      vertex   8.185176e+00 -3.181113e+01 6.240538e+00
    endloop
  endfacet
  facet normal 7.636448e-01 -5.586127e-02 6.432155e-01
    outer loop
      vertex   8.185176e+00 -3.181113e+01 6.240538e+00
      vertex   8.164398e+00 -3.211992e+01 6.238388e+00
      vertex   8.266645e+00 -3.209685e+01 6.119001e+00
    endloop
  endfacet
  facet normal 7.628490e-01 -5.646703e-02 6.441062e-01
    outer loop
      vertex   8.185176e+00 -3.181113e+01 6.240538e+00
      vertex   8.266645e+00 -3.209685e+01 6.119001e+00
      vertex   8.288119e+00 -3.179452e+01 6.120073e+00
    endloop
  endfacet
  facet normal 7.618223e-01 -5.639843e-02 6.453263e-01
    outer loop
      vertex   8.288119e+00 -3.179452e+01 6.120073e+00
      vertex   8.266645e+00 -3.209685e+01 6.119001e+00
      vertex   8.317941e+00 -3.208533e+01 6.059452e+00
    endloop
  endfacet
  facet normal 7.610054e-01 -5.667789e-02 6.462650e-01
    outer loop
      vertex   8.288119e+00 -3.179452e+01 6.120073e+00
      vertex   8.317941e+00 -3.208533e+01 6.059452e+00
      vertex   8.339763e+00 -3.178622e+01 6.059988e+00
    endloop
  endfacet
  facet normal 7.609089e-01 -5.667106e-02 6.463791e-01
    outer loop
      vertex   8.339763e+00 -3.178622e+01 6.059988e+00
      vertex   8.317941e+00 -3.208533e+01 6.059452e+00
      vertex   8.343632e+00 -3.207957e+01 6.029714e+00
    endloop
  endfacet
  facet normal 7.600811e-01 -5.678141e-02 6.473427e-01
    outer loop
      vertex   8.339763e+00 -3.178622e+01 6.059988e+00
      vertex   8.343632e+00 -3.207957e+01 6.029714e+00
      vertex   8.365628e+00 -3.178208e+01 6.029982e+00
    endloop
  endfacet
  facet normal 7.680946e-01 -5.736529e-02 6.377616e-01
    outer loop
      vertex   8.365628e+00 -3.178208e+01 6.029982e+00
      vertex   8.343632e+00 -3.207957e+01 6.029714e+00
      vertex   8.394729e+00 -3.172575e+01 6.000000e+00
    endloop
  endfacet
  facet normal 7.598157e-01 -4.742106e-02 6.484068e-01
    outer loop
      vertex   8.365628e+00 -3.178208e+01 6.029982e+00
      vertex   8.394729e+00 -3.172575e+01 6.000000e+00
      vertex   8.339763e+00 -3.178622e+01 6.059988e+00
    endloop
  endfacet
  facet normal 7.608128e-01 -4.965463e-02 6.470690e-01
    outer loop
      vertex   8.339763e+00 -3.178622e+01 6.059988e+00
      vertex   8.394729e+00 -3.172575e+01 6.000000e+00
      vertex   8.288119e+00 -3.179452e+01 6.120073e+00
    endloop
  endfacet
  facet normal 8.041207e-01 -5.720172e-02 5.917075e-01
    outer loop
      vertex   6.287354e+00 -3.265000e+01 8.601831e+00
      vertex   6.827033e+00 -3.265000e+01 7.868416e+00
      vertex   6.781870e+00 -3.244680e+01 7.949436e+00
    endloop
  endfacet
  facet normal 7.893940e-01 -6.782002e-02 6.101291e-01
    outer loop
      vertex   6.781870e+00 -3.244680e+01 7.949436e+00
      vertex   6.827033e+00 -3.265000e+01 7.868416e+00
      vertex   7.560621e+00 -3.225914e+01 6.962735e+00
    endloop
  endfacet
  facet normal 7.912241e-01 -8.028061e-02 6.062339e-01
    outer loop
      vertex   6.827033e+00 -3.265000e+01 7.868416e+00
      vertex   7.346455e+00 -3.265000e+01 7.190494e+00
      vertex   7.560621e+00 -3.225914e+01 6.962735e+00
    endloop
  endfacet
  facet normal 7.838420e-01 -6.995799e-02 6.170070e-01
    outer loop
      vertex   7.560621e+00 -3.225914e+01 6.962735e+00
      vertex   7.346455e+00 -3.265000e+01 7.190494e+00
      vertex   7.539159e+00 -3.260194e+01 6.951134e+00
    endloop
  endfacet
  facet normal 7.761897e-01 -6.980431e-02 6.266234e-01
    outer loop
      vertex   7.560621e+00 -3.225914e+01 6.962735e+00
      vertex   7.539159e+00 -3.260194e+01 6.951134e+00
      vertex   7.936211e+00 -3.248301e+01 6.472559e+00
    endloop
  endfacet
  facet normal 7.772052e-01 -8.689889e-02 6.232180e-01
    outer loop
      vertex   7.936211e+00 -3.248301e+01 6.472559e+00
      vertex   7.539159e+00 -3.260194e+01 6.951134e+00
      vertex   7.841183e+00 -3.265000e+01 6.567783e+00
    endloop
  endfacet
  facet normal 7.708896e-01 -7.821233e-02 6.321487e-01
    outer loop
      vertex   7.936211e+00 -3.248301e+01 6.472559e+00
      vertex   7.841183e+00 -3.265000e+01 6.567783e+00
      vertex   8.306779e+00 -3.265000e+01 6.000000e+00
    endloop
  endfacet
  facet normal 7.823064e-01 -4.131648e-02 6.215220e-01
    outer loop
      vertex   7.346455e+00 -3.265000e+01 7.190494e+00
      vertex   7.841183e+00 -3.265000e+01 6.567783e+00
      vertex   7.539159e+00 -3.260194e+01 6.951134e+00
    endloop
  endfacet
  facet normal 8.596842e-01 -8.180592e-02 5.042329e-01
    outer loop
      vertex   8.394729e+00 -3.172575e+01 6.000000e+00
      vertex   8.343632e+00 -3.207957e+01 6.029714e+00
      vertex   8.306779e+00 -3.265000e+01 6.000000e+00
    endloop
  endfacet
  facet normal 8.379069e-01 -8.224034e-02 5.395818e-01
    outer loop
      vertex   8.306779e+00 -3.265000e+01 6.000000e+00
      vertex   8.343632e+00 -3.207957e+01 6.029714e+00
      vertex   8.315139e+00 -3.237221e+01 6.029357e+00
    endloop
  endfacet
  facet normal 7.637229e-01 -9.053178e-02 6.391646e-01
    outer loop
      vertex   8.306779e+00 -3.265000e+01 6.000000e+00
      vertex   8.315139e+00 -3.237221e+01 6.029357e+00
      vertex   8.289677e+00 -3.237958e+01 6.058737e+00
    endloop
  endfacet
  facet normal 7.627947e-01 -7.482928e-02 6.422965e-01
    outer loop
      vertex   8.289677e+00 -3.237958e+01 6.058737e+00
      vertex   8.315139e+00 -3.237221e+01 6.029357e+00
      vertex   8.317941e+00 -3.208533e+01 6.059452e+00
    endloop
  endfacet
  facet normal 7.626469e-01 -7.481552e-02 6.424736e-01
    outer loop
      vertex   8.289677e+00 -3.237958e+01 6.058737e+00
      vertex   8.317941e+00 -3.208533e+01 6.059452e+00
      vertex   8.266645e+00 -3.209685e+01 6.119001e+00
    endloop
  endfacet
  facet normal 8.596205e-01 -1.769460e-02 5.106265e-01
    outer loop
      vertex   8.413835e+00 -3.079753e+01 6.000000e+00
      vertex   8.388045e+00 -3.117736e+01 6.030255e+00
      vertex   8.394729e+00 -3.172575e+01 6.000000e+00
    endloop
  endfacet
  facet normal 8.293429e-01 -2.069695e-02 5.583566e-01
    outer loop
      vertex   8.394729e+00 -3.172575e+01 6.000000e+00
      vertex   8.388045e+00 -3.117736e+01 6.030255e+00
      vertex   8.380533e+00 -3.148087e+01 6.030162e+00
    endloop
  endfacet
  facet normal 7.589061e-01 -3.609204e-02 6.501992e-01
    outer loop
      vertex   8.394729e+00 -3.172575e+01 6.000000e+00
      vertex   8.380533e+00 -3.148087e+01 6.030162e+00
      vertex   8.354551e+00 -3.148340e+01 6.060348e+00
    endloop
  endfacet
  facet normal 7.585556e-01 -1.897372e-02 6.513320e-01
    outer loop
      vertex   8.354551e+00 -3.148340e+01 6.060348e+00
      vertex   8.380533e+00 -3.148087e+01 6.030162e+00
      vertex   8.388045e+00 -3.117736e+01 6.030255e+00
    endloop
  endfacet
  facet normal 7.583055e-01 -1.891755e-02 6.516248e-01
    outer loop
      vertex   8.354551e+00 -3.148340e+01 6.060348e+00
      vertex   8.388045e+00 -3.117736e+01 6.030255e+00
      vertex   8.362002e+00 -3.117828e+01 6.060535e+00
    endloop
  endfacet
  facet normal 7.581674e-01 -6.338638e-04 6.520596e-01
    outer loop
      vertex   8.362002e+00 -3.117828e+01 6.060535e+00
      vertex   8.388045e+00 -3.117736e+01 6.030255e+00
      vertex   8.362246e+00 -3.087231e+01 6.060548e+00
    endloop
  endfacet
  facet normal 7.591124e-01 -6.345729e-04 6.509592e-01
    outer loop
      vertex   8.362002e+00 -3.117828e+01 6.060535e+00
      vertex   8.362246e+00 -3.087231e+01 6.060548e+00
      vertex   8.310241e+00 -3.087091e+01 6.121196e+00
    endloop
  endfacet
  facet normal 7.591533e-01 3.304124e-03 6.509034e-01
    outer loop
      vertex   8.310241e+00 -3.087091e+01 6.121196e+00
      vertex   8.362246e+00 -3.087231e+01 6.060548e+00
      vertex   8.413835e+00 -3.079753e+01 6.000000e+00
    endloop
  endfacet
  facet normal 7.609416e-01 -2.669523e-03 6.488149e-01
    outer loop
      vertex   8.310241e+00 -3.087091e+01 6.121196e+00
      vertex   8.413835e+00 -3.079753e+01 6.000000e+00
      vertex   8.206576e+00 -3.086811e+01 6.242787e+00
    endloop
  endfacet
  facet normal 7.580170e-01 1.692594e-02 6.520151e-01
    outer loop
      vertex   8.206576e+00 -3.086811e+01 6.242787e+00
      vertex   8.413835e+00 -3.079753e+01 6.000000e+00
      vertex   8.200100e+00 -3.055303e+01 6.242136e+00
    endloop
  endfacet
  facet normal 7.649994e-01 1.705252e-02 6.438051e-01
    outer loop
      vertex   8.206576e+00 -3.086811e+01 6.242787e+00
      vertex   8.200100e+00 -3.055303e+01 6.242136e+00
      vertex   7.994589e+00 -3.053443e+01 6.485842e+00
    endloop
  endfacet
  facet normal 7.653035e-01 3.388186e-02 6.427773e-01
    outer loop
      vertex   7.994589e+00 -3.053443e+01 6.485842e+00
      vertex   8.200100e+00 -3.055303e+01 6.242136e+00
      vertex   7.982442e+00 -3.020841e+01 6.483119e+00
    endloop
  endfacet
  facet normal 7.730720e-01 3.409302e-02 6.334014e-01
    outer loop
      vertex   7.994589e+00 -3.053443e+01 6.485842e+00
      vertex   7.982442e+00 -3.020841e+01 6.483119e+00
      vertex   7.578750e+00 -3.014498e+01 6.972415e+00
    endloop
  endfacet
  facet normal 7.735687e-01 5.023995e-02 6.317178e-01
    outer loop
      vertex   7.578750e+00 -3.014498e+01 6.972415e+00
      vertex   7.982442e+00 -3.020841e+01 6.483119e+00
      vertex   7.561699e+00 -2.976666e+01 6.963207e+00
    endloop
  endfacet
  facet normal 7.885725e-01 5.045739e-02 6.128682e-01
    outer loop
      vertex   7.578750e+00 -3.014498e+01 6.972415e+00
      vertex   7.561699e+00 -2.976666e+01 6.963207e+00
      vertex   6.782628e+00 -2.958160e+01 7.950395e+00
    endloop
  endfacet
  facet normal 7.891986e-01 6.435823e-02 6.107565e-01
    outer loop
      vertex   6.782628e+00 -2.958160e+01 7.950395e+00
      vertex   7.561699e+00 -2.976666e+01 6.963207e+00
      vertex   6.767437e+00 -2.915258e+01 7.924816e+00
    endloop
  endfacet
  facet normal 8.606520e-01 4.626972e-02 5.070871e-01
    outer loop
      vertex   8.363994e+00 -2.987045e+01 6.000000e+00
      vertex   8.367658e+00 -3.026751e+01 6.030012e+00
      vertex   8.413835e+00 -3.079753e+01 6.000000e+00
    endloop
  endfacet
  facet normal 8.091462e-01 3.729007e-02 5.864229e-01
    outer loop
      vertex   8.413835e+00 -3.079753e+01 6.000000e+00
      vertex   8.367658e+00 -3.026751e+01 6.030012e+00
      vertex   8.381442e+00 -3.056925e+01 6.030181e+00
    endloop
  endfacet
  facet normal 7.586298e-01 2.156205e-02 6.511650e-01
    outer loop
      vertex   8.413835e+00 -3.079753e+01 6.000000e+00
      vertex   8.381442e+00 -3.056925e+01 6.030181e+00
      vertex   8.355449e+00 -3.056693e+01 6.060386e+00
    endloop
  endfacet
  facet normal 7.588489e-01 3.493024e-02 6.503293e-01
    outer loop
      vertex   8.355449e+00 -3.056693e+01 6.060386e+00
      vertex   8.381442e+00 -3.056925e+01 6.030181e+00
      vertex   8.341775e+00 -3.026358e+01 6.060048e+00
    endloop
  endfacet
  facet normal 7.602655e-01 3.499224e-02 6.486694e-01
    outer loop
      vertex   8.355449e+00 -3.056693e+01 6.060386e+00
      vertex   8.341775e+00 -3.026358e+01 6.060048e+00
      vertex   8.290096e+00 -3.025572e+01 6.120195e+00
    endloop
  endfacet
  facet normal 7.608287e-01 5.330707e-02 6.467597e-01
    outer loop
      vertex   8.290096e+00 -3.025572e+01 6.120195e+00
      vertex   8.341775e+00 -3.026358e+01 6.060048e+00
      vertex   8.268008e+00 -2.992669e+01 6.119059e+00
    endloop
  endfacet
  facet normal 7.634730e-01 5.347375e-02 6.436222e-01
    outer loop
      vertex   8.290096e+00 -3.025572e+01 6.120195e+00
      vertex   8.268008e+00 -2.992669e+01 6.119059e+00
      vertex   8.165720e+00 -2.990394e+01 6.238505e+00
    endloop
  endfacet
  facet normal 7.636921e-01 5.777820e-02 6.429900e-01
    outer loop
      vertex   8.165720e+00 -2.990394e+01 6.238505e+00
      vertex   8.268008e+00 -2.992669e+01 6.119059e+00
      vertex   8.363994e+00 -2.987045e+01 6.000000e+00
    endloop
  endfacet
  facet normal 7.619549e-01 7.228557e-02 6.435834e-01
    outer loop
      vertex   8.165720e+00 -2.990394e+01 6.238505e+00
      vertex   8.363994e+00 -2.987045e+01 6.000000e+00
      vertex   8.137037e+00 -2.957386e+01 6.235388e+00
    endloop
  endfacet
  facet normal 7.658578e-01 7.965833e-02 6.380568e-01
    outer loop
      vertex   8.137037e+00 -2.957386e+01 6.235388e+00
      vertex   8.363994e+00 -2.987045e+01 6.000000e+00
      vertex   8.238343e+00 -2.960359e+01 6.117504e+00
    endloop
  endfacet
  facet normal 7.665810e-01 9.239358e-02 6.354660e-01
    outer loop
      vertex   8.137037e+00 -2.957386e+01 6.235388e+00
      vertex   8.238343e+00 -2.960359e+01 6.117504e+00
      vertex   8.101456e+00 -2.925133e+01 6.231418e+00
    endloop
  endfacet
  facet normal 7.680374e-01 9.358564e-02 6.335300e-01
    outer loop
      vertex   8.101456e+00 -2.925133e+01 6.231418e+00
      vertex   8.238343e+00 -2.960359e+01 6.117504e+00
      vertex   8.201526e+00 -2.928803e+01 6.115522e+00
    endloop
  endfacet
  facet normal 8.728194e-01 1.123354e-01 4.749391e-01
    outer loop
      vertex   8.245480e+00 -2.894962e+01 6.000000e+00
      vertex   8.276876e+00 -2.931551e+01 6.028845e+00
      vertex   8.363994e+00 -2.987045e+01 6.000000e+00
    endloop
  endfacet
  facet normal 8.302205e-01 1.018474e-01 5.480520e-01
    outer loop
      vertex   8.363994e+00 -2.987045e+01 6.000000e+00
      vertex   8.276876e+00 -2.931551e+01 6.028845e+00
      vertex   8.314621e+00 -2.962586e+01 6.029340e+00
    endloop
  endfacet
  facet normal 7.629188e-01 7.700484e-02 6.418919e-01
    outer loop
      vertex   8.363994e+00 -2.987045e+01 6.000000e+00
      vertex   8.314621e+00 -2.962586e+01 6.029340e+00
      vertex   8.289167e+00 -2.961844e+01 6.058704e+00
    endloop
  endfacet
  facet normal 7.638842e-01 9.365571e-02 6.385214e-01
    outer loop
      vertex   8.289167e+00 -2.961844e+01 6.058704e+00
      vertex   8.314621e+00 -2.962586e+01 6.029340e+00
      vertex   8.251731e+00 -2.930636e+01 6.057714e+00
    endloop
  endfacet
  facet normal 7.662217e-01 9.392707e-02 6.356745e-01
    outer loop
      vertex   8.289167e+00 -2.961844e+01 6.058704e+00
      vertex   8.251731e+00 -2.930636e+01 6.057714e+00
      vertex   8.201526e+00 -2.928803e+01 6.115522e+00
    endloop
  endfacet
  facet normal 8.897391e-01 1.824824e-01 4.184071e-01
    outer loop
      vertex   8.058947e+00 -2.804013e+01 6.000000e+00
      vertex   8.122122e+00 -2.840911e+01 6.026584e+00
      vertex   8.245480e+00 -2.894962e+01 6.000000e+00
    endloop
  endfacet
  facet normal 8.620673e-01 1.733228e-01 4.762344e-01
    outer loop
      vertex   8.245480e+00 -2.894962e+01 6.000000e+00
      vertex   8.122122e+00 -2.840911e+01 6.026584e+00
      vertex   8.161157e+00 -2.860494e+01 6.027195e+00
    endloop
  endfacet
  facet normal 7.906722e-01 1.465300e-01 5.944464e-01
    outer loop
      vertex   8.245480e+00 -2.894962e+01 6.000000e+00
      vertex   8.161157e+00 -2.860494e+01 6.027195e+00
      vertex   8.198134e+00 -2.880670e+01 6.027747e+00
    endloop
  endfacet
  facet normal 7.739718e-01 1.435303e-01 6.167388e-01
    outer loop
      vertex   8.198134e+00 -2.880670e+01 6.027747e+00
      vertex   8.161157e+00 -2.860494e+01 6.027195e+00
      vertex   8.137002e+00 -2.859163e+01 6.054411e+00
    endloop
  endfacet
  facet normal 7.725090e-01 1.428685e-01 6.187232e-01
    outer loop
      vertex   8.198134e+00 -2.880670e+01 6.027747e+00
      vertex   8.137002e+00 -2.859163e+01 6.054411e+00
      vertex   8.173654e+00 -2.879460e+01 6.055516e+00
    endloop
  endfacet
  facet normal 7.748604e-01 1.432766e-01 6.156811e-01
    outer loop
      vertex   8.173654e+00 -2.879460e+01 6.055516e+00
      vertex   8.137002e+00 -2.859163e+01 6.054411e+00
      vertex   8.088773e+00 -2.856499e+01 6.108910e+00
    endloop
  endfacet
  facet normal 7.733627e-01 1.422294e-01 6.178033e-01
    outer loop
      vertex   8.173654e+00 -2.879460e+01 6.055516e+00
      vertex   8.088773e+00 -2.856499e+01 6.108910e+00
      vertex   8.124780e+00 -2.877038e+01 6.111121e+00
    endloop
  endfacet
  facet normal 7.766314e-01 1.427568e-01 6.135667e-01
    outer loop
      vertex   8.124780e+00 -2.877038e+01 6.111121e+00
      vertex   8.088773e+00 -2.856499e+01 6.108910e+00
      vertex   7.992650e+00 -2.851166e+01 6.218171e+00
    endloop
  endfacet
  facet normal 7.750674e-01 1.409708e-01 6.159528e-01
    outer loop
      vertex   8.124780e+00 -2.877038e+01 6.111121e+00
      vertex   7.992650e+00 -2.851166e+01 6.218171e+00
      vertex   8.027366e+00 -2.872188e+01 6.222600e+00
    endloop
  endfacet
  facet normal 7.801498e-01 1.416708e-01 6.093404e-01
    outer loop
      vertex   8.027366e+00 -2.872188e+01 6.222600e+00
      vertex   7.992650e+00 -2.851166e+01 6.218171e+00
      vertex   7.801740e+00 -2.840474e+01 6.437737e+00
    endloop
  endfacet
  facet normal 7.784652e-01 1.385248e-01 6.122114e-01
    outer loop
      vertex   8.027366e+00 -2.872188e+01 6.222600e+00
      vertex   7.801740e+00 -2.840474e+01 6.437737e+00
      vertex   7.833885e+00 -2.862466e+01 6.446625e+00
    endloop
  endfacet
  facet normal 7.870937e-01 1.393285e-01 6.008919e-01
    outer loop
      vertex   7.833885e+00 -2.862466e+01 6.446625e+00
      vertex   7.801740e+00 -2.840474e+01 6.437737e+00
      vertex   7.425304e+00 -2.818990e+01 6.881008e+00
    endloop
  endfacet
  facet normal 7.852109e-01 1.338693e-01 6.045849e-01
    outer loop
      vertex   7.833885e+00 -2.862466e+01 6.446625e+00
      vertex   7.425304e+00 -2.818990e+01 6.881008e+00
      vertex   7.452341e+00 -2.842930e+01 6.898901e+00
    endloop
  endfacet
  facet normal 8.006251e-01 1.340697e-01 5.839733e-01
    outer loop
      vertex   7.452341e+00 -2.842930e+01 6.898901e+00
      vertex   7.425304e+00 -2.818990e+01 6.881008e+00
      vertex   6.694249e+00 -2.775643e+01 7.783764e+00
    endloop
  endfacet
  facet normal 7.984781e-01 1.252316e-01 5.888546e-01
    outer loop
      vertex   7.452341e+00 -2.842930e+01 6.898901e+00
      vertex   6.694249e+00 -2.775643e+01 7.783764e+00
      vertex   6.711225e+00 -2.803508e+01 7.820005e+00
    endloop
  endfacet
  facet normal 8.175966e-01 1.229697e-01 5.625071e-01
    outer loop
      vertex   6.711225e+00 -2.803508e+01 7.820005e+00
      vertex   6.694249e+00 -2.775643e+01 7.783764e+00
      vertex   5.992818e+00 -2.731820e+01 8.707483e+00
    endloop
  endfacet
  facet normal 8.158114e-01 1.162108e-01 5.665216e-01
    outer loop
      vertex   6.711225e+00 -2.803508e+01 7.820005e+00
      vertex   5.992818e+00 -2.731820e+01 8.707483e+00
      vertex   5.999949e+00 -2.763649e+01 8.762505e+00
    endloop
  endfacet
  facet normal 8.338924e-01 1.121043e-01 5.404222e-01
    outer loop
      vertex   5.999949e+00 -2.763649e+01 8.762505e+00
      vertex   5.992818e+00 -2.731820e+01 8.707483e+00
      vertex   5.321617e+00 -2.687559e+01 9.651358e+00
    endloop
  endfacet
  facet normal 8.324014e-01 1.068615e-01 5.437724e-01
    outer loop
      vertex   5.999949e+00 -2.763649e+01 8.762505e+00
      vertex   5.321617e+00 -2.687559e+01 9.651358e+00
      vertex   5.319135e+00 -2.723388e+01 9.725569e+00
    endloop
  endfacet
  facet normal 8.494892e-01 1.013591e-01 5.177783e-01
    outer loop
      vertex   5.319135e+00 -2.723388e+01 9.725569e+00
      vertex   5.321617e+00 -2.687559e+01 9.651358e+00
      vertex   4.681236e+00 -2.642900e+01 1.061457e+01
    endloop
  endfacet
  facet normal 8.482459e-01 9.726304e-02 5.205947e-01
    outer loop
      vertex   5.319135e+00 -2.723388e+01 9.725569e+00
      vertex   4.681236e+00 -2.642900e+01 1.061457e+01
      vertex   4.669386e+00 -2.682761e+01 1.070835e+01
    endloop
  endfacet
  facet normal 8.643608e-01 9.067507e-02 4.946295e-01
    outer loop
      vertex   4.669386e+00 -2.682761e+01 1.070835e+01
      vertex   4.681236e+00 -2.642900e+01 1.061457e+01
      vertex   4.072229e+00 -2.597880e+01 1.159628e+01
    endloop
  endfacet
  facet normal 8.633304e-01 8.746970e-02 4.970007e-01
    outer loop
      vertex   4.669386e+00 -2.682761e+01 1.070835e+01
      vertex   4.072229e+00 -2.597880e+01 1.159628e+01
      vertex   4.051269e+00 -2.641802e+01 1.170998e+01
    endloop
  endfacet
  facet normal 8.784938e-01 8.001624e-02 4.710054e-01
    outer loop
      vertex   4.051269e+00 -2.641802e+01 1.170998e+01
      vertex   4.072229e+00 -2.597880e+01 1.159628e+01
      vertex   3.495130e+00 -2.552540e+01 1.259562e+01
    endloop
  endfacet
  facet normal 8.776492e-01 7.751742e-02 4.729936e-01
    outer loop
      vertex   4.051269e+00 -2.641802e+01 1.170998e+01
      vertex   3.495130e+00 -2.552540e+01 1.259562e+01
      vertex   3.465335e+00 -2.600548e+01 1.272959e+01
    endloop
  endfacet
  facet normal 8.918682e-01 6.936614e-02 4.469446e-01
    outer loop
      vertex   3.465335e+00 -2.600548e+01 1.272959e+01
      vertex   3.495130e+00 -2.552540e+01 1.259562e+01
      vertex   2.950438e+00 -2.506918e+01 1.361174e+01
    endloop
  endfacet
  facet normal 8.911873e-01 6.743665e-02 4.485951e-01
    outer loop
      vertex   3.465335e+00 -2.600548e+01 1.272959e+01
      vertex   2.950438e+00 -2.506918e+01 1.361174e+01
      vertex   2.912094e+00 -2.559036e+01 1.376626e+01
    endloop
  endfacet
  facet normal 9.041071e-01 5.896213e-02 4.232184e-01
    outer loop
      vertex   2.912094e+00 -2.559036e+01 1.376626e+01
      vertex   2.950438e+00 -2.506918e+01 1.361174e+01
      vertex   2.392037e+00 -2.517302e+01 1.481910e+01
    endloop
  endfacet
  facet normal 9.035281e-01 5.320994e-02 4.252125e-01
    outer loop
      vertex   2.912094e+00 -2.559036e+01 1.376626e+01
      vertex   2.392037e+00 -2.517302e+01 1.481910e+01
      vertex   2.877875e+00 -2.611946e+01 1.390518e+01
    endloop
  endfacet
  facet normal 9.030425e-01 5.179795e-02 4.264166e-01
    outer loop
      vertex   2.877875e+00 -2.611946e+01 1.390518e+01
      vertex   2.392037e+00 -2.517302e+01 1.481910e+01
      vertex   2.350310e+00 -2.574375e+01 1.497679e+01
    endloop
  endfacet
  facet normal 9.210719e-01 2.614530e-01 2.885634e-01
    outer loop
      vertex   7.805424e+00 -2.714699e+01 6.000000e+00
      vertex   7.908396e+00 -2.753472e+01 6.022624e+00
      vertex   8.058947e+00 -2.804013e+01 6.000000e+00
    endloop
  endfacet
  facet normal 8.842234e-01 2.456104e-01 3.972714e-01
    outer loop
      vertex   8.058947e+00 -2.804013e+01 6.000000e+00
      vertex   7.908396e+00 -2.753472e+01 6.022624e+00
      vertex   7.952285e+00 -2.769421e+01 6.023540e+00
    endloop
  endfacet
  facet normal 8.202048e-01 2.168818e-01 5.293642e-01
    outer loop
      vertex   8.058947e+00 -2.804013e+01 6.000000e+00
      vertex   7.952285e+00 -2.769421e+01 6.023540e+00
      vertex   7.996042e+00 -2.786178e+01 6.024394e+00
    endloop
  endfacet
  facet normal 7.914350e-01 2.095975e-01 5.741947e-01
    outer loop
      vertex   7.996042e+00 -2.786178e+01 6.024394e+00
      vertex   7.952285e+00 -2.769421e+01 6.023540e+00
      vertex   7.930115e+00 -2.767504e+01 6.047099e+00
    endloop
  endfacet
  facet normal 7.895047e-01 2.085475e-01 5.772263e-01
    outer loop
      vertex   7.996042e+00 -2.786178e+01 6.024394e+00
      vertex   7.930115e+00 -2.767504e+01 6.047099e+00
      vertex   7.973430e+00 -2.784375e+01 6.048808e+00
    endloop
  endfacet
  facet normal 7.922857e-01 2.092203e-01 5.731581e-01
    outer loop
      vertex   7.973430e+00 -2.784375e+01 6.048808e+00
      vertex   7.930115e+00 -2.767504e+01 6.047099e+00
      vertex   7.885855e+00 -2.763667e+01 6.094275e+00
    endloop
  endfacet
  facet normal 7.902667e-01 2.076295e-01 5.765141e-01
    outer loop
      vertex   7.973430e+00 -2.784375e+01 6.048808e+00
      vertex   7.885855e+00 -2.763667e+01 6.094275e+00
      vertex   7.928287e+00 -2.780767e+01 6.097695e+00
    endloop
  endfacet
  facet normal 7.939783e-01 2.084421e-01 5.710958e-01
    outer loop
      vertex   7.928287e+00 -2.780767e+01 6.097695e+00
      vertex   7.885855e+00 -2.763667e+01 6.094275e+00
      vertex   7.797657e+00 -2.755985e+01 6.188856e+00
    endloop
  endfacet
  facet normal 7.917922e-01 2.058298e-01 5.750646e-01
    outer loop
      vertex   7.928287e+00 -2.780767e+01 6.097695e+00
      vertex   7.797657e+00 -2.755985e+01 6.188856e+00
      vertex   7.838323e+00 -2.773543e+01 6.195706e+00
    endloop
  endfacet
  facet normal 7.973287e-01 2.067980e-01 5.670111e-01
    outer loop
      vertex   7.838323e+00 -2.773543e+01 6.195706e+00
      vertex   7.797657e+00 -2.755985e+01 6.188856e+00
      vertex   7.622549e+00 -2.740587e+01 6.378934e+00
    endloop
  endfacet
  facet normal 7.948463e-01 2.023564e-01 5.720763e-01
    outer loop
      vertex   7.838323e+00 -2.773543e+01 6.195706e+00
      vertex   7.622549e+00 -2.740587e+01 6.378934e+00
      vertex   7.659694e+00 -2.759062e+01 6.392672e+00
    endloop
  endfacet
  facet normal 8.039010e-01 2.032027e-01 5.589740e-01
    outer loop
      vertex   7.659694e+00 -2.759062e+01 6.392672e+00
      vertex   7.622549e+00 -2.740587e+01 6.378934e+00
      vertex   7.277513e+00 -2.709657e+01 6.762716e+00
    endloop
  endfacet
  facet normal 8.009494e-01 1.957976e-01 5.658121e-01
    outer loop
      vertex   7.659694e+00 -2.759062e+01 6.392672e+00
      vertex   7.277513e+00 -2.709657e+01 6.762716e+00
      vertex   7.307659e+00 -2.729972e+01 6.790339e+00
    endloop
  endfacet
  facet normal 8.165889e-01 1.950526e-01 5.432652e-01
    outer loop
      vertex   7.307659e+00 -2.729972e+01 6.790339e+00
      vertex   7.277513e+00 -2.709657e+01 6.762716e+00
      vertex   6.608412e+00 -2.647283e+01 7.544502e+00
    endloop
  endfacet
  facet normal 8.130456e-01 1.836581e-01 5.524732e-01
    outer loop
      vertex   7.307659e+00 -2.729972e+01 6.790339e+00
      vertex   6.608412e+00 -2.647283e+01 7.544502e+00
      vertex   6.624735e+00 -2.671301e+01 7.600326e+00
    endloop
  endfacet
  facet normal 8.319083e-01 1.786411e-01 5.253722e-01
    outer loop
      vertex   6.624735e+00 -2.671301e+01 7.600326e+00
      vertex   6.608412e+00 -2.647283e+01 7.544502e+00
      vertex   5.967732e+00 -2.584265e+01 8.344719e+00
    endloop
  endfacet
  facet normal 8.291109e-01 1.704649e-01 5.324629e-01
    outer loop
      vertex   6.624735e+00 -2.671301e+01 7.600326e+00
      vertex   5.967732e+00 -2.584265e+01 8.344719e+00
      vertex   5.970479e+00 -2.612018e+01 8.429291e+00
    endloop
  endfacet
  facet normal 8.466683e-01 1.627628e-01 5.066172e-01
    outer loop
      vertex   5.970479e+00 -2.612018e+01 8.429291e+00
      vertex   5.967732e+00 -2.584265e+01 8.344719e+00
      vertex   5.355994e+00 -2.520656e+01 9.162708e+00
    endloop
  endfacet
  facet normal 8.444163e-01 1.567284e-01 5.122474e-01
    outer loop
      vertex   5.970479e+00 -2.612018e+01 8.429291e+00
      vertex   5.355994e+00 -2.520656e+01 9.162708e+00
      vertex   5.345433e+00 -2.552170e+01 9.276540e+00
    endloop
  endfacet
  facet normal 8.598218e-01 1.477272e-01 4.887567e-01
    outer loop
      vertex   5.345433e+00 -2.552170e+01 9.276540e+00
      vertex   5.355994e+00 -2.520656e+01 9.162708e+00
      vertex   4.750120e+00 -2.491809e+01 1.014137e+01
    endloop
  endfacet
  facet normal 8.582317e-01 1.382123e-01 4.943032e-01
    outer loop
      vertex   5.345433e+00 -2.552170e+01 9.276540e+00
      vertex   4.750120e+00 -2.491809e+01 1.014137e+01
      vertex   5.336977e+00 -2.584695e+01 9.382164e+00
    endloop
  endfacet
  facet normal 8.565034e-01 1.336620e-01 4.985343e-01
    outer loop
      vertex   5.336977e+00 -2.584695e+01 9.382164e+00
      vertex   4.750120e+00 -2.491809e+01 1.014137e+01
      vertex   4.729312e+00 -2.528184e+01 1.027465e+01
    endloop
  endfacet
  facet normal 8.558054e-01 1.291483e-01 5.009170e-01
    outer loop
      vertex   5.336977e+00 -2.584695e+01 9.382164e+00
      vertex   4.729312e+00 -2.528184e+01 1.027465e+01
      vertex   5.330331e+00 -2.618146e+01 9.479763e+00
    endloop
  endfacet
  facet normal 8.541951e-01 1.246504e-01 5.047901e-01
    outer loop
      vertex   5.330331e+00 -2.618146e+01 9.479763e+00
      vertex   4.729312e+00 -2.528184e+01 1.027465e+01
      vertex   4.711019e+00 -2.565540e+01 1.039785e+01
    endloop
  endfacet
  facet normal 8.535407e-01 1.199832e-01 5.070230e-01
    outer loop
      vertex   5.330331e+00 -2.618146e+01 9.479763e+00
      vertex   4.711019e+00 -2.565540e+01 1.039785e+01
      vertex   5.325280e+00 -2.652456e+01 9.569459e+00
    endloop
  endfacet
  facet normal 8.520508e-01 1.155781e-01 5.105401e-01
    outer loop
      vertex   5.325280e+00 -2.652456e+01 9.569459e+00
      vertex   4.711019e+00 -2.565540e+01 1.039785e+01
      vertex   4.695054e+00 -2.603802e+01 1.051111e+01
    endloop
  endfacet
  facet normal 8.514357e-01 1.107199e-01 5.126386e-01
    outer loop
      vertex   5.325280e+00 -2.652456e+01 9.569459e+00
      vertex   4.695054e+00 -2.603802e+01 1.051111e+01
      vertex   5.321617e+00 -2.687559e+01 9.651358e+00
    endloop
  endfacet
  facet normal 8.500679e-01 1.064478e-01 5.158037e-01
    outer loop
      vertex   5.321617e+00 -2.687559e+01 9.651358e+00
      vertex   4.695054e+00 -2.603802e+01 1.051111e+01
      vertex   4.681236e+00 -2.642900e+01 1.061457e+01
    endloop
  endfacet
  facet normal 9.388733e-01 3.436445e-01 -2.062525e-02
    outer loop
      vertex   7.486309e+00 -2.627514e+01 6.000000e+00
      vertex   7.654530e+00 -2.673381e+01 6.015474e+00
      vertex   7.805424e+00 -2.714699e+01 6.000000e+00
    endloop
  endfacet
  facet normal 8.956653e-01 3.153483e-01 3.135907e-01
    outer loop
      vertex   7.805424e+00 -2.714699e+01 6.000000e+00
      vertex   7.654530e+00 -2.673381e+01 6.015474e+00
      vertex   7.686354e+00 -2.682535e+01 6.016639e+00
    endloop
  endfacet
  facet normal 8.594616e-01 2.966307e-01 4.163363e-01
    outer loop
      vertex   7.805424e+00 -2.714699e+01 6.000000e+00
      vertex   7.686354e+00 -2.682535e+01 6.016639e+00
      vertex   7.719997e+00 -2.692439e+01 6.017753e+00
    endloop
  endfacet
  facet normal 8.210972e-01 2.844817e-01 4.948430e-01
    outer loop
      vertex   7.719997e+00 -2.692439e+01 6.017753e+00
      vertex   7.686354e+00 -2.682535e+01 6.016639e+00
      vertex   7.667378e+00 -2.679955e+01 6.033293e+00
    endloop
  endfacet
  facet normal 8.191140e-01 2.831432e-01 4.988809e-01
    outer loop
      vertex   7.719997e+00 -2.692439e+01 6.017753e+00
      vertex   7.667378e+00 -2.679955e+01 6.033293e+00
      vertex   7.700545e+00 -2.689943e+01 6.035521e+00
    endloop
  endfacet
  facet normal 8.219133e-01 2.839591e-01 4.937872e-01
    outer loop
      vertex   7.700545e+00 -2.689943e+01 6.035521e+00
      vertex   7.667378e+00 -2.679955e+01 6.033293e+00
      vertex   7.629502e+00 -2.674792e+01 6.066647e+00
    endloop
  endfacet
  facet normal 8.197143e-01 2.819446e-01 4.985737e-01
    outer loop
      vertex   7.700545e+00 -2.689943e+01 6.035521e+00
      vertex   7.629502e+00 -2.674792e+01 6.066647e+00
      vertex   7.661719e+00 -2.684947e+01 6.071105e+00
    endloop
  endfacet
  facet normal 8.235195e-01 2.828519e-01 4.917423e-01
    outer loop
      vertex   7.661719e+00 -2.684947e+01 6.071105e+00
      vertex   7.629502e+00 -2.674792e+01 6.066647e+00
      vertex   7.554057e+00 -2.664455e+01 6.133536e+00
    endloop
  endfacet
  facet normal 8.209351e-01 2.796273e-01 4.978696e-01
    outer loop
      vertex   7.661719e+00 -2.684947e+01 6.071105e+00
      vertex   7.554057e+00 -2.664455e+01 6.133536e+00
      vertex   7.584376e+00 -2.674946e+01 6.142463e+00
    endloop
  endfacet
  facet normal 8.266416e-01 2.804264e-01 4.878778e-01
    outer loop
      vertex   7.584376e+00 -2.674946e+01 6.142463e+00
      vertex   7.554057e+00 -2.664455e+01 6.133536e+00
      vertex   7.404398e+00 -2.643739e+01 6.268041e+00
    endloop
  endfacet
  facet normal 8.234340e-01 2.752317e-01 4.961895e-01
    outer loop
      vertex   7.584376e+00 -2.674946e+01 6.142463e+00
      vertex   7.404398e+00 -2.643739e+01 6.268041e+00
      vertex   7.430927e+00 -2.654901e+01 6.285929e+00
    endloop
  endfacet
  facet normal 8.326039e-01 2.749460e-01 4.808071e-01
    outer loop
      vertex   7.430927e+00 -2.654901e+01 6.285929e+00
      vertex   7.404398e+00 -2.643739e+01 6.268041e+00
      vertex   7.110025e+00 -2.602142e+01 6.539928e+00
    endloop
  endfacet
  facet normal 8.285481e-01 2.670198e-01 4.921468e-01
    outer loop
      vertex   7.430927e+00 -2.654901e+01 6.285929e+00
      vertex   7.110025e+00 -2.602142e+01 6.539928e+00
      vertex   7.129001e+00 -2.614650e+01 6.575847e+00
    endloop
  endfacet
  facet normal 8.437555e-01 2.624465e-01 4.681864e-01
    outer loop
      vertex   7.129001e+00 -2.614650e+01 6.575847e+00
      vertex   7.110025e+00 -2.602142e+01 6.539928e+00
      vertex   6.541254e+00 -2.518312e+01 7.095037e+00
    endloop
  endfacet
  facet normal 8.388518e-01 2.516262e-01 4.827130e-01
    outer loop
      vertex   7.129001e+00 -2.614650e+01 6.575847e+00
      vertex   6.541254e+00 -2.518312e+01 7.095037e+00
      vertex   6.545239e+00 -2.533526e+01 7.167422e+00
    endloop
  endfacet
  facet normal 8.537214e-01 2.417792e-01 4.611969e-01
    outer loop
      vertex   6.545239e+00 -2.533526e+01 7.167422e+00
      vertex   6.541254e+00 -2.518312e+01 7.095037e+00
      vertex   6.081757e+00 -2.465000e+01 7.666130e+00
    endloop
  endfacet
  facet normal 8.510681e-01 2.333060e-01 4.703737e-01
    outer loop
      vertex   6.545239e+00 -2.533526e+01 7.167422e+00
      vertex   6.081757e+00 -2.465000e+01 7.666130e+00
      vertex   6.551372e+00 -2.549750e+01 7.236797e+00
    endloop
  endfacet
  facet normal 8.516572e-01 2.344664e-01 4.687276e-01
    outer loop
      vertex   6.551372e+00 -2.549750e+01 7.236797e+00
      vertex   6.081757e+00 -2.465000e+01 7.666130e+00
      vertex   5.980191e+00 -2.470690e+01 7.879134e+00
    endloop
  endfacet
  facet normal 8.488773e-01 2.244680e-01 4.785619e-01
    outer loop
      vertex   6.551372e+00 -2.549750e+01 7.236797e+00
      vertex   5.980191e+00 -2.470690e+01 7.879134e+00
      vertex   6.559439e+00 -2.566976e+01 7.303283e+00
    endloop
  endfacet
  facet normal 8.455214e-01 2.168500e-01 4.879238e-01
    outer loop
      vertex   6.559439e+00 -2.566976e+01 7.303283e+00
      vertex   5.980191e+00 -2.470690e+01 7.879134e+00
      vertex   5.973929e+00 -2.490868e+01 7.979662e+00
    endloop
  endfacet
  facet normal 8.453508e-01 2.162000e-01 4.885075e-01
    outer loop
      vertex   6.559439e+00 -2.566976e+01 7.303283e+00
      vertex   5.973929e+00 -2.490868e+01 7.979662e+00
      vertex   6.569231e+00 -2.585158e+01 7.366807e+00
    endloop
  endfacet
  facet normal 8.420860e-01 2.082952e-01 4.974980e-01
    outer loop
      vertex   6.569231e+00 -2.585158e+01 7.366807e+00
      vertex   5.973929e+00 -2.490868e+01 7.979662e+00
      vertex   5.969694e+00 -2.512105e+01 8.075744e+00
    endloop
  endfacet
  facet normal 8.419274e-01 2.076382e-01 4.980408e-01
    outer loop
      vertex   6.569231e+00 -2.585158e+01 7.366807e+00
      vertex   5.969694e+00 -2.512105e+01 8.075744e+00
      vertex   6.580540e+00 -2.604252e+01 7.427293e+00
    endloop
  endfacet
  facet normal 8.387802e-01 1.995359e-01 5.065898e-01
    outer loop
      vertex   6.580540e+00 -2.604252e+01 7.427293e+00
      vertex   5.969694e+00 -2.512105e+01 8.075744e+00
      vertex   5.967326e+00 -2.534345e+01 8.167267e+00
    endloop
  endfacet
  facet normal 8.386137e-01 1.987867e-01 5.071597e-01
    outer loop
      vertex   6.580540e+00 -2.604252e+01 7.427293e+00
      vertex   5.967326e+00 -2.534345e+01 8.167267e+00
      vertex   6.593158e+00 -2.624213e+01 7.484669e+00
    endloop
  endfacet
  facet normal 8.356034e-01 1.905690e-01 5.152188e-01
    outer loop
      vertex   6.593158e+00 -2.624213e+01 7.484669e+00
      vertex   5.967326e+00 -2.534345e+01 8.167267e+00
      vertex   5.966665e+00 -2.557535e+01 8.254115e+00
    endloop
  endfacet
  facet normal 8.353069e-01 1.891208e-01 5.162323e-01
    outer loop
      vertex   6.593158e+00 -2.624213e+01 7.484669e+00
      vertex   5.966665e+00 -2.557535e+01 8.254115e+00
      vertex   6.608412e+00 -2.647283e+01 7.544502e+00
    endloop
  endfacet
  facet normal 8.323319e-01 1.809139e-01 5.239215e-01
    outer loop
      vertex   6.608412e+00 -2.647283e+01 7.544502e+00
      vertex   5.966665e+00 -2.557535e+01 8.254115e+00
      vertex   5.967732e+00 -2.584265e+01 8.344719e+00
    endloop
  endfacet
  facet normal 6.336831e-01 2.570255e-01 7.296462e-01
    outer loop
      vertex   7.486309e+00 -2.627514e+01 6.000000e+00
      vertex   7.478826e+00 -2.625687e+01 6.000064e+00
      vertex   7.654530e+00 -2.673381e+01 6.015474e+00
    endloop
  endfacet
  facet normal 7.747441e-01 2.668975e-01 -5.731817e-01
    outer loop
      vertex   7.654530e+00 -2.673381e+01 6.015474e+00
      vertex   7.478826e+00 -2.625687e+01 6.000064e+00
      vertex   7.624708e+00 -2.664984e+01 6.014263e+00
    endloop
  endfacet
  facet normal 8.301748e-01 3.016227e-01 4.688640e-01
    outer loop
      vertex   7.654530e+00 -2.673381e+01 6.015474e+00
      vertex   7.624708e+00 -2.664984e+01 6.014263e+00
      vertex   7.606701e+00 -2.662247e+01 6.028539e+00
    endloop
  endfacet
  facet normal 8.334584e-01 3.096058e-01 4.577022e-01
    outer loop
      vertex   7.606701e+00 -2.662247e+01 6.028539e+00
      vertex   7.624708e+00 -2.664984e+01 6.014263e+00
      vertex   7.572585e+00 -2.652589e+01 6.025332e+00
    endloop
  endfacet
  facet normal 8.366885e-01 3.105288e-01 4.511366e-01
    outer loop
      vertex   7.606701e+00 -2.662247e+01 6.028539e+00
      vertex   7.572585e+00 -2.652589e+01 6.025332e+00
      vertex   7.537896e+00 -2.646930e+01 6.050717e+00
    endloop
  endfacet
  facet normal 8.404137e-01 3.184876e-01 4.384865e-01
    outer loop
      vertex   7.537896e+00 -2.646930e+01 6.050717e+00
      vertex   7.572585e+00 -2.652589e+01 6.025332e+00
      vertex   7.508958e+00 -2.638376e+01 6.044048e+00
    endloop
  endfacet
  facet normal 8.447780e-01 3.192591e-01 4.294459e-01
    outer loop
      vertex   7.537896e+00 -2.646930e+01 6.050717e+00
      vertex   7.508958e+00 -2.638376e+01 6.044048e+00
      vertex   7.442386e+00 -2.626713e+01 6.088298e+00
    endloop
  endfacet
  facet normal 8.479943e-01 3.252626e-01 4.184613e-01
    outer loop
      vertex   7.442386e+00 -2.626713e+01 6.088298e+00
      vertex   7.508958e+00 -2.638376e+01 6.044048e+00
      vertex   7.420242e+00 -2.619166e+01 6.074506e+00
    endloop
  endfacet
  facet normal 8.541970e-01 3.248077e-01 4.060140e-01
    outer loop
      vertex   7.442386e+00 -2.626713e+01 6.088298e+00
      vertex   7.420242e+00 -2.619166e+01 6.074506e+00
      vertex   7.293293e+00 -2.595189e+01 6.149776e+00
    endloop
  endfacet
  facet normal 8.565060e-01 3.285190e-01 3.980864e-01
    outer loop
      vertex   7.293293e+00 -2.595189e+01 6.149776e+00
      vertex   7.420242e+00 -2.619166e+01 6.074506e+00
      vertex   7.280736e+00 -2.588474e+01 6.121384e+00
    endloop
  endfacet
  facet normal 8.651289e-01 3.237715e-01 3.830457e-01
    outer loop
      vertex   7.293293e+00 -2.595189e+01 6.149776e+00
      vertex   7.280736e+00 -2.588474e+01 6.121384e+00
      vertex   7.041564e+00 -2.539268e+01 6.245643e+00
    endloop
  endfacet
  facet normal 8.670501e-01 3.263746e-01 3.764355e-01
    outer loop
      vertex   7.041564e+00 -2.539268e+01 6.245643e+00
      vertex   7.280736e+00 -2.588474e+01 6.121384e+00
      vertex   7.043614e+00 -2.533084e+01 6.187314e+00
    endloop
  endfacet
  facet normal 8.739722e-01 3.178382e-01 3.676295e-01
    outer loop
      vertex   7.041564e+00 -2.539268e+01 6.245643e+00
      vertex   7.043614e+00 -2.533084e+01 6.187314e+00
      vertex   6.891668e+00 -2.502338e+01 6.282715e+00
    endloop
  endfacet
  facet normal 8.728234e-01 3.159181e-01 3.719879e-01
    outer loop
      vertex   6.891668e+00 -2.502338e+01 6.282715e+00
      vertex   7.043614e+00 -2.533084e+01 6.187314e+00
      vertex   7.097216e+00 -2.541705e+01 6.134758e+00
    endloop
  endfacet
  facet normal 8.771448e-01 3.365292e-01 3.425858e-01
    outer loop
      vertex   7.097216e+00 -2.541705e+01 6.134758e+00
      vertex   7.043614e+00 -2.533084e+01 6.187314e+00
      vertex   7.273045e+00 -2.583212e+01 6.092301e+00
    endloop
  endfacet
  facet normal 8.751715e-01 3.350333e-01 3.490380e-01
    outer loop
      vertex   7.097216e+00 -2.541705e+01 6.134758e+00
      vertex   7.273045e+00 -2.583212e+01 6.092301e+00
      vertex   7.270143e+00 -2.579345e+01 6.062459e+00
    endloop
  endfacet
  facet normal 8.692872e-01 3.412274e-01 3.576362e-01
    outer loop
      vertex   7.270143e+00 -2.579345e+01 6.062459e+00
      vertex   7.273045e+00 -2.583212e+01 6.092301e+00
      vertex   7.390190e+00 -2.608183e+01 6.045811e+00
    endloop
  endfacet
  facet normal 8.719334e-01 3.427925e-01 3.496077e-01
    outer loop
      vertex   7.270143e+00 -2.579345e+01 6.062459e+00
      vertex   7.390190e+00 -2.608183e+01 6.045811e+00
      vertex   7.382478e+00 -2.604701e+01 6.030910e+00
    endloop
  endfacet
  facet normal 8.671208e-01 3.456112e-01 3.586841e-01
    outer loop
      vertex   7.382478e+00 -2.604701e+01 6.030910e+00
      vertex   7.390190e+00 -2.608183e+01 6.045811e+00
      vertex   7.449368e+00 -2.620644e+01 6.022820e+00
    endloop
  endfacet
  facet normal 8.695442e-01 3.469973e-01 3.514055e-01
    outer loop
      vertex   7.382478e+00 -2.604701e+01 6.030910e+00
      vertex   7.449368e+00 -2.620644e+01 6.022820e+00
      vertex   7.439252e+00 -2.617355e+01 6.015375e+00
    endloop
  endfacet
  facet normal 8.659557e-01 3.477175e-01 3.594625e-01
    outer loop
      vertex   7.439252e+00 -2.617355e+01 6.015375e+00
      vertex   7.449368e+00 -2.620644e+01 6.022820e+00
      vertex   7.479108e+00 -2.626869e+01 6.011389e+00
    endloop
  endfacet
  facet normal 8.680731e-01 3.488675e-01 3.531864e-01
    outer loop
      vertex   7.439252e+00 -2.617355e+01 6.015375e+00
      vertex   7.479108e+00 -2.626869e+01 6.011389e+00
      vertex   7.467791e+00 -2.623676e+01 6.007668e+00
    endloop
  endfacet
  facet normal 8.652998e-01 3.486902e-01 3.600992e-01
    outer loop
      vertex   7.467791e+00 -2.623676e+01 6.007668e+00
      vertex   7.479108e+00 -2.626869e+01 6.011389e+00
      vertex   7.494016e+00 -2.629980e+01 6.005689e+00
    endloop
  endfacet
  facet normal 8.671076e-01 3.496079e-01 3.548221e-01
    outer loop
      vertex   7.467791e+00 -2.623676e+01 6.007668e+00
      vertex   7.494016e+00 -2.629980e+01 6.005689e+00
      vertex   7.482098e+00 -2.626835e+01 6.003829e+00
    endloop
  endfacet
  facet normal 8.832530e-01 3.529947e-01 3.086403e-01
    outer loop
      vertex   7.482098e+00 -2.626835e+01 6.003829e+00
      vertex   7.494016e+00 -2.629980e+01 6.005689e+00
      vertex   7.478826e+00 -2.625687e+01 6.000064e+00
    endloop
  endfacet
  facet normal 8.781675e-01 3.553474e-01 3.202344e-01
    outer loop
      vertex   7.482098e+00 -2.626835e+01 6.003829e+00
      vertex   7.478826e+00 -2.625687e+01 6.000064e+00
      vertex   7.475117e+00 -2.624939e+01 6.001930e+00
    endloop
  endfacet
  facet normal 8.802447e-01 3.587925e-01 3.105434e-01
    outer loop
      vertex   7.475117e+00 -2.624939e+01 6.001930e+00
      vertex   7.478826e+00 -2.625687e+01 6.000064e+00
      vertex   7.461400e+00 -2.621741e+01 6.003870e+00
    endloop
  endfacet
  facet normal 8.743058e-01 3.550037e-01 3.310012e-01
    outer loop
      vertex   7.475117e+00 -2.624939e+01 6.001930e+00
      vertex   7.461400e+00 -2.621741e+01 6.003870e+00
      vertex   7.482098e+00 -2.626835e+01 6.003829e+00
    endloop
  endfacet
  facet normal 8.724758e-01 3.542556e-01 3.365844e-01
    outer loop
      vertex   7.482098e+00 -2.626835e+01 6.003829e+00
      vertex   7.461400e+00 -2.621741e+01 6.003870e+00
      vertex   7.467791e+00 -2.623676e+01 6.007668e+00
    endloop
  endfacet
  facet normal -9.065998e-01 -3.754225e-01 -1.927036e-01
    outer loop
      vertex   7.294052e+00 -2.582968e+01 6.037104e+00
      vertex   7.379632e+00 -2.602536e+01 6.015704e+00
      vertex   7.478826e+00 -2.625687e+01 6.000064e+00
    endloop
  endfacet
  facet normal 8.005797e-01 3.083045e-01 5.138292e-01
    outer loop
      vertex   7.478826e+00 -2.625687e+01 6.000064e+00
      vertex   7.379632e+00 -2.602536e+01 6.015704e+00
      vertex   7.434043e+00 -2.615343e+01 6.007777e+00
    endloop
  endfacet
  facet normal 8.704479e-01 3.511438e-01 3.449905e-01
    outer loop
      vertex   7.478826e+00 -2.625687e+01 6.000064e+00
      vertex   7.434043e+00 -2.615343e+01 6.007777e+00
      vertex   7.461400e+00 -2.621741e+01 6.003870e+00
    endloop
  endfacet
  facet normal 8.748484e-01 3.538950e-01 3.307545e-01
    outer loop
      vertex   7.461400e+00 -2.621741e+01 6.003870e+00
      vertex   7.434043e+00 -2.615343e+01 6.007777e+00
      vertex   7.467791e+00 -2.623676e+01 6.007668e+00
    endloop
  endfacet
  facet normal 8.760058e-01 3.359995e-01 3.460030e-01
    outer loop
      vertex   7.097216e+00 -2.541705e+01 6.134758e+00
      vertex   7.270143e+00 -2.579345e+01 6.062459e+00
      vertex   7.294052e+00 -2.582968e+01 6.037104e+00
    endloop
  endfacet
  facet normal 8.773734e-01 3.475425e-01 3.308022e-01
    outer loop
      vertex   7.294052e+00 -2.582968e+01 6.037104e+00
      vertex   7.270143e+00 -2.579345e+01 6.062459e+00
      vertex   7.382478e+00 -2.604701e+01 6.030910e+00
    endloop
  endfacet
  facet normal 8.773898e-01 3.475506e-01 3.307503e-01
    outer loop
      vertex   7.294052e+00 -2.582968e+01 6.037104e+00
      vertex   7.382478e+00 -2.604701e+01 6.030910e+00
      vertex   7.379632e+00 -2.602536e+01 6.015704e+00
    endloop
  endfacet
  facet normal 8.740162e-01 3.508799e-01 3.361234e-01
    outer loop
      vertex   7.379632e+00 -2.602536e+01 6.015704e+00
      vertex   7.382478e+00 -2.604701e+01 6.030910e+00
      vertex   7.439252e+00 -2.617355e+01 6.015375e+00
    endloop
  endfacet
  facet normal 8.758696e-01 3.516381e-01 3.304590e-01
    outer loop
      vertex   7.379632e+00 -2.602536e+01 6.015704e+00
      vertex   7.439252e+00 -2.617355e+01 6.015375e+00
      vertex   7.434043e+00 -2.615343e+01 6.007777e+00
    endloop
  endfacet
  facet normal 8.729995e-01 3.531387e-01 3.364000e-01
    outer loop
      vertex   7.434043e+00 -2.615343e+01 6.007777e+00
      vertex   7.439252e+00 -2.617355e+01 6.015375e+00
      vertex   7.467791e+00 -2.623676e+01 6.007668e+00
    endloop
  endfacet
  facet normal 8.801432e-01 3.222566e-01 3.485664e-01
    outer loop
      vertex   6.891668e+00 -2.502338e+01 6.282715e+00
      vertex   6.679817e+00 -2.465000e+01 6.472450e+00
      vertex   7.041564e+00 -2.539268e+01 6.245643e+00
    endloop
  endfacet
  facet normal 8.718155e-01 3.084388e-01 3.805303e-01
    outer loop
      vertex   7.041564e+00 -2.539268e+01 6.245643e+00
      vertex   6.679817e+00 -2.465000e+01 6.472450e+00
      vertex   7.044250e+00 -2.547053e+01 6.302595e+00
    endloop
  endfacet
  facet normal 8.607528e-01 3.195415e-01 3.962297e-01
    outer loop
      vertex   7.041564e+00 -2.539268e+01 6.245643e+00
      vertex   7.044250e+00 -2.547053e+01 6.302595e+00
      vertex   7.293293e+00 -2.595189e+01 6.149776e+00
    endloop
  endfacet
  facet normal 8.591566e-01 3.169729e-01 4.017189e-01
    outer loop
      vertex   7.293293e+00 -2.595189e+01 6.149776e+00
      vertex   7.044250e+00 -2.547053e+01 6.302595e+00
      vertex   7.310452e+00 -2.603341e+01 6.177404e+00
    endloop
  endfacet
  facet normal 8.500718e-01 3.205408e-01 4.178894e-01
    outer loop
      vertex   7.293293e+00 -2.595189e+01 6.149776e+00
      vertex   7.310452e+00 -2.603341e+01 6.177404e+00
      vertex   7.442386e+00 -2.626713e+01 6.088298e+00
    endloop
  endfacet
  facet normal 8.476881e-01 3.160857e-01 4.260455e-01
    outer loop
      vertex   7.442386e+00 -2.626713e+01 6.088298e+00
      vertex   7.310452e+00 -2.603341e+01 6.177404e+00
      vertex   7.468822e+00 -2.635602e+01 6.101648e+00
    endloop
  endfacet
  facet normal 8.414670e-01 3.160640e-01 4.382201e-01
    outer loop
      vertex   7.442386e+00 -2.626713e+01 6.088298e+00
      vertex   7.468822e+00 -2.635602e+01 6.101648e+00
      vertex   7.537896e+00 -2.646930e+01 6.050717e+00
    endloop
  endfacet
  facet normal 8.382949e-01 3.092799e-01 4.490074e-01
    outer loop
      vertex   7.537896e+00 -2.646930e+01 6.050717e+00
      vertex   7.468822e+00 -2.635602e+01 6.101648e+00
      vertex   7.570764e+00 -2.656771e+01 6.057135e+00
    endloop
  endfacet
  facet normal 8.340109e-01 3.084034e-01 4.575076e-01
    outer loop
      vertex   7.537896e+00 -2.646930e+01 6.050717e+00
      vertex   7.570764e+00 -2.656771e+01 6.057135e+00
      vertex   7.606701e+00 -2.662247e+01 6.028539e+00
    endloop
  endfacet
  facet normal 8.310051e-01 3.010914e-01 4.677334e-01
    outer loop
      vertex   7.606701e+00 -2.662247e+01 6.028539e+00
      vertex   7.570764e+00 -2.656771e+01 6.057135e+00
      vertex   7.636036e+00 -2.670720e+01 6.030963e+00
    endloop
  endfacet
  facet normal 8.282307e-01 3.002856e-01 4.731411e-01
    outer loop
      vertex   7.606701e+00 -2.662247e+01 6.028539e+00
      vertex   7.636036e+00 -2.670720e+01 6.030963e+00
      vertex   7.654530e+00 -2.673381e+01 6.015474e+00
    endloop
  endfacet
  facet normal 8.255435e-01 2.931172e-01 4.822450e-01
    outer loop
      vertex   7.654530e+00 -2.673381e+01 6.015474e+00
      vertex   7.636036e+00 -2.670720e+01 6.030963e+00
      vertex   7.686354e+00 -2.682535e+01 6.016639e+00
    endloop
  endfacet
  facet normal 8.632369e-01 2.992445e-01 4.065401e-01
    outer loop
      vertex   7.044250e+00 -2.547053e+01 6.302595e+00
      vertex   6.679817e+00 -2.465000e+01 6.472450e+00
      vertex   6.544608e+00 -2.475491e+01 6.836773e+00
    endloop
  endfacet
  facet normal 8.589522e-01 3.095303e-01 4.079119e-01
    outer loop
      vertex   6.544608e+00 -2.475491e+01 6.836773e+00
      vertex   6.679817e+00 -2.465000e+01 6.472450e+00
      vertex   6.404244e+00 -2.465000e+01 7.052733e+00
    endloop
  endfacet
  facet normal 8.621138e-01 2.672644e-01 4.304992e-01
    outer loop
      vertex   6.544608e+00 -2.475491e+01 6.836773e+00
      vertex   6.404244e+00 -2.465000e+01 7.052733e+00
      vertex   6.540232e+00 -2.490831e+01 6.940769e+00
    endloop
  endfacet
  facet normal 8.578228e-01 2.592558e-01 4.437639e-01
    outer loop
      vertex   6.540232e+00 -2.490831e+01 6.940769e+00
      vertex   6.404244e+00 -2.465000e+01 7.052733e+00
      vertex   6.539561e+00 -2.504070e+01 7.019410e+00
    endloop
  endfacet
  facet normal 8.471554e-01 2.681822e-01 4.587003e-01
    outer loop
      vertex   6.540232e+00 -2.490831e+01 6.940769e+00
      vertex   6.539561e+00 -2.504070e+01 7.019410e+00
      vertex   7.093092e+00 -2.590492e+01 6.502389e+00
    endloop
  endfacet
  facet normal 8.479094e-01 2.702176e-01 4.561053e-01
    outer loop
      vertex   7.093092e+00 -2.590492e+01 6.502389e+00
      vertex   6.539561e+00 -2.504070e+01 7.019410e+00
      vertex   7.110025e+00 -2.602142e+01 6.539928e+00
    endloop
  endfacet
  facet normal 8.328621e-01 2.757059e-01 4.799240e-01
    outer loop
      vertex   7.093092e+00 -2.590492e+01 6.502389e+00
      vertex   7.110025e+00 -2.602142e+01 6.539928e+00
      vertex   7.404398e+00 -2.643739e+01 6.268041e+00
    endloop
  endfacet
  facet normal 8.551982e-01 2.578481e-01 4.496114e-01
    outer loop
      vertex   6.404244e+00 -2.465000e+01 7.052733e+00
      vertex   6.081757e+00 -2.465000e+01 7.666130e+00
      vertex   6.539561e+00 -2.504070e+01 7.019410e+00
    endloop
  endfacet
  facet normal 8.550919e-01 2.510565e-01 4.536391e-01
    outer loop
      vertex   6.539561e+00 -2.504070e+01 7.019410e+00
      vertex   6.081757e+00 -2.465000e+01 7.666130e+00
      vertex   6.541254e+00 -2.518312e+01 7.095037e+00
    endloop
  endfacet
  facet normal 8.429594e-01 2.600922e-01 4.709263e-01
    outer loop
      vertex   6.539561e+00 -2.504070e+01 7.019410e+00
      vertex   6.541254e+00 -2.518312e+01 7.095037e+00
      vertex   7.110025e+00 -2.602142e+01 6.539928e+00
    endloop
  endfacet
  facet normal 8.527739e-01 2.311107e-01 4.683636e-01
    outer loop
      vertex   6.081757e+00 -2.465000e+01 7.666130e+00
      vertex   5.743534e+00 -2.465000e+01 8.281950e+00
      vertex   5.980191e+00 -2.470690e+01 7.879134e+00
    endloop
  endfacet
  facet normal 8.557508e-01 2.092008e-01 4.732077e-01
    outer loop
      vertex   5.980191e+00 -2.470690e+01 7.879134e+00
      vertex   5.743534e+00 -2.465000e+01 8.281950e+00
      vertex   5.973929e+00 -2.490868e+01 7.979662e+00
    endloop
  endfacet
  facet normal 8.542285e-01 2.000724e-01 4.798590e-01
    outer loop
      vertex   5.973929e+00 -2.490868e+01 7.979662e+00
      vertex   5.743534e+00 -2.465000e+01 8.281950e+00
      vertex   5.969694e+00 -2.512105e+01 8.075744e+00
    endloop
  endfacet
  facet normal 8.555199e-01 2.020706e-01 4.767108e-01
    outer loop
      vertex   5.969694e+00 -2.512105e+01 8.075744e+00
      vertex   5.743534e+00 -2.465000e+01 8.281950e+00
      vertex   5.576028e+00 -2.465000e+01 8.582560e+00
    endloop
  endfacet
  facet normal 8.531971e-01 1.906951e-01 4.854792e-01
    outer loop
      vertex   5.969694e+00 -2.512105e+01 8.075744e+00
      vertex   5.576028e+00 -2.465000e+01 8.582560e+00
      vertex   5.967326e+00 -2.534345e+01 8.167267e+00
    endloop
  endfacet
  facet normal 8.558890e-01 1.964591e-01 4.783909e-01
    outer loop
      vertex   5.967326e+00 -2.534345e+01 8.167267e+00
      vertex   5.576028e+00 -2.465000e+01 8.582560e+00
      vertex   5.396813e+00 -2.465000e+01 8.903195e+00
    endloop
  endfacet
  facet normal 8.512201e-01 1.753739e-01 4.946396e-01
    outer loop
      vertex   5.967326e+00 -2.534345e+01 8.167267e+00
      vertex   5.396813e+00 -2.465000e+01 8.903195e+00
      vertex   5.368849e+00 -2.490241e+01 9.040808e+00
    endloop
  endfacet
  facet normal 8.610562e-01 1.665536e-01 4.804603e-01
    outer loop
      vertex   5.368849e+00 -2.490241e+01 9.040808e+00
      vertex   5.396813e+00 -2.465000e+01 8.903195e+00
      vertex   5.011728e+00 -2.465000e+01 9.593325e+00
    endloop
  endfacet
  facet normal 8.606164e-01 1.576960e-01 4.842224e-01
    outer loop
      vertex   5.368849e+00 -2.490241e+01 9.040808e+00
      vertex   5.011728e+00 -2.465000e+01 9.593325e+00
      vertex   5.355994e+00 -2.520656e+01 9.162708e+00
    endloop
  endfacet
  facet normal 8.597695e-01 1.554503e-01 4.864479e-01
    outer loop
      vertex   5.355994e+00 -2.520656e+01 9.162708e+00
      vertex   5.011728e+00 -2.465000e+01 9.593325e+00
      vertex   4.750120e+00 -2.491809e+01 1.014137e+01
    endloop
  endfacet
  facet normal 8.678480e-01 1.321841e-01 4.789230e-01
    outer loop
      vertex   5.011728e+00 -2.465000e+01 9.593325e+00
      vertex   4.606117e+00 -2.465000e+01 1.032833e+01
      vertex   4.750120e+00 -2.491809e+01 1.014137e+01
    endloop
  endfacet
  facet normal 8.711298e-01 1.396219e-01 4.707850e-01
    outer loop
      vertex   4.750120e+00 -2.491809e+01 1.014137e+01
      vertex   4.606117e+00 -2.465000e+01 1.032833e+01
      vertex   4.193708e+00 -2.465000e+01 1.109144e+01
    endloop
  endfacet
  facet normal 8.711299e-01 1.270900e-01 4.743214e-01
    outer loop
      vertex   4.750120e+00 -2.491809e+01 1.014137e+01
      vertex   4.193708e+00 -2.465000e+01 1.109144e+01
      vertex   4.152169e+00 -2.471234e+01 1.118443e+01
    endloop
  endfacet
  facet normal 8.804972e-01 1.034129e-01 4.626342e-01
    outer loop
      vertex   4.152169e+00 -2.471234e+01 1.118443e+01
      vertex   4.193708e+00 -2.465000e+01 1.109144e+01
      vertex   3.762247e+00 -2.465000e+01 1.191260e+01
    endloop
  endfacet
  facet normal 8.804661e-01 1.039601e-01 4.625707e-01
    outer loop
      vertex   4.152169e+00 -2.471234e+01 1.118443e+01
      vertex   3.762247e+00 -2.465000e+01 1.191260e+01
      vertex   4.122523e+00 -2.512519e+01 1.133364e+01
    endloop
  endfacet
  facet normal 8.786869e-01 9.656956e-02 4.675294e-01
    outer loop
      vertex   4.122523e+00 -2.512519e+01 1.133364e+01
      vertex   3.762247e+00 -2.465000e+01 1.191260e+01
      vertex   4.095928e+00 -2.554760e+01 1.147088e+01
    endloop
  endfacet
  facet normal 8.666849e-01 1.039453e-01 4.879065e-01
    outer loop
      vertex   4.122523e+00 -2.512519e+01 1.133364e+01
      vertex   4.095928e+00 -2.554760e+01 1.147088e+01
      vertex   4.695054e+00 -2.603802e+01 1.051111e+01
    endloop
  endfacet
  facet normal 8.660661e-01 9.905879e-02 4.900172e-01
    outer loop
      vertex   4.695054e+00 -2.603802e+01 1.051111e+01
      vertex   4.095928e+00 -2.554760e+01 1.147088e+01
      vertex   4.681236e+00 -2.642900e+01 1.061457e+01
    endloop
  endfacet
  facet normal 8.816017e-01 1.008165e-01 4.611013e-01
    outer loop
      vertex   4.095928e+00 -2.554760e+01 1.147088e+01
      vertex   3.762247e+00 -2.465000e+01 1.191260e+01
      vertex   3.528423e+00 -2.505372e+01 1.244793e+01
    endloop
  endfacet
  facet normal 8.890040e-01 8.237735e-02 4.504285e-01
    outer loop
      vertex   3.528423e+00 -2.505372e+01 1.244793e+01
      vertex   3.762247e+00 -2.465000e+01 1.191260e+01
      vertex   3.313599e+00 -2.465000e+01 1.279809e+01
    endloop
  endfacet
  facet normal 8.878291e-01 7.926596e-02 4.532950e-01
    outer loop
      vertex   3.528423e+00 -2.505372e+01 1.244793e+01
      vertex   3.313599e+00 -2.465000e+01 1.279809e+01
      vertex   3.495130e+00 -2.552540e+01 1.259562e+01
    endloop
  endfacet
  facet normal 8.933676e-01 8.312625e-02 4.415703e-01
    outer loop
      vertex   3.495130e+00 -2.552540e+01 1.259562e+01
      vertex   3.313599e+00 -2.465000e+01 1.279809e+01
      vertex   2.950438e+00 -2.506918e+01 1.361174e+01
    endloop
  endfacet
  facet normal 8.978641e-01 6.681424e-02 4.351735e-01
    outer loop
      vertex   3.313599e+00 -2.465000e+01 1.279809e+01
      vertex   2.853364e+00 -2.465000e+01 1.374767e+01
      vertex   2.950438e+00 -2.506918e+01 1.361174e+01
    endloop
  endfacet
  facet normal 9.059380e-01 7.464904e-02 4.167779e-01
    outer loop
      vertex   2.950438e+00 -2.506918e+01 1.361174e+01
      vertex   2.853364e+00 -2.465000e+01 1.374767e+01
      vertex   2.387142e+00 -2.465000e+01 1.476108e+01
    endloop
  endfacet
  facet normal 9.044106e-01 5.539410e-02 4.230519e-01
    outer loop
      vertex   2.950438e+00 -2.506918e+01 1.361174e+01
      vertex   2.387142e+00 -2.465000e+01 1.476108e+01
      vertex   2.392037e+00 -2.517302e+01 1.481910e+01
    endloop
  endfacet
  facet normal 9.163149e-01 5.261412e-02 3.969872e-01
    outer loop
      vertex   2.392037e+00 -2.517302e+01 1.481910e+01
      vertex   2.387142e+00 -2.465000e+01 1.476108e+01
      vertex   1.920531e+00 -2.465000e+01 1.583810e+01
    endloop
  endfacet
  facet normal 9.166886e-01 5.536446e-02 3.957484e-01
    outer loop
      vertex   2.392037e+00 -2.517302e+01 1.481910e+01
      vertex   1.920531e+00 -2.465000e+01 1.583810e+01
      vertex   1.905618e+00 -2.475382e+01 1.588717e+01
    endloop
  endfacet
  facet normal 9.260984e-01 4.406432e-02 3.747000e-01
    outer loop
      vertex   1.905618e+00 -2.475382e+01 1.588717e+01
      vertex   1.920531e+00 -2.465000e+01 1.583810e+01
      vertex   1.459133e+00 -2.465000e+01 1.697848e+01
    endloop
  endfacet
  facet normal 9.261301e-01 3.435917e-02 3.756362e-01
    outer loop
      vertex   1.905618e+00 -2.475382e+01 1.588717e+01
      vertex   1.459133e+00 -2.465000e+01 1.697848e+01
      vertex   1.856673e+00 -2.536636e+01 1.606387e+01
    endloop
  endfacet
  facet normal 9.268522e-01 3.741402e-02 3.735574e-01
    outer loop
      vertex   1.856673e+00 -2.536636e+01 1.606387e+01
      vertex   1.459133e+00 -2.465000e+01 1.697848e+01
      vertex   1.397408e+00 -2.498763e+01 1.716544e+01
    endloop
  endfacet
  facet normal 9.362685e-01 2.294363e-02 3.505352e-01
    outer loop
      vertex   1.459133e+00 -2.465000e+01 1.697848e+01
      vertex   1.008547e+00 -2.465000e+01 1.818198e+01
      vertex   1.397408e+00 -2.498763e+01 1.716544e+01
    endloop
  endfacet
  facet normal 9.073777e-01 3.534810e-01 2.274136e-01
    outer loop
      vertex   7.478826e+00 -2.625687e+01 6.000064e+00
      vertex   7.510831e+00 -2.634381e+01 6.007502e+00
      vertex   7.532644e+00 -2.640094e+01 6.009271e+00
    endloop
  endfacet
  facet normal 8.560174e-01 3.389178e-01 3.903446e-01
    outer loop
      vertex   7.532644e+00 -2.640094e+01 6.009271e+00
      vertex   7.510831e+00 -2.634381e+01 6.007502e+00
      vertex   7.495316e+00 -2.631328e+01 6.015015e+00
    endloop
  endfacet
  facet normal 8.532838e-01 3.372729e-01 3.976855e-01
    outer loop
      vertex   7.532644e+00 -2.640094e+01 6.009271e+00
      vertex   7.495316e+00 -2.631328e+01 6.015015e+00
      vertex   7.516512e+00 -2.637108e+01 6.018555e+00
    endloop
  endfacet
  facet normal 8.567294e-01 3.380379e-01 3.895448e-01
    outer loop
      vertex   7.516512e+00 -2.637108e+01 6.018555e+00
      vertex   7.495316e+00 -2.631328e+01 6.015015e+00
      vertex   7.464359e+00 -2.625218e+01 6.030075e+00
    endloop
  endfacet
  facet normal 8.536458e-01 3.358557e-01 3.981078e-01
    outer loop
      vertex   7.516512e+00 -2.637108e+01 6.018555e+00
      vertex   7.464359e+00 -2.625218e+01 6.030075e+00
      vertex   7.484321e+00 -2.631131e+01 6.037157e+00
    endloop
  endfacet
  facet normal 8.580642e-01 3.361638e-01 3.882264e-01
    outer loop
      vertex   7.484321e+00 -2.631131e+01 6.037157e+00
      vertex   7.464359e+00 -2.625218e+01 6.030075e+00
      vertex   7.402749e+00 -2.612986e+01 6.060331e+00
    endloop
  endfacet
  facet normal 8.545166e-01 3.332678e-01 3.984144e-01
    outer loop
      vertex   7.484321e+00 -2.631131e+01 6.037157e+00
      vertex   7.402749e+00 -2.612986e+01 6.060331e+00
      vertex   7.420242e+00 -2.619166e+01 6.074506e+00
    endloop
  endfacet
  facet normal 8.605358e-01 3.321678e-01 3.861899e-01
    outer loop
      vertex   7.420242e+00 -2.619166e+01 6.074506e+00
      vertex   7.402749e+00 -2.612986e+01 6.060331e+00
      vertex   7.280736e+00 -2.588474e+01 6.121384e+00
    endloop
  endfacet
  facet normal 9.303175e-01 3.537120e-01 9.693873e-02
    outer loop
      vertex   7.478826e+00 -2.625687e+01 6.000064e+00
      vertex   7.532644e+00 -2.640094e+01 6.009271e+00
      vertex   7.559151e+00 -2.647113e+01 6.010993e+00
    endloop
  endfacet
  facet normal 8.492651e-01 3.308177e-01 4.114711e-01
    outer loop
      vertex   7.559151e+00 -2.647113e+01 6.010993e+00
      vertex   7.532644e+00 -2.640094e+01 6.009271e+00
      vertex   7.516512e+00 -2.637108e+01 6.018555e+00
    endloop
  endfacet
  facet normal 8.466246e-01 3.291865e-01 4.181661e-01
    outer loop
      vertex   7.559151e+00 -2.647113e+01 6.010993e+00
      vertex   7.516512e+00 -2.637108e+01 6.018555e+00
      vertex   7.542395e+00 -2.644202e+01 6.021999e+00
    endloop
  endfacet
  facet normal 8.500362e-01 3.300585e-01 4.104873e-01
    outer loop
      vertex   7.542395e+00 -2.644202e+01 6.021999e+00
      vertex   7.516512e+00 -2.637108e+01 6.018555e+00
      vertex   7.484321e+00 -2.631131e+01 6.037157e+00
    endloop
  endfacet
  facet normal 8.470497e-01 3.278161e-01 4.183819e-01
    outer loop
      vertex   7.542395e+00 -2.644202e+01 6.021999e+00
      vertex   7.484321e+00 -2.631131e+01 6.037157e+00
      vertex   7.508958e+00 -2.638376e+01 6.044048e+00
    endloop
  endfacet
  facet normal 8.514950e-01 3.284143e-01 4.087791e-01
    outer loop
      vertex   7.508958e+00 -2.638376e+01 6.044048e+00
      vertex   7.484321e+00 -2.631131e+01 6.037157e+00
      vertex   7.420242e+00 -2.619166e+01 6.074506e+00
    endloop
  endfacet
  facet normal 8.099950e-01 2.557842e-01 5.277145e-01
    outer loop
      vertex   7.830166e+00 -2.726829e+01 6.020816e+00
      vertex   7.805424e+00 -2.714699e+01 6.000000e+00
      vertex   7.792178e+00 -2.714598e+01 6.019841e+00
    endloop
  endfacet
  facet normal 8.091563e-01 2.600019e-01 5.269394e-01
    outer loop
      vertex   7.792178e+00 -2.714598e+01 6.019841e+00
      vertex   7.805424e+00 -2.714699e+01 6.000000e+00
      vertex   7.771796e+00 -2.712279e+01 6.039699e+00
    endloop
  endfacet
  facet normal 8.078634e-01 2.551505e-01 5.312767e-01
    outer loop
      vertex   7.792178e+00 -2.714598e+01 6.019841e+00
      vertex   7.771796e+00 -2.712279e+01 6.039699e+00
      vertex   7.830166e+00 -2.726829e+01 6.020816e+00
    endloop
  endfacet
  facet normal 8.059141e-01 2.539086e-01 5.348204e-01
    outer loop
      vertex   7.830166e+00 -2.726829e+01 6.020816e+00
      vertex   7.771796e+00 -2.712279e+01 6.039699e+00
      vertex   7.809332e+00 -2.724604e+01 6.041650e+00
    endloop
  endfacet
  facet normal 8.036635e-01 2.446319e-01 5.424760e-01
    outer loop
      vertex   7.830166e+00 -2.726829e+01 6.020816e+00
      vertex   7.809332e+00 -2.724604e+01 6.041650e+00
      vertex   7.869009e+00 -2.739795e+01 6.021744e+00
    endloop
  endfacet
  facet normal 8.017526e-01 2.434419e-01 5.458286e-01
    outer loop
      vertex   7.869009e+00 -2.739795e+01 6.021744e+00
      vertex   7.809332e+00 -2.724604e+01 6.041650e+00
      vertex   7.847731e+00 -2.737667e+01 6.043506e+00
    endloop
  endfacet
  facet normal 7.996067e-01 2.338315e-01 5.531292e-01
    outer loop
      vertex   7.869009e+00 -2.739795e+01 6.021744e+00
      vertex   7.847731e+00 -2.737667e+01 6.043506e+00
      vertex   7.908396e+00 -2.753472e+01 6.022624e+00
    endloop
  endfacet
  facet normal 7.977408e-01 2.326972e-01 5.562928e-01
    outer loop
      vertex   7.908396e+00 -2.753472e+01 6.022624e+00
      vertex   7.847731e+00 -2.737667e+01 6.043506e+00
      vertex   7.886687e+00 -2.751443e+01 6.045266e+00
    endloop
  endfacet
  facet normal 7.955745e-01 2.221713e-01 5.636498e-01
    outer loop
      vertex   7.908396e+00 -2.753472e+01 6.022624e+00
      vertex   7.886687e+00 -2.751443e+01 6.045266e+00
      vertex   7.952285e+00 -2.769421e+01 6.023540e+00
    endloop
  endfacet
  facet normal 7.935802e-01 2.210518e-01 5.668920e-01
    outer loop
      vertex   7.952285e+00 -2.769421e+01 6.023540e+00
      vertex   7.886687e+00 -2.751443e+01 6.045266e+00
      vertex   7.930115e+00 -2.767504e+01 6.047099e+00
    endloop
  endfacet
  facet normal 7.846197e-01 1.834503e-01 5.922145e-01
    outer loop
      vertex   8.081366e+00 -2.821967e+01 6.025915e+00
      vertex   8.058947e+00 -2.804013e+01 6.000000e+00
      vertex   8.039224e+00 -2.803708e+01 6.025185e+00
    endloop
  endfacet
  facet normal 7.842943e-01 1.870276e-01 5.915261e-01
    outer loop
      vertex   8.039224e+00 -2.803708e+01 6.025185e+00
      vertex   8.058947e+00 -2.804013e+01 6.000000e+00
      vertex   8.016191e+00 -2.802021e+01 6.050391e+00
    endloop
  endfacet
  facet normal 7.836903e-01 1.832410e-01 5.935084e-01
    outer loop
      vertex   8.039224e+00 -2.803708e+01 6.025185e+00
      vertex   8.016191e+00 -2.802021e+01 6.050391e+00
      vertex   8.081366e+00 -2.821967e+01 6.025915e+00
    endloop
  endfacet
  facet normal 7.819378e-01 1.823519e-01 5.960882e-01
    outer loop
      vertex   8.081366e+00 -2.821967e+01 6.025915e+00
      vertex   8.016191e+00 -2.802021e+01 6.050391e+00
      vertex   8.057934e+00 -2.820398e+01 6.051851e+00
    endloop
  endfacet
  facet normal 7.801946e-01 1.699822e-01 6.019987e-01
    outer loop
      vertex   8.081366e+00 -2.821967e+01 6.025915e+00
      vertex   8.057934e+00 -2.820398e+01 6.051851e+00
      vertex   8.122122e+00 -2.840911e+01 6.026584e+00
    endloop
  endfacet
  facet normal 7.785381e-01 1.691722e-01 6.043668e-01
    outer loop
      vertex   8.122122e+00 -2.840911e+01 6.026584e+00
      vertex   8.057934e+00 -2.820398e+01 6.051851e+00
      vertex   8.098316e+00 -2.839460e+01 6.053190e+00
    endloop
  endfacet
  facet normal 7.769609e-01 1.567742e-01 6.097160e-01
    outer loop
      vertex   8.122122e+00 -2.840911e+01 6.026584e+00
      vertex   8.098316e+00 -2.839460e+01 6.053190e+00
      vertex   8.161157e+00 -2.860494e+01 6.027195e+00
    endloop
  endfacet
  facet normal 7.753993e-01 1.560391e-01 6.118886e-01
    outer loop
      vertex   8.161157e+00 -2.860494e+01 6.027195e+00
      vertex   8.098316e+00 -2.839460e+01 6.053190e+00
      vertex   8.137002e+00 -2.859163e+01 6.054411e+00
    endloop
  endfacet
  facet normal 7.750881e-01 5.473116e-02 6.294783e-01
    outer loop
      vertex   8.367658e+00 -3.026751e+01 6.030012e+00
      vertex   8.363994e+00 -2.987045e+01 6.000000e+00
      vertex   8.345026e+00 -2.994373e+01 6.029728e+00
    endloop
  endfacet
  facet normal 7.612403e-01 6.470666e-02 6.452335e-01
    outer loop
      vertex   8.345026e+00 -2.994373e+01 6.029728e+00
      vertex   8.363994e+00 -2.987045e+01 6.000000e+00
      vertex   8.319325e+00 -2.993805e+01 6.059481e+00
    endloop
  endfacet
  facet normal 7.607079e-01 5.374118e-02 6.468658e-01
    outer loop
      vertex   8.345026e+00 -2.994373e+01 6.029728e+00
      vertex   8.319325e+00 -2.993805e+01 6.059481e+00
      vertex   8.367658e+00 -3.026751e+01 6.030012e+00
    endloop
  endfacet
  facet normal 7.599071e-01 5.353806e-02 6.478232e-01
    outer loop
      vertex   8.367658e+00 -3.026751e+01 6.030012e+00
      vertex   8.319325e+00 -2.993805e+01 6.059481e+00
      vertex   8.341775e+00 -3.026358e+01 6.060048e+00
    endloop
  endfacet
  facet normal 7.593387e-01 3.505030e-02 6.497509e-01
    outer loop
      vertex   8.367658e+00 -3.026751e+01 6.030012e+00
      vertex   8.341775e+00 -3.026358e+01 6.060048e+00
      vertex   8.381442e+00 -3.056925e+01 6.030181e+00
    endloop
  endfacet
  facet normal 7.649528e-01 -6.361585e-04 6.440861e-01
    outer loop
      vertex   8.388045e+00 -3.117736e+01 6.030255e+00
      vertex   8.413835e+00 -3.079753e+01 6.000000e+00
      vertex   8.388292e+00 -3.087301e+01 6.030262e+00
    endloop
  endfacet
  facet normal 7.582360e-01 4.794433e-03 6.519626e-01
    outer loop
      vertex   8.388292e+00 -3.087301e+01 6.030262e+00
      vertex   8.413835e+00 -3.079753e+01 6.000000e+00
      vertex   8.362246e+00 -3.087231e+01 6.060548e+00
    endloop
  endfacet
  facet normal 7.581827e-01 -6.308187e-04 6.520419e-01
    outer loop
      vertex   8.388292e+00 -3.087301e+01 6.030262e+00
      vertex   8.362246e+00 -3.087231e+01 6.060548e+00
      vertex   8.388045e+00 -3.117736e+01 6.030255e+00
    endloop
  endfacet
  facet normal 7.653112e-01 9.409430e-02 6.367456e-01
    outer loop
      vertex   8.276876e+00 -2.931551e+01 6.028845e+00
      vertex   8.251731e+00 -2.930636e+01 6.057714e+00
      vertex   8.314621e+00 -2.962586e+01 6.029340e+00
    endloop
  endfacet
  facet normal 7.647845e-01 9.323107e-02 6.375050e-01
    outer loop
      vertex   8.289167e+00 -2.961844e+01 6.058704e+00
      vertex   8.201526e+00 -2.928803e+01 6.115522e+00
      vertex   8.238343e+00 -2.960359e+01 6.117504e+00
    endloop
  endfacet
  facet normal 7.716481e-01 9.287587e-02 6.292323e-01
    outer loop
      vertex   8.101456e+00 -2.925133e+01 6.231418e+00
      vertex   7.902680e+00 -2.917776e+01 6.464324e+00
      vertex   8.137037e+00 -2.957386e+01 6.235388e+00
    endloop
  endfacet
  facet normal 7.701574e-01 9.076207e-02 6.313634e-01
    outer loop
      vertex   8.137037e+00 -2.957386e+01 6.235388e+00
      vertex   7.902680e+00 -2.917776e+01 6.464324e+00
      vertex   7.935800e+00 -2.951424e+01 6.472293e+00
    endloop
  endfacet
  facet normal 7.690936e-01 7.282458e-02 6.349738e-01
    outer loop
      vertex   8.137037e+00 -2.957386e+01 6.235388e+00
      vertex   7.935800e+00 -2.951424e+01 6.472293e+00
      vertex   8.165720e+00 -2.990394e+01 6.238505e+00
    endloop
  endfacet
  facet normal 7.679551e-01 7.121818e-02 6.365319e-01
    outer loop
      vertex   8.165720e+00 -2.990394e+01 6.238505e+00
      vertex   7.935800e+00 -2.951424e+01 6.472293e+00
      vertex   7.962524e+00 -2.985833e+01 6.478550e+00
    endloop
  endfacet
  facet normal 7.671367e-01 5.309840e-02 6.392822e-01
    outer loop
      vertex   8.165720e+00 -2.990394e+01 6.238505e+00
      vertex   7.962524e+00 -2.985833e+01 6.478550e+00
      vertex   8.187082e+00 -3.023998e+01 6.240781e+00
    endloop
  endfacet
  facet normal 7.663257e-01 5.195728e-02 6.403479e-01
    outer loop
      vertex   8.187082e+00 -3.023998e+01 6.240781e+00
      vertex   7.962524e+00 -2.985833e+01 6.478550e+00
      vertex   7.982442e+00 -3.020841e+01 6.483119e+00
    endloop
  endfacet
  facet normal 7.657925e-01 3.462594e-02 6.421549e-01
    outer loop
      vertex   8.187082e+00 -3.023998e+01 6.240781e+00
      vertex   7.982442e+00 -3.020841e+01 6.483119e+00
      vertex   8.200100e+00 -3.055303e+01 6.242136e+00
    endloop
  endfacet
  facet normal 7.787871e-01 9.135659e-02 6.206002e-01
    outer loop
      vertex   7.902680e+00 -2.917776e+01 6.464324e+00
      vertex   7.510626e+00 -2.902991e+01 6.934545e+00
      vertex   7.935800e+00 -2.951424e+01 6.472293e+00
    endloop
  endfacet
  facet normal 7.772430e-01 8.764765e-02 6.230660e-01
    outer loop
      vertex   7.935800e+00 -2.951424e+01 6.472293e+00
      vertex   7.510626e+00 -2.902991e+01 6.934545e+00
      vertex   7.538861e+00 -2.939442e+01 6.950600e+00
    endloop
  endfacet
  facet normal 7.762960e-01 7.167955e-02 6.262800e-01
    outer loop
      vertex   7.935800e+00 -2.951424e+01 6.472293e+00
      vertex   7.538861e+00 -2.939442e+01 6.950600e+00
      vertex   7.962524e+00 -2.985833e+01 6.478550e+00
    endloop
  endfacet
  facet normal 7.751325e-01 6.882761e-02 6.280385e-01
    outer loop
      vertex   7.962524e+00 -2.985833e+01 6.478550e+00
      vertex   7.538861e+00 -2.939442e+01 6.950600e+00
      vertex   7.561699e+00 -2.976666e+01 6.963207e+00
    endloop
  endfacet
  facet normal 7.743858e-01 5.228796e-02 6.305494e-01
    outer loop
      vertex   7.962524e+00 -2.985833e+01 6.478550e+00
      vertex   7.561699e+00 -2.976666e+01 6.963207e+00
      vertex   7.982442e+00 -3.020841e+01 6.483119e+00
    endloop
  endfacet
  facet normal 7.927412e-01 8.797212e-02 6.031769e-01
    outer loop
      vertex   7.510626e+00 -2.902991e+01 6.934545e+00
      vertex   6.748815e+00 -2.873150e+01 7.892252e+00
      vertex   7.538861e+00 -2.939442e+01 6.950600e+00
    endloop
  endfacet
  facet normal 7.911387e-01 8.186252e-02 6.061337e-01
    outer loop
      vertex   7.538861e+00 -2.939442e+01 6.950600e+00
      vertex   6.748815e+00 -2.873150e+01 7.892252e+00
      vertex   6.767437e+00 -2.915258e+01 7.924816e+00
    endloop
  endfacet
  facet normal 7.903835e-01 6.910838e-02 6.087018e-01
    outer loop
      vertex   7.538861e+00 -2.939442e+01 6.950600e+00
      vertex   6.767437e+00 -2.915258e+01 7.924816e+00
      vertex   7.561699e+00 -2.976666e+01 6.963207e+00
    endloop
  endfacet
  facet normal 8.438923e-01 6.652011e-02 5.323729e-01
    outer loop
      vertex   5.316755e+00 -2.812478e+01 9.873693e+00
      vertex   4.647793e+00 -2.781703e+01 1.089565e+01
      vertex   5.316833e+00 -2.866079e+01 9.940543e+00
    endloop
  endfacet
  facet normal 8.428949e-01 6.353157e-02 5.343144e-01
    outer loop
      vertex   5.316833e+00 -2.866079e+01 9.940543e+00
      vertex   4.647793e+00 -2.781703e+01 1.089565e+01
      vertex   4.638970e+00 -2.841129e+01 1.098022e+01
    endloop
  endfacet
  facet normal 8.422405e-01 5.246862e-02 5.365426e-01
    outer loop
      vertex   5.316833e+00 -2.866079e+01 9.940543e+00
      vertex   4.638970e+00 -2.841129e+01 1.098022e+01
      vertex   5.317280e+00 -2.920524e+01 9.993083e+00
    endloop
  endfacet
  facet normal 8.414869e-01 5.007220e-02 5.379522e-01
    outer loop
      vertex   5.317280e+00 -2.920524e+01 9.993083e+00
      vertex   4.638970e+00 -2.841129e+01 1.098022e+01
      vertex   4.632345e+00 -2.901427e+01 1.104671e+01
    endloop
  endfacet
  facet normal 8.409648e-01 3.842527e-02 5.397237e-01
    outer loop
      vertex   5.317280e+00 -2.920524e+01 9.993083e+00
      vertex   4.632345e+00 -2.901427e+01 1.104671e+01
      vertex   5.317822e+00 -2.975644e+01 1.003148e+01
    endloop
  endfacet
  facet normal 8.404369e-01 3.664460e-02 5.406690e-01
    outer loop
      vertex   5.317822e+00 -2.975644e+01 1.003148e+01
      vertex   4.632345e+00 -2.901427e+01 1.104671e+01
      vertex   4.627675e+00 -2.962427e+01 1.109531e+01
    endloop
  endfacet
  facet normal 8.400818e-01 2.502686e-02 5.418821e-01
    outer loop
      vertex   5.317822e+00 -2.975644e+01 1.003148e+01
      vertex   4.627675e+00 -2.962427e+01 1.109531e+01
      vertex   5.318296e+00 -3.026809e+01 1.005438e+01
    endloop
  endfacet
  facet normal 8.397716e-01 2.382968e-02 5.424167e-01
    outer loop
      vertex   5.318296e+00 -3.026809e+01 1.005438e+01
      vertex   4.627675e+00 -2.962427e+01 1.109531e+01
      vertex   4.625011e+00 -3.019020e+01 1.112430e+01
    endloop
  endfacet
  facet normal 8.395615e-01 1.219043e-02 5.431279e-01
    outer loop
      vertex   5.318296e+00 -3.026809e+01 1.005438e+01
      vertex   4.625011e+00 -3.019020e+01 1.112430e+01
      vertex   5.318643e+00 -3.078205e+01 1.006538e+01
    endloop
  endfacet
  facet normal 8.394100e-01 1.156988e-02 5.433756e-01
    outer loop
      vertex   5.318643e+00 -3.078205e+01 1.006538e+01
      vertex   4.625011e+00 -3.019020e+01 1.112430e+01
      vertex   4.623827e+00 -3.075852e+01 1.113823e+01
    endloop
  endfacet
  facet normal 8.393432e-01 -7.050251e-04 5.436015e-01
    outer loop
      vertex   5.318643e+00 -3.078205e+01 1.006538e+01
      vertex   4.623827e+00 -3.075852e+01 1.113823e+01
      vertex   5.318765e+00 -3.129666e+01 1.006452e+01
    endloop
  endfacet
  facet normal 8.393403e-01 -7.175095e-04 5.436059e-01
    outer loop
      vertex   5.318765e+00 -3.129666e+01 1.006452e+01
      vertex   4.623827e+00 -3.075852e+01 1.113823e+01
      vertex   4.624039e+00 -3.132752e+01 1.113715e+01
    endloop
  endfacet
  facet normal 8.394310e-01 -1.308249e-02 5.433089e-01
    outer loop
      vertex   5.318765e+00 -3.129666e+01 1.006452e+01
      vertex   4.624039e+00 -3.132752e+01 1.113715e+01
      vertex   4.625558e+00 -3.189492e+01 1.112114e+01
    endloop
  endfacet
  facet normal 8.557110e-01 -1.230522e-02 5.173077e-01
    outer loop
      vertex   4.625558e+00 -3.189492e+01 1.112114e+01
      vertex   4.624039e+00 -3.132752e+01 1.113715e+01
      vertex   3.965472e+00 -3.198067e+01 1.221099e+01
    endloop
  endfacet
  facet normal 8.559375e-01 -2.408495e-02 5.165180e-01
    outer loop
      vertex   4.625558e+00 -3.189492e+01 1.112114e+01
      vertex   3.965472e+00 -3.198067e+01 1.221099e+01
      vertex   4.628324e+00 -3.246084e+01 1.109017e+01
    endloop
  endfacet
  facet normal 8.594633e-01 5.950097e-02 5.077229e-01
    outer loop
      vertex   4.647793e+00 -2.781703e+01 1.089565e+01
      vertex   4.011019e+00 -2.750671e+01 1.193720e+01
      vertex   4.638970e+00 -2.841129e+01 1.098022e+01
    endloop
  endfacet
  facet normal 8.586250e-01 5.713383e-02 5.094103e-01
    outer loop
      vertex   4.638970e+00 -2.841129e+01 1.098022e+01
      vertex   4.011019e+00 -2.750671e+01 1.193720e+01
      vertex   3.993562e+00 -2.815969e+01 1.203986e+01
    endloop
  endfacet
  facet normal 8.580238e-01 4.696907e-02 5.114577e-01
    outer loop
      vertex   4.638970e+00 -2.841129e+01 1.098022e+01
      vertex   3.993562e+00 -2.815969e+01 1.203986e+01
      vertex   4.632345e+00 -2.901427e+01 1.104671e+01
    endloop
  endfacet
  facet normal 8.573876e-01 4.505516e-02 5.126954e-01
    outer loop
      vertex   4.632345e+00 -2.901427e+01 1.104671e+01
      vertex   3.993562e+00 -2.815969e+01 1.203986e+01
      vertex   3.980079e+00 -2.882169e+01 1.212058e+01
    endloop
  endfacet
  facet normal 8.569113e-01 3.441857e-02 5.143136e-01
    outer loop
      vertex   4.632345e+00 -2.901427e+01 1.104671e+01
      vertex   3.980079e+00 -2.882169e+01 1.212058e+01
      vertex   4.627675e+00 -2.962427e+01 1.109531e+01
    endloop
  endfacet
  facet normal 8.564639e-01 3.298653e-02 5.151520e-01
    outer loop
      vertex   4.627675e+00 -2.962427e+01 1.109531e+01
      vertex   3.980079e+00 -2.882169e+01 1.212058e+01
      vertex   3.970357e+00 -2.949096e+01 1.217960e+01
    endloop
  endfacet
  facet normal 8.561409e-01 2.241264e-02 5.162562e-01
    outer loop
      vertex   4.627675e+00 -2.962427e+01 1.109531e+01
      vertex   3.970357e+00 -2.949096e+01 1.217960e+01
      vertex   4.625011e+00 -3.019020e+01 1.112430e+01
    endloop
  endfacet
  facet normal 8.558775e-01 2.144514e-02 5.167338e-01
    outer loop
      vertex   4.625011e+00 -3.019020e+01 1.112430e+01
      vertex   3.970357e+00 -2.949096e+01 1.217960e+01
      vertex   3.964653e+00 -3.011164e+01 1.221481e+01
    endloop
  endfacet
  facet normal 8.556873e-01 1.089875e-02 5.173784e-01
    outer loop
      vertex   4.625011e+00 -3.019020e+01 1.112430e+01
      vertex   3.964653e+00 -3.011164e+01 1.221481e+01
      vertex   4.623827e+00 -3.075852e+01 1.113823e+01
    endloop
  endfacet
  facet normal 8.555588e-01 1.039687e-02 5.176013e-01
    outer loop
      vertex   4.623827e+00 -3.075852e+01 1.113823e+01
      vertex   3.964653e+00 -3.011164e+01 1.221481e+01
      vertex   3.961986e+00 -3.073479e+01 1.223173e+01
    endloop
  endfacet
  facet normal 8.554985e-01 -6.626581e-04 5.178048e-01
    outer loop
      vertex   4.623827e+00 -3.075852e+01 1.113823e+01
      vertex   3.961986e+00 -3.073479e+01 1.223173e+01
      vertex   4.624039e+00 -3.132752e+01 1.113715e+01
    endloop
  endfacet
  facet normal 8.554967e-01 -6.702949e-04 5.178078e-01
    outer loop
      vertex   4.624039e+00 -3.132752e+01 1.113715e+01
      vertex   3.961986e+00 -3.073479e+01 1.223173e+01
      vertex   3.962285e+00 -3.135865e+01 1.223043e+01
    endloop
  endfacet
  facet normal 8.555776e-01 -1.178824e-02 5.175403e-01
    outer loop
      vertex   4.624039e+00 -3.132752e+01 1.113715e+01
      vertex   3.962285e+00 -3.135865e+01 1.223043e+01
      vertex   3.965472e+00 -3.198067e+01 1.221099e+01
    endloop
  endfacet
  facet normal 8.710459e-01 -1.088221e-02 4.910810e-01
    outer loop
      vertex   3.965472e+00 -3.198067e+01 1.221099e+01
      vertex   3.962285e+00 -3.135865e+01 1.223043e+01
      vertex   3.338920e+00 -3.206705e+01 1.332041e+01
    endloop
  endfacet
  facet normal 8.742692e-01 5.249958e-02 4.825942e-01
    outer loop
      vertex   4.011019e+00 -2.750671e+01 1.193720e+01
      vertex   3.407010e+00 -2.719411e+01 1.299742e+01
      vertex   3.993562e+00 -2.815969e+01 1.203986e+01
    endloop
  endfacet
  facet normal 8.735745e-01 5.063460e-02 4.840493e-01
    outer loop
      vertex   3.993562e+00 -2.815969e+01 1.203986e+01
      vertex   3.407010e+00 -2.719411e+01 1.299742e+01
      vertex   3.381199e+00 -2.790621e+01 1.311849e+01
    endloop
  endfacet
  facet normal 8.730326e-01 4.146858e-02 4.858956e-01
    outer loop
      vertex   3.993562e+00 -2.815969e+01 1.203986e+01
      vertex   3.381199e+00 -2.790621e+01 1.311849e+01
      vertex   3.980079e+00 -2.882169e+01 1.212058e+01
    endloop
  endfacet
  facet normal 8.725034e-01 3.994892e-02 4.869721e-01
    outer loop
      vertex   3.980079e+00 -2.882169e+01 1.212058e+01
      vertex   3.381199e+00 -2.790621e+01 1.311849e+01
      vertex   3.361084e+00 -2.862766e+01 1.321371e+01
    endloop
  endfacet
  facet normal 8.720763e-01 3.040287e-02 4.884247e-01
    outer loop
      vertex   3.980079e+00 -2.882169e+01 1.212058e+01
      vertex   3.361084e+00 -2.862766e+01 1.321371e+01
      vertex   3.970357e+00 -2.949096e+01 1.217960e+01
    endloop
  endfacet
  facet normal 8.717030e-01 2.925831e-02 4.891603e-01
    outer loop
      vertex   3.970357e+00 -2.949096e+01 1.217960e+01
      vertex   3.361084e+00 -2.862766e+01 1.321371e+01
      vertex   3.346479e+00 -2.935665e+01 1.328334e+01
    endloop
  endfacet
  facet normal 8.714141e-01 1.979431e-02 4.901486e-01
    outer loop
      vertex   3.970357e+00 -2.949096e+01 1.217960e+01
      vertex   3.346479e+00 -2.935665e+01 1.328334e+01
      vertex   3.964653e+00 -3.011164e+01 1.221481e+01
    endloop
  endfacet
  facet normal 8.711941e-01 1.901727e-02 4.905703e-01
    outer loop
      vertex   3.964653e+00 -3.011164e+01 1.221481e+01
      vertex   3.346479e+00 -2.935665e+01 1.328334e+01
      vertex   3.337836e+00 -3.003248e+01 1.332489e+01
    endloop
  endfacet
  facet normal 8.710246e-01 9.612134e-03 4.911453e-01
    outer loop
      vertex   3.964653e+00 -3.011164e+01 1.221481e+01
      vertex   3.337836e+00 -3.003248e+01 1.332489e+01
      vertex   3.961986e+00 -3.073479e+01 1.223173e+01
    endloop
  endfacet
  facet normal 8.709173e-01 9.208587e-03 4.913433e-01
    outer loop
      vertex   3.961986e+00 -3.073479e+01 1.223173e+01
      vertex   3.337836e+00 -3.003248e+01 1.332489e+01
      vertex   3.333738e+00 -3.071088e+01 1.334487e+01
    endloop
  endfacet
  facet normal 8.708638e-01 -6.080910e-04 4.915240e-01
    outer loop
      vertex   3.961986e+00 -3.073479e+01 1.223173e+01
      vertex   3.333738e+00 -3.071088e+01 1.334487e+01
      vertex   3.962285e+00 -3.135865e+01 1.223043e+01
    endloop
  endfacet
  facet normal 8.708627e-01 -6.125400e-04 4.915259e-01
    outer loop
      vertex   3.962285e+00 -3.135865e+01 1.223043e+01
      vertex   3.333738e+00 -3.071088e+01 1.334487e+01
      vertex   3.334123e+00 -3.139001e+01 1.334334e+01
    endloop
  endfacet
  facet normal 8.709340e-01 -1.046447e-02 4.912885e-01
    outer loop
      vertex   3.962285e+00 -3.135865e+01 1.223043e+01
      vertex   3.334123e+00 -3.139001e+01 1.334334e+01
      vertex   3.338920e+00 -3.206705e+01 1.332041e+01
    endloop
  endfacet
  facet normal 8.855730e-01 -9.450376e-03 4.644041e-01
    outer loop
      vertex   3.338920e+00 -3.206705e+01 1.332041e+01
      vertex   3.334123e+00 -3.139001e+01 1.334334e+01
      vertex   2.746477e+00 -3.215398e+01 1.444838e+01
    endloop
  endfacet
  facet normal 8.882908e-01 4.550592e-02 4.570216e-01
    outer loop
      vertex   3.407010e+00 -2.719411e+01 1.299742e+01
      vertex   2.836304e+00 -2.687950e+01 1.407534e+01
      vertex   3.381199e+00 -2.790621e+01 1.311849e+01
    endloop
  endfacet
  facet normal 8.877259e-01 4.405214e-02 4.582599e-01
    outer loop
      vertex   3.381199e+00 -2.790621e+01 1.311849e+01
      vertex   2.836304e+00 -2.687950e+01 1.407534e+01
      vertex   2.802432e+00 -2.765110e+01 1.421513e+01
    endloop
  endfacet
  facet normal 8.872477e-01 3.596316e-02 4.598893e-01
    outer loop
      vertex   3.381199e+00 -2.790621e+01 1.311849e+01
      vertex   2.802432e+00 -2.765110e+01 1.421513e+01
      vertex   3.361084e+00 -2.862766e+01 1.321371e+01
    endloop
  endfacet
  facet normal 8.868162e-01 3.476973e-02 4.608124e-01
    outer loop
      vertex   3.361084e+00 -2.862766e+01 1.321371e+01
      vertex   2.802432e+00 -2.765110e+01 1.421513e+01
      vertex   2.775922e+00 -2.843236e+01 1.432510e+01
    endloop
  endfacet
  facet normal 8.864409e-01 2.637733e-02 4.620895e-01
    outer loop
      vertex   3.361084e+00 -2.862766e+01 1.321371e+01
      vertex   2.775922e+00 -2.843236e+01 1.432510e+01
      vertex   3.346479e+00 -2.935665e+01 1.328334e+01
    endloop
  endfacet
  facet normal 8.861359e-01 2.547278e-02 4.627250e-01
    outer loop
      vertex   3.346479e+00 -2.935665e+01 1.328334e+01
      vertex   2.775922e+00 -2.843236e+01 1.432510e+01
      vertex   2.756609e+00 -2.922146e+01 1.440552e+01
    endloop
  endfacet
  facet normal 8.858824e-01 1.717092e-02 4.635919e-01
    outer loop
      vertex   3.346479e+00 -2.935665e+01 1.328334e+01
      vertex   2.756609e+00 -2.922146e+01 1.440552e+01
      vertex   3.337836e+00 -3.003248e+01 1.332489e+01
    endloop
  endfacet
  facet normal 8.857024e-01 1.655383e-02 4.639582e-01
    outer loop
      vertex   3.337836e+00 -3.003248e+01 1.332489e+01
      vertex   2.756609e+00 -2.922146e+01 1.440552e+01
      vertex   2.745136e+00 -2.995281e+01 1.445352e+01
    endloop
  endfacet
  facet normal 8.855543e-01 8.328475e-03 4.644611e-01
    outer loop
      vertex   3.337836e+00 -3.003248e+01 1.332489e+01
      vertex   2.745136e+00 -2.995281e+01 1.445352e+01
      vertex   3.333738e+00 -3.071088e+01 1.334487e+01
    endloop
  endfacet
  facet normal 8.854666e-01 8.007525e-03 4.646340e-01
    outer loop
      vertex   3.333738e+00 -3.071088e+01 1.334487e+01
      vertex   2.745136e+00 -2.995281e+01 1.445352e+01
      vertex   2.739659e+00 -3.068681e+01 1.447661e+01
    endloop
  endfacet
  facet normal 8.854200e-01 -5.441238e-04 4.647914e-01
    outer loop
      vertex   3.333738e+00 -3.071088e+01 1.334487e+01
      vertex   2.739659e+00 -3.068681e+01 1.447661e+01
      vertex   3.334123e+00 -3.139001e+01 1.334334e+01
    endloop
  endfacet
  facet normal 8.854194e-01 -5.464975e-04 4.647926e-01
    outer loop
      vertex   3.334123e+00 -3.139001e+01 1.334334e+01
      vertex   2.739659e+00 -3.068681e+01 1.447661e+01
      vertex   2.740128e+00 -3.142158e+01 1.447485e+01
    endloop
  endfacet
  facet normal 8.854812e-01 -9.116756e-03 4.645859e-01
    outer loop
      vertex   3.334123e+00 -3.139001e+01 1.334334e+01
      vertex   2.740128e+00 -3.142158e+01 1.447485e+01
      vertex   2.746477e+00 -3.215398e+01 1.444838e+01
    endloop
  endfacet
  facet normal 8.992833e-01 -8.010592e-03 4.372932e-01
    outer loop
      vertex   2.746477e+00 -3.215398e+01 1.444838e+01
      vertex   2.740128e+00 -3.142158e+01 1.447485e+01
      vertex   2.188695e+00 -3.224137e+01 1.559384e+01
    endloop
  endfacet
  facet normal 9.015185e-01 3.851227e-02 4.310233e-01
    outer loop
      vertex   2.836304e+00 -2.687950e+01 1.407534e+01
      vertex   2.299420e+00 -2.656318e+01 1.517001e+01
      vertex   2.802432e+00 -2.765110e+01 1.421513e+01
    endloop
  endfacet
  facet normal 9.010710e-01 3.739906e-02 4.320559e-01
    outer loop
      vertex   2.802432e+00 -2.765110e+01 1.421513e+01
      vertex   2.299420e+00 -2.656318e+01 1.517001e+01
      vertex   2.257793e+00 -2.739458e+01 1.532879e+01
    endloop
  endfacet
  facet normal 9.006602e-01 3.044938e-02 4.334558e-01
    outer loop
      vertex   2.802432e+00 -2.765110e+01 1.421513e+01
      vertex   2.257793e+00 -2.739458e+01 1.532879e+01
      vertex   2.775922e+00 -2.843236e+01 1.432510e+01
    endloop
  endfacet
  facet normal 9.003176e-01 2.952892e-02 4.342307e-01
    outer loop
      vertex   2.775922e+00 -2.843236e+01 1.432510e+01
      vertex   2.257793e+00 -2.739458e+01 1.532879e+01
      vertex   2.225134e+00 -2.823598e+01 1.545373e+01
    endloop
  endfacet
  facet normal 8.999963e-01 2.234092e-02 4.353246e-01
    outer loop
      vertex   2.775922e+00 -2.843236e+01 1.432510e+01
      vertex   2.225134e+00 -2.823598e+01 1.545373e+01
      vertex   2.756609e+00 -2.922146e+01 1.440552e+01
    endloop
  endfacet
  facet normal 8.997536e-01 2.163895e-02 4.358615e-01
    outer loop
      vertex   2.756609e+00 -2.922146e+01 1.440552e+01
      vertex   2.225134e+00 -2.823598e+01 1.545373e+01
      vertex   2.201297e+00 -2.908551e+01 1.554511e+01
    endloop
  endfacet
  facet normal 8.995369e-01 1.454153e-02 4.366026e-01
    outer loop
      vertex   2.756609e+00 -2.922146e+01 1.440552e+01
      vertex   2.201297e+00 -2.908551e+01 1.554511e+01
      vertex   2.745136e+00 -2.995281e+01 1.445352e+01
    endloop
  endfacet
  facet normal 8.993936e-01 1.406031e-02 4.369136e-01
    outer loop
      vertex   2.745136e+00 -2.995281e+01 1.445352e+01
      vertex   2.201297e+00 -2.908551e+01 1.554511e+01
      vertex   2.187105e+00 -2.987268e+01 1.559966e+01
    endloop
  endfacet
  facet normal 8.992674e-01 7.046129e-03 4.373425e-01
    outer loop
      vertex   2.745136e+00 -2.995281e+01 1.445352e+01
      vertex   2.187105e+00 -2.987268e+01 1.559966e+01
      vertex   2.739659e+00 -3.068681e+01 1.447661e+01
    endloop
  endfacet
  facet normal 8.991976e-01 6.795415e-03 4.374899e-01
    outer loop
      vertex   2.739659e+00 -3.068681e+01 1.447661e+01
      vertex   2.187105e+00 -2.987268e+01 1.559966e+01
      vertex   2.180305e+00 -3.066261e+01 1.562590e+01
    endloop
  endfacet
  facet normal 8.991581e-01 -4.727486e-04 4.376237e-01
    outer loop
      vertex   2.739659e+00 -3.068681e+01 1.447661e+01
      vertex   2.180305e+00 -3.066261e+01 1.562590e+01
      vertex   2.740128e+00 -3.142158e+01 1.447485e+01
    endloop
  endfacet
  facet normal 8.991578e-01 -4.738072e-04 4.376243e-01
    outer loop
      vertex   2.740128e+00 -3.142158e+01 1.447485e+01
      vertex   2.180305e+00 -3.066261e+01 1.562590e+01
      vertex   2.180856e+00 -3.145332e+01 1.562391e+01
    endloop
  endfacet
  facet normal 8.992100e-01 -7.749051e-03 4.374487e-01
    outer loop
      vertex   2.740128e+00 -3.142158e+01 1.447485e+01
      vertex   2.180856e+00 -3.145332e+01 1.562391e+01
      vertex   2.188695e+00 -3.224137e+01 1.559384e+01
    endloop
  endfacet
  facet normal 9.121599e-01 -6.564442e-03 4.097819e-01
    outer loop
      vertex   2.188695e+00 -3.224137e+01 1.559384e+01
      vertex   2.180856e+00 -3.145332e+01 1.562391e+01
      vertex   1.666085e+00 -3.232915e+01 1.675575e+01
    endloop
  endfacet
  facet normal 9.139359e-01 3.151766e-02 4.046329e-01
    outer loop
      vertex   2.299420e+00 -2.656318e+01 1.517001e+01
      vertex   1.796836e+00 -2.624541e+01 1.628044e+01
      vertex   2.257793e+00 -2.739458e+01 1.532879e+01
    endloop
  endfacet
  facet normal 9.135939e-01 3.068889e-02 4.054681e-01
    outer loop
      vertex   2.257793e+00 -2.739458e+01 1.532879e+01
      vertex   1.796836e+00 -2.624541e+01 1.628044e+01
      vertex   1.747772e+00 -2.713687e+01 1.645846e+01
    endloop
  endfacet
  facet normal 9.132535e-01 2.492839e-02 4.066285e-01
    outer loop
      vertex   2.257793e+00 -2.739458e+01 1.532879e+01
      vertex   1.747772e+00 -2.713687e+01 1.645846e+01
      vertex   2.225134e+00 -2.823598e+01 1.545373e+01
    endloop
  endfacet
  facet normal 9.129911e-01 2.423828e-02 4.072588e-01
    outer loop
      vertex   2.225134e+00 -2.823598e+01 1.545373e+01
      vertex   1.747772e+00 -2.713687e+01 1.645846e+01
      vertex   1.709219e+00 -2.803869e+01 1.659856e+01
    endloop
  endfacet
  facet normal 9.127256e-01 1.829550e-02 4.081632e-01
    outer loop
      vertex   2.225134e+00 -2.823598e+01 1.545373e+01
      vertex   1.709219e+00 -2.803869e+01 1.659856e+01
      vertex   2.201297e+00 -2.908551e+01 1.554511e+01
    endloop
  endfacet
  facet normal 9.125395e-01 1.776602e-02 4.086025e-01
    outer loop
      vertex   2.201297e+00 -2.908551e+01 1.554511e+01
      vertex   1.709219e+00 -2.803869e+01 1.659856e+01
      vertex   1.681049e+00 -2.894893e+01 1.670105e+01
    endloop
  endfacet
  facet normal 9.123606e-01 1.190714e-02 4.092142e-01
    outer loop
      vertex   2.201297e+00 -2.908551e+01 1.554511e+01
      vertex   1.681049e+00 -2.894893e+01 1.670105e+01
      vertex   2.187105e+00 -2.987268e+01 1.559966e+01
    endloop
  endfacet
  facet normal 9.122507e-01 1.154239e-02 4.094696e-01
    outer loop
      vertex   2.187105e+00 -2.987268e+01 1.559966e+01
      vertex   1.681049e+00 -2.894893e+01 1.670105e+01
      vertex   1.664254e+00 -2.979218e+01 1.676224e+01
    endloop
  endfacet
  facet normal 9.121469e-01 5.764723e-03 4.098230e-01
    outer loop
      vertex   2.187105e+00 -2.987268e+01 1.559966e+01
      vertex   1.664254e+00 -2.979218e+01 1.676224e+01
      vertex   2.180305e+00 -3.066261e+01 1.562590e+01
    endloop
  endfacet
  facet normal 9.120934e-01 5.574318e-03 4.099446e-01
    outer loop
      vertex   2.180305e+00 -3.066261e+01 1.562590e+01
      vertex   1.664254e+00 -2.979218e+01 1.676224e+01
      vertex   1.656190e+00 -3.063830e+01 1.679169e+01
    endloop
  endfacet
  facet normal 9.120609e-01 -3.954867e-04 4.100545e-01
    outer loop
      vertex   2.180305e+00 -3.066261e+01 1.562590e+01
      vertex   1.656190e+00 -3.063830e+01 1.679169e+01
      vertex   2.180856e+00 -3.145332e+01 1.562391e+01
    endloop
  endfacet
  facet normal 9.120609e-01 -3.957574e-04 4.100546e-01
    outer loop
      vertex   2.180856e+00 -3.145332e+01 1.562391e+01
      vertex   1.656190e+00 -3.063830e+01 1.679169e+01
      vertex   1.656821e+00 -3.148522e+01 1.678946e+01
    endloop
  endfacet
  facet normal 9.121036e-01 -6.365201e-03 4.099105e-01
    outer loop
      vertex   2.180856e+00 -3.145332e+01 1.562391e+01
      vertex   1.656821e+00 -3.148522e+01 1.678946e+01
      vertex   1.666085e+00 -3.232915e+01 1.675575e+01
    endloop
  endfacet
  facet normal 9.241948e-01 -5.112793e-03 3.818872e-01
    outer loop
      vertex   1.666085e+00 -3.232915e+01 1.675575e+01
      vertex   1.656821e+00 -3.148522e+01 1.678946e+01
      vertex   1.179136e+00 -3.241724e+01 1.793302e+01
    endloop
  endfacet
  facet normal 9.255348e-01 2.451995e-02 3.778678e-01
    outer loop
      vertex   1.796836e+00 -2.624541e+01 1.628044e+01
      vertex   1.329008e+00 -2.592650e+01 1.740562e+01
      vertex   1.747772e+00 -2.713687e+01 1.645846e+01
    endloop
  endfacet
  facet normal 9.252872e-01 2.393060e-02 3.785114e-01
    outer loop
      vertex   1.747772e+00 -2.713687e+01 1.645846e+01
      vertex   1.329008e+00 -2.592650e+01 1.740562e+01
      vertex   1.272836e+00 -2.687823e+01 1.760311e+01
    endloop
  endfacet
  facet normal 9.250195e-01 1.939987e-02 3.794241e-01
    outer loop
      vertex   1.747772e+00 -2.713687e+01 1.645846e+01
      vertex   1.272836e+00 -2.687823e+01 1.760311e+01
      vertex   1.709219e+00 -2.803869e+01 1.659856e+01
    endloop
  endfacet
  facet normal 9.248293e-01 1.890570e-02 3.799123e-01
    outer loop
      vertex   1.709219e+00 -2.803869e+01 1.659856e+01
      vertex   1.272836e+00 -2.687823e+01 1.760311e+01
      vertex   1.228655e+00 -2.784067e+01 1.775855e+01
    endloop
  endfacet
  facet normal 9.246210e-01 1.424162e-02 3.806222e-01
    outer loop
      vertex   1.709219e+00 -2.803869e+01 1.659856e+01
      vertex   1.228655e+00 -2.784067e+01 1.775855e+01
      vertex   1.681049e+00 -2.894893e+01 1.670105e+01
    endloop
  endfacet
  facet normal 9.244859e-01 1.386021e-02 3.809642e-01
    outer loop
      vertex   1.681049e+00 -2.894893e+01 1.670105e+01
      vertex   1.228655e+00 -2.784067e+01 1.775855e+01
      vertex   1.196349e+00 -2.881184e+01 1.787228e+01
    endloop
  endfacet
  facet normal 9.243456e-01 9.267957e-03 3.814436e-01
    outer loop
      vertex   1.681049e+00 -2.894893e+01 1.670105e+01
      vertex   1.196349e+00 -2.881184e+01 1.787228e+01
      vertex   1.664254e+00 -2.979218e+01 1.676224e+01
    endloop
  endfacet
  facet normal 9.242659e-01 9.003917e-03 3.816432e-01
    outer loop
      vertex   1.664254e+00 -2.979218e+01 1.676224e+01
      vertex   1.196349e+00 -2.881184e+01 1.787228e+01
      vertex   1.177073e+00 -2.971138e+01 1.794019e+01
    endloop
  endfacet
  facet normal 9.241847e-01 4.483697e-03 3.819196e-01
    outer loop
      vertex   1.664254e+00 -2.979218e+01 1.676224e+01
      vertex   1.177073e+00 -2.971138e+01 1.794019e+01
      vertex   1.656190e+00 -3.063830e+01 1.679169e+01
    endloop
  endfacet
  facet normal 9.241459e-01 4.345574e-03 3.820150e-01
    outer loop
      vertex   1.656190e+00 -3.063830e+01 1.679169e+01
      vertex   1.177073e+00 -2.971138e+01 1.794019e+01
      vertex   1.167803e+00 -3.061389e+01 1.797288e+01
    endloop
  endfacet
  facet normal 9.241206e-01 -3.134575e-04 3.821008e-01
    outer loop
      vertex   1.656190e+00 -3.063830e+01 1.679169e+01
      vertex   1.167803e+00 -3.061389e+01 1.797288e+01
      vertex   1.656821e+00 -3.148522e+01 1.678946e+01
    endloop
  endfacet
  facet normal 9.241207e-01 -3.133098e-04 3.821007e-01
    outer loop
      vertex   1.656821e+00 -3.148522e+01 1.678946e+01
      vertex   1.167803e+00 -3.061389e+01 1.797288e+01
      vertex   1.168512e+00 -3.151723e+01 1.797043e+01
    endloop
  endfacet
  facet normal 9.241538e-01 -4.967873e-03 3.819882e-01
    outer loop
      vertex   1.656821e+00 -3.148522e+01 1.678946e+01
      vertex   1.168512e+00 -3.151723e+01 1.797043e+01
      vertex   1.179136e+00 -3.241724e+01 1.793302e+01
    endloop
  endfacet
  facet normal 9.363010e-01 1.752233e-02 3.507613e-01
    outer loop
      vertex   1.329008e+00 -2.592650e+01 1.740562e+01
      vertex   8.963526e-01 -2.560672e+01 1.854455e+01
      vertex   1.272836e+00 -2.687823e+01 1.760311e+01
    endloop
  endfacet
  facet normal 9.361369e-01 1.713559e-02 3.512180e-01
    outer loop
      vertex   1.272836e+00 -2.687823e+01 1.760311e+01
      vertex   8.963526e-01 -2.560672e+01 1.854455e+01
      vertex   8.334121e-01 -2.661888e+01 1.876170e+01
    endloop
  endfacet
  facet normal 9.359438e-01 1.386740e-02 3.518763e-01
    outer loop
      vertex   1.272836e+00 -2.687823e+01 1.760311e+01
      vertex   8.334121e-01 -2.661888e+01 1.876170e+01
      vertex   1.228655e+00 -2.784067e+01 1.775855e+01
    endloop
  endfacet
  facet normal 9.358176e-01 1.354087e-02 3.522243e-01
    outer loop
      vertex   1.228655e+00 -2.784067e+01 1.775855e+01
      vertex   8.334121e-01 -2.661888e+01 1.876170e+01
      vertex   7.838778e-01 -2.764210e+01 1.893264e+01
    endloop
  endfacet
  facet normal 9.356677e-01 1.018250e-02 3.527355e-01
    outer loop
      vertex   1.228655e+00 -2.784067e+01 1.775855e+01
      vertex   7.838778e-01 -2.764210e+01 1.893264e+01
      vertex   1.196349e+00 -2.881184e+01 1.787228e+01
    endloop
  endfacet
  facet normal 9.355781e-01 9.928987e-03 3.529803e-01
    outer loop
      vertex   1.196349e+00 -2.881184e+01 1.787228e+01
      vertex   7.838778e-01 -2.764210e+01 1.893264e+01
      vertex   7.476397e-01 -2.867437e+01 1.905773e+01
    endloop
  endfacet
  facet normal 9.354771e-01 6.625947e-03 3.533251e-01
    outer loop
      vertex   1.196349e+00 -2.881184e+01 1.787228e+01
      vertex   7.476397e-01 -2.867437e+01 1.905773e+01
      vertex   1.177073e+00 -2.971138e+01 1.794019e+01
    endloop
  endfacet
  facet normal 9.354242e-01 6.449582e-03 3.534684e-01
    outer loop
      vertex   1.177073e+00 -2.971138e+01 1.794019e+01
      vertex   7.476397e-01 -2.867437e+01 1.905773e+01
      vertex   7.260053e-01 -2.963036e+01 1.913242e+01
    endloop
  endfacet
  facet normal 9.353659e-01 3.203510e-03 3.536670e-01
    outer loop
      vertex   1.177073e+00 -2.971138e+01 1.794019e+01
      vertex   7.260053e-01 -2.963036e+01 1.913242e+01
      vertex   1.167803e+00 -3.061389e+01 1.797288e+01
    endloop
  endfacet
  facet normal 9.353403e-01 3.111044e-03 3.537356e-01
    outer loop
      vertex   1.167803e+00 -3.061389e+01 1.797288e+01
      vertex   7.260053e-01 -2.963036e+01 1.913242e+01
      vertex   7.155925e-01 -3.058942e+01 1.916839e+01
    endloop
  endfacet
  facet normal 9.353222e-01 -2.275786e-04 3.537971e-01
    outer loop
      vertex   1.167803e+00 -3.061389e+01 1.797288e+01
      vertex   7.155925e-01 -3.058942e+01 1.916839e+01
      vertex   1.168512e+00 -3.151723e+01 1.797043e+01
    endloop
  endfacet
  facet normal 9.462275e-01 1.052526e-02 3.233306e-01
    outer loop
      vertex   8.963526e-01 -2.560672e+01 1.854455e+01
      vertex   4.992640e-01 -2.528637e+01 1.969621e+01
      vertex   8.334121e-01 -2.661888e+01 1.876170e+01
    endloop
  endfacet
  facet normal 9.461365e-01 1.031092e-02 3.236037e-01
    outer loop
      vertex   8.334121e-01 -2.661888e+01 1.876170e+01
      vertex   4.992640e-01 -2.528637e+01 1.969621e+01
      vertex   4.299053e-01 -2.635905e+01 1.993317e+01
    endloop
  endfacet
  facet normal 9.460196e-01 8.332121e-03 3.240023e-01
    outer loop
      vertex   8.334121e-01 -2.661888e+01 1.876170e+01
      vertex   4.299053e-01 -2.635905e+01 1.993317e+01
      vertex   7.838778e-01 -2.764210e+01 1.893264e+01
    endloop
  endfacet
  facet normal 9.459496e-01 8.149897e-03 3.242112e-01
    outer loop
      vertex   7.838778e-01 -2.764210e+01 1.893264e+01
      vertex   4.299053e-01 -2.635905e+01 1.993317e+01
      vertex   3.752991e-01 -2.744317e+01 2.011975e+01
    endloop
  endfacet
  facet normal 9.458589e-01 6.119415e-03 3.245203e-01
    outer loop
      vertex   7.838778e-01 -2.764210e+01 1.893264e+01
      vertex   3.752991e-01 -2.744317e+01 2.011975e+01
      vertex   7.476397e-01 -2.867437e+01 1.905773e+01
    endloop
  endfacet
  facet normal 9.458092e-01 5.977112e-03 3.246678e-01
    outer loop
      vertex   7.476397e-01 -2.867437e+01 1.905773e+01
      vertex   3.752991e-01 -2.744317e+01 2.011975e+01
      vertex   3.353390e-01 -2.853665e+01 2.025629e+01
    endloop
  endfacet
  facet normal 9.457482e-01 3.981855e-03 3.248761e-01
    outer loop
      vertex   7.476397e-01 -2.867437e+01 1.905773e+01
      vertex   3.353390e-01 -2.853665e+01 2.025629e+01
      vertex   7.260053e-01 -2.963036e+01 1.913242e+01
    endloop
  endfacet
  facet normal 9.457189e-01 3.882368e-03 3.249627e-01
    outer loop
      vertex   7.260053e-01 -2.963036e+01 1.913242e+01
      vertex   3.353390e-01 -2.853665e+01 2.025629e+01
      vertex   3.114747e-01 -2.954919e+01 2.033784e+01
    endloop
  endfacet
  facet normal 9.456837e-01 1.924139e-03 3.250825e-01
    outer loop
      vertex   7.260053e-01 -2.963036e+01 1.913242e+01
      vertex   3.114747e-01 -2.954919e+01 2.033784e+01
      vertex   7.155925e-01 -3.058942e+01 1.916839e+01
    endloop
  endfacet
  facet normal 7.638809e-01 7.757326e-02 6.406781e-01
    outer loop
      vertex   8.363994e+00 -2.987045e+01 6.000000e+00
      vertex   8.289167e+00 -2.961844e+01 6.058704e+00
      vertex   8.238343e+00 -2.960359e+01 6.117504e+00
    endloop
  endfacet
  facet normal 7.621061e-01 6.335302e-02 6.443451e-01
    outer loop
      vertex   8.363994e+00 -2.987045e+01 6.000000e+00
      vertex   8.268008e+00 -2.992669e+01 6.119059e+00
      vertex   8.319325e+00 -2.993805e+01 6.059481e+00
    endloop
  endfacet
  facet normal 7.616313e-01 5.365342e-02 6.457857e-01
    outer loop
      vertex   8.319325e+00 -2.993805e+01 6.059481e+00
      vertex   8.268008e+00 -2.992669e+01 6.119059e+00
      vertex   8.341775e+00 -3.026358e+01 6.060048e+00
    endloop
  endfacet
  facet normal 7.626672e-01 5.285047e-02 6.446283e-01
    outer loop
      vertex   8.290096e+00 -3.025572e+01 6.120195e+00
      vertex   8.165720e+00 -2.990394e+01 6.238505e+00
      vertex   8.187082e+00 -3.023998e+01 6.240781e+00
    endloop
  endfacet
  facet normal 7.877579e-01 4.701492e-02 6.141882e-01
    outer loop
      vertex   7.578750e+00 -3.014498e+01 6.972415e+00
      vertex   6.782628e+00 -2.958160e+01 7.950395e+00
      vertex   6.794040e+00 -3.001692e+01 7.969081e+00
    endloop
  endfacet
  facet normal 7.873242e-01 3.289411e-02 6.156611e-01
    outer loop
      vertex   7.578750e+00 -3.014498e+01 6.972415e+00
      vertex   6.794040e+00 -3.001692e+01 7.969081e+00
      vertex   7.589169e+00 -3.049705e+01 6.977902e+00
    endloop
  endfacet
  facet normal 7.868498e-01 3.061494e-02 6.163847e-01
    outer loop
      vertex   7.589169e+00 -3.049705e+01 6.977902e+00
      vertex   6.794040e+00 -3.001692e+01 7.969081e+00
      vertex   6.801060e+00 -3.042159e+01 7.980219e+00
    endloop
  endfacet
  facet normal 7.865876e-01 1.615003e-02 6.172675e-01
    outer loop
      vertex   7.589169e+00 -3.049705e+01 6.977902e+00
      vertex   6.801060e+00 -3.042159e+01 7.980219e+00
      vertex   7.594375e+00 -3.085121e+01 6.980534e+00
    endloop
  endfacet
  facet normal 7.863561e-01 1.496705e-02 6.175922e-01
    outer loop
      vertex   7.594375e+00 -3.085121e+01 6.980534e+00
      vertex   6.801060e+00 -3.042159e+01 7.980219e+00
      vertex   6.804605e+00 -3.082841e+01 7.985564e+00
    endloop
  endfacet
  facet normal 7.862713e-01 -7.083806e-04 6.178810e-01
    outer loop
      vertex   7.594375e+00 -3.085121e+01 6.980534e+00
      vertex   6.804605e+00 -3.082841e+01 7.985564e+00
      vertex   7.594219e+00 -3.120596e+01 6.980325e+00
    endloop
  endfacet
  facet normal 7.862623e-01 -7.576674e-04 6.178924e-01
    outer loop
      vertex   7.594219e+00 -3.120596e+01 6.980325e+00
      vertex   6.804605e+00 -3.082841e+01 7.985564e+00
      vertex   6.804544e+00 -3.123586e+01 7.985143e+00
    endloop
  endfacet
  facet normal 7.863832e-01 -1.670633e-02 6.175130e-01
    outer loop
      vertex   7.594219e+00 -3.120596e+01 6.980325e+00
      vertex   6.804544e+00 -3.123586e+01 7.985143e+00
      vertex   6.800748e+00 -3.164222e+01 7.978983e+00
    endloop
  endfacet
  facet normal 8.050240e-01 -1.650907e-02 5.930125e-01
    outer loop
      vertex   6.800748e+00 -3.164222e+01 7.978983e+00
      vertex   6.804544e+00 -3.123586e+01 7.985143e+00
      vertex   6.043851e+00 -3.172562e+01 9.004160e+00
    endloop
  endfacet
  facet normal 8.053305e-01 -3.262752e-02 5.919276e-01
    outer loop
      vertex   6.800748e+00 -3.164222e+01 7.978983e+00
      vertex   6.043851e+00 -3.172562e+01 9.004160e+00
      vertex   6.793107e+00 -3.204651e+01 7.967094e+00
    endloop
  endfacet
  facet normal 8.056892e-01 -3.056719e-02 5.915493e-01
    outer loop
      vertex   6.793107e+00 -3.204651e+01 7.967094e+00
      vertex   6.043851e+00 -3.172562e+01 9.004160e+00
      vertex   6.039775e+00 -3.218321e+01 8.986067e+00
    endloop
  endfacet
  facet normal 7.621142e-01 3.487351e-02 6.465027e-01
    outer loop
      vertex   8.290096e+00 -3.025572e+01 6.120195e+00
      vertex   8.187082e+00 -3.023998e+01 6.240781e+00
      vertex   8.303551e+00 -3.056230e+01 6.120871e+00
    endloop
  endfacet
  facet normal 7.616246e-01 3.447404e-02 6.471009e-01
    outer loop
      vertex   8.303551e+00 -3.056230e+01 6.120871e+00
      vertex   8.187082e+00 -3.023998e+01 6.240781e+00
      vertex   8.200100e+00 -3.055303e+01 6.242136e+00
    endloop
  endfacet
  facet normal 7.614660e-01 2.416044e-02 6.477544e-01
    outer loop
      vertex   8.303551e+00 -3.056230e+01 6.120871e+00
      vertex   8.200100e+00 -3.055303e+01 6.242136e+00
      vertex   8.413835e+00 -3.079753e+01 6.000000e+00
    endloop
  endfacet
  facet normal 7.725860e-01 3.274475e-02 6.340652e-01
    outer loop
      vertex   7.578750e+00 -3.014498e+01 6.972415e+00
      vertex   7.589169e+00 -3.049705e+01 6.977902e+00
      vertex   7.994589e+00 -3.053443e+01 6.485842e+00
    endloop
  endfacet
  facet normal 7.722968e-01 1.677101e-02 6.350404e-01
    outer loop
      vertex   7.994589e+00 -3.053443e+01 6.485842e+00
      vertex   7.589169e+00 -3.049705e+01 6.977902e+00
      vertex   8.000640e+00 -3.086250e+01 6.487147e+00
    endloop
  endfacet
  facet normal 7.647480e-01 1.666790e-02 6.441139e-01
    outer loop
      vertex   7.994589e+00 -3.053443e+01 6.485842e+00
      vertex   8.000640e+00 -3.086250e+01 6.487147e+00
      vertex   8.206576e+00 -3.086811e+01 6.242787e+00
    endloop
  endfacet
  facet normal 7.646579e-01 -6.551422e-04 6.444361e-01
    outer loop
      vertex   8.206576e+00 -3.086811e+01 6.242787e+00
      vertex   8.000640e+00 -3.086250e+01 6.487147e+00
      vertex   8.206350e+00 -3.118379e+01 6.242735e+00
    endloop
  endfacet
  facet normal 7.609528e-01 -6.531995e-04 6.488069e-01
    outer loop
      vertex   8.206576e+00 -3.086811e+01 6.242787e+00
      vertex   8.206350e+00 -3.118379e+01 6.242735e+00
      vertex   8.310002e+00 -3.118012e+01 6.121170e+00
    endloop
  endfacet
  facet normal 7.610891e-01 -1.868793e-02 6.483781e-01
    outer loop
      vertex   8.310002e+00 -3.118012e+01 6.121170e+00
      vertex   8.206350e+00 -3.118379e+01 6.242735e+00
      vertex   8.199259e+00 -3.149860e+01 6.241984e+00
    endloop
  endfacet
  facet normal 7.613380e-01 -1.888752e-02 6.480801e-01
    outer loop
      vertex   8.310002e+00 -3.118012e+01 6.121170e+00
      vertex   8.199259e+00 -3.149860e+01 6.241984e+00
      vertex   8.302671e+00 -3.148846e+01 6.120795e+00
    endloop
  endfacet
  facet normal 7.616557e-01 -3.392384e-02 6.470934e-01
    outer loop
      vertex   8.302671e+00 -3.148846e+01 6.120795e+00
      vertex   8.199259e+00 -3.149860e+01 6.241984e+00
      vertex   8.394729e+00 -3.172575e+01 6.000000e+00
    endloop
  endfacet
  facet normal 7.598289e-01 -3.567619e-02 6.491435e-01
    outer loop
      vertex   8.302671e+00 -3.148846e+01 6.120795e+00
      vertex   8.394729e+00 -3.172575e+01 6.000000e+00
      vertex   8.354551e+00 -3.148340e+01 6.060348e+00
    endloop
  endfacet
  facet normal 7.720518e-01 1.607082e-02 6.353564e-01
    outer loop
      vertex   8.000640e+00 -3.086250e+01 6.487147e+00
      vertex   7.589169e+00 -3.049705e+01 6.977902e+00
      vertex   7.594375e+00 -3.085121e+01 6.980534e+00
    endloop
  endfacet
  facet normal 7.595705e-01 2.209228e-02 6.500497e-01
    outer loop
      vertex   8.413835e+00 -3.079753e+01 6.000000e+00
      vertex   8.355449e+00 -3.056693e+01 6.060386e+00
      vertex   8.303551e+00 -3.056230e+01 6.120871e+00
    endloop
  endfacet
  facet normal 7.597757e-01 3.477695e-02 6.492545e-01
    outer loop
      vertex   8.303551e+00 -3.056230e+01 6.120871e+00
      vertex   8.355449e+00 -3.056693e+01 6.060386e+00
      vertex   8.290096e+00 -3.025572e+01 6.120195e+00
    endloop
  endfacet
  facet normal 7.719633e-01 -6.777163e-04 6.356667e-01
    outer loop
      vertex   8.000640e+00 -3.086250e+01 6.487147e+00
      vertex   7.594375e+00 -3.085121e+01 6.980534e+00
      vertex   8.000437e+00 -3.119116e+01 6.487043e+00
    endloop
  endfacet
  facet normal 7.719515e-01 -7.125877e-04 6.356810e-01
    outer loop
      vertex   8.000437e+00 -3.119116e+01 6.487043e+00
      vertex   7.594375e+00 -3.085121e+01 6.980534e+00
      vertex   7.594219e+00 -3.120596e+01 6.980325e+00
    endloop
  endfacet
  facet normal 7.720810e-01 -1.780820e-02 6.352746e-01
    outer loop
      vertex   8.000437e+00 -3.119116e+01 6.487043e+00
      vertex   7.594219e+00 -3.120596e+01 6.980325e+00
      vertex   7.588556e+00 -3.155977e+01 6.977289e+00
    endloop
  endfacet
  facet normal 7.866163e-01 -1.788559e-02 6.171830e-01
    outer loop
      vertex   7.588556e+00 -3.155977e+01 6.977289e+00
      vertex   7.594219e+00 -3.120596e+01 6.980325e+00
      vertex   6.800748e+00 -3.164222e+01 7.978983e+00
    endloop
  endfacet
  facet normal 7.869499e-01 -3.553093e-02 6.159930e-01
    outer loop
      vertex   7.588556e+00 -3.155977e+01 6.977289e+00
      vertex   6.800748e+00 -3.164222e+01 7.978983e+00
      vertex   7.577265e+00 -3.191137e+01 6.971434e+00
    endloop
  endfacet
  facet normal 7.873510e-01 -3.298452e-02 6.156219e-01
    outer loop
      vertex   7.577265e+00 -3.191137e+01 6.971434e+00
      vertex   6.800748e+00 -3.164222e+01 7.978983e+00
      vertex   6.793107e+00 -3.204651e+01 7.967094e+00
    endloop
  endfacet
  facet normal 7.590975e-01 -6.405362e-04 6.509767e-01
    outer loop
      vertex   8.362002e+00 -3.117828e+01 6.060535e+00
      vertex   8.310241e+00 -3.087091e+01 6.121196e+00
      vertex   8.310002e+00 -3.118012e+01 6.121170e+00
    endloop
  endfacet
  facet normal 7.609672e-01 -6.417963e-04 6.487900e-01
    outer loop
      vertex   8.310002e+00 -3.118012e+01 6.121170e+00
      vertex   8.310241e+00 -3.087091e+01 6.121196e+00
      vertex   8.206576e+00 -3.086811e+01 6.242787e+00
    endloop
  endfacet
  facet normal 9.489574e-01 -1.670578e-03 3.153998e-01
    outer loop
      vertex   3.139766e-01 -3.259399e+01 2.032930e+01
      vertex   4.523811e-01 -3.265000e+01 1.991258e+01
      vertex   3.008404e-01 -3.158150e+01 2.037418e+01
    endloop
  endfacet
  facet normal 9.392802e-01 -3.055993e-03 3.431376e-01
    outer loop
      vertex   7.282924e-01 -3.250554e+01 1.912457e+01
      vertex   8.685217e-01 -3.265000e+01 1.873943e+01
      vertex   7.163773e-01 -3.154934e+01 1.916570e+01
    endloop
  endfacet
  facet normal 7.646444e-01 -6.759782e-04 6.444521e-01
    outer loop
      vertex   8.000640e+00 -3.086250e+01 6.487147e+00
      vertex   8.000437e+00 -3.119116e+01 6.487043e+00
      vertex   8.206350e+00 -3.118379e+01 6.242735e+00
    endloop
  endfacet
  facet normal 7.647784e-01 -1.838830e-02 6.440310e-01
    outer loop
      vertex   8.206350e+00 -3.118379e+01 6.242735e+00
      vertex   8.000437e+00 -3.119116e+01 6.487043e+00
      vertex   7.993825e+00 -3.151893e+01 6.485537e+00
    endloop
  endfacet
  facet normal 7.650254e-01 -1.876550e-02 6.437266e-01
    outer loop
      vertex   8.206350e+00 -3.118379e+01 6.242735e+00
      vertex   7.993825e+00 -3.151893e+01 6.485537e+00
      vertex   8.199259e+00 -3.149860e+01 6.241984e+00
    endloop
  endfacet
  facet normal 7.653805e-01 -3.664844e-02 6.425337e-01
    outer loop
      vertex   8.199259e+00 -3.149860e+01 6.241984e+00
      vertex   7.993825e+00 -3.151893e+01 6.485537e+00
      vertex   7.980677e+00 -3.184443e+01 6.482632e+00
    endloop
  endfacet
  facet normal 7.659299e-01 -3.748506e-02 6.418304e-01
    outer loop
      vertex   8.199259e+00 -3.149860e+01 6.241984e+00
      vertex   7.980677e+00 -3.184443e+01 6.482632e+00
      vertex   8.185176e+00 -3.181113e+01 6.240538e+00
    endloop
  endfacet
  facet normal 7.723240e-01 -1.849881e-02 6.349594e-01
    outer loop
      vertex   7.993825e+00 -3.151893e+01 6.485537e+00
      vertex   8.000437e+00 -3.119116e+01 6.487043e+00
      vertex   7.588556e+00 -3.155977e+01 6.977289e+00
    endloop
  endfacet
  facet normal 7.594847e-01 -1.894551e-02 6.502493e-01
    outer loop
      vertex   8.354551e+00 -3.148340e+01 6.060348e+00
      vertex   8.362002e+00 -3.117828e+01 6.060535e+00
      vertex   8.302671e+00 -3.148846e+01 6.120795e+00
    endloop
  endfacet
  facet normal 7.592350e-01 -1.884051e-02 6.505439e-01
    outer loop
      vertex   8.302671e+00 -3.148846e+01 6.120795e+00
      vertex   8.362002e+00 -3.117828e+01 6.060535e+00
      vertex   8.310002e+00 -3.118012e+01 6.121170e+00
    endloop
  endfacet
  facet normal 7.726786e-01 -3.686463e-02 6.337261e-01
    outer loop
      vertex   7.980677e+00 -3.184443e+01 6.482632e+00
      vertex   7.993825e+00 -3.151893e+01 6.485537e+00
      vertex   7.588556e+00 -3.155977e+01 6.977289e+00
    endloop
  endfacet
  facet normal 7.731468e-01 -3.537485e-02 6.332399e-01
    outer loop
      vertex   7.980677e+00 -3.184443e+01 6.482632e+00
      vertex   7.588556e+00 -3.155977e+01 6.977289e+00
      vertex   7.577265e+00 -3.191137e+01 6.971434e+00
    endloop
  endfacet
  facet normal 7.599882e-01 -3.724989e-02 6.488686e-01
    outer loop
      vertex   8.394729e+00 -3.172575e+01 6.000000e+00
      vertex   8.199259e+00 -3.149860e+01 6.241984e+00
      vertex   8.185176e+00 -3.181113e+01 6.240538e+00
    endloop
  endfacet
  facet normal 7.628968e-01 -5.847055e-02 6.438708e-01
    outer loop
      vertex   8.185176e+00 -3.181113e+01 6.240538e+00
      vertex   8.288119e+00 -3.179452e+01 6.120073e+00
      vertex   8.394729e+00 -3.172575e+01 6.000000e+00
    endloop
  endfacet
  facet normal 7.753488e-01 -7.275787e-02 6.273281e-01
    outer loop
      vertex   7.560621e+00 -3.225914e+01 6.962735e+00
      vertex   7.936211e+00 -3.248301e+01 6.472559e+00
      vertex   7.961284e+00 -3.216618e+01 6.478316e+00
    endloop
  endfacet
  facet normal 7.690838e-01 -7.240209e-02 6.350338e-01
    outer loop
      vertex   7.961284e+00 -3.216618e+01 6.478316e+00
      vertex   7.936211e+00 -3.248301e+01 6.472559e+00
      vertex   8.137505e+00 -3.242383e+01 6.235521e+00
    endloop
  endfacet
  facet normal 7.681296e-01 -7.397182e-02 6.360071e-01
    outer loop
      vertex   7.961284e+00 -3.216618e+01 6.478316e+00
      vertex   8.137505e+00 -3.242383e+01 6.235521e+00
      vertex   8.164398e+00 -3.211992e+01 6.238388e+00
    endloop
  endfacet
  facet normal 7.654981e-01 -7.376903e-02 6.391954e-01
    outer loop
      vertex   8.164398e+00 -3.211992e+01 6.238388e+00
      vertex   8.137505e+00 -3.242383e+01 6.235521e+00
      vertex   8.238839e+00 -3.239432e+01 6.117570e+00
    endloop
  endfacet
  facet normal 7.644810e-01 -7.454103e-02 6.403221e-01
    outer loop
      vertex   8.164398e+00 -3.211992e+01 6.238388e+00
      vertex   8.238839e+00 -3.239432e+01 6.117570e+00
      vertex   8.266645e+00 -3.209685e+01 6.119001e+00
    endloop
  endfacet
  facet normal 7.636972e-01 -7.447230e-02 6.412648e-01
    outer loop
      vertex   8.266645e+00 -3.209685e+01 6.119001e+00
      vertex   8.238839e+00 -3.239432e+01 6.117570e+00
      vertex   8.289677e+00 -3.237958e+01 6.058737e+00
    endloop
  endfacet
  facet normal 7.617274e-01 -7.495013e-02 6.435478e-01
    outer loop
      vertex   8.315139e+00 -3.237221e+01 6.029357e+00
      vertex   8.343632e+00 -3.207957e+01 6.029714e+00
      vertex   8.317941e+00 -3.208533e+01 6.059452e+00
    endloop
  endfacet
  facet normal 7.663985e-01 -8.888840e-02 6.361856e-01
    outer loop
      vertex   8.238839e+00 -3.239432e+01 6.117570e+00
      vertex   8.137505e+00 -3.242383e+01 6.235521e+00
      vertex   8.306779e+00 -3.265000e+01 6.000000e+00
    endloop
  endfacet
  facet normal 7.697374e-01 -8.301011e-02 6.329405e-01
    outer loop
      vertex   8.306779e+00 -3.265000e+01 6.000000e+00
      vertex   8.137505e+00 -3.242383e+01 6.235521e+00
      vertex   7.936211e+00 -3.248301e+01 6.472559e+00
    endloop
  endfacet
  facet normal 7.646303e-01 -9.024729e-02 6.381190e-01
    outer loop
      vertex   8.306779e+00 -3.265000e+01 6.000000e+00
      vertex   8.289677e+00 -3.237958e+01 6.058737e+00
      vertex   8.238839e+00 -3.239432e+01 6.117570e+00
    endloop
  endfacet
  facet normal 7.717265e-01 1.350093e-01 6.214585e-01
    outer loop
      vertex   8.198134e+00 -2.880670e+01 6.027747e+00
      vertex   8.173654e+00 -2.879460e+01 6.055516e+00
      vertex   8.245480e+00 -2.894962e+01 6.000000e+00
    endloop
  endfacet
  facet normal 7.727474e-01 1.360159e-01 6.199687e-01
    outer loop
      vertex   8.245480e+00 -2.894962e+01 6.000000e+00
      vertex   8.173654e+00 -2.879460e+01 6.055516e+00
      vertex   8.124780e+00 -2.877038e+01 6.111121e+00
    endloop
  endfacet
  facet normal 7.749450e-01 1.397124e-01 6.163933e-01
    outer loop
      vertex   8.245480e+00 -2.894962e+01 6.000000e+00
      vertex   8.124780e+00 -2.877038e+01 6.111121e+00
      vertex   8.027366e+00 -2.872188e+01 6.222600e+00
    endloop
  endfacet
  facet normal 7.693358e-01 1.243360e-01 6.266282e-01
    outer loop
      vertex   8.158473e+00 -2.898127e+01 6.113103e+00
      vertex   8.245480e+00 -2.894962e+01 6.000000e+00
      vertex   8.027366e+00 -2.872188e+01 6.222600e+00
    endloop
  endfacet
  facet normal 7.759131e-01 1.256010e-01 6.182097e-01
    outer loop
      vertex   7.864043e+00 -2.885018e+01 6.454593e+00
      vertex   8.059878e+00 -2.893765e+01 6.226570e+00
      vertex   7.833885e+00 -2.862466e+01 6.446625e+00
    endloop
  endfacet
  facet normal 7.774443e-01 1.284784e-01 6.156896e-01
    outer loop
      vertex   7.833885e+00 -2.862466e+01 6.446625e+00
      vertex   8.059878e+00 -2.893765e+01 6.226570e+00
      vertex   8.027366e+00 -2.872188e+01 6.222600e+00
    endloop
  endfacet
  facet normal 7.827597e-01 1.213295e-01 6.103822e-01
    outer loop
      vertex   7.477825e+00 -2.867443e+01 6.914946e+00
      vertex   7.864043e+00 -2.885018e+01 6.454593e+00
      vertex   7.452341e+00 -2.842930e+01 6.898901e+00
    endloop
  endfacet
  facet normal 7.844476e-01 1.263528e-01 6.071877e-01
    outer loop
      vertex   7.452341e+00 -2.842930e+01 6.898901e+00
      vertex   7.864043e+00 -2.885018e+01 6.454593e+00
      vertex   7.833885e+00 -2.862466e+01 6.446625e+00
    endloop
  endfacet
  facet normal 7.962140e-01 1.134122e-01 5.942903e-01
    outer loop
      vertex   6.727505e+00 -2.831975e+01 7.852519e+00
      vertex   7.477825e+00 -2.867443e+01 6.914946e+00
      vertex   6.711225e+00 -2.803508e+01 7.820005e+00
    endloop
  endfacet
  facet normal 7.981102e-01 1.215987e-01 5.901134e-01
    outer loop
      vertex   6.711225e+00 -2.803508e+01 7.820005e+00
      vertex   7.477825e+00 -2.867443e+01 6.914946e+00
      vertex   7.452341e+00 -2.842930e+01 6.898901e+00
    endloop
  endfacet
  facet normal 8.137481e-01 1.052077e-01 5.716164e-01
    outer loop
      vertex   6.007226e+00 -2.796109e+01 8.811888e+00
      vertex   6.727505e+00 -2.831975e+01 7.852519e+00
      vertex   5.999949e+00 -2.763649e+01 8.762505e+00
    endloop
  endfacet
  facet normal 8.153359e-01 1.115197e-01 5.681467e-01
    outer loop
      vertex   5.999949e+00 -2.763649e+01 8.762505e+00
      vertex   6.727505e+00 -2.831975e+01 7.852519e+00
      vertex   6.711225e+00 -2.803508e+01 7.820005e+00
    endloop
  endfacet
  facet normal 8.305401e-01 9.672336e-02 5.484958e-01
    outer loop
      vertex   5.317627e+00 -2.759877e+01 9.792199e+00
      vertex   6.007226e+00 -2.796109e+01 8.811888e+00
      vertex   5.319135e+00 -2.723388e+01 9.725569e+00
    endloop
  endfacet
  facet normal 8.318731e-01 1.016525e-01 5.455766e-01
    outer loop
      vertex   5.319135e+00 -2.723388e+01 9.725569e+00
      vertex   6.007226e+00 -2.796109e+01 8.811888e+00
      vertex   5.999949e+00 -2.763649e+01 8.762505e+00
    endloop
  endfacet
  facet normal 8.465853e-01 8.802345e-02 5.249239e-01
    outer loop
      vertex   4.659323e+00 -2.723313e+01 1.079258e+01
      vertex   5.317627e+00 -2.759877e+01 9.792199e+00
      vertex   4.669386e+00 -2.682761e+01 1.070835e+01
    endloop
  endfacet
  facet normal 8.477014e-01 9.189699e-02 5.224531e-01
    outer loop
      vertex   4.669386e+00 -2.682761e+01 1.070835e+01
      vertex   5.317627e+00 -2.759877e+01 9.792199e+00
      vertex   5.319135e+00 -2.723388e+01 9.725569e+00
    endloop
  endfacet
  facet normal 8.618678e-01 7.915317e-02 5.009178e-01
    outer loop
      vertex   4.032895e+00 -2.686448e+01 1.181215e+01
      vertex   4.659323e+00 -2.723313e+01 1.079258e+01
      vertex   4.051269e+00 -2.641802e+01 1.170998e+01
    endloop
  endfacet
  facet normal 8.627956e-01 8.220030e-02 4.988254e-01
    outer loop
      vertex   4.051269e+00 -2.641802e+01 1.170998e+01
      vertex   4.659323e+00 -2.723313e+01 1.079258e+01
      vertex   4.669386e+00 -2.682761e+01 1.070835e+01
    endloop
  endfacet
  facet normal 8.763806e-01 7.014277e-02 4.764840e-01
    outer loop
      vertex   3.438905e+00 -2.649314e+01 1.284999e+01
      vertex   4.032895e+00 -2.686448e+01 1.181215e+01
      vertex   3.465335e+00 -2.600548e+01 1.272959e+01
    endloop
  endfacet
  facet normal 8.771429e-01 7.252980e-02 4.747207e-01
    outer loop
      vertex   3.465335e+00 -2.600548e+01 1.272959e+01
      vertex   4.032895e+00 -2.686448e+01 1.181215e+01
      vertex   4.051269e+00 -2.641802e+01 1.170998e+01
    endloop
  endfacet
  facet normal 8.901079e-01 6.101843e-02 4.516467e-01
    outer loop
      vertex   2.877875e+00 -2.611946e+01 1.390518e+01
      vertex   3.438905e+00 -2.649314e+01 1.284999e+01
      vertex   2.912094e+00 -2.559036e+01 1.376626e+01
    endloop
  endfacet
  facet normal 8.907237e-01 6.287014e-02 4.501763e-01
    outer loop
      vertex   2.912094e+00 -2.559036e+01 1.376626e+01
      vertex   3.438905e+00 -2.649314e+01 1.284999e+01
      vertex   3.465335e+00 -2.600548e+01 1.272959e+01
    endloop
  endfacet
  facet normal 9.151699e-01 4.250017e-02 4.008214e-01
    outer loop
      vertex   1.856673e+00 -2.536636e+01 1.606387e+01
      vertex   2.350310e+00 -2.574375e+01 1.497679e+01
      vertex   1.905618e+00 -2.475382e+01 1.588717e+01
    endloop
  endfacet
  facet normal 9.155398e-01 4.354750e-02 3.998632e-01
    outer loop
      vertex   1.905618e+00 -2.475382e+01 1.588717e+01
      vertex   2.350310e+00 -2.574375e+01 1.497679e+01
      vertex   2.392037e+00 -2.517302e+01 1.481910e+01
    endloop
  endfacet
  facet normal 7.724622e-01 1.278449e-01 6.220594e-01
    outer loop
      vertex   8.059878e+00 -2.893765e+01 6.226570e+00
      vertex   8.158473e+00 -2.898127e+01 6.113103e+00
      vertex   8.027366e+00 -2.872188e+01 6.222600e+00
    endloop
  endfacet
  facet normal 7.877206e-01 1.980433e-01 5.833311e-01
    outer loop
      vertex   7.996042e+00 -2.786178e+01 6.024394e+00
      vertex   7.973430e+00 -2.784375e+01 6.048808e+00
      vertex   8.058947e+00 -2.804013e+01 6.000000e+00
    endloop
  endfacet
  facet normal 7.887986e-01 1.989523e-01 5.815624e-01
    outer loop
      vertex   8.058947e+00 -2.804013e+01 6.000000e+00
      vertex   7.973430e+00 -2.784375e+01 6.048808e+00
      vertex   7.928287e+00 -2.780767e+01 6.097695e+00
    endloop
  endfacet
  facet normal 7.854712e-01 1.945806e-01 5.875145e-01
    outer loop
      vertex   8.058947e+00 -2.804013e+01 6.000000e+00
      vertex   7.928287e+00 -2.780767e+01 6.097695e+00
      vertex   7.970206e+00 -2.798645e+01 6.100863e+00
    endloop
  endfacet
  facet normal 7.900366e-01 1.955363e-01 5.810402e-01
    outer loop
      vertex   7.970206e+00 -2.798645e+01 6.100863e+00
      vertex   7.928287e+00 -2.780767e+01 6.097695e+00
      vertex   7.838323e+00 -2.773543e+01 6.195706e+00
    endloop
  endfacet
  facet normal 7.879648e-01 1.930787e-01 5.846641e-01
    outer loop
      vertex   7.970206e+00 -2.798645e+01 6.100863e+00
      vertex   7.838323e+00 -2.773543e+01 6.195706e+00
      vertex   7.878562e+00 -2.791885e+01 6.202051e+00
    endloop
  endfacet
  facet normal 7.934232e-01 1.940083e-01 5.769233e-01
    outer loop
      vertex   7.878562e+00 -2.791885e+01 6.202051e+00
      vertex   7.838323e+00 -2.773543e+01 6.195706e+00
      vertex   7.659694e+00 -2.759062e+01 6.392672e+00
    endloop
  endfacet
  facet normal 7.910966e-01 1.897989e-01 5.815003e-01
    outer loop
      vertex   7.878562e+00 -2.791885e+01 6.202051e+00
      vertex   7.659694e+00 -2.759062e+01 6.392672e+00
      vertex   7.696581e+00 -2.778335e+01 6.405398e+00
    endloop
  endfacet
  facet normal 8.000780e-01 1.906783e-01 5.687855e-01
    outer loop
      vertex   7.696581e+00 -2.778335e+01 6.405398e+00
      vertex   7.659694e+00 -2.759062e+01 6.392672e+00
      vertex   7.307659e+00 -2.729972e+01 6.790339e+00
    endloop
  endfacet
  facet normal 7.973433e-01 1.835939e-01 5.749234e-01
    outer loop
      vertex   7.696581e+00 -2.778335e+01 6.405398e+00
      vertex   7.307659e+00 -2.729972e+01 6.790339e+00
      vertex   7.337885e+00 -2.751114e+01 6.815936e+00
    endloop
  endfacet
  facet normal 8.129585e-01 1.831445e-01 5.527718e-01
    outer loop
      vertex   7.337885e+00 -2.751114e+01 6.815936e+00
      vertex   7.307659e+00 -2.729972e+01 6.790339e+00
      vertex   6.624735e+00 -2.671301e+01 7.600326e+00
    endloop
  endfacet
  facet normal 8.096993e-01 1.721056e-01 5.610408e-01
    outer loop
      vertex   7.337885e+00 -2.751114e+01 6.815936e+00
      vertex   6.624735e+00 -2.671301e+01 7.600326e+00
      vertex   6.641813e+00 -2.696207e+01 7.652079e+00
    endloop
  endfacet
  facet normal 8.286567e-01 1.677903e-01 5.340173e-01
    outer loop
      vertex   6.641813e+00 -2.696207e+01 7.652079e+00
      vertex   6.624735e+00 -2.671301e+01 7.600326e+00
      vertex   5.970479e+00 -2.612018e+01 8.429291e+00
    endloop
  endfacet
  facet normal 8.260507e-01 1.597425e-01 5.404837e-01
    outer loop
      vertex   6.641813e+00 -2.696207e+01 7.652079e+00
      vertex   5.970479e+00 -2.612018e+01 8.429291e+00
      vertex   5.974658e+00 -2.640718e+01 8.507730e+00
    endloop
  endfacet
  facet normal 8.437644e-01 1.528925e-01 5.144761e-01
    outer loop
      vertex   5.974658e+00 -2.640718e+01 8.507730e+00
      vertex   5.970479e+00 -2.612018e+01 8.429291e+00
      vertex   5.345433e+00 -2.552170e+01 9.276540e+00
    endloop
  endfacet
  facet normal 8.416479e-01 1.468807e-01 5.196680e-01
    outer loop
      vertex   5.974658e+00 -2.640718e+01 8.507730e+00
      vertex   5.345433e+00 -2.552170e+01 9.276540e+00
      vertex   5.336977e+00 -2.584695e+01 9.382164e+00
    endloop
  endfacet
  facet normal 8.698955e-01 1.155447e-01 4.795115e-01
    outer loop
      vertex   4.711019e+00 -2.565540e+01 1.039785e+01
      vertex   4.729312e+00 -2.528184e+01 1.027465e+01
      vertex   4.152169e+00 -2.471234e+01 1.118443e+01
    endloop
  endfacet
  facet normal 8.712115e-01 1.241770e-01 4.749427e-01
    outer loop
      vertex   4.152169e+00 -2.471234e+01 1.118443e+01
      vertex   4.729312e+00 -2.528184e+01 1.027465e+01
      vertex   4.750120e+00 -2.491809e+01 1.014137e+01
    endloop
  endfacet
  facet normal 8.410226e-01 1.428353e-01 5.218037e-01
    outer loop
      vertex   5.974658e+00 -2.640718e+01 8.507730e+00
      vertex   5.336977e+00 -2.584695e+01 9.382164e+00
      vertex   5.979936e+00 -2.670293e+01 8.580180e+00
    endloop
  endfacet
  facet normal 8.390631e-01 1.369495e-01 5.265149e-01
    outer loop
      vertex   5.979936e+00 -2.670293e+01 8.580180e+00
      vertex   5.336977e+00 -2.584695e+01 9.382164e+00
      vertex   5.330331e+00 -2.618146e+01 9.479763e+00
    endloop
  endfacet
  facet normal 8.384655e-01 1.326864e-01 5.285546e-01
    outer loop
      vertex   5.979936e+00 -2.670293e+01 8.580180e+00
      vertex   5.330331e+00 -2.618146e+01 9.479763e+00
      vertex   5.986068e+00 -2.700681e+01 8.646736e+00
    endloop
  endfacet
  facet normal 8.366624e-01 1.269701e-01 5.327988e-01
    outer loop
      vertex   5.986068e+00 -2.700681e+01 8.646736e+00
      vertex   5.330331e+00 -2.618146e+01 9.479763e+00
      vertex   5.325280e+00 -2.652456e+01 9.569459e+00
    endloop
  endfacet
  facet normal 8.360896e-01 1.224450e-01 5.347536e-01
    outer loop
      vertex   5.986068e+00 -2.700681e+01 8.646736e+00
      vertex   5.325280e+00 -2.652456e+01 9.569459e+00
      vertex   5.992818e+00 -2.731820e+01 8.707483e+00
    endloop
  endfacet
  facet normal 8.344423e-01 1.169416e-01 5.385450e-01
    outer loop
      vertex   5.992818e+00 -2.731820e+01 8.707483e+00
      vertex   5.325280e+00 -2.652456e+01 9.569459e+00
      vertex   5.321617e+00 -2.687559e+01 9.651358e+00
    endloop
  endfacet
  facet normal 8.255801e-01 1.566969e-01 5.420919e-01
    outer loop
      vertex   6.641813e+00 -2.696207e+01 7.652079e+00
      vertex   5.974658e+00 -2.640718e+01 8.507730e+00
      vertex   6.659275e+00 -2.721937e+01 7.699860e+00
    endloop
  endfacet
  facet normal 8.231877e-01 1.489086e-01 5.478944e-01
    outer loop
      vertex   6.659275e+00 -2.721937e+01 7.699860e+00
      vertex   5.974658e+00 -2.640718e+01 8.507730e+00
      vertex   5.979936e+00 -2.670293e+01 8.580180e+00
    endloop
  endfacet
  facet normal 8.227151e-01 1.455363e-01 5.495080e-01
    outer loop
      vertex   6.659275e+00 -2.721937e+01 7.699860e+00
      vertex   5.979936e+00 -2.670293e+01 8.580180e+00
      vertex   6.676843e+00 -2.748434e+01 7.743735e+00
    endloop
  endfacet
  facet normal 8.205298e-01 1.380473e-01 5.546835e-01
    outer loop
      vertex   6.676843e+00 -2.748434e+01 7.743735e+00
      vertex   5.979936e+00 -2.670293e+01 8.580180e+00
      vertex   5.986068e+00 -2.700681e+01 8.646736e+00
    endloop
  endfacet
  facet normal 8.200557e-01 1.343006e-01 5.563021e-01
    outer loop
      vertex   6.676843e+00 -2.748434e+01 7.743735e+00
      vertex   5.986068e+00 -2.700681e+01 8.646736e+00
      vertex   6.694249e+00 -2.775643e+01 7.783764e+00
    endloop
  endfacet
  facet normal 8.180719e-01 1.271520e-01 5.608838e-01
    outer loop
      vertex   6.694249e+00 -2.775643e+01 7.783764e+00
      vertex   5.986068e+00 -2.700681e+01 8.646736e+00
      vertex   5.992818e+00 -2.731820e+01 8.707483e+00
    endloop
  endfacet
  facet normal 8.095165e-01 1.709217e-01 5.616661e-01
    outer loop
      vertex   7.337885e+00 -2.751114e+01 6.815936e+00
      vertex   6.641813e+00 -2.696207e+01 7.652079e+00
      vertex   7.367774e+00 -2.773032e+01 6.839557e+00
    endloop
  endfacet
  facet normal 8.065605e-01 1.603985e-01 5.689749e-01
    outer loop
      vertex   7.367774e+00 -2.773032e+01 6.839557e+00
      vertex   6.641813e+00 -2.696207e+01 7.652079e+00
      vertex   6.659275e+00 -2.721937e+01 7.699860e+00
    endloop
  endfacet
  facet normal 8.063209e-01 1.586876e-01 5.697936e-01
    outer loop
      vertex   7.367774e+00 -2.773032e+01 6.839557e+00
      vertex   6.659275e+00 -2.721937e+01 7.699860e+00
      vertex   7.397014e+00 -2.795674e+01 6.861237e+00
    endloop
  endfacet
  facet normal 8.036486e-01 1.486966e-01 5.762276e-01
    outer loop
      vertex   7.397014e+00 -2.795674e+01 6.861237e+00
      vertex   6.659275e+00 -2.721937e+01 7.699860e+00
      vertex   6.676843e+00 -2.748434e+01 7.743735e+00
    endloop
  endfacet
  facet normal 8.033604e-01 1.464181e-01 5.772121e-01
    outer loop
      vertex   7.397014e+00 -2.795674e+01 6.861237e+00
      vertex   6.676843e+00 -2.748434e+01 7.743735e+00
      vertex   7.425304e+00 -2.818990e+01 6.881008e+00
    endloop
  endfacet
  facet normal 8.009560e-01 1.369832e-01 5.828423e-01
    outer loop
      vertex   7.425304e+00 -2.818990e+01 6.881008e+00
      vertex   6.676843e+00 -2.748434e+01 7.743735e+00
      vertex   6.694249e+00 -2.775643e+01 7.783764e+00
    endloop
  endfacet
  facet normal 7.964475e-01 1.778125e-01 5.779741e-01
    outer loop
      vertex   7.696581e+00 -2.778335e+01 6.405398e+00
      vertex   7.337885e+00 -2.751114e+01 6.815936e+00
      vertex   7.732769e+00 -2.798361e+01 6.417140e+00
    endloop
  endfacet
  facet normal 7.939474e-01 1.711411e-01 5.834023e-01
    outer loop
      vertex   7.732769e+00 -2.798361e+01 6.417140e+00
      vertex   7.337885e+00 -2.751114e+01 6.815936e+00
      vertex   7.367774e+00 -2.773032e+01 6.839557e+00
    endloop
  endfacet
  facet normal 7.930835e-01 1.649970e-01 5.863399e-01
    outer loop
      vertex   7.732769e+00 -2.798361e+01 6.417140e+00
      vertex   7.367774e+00 -2.773032e+01 6.839557e+00
      vertex   7.767928e+00 -2.819089e+01 6.427914e+00
    endloop
  endfacet
  facet normal 7.907999e-01 1.587268e-01 5.911356e-01
    outer loop
      vertex   7.767928e+00 -2.819089e+01 6.427914e+00
      vertex   7.367774e+00 -2.773032e+01 6.839557e+00
      vertex   7.397014e+00 -2.795674e+01 6.861237e+00
    endloop
  endfacet
  facet normal 7.899701e-01 1.521900e-01 5.939575e-01
    outer loop
      vertex   7.767928e+00 -2.819089e+01 6.427914e+00
      vertex   7.397014e+00 -2.795674e+01 6.861237e+00
      vertex   7.801740e+00 -2.840474e+01 6.437737e+00
    endloop
  endfacet
  facet normal 7.878902e-01 1.463191e-01 5.981804e-01
    outer loop
      vertex   7.801740e+00 -2.840474e+01 6.437737e+00
      vertex   7.397014e+00 -2.795674e+01 6.861237e+00
      vertex   7.425304e+00 -2.818990e+01 6.881008e+00
    endloop
  endfacet
  facet normal 7.897089e-01 1.808560e-01 5.862175e-01
    outer loop
      vertex   7.878562e+00 -2.791885e+01 6.202051e+00
      vertex   7.696581e+00 -2.778335e+01 6.405398e+00
      vertex   7.917919e+00 -2.810968e+01 6.207905e+00
    endloop
  endfacet
  facet normal 7.875577e-01 1.769285e-01 5.902959e-01
    outer loop
      vertex   7.917919e+00 -2.810968e+01 6.207905e+00
      vertex   7.696581e+00 -2.778335e+01 6.405398e+00
      vertex   7.732769e+00 -2.798361e+01 6.417140e+00
    endloop
  endfacet
  facet normal 7.862705e-01 1.677877e-01 5.946646e-01
    outer loop
      vertex   7.917919e+00 -2.810968e+01 6.207905e+00
      vertex   7.732769e+00 -2.798361e+01 6.417140e+00
      vertex   7.956058e+00 -2.830744e+01 6.213275e+00
    endloop
  endfacet
  facet normal 7.842811e-01 1.641257e-01 5.983025e-01
    outer loop
      vertex   7.956058e+00 -2.830744e+01 6.213275e+00
      vertex   7.732769e+00 -2.798361e+01 6.417140e+00
      vertex   7.767928e+00 -2.819089e+01 6.427914e+00
    endloop
  endfacet
  facet normal 7.830893e-01 1.547510e-01 6.023481e-01
    outer loop
      vertex   7.956058e+00 -2.830744e+01 6.213275e+00
      vertex   7.767928e+00 -2.819089e+01 6.427914e+00
      vertex   7.992650e+00 -2.851166e+01 6.218171e+00
    endloop
  endfacet
  facet normal 7.812535e-01 1.513461e-01 6.055884e-01
    outer loop
      vertex   7.992650e+00 -2.851166e+01 6.218171e+00
      vertex   7.767928e+00 -2.819089e+01 6.427914e+00
      vertex   7.801740e+00 -2.840474e+01 6.437737e+00
    endloop
  endfacet
  facet normal 7.845574e-01 1.829181e-01 5.924615e-01
    outer loop
      vertex   8.057934e+00 -2.820398e+01 6.051851e+00
      vertex   8.016191e+00 -2.802021e+01 6.050391e+00
      vertex   7.970206e+00 -2.798645e+01 6.100863e+00
    endloop
  endfacet
  facet normal 7.839932e-01 1.794524e-01 5.942655e-01
    outer loop
      vertex   7.970206e+00 -2.798645e+01 6.100863e+00
      vertex   8.016191e+00 -2.802021e+01 6.050391e+00
      vertex   8.058947e+00 -2.804013e+01 6.000000e+00
    endloop
  endfacet
  facet normal 7.862843e-01 1.822538e-01 5.903732e-01
    outer loop
      vertex   7.970206e+00 -2.798645e+01 6.100863e+00
      vertex   7.878562e+00 -2.791885e+01 6.202051e+00
      vertex   8.011153e+00 -2.817257e+01 6.103785e+00
    endloop
  endfacet
  facet normal 7.843485e-01 1.799780e-01 5.936373e-01
    outer loop
      vertex   8.011153e+00 -2.817257e+01 6.103785e+00
      vertex   7.878562e+00 -2.791885e+01 6.202051e+00
      vertex   7.917919e+00 -2.810968e+01 6.207905e+00
    endloop
  endfacet
  facet normal 7.828121e-01 1.690726e-01 5.988486e-01
    outer loop
      vertex   8.011153e+00 -2.817257e+01 6.103785e+00
      vertex   7.917919e+00 -2.810968e+01 6.207905e+00
      vertex   8.050786e+00 -2.836557e+01 6.106466e+00
    endloop
  endfacet
  facet normal 7.810031e-01 1.669655e-01 6.017946e-01
    outer loop
      vertex   8.050786e+00 -2.836557e+01 6.106466e+00
      vertex   7.917919e+00 -2.810968e+01 6.207905e+00
      vertex   7.956058e+00 -2.830744e+01 6.213275e+00
    endloop
  endfacet
  facet normal 7.796000e-01 1.559341e-01 6.065545e-01
    outer loop
      vertex   8.050786e+00 -2.836557e+01 6.106466e+00
      vertex   7.956058e+00 -2.830744e+01 6.213275e+00
      vertex   8.088773e+00 -2.856499e+01 6.108910e+00
    endloop
  endfacet
  facet normal 7.779130e-01 1.539881e-01 6.092118e-01
    outer loop
      vertex   8.088773e+00 -2.856499e+01 6.108910e+00
      vertex   7.956058e+00 -2.830744e+01 6.213275e+00
      vertex   7.992650e+00 -2.851166e+01 6.218171e+00
    endloop
  endfacet
  facet normal 8.280675e-01 1.800307e-01 5.309361e-01
    outer loop
      vertex   8.058947e+00 -2.804013e+01 6.000000e+00
      vertex   8.081366e+00 -2.821967e+01 6.025915e+00
      vertex   8.122122e+00 -2.840911e+01 6.026584e+00
    endloop
  endfacet
  facet normal 8.309560e-01 2.337715e-01 5.048396e-01
    outer loop
      vertex   6.559439e+00 -2.566976e+01 7.303283e+00
      vertex   7.172485e+00 -2.642345e+01 6.643224e+00
      vertex   6.551372e+00 -2.549750e+01 7.236797e+00
    endloop
  endfacet
  facet normal 8.355813e-01 2.454274e-01 4.914970e-01
    outer loop
      vertex   6.551372e+00 -2.549750e+01 7.236797e+00
      vertex   7.172485e+00 -2.642345e+01 6.643224e+00
      vertex   7.149896e+00 -2.628052e+01 6.610258e+00
    endloop
  endfacet
  facet normal 8.348382e-01 2.428166e-01 4.940499e-01
    outer loop
      vertex   6.551372e+00 -2.549750e+01 7.236797e+00
      vertex   7.149896e+00 -2.628052e+01 6.610258e+00
      vertex   6.545239e+00 -2.533526e+01 7.167422e+00
    endloop
  endfacet
  facet normal 8.396368e-01 2.541597e-01 4.800135e-01
    outer loop
      vertex   6.545239e+00 -2.533526e+01 7.167422e+00
      vertex   7.149896e+00 -2.628052e+01 6.610258e+00
      vertex   7.129001e+00 -2.614650e+01 6.575847e+00
    endloop
  endfacet
  facet normal 8.201711e-01 2.484906e-01 5.153366e-01
    outer loop
      vertex   7.172485e+00 -2.642345e+01 6.643224e+00
      vertex   7.489184e+00 -2.679733e+01 6.319476e+00
      vertex   7.149896e+00 -2.628052e+01 6.610258e+00
    endloop
  endfacet
  facet normal 8.239501e-01 2.566770e-01 5.051961e-01
    outer loop
      vertex   7.149896e+00 -2.628052e+01 6.610258e+00
      vertex   7.489184e+00 -2.679733e+01 6.319476e+00
      vertex   7.459267e+00 -2.666900e+01 6.303064e+00
    endloop
  endfacet
  facet normal 8.243062e-01 2.579229e-01 5.039792e-01
    outer loop
      vertex   7.149896e+00 -2.628052e+01 6.610258e+00
      vertex   7.459267e+00 -2.666900e+01 6.303064e+00
      vertex   7.129001e+00 -2.614650e+01 6.575847e+00
    endloop
  endfacet
  facet normal 8.282486e-01 2.660576e-01 4.931709e-01
    outer loop
      vertex   7.129001e+00 -2.614650e+01 6.575847e+00
      vertex   7.459267e+00 -2.666900e+01 6.303064e+00
      vertex   7.430927e+00 -2.654901e+01 6.285929e+00
    endloop
  endfacet
  facet normal 8.316274e-01 2.363363e-01 5.025346e-01
    outer loop
      vertex   7.172485e+00 -2.642345e+01 6.643224e+00
      vertex   6.559439e+00 -2.566976e+01 7.303283e+00
      vertex   7.196508e+00 -2.657493e+01 6.674710e+00
    endloop
  endfacet
  facet normal 8.272113e-01 2.245101e-01 5.150890e-01
    outer loop
      vertex   7.196508e+00 -2.657493e+01 6.674710e+00
      vertex   6.559439e+00 -2.566976e+01 7.303283e+00
      vertex   6.569231e+00 -2.585158e+01 7.366807e+00
    endloop
  endfacet
  facet normal 8.277896e-01 2.269104e-01 5.131044e-01
    outer loop
      vertex   7.196508e+00 -2.657493e+01 6.674710e+00
      vertex   6.569231e+00 -2.585158e+01 7.366807e+00
      vertex   7.221708e+00 -2.673463e+01 6.704679e+00
    endloop
  endfacet
  facet normal 8.236054e-01 2.150356e-01 5.248180e-01
    outer loop
      vertex   7.221708e+00 -2.673463e+01 6.704679e+00
      vertex   6.569231e+00 -2.585158e+01 7.366807e+00
      vertex   6.580540e+00 -2.604252e+01 7.427293e+00
    endloop
  endfacet
  facet normal 8.240779e-01 2.171667e-01 5.231962e-01
    outer loop
      vertex   7.221708e+00 -2.673463e+01 6.704679e+00
      vertex   6.580540e+00 -2.604252e+01 7.427293e+00
      vertex   7.247825e+00 -2.690219e+01 6.733095e+00
    endloop
  endfacet
  facet normal 8.201383e-01 2.053470e-01 5.340465e-01
    outer loop
      vertex   7.247825e+00 -2.690219e+01 6.733095e+00
      vertex   6.580540e+00 -2.604252e+01 7.427293e+00
      vertex   6.593158e+00 -2.624213e+01 7.484669e+00
    endloop
  endfacet
  facet normal 8.203848e-01 2.065527e-01 5.332023e-01
    outer loop
      vertex   7.247825e+00 -2.690219e+01 6.733095e+00
      vertex   6.593158e+00 -2.624213e+01 7.484669e+00
      vertex   7.277513e+00 -2.709657e+01 6.762716e+00
    endloop
  endfacet
  facet normal 8.165634e-01 1.949154e-01 5.433528e-01
    outer loop
      vertex   7.277513e+00 -2.709657e+01 6.762716e+00
      vertex   6.593158e+00 -2.624213e+01 7.484669e+00
      vertex   6.608412e+00 -2.647283e+01 7.544502e+00
    endloop
  endfacet
  facet normal 8.148037e-01 2.564304e-01 5.199408e-01
    outer loop
      vertex   7.489184e+00 -2.679733e+01 6.319476e+00
      vertex   7.650051e+00 -2.698351e+01 6.159200e+00
      vertex   7.459267e+00 -2.666900e+01 6.303064e+00
    endloop
  endfacet
  facet normal 8.178102e-01 2.616196e-01 5.125834e-01
    outer loop
      vertex   7.459267e+00 -2.666900e+01 6.303064e+00
      vertex   7.650051e+00 -2.698351e+01 6.159200e+00
      vertex   7.616453e+00 -2.686244e+01 6.151012e+00
    endloop
  endfacet
  facet normal 8.190782e-01 2.660466e-01 5.082619e-01
    outer loop
      vertex   7.459267e+00 -2.666900e+01 6.303064e+00
      vertex   7.616453e+00 -2.686244e+01 6.151012e+00
      vertex   7.430927e+00 -2.654901e+01 6.285929e+00
    endloop
  endfacet
  facet normal 8.222037e-01 2.712879e-01 5.003838e-01
    outer loop
      vertex   7.430927e+00 -2.654901e+01 6.285929e+00
      vertex   7.616453e+00 -2.686244e+01 6.151012e+00
      vertex   7.584376e+00 -2.674946e+01 6.142463e+00
    endloop
  endfacet
  facet normal 8.197648e-01 2.469447e-01 5.167244e-01
    outer loop
      vertex   7.489184e+00 -2.679733e+01 6.319476e+00
      vertex   7.172485e+00 -2.642345e+01 6.643224e+00
      vertex   7.520394e+00 -2.693373e+01 6.335148e+00
    endloop
  endfacet
  facet normal 8.161685e-01 2.387955e-01 5.261613e-01
    outer loop
      vertex   7.520394e+00 -2.693373e+01 6.335148e+00
      vertex   7.172485e+00 -2.642345e+01 6.643224e+00
      vertex   7.196508e+00 -2.657493e+01 6.674710e+00
    endloop
  endfacet
  facet normal 8.157082e-01 2.368926e-01 5.277329e-01
    outer loop
      vertex   7.520394e+00 -2.693373e+01 6.335148e+00
      vertex   7.196508e+00 -2.657493e+01 6.674710e+00
      vertex   7.552613e+00 -2.707790e+01 6.350062e+00
    endloop
  endfacet
  facet normal 8.123044e-01 2.288498e-01 5.364599e-01
    outer loop
      vertex   7.552613e+00 -2.707790e+01 6.350062e+00
      vertex   7.196508e+00 -2.657493e+01 6.674710e+00
      vertex   7.221708e+00 -2.673463e+01 6.704679e+00
    endloop
  endfacet
  facet normal 8.117907e-01 2.265424e-01 5.382141e-01
    outer loop
      vertex   7.552613e+00 -2.707790e+01 6.350062e+00
      vertex   7.221708e+00 -2.673463e+01 6.704679e+00
      vertex   7.585557e+00 -2.722954e+01 6.364200e+00
    endloop
  endfacet
  facet normal 8.085826e-01 2.186600e-01 5.462435e-01
    outer loop
      vertex   7.585557e+00 -2.722954e+01 6.364200e+00
      vertex   7.221708e+00 -2.673463e+01 6.704679e+00
      vertex   7.247825e+00 -2.690219e+01 6.733095e+00
    endloop
  endfacet
  facet normal 8.078977e-01 2.153232e-01 5.485774e-01
    outer loop
      vertex   7.585557e+00 -2.722954e+01 6.364200e+00
      vertex   7.247825e+00 -2.690219e+01 6.733095e+00
      vertex   7.622549e+00 -2.740587e+01 6.378934e+00
    endloop
  endfacet
  facet normal 8.047331e-01 2.076564e-01 5.561327e-01
    outer loop
      vertex   7.622549e+00 -2.740587e+01 6.378934e+00
      vertex   7.247825e+00 -2.690219e+01 6.733095e+00
      vertex   7.277513e+00 -2.709657e+01 6.762716e+00
    endloop
  endfacet
  facet normal 8.121616e-01 2.606858e-01 5.219544e-01
    outer loop
      vertex   7.650051e+00 -2.698351e+01 6.159200e+00
      vertex   7.731110e+00 -2.707640e+01 6.079465e+00
      vertex   7.616453e+00 -2.686244e+01 6.151012e+00
    endloop
  endfacet
  facet normal 8.146335e-01 2.638377e-01 5.164900e-01
    outer loop
      vertex   7.616453e+00 -2.686244e+01 6.151012e+00
      vertex   7.731110e+00 -2.707640e+01 6.079465e+00
      vertex   7.695668e+00 -2.695896e+01 6.075376e+00
    endloop
  endfacet
  facet normal 8.165166e-01 2.704069e-01 5.100791e-01
    outer loop
      vertex   7.616453e+00 -2.686244e+01 6.151012e+00
      vertex   7.695668e+00 -2.695896e+01 6.075376e+00
      vertex   7.584376e+00 -2.674946e+01 6.142463e+00
    endloop
  endfacet
  facet normal 8.190604e-01 2.736242e-01 5.042518e-01
    outer loop
      vertex   7.584376e+00 -2.674946e+01 6.142463e+00
      vertex   7.695668e+00 -2.695896e+01 6.075376e+00
      vertex   7.661719e+00 -2.684947e+01 6.071105e+00
    endloop
  endfacet
  facet normal 8.135323e-01 2.516034e-01 5.242718e-01
    outer loop
      vertex   7.650051e+00 -2.698351e+01 6.159200e+00
      vertex   7.489184e+00 -2.679733e+01 6.319476e+00
      vertex   7.684872e+00 -2.711239e+01 6.167018e+00
    endloop
  endfacet
  facet normal 8.106563e-01 2.465123e-01 5.311008e-01
    outer loop
      vertex   7.684872e+00 -2.711239e+01 6.167018e+00
      vertex   7.489184e+00 -2.679733e+01 6.319476e+00
      vertex   7.520394e+00 -2.693373e+01 6.335148e+00
    endloop
  endfacet
  facet normal 8.093872e-01 2.412761e-01 5.354234e-01
    outer loop
      vertex   7.684872e+00 -2.711239e+01 6.167018e+00
      vertex   7.520394e+00 -2.693373e+01 6.335148e+00
      vertex   7.720618e+00 -2.724881e+01 6.174457e+00
    endloop
  endfacet
  facet normal 8.066466e-01 2.363159e-01 5.417342e-01
    outer loop
      vertex   7.720618e+00 -2.724881e+01 6.174457e+00
      vertex   7.520394e+00 -2.693373e+01 6.335148e+00
      vertex   7.552613e+00 -2.707790e+01 6.350062e+00
    endloop
  endfacet
  facet normal 8.053854e-01 2.306616e-01 5.460308e-01
    outer loop
      vertex   7.720618e+00 -2.724881e+01 6.174457e+00
      vertex   7.552613e+00 -2.707790e+01 6.350062e+00
      vertex   7.756993e+00 -2.739251e+01 6.181508e+00
    endloop
  endfacet
  facet normal 8.027814e-01 2.258559e-01 5.518434e-01
    outer loop
      vertex   7.756993e+00 -2.739251e+01 6.181508e+00
      vertex   7.552613e+00 -2.707790e+01 6.350062e+00
      vertex   7.585557e+00 -2.722954e+01 6.364200e+00
    endloop
  endfacet
  facet normal 8.014095e-01 2.191833e-01 5.565083e-01
    outer loop
      vertex   7.756993e+00 -2.739251e+01 6.181508e+00
      vertex   7.585557e+00 -2.722954e+01 6.364200e+00
      vertex   7.797657e+00 -2.755985e+01 6.188856e+00
    endloop
  endfacet
  facet normal 7.987770e-01 2.145378e-01 5.620754e-01
    outer loop
      vertex   7.797657e+00 -2.755985e+01 6.188856e+00
      vertex   7.585557e+00 -2.722954e+01 6.364200e+00
      vertex   7.622549e+00 -2.740587e+01 6.378934e+00
    endloop
  endfacet
  facet normal 8.100765e-01 2.627297e-01 5.241653e-01
    outer loop
      vertex   7.695668e+00 -2.695896e+01 6.075376e+00
      vertex   7.731110e+00 -2.707640e+01 6.079465e+00
      vertex   7.805424e+00 -2.714699e+01 6.000000e+00
    endloop
  endfacet
  facet normal 8.089308e-01 2.555860e-01 5.294400e-01
    outer loop
      vertex   7.805424e+00 -2.714699e+01 6.000000e+00
      vertex   7.731110e+00 -2.707640e+01 6.079465e+00
      vertex   7.771796e+00 -2.712279e+01 6.039699e+00
    endloop
  endfacet
  facet normal 8.103209e-01 2.537021e-01 5.282189e-01
    outer loop
      vertex   7.731110e+00 -2.707640e+01 6.079465e+00
      vertex   7.650051e+00 -2.698351e+01 6.159200e+00
      vertex   7.767740e+00 -2.720152e+01 6.083369e+00
    endloop
  endfacet
  facet normal 8.079312e-01 2.506388e-01 5.333174e-01
    outer loop
      vertex   7.767740e+00 -2.720152e+01 6.083369e+00
      vertex   7.650051e+00 -2.698351e+01 6.159200e+00
      vertex   7.684872e+00 -2.711239e+01 6.167018e+00
    endloop
  endfacet
  facet normal 8.061410e-01 2.432577e-01 5.394093e-01
    outer loop
      vertex   7.767740e+00 -2.720152e+01 6.083369e+00
      vertex   7.684872e+00 -2.711239e+01 6.167018e+00
      vertex   7.805255e+00 -2.733408e+01 6.087084e+00
    endloop
  endfacet
  facet normal 8.038390e-01 2.402982e-01 5.441504e-01
    outer loop
      vertex   7.805255e+00 -2.733408e+01 6.087084e+00
      vertex   7.684872e+00 -2.711239e+01 6.167018e+00
      vertex   7.720618e+00 -2.724881e+01 6.174457e+00
    endloop
  endfacet
  facet normal 8.021051e-01 2.325300e-01 5.500520e-01
    outer loop
      vertex   7.805255e+00 -2.733408e+01 6.087084e+00
      vertex   7.720618e+00 -2.724881e+01 6.174457e+00
      vertex   7.843349e+00 -2.747382e+01 6.090606e+00
    endloop
  endfacet
  facet normal 7.998935e-01 2.296846e-01 5.544505e-01
    outer loop
      vertex   7.843349e+00 -2.747382e+01 6.090606e+00
      vertex   7.720618e+00 -2.724881e+01 6.174457e+00
      vertex   7.756993e+00 -2.739251e+01 6.181508e+00
    endloop
  endfacet
  facet normal 7.980947e-01 2.209413e-01 5.605621e-01
    outer loop
      vertex   7.843349e+00 -2.747382e+01 6.090606e+00
      vertex   7.756993e+00 -2.739251e+01 6.181508e+00
      vertex   7.885855e+00 -2.763667e+01 6.094275e+00
    endloop
  endfacet
  facet normal 7.958032e-01 2.181886e-01 5.648815e-01
    outer loop
      vertex   7.885855e+00 -2.763667e+01 6.094275e+00
      vertex   7.756993e+00 -2.739251e+01 6.181508e+00
      vertex   7.797657e+00 -2.755985e+01 6.188856e+00
    endloop
  endfacet
  facet normal 8.086876e-01 2.546809e-01 5.302471e-01
    outer loop
      vertex   7.771796e+00 -2.712279e+01 6.039699e+00
      vertex   7.731110e+00 -2.707640e+01 6.079465e+00
      vertex   7.809332e+00 -2.724604e+01 6.041650e+00
    endloop
  endfacet
  facet normal 8.065832e-01 2.527989e-01 5.343372e-01
    outer loop
      vertex   7.809332e+00 -2.724604e+01 6.041650e+00
      vertex   7.731110e+00 -2.707640e+01 6.079465e+00
      vertex   7.767740e+00 -2.720152e+01 6.083369e+00
    endloop
  endfacet
  facet normal 8.044937e-01 2.441854e-01 5.414457e-01
    outer loop
      vertex   7.809332e+00 -2.724604e+01 6.041650e+00
      vertex   7.767740e+00 -2.720152e+01 6.083369e+00
      vertex   7.847731e+00 -2.737667e+01 6.043506e+00
    endloop
  endfacet
  facet normal 8.024457e-01 2.423765e-01 5.452839e-01
    outer loop
      vertex   7.847731e+00 -2.737667e+01 6.043506e+00
      vertex   7.767740e+00 -2.720152e+01 6.083369e+00
      vertex   7.805255e+00 -2.733408e+01 6.087084e+00
    endloop
  endfacet
  facet normal 8.004433e-01 2.334079e-01 5.520971e-01
    outer loop
      vertex   7.847731e+00 -2.737667e+01 6.043506e+00
      vertex   7.805255e+00 -2.733408e+01 6.087084e+00
      vertex   7.886687e+00 -2.751443e+01 6.045266e+00
    endloop
  endfacet
  facet normal 7.984567e-01 2.316775e-01 5.556910e-01
    outer loop
      vertex   7.886687e+00 -2.751443e+01 6.045266e+00
      vertex   7.805255e+00 -2.733408e+01 6.087084e+00
      vertex   7.843349e+00 -2.747382e+01 6.090606e+00
    endloop
  endfacet
  facet normal 7.964180e-01 2.217703e-01 5.626156e-01
    outer loop
      vertex   7.886687e+00 -2.751443e+01 6.045266e+00
      vertex   7.843349e+00 -2.747382e+01 6.090606e+00
      vertex   7.930115e+00 -2.767504e+01 6.047099e+00
    endloop
  endfacet
  facet normal 7.943202e-01 2.200839e-01 5.662319e-01
    outer loop
      vertex   7.930115e+00 -2.767504e+01 6.047099e+00
      vertex   7.843349e+00 -2.747382e+01 6.090606e+00
      vertex   7.885855e+00 -2.763667e+01 6.094275e+00
    endloop
  endfacet
  facet normal 8.870726e-01 2.579253e-01 3.828535e-01
    outer loop
      vertex   7.908396e+00 -2.753472e+01 6.022624e+00
      vertex   7.805424e+00 -2.714699e+01 6.000000e+00
      vertex   7.869009e+00 -2.739795e+01 6.021744e+00
    endloop
  endfacet
  facet normal 8.362205e-01 2.539810e-01 4.860339e-01
    outer loop
      vertex   7.869009e+00 -2.739795e+01 6.021744e+00
      vertex   7.805424e+00 -2.714699e+01 6.000000e+00
      vertex   7.830166e+00 -2.726829e+01 6.020816e+00
    endloop
  endfacet
  facet normal 8.142232e-01 2.690464e-01 5.144459e-01
    outer loop
      vertex   7.695668e+00 -2.695896e+01 6.075376e+00
      vertex   7.805424e+00 -2.714699e+01 6.000000e+00
      vertex   7.735431e+00 -2.700717e+01 6.037655e+00
    endloop
  endfacet
  facet normal 8.128334e-01 2.675511e-01 5.174150e-01
    outer loop
      vertex   7.735431e+00 -2.700717e+01 6.037655e+00
      vertex   7.805424e+00 -2.714699e+01 6.000000e+00
      vertex   7.755351e+00 -2.703126e+01 6.018819e+00
    endloop
  endfacet
  facet normal 8.146409e-01 2.738901e-01 5.112186e-01
    outer loop
      vertex   7.735431e+00 -2.700717e+01 6.037655e+00
      vertex   7.755351e+00 -2.703126e+01 6.018819e+00
      vertex   7.700545e+00 -2.689943e+01 6.035521e+00
    endloop
  endfacet
  facet normal 8.166367e-01 2.752152e-01 5.073077e-01
    outer loop
      vertex   7.700545e+00 -2.689943e+01 6.035521e+00
      vertex   7.755351e+00 -2.703126e+01 6.018819e+00
      vertex   7.719997e+00 -2.692439e+01 6.017753e+00
    endloop
  endfacet
  facet normal 8.152605e-01 2.727039e-01 5.108649e-01
    outer loop
      vertex   7.661719e+00 -2.684947e+01 6.071105e+00
      vertex   7.695668e+00 -2.695896e+01 6.075376e+00
      vertex   7.735431e+00 -2.700717e+01 6.037655e+00
    endloop
  endfacet
  facet normal 8.174516e-01 2.747022e-01 5.062723e-01
    outer loop
      vertex   7.661719e+00 -2.684947e+01 6.071105e+00
      vertex   7.735431e+00 -2.700717e+01 6.037655e+00
      vertex   7.700545e+00 -2.689943e+01 6.035521e+00
    endloop
  endfacet
  facet normal 8.271310e-01 2.784957e-01 4.881541e-01
    outer loop
      vertex   7.719997e+00 -2.692439e+01 6.017753e+00
      vertex   7.755351e+00 -2.703126e+01 6.018819e+00
      vertex   7.805424e+00 -2.714699e+01 6.000000e+00
    endloop
  endfacet
  facet normal 8.929186e-01 3.526471e-01 2.798864e-01
    outer loop
      vertex   7.510831e+00 -2.634381e+01 6.007502e+00
      vertex   7.478826e+00 -2.625687e+01 6.000064e+00
      vertex   7.494016e+00 -2.629980e+01 6.005689e+00
    endloop
  endfacet
  facet normal 8.706636e-01 3.292292e-01 3.654492e-01
    outer loop
      vertex   7.043614e+00 -2.533084e+01 6.187314e+00
      vertex   7.280736e+00 -2.588474e+01 6.121384e+00
      vertex   7.273045e+00 -2.583212e+01 6.092301e+00
    endloop
  endfacet
  facet normal 8.628037e-01 3.352373e-01 3.783990e-01
    outer loop
      vertex   7.273045e+00 -2.583212e+01 6.092301e+00
      vertex   7.280736e+00 -2.588474e+01 6.121384e+00
      vertex   7.402749e+00 -2.612986e+01 6.060331e+00
    endloop
  endfacet
  facet normal 8.662028e-01 3.378127e-01 3.682055e-01
    outer loop
      vertex   7.273045e+00 -2.583212e+01 6.092301e+00
      vertex   7.402749e+00 -2.612986e+01 6.060331e+00
      vertex   7.390190e+00 -2.608183e+01 6.045811e+00
    endloop
  endfacet
  facet normal 8.606837e-01 3.397058e-01 3.792408e-01
    outer loop
      vertex   7.390190e+00 -2.608183e+01 6.045811e+00
      vertex   7.402749e+00 -2.612986e+01 6.060331e+00
      vertex   7.464359e+00 -2.625218e+01 6.030075e+00
    endloop
  endfacet
  facet normal 8.637223e-01 3.418551e-01 3.702956e-01
    outer loop
      vertex   7.390190e+00 -2.608183e+01 6.045811e+00
      vertex   7.464359e+00 -2.625218e+01 6.030075e+00
      vertex   7.449368e+00 -2.620644e+01 6.022820e+00
    endloop
  endfacet
  facet normal 8.596513e-01 3.419860e-01 3.795330e-01
    outer loop
      vertex   7.449368e+00 -2.620644e+01 6.022820e+00
      vertex   7.464359e+00 -2.625218e+01 6.030075e+00
      vertex   7.495316e+00 -2.631328e+01 6.015015e+00
    endloop
  endfacet
  facet normal 8.622939e-01 3.436777e-01 3.719339e-01
    outer loop
      vertex   7.449368e+00 -2.620644e+01 6.022820e+00
      vertex   7.495316e+00 -2.631328e+01 6.015015e+00
      vertex   7.479108e+00 -2.626869e+01 6.011389e+00
    endloop
  endfacet
  facet normal 8.591587e-01 3.431606e-01 3.795881e-01
    outer loop
      vertex   7.479108e+00 -2.626869e+01 6.011389e+00
      vertex   7.495316e+00 -2.631328e+01 6.015015e+00
      vertex   7.510831e+00 -2.634381e+01 6.007502e+00
    endloop
  endfacet
  facet normal 8.614706e-01 3.444722e-01 3.731050e-01
    outer loop
      vertex   7.479108e+00 -2.626869e+01 6.011389e+00
      vertex   7.510831e+00 -2.634381e+01 6.007502e+00
      vertex   7.494016e+00 -2.629980e+01 6.005689e+00
    endloop
  endfacet
  facet normal 9.321857e-01 3.436701e-01 -1.136695e-01
    outer loop
      vertex   7.478826e+00 -2.625687e+01 6.000064e+00
      vertex   7.559151e+00 -2.647113e+01 6.010993e+00
      vertex   7.589967e+00 -2.655417e+01 6.012659e+00
    endloop
  endfacet
  facet normal 8.424024e-01 3.213114e-01 4.325705e-01
    outer loop
      vertex   7.589967e+00 -2.655417e+01 6.012659e+00
      vertex   7.559151e+00 -2.647113e+01 6.010993e+00
      vertex   7.542395e+00 -2.644202e+01 6.021999e+00
    endloop
  endfacet
  facet normal 8.399129e-01 3.197600e-01 4.385200e-01
    outer loop
      vertex   7.589967e+00 -2.655417e+01 6.012659e+00
      vertex   7.542395e+00 -2.644202e+01 6.021999e+00
      vertex   7.572585e+00 -2.652589e+01 6.025332e+00
    endloop
  endfacet
  facet normal 8.432186e-01 3.206691e-01 4.314554e-01
    outer loop
      vertex   7.572585e+00 -2.652589e+01 6.025332e+00
      vertex   7.542395e+00 -2.644202e+01 6.021999e+00
      vertex   7.508958e+00 -2.638376e+01 6.044048e+00
    endloop
  endfacet
  facet normal 8.358566e-01 3.110981e-01 4.522849e-01
    outer loop
      vertex   7.572585e+00 -2.652589e+01 6.025332e+00
      vertex   7.624708e+00 -2.664984e+01 6.014263e+00
      vertex   7.589967e+00 -2.655417e+01 6.012659e+00
    endloop
  endfacet
  facet normal 8.764077e-01 3.120965e-01 -3.667497e-01
    outer loop
      vertex   7.589967e+00 -2.655417e+01 6.012659e+00
      vertex   7.624708e+00 -2.664984e+01 6.014263e+00
      vertex   7.478826e+00 -2.625687e+01 6.000064e+00
    endloop
  endfacet
  facet normal 8.519086e-01 2.770026e-01 4.444337e-01
    outer loop
      vertex   6.540232e+00 -2.490831e+01 6.940769e+00
      vertex   7.078331e+00 -2.579720e+01 6.463340e+00
      vertex   6.544608e+00 -2.475491e+01 6.836773e+00
    endloop
  endfacet
  facet normal 8.571836e-01 2.853225e-01 4.287510e-01
    outer loop
      vertex   6.544608e+00 -2.475491e+01 6.836773e+00
      vertex   7.078331e+00 -2.579720e+01 6.463340e+00
      vertex   7.062898e+00 -2.567322e+01 6.411686e+00
    endloop
  endfacet
  facet normal 8.612526e-01 2.943235e-01 4.142676e-01
    outer loop
      vertex   6.544608e+00 -2.475491e+01 6.836773e+00
      vertex   7.062898e+00 -2.567322e+01 6.411686e+00
      vertex   7.051450e+00 -2.556419e+01 6.358023e+00
    endloop
  endfacet
  facet normal 8.482979e-01 3.028532e-01 4.343623e-01
    outer loop
      vertex   7.051450e+00 -2.556419e+01 6.358023e+00
      vertex   7.062898e+00 -2.567322e+01 6.411686e+00
      vertex   7.331887e+00 -2.612901e+01 6.204148e+00
    endloop
  endfacet
  facet normal 8.530197e-01 3.089450e-01 4.206071e-01
    outer loop
      vertex   7.051450e+00 -2.556419e+01 6.358023e+00
      vertex   7.331887e+00 -2.612901e+01 6.204148e+00
      vertex   7.310452e+00 -2.603341e+01 6.177404e+00
    endloop
  endfacet
  facet normal 8.436886e-01 3.114993e-01 4.372159e-01
    outer loop
      vertex   7.310452e+00 -2.603341e+01 6.177404e+00
      vertex   7.331887e+00 -2.612901e+01 6.204148e+00
      vertex   7.468822e+00 -2.635602e+01 6.101648e+00
    endloop
  endfacet
  facet normal 8.469451e-01 2.999454e-01 4.389951e-01
    outer loop
      vertex   7.331887e+00 -2.612901e+01 6.204148e+00
      vertex   7.062898e+00 -2.567322e+01 6.411686e+00
      vertex   7.357272e+00 -2.623835e+01 6.229887e+00
    endloop
  endfacet
  facet normal 8.422985e-01 2.932605e-01 4.522516e-01
    outer loop
      vertex   7.357272e+00 -2.623835e+01 6.229887e+00
      vertex   7.062898e+00 -2.567322e+01 6.411686e+00
      vertex   7.078331e+00 -2.579720e+01 6.463340e+00
    endloop
  endfacet
  facet normal 8.415063e-01 2.913197e-01 4.549725e-01
    outer loop
      vertex   7.357272e+00 -2.623835e+01 6.229887e+00
      vertex   7.078331e+00 -2.579720e+01 6.463340e+00
      vertex   7.379794e+00 -2.633379e+01 6.249342e+00
    endloop
  endfacet
  facet normal 8.372887e-01 2.840884e-01 4.671632e-01
    outer loop
      vertex   7.379794e+00 -2.633379e+01 6.249342e+00
      vertex   7.078331e+00 -2.579720e+01 6.463340e+00
      vertex   7.093092e+00 -2.590492e+01 6.502389e+00
    endloop
  endfacet
  facet normal 8.369897e-01 2.832853e-01 4.681856e-01
    outer loop
      vertex   7.379794e+00 -2.633379e+01 6.249342e+00
      vertex   7.093092e+00 -2.590492e+01 6.502389e+00
      vertex   7.404398e+00 -2.643739e+01 6.268041e+00
    endloop
  endfacet
  facet normal 8.521461e-01 2.775872e-01 4.436130e-01
    outer loop
      vertex   7.078331e+00 -2.579720e+01 6.463340e+00
      vertex   6.540232e+00 -2.490831e+01 6.940769e+00
      vertex   7.093092e+00 -2.590492e+01 6.502389e+00
    endloop
  endfacet
  facet normal 8.413311e-01 3.064476e-01 4.452548e-01
    outer loop
      vertex   7.468822e+00 -2.635602e+01 6.101648e+00
      vertex   7.331887e+00 -2.612901e+01 6.204148e+00
      vertex   7.499193e+00 -2.645807e+01 6.114495e+00
    endloop
  endfacet
  facet normal 8.374922e-01 3.016677e-01 4.556351e-01
    outer loop
      vertex   7.499193e+00 -2.645807e+01 6.114495e+00
      vertex   7.331887e+00 -2.612901e+01 6.204148e+00
      vertex   7.357272e+00 -2.623835e+01 6.229887e+00
    endloop
  endfacet
  facet normal 8.357156e-01 2.973310e-01 4.617074e-01
    outer loop
      vertex   7.499193e+00 -2.645807e+01 6.114495e+00
      vertex   7.357272e+00 -2.623835e+01 6.229887e+00
      vertex   7.525606e+00 -2.654739e+01 6.124205e+00
    endloop
  endfacet
  facet normal 8.323691e-01 2.923931e-01 4.708163e-01
    outer loop
      vertex   7.525606e+00 -2.654739e+01 6.124205e+00
      vertex   7.357272e+00 -2.623835e+01 6.229887e+00
      vertex   7.379794e+00 -2.633379e+01 6.249342e+00
    endloop
  endfacet
  facet normal 8.310972e-01 2.889885e-01 4.751454e-01
    outer loop
      vertex   7.525606e+00 -2.654739e+01 6.124205e+00
      vertex   7.379794e+00 -2.633379e+01 6.249342e+00
      vertex   7.554057e+00 -2.664455e+01 6.133536e+00
    endloop
  endfacet
  facet normal 8.278359e-01 2.839313e-01 4.838086e-01
    outer loop
      vertex   7.554057e+00 -2.664455e+01 6.133536e+00
      vertex   7.379794e+00 -2.633379e+01 6.249342e+00
      vertex   7.404398e+00 -2.643739e+01 6.268041e+00
    endloop
  endfacet
  facet normal 8.351466e-01 3.060847e-01 4.569928e-01
    outer loop
      vertex   7.468822e+00 -2.635602e+01 6.101648e+00
      vertex   7.499193e+00 -2.645807e+01 6.114495e+00
      vertex   7.570764e+00 -2.656771e+01 6.057135e+00
    endloop
  endfacet
  facet normal 8.326222e-01 2.999365e-01 4.655947e-01
    outer loop
      vertex   7.570764e+00 -2.656771e+01 6.057135e+00
      vertex   7.499193e+00 -2.645807e+01 6.114495e+00
      vertex   7.599124e+00 -2.665397e+01 6.061985e+00
    endloop
  endfacet
  facet normal 8.288010e-01 2.990908e-01 4.728992e-01
    outer loop
      vertex   7.570764e+00 -2.656771e+01 6.057135e+00
      vertex   7.599124e+00 -2.665397e+01 6.061985e+00
      vertex   7.636036e+00 -2.670720e+01 6.030963e+00
    endloop
  endfacet
  facet normal 8.263676e-01 2.925965e-01 4.811486e-01
    outer loop
      vertex   7.636036e+00 -2.670720e+01 6.030963e+00
      vertex   7.599124e+00 -2.665397e+01 6.061985e+00
      vertex   7.667378e+00 -2.679955e+01 6.033293e+00
    endloop
  endfacet
  facet normal 8.235929e-01 2.917865e-01 4.863695e-01
    outer loop
      vertex   7.636036e+00 -2.670720e+01 6.030963e+00
      vertex   7.667378e+00 -2.679955e+01 6.033293e+00
      vertex   7.686354e+00 -2.682535e+01 6.016639e+00
    endloop
  endfacet
  facet normal 8.299678e-01 2.967834e-01 4.723061e-01
    outer loop
      vertex   7.599124e+00 -2.665397e+01 6.061985e+00
      vertex   7.499193e+00 -2.645807e+01 6.114495e+00
      vertex   7.525606e+00 -2.654739e+01 6.124205e+00
    endloop
  endfacet
  facet normal 8.641278e-01 3.038627e-01 4.011865e-01
    outer loop
      vertex   7.044250e+00 -2.547053e+01 6.302595e+00
      vertex   6.544608e+00 -2.475491e+01 6.836773e+00
      vertex   7.051450e+00 -2.556419e+01 6.358023e+00
    endloop
  endfacet
  facet normal 8.253792e-01 2.883009e-01 4.854192e-01
    outer loop
      vertex   7.525606e+00 -2.654739e+01 6.124205e+00
      vertex   7.554057e+00 -2.664455e+01 6.133536e+00
      vertex   7.629502e+00 -2.674792e+01 6.066647e+00
    endloop
  endfacet
  facet normal 8.279820e-01 2.914783e-01 4.790472e-01
    outer loop
      vertex   7.525606e+00 -2.654739e+01 6.124205e+00
      vertex   7.629502e+00 -2.674792e+01 6.066647e+00
      vertex   7.599124e+00 -2.665397e+01 6.061985e+00
    endloop
  endfacet
  facet normal 8.241809e-01 2.905985e-01 4.860847e-01
    outer loop
      vertex   7.599124e+00 -2.665397e+01 6.061985e+00
      vertex   7.629502e+00 -2.674792e+01 6.066647e+00
      vertex   7.667378e+00 -2.679955e+01 6.033293e+00
    endloop
  endfacet
  facet normal 8.473324e-01 1.663226e-01 5.043456e-01
    outer loop
      vertex   5.355994e+00 -2.520656e+01 9.162708e+00
      vertex   5.967732e+00 -2.584265e+01 8.344719e+00
      vertex   5.368849e+00 -2.490241e+01 9.040808e+00
    endloop
  endfacet
  facet normal 8.497051e-01 1.723019e-01 4.983104e-01
    outer loop
      vertex   5.368849e+00 -2.490241e+01 9.040808e+00
      vertex   5.967732e+00 -2.584265e+01 8.344719e+00
      vertex   5.966665e+00 -2.557535e+01 8.254115e+00
    endloop
  endfacet
  facet normal 8.515957e-01 1.817140e-01 4.916959e-01
    outer loop
      vertex   5.368849e+00 -2.490241e+01 9.040808e+00
      vertex   5.966665e+00 -2.557535e+01 8.254115e+00
      vertex   5.967326e+00 -2.534345e+01 8.167267e+00
    endloop
  endfacet
  facet normal 8.679109e-01 1.073504e-01 4.849810e-01
    outer loop
      vertex   4.695054e+00 -2.603802e+01 1.051111e+01
      vertex   4.711019e+00 -2.565540e+01 1.039785e+01
      vertex   4.122523e+00 -2.512519e+01 1.133364e+01
    endloop
  endfacet
  facet normal 8.685760e-01 1.120935e-01 4.827119e-01
    outer loop
      vertex   4.122523e+00 -2.512519e+01 1.133364e+01
      vertex   4.711019e+00 -2.565540e+01 1.039785e+01
      vertex   4.152169e+00 -2.471234e+01 1.118443e+01
    endloop
  endfacet
  facet normal 7.810694e-01 1.696844e-01 6.009474e-01
    outer loop
      vertex   8.098316e+00 -2.839460e+01 6.053190e+00
      vertex   8.057934e+00 -2.820398e+01 6.051851e+00
      vertex   8.011153e+00 -2.817257e+01 6.103785e+00
    endloop
  endfacet
  facet normal 7.827416e-01 1.815514e-01 5.952769e-01
    outer loop
      vertex   8.011153e+00 -2.817257e+01 6.103785e+00
      vertex   8.057934e+00 -2.820398e+01 6.051851e+00
      vertex   7.970206e+00 -2.798645e+01 6.100863e+00
    endloop
  endfacet
  facet normal 7.793603e-01 1.684286e-01 6.035142e-01
    outer loop
      vertex   8.098316e+00 -2.839460e+01 6.053190e+00
      vertex   8.011153e+00 -2.817257e+01 6.103785e+00
      vertex   8.050786e+00 -2.836557e+01 6.106466e+00
    endloop
  endfacet
  facet normal 8.790430e-01 8.484487e-02 4.691319e-01
    outer loop
      vertex   3.495130e+00 -2.552540e+01 1.259562e+01
      vertex   4.072229e+00 -2.597880e+01 1.159628e+01
      vertex   3.528423e+00 -2.505372e+01 1.244793e+01
    endloop
  endfacet
  facet normal 8.799666e-01 8.742219e-02 4.669220e-01
    outer loop
      vertex   3.528423e+00 -2.505372e+01 1.244793e+01
      vertex   4.072229e+00 -2.597880e+01 1.159628e+01
      vertex   4.095928e+00 -2.554760e+01 1.147088e+01
    endloop
  endfacet
  facet normal 8.649363e-01 9.573495e-02 4.926662e-01
    outer loop
      vertex   4.072229e+00 -2.597880e+01 1.159628e+01
      vertex   4.681236e+00 -2.642900e+01 1.061457e+01
      vertex   4.095928e+00 -2.554760e+01 1.147088e+01
    endloop
  endfacet
  facet normal 7.778428e-01 1.564989e-01 6.086614e-01
    outer loop
      vertex   8.137002e+00 -2.859163e+01 6.054411e+00
      vertex   8.098316e+00 -2.839460e+01 6.053190e+00
      vertex   8.050786e+00 -2.836557e+01 6.106466e+00
    endloop
  endfacet
  facet normal 7.762380e-01 1.553482e-01 6.110005e-01
    outer loop
      vertex   8.137002e+00 -2.859163e+01 6.054411e+00
      vertex   8.050786e+00 -2.836557e+01 6.106466e+00
      vertex   8.088773e+00 -2.856499e+01 6.108910e+00
    endloop
  endfacet
  facet normal 8.544718e-01 3.116648e-01 4.156236e-01
    outer loop
      vertex   7.051450e+00 -2.556419e+01 6.358023e+00
      vertex   7.310452e+00 -2.603341e+01 6.177404e+00
      vertex   7.044250e+00 -2.547053e+01 6.302595e+00
    endloop
  endfacet
  facet normal 9.982575e-01 -9.313618e-05 5.900853e-02
    outer loop
      vertex   7.080708e-02 -3.265000e+01 2.109806e+01
      vertex   7.077722e-02 -3.176850e+01 2.109996e+01
      vertex   2.190417e-02 -3.265000e+01 2.192536e+01
    endloop
  endfacet
  facet normal 9.982534e-01 -2.867707e-05 5.907713e-02
    outer loop
      vertex   2.190417e-02 -3.265000e+01 2.192536e+01
      vertex   7.077722e-02 -3.176850e+01 2.109996e+01
      vertex   7.076855e-02 -3.093149e+01 2.110051e+01
    endloop
  endfacet
  facet normal 9.982449e-01 4.061169e-05 5.922098e-02
    outer loop
      vertex   2.190417e-02 -3.265000e+01 2.192536e+01
      vertex   7.076855e-02 -3.093149e+01 2.110051e+01
      vertex   7.078090e-02 -3.009262e+01 2.109973e+01
    endloop
  endfacet
  facet normal 9.998207e-01 7.666018e-06 1.893600e-02
    outer loop
      vertex   7.081408e-02 -2.920539e+01 2.109761e+01
      vertex   7.095630e-02 -2.465000e+01 2.108826e+01
      vertex   7.078090e-02 -3.009262e+01 2.109973e+01
    endloop
  endfacet
  facet normal 9.983167e-01 8.999689e-05 5.799809e-02
    outer loop
      vertex   7.078090e-02 -3.009262e+01 2.109973e+01
      vertex   7.095630e-02 -2.465000e+01 2.108826e+01
      vertex   2.287788e-02 -2.465000e+01 2.191583e+01
    endloop
  endfacet
  facet normal 9.982617e-01 -5.131169e-05 5.893725e-02
    outer loop
      vertex   7.078090e-02 -3.009262e+01 2.109973e+01
      vertex   2.287788e-02 -2.465000e+01 2.191583e+01
      vertex   2.190417e-02 -3.265000e+01 2.192536e+01
    endloop
  endfacet
  facet normal 9.895548e-01 5.124020e-05 1.441573e-01
    outer loop
      vertex   2.190417e-02 -3.265000e+01 2.192536e+01
      vertex   2.287788e-02 -2.465000e+01 2.191583e+01
      vertex   -9.662356e-02 -2.465000e+01 2.273614e+01
    endloop
  endfacet
  facet normal 9.894117e-01 -5.004856e-05 1.451358e-01
    outer loop
      vertex   2.190417e-02 -3.265000e+01 2.192536e+01
      vertex   -9.662356e-02 -2.465000e+01 2.273614e+01
      vertex   -9.837613e-02 -3.265000e+01 2.274533e+01
    endloop
  endfacet
  facet normal 9.733710e-01 5.006216e-05 2.292353e-01
    outer loop
      vertex   -9.837613e-02 -3.265000e+01 2.274533e+01
      vertex   -9.662356e-02 -2.465000e+01 2.273614e+01
      vertex   -2.866518e-01 -2.465000e+01 2.354303e+01
    endloop
  endfacet
  facet normal 9.731492e-01 -4.887020e-05 2.301751e-01
    outer loop
      vertex   -9.837613e-02 -3.265000e+01 2.274533e+01
      vertex   -2.866518e-01 -2.465000e+01 2.354303e+01
      vertex   -2.891322e-01 -3.265000e+01 2.355182e+01
    endloop
  endfacet
  facet normal 9.498868e-01 4.888347e-05 3.125940e-01
    outer loop
      vertex   -2.891322e-01 -3.265000e+01 2.355182e+01
      vertex   -2.866518e-01 -2.465000e+01 2.354303e+01
      vertex   -5.457815e-01 -2.465000e+01 2.433045e+01
    endloop
  endfacet
  facet normal 9.495918e-01 -4.769119e-05 3.134890e-01
    outer loop
      vertex   -2.891322e-01 -3.265000e+01 2.355182e+01
      vertex   -5.457815e-01 -2.465000e+01 2.433045e+01
      vertex   -5.489341e-01 -3.265000e+01 2.433879e+01
    endloop
  endfacet
  facet normal 9.192783e-01 4.770413e-05 3.936082e-01
    outer loop
      vertex   -5.489341e-01 -3.265000e+01 2.433879e+01
      vertex   -5.457815e-01 -2.465000e+01 2.433045e+01
      vertex   -8.720691e-01 -2.465000e+01 2.509250e+01
    endloop
  endfacet
  facet normal 9.189161e-01 -4.651153e-05 3.944530e-01
    outer loop
      vertex   -5.489341e-01 -3.265000e+01 2.433879e+01
      vertex   -8.720691e-01 -2.465000e+01 2.509250e+01
      vertex   -8.758342e-01 -3.265000e+01 2.510033e+01
    endloop
  endfacet
  facet normal 8.817750e-01 4.652415e-05 4.716703e-01
    outer loop
      vertex   -8.758342e-01 -3.265000e+01 2.510033e+01
      vertex   -8.720691e-01 -2.465000e+01 2.509250e+01
      vertex   -1.263068e+00 -2.465000e+01 2.582346e+01
    endloop
  endfacet
  facet normal 8.813521e-01 -4.533122e-05 4.724600e-01
    outer loop
      vertex   -8.758342e-01 -3.265000e+01 2.510033e+01
      vertex   -1.263068e+00 -2.465000e+01 2.582346e+01
      vertex   -1.267382e+00 -3.265000e+01 2.583074e+01
    endloop
  endfacet
  facet normal 8.376582e-01 4.534352e-05 5.461947e-01
    outer loop
      vertex   -1.267382e+00 -3.265000e+01 2.583074e+01
      vertex   -1.263068e+00 -2.465000e+01 2.582346e+01
      vertex   -1.715844e+00 -2.465000e+01 2.651785e+01
    endloop
  endfacet
  facet normal 8.371813e-01 -4.415027e-05 5.469254e-01
    outer loop
      vertex   -1.267382e+00 -3.265000e+01 2.583074e+01
      vertex   -1.715844e+00 -2.465000e+01 2.651785e+01
      vertex   -1.720643e+00 -3.265000e+01 2.652455e+01
    endloop
  endfacet
  facet normal 7.872589e-01 4.416224e-05 6.166226e-01
    outer loop
      vertex   -1.720643e+00 -3.265000e+01 2.652455e+01
      vertex   -1.715844e+00 -2.465000e+01 2.651785e+01
      vertex   -2.227003e+00 -2.465000e+01 2.717046e+01
    endloop
  endfacet
  facet normal 7.867349e-01 -4.296867e-05 6.172910e-01
    outer loop
      vertex   -1.720643e+00 -3.265000e+01 2.652455e+01
      vertex   -2.227003e+00 -2.465000e+01 2.717046e+01
      vertex   -2.232219e+00 -3.265000e+01 2.717655e+01
    endloop
  endfacet
  facet normal 7.309549e-01 4.298032e-05 6.824257e-01
    outer loop
      vertex   -2.232219e+00 -3.265000e+01 2.717655e+01
      vertex   -2.227003e+00 -2.465000e+01 2.717046e+01
      vertex   -2.792711e+00 -2.465000e+01 2.777640e+01
    endloop
  endfacet
  facet normal 7.303910e-01 -4.178642e-05 6.830293e-01
    outer loop
      vertex   -2.232219e+00 -3.265000e+01 2.717655e+01
      vertex   -2.792711e+00 -2.465000e+01 2.777640e+01
      vertex   -2.798274e+00 -3.265000e+01 2.778186e+01
    endloop
  endfacet
  facet normal 6.691687e-01 4.179775e-05 7.431105e-01
    outer loop
      vertex   -2.798274e+00 -3.265000e+01 2.778186e+01
      vertex   -2.792711e+00 -2.465000e+01 2.777640e+01
      vertex   -3.408724e+00 -2.465000e+01 2.833112e+01
    endloop
  endfacet
  facet normal 6.685719e-01 -4.060353e-05 7.436475e-01
    outer loop
      vertex   -2.798274e+00 -3.265000e+01 2.778186e+01
      vertex   -3.408724e+00 -2.465000e+01 2.833112e+01
      vertex   -3.414567e+00 -3.265000e+01 2.833594e+01
    endloop
  endfacet
  facet normal 6.023636e-01 4.061453e-05 7.982219e-01
    outer loop
      vertex   -3.414567e+00 -3.265000e+01 2.833594e+01
      vertex   -3.408724e+00 -2.465000e+01 2.833112e+01
      vertex   -4.070422e+00 -2.465000e+01 2.883046e+01
    endloop
  endfacet
  facet normal 6.017412e-01 -3.941998e-05 7.986912e-01
    outer loop
      vertex   -3.414567e+00 -3.265000e+01 2.833594e+01
      vertex   -4.070422e+00 -2.465000e+01 2.883046e+01
      vertex   -4.076477e+00 -3.265000e+01 2.883462e+01
    endloop
  endfacet
  facet normal 5.310406e-01 3.943066e-05 8.473464e-01
    outer loop
      vertex   -4.076477e+00 -3.265000e+01 2.883462e+01
      vertex   -4.070422e+00 -2.465000e+01 2.883046e+01
      vertex   -4.772843e+00 -2.465000e+01 2.927067e+01
    endloop
  endfacet
  facet normal 5.303997e-01 -3.823579e-05 8.477477e-01
    outer loop
      vertex   -4.076477e+00 -3.265000e+01 2.883462e+01
      vertex   -4.772843e+00 -2.465000e+01 2.927067e+01
      vertex   -4.779042e+00 -3.265000e+01 2.927419e+01
    endloop
  endfacet
  facet normal 4.557347e-01 3.824615e-05 8.901156e-01
    outer loop
      vertex   -4.779042e+00 -3.265000e+01 2.927419e+01
      vertex   -4.772843e+00 -2.465000e+01 2.927067e+01
      vertex   -5.510718e+00 -2.465000e+01 2.964846e+01
    endloop
  endfacet
  facet normal 4.550822e-01 -3.705096e-05 8.904494e-01
    outer loop
      vertex   -4.779042e+00 -3.265000e+01 2.927419e+01
      vertex   -5.510718e+00 -2.465000e+01 2.964846e+01
      vertex   -5.516996e+00 -3.265000e+01 2.965134e+01
    endloop
  endfacet
  facet normal 3.770108e-01 3.706099e-05 9.262089e-01
    outer loop
      vertex   -5.516996e+00 -3.265000e+01 2.965134e+01
      vertex   -5.510718e+00 -2.465000e+01 2.964846e+01
      vertex   -6.278514e+00 -2.465000e+01 2.996099e+01
    endloop
  endfacet
  facet normal 3.763534e-01 -3.586547e-05 9.264762e-01
    outer loop
      vertex   -5.516996e+00 -3.265000e+01 2.965134e+01
      vertex   -6.278514e+00 -2.465000e+01 2.996099e+01
      vertex   -6.284806e+00 -3.265000e+01 2.996324e+01
    endloop
  endfacet
  facet normal 2.954592e-01 3.587518e-05 9.553554e-01
    outer loop
      vertex   -6.284806e+00 -3.265000e+01 2.996324e+01
      vertex   -6.278514e+00 -2.465000e+01 2.996099e+01
      vertex   -7.070470e+00 -2.465000e+01 3.020591e+01
    endloop
  endfacet
  facet normal 2.948033e-01 -3.467934e-05 9.555579e-01
    outer loop
      vertex   -6.284806e+00 -3.265000e+01 2.996324e+01
      vertex   -7.070470e+00 -2.465000e+01 3.020591e+01
      vertex   -7.076718e+00 -3.265000e+01 3.020755e+01
    endloop
  endfacet
  facet normal 2.116916e-01 3.468873e-05 9.773365e-01
    outer loop
      vertex   -7.076718e+00 -3.265000e+01 3.020755e+01
      vertex   -7.070470e+00 -2.465000e+01 3.020591e+01
      vertex   -7.880649e+00 -2.465000e+01 3.038140e+01
    endloop
  endfacet
  facet normal 2.110434e-01 -3.349256e-05 9.774767e-01
    outer loop
      vertex   -7.076718e+00 -3.265000e+01 3.020755e+01
      vertex   -7.880649e+00 -2.465000e+01 3.038140e+01
      vertex   -7.886795e+00 -3.265000e+01 3.038245e+01
    endloop
  endfacet
  facet normal 1.263363e-01 3.350162e-05 9.919875e-01
    outer loop
      vertex   -7.886795e+00 -3.265000e+01 3.038245e+01
      vertex   -7.880649e+00 -2.465000e+01 3.038140e+01
      vertex   -8.702972e+00 -2.465000e+01 3.048613e+01
    endloop
  endfacet
  facet normal 1.257015e-01 -3.230514e-05 9.920681e-01
    outer loop
      vertex   -7.886795e+00 -3.265000e+01 3.038245e+01
      vertex   -8.702972e+00 -2.465000e+01 3.048613e+01
      vertex   -8.708965e+00 -3.265000e+01 3.048663e+01
    endloop
  endfacet
  facet normal 4.003338e-02 3.231388e-05 9.991983e-01
    outer loop
      vertex   -8.708965e+00 -3.265000e+01 3.048663e+01
      vertex   -8.702972e+00 -2.465000e+01 3.048613e+01
      vertex   -9.531273e+00 -2.465000e+01 3.051931e+01
    endloop
  endfacet
  facet normal 3.941725e-02 -3.111707e-05 9.992228e-01
    outer loop
      vertex   -8.708965e+00 -3.265000e+01 3.048663e+01
      vertex   -9.531273e+00 -2.465000e+01 3.051931e+01
      vertex   -9.537064e+00 -3.265000e+01 3.051929e+01
    endloop
  endfacet
  facet normal -4.656975e-02 3.112548e-05 9.989150e-01
    outer loop
      vertex   -9.537064e+00 -3.265000e+01 3.051929e+01
      vertex   -9.531273e+00 -2.465000e+01 3.051931e+01
      vertex   -1.035934e+01 -2.465000e+01 3.048071e+01
    endloop
  endfacet
  facet normal -4.716245e-02 -2.992835e-05 9.988872e-01
    outer loop
      vertex   -9.537064e+00 -3.265000e+01 3.051929e+01
      vertex   -1.035934e+01 -2.465000e+01 3.048071e+01
      vertex   -1.036488e+01 -3.265000e+01 3.048021e+01
    endloop
  endfacet
  facet normal -1.328236e-01 2.993644e-05 9.911397e-01
    outer loop
      vertex   -1.036488e+01 -3.265000e+01 3.048021e+01
      vertex   -1.035934e+01 -2.465000e+01 3.048071e+01
      vertex   -1.118096e+01 -2.465000e+01 3.037060e+01
    endloop
  endfacet
  facet normal -1.333886e-01 -2.873898e-05 9.910638e-01
    outer loop
      vertex   -1.036488e+01 -3.265000e+01 3.048021e+01
      vertex   -1.118096e+01 -2.465000e+01 3.037060e+01
      vertex   -1.118622e+01 -3.265000e+01 3.036966e+01
    endloop
  endfacet
  facet normal -2.180812e-01 2.874674e-05 9.759306e-01
    outer loop
      vertex   -1.118622e+01 -3.265000e+01 3.036966e+01
      vertex   -1.118096e+01 -2.465000e+01 3.037060e+01
      vertex   -1.198997e+01 -2.465000e+01 3.018982e+01
    endloop
  endfacet
  facet normal -2.186149e-01 -2.754896e-05 9.758112e-01
    outer loop
      vertex   -1.118622e+01 -3.265000e+01 3.036966e+01
      vertex   -1.198997e+01 -2.465000e+01 3.018982e+01
      vertex   -1.199492e+01 -3.265000e+01 3.018849e+01
    endloop
  endfacet
  facet normal -3.017032e-01 2.755641e-05 9.534019e-01
    outer loop
      vertex   -1.199492e+01 -3.265000e+01 3.018849e+01
      vertex   -1.198997e+01 -2.465000e+01 3.018982e+01
      vertex   -1.278031e+01 -2.465000e+01 2.993972e+01
    endloop
  endfacet
  facet normal -3.022024e-01 -2.635830e-05 9.532438e-01
    outer loop
      vertex   -1.199492e+01 -3.265000e+01 3.018849e+01
      vertex   -1.278031e+01 -2.465000e+01 2.993972e+01
      vertex   -1.278491e+01 -3.265000e+01 2.993804e+01
    endloop
  endfacet
  facet normal -3.830624e-01 2.636542e-05 9.237225e-01
    outer loop
      vertex   -1.278491e+01 -3.265000e+01 2.993804e+01
      vertex   -1.278031e+01 -2.465000e+01 2.993972e+01
      vertex   -1.354604e+01 -2.465000e+01 2.962217e+01
    endloop
  endfacet
  facet normal -3.835245e-01 -2.516699e-05 9.235307e-01
    outer loop
      vertex   -1.278491e+01 -3.265000e+01 2.993804e+01
      vertex   -1.354604e+01 -2.465000e+01 2.962217e+01
      vertex   -1.355028e+01 -3.265000e+01 2.962020e+01
    endloop
  endfacet
  facet normal -4.615486e-01 2.517379e-05 8.871150e-01
    outer loop
      vertex   -1.355028e+01 -3.265000e+01 2.962020e+01
      vertex   -1.354604e+01 -2.465000e+01 2.962217e+01
      vertex   -1.428143e+01 -2.465000e+01 2.923957e+01
    endloop
  endfacet
  facet normal -4.619717e-01 -2.397504e-05 8.868947e-01
    outer loop
      vertex   -1.355028e+01 -3.265000e+01 2.962020e+01
      vertex   -1.428143e+01 -2.465000e+01 2.923957e+01
      vertex   -1.428529e+01 -3.265000e+01 2.923734e+01
    endloop
  endfacet
  facet normal -5.365730e-01 2.398151e-05 8.438539e-01
    outer loop
      vertex   -1.428529e+01 -3.265000e+01 2.923734e+01
      vertex   -1.428143e+01 -2.465000e+01 2.923957e+01
      vertex   -1.498096e+01 -2.465000e+01 2.879477e+01
    endloop
  endfacet
  facet normal -5.369558e-01 -2.278243e-05 8.436104e-01
    outer loop
      vertex   -1.428529e+01 -3.265000e+01 2.923734e+01
      vertex   -1.498096e+01 -2.465000e+01 2.879477e+01
      vertex   -1.498443e+01 -3.265000e+01 2.879234e+01
    endloop
  endfacet
  facet normal -6.075730e-01 2.278858e-05 7.942638e-01
    outer loop
      vertex   -1.498443e+01 -3.265000e+01 2.879234e+01
      vertex   -1.498096e+01 -2.465000e+01 2.879477e+01
      vertex   -1.563938e+01 -2.465000e+01 2.829111e+01
    endloop
  endfacet
  facet normal -6.079149e-01 -2.158918e-05 7.940022e-01
    outer loop
      vertex   -1.498443e+01 -3.265000e+01 2.879234e+01
      vertex   -1.563938e+01 -2.465000e+01 2.829111e+01
      vertex   -1.564245e+01 -3.265000e+01 2.828854e+01
    endloop
  endfacet
  facet normal -6.740162e-01 2.159501e-05 7.387166e-01
    outer loop
      vertex   -1.564245e+01 -3.265000e+01 2.828854e+01
      vertex   -1.563938e+01 -2.465000e+01 2.829111e+01
      vertex   -1.625175e+01 -2.465000e+01 2.773237e+01
    endloop
  endfacet
  facet normal -6.743169e-01 -2.039528e-05 7.384421e-01
    outer loop
      vertex   -1.564245e+01 -3.265000e+01 2.828854e+01
      vertex   -1.625175e+01 -2.465000e+01 2.773237e+01
      vertex   -1.625443e+01 -3.265000e+01 2.772970e+01
    endloop
  endfacet
  facet normal -7.354040e-01 2.040079e-05 6.776289e-01
    outer loop
      vertex   -1.625443e+01 -3.265000e+01 2.772970e+01
      vertex   -1.625175e+01 -2.465000e+01 2.773237e+01
      vertex   -1.681348e+01 -2.465000e+01 2.712275e+01
    endloop
  endfacet
  facet normal -7.356641e-01 -1.920074e-05 6.773465e-01
    outer loop
      vertex   -1.625443e+01 -3.265000e+01 2.772970e+01
      vertex   -1.681348e+01 -2.465000e+01 2.712275e+01
      vertex   -1.681578e+01 -3.265000e+01 2.712002e+01
    endloop
  endfacet
  facet normal -7.912763e-01 1.920592e-05 6.114588e-01
    outer loop
      vertex   -1.681578e+01 -3.265000e+01 2.712002e+01
      vertex   -1.681348e+01 -2.465000e+01 2.712275e+01
      vertex   -1.732036e+01 -2.465000e+01 2.646681e+01
    endloop
  endfacet
  facet normal -7.914967e-01 -1.800555e-05 6.111734e-01
    outer loop
      vertex   -1.681578e+01 -3.265000e+01 2.712002e+01
      vertex   -1.732036e+01 -2.465000e+01 2.646681e+01
      vertex   -1.732228e+01 -3.265000e+01 2.646408e+01
    endloop
  endfacet
  facet normal -8.412138e-01 1.801040e-05 5.407027e-01
    outer loop
      vertex   -1.732228e+01 -3.265000e+01 2.646408e+01
      vertex   -1.732036e+01 -2.465000e+01 2.646681e+01
      vertex   -1.776858e+01 -2.465000e+01 2.576947e+01
    endloop
  endfacet
  facet normal -8.413961e-01 -1.680971e-05 5.404188e-01
    outer loop
      vertex   -1.732228e+01 -3.265000e+01 2.646408e+01
      vertex   -1.776858e+01 -2.465000e+01 2.576947e+01
      vertex   -1.777015e+01 -3.265000e+01 2.576678e+01
    endloop
  endfacet
  facet normal -8.848420e-01 1.681424e-05 4.658912e-01
    outer loop
      vertex   -1.777015e+01 -3.265000e+01 2.576678e+01
      vertex   -1.776858e+01 -2.465000e+01 2.576947e+01
      vertex   -1.815479e+01 -2.465000e+01 2.503597e+01
    endloop
  endfacet
  facet normal -8.849883e-01 -1.561322e-05 4.656132e-01
    outer loop
      vertex   -1.777015e+01 -3.265000e+01 2.576678e+01
      vertex   -1.815479e+01 -2.465000e+01 2.503597e+01
      vertex   -1.815602e+01 -3.265000e+01 2.503335e+01
    endloop
  endfacet
  facet normal -9.218338e-01 1.561743e-05 3.875855e-01
    outer loop
      vertex   -1.815602e+01 -3.265000e+01 2.503335e+01
      vertex   -1.815479e+01 -2.465000e+01 2.503597e+01
      vertex   -1.847608e+01 -2.465000e+01 2.427180e+01
    endloop
  endfacet
  facet normal -9.219465e-01 -1.441609e-05 3.873173e-01
    outer loop
      vertex   -1.815602e+01 -3.265000e+01 2.503335e+01
      vertex   -1.847608e+01 -2.465000e+01 2.427180e+01
      vertex   -1.847701e+01 -3.265000e+01 2.426929e+01
    endloop
  endfacet
  facet normal -9.519116e-01 1.441997e-05 3.063727e-01
    outer loop
      vertex   -1.847701e+01 -3.265000e+01 2.426929e+01
      vertex   -1.847608e+01 -2.465000e+01 2.427180e+01
      vertex   -1.873005e+01 -2.465000e+01 2.348270e+01
    endloop
  endfacet
  facet normal -9.519936e-01 -1.321831e-05 3.061180e-01
    outer loop
      vertex   -1.847701e+01 -3.265000e+01 2.426929e+01
      vertex   -1.873005e+01 -2.465000e+01 2.348270e+01
      vertex   -1.873070e+01 -3.265000e+01 2.348033e+01
    endloop
  endfacet
  facet normal -9.748500e-01 1.322187e-05 2.228622e-01
    outer loop
      vertex   -1.873070e+01 -3.265000e+01 2.348033e+01
      vertex   -1.873005e+01 -2.465000e+01 2.348270e+01
      vertex   -1.891480e+01 -2.465000e+01 2.267458e+01
    endloop
  endfacet
  facet normal -9.749044e-01 -1.201988e-05 2.226240e-01
    outer loop
      vertex   -1.873070e+01 -3.265000e+01 2.348033e+01
      vertex   -1.891480e+01 -2.465000e+01 2.267458e+01
      vertex   -1.891520e+01 -3.265000e+01 2.267239e+01
    endloop
  endfacet
  facet normal -9.904768e-01 1.202311e-05 1.376801e-01
    outer loop
      vertex   -1.891520e+01 -3.265000e+01 2.267239e+01
      vertex   -1.891480e+01 -2.465000e+01 2.267458e+01
      vertex   -1.902893e+01 -2.465000e+01 2.185351e+01
    endloop
  endfacet
  facet normal -9.905072e-01 -1.082080e-05 1.374611e-01
    outer loop
      vertex   -1.891520e+01 -3.265000e+01 2.267239e+01
      vertex   -1.902893e+01 -2.465000e+01 2.185351e+01
      vertex   -1.902912e+01 -3.265000e+01 2.185151e+01
    endloop
  endfacet
  facet normal -9.986748e-01 1.082372e-05 5.146539e-02
    outer loop
      vertex   -1.902912e+01 -3.265000e+01 2.185151e+01
      vertex   -1.902893e+01 -2.465000e+01 2.185351e+01
      vertex   -1.907159e+01 -2.465000e+01 2.102564e+01
    endloop
  endfacet
  facet normal -9.986849e-01 -9.621081e-06 5.126786e-02
    outer loop
      vertex   -1.902912e+01 -3.265000e+01 2.185151e+01
      vertex   -1.907159e+01 -2.465000e+01 2.102564e+01
      vertex   -1.907161e+01 -3.265000e+01 2.102386e+01
    endloop
  endfacet
  facet normal -9.993826e-01 9.623669e-06 -3.513532e-02
    outer loop
      vertex   -1.907161e+01 -3.265000e+01 2.102386e+01
      vertex   -1.907159e+01 -2.465000e+01 2.102564e+01
      vertex   -1.904247e+01 -2.465000e+01 2.019719e+01
    endloop
  endfacet
  facet normal -9.993764e-01 -8.420711e-06 -3.530972e-02
    outer loop
      vertex   -1.907161e+01 -3.265000e+01 2.102386e+01
      vertex   -1.904247e+01 -2.465000e+01 2.019719e+01
      vertex   -1.904235e+01 -3.265000e+01 2.019563e+01
    endloop
  endfacet
  facet normal -9.925948e-01 8.422976e-06 -1.214725e-01
    outer loop
      vertex   -1.904235e+01 -3.265000e+01 2.019563e+01
      vertex   -1.904247e+01 -2.465000e+01 2.019719e+01
      vertex   -1.894177e+01 -2.465000e+01 1.937436e+01
    endloop
  endfacet
  facet normal -9.925764e-01 -7.219694e-06 -1.216226e-01
    outer loop
      vertex   -1.904235e+01 -3.265000e+01 2.019563e+01
      vertex   -1.894177e+01 -2.465000e+01 1.937436e+01
      vertex   -1.894155e+01 -3.265000e+01 1.937304e+01
    endloop
  endfacet
  facet normal -9.783624e-01 7.221635e-06 -2.068986e-01
    outer loop
      vertex   -1.894155e+01 -3.265000e+01 1.937304e+01
      vertex   -1.894177e+01 -2.465000e+01 1.937436e+01
      vertex   -1.877026e+01 -2.465000e+01 1.856333e+01
    endloop
  endfacet
  facet normal -9.783359e-01 -6.018029e-06 -2.070238e-01
    outer loop
      vertex   -1.894155e+01 -3.265000e+01 1.937304e+01
      vertex   -1.877026e+01 -2.465000e+01 1.856333e+01
      vertex   -1.876998e+01 -3.265000e+01 1.856225e+01
    endloop
  endfacet
  facet normal -9.567921e-01 6.019647e-06 -2.907730e-01
    outer loop
      vertex   -1.876998e+01 -3.265000e+01 1.856225e+01
      vertex   -1.877026e+01 -2.465000e+01 1.856333e+01
      vertex   -1.852922e+01 -2.465000e+01 1.777018e+01
    endloop
  endfacet
  facet normal -9.567616e-01 -4.815718e-06 -2.908731e-01
    outer loop
      vertex   -1.876998e+01 -3.265000e+01 1.856225e+01
      vertex   -1.852922e+01 -2.465000e+01 1.777018e+01
      vertex   -1.852892e+01 -3.265000e+01 1.776934e+01
    endloop
  endfacet
  facet normal -9.280457e-01 4.817012e-06 -3.724664e-01
    outer loop
      vertex   -1.852892e+01 -3.265000e+01 1.776934e+01
      vertex   -1.852922e+01 -2.465000e+01 1.777018e+01
      vertex   -1.822046e+01 -2.465000e+01 1.700087e+01
    endloop
  endfacet
  facet normal -9.280153e-01 -3.612759e-06 -3.725420e-01
    outer loop
      vertex   -1.852892e+01 -3.265000e+01 1.776934e+01
      vertex   -1.822046e+01 -2.465000e+01 1.700087e+01
      vertex   -1.822018e+01 -3.265000e+01 1.700026e+01
    endloop
  endfacet
  facet normal -8.923387e-01 3.613730e-06 -4.513664e-01
    outer loop
      vertex   -1.822018e+01 -3.265000e+01 1.700026e+01
      vertex   -1.822046e+01 -2.465000e+01 1.700087e+01
      vertex   -1.784629e+01 -2.465000e+01 1.626115e+01
    endloop
  endfacet
  facet normal -8.923125e-01 -2.409153e-06 -4.514183e-01
    outer loop
      vertex   -1.822018e+01 -3.265000e+01 1.700026e+01
      vertex   -1.784629e+01 -2.465000e+01 1.626115e+01
      vertex   -1.784607e+01 -3.265000e+01 1.626076e+01
    endloop
  endfacet
  facet normal -8.499391e-01 2.409801e-06 -5.268810e-01
    outer loop
      vertex   -1.784607e+01 -3.265000e+01 1.626076e+01
      vertex   -1.784629e+01 -2.465000e+01 1.626115e+01
      vertex   -1.740952e+01 -2.465000e+01 1.555658e+01
    endloop
  endfacet
  facet normal -8.499207e-01 -1.204900e-06 -5.269106e-01
    outer loop
      vertex   -1.784607e+01 -3.265000e+01 1.626076e+01
      vertex   -1.740952e+01 -2.465000e+01 1.555658e+01
      vertex   -1.740940e+01 -3.265000e+01 1.555639e+01
    endloop
  endfacet
  facet normal -8.011648e-01 1.205224e-06 -5.984438e-01
    outer loop
      vertex   -1.740940e+01 -3.265000e+01 1.555639e+01
      vertex   -1.740952e+01 -2.465000e+01 1.555658e+01
      vertex   -1.691344e+01 -2.465000e+01 1.489244e+01
    endloop
  endfacet
  facet normal -8.011578e-01 0.000000e+00 -5.984532e-01
    outer loop
      vertex   -1.740940e+01 -3.265000e+01 1.555639e+01
      vertex   -1.691344e+01 -2.465000e+01 1.489244e+01
      vertex   -1.691344e+01 -3.265000e+01 1.489244e+01
    endloop
  endfacet
  facet normal 9.998750e-01 1.253735e-06 1.581392e-02
    outer loop
      vertex   7.081408e-02 -2.920539e+01 2.109761e+01
      vertex   7.086054e-02 -2.832512e+01 2.109461e+01
      vertex   7.095630e-02 -2.465000e+01 2.108826e+01
    endloop
  endfacet
  facet normal 9.998837e-01 2.859667e-07 1.525358e-02
    outer loop
      vertex   7.095630e-02 -2.465000e+01 2.108826e+01
      vertex   7.086054e-02 -2.832512e+01 2.109461e+01
      vertex   7.090674e-02 -2.750692e+01 2.109156e+01
    endloop
  endfacet
  facet normal 9.998874e-01 9.047365e-14 1.500624e-02
    outer loop
      vertex   7.095630e-02 -2.465000e+01 2.108826e+01
      vertex   7.090674e-02 -2.750692e+01 2.109156e+01
      vertex   7.095630e-02 -2.596103e+01 2.108826e+01
    endloop
  endfacet
  facet normal 9.595158e-01 -8.633056e-17 2.816547e-01
    outer loop
      vertex   7.095630e-02 -2.596103e+01 2.108826e+01
      vertex   1.138672e-01 -2.530320e+01 2.094208e+01
      vertex   7.095630e-02 -2.465000e+01 2.108826e+01
    endloop
  endfacet
  facet normal 9.595158e-01 1.147596e-15 2.816547e-01
    outer loop
      vertex   7.095630e-02 -2.465000e+01 2.108826e+01
      vertex   1.138672e-01 -2.530320e+01 2.094208e+01
      vertex   1.622084e-01 -2.465000e+01 2.077739e+01
    endloop
  endfacet
  facet normal -7.744996e-01 -0.000000e+00 -6.325744e-01
    outer loop
      vertex   -1.691344e+01 -2.465000e+01 1.489244e+01
      vertex   -4.750000e+00 -2.465000e+01 0.000000e+00
      vertex   -1.691344e+01 -3.265000e+01 1.489244e+01
    endloop
  endfacet
  facet normal -7.744996e-01 0.000000e+00 -6.325744e-01
    outer loop
      vertex   -1.691344e+01 -3.265000e+01 1.489244e+01
      vertex   -4.750000e+00 -2.465000e+01 0.000000e+00
      vertex   -4.750000e+00 -3.265000e+01 0.000000e+00
    endloop
  endfacet
  facet normal 9.955030e-01 -9.473017e-02 0.000000e+00
    outer loop
      vertex   8.306779e+00 -3.265000e+01 6.000000e+00
      vertex   8.306779e+00 -3.265000e+01 0.000000e+00
      vertex   8.394729e+00 -3.172575e+01 6.000000e+00
    endloop
  endfacet
  facet normal 9.955343e-01 -9.440026e-02 -5.127901e-05
    outer loop
      vertex   8.394729e+00 -3.172575e+01 6.000000e+00
      vertex   8.306779e+00 -3.265000e+01 0.000000e+00
      vertex   8.395204e+00 -3.171748e+01 0.000000e+00
    endloop
  endfacet
  facet normal 9.997882e-01 -2.057983e-02 5.082131e-05
    outer loop
      vertex   8.394729e+00 -3.172575e+01 6.000000e+00
      vertex   8.395204e+00 -3.171748e+01 0.000000e+00
      vertex   8.413835e+00 -3.079753e+01 6.000000e+00
    endloop
  endfacet
  facet normal 9.998082e-01 -1.958586e-02 -1.016426e-04
    outer loop
      vertex   8.413835e+00 -3.079753e+01 6.000000e+00
      vertex   8.395204e+00 -3.171748e+01 0.000000e+00
      vertex   8.413550e+00 -3.078096e+01 0.000000e+00
    endloop
  endfacet
  facet normal 9.985580e-01 5.368372e-02 1.007280e-04
    outer loop
      vertex   8.413835e+00 -3.079753e+01 6.000000e+00
      vertex   8.413550e+00 -3.078096e+01 0.000000e+00
      vertex   8.363994e+00 -2.987045e+01 6.000000e+00
    endloop
  endfacet
  facet normal 9.984677e-01 5.533822e-02 -1.510921e-04
    outer loop
      vertex   8.363994e+00 -2.987045e+01 6.000000e+00
      vertex   8.413550e+00 -3.078096e+01 0.000000e+00
      vertex   8.361715e+00 -2.984570e+01 0.000000e+00
    endloop
  endfacet
  facet normal 9.918191e-01 1.276511e-01 1.497202e-04
    outer loop
      vertex   8.363994e+00 -2.987045e+01 6.000000e+00
      vertex   8.361715e+00 -2.984570e+01 0.000000e+00
      vertex   8.245480e+00 -2.894962e+01 6.000000e+00
    endloop
  endfacet
  facet normal 9.915203e-01 1.299515e-01 -1.996269e-04
    outer loop
      vertex   8.245480e+00 -2.894962e+01 6.000000e+00
      vertex   8.361715e+00 -2.984570e+01 0.000000e+00
      vertex   8.239989e+00 -2.891694e+01 0.000000e+00
    endloop
  endfacet
  facet normal 9.796088e-01 2.009143e-01 1.977978e-04
    outer loop
      vertex   8.245480e+00 -2.894962e+01 6.000000e+00
      vertex   8.239989e+00 -2.891694e+01 0.000000e+00
      vertex   8.058947e+00 -2.804013e+01 6.000000e+00
    endloop
  endfacet
  facet normal 9.790052e-01 2.038351e-01 -2.472472e-04
    outer loop
      vertex   8.058947e+00 -2.804013e+01 6.000000e+00
      vertex   8.239989e+00 -2.891694e+01 0.000000e+00
      vertex   8.049056e+00 -2.799990e+01 0.000000e+00
    endloop
  endfacet
  facet normal 9.619944e-01 2.730692e-01 2.449607e-04
    outer loop
      vertex   8.058947e+00 -2.804013e+01 6.000000e+00
      vertex   8.049056e+00 -2.799990e+01 0.000000e+00
      vertex   7.805424e+00 -2.714699e+01 6.000000e+00
    endloop
  endfacet
  facet normal 9.609925e-01 2.765741e-01 -2.939527e-04
    outer loop
      vertex   7.805424e+00 -2.714699e+01 6.000000e+00
      vertex   8.049056e+00 -2.799990e+01 0.000000e+00
      vertex   7.789989e+00 -2.709974e+01 0.000000e+00
    endloop
  endfacet
  facet normal 9.390730e-01 3.437176e-01 2.912089e-04
    outer loop
      vertex   7.805424e+00 -2.714699e+01 6.000000e+00
      vertex   7.789989e+00 -2.709974e+01 0.000000e+00
      vertex   7.486309e+00 -2.627514e+01 6.000000e+00
    endloop
  endfacet
  facet normal 9.375835e-01 3.477600e-01 -3.397437e-04
    outer loop
      vertex   7.486309e+00 -2.627514e+01 6.000000e+00
      vertex   7.789989e+00 -2.709974e+01 0.000000e+00
      vertex   7.464242e+00 -2.622150e+01 0.000000e+00
    endloop
  endfacet
  facet normal 9.253617e-01 3.790855e-01 -1.479023e-05
    outer loop
      vertex   7.486309e+00 -2.627514e+01 6.000000e+00
      vertex   7.464242e+00 -2.622150e+01 0.000000e+00
      vertex   7.478826e+00 -2.625687e+01 6.000064e+00
    endloop
  endfacet
  facet normal 9.178282e-01 3.969777e-01 1.089858e-04
    outer loop
      vertex   7.478826e+00 -2.625687e+01 6.000064e+00
      vertex   7.464242e+00 -2.622150e+01 0.000000e+00
      vertex   7.294052e+00 -2.582968e+01 6.037104e+00
    endloop
  endfacet
  facet normal 9.089087e-01 4.169927e-01 -1.441503e-03
    outer loop
      vertex   7.294052e+00 -2.582968e+01 6.037104e+00
      vertex   7.464242e+00 -2.622150e+01 0.000000e+00
      vertex   7.073644e+00 -2.537013e+01 0.000000e+00
    endloop
  endfacet
  facet normal 9.025475e-01 4.305904e-01 -1.741978e-04
    outer loop
      vertex   7.294052e+00 -2.582968e+01 6.037104e+00
      vertex   7.073644e+00 -2.537013e+01 0.000000e+00
      vertex   7.097216e+00 -2.541705e+01 6.134758e+00
    endloop
  endfacet
  facet normal 8.864646e-01 4.627963e-01 1.339477e-04
    outer loop
      vertex   7.097216e+00 -2.541705e+01 6.134758e+00
      vertex   7.073644e+00 -2.537013e+01 0.000000e+00
      vertex   6.891668e+00 -2.502338e+01 6.282715e+00
    endloop
  endfacet
  facet normal 8.751310e-01 4.838842e-01 -1.358186e-03
    outer loop
      vertex   6.891668e+00 -2.502338e+01 6.282715e+00
      vertex   7.073644e+00 -2.537013e+01 0.000000e+00
      vertex   6.620389e+00 -2.455039e+01 0.000000e+00
    endloop
  endfacet
  facet normal 8.698917e-01 4.932426e-01 -4.274239e-04
    outer loop
      vertex   6.891668e+00 -2.502338e+01 6.282715e+00
      vertex   6.620389e+00 -2.455039e+01 0.000000e+00
      vertex   6.679817e+00 -2.465000e+01 6.000000e+00
    endloop
  endfacet
  facet normal 8.473523e-01 5.310310e-01 4.231626e-04
    outer loop
      vertex   6.679817e+00 -2.465000e+01 6.000000e+00
      vertex   6.620389e+00 -2.455039e+01 0.000000e+00
      vertex   6.327638e+00 -2.408804e+01 6.000000e+00
    endloop
  endfacet
  facet normal 8.364389e-01 5.480583e-01 -1.421435e-03
    outer loop
      vertex   6.327638e+00 -2.408804e+01 6.000000e+00
      vertex   6.620389e+00 -2.455039e+01 0.000000e+00
      vertex   6.107022e+00 -2.376690e+01 0.000000e+00
    endloop
  endfacet
  facet normal 8.179951e-01 5.752247e-01 7.107608e-04
    outer loop
      vertex   6.327638e+00 -2.408804e+01 6.000000e+00
      vertex   6.107022e+00 -2.376690e+01 0.000000e+00
      vertex   5.946149e+00 -2.354554e+01 6.000000e+00
    endloop
  endfacet
  facet normal 7.930501e-01 6.091552e-01 -1.209842e-03
    outer loop
      vertex   5.946149e+00 -2.354554e+01 6.000000e+00
      vertex   6.107022e+00 -2.376690e+01 0.000000e+00
      vertex   5.536425e+00 -2.302405e+01 0.000000e+00
    endloop
  endfacet
  facet normal 7.863357e-01 6.177995e-01 0.000000e+00
    outer loop
      vertex   5.946149e+00 -2.354554e+01 6.000000e+00
      vertex   5.536425e+00 -2.302405e+01 0.000000e+00
      vertex   5.536425e+00 -2.302405e+01 6.000000e+00
    endloop
  endfacet
  facet normal 8.697529e-01 4.934874e-01 5.531504e-11
    outer loop
      vertex   6.679817e+00 -2.465000e+01 6.000000e+00
      vertex   6.679817e+00 -2.465000e+01 6.472450e+00
      vertex   6.891668e+00 -2.502338e+01 6.282715e+00
    endloop
  endfacet
  facet normal 0.000000e+00 0.000000e+00 1.000000e+00
    outer loop
      vertex   6.679817e+00 -2.465000e+01 6.000000e+00
      vertex   6.327638e+00 -2.408804e+01 6.000000e+00
      vertex   -4.750000e+00 -2.465000e+01 6.000000e+00
    endloop
  endfacet
  facet normal 0.000000e+00 0.000000e+00 1.000000e+00
    outer loop
      vertex   -4.750000e+00 -2.465000e+01 6.000000e+00
      vertex   6.327638e+00 -2.408804e+01 6.000000e+00
      vertex   5.946149e+00 -2.354554e+01 6.000000e+00
    endloop
  endfacet
  facet normal 0.000000e+00 0.000000e+00 1.000000e+00
    outer loop
      vertex   -4.750000e+00 -2.465000e+01 6.000000e+00
      vertex   5.946149e+00 -2.354554e+01 6.000000e+00
      vertex   5.536425e+00 -2.302405e+01 6.000000e+00
    endloop
  endfacet
  facet normal 0.000000e+00 0.000000e+00 1.000000e+00
    outer loop
      vertex   5.536425e+00 -2.302405e+01 6.000000e+00
      vertex   5.228625e+00 -2.260609e+01 6.000000e+00
      vertex   -4.750000e+00 -2.465000e+01 6.000000e+00
    endloop
  endfacet
  facet normal 0.000000e+00 0.000000e+00 1.000000e+00
    outer loop
      vertex   -4.750000e+00 -2.465000e+01 6.000000e+00
      vertex   5.228625e+00 -2.260609e+01 6.000000e+00
      vertex   4.971002e+00 -2.215547e+01 6.000000e+00
    endloop
  endfacet
  facet normal 0.000000e+00 0.000000e+00 1.000000e+00
    outer loop
      vertex   -4.750000e+00 -2.465000e+01 6.000000e+00
      vertex   4.971002e+00 -2.215547e+01 6.000000e+00
      vertex   4.766985e+00 -2.167818e+01 6.000000e+00
    endloop
  endfacet
  facet normal 0.000000e+00 0.000000e+00 1.000000e+00
    outer loop
      vertex   4.766985e+00 -2.167818e+01 6.000000e+00
      vertex   4.619288e+00 -2.118057e+01 6.000000e+00
      vertex   -4.750000e+00 -2.465000e+01 6.000000e+00
    endloop
  endfacet
  facet normal 0.000000e+00 0.000000e+00 1.000000e+00
    outer loop
      vertex   -4.750000e+00 -2.465000e+01 6.000000e+00
      vertex   4.619288e+00 -2.118057e+01 6.000000e+00
      vertex   4.529877e+00 -2.066926e+01 6.000000e+00
    endloop
  endfacet
  facet normal 0.000000e+00 0.000000e+00 1.000000e+00
    outer loop
      vertex   -4.750000e+00 -2.465000e+01 6.000000e+00
      vertex   4.529877e+00 -2.066926e+01 6.000000e+00
      vertex   4.499940e+00 -2.015106e+01 6.000000e+00
    endloop
  endfacet
  facet normal 0.000000e+00 0.000000e+00 1.000000e+00
    outer loop
      vertex   4.499940e+00 -5.647025e+00 6.000000e+00
      vertex   1.588923e+00 -4.629278e+00 6.000000e+00
      vertex   4.499940e+00 -2.015106e+01 6.000000e+00
    endloop
  endfacet
  facet normal 0.000000e+00 0.000000e+00 1.000000e+00
    outer loop
      vertex   4.499940e+00 -2.015106e+01 6.000000e+00
      vertex   1.588923e+00 -4.629278e+00 6.000000e+00
      vertex   1.030857e+00 -4.784583e+00 6.000000e+00
    endloop
  endfacet
  facet normal 0.000000e+00 0.000000e+00 1.000000e+00
    outer loop
      vertex   4.499940e+00 -2.015106e+01 6.000000e+00
      vertex   1.030857e+00 -4.784583e+00 6.000000e+00
      vertex   4.583496e-01 -4.872865e+00 6.000000e+00
    endloop
  endfacet
  facet normal 0.000000e+00 0.000000e+00 1.000000e+00
    outer loop
      vertex   2.630779e+00 -4.127214e+00 6.000000e+00
      vertex   2.124733e+00 -4.409128e+00 6.000000e+00
      vertex   4.499940e+00 -5.647025e+00 6.000000e+00
    endloop
  endfacet
  facet normal 0.000000e+00 0.000000e+00 1.000000e+00
    outer loop
      vertex   4.499940e+00 -5.647025e+00 6.000000e+00
      vertex   2.124733e+00 -4.409128e+00 6.000000e+00
      vertex   1.588923e+00 -4.629278e+00 6.000000e+00
    endloop
  endfacet
  facet normal 0.000000e+00 0.000000e+00 1.000000e+00
    outer loop
      vertex   4.583496e-01 -4.872865e+00 6.000000e+00
      vertex   -1.205779e-01 -4.892888e+00 6.000000e+00
      vertex   4.499940e+00 -2.015106e+01 6.000000e+00
    endloop
  endfacet
  facet normal 0.000000e+00 0.000000e+00 1.000000e+00
    outer loop
      vertex   4.499940e+00 -2.015106e+01 6.000000e+00
      vertex   -1.205779e-01 -4.892888e+00 6.000000e+00
      vertex   -6.978164e-01 -4.844373e+00 6.000000e+00
    endloop
  endfacet
  facet normal 0.000000e+00 0.000000e+00 1.000000e+00
    outer loop
      vertex   4.499940e+00 -2.015106e+01 6.000000e+00
      vertex   -6.978164e-01 -4.844373e+00 6.000000e+00
      vertex   -4.750000e+00 -2.465000e+01 6.000000e+00
    endloop
  endfacet
  facet normal 0.000000e+00 0.000000e+00 1.000000e+00
    outer loop
      vertex   -4.750000e+00 -2.465000e+01 6.000000e+00
      vertex   -6.978164e-01 -4.844373e+00 6.000000e+00
      vertex   -1.265280e+00 -4.727998e+00 6.000000e+00
    endloop
  endfacet
  facet normal 0.000000e+00 0.000000e+00 1.000000e+00
    outer loop
      vertex   -4.750000e+00 -2.465000e+01 6.000000e+00
      vertex   -1.265280e+00 -4.727998e+00 6.000000e+00
      vertex   -1.815019e+00 -4.545393e+00 6.000000e+00
    endloop
  endfacet
  facet normal 0.000000e+00 0.000000e+00 1.000000e+00
    outer loop
      vertex   -1.815019e+00 -4.545393e+00 6.000000e+00
      vertex   -2.339334e+00 -4.299117e+00 6.000000e+00
      vertex   -4.750000e+00 -2.465000e+01 6.000000e+00
    endloop
  endfacet
  facet normal 0.000000e+00 0.000000e+00 1.000000e+00
    outer loop
      vertex   -4.750000e+00 -2.465000e+01 6.000000e+00
      vertex   -2.339334e+00 -4.299117e+00 6.000000e+00
      vertex   -2.830880e+00 -3.992620e+00 6.000000e+00
    endloop
  endfacet
  facet normal 0.000000e+00 0.000000e+00 1.000000e+00
    outer loop
      vertex   -4.750000e+00 -2.465000e+01 6.000000e+00
      vertex   -2.830880e+00 -3.992620e+00 6.000000e+00
      vertex   -3.282771e+00 -3.630194e+00 6.000000e+00
    endloop
  endfacet
  facet normal 0.000000e+00 0.000000e+00 1.000000e+00
    outer loop
      vertex   -3.282771e+00 -3.630194e+00 6.000000e+00
      vertex   -3.688677e+00 -3.216917e+00 6.000000e+00
      vertex   -4.750000e+00 -2.465000e+01 6.000000e+00
    endloop
  endfacet
  facet normal 0.000000e+00 0.000000e+00 1.000000e+00
    outer loop
      vertex   -4.750000e+00 -2.465000e+01 6.000000e+00
      vertex   -3.688677e+00 -3.216917e+00 6.000000e+00
      vertex   -4.042913e+00 -2.758577e+00 6.000000e+00
    endloop
  endfacet
  facet normal 0.000000e+00 0.000000e+00 1.000000e+00
    outer loop
      vertex   -4.750000e+00 -2.465000e+01 6.000000e+00
      vertex   -4.042913e+00 -2.758577e+00 6.000000e+00
      vertex   -4.340516e+00 -2.261596e+00 6.000000e+00
    endloop
  endfacet
  facet normal 0.000000e+00 0.000000e+00 1.000000e+00
    outer loop
      vertex   -4.340516e+00 -2.261596e+00 6.000000e+00
      vertex   -4.577317e+00 -1.732934e+00 6.000000e+00
      vertex   -4.750000e+00 -2.465000e+01 6.000000e+00
    endloop
  endfacet
  facet normal 0.000000e+00 0.000000e+00 1.000000e+00
    outer loop
      vertex   -4.750000e+00 -2.465000e+01 6.000000e+00
      vertex   -4.577317e+00 -1.732934e+00 6.000000e+00
      vertex   -4.750000e+00 -1.179998e+00 6.000000e+00
    endloop
  endfacet
  facet normal 8.052104e-01 5.929893e-01 0.000000e+00
    outer loop
      vertex   5.536425e+00 -2.302405e+01 6.000000e+00
      vertex   5.536425e+00 -2.302405e+01 0.000000e+00
      vertex   5.228625e+00 -2.260609e+01 6.000000e+00
    endloop
  endfacet
  facet normal 8.052104e-01 5.929893e-01 0.000000e+00
    outer loop
      vertex   5.228625e+00 -2.260609e+01 6.000000e+00
      vertex   5.536425e+00 -2.302405e+01 0.000000e+00
      vertex   5.228625e+00 -2.260609e+01 0.000000e+00
    endloop
  endfacet
  facet normal 8.681399e-01 4.963196e-01 0.000000e+00
    outer loop
      vertex   5.228625e+00 -2.260609e+01 6.000000e+00
      vertex   5.228625e+00 -2.260609e+01 0.000000e+00
      vertex   4.971002e+00 -2.215547e+01 6.000000e+00
    endloop
  endfacet
  facet normal 8.681399e-01 4.963196e-01 0.000000e+00
    outer loop
      vertex   4.971002e+00 -2.215547e+01 6.000000e+00
      vertex   5.228625e+00 -2.260609e+01 0.000000e+00
      vertex   4.971002e+00 -2.215547e+01 0.000000e+00
    endloop
  endfacet
  facet normal 9.195187e-01 3.930462e-01 0.000000e+00
    outer loop
      vertex   4.971002e+00 -2.215547e+01 6.000000e+00
      vertex   4.971002e+00 -2.215547e+01 0.000000e+00
      vertex   4.766985e+00 -2.167818e+01 6.000000e+00
    endloop
  endfacet
  facet normal 9.195187e-01 3.930462e-01 0.000000e+00
    outer loop
      vertex   4.766985e+00 -2.167818e+01 6.000000e+00
      vertex   4.971002e+00 -2.215547e+01 0.000000e+00
      vertex   4.766985e+00 -2.167818e+01 0.000000e+00
    endloop
  endfacet
  facet normal 9.586632e-01 2.845434e-01 0.000000e+00
    outer loop
      vertex   4.766985e+00 -2.167818e+01 6.000000e+00
      vertex   4.766985e+00 -2.167818e+01 0.000000e+00
      vertex   4.619288e+00 -2.118057e+01 6.000000e+00
    endloop
  endfacet
  facet normal 9.586632e-01 2.845434e-01 0.000000e+00
    outer loop
      vertex   4.619288e+00 -2.118057e+01 6.000000e+00
      vertex   4.766985e+00 -2.167818e+01 0.000000e+00
      vertex   4.619288e+00 -2.118057e+01 0.000000e+00
    endloop
  endfacet
  facet normal 9.850525e-01 1.722546e-01 0.000000e+00
    outer loop
      vertex   4.619288e+00 -2.118057e+01 6.000000e+00
      vertex   4.619288e+00 -2.118057e+01 0.000000e+00
      vertex   4.529877e+00 -2.066926e+01 6.000000e+00
    endloop
  endfacet
  facet normal 9.850525e-01 1.722546e-01 0.000000e+00
    outer loop
      vertex   4.529877e+00 -2.066926e+01 6.000000e+00
      vertex   4.619288e+00 -2.118057e+01 0.000000e+00
      vertex   4.529877e+00 -2.066926e+01 0.000000e+00
    endloop
  endfacet
  facet normal 9.983355e-01 5.767400e-02 0.000000e+00
    outer loop
      vertex   4.529877e+00 -2.066926e+01 6.000000e+00
      vertex   4.529877e+00 -2.066926e+01 0.000000e+00
      vertex   4.499940e+00 -2.015106e+01 6.000000e+00
    endloop
  endfacet
  facet normal 9.983355e-01 5.767400e-02 0.000000e+00
    outer loop
      vertex   4.499940e+00 -2.015106e+01 6.000000e+00
      vertex   4.529877e+00 -2.066926e+01 0.000000e+00
      vertex   4.499940e+00 -2.015106e+01 0.000000e+00
    endloop
  endfacet
  facet normal 1.000000e+00 -1.837100e-16 5.921189e-16
    outer loop
      vertex   4.499940e+00 -5.647025e+00 6.000000e+00
      vertex   4.499940e+00 -2.015106e+01 6.000000e+00
      vertex   4.499940e+00 -5.647025e+00 3.000000e+00
    endloop
  endfacet
  facet normal 1.000000e+00 -3.061833e-16 0.000000e+00
    outer loop
      vertex   4.499940e+00 -5.647025e+00 3.000000e+00
      vertex   4.499940e+00 -2.015106e+01 6.000000e+00
      vertex   4.499940e+00 -2.015106e+01 0.000000e+00
    endloop
  endfacet
  facet normal 1.000000e+00 -3.674199e-16 2.960595e-16
    outer loop
      vertex   4.499940e+00 -5.647025e+00 3.000000e+00
      vertex   4.499940e+00 -2.015106e+01 0.000000e+00
      vertex   4.499940e+00 -5.647025e+00 0.000000e+00
    endloop
  endfacet
  facet normal 0.000000e+00 0.000000e+00 -1.000000e+00
    outer loop
      vertex   5.228625e+00 -2.260609e+01 0.000000e+00
      vertex   5.536425e+00 -2.302405e+01 0.000000e+00
      vertex   8.306779e+00 -3.265000e+01 0.000000e+00
    endloop
  endfacet
  facet normal 0.000000e+00 0.000000e+00 -1.000000e+00
    outer loop
      vertex   8.306779e+00 -3.265000e+01 0.000000e+00
      vertex   5.536425e+00 -2.302405e+01 0.000000e+00
      vertex   6.107022e+00 -2.376690e+01 0.000000e+00
    endloop
  endfacet
  facet normal 0.000000e+00 0.000000e+00 -1.000000e+00
    outer loop
      vertex   8.306779e+00 -3.265000e+01 0.000000e+00
      vertex   6.107022e+00 -2.376690e+01 0.000000e+00
      vertex   6.620389e+00 -2.455039e+01 0.000000e+00
    endloop
  endfacet
  facet normal 0.000000e+00 0.000000e+00 -1.000000e+00
    outer loop
      vertex   6.620389e+00 -2.455039e+01 0.000000e+00
      vertex   7.073644e+00 -2.537013e+01 0.000000e+00
      vertex   8.306779e+00 -3.265000e+01 0.000000e+00
    endloop
  endfacet
  facet normal 0.000000e+00 0.000000e+00 -1.000000e+00
    outer loop
      vertex   8.306779e+00 -3.265000e+01 0.000000e+00
      vertex   7.073644e+00 -2.537013e+01 0.000000e+00
      vertex   7.464242e+00 -2.622150e+01 0.000000e+00
    endloop
  endfacet
  facet normal 0.000000e+00 0.000000e+00 -1.000000e+00
    outer loop
      vertex   8.306779e+00 -3.265000e+01 0.000000e+00
      vertex   7.464242e+00 -2.622150e+01 0.000000e+00
      vertex   7.789989e+00 -2.709974e+01 0.000000e+00
    endloop
  endfacet
  facet normal 0.000000e+00 0.000000e+00 -1.000000e+00
    outer loop
      vertex   7.789989e+00 -2.709974e+01 0.000000e+00
      vertex   8.049056e+00 -2.799990e+01 0.000000e+00
      vertex   8.306779e+00 -3.265000e+01 0.000000e+00
    endloop
  endfacet
  facet normal 0.000000e+00 0.000000e+00 -1.000000e+00
    outer loop
      vertex   8.306779e+00 -3.265000e+01 0.000000e+00
      vertex   8.049056e+00 -2.799990e+01 0.000000e+00
      vertex   8.239989e+00 -2.891694e+01 0.000000e+00
    endloop
  endfacet
  facet normal 0.000000e+00 0.000000e+00 -1.000000e+00
    outer loop
      vertex   8.306779e+00 -3.265000e+01 0.000000e+00
      vertex   8.239989e+00 -2.891694e+01 0.000000e+00
      vertex   8.361715e+00 -2.984570e+01 0.000000e+00
    endloop
  endfacet
  facet normal -0.000000e+00 0.000000e+00 -1.000000e+00
    outer loop
      vertex   8.413550e+00 -3.078096e+01 0.000000e+00
      vertex   8.395204e+00 -3.171748e+01 0.000000e+00
      vertex   8.361715e+00 -2.984570e+01 0.000000e+00
    endloop
  endfacet
  facet normal 0.000000e+00 -0.000000e+00 -1.000000e+00
    outer loop
      vertex   8.361715e+00 -2.984570e+01 0.000000e+00
      vertex   8.395204e+00 -3.171748e+01 0.000000e+00
      vertex   8.306779e+00 -3.265000e+01 0.000000e+00
    endloop
  endfacet
  facet normal 0.000000e+00 0.000000e+00 -1.000000e+00
    outer loop
      vertex   8.306779e+00 -3.265000e+01 0.000000e+00
      vertex   -4.750000e+00 -3.265000e+01 0.000000e+00
      vertex   5.228625e+00 -2.260609e+01 0.000000e+00
    endloop
  endfacet
  facet normal -0.000000e+00 0.000000e+00 -1.000000e+00
    outer loop
      vertex   5.228625e+00 -2.260609e+01 0.000000e+00
      vertex   -4.750000e+00 -3.265000e+01 0.000000e+00
      vertex   4.971002e+00 -2.215547e+01 0.000000e+00
    endloop
  endfacet
  facet normal -0.000000e+00 0.000000e+00 -1.000000e+00
    outer loop
      vertex   4.971002e+00 -2.215547e+01 0.000000e+00
      vertex   -4.750000e+00 -3.265000e+01 0.000000e+00
      vertex   4.766985e+00 -2.167818e+01 0.000000e+00
    endloop
  endfacet
  facet normal -0.000000e+00 0.000000e+00 -1.000000e+00
    outer loop
      vertex   4.766985e+00 -2.167818e+01 0.000000e+00
      vertex   -4.750000e+00 -3.265000e+01 0.000000e+00
      vertex   4.619288e+00 -2.118057e+01 0.000000e+00
    endloop
  endfacet
  facet normal 0.000000e+00 0.000000e+00 -1.000000e+00
    outer loop
      vertex   4.619288e+00 -2.118057e+01 0.000000e+00
      vertex   -4.750000e+00 -3.265000e+01 0.000000e+00
      vertex   -4.750000e+00 -2.465000e+01 0.000000e+00
    endloop
  endfacet
  facet normal -0.000000e+00 0.000000e+00 -1.000000e+00
    outer loop
      vertex   4.619288e+00 -2.118057e+01 0.000000e+00
      vertex   -4.750000e+00 -2.465000e+01 0.000000e+00
      vertex   4.529877e+00 -2.066926e+01 0.000000e+00
    endloop
  endfacet
  facet normal -0.000000e+00 0.000000e+00 -1.000000e+00
    outer loop
      vertex   4.529877e+00 -2.066926e+01 0.000000e+00
      vertex   -4.750000e+00 -2.465000e+01 0.000000e+00
      vertex   4.499940e+00 -2.015106e+01 0.000000e+00
    endloop
  endfacet
  facet normal -0.000000e+00 0.000000e+00 -1.000000e+00
    outer loop
      vertex   4.499940e+00 -2.015106e+01 0.000000e+00
      vertex   -4.750000e+00 -2.465000e+01 0.000000e+00
      vertex   -2.188353e-01 -2.640949e+00 0.000000e+00
    endloop
  endfacet
  facet normal 0.000000e+00 0.000000e+00 -1.000000e+00
    outer loop
      vertex   4.499940e+00 -2.015106e+01 0.000000e+00
      vertex   -2.188353e-01 -2.640949e+00 0.000000e+00
      vertex   2.188353e-01 -2.640949e+00 0.000000e+00
    endloop
  endfacet
  facet normal 0.000000e+00 0.000000e+00 -1.000000e+00
    outer loop
      vertex   -4.750000e+00 3.500000e-01 0.000000e+00
      vertex   -2.330605e+00 -1.261261e+00 0.000000e+00
      vertex   -4.750000e+00 -2.465000e+01 0.000000e+00
    endloop
  endfacet
  facet normal 0.000000e+00 0.000000e+00 -1.000000e+00
    outer loop
      vertex   -4.750000e+00 -2.465000e+01 0.000000e+00
      vertex   -2.330605e+00 -1.261261e+00 0.000000e+00
      vertex   -2.091222e+00 -1.627664e+00 0.000000e+00
    endloop
  endfacet
  facet normal 0.000000e+00 0.000000e+00 -1.000000e+00
    outer loop
      vertex   -4.750000e+00 -2.465000e+01 0.000000e+00
      vertex   -2.091222e+00 -1.627664e+00 0.000000e+00
      vertex   -1.794796e+00 -1.949668e+00 0.000000e+00
    endloop
  endfacet
  facet normal 0.000000e+00 -0.000000e+00 -1.000000e+00
    outer loop
      vertex   -4.717190e+00 8.924151e-01 0.000000e+00
      vertex   -4.619238e+00 1.426920e+00 0.000000e+00
      vertex   -4.750000e+00 3.500000e-01 0.000000e+00
    endloop
  endfacet
  facet normal 0.000000e+00 0.000000e+00 -1.000000e+00
    outer loop
      vertex   -4.750000e+00 3.500000e-01 0.000000e+00
      vertex   -4.619238e+00 1.426920e+00 0.000000e+00
      vertex   -4.457573e+00 1.945722e+00 0.000000e+00
    endloop
  endfacet
  facet normal 0.000000e+00 0.000000e+00 -1.000000e+00
    outer loop
      vertex   -4.750000e+00 3.500000e-01 0.000000e+00
      vertex   -4.457573e+00 1.945722e+00 0.000000e+00
      vertex   -2.650000e+00 -3.245314e-16 0.000000e+00
    endloop
  endfacet
  facet normal 0.000000e+00 0.000000e+00 -1.000000e+00
    outer loop
      vertex   -2.650000e+00 -3.245314e-16 0.000000e+00
      vertex   -4.457573e+00 1.945722e+00 0.000000e+00
      vertex   -4.234552e+00 2.441254e+00 0.000000e+00
    endloop
  endfacet
  facet normal 0.000000e+00 0.000000e+00 -1.000000e+00
    outer loop
      vertex   -2.650000e+00 -3.245314e-16 0.000000e+00
      vertex   -4.234552e+00 2.441254e+00 0.000000e+00
      vertex   -3.953427e+00 2.906291e+00 0.000000e+00
    endloop
  endfacet
  facet normal 0.000000e+00 0.000000e+00 -1.000000e+00
    outer loop
      vertex   -2.650000e+00 -3.245314e-16 0.000000e+00
      vertex   -3.953427e+00 2.906291e+00 0.000000e+00
      vertex   -2.613857e+00 4.361757e-01 0.000000e+00
    endloop
  endfacet
  facet normal 0.000000e+00 0.000000e+00 -1.000000e+00
    outer loop
      vertex   -2.613857e+00 4.361757e-01 0.000000e+00
      vertex   -3.953427e+00 2.906291e+00 0.000000e+00
      vertex   -3.618298e+00 3.334052e+00 0.000000e+00
    endloop
  endfacet
  facet normal 0.000000e+00 0.000000e+00 -1.000000e+00
    outer loop
      vertex   -2.613857e+00 4.361757e-01 0.000000e+00
      vertex   -3.618298e+00 3.334052e+00 0.000000e+00
      vertex   -3.234052e+00 3.718298e+00 0.000000e+00
    endloop
  endfacet
  facet normal 0.000000e+00 0.000000e+00 -1.000000e+00
    outer loop
      vertex   -2.613857e+00 4.361757e-01 0.000000e+00
      vertex   -3.234052e+00 3.718298e+00 0.000000e+00
      vertex   -2.506416e+00 8.604536e-01 0.000000e+00
    endloop
  endfacet
  facet normal 0.000000e+00 0.000000e+00 -1.000000e+00
    outer loop
      vertex   -2.506416e+00 8.604536e-01 0.000000e+00
      vertex   -3.234052e+00 3.718298e+00 0.000000e+00
      vertex   -2.806291e+00 4.053427e+00 0.000000e+00
    endloop
  endfacet
  facet normal 0.000000e+00 0.000000e+00 -1.000000e+00
    outer loop
      vertex   -2.506416e+00 8.604536e-01 0.000000e+00
      vertex   -2.806291e+00 4.053427e+00 0.000000e+00
      vertex   -2.330605e+00 1.261261e+00 0.000000e+00
    endloop
  endfacet
  facet normal 0.000000e+00 0.000000e+00 -1.000000e+00
    outer loop
      vertex   -2.330605e+00 1.261261e+00 0.000000e+00
      vertex   -2.806291e+00 4.053427e+00 0.000000e+00
      vertex   -2.091222e+00 1.627664e+00 0.000000e+00
    endloop
  endfacet
  facet normal 0.000000e+00 0.000000e+00 -1.000000e+00
    outer loop
      vertex   -2.091222e+00 1.627664e+00 0.000000e+00
      vertex   -2.806291e+00 4.053427e+00 0.000000e+00
      vertex   -2.341254e+00 4.334552e+00 0.000000e+00
    endloop
  endfacet
  facet normal 0.000000e+00 0.000000e+00 -1.000000e+00
    outer loop
      vertex   -2.091222e+00 1.627664e+00 0.000000e+00
      vertex   -2.341254e+00 4.334552e+00 0.000000e+00
      vertex   -1.794796e+00 1.949668e+00 0.000000e+00
    endloop
  endfacet
  facet normal 0.000000e+00 0.000000e+00 -1.000000e+00
    outer loop
      vertex   -1.794796e+00 1.949668e+00 0.000000e+00
      vertex   -2.341254e+00 4.334552e+00 0.000000e+00
      vertex   -1.845722e+00 4.557573e+00 0.000000e+00
    endloop
  endfacet
  facet normal 0.000000e+00 0.000000e+00 -1.000000e+00
    outer loop
      vertex   -1.794796e+00 1.949668e+00 0.000000e+00
      vertex   -1.845722e+00 4.557573e+00 0.000000e+00
      vertex   -1.449413e+00 2.218491e+00 0.000000e+00
    endloop
  endfacet
  facet normal 0.000000e+00 0.000000e+00 -1.000000e+00
    outer loop
      vertex   -1.449413e+00 2.218491e+00 0.000000e+00
      vertex   -1.845722e+00 4.557573e+00 0.000000e+00
      vertex   -1.326920e+00 4.719238e+00 0.000000e+00
    endloop
  endfacet
  facet normal 0.000000e+00 0.000000e+00 -1.000000e+00
    outer loop
      vertex   -1.449413e+00 2.218491e+00 0.000000e+00
      vertex   -1.326920e+00 4.719238e+00 0.000000e+00
      vertex   -1.064493e+00 2.426799e+00 0.000000e+00
    endloop
  endfacet
  facet normal 0.000000e+00 0.000000e+00 -1.000000e+00
    outer loop
      vertex   -1.064493e+00 2.426799e+00 0.000000e+00
      vertex   -1.326920e+00 4.719238e+00 0.000000e+00
      vertex   -7.924151e-01 4.817190e+00 0.000000e+00
    endloop
  endfacet
  facet normal 0.000000e+00 0.000000e+00 -1.000000e+00
    outer loop
      vertex   -1.064493e+00 2.426799e+00 0.000000e+00
      vertex   -7.924151e-01 4.817190e+00 0.000000e+00
      vertex   -6.505365e-01 2.568911e+00 0.000000e+00
    endloop
  endfacet
  facet normal 0.000000e+00 0.000000e+00 -1.000000e+00
    outer loop
      vertex   -6.505365e-01 2.568911e+00 0.000000e+00
      vertex   -7.924151e-01 4.817190e+00 0.000000e+00
      vertex   -2.500000e-01 4.850000e+00 0.000000e+00
    endloop
  endfacet
  facet normal 0.000000e+00 0.000000e+00 -1.000000e+00
    outer loop
      vertex   -6.505365e-01 2.568911e+00 0.000000e+00
      vertex   -2.500000e-01 4.850000e+00 0.000000e+00
      vertex   -2.188353e-01 2.640949e+00 0.000000e+00
    endloop
  endfacet
  facet normal 0.000000e+00 0.000000e+00 -1.000000e+00
    outer loop
      vertex   -2.188353e-01 2.640949e+00 0.000000e+00
      vertex   -2.500000e-01 4.850000e+00 0.000000e+00
      vertex   2.499403e-01 4.850000e+00 0.000000e+00
    endloop
  endfacet
  facet normal 0.000000e+00 0.000000e+00 -1.000000e+00
    outer loop
      vertex   -2.188353e-01 2.640949e+00 0.000000e+00
      vertex   2.499403e-01 4.850000e+00 0.000000e+00
      vertex   2.188353e-01 2.640949e+00 0.000000e+00
    endloop
  endfacet
  facet normal 0.000000e+00 0.000000e+00 -1.000000e+00
    outer loop
      vertex   2.188353e-01 2.640949e+00 0.000000e+00
      vertex   2.499403e-01 4.850000e+00 0.000000e+00
      vertex   6.505365e-01 2.568911e+00 0.000000e+00
    endloop
  endfacet
  facet normal 0.000000e+00 0.000000e+00 -1.000000e+00
    outer loop
      vertex   6.505365e-01 2.568911e+00 0.000000e+00
      vertex   2.499403e-01 4.850000e+00 0.000000e+00
      vertex   8.046806e-01 4.815676e+00 0.000000e+00
    endloop
  endfacet
  facet normal 0.000000e+00 0.000000e+00 -1.000000e+00
    outer loop
      vertex   6.505365e-01 2.568911e+00 0.000000e+00
      vertex   8.046806e-01 4.815676e+00 0.000000e+00
      vertex   1.064493e+00 2.426799e+00 0.000000e+00
    endloop
  endfacet
  facet normal 0.000000e+00 0.000000e+00 -1.000000e+00
    outer loop
      vertex   1.064493e+00 2.426799e+00 0.000000e+00
      vertex   8.046806e-01 4.815676e+00 0.000000e+00
      vertex   1.350958e+00 4.713228e+00 0.000000e+00
    endloop
  endfacet
  facet normal 0.000000e+00 0.000000e+00 -1.000000e+00
    outer loop
      vertex   1.064493e+00 2.426799e+00 0.000000e+00
      vertex   1.350958e+00 4.713228e+00 0.000000e+00
      vertex   1.449413e+00 2.218491e+00 0.000000e+00
    endloop
  endfacet
  facet normal 0.000000e+00 0.000000e+00 -1.000000e+00
    outer loop
      vertex   1.449413e+00 2.218491e+00 0.000000e+00
      vertex   1.350958e+00 4.713228e+00 0.000000e+00
      vertex   1.880440e+00 4.544219e+00 0.000000e+00
    endloop
  endfacet
  facet normal 0.000000e+00 0.000000e+00 -1.000000e+00
    outer loop
      vertex   1.449413e+00 2.218491e+00 0.000000e+00
      vertex   1.880440e+00 4.544219e+00 0.000000e+00
      vertex   1.794796e+00 1.949668e+00 0.000000e+00
    endloop
  endfacet
  facet normal 0.000000e+00 0.000000e+00 -1.000000e+00
    outer loop
      vertex   1.794796e+00 1.949668e+00 0.000000e+00
      vertex   1.880440e+00 4.544219e+00 0.000000e+00
      vertex   2.385048e+00 4.311226e+00 0.000000e+00
    endloop
  endfacet
  facet normal 0.000000e+00 0.000000e+00 -1.000000e+00
    outer loop
      vertex   1.794796e+00 1.949668e+00 0.000000e+00
      vertex   2.385048e+00 4.311226e+00 0.000000e+00
      vertex   2.091222e+00 1.627664e+00 0.000000e+00
    endloop
  endfacet
  facet normal 0.000000e+00 0.000000e+00 -1.000000e+00
    outer loop
      vertex   2.091222e+00 1.627664e+00 0.000000e+00
      vertex   2.385048e+00 4.311226e+00 0.000000e+00
      vertex   2.330605e+00 1.261261e+00 0.000000e+00
    endloop
  endfacet
  facet normal 0.000000e+00 0.000000e+00 -1.000000e+00
    outer loop
      vertex   2.330605e+00 1.261261e+00 0.000000e+00
      vertex   2.385048e+00 4.311226e+00 0.000000e+00
      vertex   2.857085e+00 4.017805e+00 0.000000e+00
    endloop
  endfacet
  facet normal 0.000000e+00 0.000000e+00 -1.000000e+00
    outer loop
      vertex   2.330605e+00 1.261261e+00 0.000000e+00
      vertex   2.857085e+00 4.017805e+00 0.000000e+00
      vertex   2.506416e+00 8.604536e-01 0.000000e+00
    endloop
  endfacet
  facet normal 0.000000e+00 0.000000e+00 -1.000000e+00
    outer loop
      vertex   2.506416e+00 8.604536e-01 0.000000e+00
      vertex   2.857085e+00 4.017805e+00 0.000000e+00
      vertex   3.289350e+00 3.668431e+00 0.000000e+00
    endloop
  endfacet
  facet normal 0.000000e+00 0.000000e+00 -1.000000e+00
    outer loop
      vertex   2.506416e+00 8.604536e-01 0.000000e+00
      vertex   3.289350e+00 3.668431e+00 0.000000e+00
      vertex   2.613857e+00 4.361757e-01 0.000000e+00
    endloop
  endfacet
  facet normal 0.000000e+00 0.000000e+00 -1.000000e+00
    outer loop
      vertex   2.613857e+00 4.361757e-01 0.000000e+00
      vertex   3.289350e+00 3.668431e+00 0.000000e+00
      vertex   3.675249e+00 3.268435e+00 0.000000e+00
    endloop
  endfacet
  facet normal 0.000000e+00 0.000000e+00 -1.000000e+00
    outer loop
      vertex   2.613857e+00 4.361757e-01 0.000000e+00
      vertex   3.675249e+00 3.268435e+00 0.000000e+00
      vertex   3.678846e+00 -9.496614e-01 0.000000e+00
    endloop
  endfacet
  facet normal 0.000000e+00 0.000000e+00 -1.000000e+00
    outer loop
      vertex   3.678846e+00 -9.496614e-01 0.000000e+00
      vertex   3.675249e+00 3.268435e+00 0.000000e+00
      vertex   3.954980e+00 -4.333078e-01 0.000000e+00
    endloop
  endfacet
  facet normal 0.000000e+00 0.000000e+00 -1.000000e+00
    outer loop
      vertex   3.954980e+00 -4.333078e-01 0.000000e+00
      vertex   3.675249e+00 3.268435e+00 0.000000e+00
      vertex   4.008894e+00 2.823917e+00 0.000000e+00
    endloop
  endfacet
  facet normal 0.000000e+00 0.000000e+00 -1.000000e+00
    outer loop
      vertex   3.954980e+00 -4.333078e-01 0.000000e+00
      vertex   4.008894e+00 2.823917e+00 0.000000e+00
      vertex   4.177166e+00 1.084519e-01 0.000000e+00
    endloop
  endfacet
  facet normal 0.000000e+00 0.000000e+00 -1.000000e+00
    outer loop
      vertex   4.177166e+00 1.084519e-01 0.000000e+00
      vertex   4.008894e+00 2.823917e+00 0.000000e+00
      vertex   4.343102e+00 6.699996e-01 0.000000e+00
    endloop
  endfacet
  facet normal 0.000000e+00 0.000000e+00 -1.000000e+00
    outer loop
      vertex   4.343102e+00 6.699996e-01 0.000000e+00
      vertex   4.008894e+00 2.823917e+00 0.000000e+00
      vertex   4.285196e+00 2.341660e+00 0.000000e+00
    endloop
  endfacet
  facet normal 0.000000e+00 0.000000e+00 -1.000000e+00
    outer loop
      vertex   4.343102e+00 6.699996e-01 0.000000e+00
      vertex   4.285196e+00 2.341660e+00 0.000000e+00
      vertex   4.451067e+00 1.245512e+00 0.000000e+00
    endloop
  endfacet
  facet normal 0.000000e+00 0.000000e+00 -1.000000e+00
    outer loop
      vertex   4.451067e+00 1.245512e+00 0.000000e+00
      vertex   4.285196e+00 2.341660e+00 0.000000e+00
      vertex   4.499940e+00 1.829020e+00 0.000000e+00
    endloop
  endfacet
  facet normal 0.000000e+00 0.000000e+00 -1.000000e+00
    outer loop
      vertex   2.613857e+00 4.361757e-01 0.000000e+00
      vertex   3.678846e+00 -9.496614e-01 0.000000e+00
      vertex   2.650000e+00 0.000000e+00 0.000000e+00
    endloop
  endfacet
  facet normal 0.000000e+00 0.000000e+00 -1.000000e+00
    outer loop
      vertex   2.650000e+00 0.000000e+00 0.000000e+00
      vertex   3.678846e+00 -9.496614e-01 0.000000e+00
      vertex   3.461933e+00 -1.369370e+00 0.000000e+00
    endloop
  endfacet
  facet normal 0.000000e+00 -0.000000e+00 -1.000000e+00
    outer loop
      vertex   2.650000e+00 0.000000e+00 0.000000e+00
      vertex   3.461933e+00 -1.369370e+00 0.000000e+00
      vertex   2.613857e+00 -4.361757e-01 0.000000e+00
    endloop
  endfacet
  facet normal 0.000000e+00 0.000000e+00 -1.000000e+00
    outer loop
      vertex   2.613857e+00 -4.361757e-01 0.000000e+00
      vertex   3.461933e+00 -1.369370e+00 0.000000e+00
      vertex   3.301263e+00 -1.813659e+00 0.000000e+00
    endloop
  endfacet
  facet normal 0.000000e+00 -0.000000e+00 -1.000000e+00
    outer loop
      vertex   2.613857e+00 -4.361757e-01 0.000000e+00
      vertex   3.301263e+00 -1.813659e+00 0.000000e+00
      vertex   2.506416e+00 -8.604536e-01 0.000000e+00
    endloop
  endfacet
  facet normal 0.000000e+00 0.000000e+00 -1.000000e+00
    outer loop
      vertex   2.506416e+00 -8.604536e-01 0.000000e+00
      vertex   3.301263e+00 -1.813659e+00 0.000000e+00
      vertex   3.199551e+00 -2.275029e+00 0.000000e+00
    endloop
  endfacet
  facet normal 0.000000e+00 -0.000000e+00 -1.000000e+00
    outer loop
      vertex   2.506416e+00 -8.604536e-01 0.000000e+00
      vertex   3.199551e+00 -2.275029e+00 0.000000e+00
      vertex   2.330605e+00 -1.261261e+00 0.000000e+00
    endloop
  endfacet
  facet normal 0.000000e+00 0.000000e+00 -1.000000e+00
    outer loop
      vertex   2.330605e+00 -1.261261e+00 0.000000e+00
      vertex   3.199551e+00 -2.275029e+00 0.000000e+00
      vertex   3.158512e+00 -2.745691e+00 0.000000e+00
    endloop
  endfacet
  facet normal 0.000000e+00 -0.000000e+00 -1.000000e+00
    outer loop
      vertex   2.330605e+00 -1.261261e+00 0.000000e+00
      vertex   3.158512e+00 -2.745691e+00 0.000000e+00
      vertex   2.091222e+00 -1.627664e+00 0.000000e+00
    endloop
  endfacet
  facet normal 0.000000e+00 0.000000e+00 -1.000000e+00
    outer loop
      vertex   2.091222e+00 -1.627664e+00 0.000000e+00
      vertex   3.158512e+00 -2.745691e+00 0.000000e+00
      vertex   3.178838e+00 -3.217701e+00 0.000000e+00
    endloop
  endfacet
  facet normal 0.000000e+00 -0.000000e+00 -1.000000e+00
    outer loop
      vertex   2.091222e+00 -1.627664e+00 0.000000e+00
      vertex   3.178838e+00 -3.217701e+00 0.000000e+00
      vertex   1.794796e+00 -1.949668e+00 0.000000e+00
    endloop
  endfacet
  facet normal 0.000000e+00 0.000000e+00 -1.000000e+00
    outer loop
      vertex   1.794796e+00 -1.949668e+00 0.000000e+00
      vertex   3.178838e+00 -3.217701e+00 0.000000e+00
      vertex   3.260188e+00 -3.683093e+00 0.000000e+00
    endloop
  endfacet
  facet normal 0.000000e+00 -0.000000e+00 -1.000000e+00
    outer loop
      vertex   1.794796e+00 -1.949668e+00 0.000000e+00
      vertex   3.260188e+00 -3.683093e+00 0.000000e+00
      vertex   1.449413e+00 -2.218491e+00 0.000000e+00
    endloop
  endfacet
  facet normal 0.000000e+00 0.000000e+00 -1.000000e+00
    outer loop
      vertex   1.449413e+00 -2.218491e+00 0.000000e+00
      vertex   3.260188e+00 -3.683093e+00 0.000000e+00
      vertex   3.401188e+00 -4.134010e+00 0.000000e+00
    endloop
  endfacet
  facet normal 0.000000e+00 -0.000000e+00 -1.000000e+00
    outer loop
      vertex   1.449413e+00 -2.218491e+00 0.000000e+00
      vertex   3.401188e+00 -4.134010e+00 0.000000e+00
      vertex   1.064493e+00 -2.426799e+00 0.000000e+00
    endloop
  endfacet
  facet normal 0.000000e+00 0.000000e+00 -1.000000e+00
    outer loop
      vertex   1.064493e+00 -2.426799e+00 0.000000e+00
      vertex   3.401188e+00 -4.134010e+00 0.000000e+00
      vertex   3.599458e+00 -4.562841e+00 0.000000e+00
    endloop
  endfacet
  facet normal 0.000000e+00 -0.000000e+00 -1.000000e+00
    outer loop
      vertex   1.064493e+00 -2.426799e+00 0.000000e+00
      vertex   3.599458e+00 -4.562841e+00 0.000000e+00
      vertex   6.505365e-01 -2.568911e+00 0.000000e+00
    endloop
  endfacet
  facet normal 0.000000e+00 0.000000e+00 -1.000000e+00
    outer loop
      vertex   6.505365e-01 -2.568911e+00 0.000000e+00
      vertex   3.599458e+00 -4.562841e+00 0.000000e+00
      vertex   4.499940e+00 -2.015106e+01 0.000000e+00
    endloop
  endfacet
  facet normal 0.000000e+00 -0.000000e+00 -1.000000e+00
    outer loop
      vertex   6.505365e-01 -2.568911e+00 0.000000e+00
      vertex   4.499940e+00 -2.015106e+01 0.000000e+00
      vertex   2.188353e-01 -2.640949e+00 0.000000e+00
    endloop
  endfacet
  facet normal 0.000000e+00 0.000000e+00 -1.000000e+00
    outer loop
      vertex   3.599458e+00 -4.562841e+00 0.000000e+00
      vertex   3.851651e+00 -4.962349e+00 0.000000e+00
      vertex   4.499940e+00 -2.015106e+01 0.000000e+00
    endloop
  endfacet
  facet normal 0.000000e+00 0.000000e+00 -1.000000e+00
    outer loop
      vertex   4.499940e+00 -2.015106e+01 0.000000e+00
      vertex   3.851651e+00 -4.962349e+00 0.000000e+00
      vertex   4.153510e+00 -5.325788e+00 0.000000e+00
    endloop
  endfacet
  facet normal 0.000000e+00 0.000000e+00 -1.000000e+00
    outer loop
      vertex   4.499940e+00 -2.015106e+01 0.000000e+00
      vertex   4.153510e+00 -5.325788e+00 0.000000e+00
      vertex   4.499940e+00 -5.647025e+00 0.000000e+00
    endloop
  endfacet
  facet normal -0.000000e+00 -0.000000e+00 -1.000000e+00
    outer loop
      vertex   -2.650000e+00 -3.245314e-16 0.000000e+00
      vertex   -2.613857e+00 -4.361757e-01 0.000000e+00
      vertex   -4.750000e+00 3.500000e-01 0.000000e+00
    endloop
  endfacet
  facet normal 0.000000e+00 0.000000e+00 -1.000000e+00
    outer loop
      vertex   -4.750000e+00 3.500000e-01 0.000000e+00
      vertex   -2.613857e+00 -4.361757e-01 0.000000e+00
      vertex   -2.506416e+00 -8.604536e-01 0.000000e+00
    endloop
  endfacet
  facet normal 0.000000e+00 0.000000e+00 -1.000000e+00
    outer loop
      vertex   -4.750000e+00 3.500000e-01 0.000000e+00
      vertex   -2.506416e+00 -8.604536e-01 0.000000e+00
      vertex   -2.330605e+00 -1.261261e+00 0.000000e+00
    endloop
  endfacet
  facet normal 0.000000e+00 -0.000000e+00 -1.000000e+00
    outer loop
      vertex   -1.794796e+00 -1.949668e+00 0.000000e+00
      vertex   -1.449413e+00 -2.218491e+00 0.000000e+00
      vertex   -4.750000e+00 -2.465000e+01 0.000000e+00
    endloop
  endfacet
  facet normal 0.000000e+00 0.000000e+00 -1.000000e+00
    outer loop
      vertex   -4.750000e+00 -2.465000e+01 0.000000e+00
      vertex   -1.449413e+00 -2.218491e+00 0.000000e+00
      vertex   -1.064493e+00 -2.426799e+00 0.000000e+00
    endloop
  endfacet
  facet normal 0.000000e+00 0.000000e+00 -1.000000e+00
    outer loop
      vertex   -4.750000e+00 -2.465000e+01 0.000000e+00
      vertex   -1.064493e+00 -2.426799e+00 0.000000e+00
      vertex   -6.505365e-01 -2.568911e+00 0.000000e+00
    endloop
  endfacet
  facet normal 0.000000e+00 -0.000000e+00 -1.000000e+00
    outer loop
      vertex   -6.505365e-01 -2.568911e+00 0.000000e+00
      vertex   -2.188353e-01 -2.640949e+00 0.000000e+00
      vertex   -4.750000e+00 -2.465000e+01 0.000000e+00
    endloop
  endfacet
  facet normal 9.965106e-01 -8.346572e-02 3.444480e-16
    outer loop
      vertex   4.499940e+00 1.829020e+00 0.000000e+00
      vertex   4.499940e+00 1.829020e+00 3.000000e+00
      vertex   4.451067e+00 1.245512e+00 0.000000e+00
    endloop
  endfacet
  facet normal 9.965106e-01 -8.346572e-02 -1.900054e-16
    outer loop
      vertex   4.451067e+00 1.245512e+00 0.000000e+00
      vertex   4.499940e+00 1.829020e+00 3.000000e+00
      vertex   4.451067e+00 1.245512e+00 3.000000e+00
    endloop
  endfacet
  facet normal 9.828548e-01 -1.843810e-01 -5.898559e-17
    outer loop
      vertex   4.451067e+00 1.245512e+00 0.000000e+00
      vertex   4.451067e+00 1.245512e+00 3.000000e+00
      vertex   4.343102e+00 6.699996e-01 0.000000e+00
    endloop
  endfacet
  facet normal 9.828548e-01 -1.843810e-01 3.411734e-17
    outer loop
      vertex   4.343102e+00 6.699996e-01 0.000000e+00
      vertex   4.451067e+00 1.245512e+00 3.000000e+00
      vertex   4.343102e+00 6.699996e-01 3.000000e+00
    endloop
  endfacet
  facet normal 9.590065e-01 -2.833842e-01 5.243661e-17
    outer loop
      vertex   4.343102e+00 6.699996e-01 0.000000e+00
      vertex   4.343102e+00 6.699996e-01 3.000000e+00
      vertex   4.177166e+00 1.084519e-01 0.000000e+00
    endloop
  endfacet
  facet normal 9.590065e-01 -2.833842e-01 -3.712086e-16
    outer loop
      vertex   4.177166e+00 1.084519e-01 0.000000e+00
      vertex   4.343102e+00 6.699996e-01 3.000000e+00
      vertex   4.177166e+00 1.084519e-01 3.000000e+00
    endloop
  endfacet
  facet normal 9.252128e-01 -3.794486e-01 -2.845407e-16
    outer loop
      vertex   4.177166e+00 1.084519e-01 0.000000e+00
      vertex   4.177166e+00 1.084519e-01 3.000000e+00
      vertex   3.954980e+00 -4.333078e-01 0.000000e+00
    endloop
  endfacet
  facet normal 9.252128e-01 -3.794486e-01 -2.106363e-17
    outer loop
      vertex   3.954980e+00 -4.333078e-01 0.000000e+00
      vertex   4.177166e+00 1.084519e-01 3.000000e+00
      vertex   3.954980e+00 -4.333078e-01 3.000000e+00
    endloop
  endfacet
  facet normal 8.818244e-01 -4.715779e-01 -2.617783e-17
    outer loop
      vertex   3.954980e+00 -4.333078e-01 0.000000e+00
      vertex   3.954980e+00 -4.333078e-01 3.000000e+00
      vertex   3.678846e+00 -9.496614e-01 0.000000e+00
    endloop
  endfacet
  facet normal 8.818244e-01 -4.715779e-01 0.000000e+00
    outer loop
      vertex   3.678846e+00 -9.496614e-01 0.000000e+00
      vertex   3.954980e+00 -4.333078e-01 3.000000e+00
      vertex   3.678846e+00 -9.496614e-01 3.000000e+00
    endloop
  endfacet
  facet normal 8.883705e-01 -4.591273e-01 0.000000e+00
    outer loop
      vertex   3.678846e+00 -9.496614e-01 0.000000e+00
      vertex   3.678846e+00 -9.496614e-01 3.000000e+00
      vertex   3.461933e+00 -1.369370e+00 0.000000e+00
    endloop
  endfacet
  facet normal 8.883705e-01 -4.591273e-01 -1.019467e-16
    outer loop
      vertex   3.461933e+00 -1.369370e+00 0.000000e+00
      vertex   3.678846e+00 -9.496614e-01 3.000000e+00
      vertex   3.461933e+00 -1.369370e+00 3.000000e+00
    endloop
  endfacet
  facet normal 9.403972e-01 -3.400781e-01 -7.551250e-17
    outer loop
      vertex   3.461933e+00 -1.369370e+00 0.000000e+00
      vertex   3.461933e+00 -1.369370e+00 3.000000e+00
      vertex   3.301263e+00 -1.813659e+00 3.000000e+00
    endloop
  endfacet
  facet normal 9.403972e-01 -3.400781e-01 0.000000e+00
    outer loop
      vertex   3.461933e+00 -1.369370e+00 0.000000e+00
      vertex   3.301263e+00 -1.813659e+00 3.000000e+00
      vertex   3.301263e+00 -1.813659e+00 0.000000e+00
    endloop
  endfacet
  facet normal 9.765505e-01 -2.152886e-01 0.000000e+00
    outer loop
      vertex   3.301263e+00 -1.813659e+00 0.000000e+00
      vertex   3.301263e+00 -1.813659e+00 3.000000e+00
      vertex   3.199551e+00 -2.275029e+00 3.000000e+00
    endloop
  endfacet
  facet normal 9.765505e-01 -2.152886e-01 0.000000e+00
    outer loop
      vertex   3.301263e+00 -1.813659e+00 0.000000e+00
      vertex   3.199551e+00 -2.275029e+00 3.000000e+00
      vertex   3.199551e+00 -2.275029e+00 0.000000e+00
    endloop
  endfacet
  facet normal 9.962201e-01 -8.686510e-02 0.000000e+00
    outer loop
      vertex   3.199551e+00 -2.275029e+00 0.000000e+00
      vertex   3.199551e+00 -2.275029e+00 3.000000e+00
      vertex   3.158512e+00 -2.745691e+00 3.000000e+00
    endloop
  endfacet
  facet normal 9.962201e-01 -8.686510e-02 -1.223925e-16
    outer loop
      vertex   3.199551e+00 -2.275029e+00 0.000000e+00
      vertex   3.158512e+00 -2.745691e+00 3.000000e+00
      vertex   3.158512e+00 -2.745691e+00 0.000000e+00
    endloop
  endfacet
  facet normal 9.990740e-01 4.302462e-02 -1.606305e-16
    outer loop
      vertex   3.158512e+00 -2.745691e+00 0.000000e+00
      vertex   3.158512e+00 -2.745691e+00 3.000000e+00
      vertex   3.178838e+00 -3.217701e+00 3.000000e+00
    endloop
  endfacet
  facet normal 9.990740e-01 4.302462e-02 0.000000e+00
    outer loop
      vertex   3.158512e+00 -2.745691e+00 0.000000e+00
      vertex   3.178838e+00 -3.217701e+00 3.000000e+00
      vertex   3.178838e+00 -3.217701e+00 0.000000e+00
    endloop
  endfacet
  facet normal 9.850641e-01 1.721881e-01 -0.000000e+00
    outer loop
      vertex   3.178838e+00 -3.217701e+00 0.000000e+00
      vertex   3.178838e+00 -3.217701e+00 3.000000e+00
      vertex   3.260188e+00 -3.683093e+00 3.000000e+00
    endloop
  endfacet
  facet normal 9.850641e-01 1.721881e-01 0.000000e+00
    outer loop
      vertex   3.178838e+00 -3.217701e+00 0.000000e+00
      vertex   3.260188e+00 -3.683093e+00 3.000000e+00
      vertex   3.260188e+00 -3.683093e+00 0.000000e+00
    endloop
  endfacet
  facet normal 9.544268e-01 2.984451e-01 -0.000000e+00
    outer loop
      vertex   3.260188e+00 -3.683093e+00 0.000000e+00
      vertex   3.260188e+00 -3.683093e+00 3.000000e+00
      vertex   3.401188e+00 -4.134010e+00 3.000000e+00
    endloop
  endfacet
  facet normal 9.544268e-01 2.984451e-01 0.000000e+00
    outer loop
      vertex   3.260188e+00 -3.683093e+00 0.000000e+00
      vertex   3.401188e+00 -4.134010e+00 3.000000e+00
      vertex   3.401188e+00 -4.134010e+00 0.000000e+00
    endloop
  endfacet
  facet normal 9.076793e-01 4.196646e-01 -0.000000e+00
    outer loop
      vertex   3.401188e+00 -4.134010e+00 0.000000e+00
      vertex   3.401188e+00 -4.134010e+00 3.000000e+00
      vertex   3.599458e+00 -4.562841e+00 3.000000e+00
    endloop
  endfacet
  facet normal 9.076793e-01 4.196646e-01 0.000000e+00
    outer loop
      vertex   3.401188e+00 -4.134010e+00 0.000000e+00
      vertex   3.599458e+00 -4.562841e+00 3.000000e+00
      vertex   3.599458e+00 -4.562841e+00 0.000000e+00
    endloop
  endfacet
  facet normal 8.456106e-01 5.338003e-01 -0.000000e+00
    outer loop
      vertex   3.599458e+00 -4.562841e+00 0.000000e+00
      vertex   3.599458e+00 -4.562841e+00 3.000000e+00
      vertex   3.851651e+00 -4.962349e+00 3.000000e+00
    endloop
  endfacet
  facet normal 8.456106e-01 5.338003e-01 0.000000e+00
    outer loop
      vertex   3.599458e+00 -4.562841e+00 0.000000e+00
      vertex   3.851651e+00 -4.962349e+00 3.000000e+00
      vertex   3.851651e+00 -4.962349e+00 0.000000e+00
    endloop
  endfacet
  facet normal 7.692684e-01 6.389257e-01 -0.000000e+00
    outer loop
      vertex   3.851651e+00 -4.962349e+00 0.000000e+00
      vertex   3.851651e+00 -4.962349e+00 3.000000e+00
      vertex   4.153510e+00 -5.325788e+00 3.000000e+00
    endloop
  endfacet
  facet normal 7.692684e-01 6.389257e-01 0.000000e+00
    outer loop
      vertex   3.851651e+00 -4.962349e+00 0.000000e+00
      vertex   4.153510e+00 -5.325788e+00 3.000000e+00
      vertex   4.153510e+00 -5.325788e+00 0.000000e+00
    endloop
  endfacet
  facet normal 6.799414e-01 7.332664e-01 -0.000000e+00
    outer loop
      vertex   4.153510e+00 -5.325788e+00 0.000000e+00
      vertex   4.153510e+00 -5.325788e+00 3.000000e+00
      vertex   4.499940e+00 -5.647025e+00 0.000000e+00
    endloop
  endfacet
  facet normal 6.799414e-01 7.332664e-01 2.013031e-16
    outer loop
      vertex   4.499940e+00 -5.647025e+00 0.000000e+00
      vertex   4.153510e+00 -5.325788e+00 3.000000e+00
      vertex   4.499940e+00 -5.647025e+00 3.000000e+00
    endloop
  endfacet
  facet normal 0.000000e+00 0.000000e+00 1.000000e+00
    outer loop
      vertex   -2.613857e+00 -4.361757e-01 3.000000e+00
      vertex   -2.650000e+00 -3.245314e-16 3.000000e+00
      vertex   -4.750000e+00 3.500000e-01 3.000000e+00
    endloop
  endfacet
  facet normal -0.000000e+00 0.000000e+00 1.000000e+00
    outer loop
      vertex   -4.750000e+00 3.500000e-01 3.000000e+00
      vertex   -2.650000e+00 -3.245314e-16 3.000000e+00
      vertex   -2.613857e+00 4.361757e-01 3.000000e+00
    endloop
  endfacet
  facet normal 0.000000e+00 0.000000e+00 1.000000e+00
    outer loop
      vertex   -4.750000e+00 3.500000e-01 3.000000e+00
      vertex   -2.613857e+00 4.361757e-01 3.000000e+00
      vertex   -4.717190e+00 8.924151e-01 3.000000e+00
    endloop
  endfacet
  facet normal -0.000000e+00 0.000000e+00 1.000000e+00
    outer loop
      vertex   -4.717190e+00 8.924151e-01 3.000000e+00
      vertex   -2.613857e+00 4.361757e-01 3.000000e+00
      vertex   -4.619238e+00 1.426920e+00 3.000000e+00
    endloop
  endfacet
  facet normal 0.000000e+00 0.000000e+00 1.000000e+00
    outer loop
      vertex   -4.619238e+00 1.426920e+00 3.000000e+00
      vertex   -2.613857e+00 4.361757e-01 3.000000e+00
      vertex   -2.506416e+00 8.604536e-01 3.000000e+00
    endloop
  endfacet
  facet normal -0.000000e+00 0.000000e+00 1.000000e+00
    outer loop
      vertex   -4.619238e+00 1.426920e+00 3.000000e+00
      vertex   -2.506416e+00 8.604536e-01 3.000000e+00
      vertex   -4.457573e+00 1.945722e+00 3.000000e+00
    endloop
  endfacet
  facet normal 0.000000e+00 0.000000e+00 1.000000e+00
    outer loop
      vertex   -4.457573e+00 1.945722e+00 3.000000e+00
      vertex   -2.506416e+00 8.604536e-01 3.000000e+00
      vertex   -2.330605e+00 1.261261e+00 3.000000e+00
    endloop
  endfacet
  facet normal -0.000000e+00 0.000000e+00 1.000000e+00
    outer loop
      vertex   -4.457573e+00 1.945722e+00 3.000000e+00
      vertex   -2.330605e+00 1.261261e+00 3.000000e+00
      vertex   -4.234552e+00 2.441254e+00 3.000000e+00
    endloop
  endfacet
  facet normal -0.000000e+00 0.000000e+00 1.000000e+00
    outer loop
      vertex   -4.234552e+00 2.441254e+00 3.000000e+00
      vertex   -2.330605e+00 1.261261e+00 3.000000e+00
      vertex   -3.953427e+00 2.906291e+00 3.000000e+00
    endloop
  endfacet
  facet normal 0.000000e+00 0.000000e+00 1.000000e+00
    outer loop
      vertex   -3.953427e+00 2.906291e+00 3.000000e+00
      vertex   -2.330605e+00 1.261261e+00 3.000000e+00
      vertex   -2.091222e+00 1.627664e+00 3.000000e+00
    endloop
  endfacet
  facet normal -0.000000e+00 0.000000e+00 1.000000e+00
    outer loop
      vertex   -3.953427e+00 2.906291e+00 3.000000e+00
      vertex   -2.091222e+00 1.627664e+00 3.000000e+00
      vertex   -3.618298e+00 3.334052e+00 3.000000e+00
    endloop
  endfacet
  facet normal -0.000000e+00 0.000000e+00 1.000000e+00
    outer loop
      vertex   -3.618298e+00 3.334052e+00 3.000000e+00
      vertex   -2.091222e+00 1.627664e+00 3.000000e+00
      vertex   -3.234052e+00 3.718298e+00 3.000000e+00
    endloop
  endfacet
  facet normal 0.000000e+00 0.000000e+00 1.000000e+00
    outer loop
      vertex   -3.234052e+00 3.718298e+00 3.000000e+00
      vertex   -2.091222e+00 1.627664e+00 3.000000e+00
      vertex   -1.794796e+00 1.949668e+00 3.000000e+00
    endloop
  endfacet
  facet normal -0.000000e+00 0.000000e+00 1.000000e+00
    outer loop
      vertex   -3.234052e+00 3.718298e+00 3.000000e+00
      vertex   -1.794796e+00 1.949668e+00 3.000000e+00
      vertex   -2.806291e+00 4.053427e+00 3.000000e+00
    endloop
  endfacet
  facet normal 0.000000e+00 0.000000e+00 1.000000e+00
    outer loop
      vertex   -2.806291e+00 4.053427e+00 3.000000e+00
      vertex   -1.794796e+00 1.949668e+00 3.000000e+00
      vertex   -1.449413e+00 2.218491e+00 3.000000e+00
    endloop
  endfacet
  facet normal -0.000000e+00 0.000000e+00 1.000000e+00
    outer loop
      vertex   -2.806291e+00 4.053427e+00 3.000000e+00
      vertex   -1.449413e+00 2.218491e+00 3.000000e+00
      vertex   -2.341254e+00 4.334552e+00 3.000000e+00
    endloop
  endfacet
  facet normal -0.000000e+00 0.000000e+00 1.000000e+00
    outer loop
      vertex   -2.341254e+00 4.334552e+00 3.000000e+00
      vertex   -1.449413e+00 2.218491e+00 3.000000e+00
      vertex   -1.845722e+00 4.557573e+00 3.000000e+00
    endloop
  endfacet
  facet normal 0.000000e+00 0.000000e+00 1.000000e+00
    outer loop
      vertex   -1.845722e+00 4.557573e+00 3.000000e+00
      vertex   -1.449413e+00 2.218491e+00 3.000000e+00
      vertex   -1.064493e+00 2.426799e+00 3.000000e+00
    endloop
  endfacet
  facet normal -0.000000e+00 0.000000e+00 1.000000e+00
    outer loop
      vertex   -1.845722e+00 4.557573e+00 3.000000e+00
      vertex   -1.064493e+00 2.426799e+00 3.000000e+00
      vertex   -1.326920e+00 4.719238e+00 3.000000e+00
    endloop
  endfacet
  facet normal 0.000000e+00 0.000000e+00 1.000000e+00
    outer loop
      vertex   -1.326920e+00 4.719238e+00 3.000000e+00
      vertex   -1.064493e+00 2.426799e+00 3.000000e+00
      vertex   -6.505365e-01 2.568911e+00 3.000000e+00
    endloop
  endfacet
  facet normal -0.000000e+00 0.000000e+00 1.000000e+00
    outer loop
      vertex   -1.326920e+00 4.719238e+00 3.000000e+00
      vertex   -6.505365e-01 2.568911e+00 3.000000e+00
      vertex   -7.924151e-01 4.817190e+00 3.000000e+00
    endloop
  endfacet
  facet normal 0.000000e+00 0.000000e+00 1.000000e+00
    outer loop
      vertex   -7.924151e-01 4.817190e+00 3.000000e+00
      vertex   -6.505365e-01 2.568911e+00 3.000000e+00
      vertex   -2.188353e-01 2.640949e+00 3.000000e+00
    endloop
  endfacet
  facet normal -0.000000e+00 0.000000e+00 1.000000e+00
    outer loop
      vertex   -7.924151e-01 4.817190e+00 3.000000e+00
      vertex   -2.188353e-01 2.640949e+00 3.000000e+00
      vertex   -2.500000e-01 4.850000e+00 3.000000e+00
    endloop
  endfacet
  facet normal -0.000000e+00 0.000000e+00 1.000000e+00
    outer loop
      vertex   -2.500000e-01 4.850000e+00 3.000000e+00
      vertex   -2.188353e-01 2.640949e+00 3.000000e+00
      vertex   2.499403e-01 4.850000e+00 3.000000e+00
    endloop
  endfacet
  facet normal 0.000000e+00 0.000000e+00 1.000000e+00
    outer loop
      vertex   2.499403e-01 4.850000e+00 3.000000e+00
      vertex   -2.188353e-01 2.640949e+00 3.000000e+00
      vertex   2.188353e-01 2.640949e+00 3.000000e+00
    endloop
  endfacet
  facet normal 0.000000e+00 0.000000e+00 1.000000e+00
    outer loop
      vertex   2.499403e-01 4.850000e+00 3.000000e+00
      vertex   2.188353e-01 2.640949e+00 3.000000e+00
      vertex   8.046806e-01 4.815676e+00 3.000000e+00
    endloop
  endfacet
  facet normal 0.000000e+00 0.000000e+00 1.000000e+00
    outer loop
      vertex   8.046806e-01 4.815676e+00 3.000000e+00
      vertex   2.188353e-01 2.640949e+00 3.000000e+00
      vertex   6.505365e-01 2.568911e+00 3.000000e+00
    endloop
  endfacet
  facet normal 0.000000e+00 0.000000e+00 1.000000e+00
    outer loop
      vertex   8.046806e-01 4.815676e+00 3.000000e+00
      vertex   6.505365e-01 2.568911e+00 3.000000e+00
      vertex   1.350958e+00 4.713228e+00 3.000000e+00
    endloop
  endfacet
  facet normal 0.000000e+00 0.000000e+00 1.000000e+00
    outer loop
      vertex   1.350958e+00 4.713228e+00 3.000000e+00
      vertex   6.505365e-01 2.568911e+00 3.000000e+00
      vertex   1.064493e+00 2.426799e+00 3.000000e+00
    endloop
  endfacet
  facet normal 0.000000e+00 0.000000e+00 1.000000e+00
    outer loop
      vertex   1.350958e+00 4.713228e+00 3.000000e+00
      vertex   1.064493e+00 2.426799e+00 3.000000e+00
      vertex   1.880440e+00 4.544219e+00 3.000000e+00
    endloop
  endfacet
  facet normal 0.000000e+00 0.000000e+00 1.000000e+00
    outer loop
      vertex   1.880440e+00 4.544219e+00 3.000000e+00
      vertex   1.064493e+00 2.426799e+00 3.000000e+00
      vertex   1.449413e+00 2.218491e+00 3.000000e+00
    endloop
  endfacet
  facet normal 0.000000e+00 0.000000e+00 1.000000e+00
    outer loop
      vertex   1.880440e+00 4.544219e+00 3.000000e+00
      vertex   1.449413e+00 2.218491e+00 3.000000e+00
      vertex   2.385048e+00 4.311226e+00 3.000000e+00
    endloop
  endfacet
  facet normal 0.000000e+00 0.000000e+00 1.000000e+00
    outer loop
      vertex   2.385048e+00 4.311226e+00 3.000000e+00
      vertex   1.449413e+00 2.218491e+00 3.000000e+00
      vertex   2.857085e+00 4.017805e+00 3.000000e+00
    endloop
  endfacet
  facet normal 0.000000e+00 0.000000e+00 1.000000e+00
    outer loop
      vertex   2.857085e+00 4.017805e+00 3.000000e+00
      vertex   1.449413e+00 2.218491e+00 3.000000e+00
      vertex   1.794796e+00 1.949668e+00 3.000000e+00
    endloop
  endfacet
  facet normal 0.000000e+00 0.000000e+00 1.000000e+00
    outer loop
      vertex   2.857085e+00 4.017805e+00 3.000000e+00
      vertex   1.794796e+00 1.949668e+00 3.000000e+00
      vertex   3.289350e+00 3.668431e+00 3.000000e+00
    endloop
  endfacet
  facet normal 0.000000e+00 0.000000e+00 1.000000e+00
    outer loop
      vertex   3.289350e+00 3.668431e+00 3.000000e+00
      vertex   1.794796e+00 1.949668e+00 3.000000e+00
      vertex   2.091222e+00 1.627664e+00 3.000000e+00
    endloop
  endfacet
  facet normal 0.000000e+00 0.000000e+00 1.000000e+00
    outer loop
      vertex   3.289350e+00 3.668431e+00 3.000000e+00
      vertex   2.091222e+00 1.627664e+00 3.000000e+00
      vertex   3.675249e+00 3.268435e+00 3.000000e+00
    endloop
  endfacet
  facet normal 0.000000e+00 0.000000e+00 1.000000e+00
    outer loop
      vertex   3.675249e+00 3.268435e+00 3.000000e+00
      vertex   2.091222e+00 1.627664e+00 3.000000e+00
      vertex   4.008894e+00 2.823917e+00 3.000000e+00
    endloop
  endfacet
  facet normal 0.000000e+00 0.000000e+00 1.000000e+00
    outer loop
      vertex   4.008894e+00 2.823917e+00 3.000000e+00
      vertex   2.091222e+00 1.627664e+00 3.000000e+00
      vertex   2.330605e+00 1.261261e+00 3.000000e+00
    endloop
  endfacet
  facet normal 0.000000e+00 0.000000e+00 1.000000e+00
    outer loop
      vertex   4.008894e+00 2.823917e+00 3.000000e+00
      vertex   2.330605e+00 1.261261e+00 3.000000e+00
      vertex   4.285196e+00 2.341660e+00 3.000000e+00
    endloop
  endfacet
  facet normal 0.000000e+00 0.000000e+00 1.000000e+00
    outer loop
      vertex   4.285196e+00 2.341660e+00 3.000000e+00
      vertex   2.330605e+00 1.261261e+00 3.000000e+00
      vertex   4.499940e+00 1.829020e+00 3.000000e+00
    endloop
  endfacet
  facet normal 0.000000e+00 0.000000e+00 1.000000e+00
    outer loop
      vertex   4.499940e+00 1.829020e+00 3.000000e+00
      vertex   2.330605e+00 1.261261e+00 3.000000e+00
      vertex   4.451067e+00 1.245512e+00 3.000000e+00
    endloop
  endfacet
  facet normal 0.000000e+00 0.000000e+00 1.000000e+00
    outer loop
      vertex   4.451067e+00 1.245512e+00 3.000000e+00
      vertex   2.330605e+00 1.261261e+00 3.000000e+00
      vertex   2.506416e+00 8.604536e-01 3.000000e+00
    endloop
  endfacet
  facet normal 0.000000e+00 0.000000e+00 1.000000e+00
    outer loop
      vertex   4.451067e+00 1.245512e+00 3.000000e+00
      vertex   2.506416e+00 8.604536e-01 3.000000e+00
      vertex   4.343102e+00 6.699996e-01 3.000000e+00
    endloop
  endfacet
  facet normal 0.000000e+00 0.000000e+00 1.000000e+00
    outer loop
      vertex   4.343102e+00 6.699996e-01 3.000000e+00
      vertex   2.506416e+00 8.604536e-01 3.000000e+00
      vertex   2.613857e+00 4.361757e-01 3.000000e+00
    endloop
  endfacet
  facet normal 0.000000e+00 0.000000e+00 1.000000e+00
    outer loop
      vertex   4.343102e+00 6.699996e-01 3.000000e+00
      vertex   2.613857e+00 4.361757e-01 3.000000e+00
      vertex   4.177166e+00 1.084519e-01 3.000000e+00
    endloop
  endfacet
  facet normal 0.000000e+00 0.000000e+00 1.000000e+00
    outer loop
      vertex   4.177166e+00 1.084519e-01 3.000000e+00
      vertex   2.613857e+00 4.361757e-01 3.000000e+00
      vertex   2.650000e+00 0.000000e+00 3.000000e+00
    endloop
  endfacet
  facet normal 0.000000e+00 0.000000e+00 1.000000e+00
    outer loop
      vertex   4.177166e+00 1.084519e-01 3.000000e+00
      vertex   2.650000e+00 0.000000e+00 3.000000e+00
      vertex   3.954980e+00 -4.333078e-01 3.000000e+00
    endloop
  endfacet
  facet normal 0.000000e+00 0.000000e+00 1.000000e+00
    outer loop
      vertex   3.954980e+00 -4.333078e-01 3.000000e+00
      vertex   2.650000e+00 0.000000e+00 3.000000e+00
      vertex   2.613857e+00 -4.361757e-01 3.000000e+00
    endloop
  endfacet
  facet normal 0.000000e+00 0.000000e+00 1.000000e+00
    outer loop
      vertex   3.954980e+00 -4.333078e-01 3.000000e+00
      vertex   2.613857e+00 -4.361757e-01 3.000000e+00
      vertex   3.678846e+00 -9.496614e-01 3.000000e+00
    endloop
  endfacet
  facet normal 0.000000e+00 0.000000e+00 1.000000e+00
    outer loop
      vertex   3.678846e+00 -9.496614e-01 3.000000e+00
      vertex   2.613857e+00 -4.361757e-01 3.000000e+00
      vertex   2.506416e+00 -8.604536e-01 3.000000e+00
    endloop
  endfacet
  facet normal 0.000000e+00 0.000000e+00 1.000000e+00
    outer loop
      vertex   3.678846e+00 -9.496614e-01 3.000000e+00
      vertex   2.506416e+00 -8.604536e-01 3.000000e+00
      vertex   3.461933e+00 -1.369370e+00 3.000000e+00
    endloop
  endfacet
  facet normal 0.000000e+00 0.000000e+00 1.000000e+00
    outer loop
      vertex   3.461933e+00 -1.369370e+00 3.000000e+00
      vertex   2.506416e+00 -8.604536e-01 3.000000e+00
      vertex   2.330605e+00 -1.261261e+00 3.000000e+00
    endloop
  endfacet
  facet normal 0.000000e+00 0.000000e+00 1.000000e+00
    outer loop
      vertex   3.461933e+00 -1.369370e+00 3.000000e+00
      vertex   2.330605e+00 -1.261261e+00 3.000000e+00
      vertex   3.301263e+00 -1.813659e+00 3.000000e+00
    endloop
  endfacet
  facet normal 0.000000e+00 0.000000e+00 1.000000e+00
    outer loop
      vertex   3.301263e+00 -1.813659e+00 3.000000e+00
      vertex   2.330605e+00 -1.261261e+00 3.000000e+00
      vertex   2.091222e+00 -1.627664e+00 3.000000e+00
    endloop
  endfacet
  facet normal 0.000000e+00 0.000000e+00 1.000000e+00
    outer loop
      vertex   3.301263e+00 -1.813659e+00 3.000000e+00
      vertex   2.091222e+00 -1.627664e+00 3.000000e+00
      vertex   3.199551e+00 -2.275029e+00 3.000000e+00
    endloop
  endfacet
  facet normal 0.000000e+00 0.000000e+00 1.000000e+00
    outer loop
      vertex   3.199551e+00 -2.275029e+00 3.000000e+00
      vertex   2.091222e+00 -1.627664e+00 3.000000e+00
      vertex   1.794796e+00 -1.949668e+00 3.000000e+00
    endloop
  endfacet
  facet normal 0.000000e+00 0.000000e+00 1.000000e+00
    outer loop
      vertex   3.199551e+00 -2.275029e+00 3.000000e+00
      vertex   1.794796e+00 -1.949668e+00 3.000000e+00
      vertex   3.158512e+00 -2.745691e+00 3.000000e+00
    endloop
  endfacet
  facet normal 0.000000e+00 0.000000e+00 1.000000e+00
    outer loop
      vertex   3.158512e+00 -2.745691e+00 3.000000e+00
      vertex   1.794796e+00 -1.949668e+00 3.000000e+00
      vertex   1.449413e+00 -2.218491e+00 3.000000e+00
    endloop
  endfacet
  facet normal 0.000000e+00 0.000000e+00 1.000000e+00
    outer loop
      vertex   3.158512e+00 -2.745691e+00 3.000000e+00
      vertex   1.449413e+00 -2.218491e+00 3.000000e+00
      vertex   3.178838e+00 -3.217701e+00 3.000000e+00
    endloop
  endfacet
  facet normal 0.000000e+00 0.000000e+00 1.000000e+00
    outer loop
      vertex   3.178838e+00 -3.217701e+00 3.000000e+00
      vertex   1.449413e+00 -2.218491e+00 3.000000e+00
      vertex   2.630779e+00 -4.127214e+00 3.000000e+00
    endloop
  endfacet
  facet normal 0.000000e+00 0.000000e+00 1.000000e+00
    outer loop
      vertex   3.178838e+00 -3.217701e+00 3.000000e+00
      vertex   2.630779e+00 -4.127214e+00 3.000000e+00
      vertex   3.260188e+00 -3.683093e+00 3.000000e+00
    endloop
  endfacet
  facet normal 0.000000e+00 0.000000e+00 1.000000e+00
    outer loop
      vertex   3.260188e+00 -3.683093e+00 3.000000e+00
      vertex   2.630779e+00 -4.127214e+00 3.000000e+00
      vertex   3.401188e+00 -4.134010e+00 3.000000e+00
    endloop
  endfacet
  facet normal 0.000000e+00 0.000000e+00 1.000000e+00
    outer loop
      vertex   3.401188e+00 -4.134010e+00 3.000000e+00
      vertex   2.630779e+00 -4.127214e+00 3.000000e+00
      vertex   3.599458e+00 -4.562841e+00 3.000000e+00
    endloop
  endfacet
  facet normal 0.000000e+00 0.000000e+00 1.000000e+00
    outer loop
      vertex   3.599458e+00 -4.562841e+00 3.000000e+00
      vertex   2.630779e+00 -4.127214e+00 3.000000e+00
      vertex   3.851651e+00 -4.962349e+00 3.000000e+00
    endloop
  endfacet
  facet normal 0.000000e+00 0.000000e+00 1.000000e+00
    outer loop
      vertex   3.851651e+00 -4.962349e+00 3.000000e+00
      vertex   2.630779e+00 -4.127214e+00 3.000000e+00
      vertex   4.153510e+00 -5.325788e+00 3.000000e+00
    endloop
  endfacet
  facet normal 0.000000e+00 0.000000e+00 1.000000e+00
    outer loop
      vertex   4.153510e+00 -5.325788e+00 3.000000e+00
      vertex   2.630779e+00 -4.127214e+00 3.000000e+00
      vertex   4.499940e+00 -5.647025e+00 3.000000e+00
    endloop
  endfacet
  facet normal 0.000000e+00 0.000000e+00 1.000000e+00
    outer loop
      vertex   2.630779e+00 -4.127214e+00 3.000000e+00
      vertex   1.449413e+00 -2.218491e+00 3.000000e+00
      vertex   2.124733e+00 -4.409128e+00 3.000000e+00
    endloop
  endfacet
  facet normal 0.000000e+00 0.000000e+00 1.000000e+00
    outer loop
      vertex   2.124733e+00 -4.409128e+00 3.000000e+00
      vertex   1.449413e+00 -2.218491e+00 3.000000e+00
      vertex   1.064493e+00 -2.426799e+00 3.000000e+00
    endloop
  endfacet
  facet normal 0.000000e+00 0.000000e+00 1.000000e+00
    outer loop
      vertex   2.124733e+00 -4.409128e+00 3.000000e+00
      vertex   1.064493e+00 -2.426799e+00 3.000000e+00
      vertex   1.588923e+00 -4.629278e+00 3.000000e+00
    endloop
  endfacet
  facet normal 0.000000e+00 0.000000e+00 1.000000e+00
    outer loop
      vertex   1.588923e+00 -4.629278e+00 3.000000e+00
      vertex   1.064493e+00 -2.426799e+00 3.000000e+00
      vertex   6.505365e-01 -2.568911e+00 3.000000e+00
    endloop
  endfacet
  facet normal 0.000000e+00 0.000000e+00 1.000000e+00
    outer loop
      vertex   1.588923e+00 -4.629278e+00 3.000000e+00
      vertex   6.505365e-01 -2.568911e+00 3.000000e+00
      vertex   1.030857e+00 -4.784583e+00 3.000000e+00
    endloop
  endfacet
  facet normal 0.000000e+00 0.000000e+00 1.000000e+00
    outer loop
      vertex   1.030857e+00 -4.784583e+00 3.000000e+00
      vertex   6.505365e-01 -2.568911e+00 3.000000e+00
      vertex   4.583496e-01 -4.872865e+00 3.000000e+00
    endloop
  endfacet
  facet normal 0.000000e+00 -0.000000e+00 1.000000e+00
    outer loop
      vertex   4.583496e-01 -4.872865e+00 3.000000e+00
      vertex   6.505365e-01 -2.568911e+00 3.000000e+00
      vertex   2.188353e-01 -2.640949e+00 3.000000e+00
    endloop
  endfacet
  facet normal 0.000000e+00 0.000000e+00 1.000000e+00
    outer loop
      vertex   4.583496e-01 -4.872865e+00 3.000000e+00
      vertex   2.188353e-01 -2.640949e+00 3.000000e+00
      vertex   -1.205779e-01 -4.892888e+00 3.000000e+00
    endloop
  endfacet
  facet normal 0.000000e+00 -0.000000e+00 1.000000e+00
    outer loop
      vertex   -1.205779e-01 -4.892888e+00 3.000000e+00
      vertex   2.188353e-01 -2.640949e+00 3.000000e+00
      vertex   -2.188353e-01 -2.640949e+00 3.000000e+00
    endloop
  endfacet
  facet normal 0.000000e+00 0.000000e+00 1.000000e+00
    outer loop
      vertex   -1.205779e-01 -4.892888e+00 3.000000e+00
      vertex   -2.188353e-01 -2.640949e+00 3.000000e+00
      vertex   -6.978164e-01 -4.844373e+00 3.000000e+00
    endloop
  endfacet
  facet normal 0.000000e+00 0.000000e+00 1.000000e+00
    outer loop
      vertex   -6.978164e-01 -4.844373e+00 3.000000e+00
      vertex   -2.188353e-01 -2.640949e+00 3.000000e+00
      vertex   -6.505365e-01 -2.568911e+00 3.000000e+00
    endloop
  endfacet
  facet normal 0.000000e+00 -0.000000e+00 1.000000e+00
    outer loop
      vertex   -6.978164e-01 -4.844373e+00 3.000000e+00
      vertex   -6.505365e-01 -2.568911e+00 3.000000e+00
      vertex   -1.265280e+00 -4.727998e+00 3.000000e+00
    endloop
  endfacet
  facet normal 0.000000e+00 0.000000e+00 1.000000e+00
    outer loop
      vertex   -1.265280e+00 -4.727998e+00 3.000000e+00
      vertex   -6.505365e-01 -2.568911e+00 3.000000e+00
      vertex   -1.064493e+00 -2.426799e+00 3.000000e+00
    endloop
  endfacet
  facet normal 0.000000e+00 -0.000000e+00 1.000000e+00
    outer loop
      vertex   -1.265280e+00 -4.727998e+00 3.000000e+00
      vertex   -1.064493e+00 -2.426799e+00 3.000000e+00
      vertex   -1.815019e+00 -4.545393e+00 3.000000e+00
    endloop
  endfacet
  facet normal 0.000000e+00 -0.000000e+00 1.000000e+00
    outer loop
      vertex   -1.815019e+00 -4.545393e+00 3.000000e+00
      vertex   -1.064493e+00 -2.426799e+00 3.000000e+00
      vertex   -2.339334e+00 -4.299117e+00 3.000000e+00
    endloop
  endfacet
  facet normal 0.000000e+00 0.000000e+00 1.000000e+00
    outer loop
      vertex   -2.339334e+00 -4.299117e+00 3.000000e+00
      vertex   -1.064493e+00 -2.426799e+00 3.000000e+00
      vertex   -1.449413e+00 -2.218491e+00 3.000000e+00
    endloop
  endfacet
  facet normal 0.000000e+00 -0.000000e+00 1.000000e+00
    outer loop
      vertex   -2.339334e+00 -4.299117e+00 3.000000e+00
      vertex   -1.449413e+00 -2.218491e+00 3.000000e+00
      vertex   -2.830880e+00 -3.992620e+00 3.000000e+00
    endloop
  endfacet
  facet normal 0.000000e+00 0.000000e+00 1.000000e+00
    outer loop
      vertex   -2.830880e+00 -3.992620e+00 3.000000e+00
      vertex   -1.449413e+00 -2.218491e+00 3.000000e+00
      vertex   -1.794796e+00 -1.949668e+00 3.000000e+00
    endloop
  endfacet
  facet normal 0.000000e+00 -0.000000e+00 1.000000e+00
    outer loop
      vertex   -2.830880e+00 -3.992620e+00 3.000000e+00
      vertex   -1.794796e+00 -1.949668e+00 3.000000e+00
      vertex   -3.282771e+00 -3.630194e+00 3.000000e+00
    endloop
  endfacet
  facet normal 0.000000e+00 0.000000e+00 1.000000e+00
    outer loop
      vertex   -3.282771e+00 -3.630194e+00 3.000000e+00
      vertex   -1.794796e+00 -1.949668e+00 3.000000e+00
      vertex   -2.091222e+00 -1.627664e+00 3.000000e+00
    endloop
  endfacet
  facet normal 0.000000e+00 -0.000000e+00 1.000000e+00
    outer loop
      vertex   -3.282771e+00 -3.630194e+00 3.000000e+00
      vertex   -2.091222e+00 -1.627664e+00 3.000000e+00
      vertex   -3.688677e+00 -3.216917e+00 3.000000e+00
    endloop
  endfacet
  facet normal 0.000000e+00 -0.000000e+00 1.000000e+00
    outer loop
      vertex   -3.688677e+00 -3.216917e+00 3.000000e+00
      vertex   -2.091222e+00 -1.627664e+00 3.000000e+00
      vertex   -4.042913e+00 -2.758577e+00 3.000000e+00
    endloop
  endfacet
  facet normal 0.000000e+00 0.000000e+00 1.000000e+00
    outer loop
      vertex   -4.042913e+00 -2.758577e+00 3.000000e+00
      vertex   -2.091222e+00 -1.627664e+00 3.000000e+00
      vertex   -2.330605e+00 -1.261261e+00 3.000000e+00
    endloop
  endfacet
  facet normal 0.000000e+00 -0.000000e+00 1.000000e+00
    outer loop
      vertex   -4.042913e+00 -2.758577e+00 3.000000e+00
      vertex   -2.330605e+00 -1.261261e+00 3.000000e+00
      vertex   -4.340516e+00 -2.261596e+00 3.000000e+00
    endloop
  endfacet
  facet normal 0.000000e+00 0.000000e+00 1.000000e+00
    outer loop
      vertex   -4.340516e+00 -2.261596e+00 3.000000e+00
      vertex   -2.330605e+00 -1.261261e+00 3.000000e+00
      vertex   -2.506416e+00 -8.604536e-01 3.000000e+00
    endloop
  endfacet
  facet normal 0.000000e+00 -0.000000e+00 1.000000e+00
    outer loop
      vertex   -4.340516e+00 -2.261596e+00 3.000000e+00
      vertex   -2.506416e+00 -8.604536e-01 3.000000e+00
      vertex   -4.577317e+00 -1.732934e+00 3.000000e+00
    endloop
  endfacet
  facet normal 0.000000e+00 -0.000000e+00 1.000000e+00
    outer loop
      vertex   -4.577317e+00 -1.732934e+00 3.000000e+00
      vertex   -2.506416e+00 -8.604536e-01 3.000000e+00
      vertex   -4.750000e+00 -1.179998e+00 3.000000e+00
    endloop
  endfacet
  facet normal 0.000000e+00 0.000000e+00 1.000000e+00
    outer loop
      vertex   -4.750000e+00 -1.179998e+00 3.000000e+00
      vertex   -2.506416e+00 -8.604536e-01 3.000000e+00
      vertex   -2.613857e+00 -4.361757e-01 3.000000e+00
    endloop
  endfacet
  facet normal 0.000000e+00 0.000000e+00 1.000000e+00
    outer loop
      vertex   -4.750000e+00 -1.179998e+00 3.000000e+00
      vertex   -2.613857e+00 -4.361757e-01 3.000000e+00
      vertex   -4.750000e+00 3.500000e-01 3.000000e+00
    endloop
  endfacet
  facet normal -4.866670e-01 8.735876e-01 0.000000e+00
    outer loop
      vertex   2.630779e+00 -4.127214e+00 6.000000e+00
      vertex   2.630779e+00 -4.127214e+00 3.000000e+00
      vertex   2.124733e+00 -4.409128e+00 6.000000e+00
    endloop
  endfacet
  facet normal -4.866670e-01 8.735876e-01 0.000000e+00
    outer loop
      vertex   2.124733e+00 -4.409128e+00 6.000000e+00
      vertex   2.630779e+00 -4.127214e+00 3.000000e+00
      vertex   2.124733e+00 -4.409128e+00 3.000000e+00
    endloop
  endfacet
  facet normal -3.800461e-01 9.249675e-01 0.000000e+00
    outer loop
      vertex   2.124733e+00 -4.409128e+00 6.000000e+00
      vertex   2.124733e+00 -4.409128e+00 3.000000e+00
      vertex   1.588923e+00 -4.629278e+00 6.000000e+00
    endloop
  endfacet
  facet normal -3.800461e-01 9.249675e-01 0.000000e+00
    outer loop
      vertex   1.588923e+00 -4.629278e+00 6.000000e+00
      vertex   2.124733e+00 -4.409128e+00 3.000000e+00
      vertex   1.588923e+00 -4.629278e+00 3.000000e+00
    endloop
  endfacet
  facet normal -2.681016e-01 9.633906e-01 0.000000e+00
    outer loop
      vertex   1.588923e+00 -4.629278e+00 6.000000e+00
      vertex   1.588923e+00 -4.629278e+00 3.000000e+00
      vertex   1.030857e+00 -4.784583e+00 6.000000e+00
    endloop
  endfacet
  facet normal -2.681016e-01 9.633906e-01 0.000000e+00
    outer loop
      vertex   1.030857e+00 -4.784583e+00 6.000000e+00
      vertex   1.588923e+00 -4.629278e+00 3.000000e+00
      vertex   1.030857e+00 -4.784583e+00 3.000000e+00
    endloop
  endfacet
  facet normal -1.524016e-01 9.883187e-01 0.000000e+00
    outer loop
      vertex   1.030857e+00 -4.784583e+00 6.000000e+00
      vertex   1.030857e+00 -4.784583e+00 3.000000e+00
      vertex   4.583496e-01 -4.872865e+00 6.000000e+00
    endloop
  endfacet
  facet normal -1.524016e-01 9.883187e-01 0.000000e+00
    outer loop
      vertex   4.583496e-01 -4.872865e+00 6.000000e+00
      vertex   1.030857e+00 -4.784583e+00 3.000000e+00
      vertex   4.583496e-01 -4.872865e+00 3.000000e+00
    endloop
  endfacet
  facet normal -3.456669e-02 9.994024e-01 0.000000e+00
    outer loop
      vertex   4.583496e-01 -4.872865e+00 6.000000e+00
      vertex   4.583496e-01 -4.872865e+00 3.000000e+00
      vertex   -1.205779e-01 -4.892888e+00 6.000000e+00
    endloop
  endfacet
  facet normal -3.456669e-02 9.994024e-01 0.000000e+00
    outer loop
      vertex   -1.205779e-01 -4.892888e+00 6.000000e+00
      vertex   4.583496e-01 -4.872865e+00 3.000000e+00
      vertex   -1.205779e-01 -4.892888e+00 3.000000e+00
    endloop
  endfacet
  facet normal 8.375239e-02 9.964866e-01 0.000000e+00
    outer loop
      vertex   -1.205779e-01 -4.892888e+00 6.000000e+00
      vertex   -1.205779e-01 -4.892888e+00 3.000000e+00
      vertex   -6.978164e-01 -4.844373e+00 6.000000e+00
    endloop
  endfacet
  facet normal 8.375239e-02 9.964866e-01 0.000000e+00
    outer loop
      vertex   -6.978164e-01 -4.844373e+00 6.000000e+00
      vertex   -1.205779e-01 -4.892888e+00 3.000000e+00
      vertex   -6.978164e-01 -4.844373e+00 3.000000e+00
    endloop
  endfacet
  facet normal 2.008983e-01 9.796121e-01 0.000000e+00
    outer loop
      vertex   -6.978164e-01 -4.844373e+00 6.000000e+00
      vertex   -6.978164e-01 -4.844373e+00 3.000000e+00
      vertex   -1.265280e+00 -4.727998e+00 6.000000e+00
    endloop
  endfacet
  facet normal 2.008983e-01 9.796121e-01 0.000000e+00
    outer loop
      vertex   -1.265280e+00 -4.727998e+00 6.000000e+00
      vertex   -6.978164e-01 -4.844373e+00 3.000000e+00
      vertex   -1.265280e+00 -4.727998e+00 3.000000e+00
    endloop
  endfacet
  facet normal 3.152300e-01 9.490153e-01 0.000000e+00
    outer loop
      vertex   -1.265280e+00 -4.727998e+00 6.000000e+00
      vertex   -1.265280e+00 -4.727998e+00 3.000000e+00
      vertex   -1.815019e+00 -4.545393e+00 6.000000e+00
    endloop
  endfacet
  facet normal 3.152300e-01 9.490153e-01 0.000000e+00
    outer loop
      vertex   -1.815019e+00 -4.545393e+00 6.000000e+00
      vertex   -1.265280e+00 -4.727998e+00 3.000000e+00
      vertex   -1.815019e+00 -4.545393e+00 3.000000e+00
    endloop
  endfacet
  facet normal 4.251460e-01 9.051248e-01 0.000000e+00
    outer loop
      vertex   -1.815019e+00 -4.545393e+00 6.000000e+00
      vertex   -1.815019e+00 -4.545393e+00 3.000000e+00
      vertex   -2.339334e+00 -4.299117e+00 6.000000e+00
    endloop
  endfacet
  facet normal 4.251460e-01 9.051248e-01 0.000000e+00
    outer loop
      vertex   -2.339334e+00 -4.299117e+00 6.000000e+00
      vertex   -1.815019e+00 -4.545393e+00 3.000000e+00
      vertex   -2.339334e+00 -4.299117e+00 3.000000e+00
    endloop
  endfacet
  facet normal 5.291066e-01 8.485553e-01 0.000000e+00
    outer loop
      vertex   -2.339334e+00 -4.299117e+00 6.000000e+00
      vertex   -2.339334e+00 -4.299117e+00 3.000000e+00
      vertex   -2.830880e+00 -3.992620e+00 6.000000e+00
    endloop
  endfacet
  facet normal 5.291066e-01 8.485553e-01 0.000000e+00
    outer loop
      vertex   -2.830880e+00 -3.992620e+00 6.000000e+00
      vertex   -2.339334e+00 -4.299117e+00 3.000000e+00
      vertex   -2.830880e+00 -3.992620e+00 3.000000e+00
    endloop
  endfacet
  facet normal 6.256556e-01 7.800994e-01 0.000000e+00
    outer loop
      vertex   -2.830880e+00 -3.992620e+00 6.000000e+00
      vertex   -2.830880e+00 -3.992620e+00 3.000000e+00
      vertex   -3.282771e+00 -3.630194e+00 6.000000e+00
    endloop
  endfacet
  facet normal 6.256556e-01 7.800994e-01 0.000000e+00
    outer loop
      vertex   -3.282771e+00 -3.630194e+00 6.000000e+00
      vertex   -2.830880e+00 -3.992620e+00 3.000000e+00
      vertex   -3.282771e+00 -3.630194e+00 3.000000e+00
    endloop
  endfacet
  facet normal 7.134404e-01 7.007159e-01 0.000000e+00
    outer loop
      vertex   -3.282771e+00 -3.630194e+00 6.000000e+00
      vertex   -3.282771e+00 -3.630194e+00 3.000000e+00
      vertex   -3.688677e+00 -3.216917e+00 6.000000e+00
    endloop
  endfacet
  facet normal 7.134404e-01 7.007159e-01 0.000000e+00
    outer loop
      vertex   -3.688677e+00 -3.216917e+00 6.000000e+00
      vertex   -3.282771e+00 -3.630194e+00 3.000000e+00
      vertex   -3.688677e+00 -3.216917e+00 3.000000e+00
    endloop
  endfacet
  facet normal 7.912314e-01 6.115169e-01 0.000000e+00
    outer loop
      vertex   -3.688677e+00 -3.216917e+00 6.000000e+00
      vertex   -3.688677e+00 -3.216917e+00 3.000000e+00
      vertex   -4.042913e+00 -2.758577e+00 6.000000e+00
    endloop
  endfacet
  facet normal 7.912314e-01 6.115169e-01 0.000000e+00
    outer loop
      vertex   -4.042913e+00 -2.758577e+00 6.000000e+00
      vertex   -3.688677e+00 -3.216917e+00 3.000000e+00
      vertex   -4.042913e+00 -2.758577e+00 3.000000e+00
    endloop
  endfacet
  facet normal 8.579389e-01 5.137518e-01 0.000000e+00
    outer loop
      vertex   -4.042913e+00 -2.758577e+00 6.000000e+00
      vertex   -4.042913e+00 -2.758577e+00 3.000000e+00
      vertex   -4.340516e+00 -2.261596e+00 6.000000e+00
    endloop
  endfacet
  facet normal 8.579389e-01 5.137518e-01 0.000000e+00
    outer loop
      vertex   -4.340516e+00 -2.261596e+00 6.000000e+00
      vertex   -4.042913e+00 -2.758577e+00 3.000000e+00
      vertex   -4.340516e+00 -2.261596e+00 3.000000e+00
    endloop
  endfacet
  facet normal 9.126284e-01 4.087901e-01 0.000000e+00
    outer loop
      vertex   -4.340516e+00 -2.261596e+00 6.000000e+00
      vertex   -4.340516e+00 -2.261596e+00 3.000000e+00
      vertex   -4.577317e+00 -1.732934e+00 6.000000e+00
    endloop
  endfacet
  facet normal 9.126284e-01 4.087901e-01 0.000000e+00
    outer loop
      vertex   -4.577317e+00 -1.732934e+00 6.000000e+00
      vertex   -4.340516e+00 -2.261596e+00 3.000000e+00
      vertex   -4.577317e+00 -1.732934e+00 3.000000e+00
    endloop
  endfacet
  facet normal 9.545340e-01 2.981021e-01 0.000000e+00
    outer loop
      vertex   -4.577317e+00 -1.732934e+00 6.000000e+00
      vertex   -4.577317e+00 -1.732934e+00 3.000000e+00
      vertex   -4.750000e+00 -1.179998e+00 6.000000e+00
    endloop
  endfacet
  facet normal 9.545340e-01 2.981021e-01 0.000000e+00
    outer loop
      vertex   -4.750000e+00 -1.179998e+00 6.000000e+00
      vertex   -4.577317e+00 -1.732934e+00 3.000000e+00
      vertex   -4.750000e+00 -1.179998e+00 3.000000e+00
    endloop
  endfacet
  facet normal 0.000000e+00 1.000000e+00 0.000000e+00
    outer loop
      vertex   2.499403e-01 4.850000e+00 3.000000e+00
      vertex   2.499403e-01 4.850000e+00 0.000000e+00
      vertex   -2.500000e-01 4.850000e+00 3.000000e+00
    endloop
  endfacet
  facet normal 0.000000e+00 1.000000e+00 0.000000e+00
    outer loop
      vertex   -2.500000e-01 4.850000e+00 3.000000e+00
      vertex   2.499403e-01 4.850000e+00 0.000000e+00
      vertex   -2.500000e-01 4.850000e+00 0.000000e+00
    endloop
  endfacet
  facet normal 6.175569e-02 9.980913e-01 -0.000000e+00
    outer loop
      vertex   2.499403e-01 4.850000e+00 0.000000e+00
      vertex   2.499403e-01 4.850000e+00 3.000000e+00
      vertex   8.046806e-01 4.815676e+00 0.000000e+00
    endloop
  endfacet
  facet normal 6.175569e-02 9.980913e-01 3.183486e-16
    outer loop
      vertex   8.046806e-01 4.815676e+00 0.000000e+00
      vertex   2.499403e-01 4.850000e+00 3.000000e+00
      vertex   8.046806e-01 4.815676e+00 3.000000e+00
    endloop
  endfacet
  facet normal 1.843250e-01 9.828654e-01 3.592005e-16
    outer loop
      vertex   8.046806e-01 4.815676e+00 0.000000e+00
      vertex   8.046806e-01 4.815676e+00 3.000000e+00
      vertex   1.350958e+00 4.713228e+00 0.000000e+00
    endloop
  endfacet
  facet normal 1.843250e-01 9.828654e-01 -0.000000e+00
    outer loop
      vertex   1.350958e+00 4.713228e+00 0.000000e+00
      vertex   8.046806e-01 4.815676e+00 3.000000e+00
      vertex   1.350958e+00 4.713228e+00 3.000000e+00
    endloop
  endfacet
  facet normal 3.040824e-01 9.526457e-01 -0.000000e+00
    outer loop
      vertex   1.350958e+00 4.713228e+00 0.000000e+00
      vertex   1.350958e+00 4.713228e+00 3.000000e+00
      vertex   1.880440e+00 4.544219e+00 0.000000e+00
    endloop
  endfacet
  facet normal 3.040824e-01 9.526457e-01 1.125331e-16
    outer loop
      vertex   1.880440e+00 4.544219e+00 0.000000e+00
      vertex   1.350958e+00 4.713228e+00 3.000000e+00
      vertex   1.880440e+00 4.544219e+00 3.000000e+00
    endloop
  endfacet
  facet normal 4.192010e-01 9.078935e-01 1.551355e-16
    outer loop
      vertex   1.880440e+00 4.544219e+00 0.000000e+00
      vertex   1.880440e+00 4.544219e+00 3.000000e+00
      vertex   2.385048e+00 4.311226e+00 0.000000e+00
    endloop
  endfacet
  facet normal 4.192010e-01 9.078935e-01 -0.000000e+00
    outer loop
      vertex   2.385048e+00 4.311226e+00 0.000000e+00
      vertex   1.880440e+00 4.544219e+00 3.000000e+00
      vertex   2.385048e+00 4.311226e+00 3.000000e+00
    endloop
  endfacet
  facet normal 5.279246e-01 8.492912e-01 -0.000000e+00
    outer loop
      vertex   2.385048e+00 4.311226e+00 0.000000e+00
      vertex   2.385048e+00 4.311226e+00 3.000000e+00
      vertex   2.857085e+00 4.017805e+00 0.000000e+00
    endloop
  endfacet
  facet normal 5.279246e-01 8.492912e-01 -1.732922e-16
    outer loop
      vertex   2.857085e+00 4.017805e+00 0.000000e+00
      vertex   2.385048e+00 4.311226e+00 3.000000e+00
      vertex   2.857085e+00 4.017805e+00 3.000000e+00
    endloop
  endfacet
  facet normal 6.285948e-01 7.777330e-01 -1.372045e-16
    outer loop
      vertex   2.857085e+00 4.017805e+00 0.000000e+00
      vertex   2.857085e+00 4.017805e+00 3.000000e+00
      vertex   3.289350e+00 3.668431e+00 0.000000e+00
    endloop
  endfacet
  facet normal 6.285948e-01 7.777330e-01 -6.623066e-17
    outer loop
      vertex   3.289350e+00 3.668431e+00 0.000000e+00
      vertex   2.857085e+00 4.017805e+00 3.000000e+00
      vertex   3.289350e+00 3.668431e+00 3.000000e+00
    endloop
  endfacet
  facet normal 7.196757e-01 6.943104e-01 1.126446e-17
    outer loop
      vertex   3.289350e+00 3.668431e+00 0.000000e+00
      vertex   3.289350e+00 3.668431e+00 3.000000e+00
      vertex   3.675249e+00 3.268435e+00 0.000000e+00
    endloop
  endfacet
  facet normal 7.196757e-01 6.943104e-01 -2.055572e-16
    outer loop
      vertex   3.675249e+00 3.268435e+00 0.000000e+00
      vertex   3.289350e+00 3.668431e+00 3.000000e+00
      vertex   3.675249e+00 3.268435e+00 3.000000e+00
    endloop
  endfacet
  facet normal 7.997779e-01 6.002960e-01 -1.777233e-16
    outer loop
      vertex   3.675249e+00 3.268435e+00 0.000000e+00
      vertex   3.675249e+00 3.268435e+00 3.000000e+00
      vertex   4.008894e+00 2.823917e+00 0.000000e+00
    endloop
  endfacet
  facet normal 7.997779e-01 6.002960e-01 2.069787e-16
    outer loop
      vertex   4.008894e+00 2.823917e+00 0.000000e+00
      vertex   3.675249e+00 3.268435e+00 3.000000e+00
      vertex   4.008894e+00 2.823917e+00 3.000000e+00
    endloop
  endfacet
  facet normal 8.676794e-01 4.971241e-01 2.930020e-16
    outer loop
      vertex   4.008894e+00 2.823917e+00 0.000000e+00
      vertex   4.008894e+00 2.823917e+00 3.000000e+00
      vertex   4.285196e+00 2.341660e+00 0.000000e+00
    endloop
  endfacet
  facet normal 8.676794e-01 4.971241e-01 -1.110611e-16
    outer loop
      vertex   4.285196e+00 2.341660e+00 0.000000e+00
      vertex   4.008894e+00 2.823917e+00 3.000000e+00
      vertex   4.285196e+00 2.341660e+00 3.000000e+00
    endloop
  endfacet
  facet normal 9.223445e-01 3.863686e-01 -1.290138e-17
    outer loop
      vertex   4.285196e+00 2.341660e+00 0.000000e+00
      vertex   4.285196e+00 2.341660e+00 3.000000e+00
      vertex   4.499940e+00 1.829020e+00 0.000000e+00
    endloop
  endfacet
  facet normal 9.223445e-01 3.863686e-01 4.429266e-17
    outer loop
      vertex   4.499940e+00 1.829020e+00 0.000000e+00
      vertex   4.285196e+00 2.341660e+00 3.000000e+00
      vertex   4.499940e+00 1.829020e+00 3.000000e+00
    endloop
  endfacet
  facet normal 6.308719e-01 7.758870e-01 -3.155749e-16
    outer loop
      vertex   4.499940e+00 -5.647025e+00 3.000000e+00
      vertex   2.630779e+00 -4.127214e+00 3.000000e+00
      vertex   4.499940e+00 -5.647025e+00 6.000000e+00
    endloop
  endfacet
  facet normal 6.308719e-01 7.758870e-01 0.000000e+00
    outer loop
      vertex   4.499940e+00 -5.647025e+00 6.000000e+00
      vertex   2.630779e+00 -4.127214e+00 3.000000e+00
      vertex   2.630779e+00 -4.127214e+00 6.000000e+00
    endloop
  endfacet
  facet normal -1.000000e+00 -0.000000e+00 -0.000000e+00
    outer loop
      vertex   -4.750000e+00 3.500000e-01 3.000000e+00
      vertex   -4.750000e+00 3.500000e-01 0.000000e+00
      vertex   -4.750000e+00 -1.179998e+00 3.000000e+00
    endloop
  endfacet
  facet normal -1.000000e+00 0.000000e+00 -0.000000e+00
    outer loop
      vertex   -4.750000e+00 -1.179998e+00 3.000000e+00
      vertex   -4.750000e+00 3.500000e-01 0.000000e+00
      vertex   -4.750000e+00 -2.465000e+01 0.000000e+00
    endloop
  endfacet
  facet normal -1.000000e+00 -0.000000e+00 0.000000e+00
    outer loop
      vertex   -4.750000e+00 -1.179998e+00 3.000000e+00
      vertex   -4.750000e+00 -2.465000e+01 0.000000e+00
      vertex   -4.750000e+00 -2.465000e+01 6.000000e+00
    endloop
  endfacet
  facet normal -1.000000e+00 0.000000e+00 0.000000e+00
    outer loop
      vertex   -4.750000e+00 -2.465000e+01 6.000000e+00
      vertex   -4.750000e+00 -1.179998e+00 6.000000e+00
      vertex   -4.750000e+00 -1.179998e+00 3.000000e+00
    endloop
  endfacet
  facet normal -9.981756e-01 6.037850e-02 0.000000e+00
    outer loop
      vertex   -4.750000e+00 3.500000e-01 0.000000e+00
      vertex   -4.750000e+00 3.500000e-01 3.000000e+00
      vertex   -4.717190e+00 8.924151e-01 0.000000e+00
    endloop
  endfacet
  facet normal -9.981756e-01 6.037850e-02 3.111605e-16
    outer loop
      vertex   -4.717190e+00 8.924151e-01 0.000000e+00
      vertex   -4.750000e+00 3.500000e-01 3.000000e+00
      vertex   -4.717190e+00 8.924151e-01 3.000000e+00
    endloop
  endfacet
  facet normal -9.836199e-01 1.802550e-01 3.379054e-16
    outer loop
      vertex   -4.717190e+00 8.924151e-01 0.000000e+00
      vertex   -4.717190e+00 8.924151e-01 3.000000e+00
      vertex   -4.619238e+00 1.426920e+00 0.000000e+00
    endloop
  endfacet
  facet normal -9.836199e-01 1.802550e-01 0.000000e+00
    outer loop
      vertex   -4.619238e+00 1.426920e+00 0.000000e+00
      vertex   -4.717190e+00 8.924151e-01 3.000000e+00
      vertex   -4.619238e+00 1.426920e+00 3.000000e+00
    endloop
  endfacet
  facet normal -9.547209e-01 2.975031e-01 0.000000e+00
    outer loop
      vertex   -4.619238e+00 1.426920e+00 0.000000e+00
      vertex   -4.619238e+00 1.426920e+00 3.000000e+00
      vertex   -4.457573e+00 1.945722e+00 0.000000e+00
    endloop
  endfacet
  facet normal -9.547209e-01 2.975031e-01 -2.165952e-16
    outer loop
      vertex   -4.457573e+00 1.945722e+00 0.000000e+00
      vertex   -4.619238e+00 1.426920e+00 3.000000e+00
      vertex   -4.457573e+00 1.945722e+00 3.000000e+00
    endloop
  endfacet
  facet normal -9.118998e-01 4.104128e-01 -1.788466e-16
    outer loop
      vertex   -4.457573e+00 1.945722e+00 0.000000e+00
      vertex   -4.457573e+00 1.945722e+00 3.000000e+00
      vertex   -4.234552e+00 2.441254e+00 0.000000e+00
    endloop
  endfacet
  facet normal -9.118998e-01 4.104128e-01 -2.092233e-16
    outer loop
      vertex   -4.234552e+00 2.441254e+00 0.000000e+00
      vertex   -4.457573e+00 1.945722e+00 3.000000e+00
      vertex   -4.234552e+00 2.441254e+00 3.000000e+00
    endloop
  endfacet
  facet normal -8.557813e-01 5.173378e-01 -1.767808e-16
    outer loop
      vertex   -4.234552e+00 2.441254e+00 0.000000e+00
      vertex   -4.234552e+00 2.441254e+00 3.000000e+00
      vertex   -3.953427e+00 2.906291e+00 0.000000e+00
    endloop
  endfacet
  facet normal -8.557813e-01 5.173378e-01 -5.009970e-17
    outer loop
      vertex   -3.953427e+00 2.906291e+00 0.000000e+00
      vertex   -4.234552e+00 2.441254e+00 3.000000e+00
      vertex   -3.953427e+00 2.906291e+00 3.000000e+00
    endloop
  endfacet
  facet normal -7.871835e-01 6.167189e-01 -2.523383e-17
    outer loop
      vertex   -3.953427e+00 2.906291e+00 0.000000e+00
      vertex   -3.953427e+00 2.906291e+00 3.000000e+00
      vertex   -3.618298e+00 3.334052e+00 0.000000e+00
    endloop
  endfacet
  facet normal -7.871835e-01 6.167189e-01 -2.523383e-17
    outer loop
      vertex   -3.618298e+00 3.334052e+00 0.000000e+00
      vertex   -3.953427e+00 2.906291e+00 3.000000e+00
      vertex   -3.618298e+00 3.334052e+00 3.000000e+00
    endloop
  endfacet
  facet normal -7.071068e-01 7.071068e-01 0.000000e+00
    outer loop
      vertex   -3.618298e+00 3.334052e+00 0.000000e+00
      vertex   -3.618298e+00 3.334052e+00 3.000000e+00
      vertex   -3.234052e+00 3.718298e+00 0.000000e+00
    endloop
  endfacet
  facet normal -7.071068e-01 7.071068e-01 0.000000e+00
    outer loop
      vertex   -3.234052e+00 3.718298e+00 0.000000e+00
      vertex   -3.618298e+00 3.334052e+00 3.000000e+00
      vertex   -3.234052e+00 3.718298e+00 3.000000e+00
    endloop
  endfacet
  facet normal -6.167189e-01 7.871835e-01 5.046766e-17
    outer loop
      vertex   -3.234052e+00 3.718298e+00 0.000000e+00
      vertex   -3.234052e+00 3.718298e+00 3.000000e+00
      vertex   -2.806291e+00 4.053427e+00 0.000000e+00
    endloop
  endfacet
  facet normal -6.167189e-01 7.871835e-01 5.046766e-17
    outer loop
      vertex   -2.806291e+00 4.053427e+00 0.000000e+00
      vertex   -3.234052e+00 3.718298e+00 3.000000e+00
      vertex   -2.806291e+00 4.053427e+00 3.000000e+00
    endloop
  endfacet
  facet normal -5.173378e-01 8.557813e-01 1.001994e-16
    outer loop
      vertex   -2.806291e+00 4.053427e+00 0.000000e+00
      vertex   -2.806291e+00 4.053427e+00 3.000000e+00
      vertex   -2.341254e+00 4.334552e+00 0.000000e+00
    endloop
  endfacet
  facet normal -5.173378e-01 8.557813e-01 -7.658138e-17
    outer loop
      vertex   -2.341254e+00 4.334552e+00 0.000000e+00
      vertex   -2.806291e+00 4.053427e+00 3.000000e+00
      vertex   -2.341254e+00 4.334552e+00 3.000000e+00
    endloop
  endfacet
  facet normal -4.104128e-01 9.118998e-01 -6.075330e-17
    outer loop
      vertex   -2.341254e+00 4.334552e+00 0.000000e+00
      vertex   -2.341254e+00 4.334552e+00 3.000000e+00
      vertex   -1.845722e+00 4.557573e+00 0.000000e+00
    endloop
  endfacet
  facet normal -4.104128e-01 9.118998e-01 1.788466e-16
    outer loop
      vertex   -1.845722e+00 4.557573e+00 0.000000e+00
      vertex   -2.341254e+00 4.334552e+00 3.000000e+00
      vertex   -1.845722e+00 4.557573e+00 3.000000e+00
    endloop
  endfacet
  facet normal -2.975031e-01 9.547209e-01 2.165952e-16
    outer loop
      vertex   -1.845722e+00 4.557573e+00 0.000000e+00
      vertex   -1.845722e+00 4.557573e+00 3.000000e+00
      vertex   -1.326920e+00 4.719238e+00 0.000000e+00
    endloop
  endfacet
  facet normal -2.975031e-01 9.547209e-01 0.000000e+00
    outer loop
      vertex   -1.326920e+00 4.719238e+00 0.000000e+00
      vertex   -1.845722e+00 4.557573e+00 3.000000e+00
      vertex   -1.326920e+00 4.719238e+00 3.000000e+00
    endloop
  endfacet
  facet normal -1.802550e-01 9.836199e-01 0.000000e+00
    outer loop
      vertex   -1.326920e+00 4.719238e+00 0.000000e+00
      vertex   -1.326920e+00 4.719238e+00 3.000000e+00
      vertex   -7.924151e-01 4.817190e+00 0.000000e+00
    endloop
  endfacet
  facet normal -1.802550e-01 9.836199e-01 -4.669544e-17
    outer loop
      vertex   -7.924151e-01 4.817190e+00 0.000000e+00
      vertex   -1.326920e+00 4.719238e+00 3.000000e+00
      vertex   -7.924151e-01 4.817190e+00 3.000000e+00
    endloop
  endfacet
  facet normal -6.037850e-02 9.981756e-01 -1.564117e-17
    outer loop
      vertex   -7.924151e-01 4.817190e+00 0.000000e+00
      vertex   -7.924151e-01 4.817190e+00 3.000000e+00
      vertex   -2.500000e-01 4.850000e+00 0.000000e+00
    endloop
  endfacet
  facet normal -6.037850e-02 9.981756e-01 0.000000e+00
    outer loop
      vertex   -2.500000e-01 4.850000e+00 0.000000e+00
      vertex   -7.924151e-01 4.817190e+00 3.000000e+00
      vertex   -2.500000e-01 4.850000e+00 3.000000e+00
    endloop
  endfacet
  facet normal 9.965845e-01 8.257935e-02 -3.208852e-17
    outer loop
      vertex   -2.613857e+00 -4.361757e-01 3.000000e+00
      vertex   -2.613857e+00 -4.361757e-01 0.000000e+00
      vertex   -2.650000e+00 -3.245314e-16 3.000000e+00
    endloop
  endfacet
  facet normal 9.965845e-01 8.257935e-02 0.000000e+00
    outer loop
      vertex   -2.650000e+00 -3.245314e-16 3.000000e+00
      vertex   -2.613857e+00 -4.361757e-01 0.000000e+00
      vertex   -2.650000e+00 -3.245314e-16 0.000000e+00
    endloop
  endfacet
  facet normal 9.965845e-01 -8.257935e-02 0.000000e+00
    outer loop
      vertex   -2.650000e+00 -3.245314e-16 3.000000e+00
      vertex   -2.650000e+00 -3.245314e-16 0.000000e+00
      vertex   -2.613857e+00 4.361757e-01 3.000000e+00
    endloop
  endfacet
  facet normal 9.965845e-01 -8.257935e-02 3.208852e-17
    outer loop
      vertex   -2.613857e+00 4.361757e-01 3.000000e+00
      vertex   -2.650000e+00 -3.245314e-16 0.000000e+00
      vertex   -2.613857e+00 4.361757e-01 0.000000e+00
    endloop
  endfacet
  facet normal 9.694003e-01 -2.454855e-01 9.539027e-17
    outer loop
      vertex   -2.613857e+00 4.361757e-01 3.000000e+00
      vertex   -2.613857e+00 4.361757e-01 0.000000e+00
      vertex   -2.506416e+00 8.604536e-01 3.000000e+00
    endloop
  endfacet
  facet normal 9.694003e-01 -2.454855e-01 0.000000e+00
    outer loop
      vertex   -2.506416e+00 8.604536e-01 3.000000e+00
      vertex   -2.613857e+00 4.361757e-01 0.000000e+00
      vertex   -2.506416e+00 8.604536e-01 0.000000e+00
    endloop
  endfacet
  facet normal 9.157733e-01 -4.016954e-01 0.000000e+00
    outer loop
      vertex   -2.506416e+00 8.604536e-01 3.000000e+00
      vertex   -2.506416e+00 8.604536e-01 0.000000e+00
      vertex   -2.330605e+00 1.261261e+00 3.000000e+00
    endloop
  endfacet
  facet normal 9.157733e-01 -4.016954e-01 -1.224662e-16
    outer loop
      vertex   -2.330605e+00 1.261261e+00 3.000000e+00
      vertex   -2.506416e+00 8.604536e-01 0.000000e+00
      vertex   -2.330605e+00 1.261261e+00 0.000000e+00
    endloop
  endfacet
  facet normal 8.371665e-01 -5.469482e-01 -4.543959e-17
    outer loop
      vertex   -2.330605e+00 1.261261e+00 3.000000e+00
      vertex   -2.330605e+00 1.261261e+00 0.000000e+00
      vertex   -2.091222e+00 1.627664e+00 3.000000e+00
    endloop
  endfacet
  facet normal 8.371665e-01 -5.469482e-01 0.000000e+00
    outer loop
      vertex   -2.091222e+00 1.627664e+00 3.000000e+00
      vertex   -2.330605e+00 1.261261e+00 0.000000e+00
      vertex   -2.091222e+00 1.627664e+00 0.000000e+00
    endloop
  endfacet
  facet normal 7.357239e-01 -6.772816e-01 0.000000e+00
    outer loop
      vertex   -2.091222e+00 1.627664e+00 3.000000e+00
      vertex   -2.091222e+00 1.627664e+00 0.000000e+00
      vertex   -1.794796e+00 1.949668e+00 3.000000e+00
    endloop
  endfacet
  facet normal 7.357239e-01 -6.772816e-01 -1.730241e-17
    outer loop
      vertex   -1.794796e+00 1.949668e+00 3.000000e+00
      vertex   -2.091222e+00 1.627664e+00 0.000000e+00
      vertex   -1.794796e+00 1.949668e+00 0.000000e+00
    endloop
  endfacet
  facet normal 6.142127e-01 -7.891405e-01 5.178903e-17
    outer loop
      vertex   -1.794796e+00 1.949668e+00 3.000000e+00
      vertex   -1.794796e+00 1.949668e+00 0.000000e+00
      vertex   -1.449413e+00 2.218491e+00 3.000000e+00
    endloop
  endfacet
  facet normal 6.142127e-01 -7.891405e-01 0.000000e+00
    outer loop
      vertex   -1.449413e+00 2.218491e+00 3.000000e+00
      vertex   -1.794796e+00 1.949668e+00 0.000000e+00
      vertex   -1.449413e+00 2.218491e+00 0.000000e+00
    endloop
  endfacet
  facet normal 4.759474e-01 -8.794738e-01 0.000000e+00
    outer loop
      vertex   -1.449413e+00 2.218491e+00 3.000000e+00
      vertex   -1.449413e+00 2.218491e+00 0.000000e+00
      vertex   -1.064493e+00 2.426799e+00 3.000000e+00
    endloop
  endfacet
  facet normal 4.759474e-01 -8.794738e-01 1.056816e-16
    outer loop
      vertex   -1.064493e+00 2.426799e+00 3.000000e+00
      vertex   -1.449413e+00 2.218491e+00 0.000000e+00
      vertex   -1.064493e+00 2.426799e+00 0.000000e+00
    endloop
  endfacet
  facet normal 3.246995e-01 -9.458172e-01 7.209777e-17
    outer loop
      vertex   -1.064493e+00 2.426799e+00 3.000000e+00
      vertex   -1.064493e+00 2.426799e+00 0.000000e+00
      vertex   -6.505365e-01 2.568911e+00 3.000000e+00
    endloop
  endfacet
  facet normal 3.246995e-01 -9.458172e-01 -6.008147e-17
    outer loop
      vertex   -6.505365e-01 2.568911e+00 3.000000e+00
      vertex   -1.064493e+00 2.426799e+00 0.000000e+00
      vertex   -6.505365e-01 2.568911e+00 0.000000e+00
    endloop
  endfacet
  facet normal 1.645946e-01 -9.863613e-01 -3.045612e-17
    outer loop
      vertex   -6.505365e-01 2.568911e+00 3.000000e+00
      vertex   -6.505365e-01 2.568911e+00 0.000000e+00
      vertex   -2.188353e-01 2.640949e+00 3.000000e+00
    endloop
  endfacet
  facet normal 1.645946e-01 -9.863613e-01 3.350173e-17
    outer loop
      vertex   -2.188353e-01 2.640949e+00 3.000000e+00
      vertex   -6.505365e-01 2.568911e+00 0.000000e+00
      vertex   -2.188353e-01 2.640949e+00 0.000000e+00
    endloop
  endfacet
  facet normal 0.000000e+00 -1.000000e+00 0.000000e+00
    outer loop
      vertex   -2.188353e-01 2.640949e+00 3.000000e+00
      vertex   -2.188353e-01 2.640949e+00 0.000000e+00
      vertex   2.188353e-01 2.640949e+00 3.000000e+00
    endloop
  endfacet
  facet normal 0.000000e+00 -1.000000e+00 0.000000e+00
    outer loop
      vertex   2.188353e-01 2.640949e+00 3.000000e+00
      vertex   -2.188353e-01 2.640949e+00 0.000000e+00
      vertex   2.188353e-01 2.640949e+00 0.000000e+00
    endloop
  endfacet
  facet normal -1.645946e-01 -9.863613e-01 3.197892e-17
    outer loop
      vertex   2.188353e-01 2.640949e+00 3.000000e+00
      vertex   2.188353e-01 2.640949e+00 0.000000e+00
      vertex   6.505365e-01 2.568911e+00 3.000000e+00
    endloop
  endfacet
  facet normal -1.645946e-01 -9.863613e-01 -3.045612e-17
    outer loop
      vertex   6.505365e-01 2.568911e+00 3.000000e+00
      vertex   2.188353e-01 2.640949e+00 0.000000e+00
      vertex   6.505365e-01 2.568911e+00 0.000000e+00
    endloop
  endfacet
  facet normal -3.246995e-01 -9.458172e-01 -6.008147e-17
    outer loop
      vertex   6.505365e-01 2.568911e+00 3.000000e+00
      vertex   6.505365e-01 2.568911e+00 0.000000e+00
      vertex   1.064493e+00 2.426799e+00 3.000000e+00
    endloop
  endfacet
  facet normal -3.246995e-01 -9.458172e-01 -1.984613e-17
    outer loop
      vertex   1.064493e+00 2.426799e+00 3.000000e+00
      vertex   6.505365e-01 2.568911e+00 0.000000e+00
      vertex   1.064493e+00 2.426799e+00 0.000000e+00
    endloop
  endfacet
  facet normal -4.759474e-01 -8.794738e-01 4.594765e-17
    outer loop
      vertex   1.064493e+00 2.426799e+00 3.000000e+00
      vertex   1.064493e+00 2.426799e+00 0.000000e+00
      vertex   1.449413e+00 2.218491e+00 3.000000e+00
    endloop
  endfacet
  facet normal -4.759474e-01 -8.794738e-01 -0.000000e+00
    outer loop
      vertex   1.449413e+00 2.218491e+00 3.000000e+00
      vertex   1.064493e+00 2.426799e+00 0.000000e+00
      vertex   1.449413e+00 2.218491e+00 0.000000e+00
    endloop
  endfacet
  facet normal -6.142127e-01 -7.891405e-01 -0.000000e+00
    outer loop
      vertex   1.449413e+00 2.218491e+00 3.000000e+00
      vertex   1.449413e+00 2.218491e+00 0.000000e+00
      vertex   1.794796e+00 1.949668e+00 3.000000e+00
    endloop
  endfacet
  facet normal -6.142127e-01 -7.891405e-01 6.619100e-18
    outer loop
      vertex   1.794796e+00 1.949668e+00 3.000000e+00
      vertex   1.449413e+00 2.218491e+00 0.000000e+00
      vertex   1.794796e+00 1.949668e+00 0.000000e+00
    endloop
  endfacet
  facet normal -7.357239e-01 -6.772816e-01 6.743131e-17
    outer loop
      vertex   1.794796e+00 1.949668e+00 3.000000e+00
      vertex   1.794796e+00 1.949668e+00 0.000000e+00
      vertex   2.091222e+00 1.627664e+00 3.000000e+00
    endloop
  endfacet
  facet normal -7.357239e-01 -6.772816e-01 -0.000000e+00
    outer loop
      vertex   2.091222e+00 1.627664e+00 3.000000e+00
      vertex   1.794796e+00 1.949668e+00 0.000000e+00
      vertex   2.091222e+00 1.627664e+00 0.000000e+00
    endloop
  endfacet
  facet normal -8.371665e-01 -5.469482e-01 -0.000000e+00
    outer loop
      vertex   2.091222e+00 1.627664e+00 3.000000e+00
      vertex   2.091222e+00 1.627664e+00 0.000000e+00
      vertex   2.330605e+00 1.261261e+00 3.000000e+00
    endloop
  endfacet
  facet normal -8.371665e-01 -5.469482e-01 -0.000000e+00
    outer loop
      vertex   2.330605e+00 1.261261e+00 3.000000e+00
      vertex   2.091222e+00 1.627664e+00 0.000000e+00
      vertex   2.330605e+00 1.261261e+00 0.000000e+00
    endloop
  endfacet
  facet normal -9.157733e-01 -4.016954e-01 -0.000000e+00
    outer loop
      vertex   2.330605e+00 1.261261e+00 3.000000e+00
      vertex   2.330605e+00 1.261261e+00 0.000000e+00
      vertex   2.506416e+00 8.604536e-01 3.000000e+00
    endloop
  endfacet
  facet normal -9.157733e-01 -4.016954e-01 -0.000000e+00
    outer loop
      vertex   2.506416e+00 8.604536e-01 3.000000e+00
      vertex   2.330605e+00 1.261261e+00 0.000000e+00
      vertex   2.506416e+00 8.604536e-01 0.000000e+00
    endloop
  endfacet
  facet normal -9.694003e-01 -2.454855e-01 -0.000000e+00
    outer loop
      vertex   2.506416e+00 8.604536e-01 3.000000e+00
      vertex   2.506416e+00 8.604536e-01 0.000000e+00
      vertex   2.613857e+00 4.361757e-01 3.000000e+00
    endloop
  endfacet
  facet normal -9.694003e-01 -2.454855e-01 -0.000000e+00
    outer loop
      vertex   2.613857e+00 4.361757e-01 3.000000e+00
      vertex   2.506416e+00 8.604536e-01 0.000000e+00
      vertex   2.613857e+00 4.361757e-01 0.000000e+00
    endloop
  endfacet
  facet normal -9.965845e-01 -8.257935e-02 -0.000000e+00
    outer loop
      vertex   2.613857e+00 4.361757e-01 3.000000e+00
      vertex   2.613857e+00 4.361757e-01 0.000000e+00
      vertex   2.650000e+00 0.000000e+00 3.000000e+00
    endloop
  endfacet
  facet normal -9.965845e-01 -8.257935e-02 -0.000000e+00
    outer loop
      vertex   2.650000e+00 0.000000e+00 3.000000e+00
      vertex   2.613857e+00 4.361757e-01 0.000000e+00
      vertex   2.650000e+00 0.000000e+00 0.000000e+00
    endloop
  endfacet
  facet normal -9.965845e-01 8.257935e-02 0.000000e+00
    outer loop
      vertex   2.650000e+00 0.000000e+00 3.000000e+00
      vertex   2.650000e+00 0.000000e+00 0.000000e+00
      vertex   2.613857e+00 -4.361757e-01 3.000000e+00
    endloop
  endfacet
  facet normal -9.965845e-01 8.257935e-02 0.000000e+00
    outer loop
      vertex   2.613857e+00 -4.361757e-01 3.000000e+00
      vertex   2.650000e+00 0.000000e+00 0.000000e+00
      vertex   2.613857e+00 -4.361757e-01 0.000000e+00
    endloop
  endfacet
  facet normal -9.694003e-01 2.454855e-01 0.000000e+00
    outer loop
      vertex   2.613857e+00 -4.361757e-01 3.000000e+00
      vertex   2.613857e+00 -4.361757e-01 0.000000e+00
      vertex   2.506416e+00 -8.604536e-01 3.000000e+00
    endloop
  endfacet
  facet normal -9.694003e-01 2.454855e-01 0.000000e+00
    outer loop
      vertex   2.506416e+00 -8.604536e-01 3.000000e+00
      vertex   2.613857e+00 -4.361757e-01 0.000000e+00
      vertex   2.506416e+00 -8.604536e-01 0.000000e+00
    endloop
  endfacet
  facet normal -9.157733e-01 4.016954e-01 0.000000e+00
    outer loop
      vertex   2.506416e+00 -8.604536e-01 3.000000e+00
      vertex   2.506416e+00 -8.604536e-01 0.000000e+00
      vertex   2.330605e+00 -1.261261e+00 3.000000e+00
    endloop
  endfacet
  facet normal -9.157733e-01 4.016954e-01 0.000000e+00
    outer loop
      vertex   2.330605e+00 -1.261261e+00 3.000000e+00
      vertex   2.506416e+00 -8.604536e-01 0.000000e+00
      vertex   2.330605e+00 -1.261261e+00 0.000000e+00
    endloop
  endfacet
  facet normal -8.371665e-01 5.469482e-01 0.000000e+00
    outer loop
      vertex   2.330605e+00 -1.261261e+00 3.000000e+00
      vertex   2.330605e+00 -1.261261e+00 0.000000e+00
      vertex   2.091222e+00 -1.627664e+00 3.000000e+00
    endloop
  endfacet
  facet normal -8.371665e-01 5.469482e-01 0.000000e+00
    outer loop
      vertex   2.091222e+00 -1.627664e+00 3.000000e+00
      vertex   2.330605e+00 -1.261261e+00 0.000000e+00
      vertex   2.091222e+00 -1.627664e+00 0.000000e+00
    endloop
  endfacet
  facet normal -7.357239e-01 6.772816e-01 0.000000e+00
    outer loop
      vertex   2.091222e+00 -1.627664e+00 3.000000e+00
      vertex   2.091222e+00 -1.627664e+00 0.000000e+00
      vertex   1.794796e+00 -1.949668e+00 3.000000e+00
    endloop
  endfacet
  facet normal -7.357239e-01 6.772816e-01 -6.743131e-17
    outer loop
      vertex   1.794796e+00 -1.949668e+00 3.000000e+00
      vertex   2.091222e+00 -1.627664e+00 0.000000e+00
      vertex   1.794796e+00 -1.949668e+00 0.000000e+00
    endloop
  endfacet
  facet normal -6.142127e-01 7.891405e-01 -6.619100e-18
    outer loop
      vertex   1.794796e+00 -1.949668e+00 3.000000e+00
      vertex   1.794796e+00 -1.949668e+00 0.000000e+00
      vertex   1.449413e+00 -2.218491e+00 3.000000e+00
    endloop
  endfacet
  facet normal -6.142127e-01 7.891405e-01 0.000000e+00
    outer loop
      vertex   1.449413e+00 -2.218491e+00 3.000000e+00
      vertex   1.794796e+00 -1.949668e+00 0.000000e+00
      vertex   1.449413e+00 -2.218491e+00 0.000000e+00
    endloop
  endfacet
  facet normal -4.759474e-01 8.794738e-01 0.000000e+00
    outer loop
      vertex   1.449413e+00 -2.218491e+00 3.000000e+00
      vertex   1.449413e+00 -2.218491e+00 0.000000e+00
      vertex   1.064493e+00 -2.426799e+00 3.000000e+00
    endloop
  endfacet
  facet normal -4.759474e-01 8.794738e-01 -4.594765e-17
    outer loop
      vertex   1.064493e+00 -2.426799e+00 3.000000e+00
      vertex   1.449413e+00 -2.218491e+00 0.000000e+00
      vertex   1.064493e+00 -2.426799e+00 0.000000e+00
    endloop
  endfacet
  facet normal -3.246995e-01 9.458172e-01 1.984613e-17
    outer loop
      vertex   1.064493e+00 -2.426799e+00 3.000000e+00
      vertex   1.064493e+00 -2.426799e+00 0.000000e+00
      vertex   6.505365e-01 -2.568911e+00 3.000000e+00
    endloop
  endfacet
  facet normal -3.246995e-01 9.458172e-01 6.008147e-17
    outer loop
      vertex   6.505365e-01 -2.568911e+00 3.000000e+00
      vertex   1.064493e+00 -2.426799e+00 0.000000e+00
      vertex   6.505365e-01 -2.568911e+00 0.000000e+00
    endloop
  endfacet
  facet normal -1.645946e-01 9.863613e-01 3.045612e-17
    outer loop
      vertex   6.505365e-01 -2.568911e+00 3.000000e+00
      vertex   6.505365e-01 -2.568911e+00 0.000000e+00
      vertex   2.188353e-01 -2.640949e+00 3.000000e+00
    endloop
  endfacet
  facet normal -1.645946e-01 9.863613e-01 -3.197892e-17
    outer loop
      vertex   2.188353e-01 -2.640949e+00 3.000000e+00
      vertex   6.505365e-01 -2.568911e+00 0.000000e+00
      vertex   2.188353e-01 -2.640949e+00 0.000000e+00
    endloop
  endfacet
  facet normal 0.000000e+00 1.000000e+00 0.000000e+00
    outer loop
      vertex   2.188353e-01 -2.640949e+00 3.000000e+00
      vertex   2.188353e-01 -2.640949e+00 0.000000e+00
      vertex   -2.188353e-01 -2.640949e+00 3.000000e+00
    endloop
  endfacet
  facet normal 0.000000e+00 1.000000e+00 0.000000e+00
    outer loop
      vertex   -2.188353e-01 -2.640949e+00 3.000000e+00
      vertex   2.188353e-01 -2.640949e+00 0.000000e+00
      vertex   -2.188353e-01 -2.640949e+00 0.000000e+00
    endloop
  endfacet
  facet normal 1.645946e-01 9.863613e-01 -3.350173e-17
    outer loop
      vertex   -2.188353e-01 -2.640949e+00 3.000000e+00
      vertex   -2.188353e-01 -2.640949e+00 0.000000e+00
      vertex   -6.505365e-01 -2.568911e+00 3.000000e+00
    endloop
  endfacet
  facet normal 1.645946e-01 9.863613e-01 3.045612e-17
    outer loop
      vertex   -6.505365e-01 -2.568911e+00 3.000000e+00
      vertex   -2.188353e-01 -2.640949e+00 0.000000e+00
      vertex   -6.505365e-01 -2.568911e+00 0.000000e+00
    endloop
  endfacet
  facet normal 3.246995e-01 9.458172e-01 6.008147e-17
    outer loop
      vertex   -6.505365e-01 -2.568911e+00 3.000000e+00
      vertex   -6.505365e-01 -2.568911e+00 0.000000e+00
      vertex   -1.064493e+00 -2.426799e+00 3.000000e+00
    endloop
  endfacet
  facet normal 3.246995e-01 9.458172e-01 -7.209777e-17
    outer loop
      vertex   -1.064493e+00 -2.426799e+00 3.000000e+00
      vertex   -6.505365e-01 -2.568911e+00 0.000000e+00
      vertex   -1.064493e+00 -2.426799e+00 0.000000e+00
    endloop
  endfacet
  facet normal 4.759474e-01 8.794738e-01 -1.056816e-16
    outer loop
      vertex   -1.064493e+00 -2.426799e+00 3.000000e+00
      vertex   -1.064493e+00 -2.426799e+00 0.000000e+00
      vertex   -1.449413e+00 -2.218491e+00 3.000000e+00
    endloop
  endfacet
  facet normal 4.759474e-01 8.794738e-01 0.000000e+00
    outer loop
      vertex   -1.449413e+00 -2.218491e+00 3.000000e+00
      vertex   -1.064493e+00 -2.426799e+00 0.000000e+00
      vertex   -1.449413e+00 -2.218491e+00 0.000000e+00
    endloop
  endfacet
  facet normal 6.142127e-01 7.891405e-01 0.000000e+00
    outer loop
      vertex   -1.449413e+00 -2.218491e+00 3.000000e+00
      vertex   -1.449413e+00 -2.218491e+00 0.000000e+00
      vertex   -1.794796e+00 -1.949668e+00 3.000000e+00
    endloop
  endfacet
  facet normal 6.142127e-01 7.891405e-01 -5.178903e-17
    outer loop
      vertex   -1.794796e+00 -1.949668e+00 3.000000e+00
      vertex   -1.449413e+00 -2.218491e+00 0.000000e+00
      vertex   -1.794796e+00 -1.949668e+00 0.000000e+00
    endloop
  endfacet
  facet normal 7.357239e-01 6.772816e-01 1.730241e-17
    outer loop
      vertex   -1.794796e+00 -1.949668e+00 3.000000e+00
      vertex   -1.794796e+00 -1.949668e+00 0.000000e+00
      vertex   -2.091222e+00 -1.627664e+00 3.000000e+00
    endloop
  endfacet
  facet normal 7.357239e-01 6.772816e-01 0.000000e+00
    outer loop
      vertex   -2.091222e+00 -1.627664e+00 3.000000e+00
      vertex   -1.794796e+00 -1.949668e+00 0.000000e+00
      vertex   -2.091222e+00 -1.627664e+00 0.000000e+00
    endloop
  endfacet
  facet normal 8.371665e-01 5.469482e-01 0.000000e+00
    outer loop
      vertex   -2.091222e+00 -1.627664e+00 3.000000e+00
      vertex   -2.091222e+00 -1.627664e+00 0.000000e+00
      vertex   -2.330605e+00 -1.261261e+00 3.000000e+00
    endloop
  endfacet
  facet normal 8.371665e-01 5.469482e-01 4.543959e-17
    outer loop
      vertex   -2.330605e+00 -1.261261e+00 3.000000e+00
      vertex   -2.091222e+00 -1.627664e+00 0.000000e+00
      vertex   -2.330605e+00 -1.261261e+00 0.000000e+00
    endloop
  endfacet
  facet normal 9.157733e-01 4.016954e-01 1.224662e-16
    outer loop
      vertex   -2.330605e+00 -1.261261e+00 3.000000e+00
      vertex   -2.330605e+00 -1.261261e+00 0.000000e+00
      vertex   -2.506416e+00 -8.604536e-01 3.000000e+00
    endloop
  endfacet
  facet normal 9.157733e-01 4.016954e-01 0.000000e+00
    outer loop
      vertex   -2.506416e+00 -8.604536e-01 3.000000e+00
      vertex   -2.330605e+00 -1.261261e+00 0.000000e+00
      vertex   -2.506416e+00 -8.604536e-01 0.000000e+00
    endloop
  endfacet
  facet normal 9.694003e-01 2.454855e-01 0.000000e+00
    outer loop
      vertex   -2.506416e+00 -8.604536e-01 3.000000e+00
      vertex   -2.506416e+00 -8.604536e-01 0.000000e+00
      vertex   -2.613857e+00 -4.361757e-01 3.000000e+00
    endloop
  endfacet
  facet normal 9.694003e-01 2.454855e-01 -9.539027e-17
    outer loop
      vertex   -2.613857e+00 -4.361757e-01 3.000000e+00
      vertex   -2.506416e+00 -8.604536e-01 0.000000e+00
      vertex   -2.613857e+00 -4.361757e-01 0.000000e+00
    endloop
  endfacet
endsolid
