solid ASCII
  facet normal 0.000000e+00 -7.879211e-01 6.157762e-01
    outer loop
      vertex   1.100000e+01 2.194000e+01 8.649998e-01
      vertex   1.100000e+01 2.200985e+01 9.543795e-01
      vertex   1.080000e+01 2.194000e+01 8.649998e-01
    endloop
  endfacet
  facet normal 0.000000e+00 -7.879211e-01 6.157762e-01
    outer loop
      vertex   1.080000e+01 2.194000e+01 8.649998e-01
      vertex   1.100000e+01 2.200985e+01 9.543795e-01
      vertex   1.080000e+01 2.200985e+01 9.543795e-01
    endloop
  endfacet
  facet normal 0.000000e+00 -8.727476e-01 4.881717e-01
    outer loop
      vertex   1.080000e+01 2.200985e+01 9.543795e-01
      vertex   1.100000e+01 2.200985e+01 9.543795e-01
      vertex   1.100000e+01 2.206352e+01 1.050331e+00
    endloop
  endfacet
  facet normal 0.000000e+00 -8.727476e-01 4.881717e-01
    outer loop
      vertex   1.080000e+01 2.200985e+01 9.543795e-01
      vertex   1.100000e+01 2.206352e+01 1.050331e+00
      vertex   1.080000e+01 2.206352e+01 1.050331e+00
    endloop
  endfacet
  facet normal 0.000000e+00 -9.688682e-01 2.475769e-01
    outer loop
      vertex   1.080000e+01 2.206352e+01 1.050331e+00
      vertex   1.100000e+01 2.206352e+01 1.050331e+00
      vertex   1.100000e+01 2.209078e+01 1.157009e+00
    endloop
  endfacet
  facet normal 0.000000e+00 -9.688682e-01 2.475769e-01
    outer loop
      vertex   1.080000e+01 2.206352e+01 1.050331e+00
      vertex   1.100000e+01 2.209078e+01 1.157009e+00
      vertex   1.080000e+01 2.209078e+01 1.157009e+00
    endloop
  endfacet
  facet normal 0.000000e+00 -9.946654e-01 1.031535e-01
    outer loop
      vertex   1.080000e+01 2.209078e+01 1.157009e+00
      vertex   1.100000e+01 2.209078e+01 1.157009e+00
      vertex   1.100000e+01 2.210250e+01 1.270000e+00
    endloop
  endfacet
  facet normal 0.000000e+00 -9.946654e-01 1.031535e-01
    outer loop
      vertex   1.080000e+01 2.209078e+01 1.157009e+00
      vertex   1.100000e+01 2.210250e+01 1.270000e+00
      vertex   1.080000e+01 2.210250e+01 1.270000e+00
    endloop
  endfacet
  facet normal -0.000000e+00 -9.953398e-01 -9.642966e-02
    outer loop
      vertex   1.100000e+01 2.210250e+01 1.270000e+00
      vertex   1.100000e+01 2.209156e+01 1.382960e+00
      vertex   1.080000e+01 2.210250e+01 1.270000e+00
    endloop
  endfacet
  facet normal 0.000000e+00 -9.953398e-01 -9.642966e-02
    outer loop
      vertex   1.080000e+01 2.210250e+01 1.270000e+00
      vertex   1.100000e+01 2.209156e+01 1.382960e+00
      vertex   1.080000e+01 2.209156e+01 1.382960e+00
    endloop
  endfacet
  facet normal 0.000000e+00 -9.706688e-01 -2.404205e-01
    outer loop
      vertex   1.080000e+01 2.209156e+01 1.382960e+00
      vertex   1.100000e+01 2.209156e+01 1.382960e+00
      vertex   1.100000e+01 2.206512e+01 1.489678e+00
    endloop
  endfacet
  facet normal 0.000000e+00 -9.706688e-01 -2.404205e-01
    outer loop
      vertex   1.080000e+01 2.209156e+01 1.382960e+00
      vertex   1.100000e+01 2.206512e+01 1.489678e+00
      vertex   1.080000e+01 2.206512e+01 1.489678e+00
    endloop
  endfacet
  facet normal 0.000000e+00 -8.752408e-01 -4.836875e-01
    outer loop
      vertex   1.080000e+01 2.206512e+01 1.489678e+00
      vertex   1.100000e+01 2.206512e+01 1.489678e+00
      vertex   1.100000e+01 2.201208e+01 1.585669e+00
    endloop
  endfacet
  facet normal 0.000000e+00 -8.752408e-01 -4.836875e-01
    outer loop
      vertex   1.080000e+01 2.206512e+01 1.489678e+00
      vertex   1.100000e+01 2.201208e+01 1.585669e+00
      vertex   1.080000e+01 2.201208e+01 1.585669e+00
    endloop
  endfacet
  facet normal 0.000000e+00 -7.889377e-01 -6.144732e-01
    outer loop
      vertex   1.080000e+01 2.201208e+01 1.585669e+00
      vertex   1.100000e+01 2.201208e+01 1.585669e+00
      vertex   1.100000e+01 2.194250e+01 1.675000e+00
    endloop
  endfacet
  facet normal 0.000000e+00 -7.889377e-01 -6.144732e-01
    outer loop
      vertex   1.080000e+01 2.201208e+01 1.585669e+00
      vertex   1.100000e+01 2.194250e+01 1.675000e+00
      vertex   1.080000e+01 2.194250e+01 1.675000e+00
    endloop
  endfacet
  facet normal -0.000000e+00 -5.931336e-01 -8.051041e-01
    outer loop
      vertex   1.100000e+01 2.194250e+01 1.675000e+00
      vertex   1.100000e+01 2.185104e+01 1.742382e+00
      vertex   1.080000e+01 2.194250e+01 1.675000e+00
    endloop
  endfacet
  facet normal 0.000000e+00 -5.931336e-01 -8.051041e-01
    outer loop
      vertex   1.080000e+01 2.194250e+01 1.675000e+00
      vertex   1.100000e+01 2.185104e+01 1.742382e+00
      vertex   1.080000e+01 2.185104e+01 1.742382e+00
    endloop
  endfacet
  facet normal 0.000000e+00 -4.657571e-01 -8.849126e-01
    outer loop
      vertex   1.080000e+01 2.185104e+01 1.742382e+00
      vertex   1.100000e+01 2.185104e+01 1.742382e+00
      vertex   1.100000e+01 2.175341e+01 1.793767e+00
    endloop
  endfacet
  facet normal 0.000000e+00 -4.657571e-01 -8.849126e-01
    outer loop
      vertex   1.080000e+01 2.185104e+01 1.742382e+00
      vertex   1.100000e+01 2.175341e+01 1.793767e+00
      vertex   1.080000e+01 2.175341e+01 1.793767e+00
    endloop
  endfacet
  facet normal 0.000000e+00 -2.316737e-01 -9.727936e-01
    outer loop
      vertex   1.080000e+01 2.175341e+01 1.793767e+00
      vertex   1.100000e+01 2.175341e+01 1.793767e+00
      vertex   1.100000e+01 2.164584e+01 1.819383e+00
    endloop
  endfacet
  facet normal 0.000000e+00 -2.316737e-01 -9.727936e-01
    outer loop
      vertex   1.080000e+01 2.175341e+01 1.793767e+00
      vertex   1.100000e+01 2.164584e+01 1.819383e+00
      vertex   1.080000e+01 2.164584e+01 1.819383e+00
    endloop
  endfacet
  facet normal 0.000000e+00 -9.325618e-02 -9.956421e-01
    outer loop
      vertex   1.080000e+01 2.164584e+01 1.819383e+00
      vertex   1.100000e+01 2.164584e+01 1.819383e+00
      vertex   1.100000e+01 2.153250e+01 1.830000e+00
    endloop
  endfacet
  facet normal 0.000000e+00 -9.325618e-02 -9.956421e-01
    outer loop
      vertex   1.080000e+01 2.164584e+01 1.819383e+00
      vertex   1.100000e+01 2.153250e+01 1.830000e+00
      vertex   1.080000e+01 2.153250e+01 1.830000e+00
    endloop
  endfacet
  facet normal 0.000000e+00 9.711711e-02 -9.952730e-01
    outer loop
      vertex   1.100000e+01 2.153250e+01 1.830000e+00
      vertex   1.100000e+01 2.141991e+01 1.819014e+00
      vertex   1.080000e+01 2.153250e+01 1.830000e+00
    endloop
  endfacet
  facet normal 0.000000e+00 9.711711e-02 -9.952730e-01
    outer loop
      vertex   1.080000e+01 2.153250e+01 1.830000e+00
      vertex   1.100000e+01 2.141991e+01 1.819014e+00
      vertex   1.080000e+01 2.141991e+01 1.819014e+00
    endloop
  endfacet
  facet normal 0.000000e+00 2.353316e-01 -9.719151e-01
    outer loop
      vertex   1.080000e+01 2.141991e+01 1.819014e+00
      vertex   1.100000e+01 2.141991e+01 1.819014e+00
      vertex   1.100000e+01 2.131306e+01 1.793143e+00
    endloop
  endfacet
  facet normal 0.000000e+00 2.353316e-01 -9.719151e-01
    outer loop
      vertex   1.080000e+01 2.141991e+01 1.819014e+00
      vertex   1.100000e+01 2.131306e+01 1.793143e+00
      vertex   1.080000e+01 2.131306e+01 1.793143e+00
    endloop
  endfacet
  facet normal 0.000000e+00 4.670456e-01 -8.842332e-01
    outer loop
      vertex   1.080000e+01 2.131306e+01 1.793143e+00
      vertex   1.100000e+01 2.131306e+01 1.793143e+00
      vertex   1.100000e+01 2.121602e+01 1.741883e+00
    endloop
  endfacet
  facet normal 0.000000e+00 4.670456e-01 -8.842332e-01
    outer loop
      vertex   1.080000e+01 2.131306e+01 1.793143e+00
      vertex   1.100000e+01 2.121602e+01 1.741883e+00
      vertex   1.080000e+01 2.121602e+01 1.741883e+00
    endloop
  endfacet
  facet normal 0.000000e+00 5.921563e-01 -8.058231e-01
    outer loop
      vertex   1.080000e+01 2.121602e+01 1.741883e+00
      vertex   1.100000e+01 2.121602e+01 1.741883e+00
      vertex   1.100000e+01 2.112500e+01 1.675000e+00
    endloop
  endfacet
  facet normal 0.000000e+00 5.921563e-01 -8.058231e-01
    outer loop
      vertex   1.080000e+01 2.121602e+01 1.741883e+00
      vertex   1.100000e+01 2.112500e+01 1.675000e+00
      vertex   1.080000e+01 2.112500e+01 1.675000e+00
    endloop
  endfacet
  facet normal 0.000000e+00 7.838987e-01 -6.208887e-01
    outer loop
      vertex   1.100000e+01 2.112500e+01 1.675000e+00
      vertex   1.100000e+01 2.105448e+01 1.585969e+00
      vertex   1.080000e+01 2.112500e+01 1.675000e+00
    endloop
  endfacet
  facet normal 0.000000e+00 7.838987e-01 -6.208887e-01
    outer loop
      vertex   1.080000e+01 2.112500e+01 1.675000e+00
      vertex   1.100000e+01 2.105448e+01 1.585969e+00
      vertex   1.080000e+01 2.105448e+01 1.585969e+00
    endloop
  endfacet
  facet normal 0.000000e+00 8.718628e-01 -4.897502e-01
    outer loop
      vertex   1.080000e+01 2.105448e+01 1.585969e+00
      vertex   1.100000e+01 2.105448e+01 1.585969e+00
      vertex   1.100000e+01 2.100064e+01 1.490121e+00
    endloop
  endfacet
  facet normal 0.000000e+00 8.718628e-01 -4.897502e-01
    outer loop
      vertex   1.080000e+01 2.105448e+01 1.585969e+00
      vertex   1.100000e+01 2.100064e+01 1.490121e+00
      vertex   1.080000e+01 2.100064e+01 1.490121e+00
    endloop
  endfacet
  facet normal 0.000000e+00 9.696989e-01 -2.443032e-01
    outer loop
      vertex   1.080000e+01 2.100064e+01 1.490121e+00
      vertex   1.100000e+01 2.100064e+01 1.490121e+00
      vertex   1.100000e+01 2.097372e+01 1.383268e+00
    endloop
  endfacet
  facet normal 0.000000e+00 9.696989e-01 -2.443032e-01
    outer loop
      vertex   1.080000e+01 2.100064e+01 1.490121e+00
      vertex   1.100000e+01 2.097372e+01 1.383268e+00
      vertex   1.080000e+01 2.097372e+01 1.383268e+00
    endloop
  endfacet
  facet normal 0.000000e+00 9.951268e-01 -9.860390e-02
    outer loop
      vertex   1.080000e+01 2.097372e+01 1.383268e+00
      vertex   1.100000e+01 2.097372e+01 1.383268e+00
      vertex   1.100000e+01 2.096250e+01 1.270000e+00
    endloop
  endfacet
  facet normal 0.000000e+00 9.951268e-01 -9.860390e-02
    outer loop
      vertex   1.080000e+01 2.097372e+01 1.383268e+00
      vertex   1.100000e+01 2.096250e+01 1.270000e+00
      vertex   1.080000e+01 2.096250e+01 1.270000e+00
    endloop
  endfacet
  facet normal 0.000000e+00 9.944341e-01 1.053607e-01
    outer loop
      vertex   1.100000e+01 2.096250e+01 1.270000e+00
      vertex   1.100000e+01 2.097450e+01 1.156704e+00
      vertex   1.080000e+01 2.096250e+01 1.270000e+00
    endloop
  endfacet
  facet normal 0.000000e+00 9.944341e-01 1.053607e-01
    outer loop
      vertex   1.080000e+01 2.096250e+01 1.270000e+00
      vertex   1.100000e+01 2.097450e+01 1.156704e+00
      vertex   1.080000e+01 2.097450e+01 1.156704e+00
    endloop
  endfacet
  facet normal -0.000000e+00 9.678637e-01 2.514752e-01
    outer loop
      vertex   1.080000e+01 2.097450e+01 1.156704e+00
      vertex   1.100000e+01 2.097450e+01 1.156704e+00
      vertex   1.100000e+01 2.100225e+01 1.049895e+00
    endloop
  endfacet
  facet normal 0.000000e+00 9.678637e-01 2.514752e-01
    outer loop
      vertex   1.080000e+01 2.097450e+01 1.156704e+00
      vertex   1.100000e+01 2.100225e+01 1.049895e+00
      vertex   1.080000e+01 2.100225e+01 1.049895e+00
    endloop
  endfacet
  facet normal -0.000000e+00 8.693700e-01 4.941617e-01
    outer loop
      vertex   1.080000e+01 2.100225e+01 1.049895e+00
      vertex   1.100000e+01 2.100225e+01 1.049895e+00
      vertex   1.100000e+01 2.105671e+01 9.540856e-01
    endloop
  endfacet
  facet normal 0.000000e+00 8.693700e-01 4.941617e-01
    outer loop
      vertex   1.080000e+01 2.100225e+01 1.049895e+00
      vertex   1.100000e+01 2.105671e+01 9.540856e-01
      vertex   1.080000e+01 2.105671e+01 9.540856e-01
    endloop
  endfacet
  facet normal -0.000000e+00 7.829373e-01 6.221006e-01
    outer loop
      vertex   1.080000e+01 2.105671e+01 9.540856e-01
      vertex   1.100000e+01 2.105671e+01 9.540856e-01
      vertex   1.100000e+01 2.112750e+01 8.649998e-01
    endloop
  endfacet
  facet normal 0.000000e+00 7.829373e-01 6.221006e-01
    outer loop
      vertex   1.080000e+01 2.105671e+01 9.540856e-01
      vertex   1.100000e+01 2.112750e+01 8.649998e-01
      vertex   1.080000e+01 2.112750e+01 8.649998e-01
    endloop
  endfacet
  facet normal 0.000000e+00 6.042880e-01 7.967660e-01
    outer loop
      vertex   1.100000e+01 2.112750e+01 8.649998e-01
      vertex   1.100000e+01 2.121750e+01 7.967379e-01
      vertex   1.080000e+01 2.112750e+01 8.649998e-01
    endloop
  endfacet
  facet normal 0.000000e+00 6.042880e-01 7.967660e-01
    outer loop
      vertex   1.080000e+01 2.112750e+01 8.649998e-01
      vertex   1.100000e+01 2.121750e+01 7.967379e-01
      vertex   1.080000e+01 2.121750e+01 7.967379e-01
    endloop
  endfacet
  facet normal -0.000000e+00 4.805347e-01 8.769757e-01
    outer loop
      vertex   1.080000e+01 2.121750e+01 7.967379e-01
      vertex   1.100000e+01 2.121750e+01 7.967379e-01
      vertex   1.100000e+01 2.131370e+01 7.440292e-01
    endloop
  endfacet
  facet normal 0.000000e+00 4.805347e-01 8.769757e-01
    outer loop
      vertex   1.080000e+01 2.121750e+01 7.967379e-01
      vertex   1.100000e+01 2.131370e+01 7.440292e-01
      vertex   1.080000e+01 2.131370e+01 7.440292e-01
    endloop
  endfacet
  facet normal -0.000000e+00 2.469062e-01 9.690394e-01
    outer loop
      vertex   1.080000e+01 2.131370e+01 7.440292e-01
      vertex   1.100000e+01 2.131370e+01 7.440292e-01
      vertex   1.100000e+01 2.142008e+01 7.169239e-01
    endloop
  endfacet
  facet normal 0.000000e+00 2.469062e-01 9.690394e-01
    outer loop
      vertex   1.080000e+01 2.131370e+01 7.440292e-01
      vertex   1.100000e+01 2.142008e+01 7.169239e-01
      vertex   1.080000e+01 2.142008e+01 7.169239e-01
    endloop
  endfacet
  facet normal -0.000000e+00 1.054719e-01 9.944223e-01
    outer loop
      vertex   1.080000e+01 2.142008e+01 7.169239e-01
      vertex   1.100000e+01 2.142008e+01 7.169239e-01
      vertex   1.100000e+01 2.153250e+01 7.050001e-01
    endloop
  endfacet
  facet normal 0.000000e+00 1.054719e-01 9.944223e-01
    outer loop
      vertex   1.080000e+01 2.142008e+01 7.169239e-01
      vertex   1.100000e+01 2.153250e+01 7.050001e-01
      vertex   1.080000e+01 2.153250e+01 7.050001e-01
    endloop
  endfacet
  facet normal 0.000000e+00 -1.014497e-01 9.948407e-01
    outer loop
      vertex   1.100000e+01 2.153250e+01 7.050001e-01
      vertex   1.100000e+01 2.164568e+01 7.165421e-01
      vertex   1.080000e+01 2.153250e+01 7.050001e-01
    endloop
  endfacet
  facet normal 0.000000e+00 -1.014497e-01 9.948407e-01
    outer loop
      vertex   1.080000e+01 2.153250e+01 7.050001e-01
      vertex   1.100000e+01 2.164568e+01 7.165421e-01
      vertex   1.080000e+01 2.164568e+01 7.165421e-01
    endloop
  endfacet
  facet normal 0.000000e+00 -2.431110e-01 9.699985e-01
    outer loop
      vertex   1.080000e+01 2.164568e+01 7.165421e-01
      vertex   1.100000e+01 2.164568e+01 7.165421e-01
      vertex   1.100000e+01 2.175279e+01 7.433854e-01
    endloop
  endfacet
  facet normal 0.000000e+00 -2.431110e-01 9.699985e-01
    outer loop
      vertex   1.080000e+01 2.164568e+01 7.165421e-01
      vertex   1.100000e+01 2.175279e+01 7.433854e-01
      vertex   1.080000e+01 2.175279e+01 7.433854e-01
    endloop
  endfacet
  facet normal 0.000000e+00 -4.792633e-01 8.776712e-01
    outer loop
      vertex   1.080000e+01 2.175279e+01 7.433854e-01
      vertex   1.100000e+01 2.175279e+01 7.433854e-01
      vertex   1.100000e+01 2.184956e+01 7.962286e-01
    endloop
  endfacet
  facet normal 0.000000e+00 -4.792633e-01 8.776712e-01
    outer loop
      vertex   1.080000e+01 2.175279e+01 7.433854e-01
      vertex   1.100000e+01 2.184956e+01 7.962286e-01
      vertex   1.080000e+01 2.184956e+01 7.962286e-01
    endloop
  endfacet
  facet normal 0.000000e+00 -6.052810e-01 7.960119e-01
    outer loop
      vertex   1.080000e+01 2.184956e+01 7.962286e-01
      vertex   1.100000e+01 2.184956e+01 7.962286e-01
      vertex   1.100000e+01 2.194000e+01 8.649998e-01
    endloop
  endfacet
  facet normal 0.000000e+00 -6.052810e-01 7.960119e-01
    outer loop
      vertex   1.080000e+01 2.184956e+01 7.962286e-01
      vertex   1.100000e+01 2.194000e+01 8.649998e-01
      vertex   1.080000e+01 2.194000e+01 8.649998e-01
    endloop
  endfacet
  facet normal 1.000000e+00 -0.000000e+00 0.000000e+00
    outer loop
      vertex   1.080000e+01 2.142008e+01 7.169239e-01
      vertex   1.080000e+01 2.153250e+01 7.050001e-01
      vertex   1.080000e+01 2.184956e+01 7.962286e-01
    endloop
  endfacet
  facet normal 1.000000e+00 0.000000e+00 0.000000e+00
    outer loop
      vertex   1.080000e+01 2.184956e+01 7.962286e-01
      vertex   1.080000e+01 2.153250e+01 7.050001e-01
      vertex   1.080000e+01 2.164568e+01 7.165421e-01
    endloop
  endfacet
  facet normal 1.000000e+00 0.000000e+00 0.000000e+00
    outer loop
      vertex   1.080000e+01 2.184956e+01 7.962286e-01
      vertex   1.080000e+01 2.164568e+01 7.165421e-01
      vertex   1.080000e+01 2.175279e+01 7.433854e-01
    endloop
  endfacet
  facet normal 1.000000e+00 0.000000e+00 -0.000000e+00
    outer loop
      vertex   1.080000e+01 2.142008e+01 7.169239e-01
      vertex   1.080000e+01 2.184956e+01 7.962286e-01
      vertex   1.080000e+01 2.121750e+01 7.967379e-01
    endloop
  endfacet
  facet normal 1.000000e+00 -0.000000e+00 0.000000e+00
    outer loop
      vertex   1.080000e+01 2.121750e+01 7.967379e-01
      vertex   1.080000e+01 2.184956e+01 7.962286e-01
      vertex   1.080000e+01 2.194000e+01 8.649998e-01
    endloop
  endfacet
  facet normal 1.000000e+00 0.000000e+00 0.000000e+00
    outer loop
      vertex   1.080000e+01 2.121750e+01 7.967379e-01
      vertex   1.080000e+01 2.194000e+01 8.649998e-01
      vertex   1.080000e+01 2.200985e+01 9.543795e-01
    endloop
  endfacet
  facet normal 1.000000e+00 0.000000e+00 0.000000e+00
    outer loop
      vertex   1.080000e+01 2.206352e+01 1.050331e+00
      vertex   1.080000e+01 2.097450e+01 1.156704e+00
      vertex   1.080000e+01 2.200985e+01 9.543795e-01
    endloop
  endfacet
  facet normal 1.000000e+00 0.000000e+00 0.000000e+00
    outer loop
      vertex   1.080000e+01 2.200985e+01 9.543795e-01
      vertex   1.080000e+01 2.097450e+01 1.156704e+00
      vertex   1.080000e+01 2.100225e+01 1.049895e+00
    endloop
  endfacet
  facet normal 1.000000e+00 0.000000e+00 0.000000e+00
    outer loop
      vertex   1.080000e+01 2.200985e+01 9.543795e-01
      vertex   1.080000e+01 2.100225e+01 1.049895e+00
      vertex   1.080000e+01 2.105671e+01 9.540856e-01
    endloop
  endfacet
  facet normal 1.000000e+00 0.000000e+00 -0.000000e+00
    outer loop
      vertex   1.080000e+01 2.206352e+01 1.050331e+00
      vertex   1.080000e+01 2.209078e+01 1.157009e+00
      vertex   1.080000e+01 2.097450e+01 1.156704e+00
    endloop
  endfacet
  facet normal 1.000000e+00 0.000000e+00 -0.000000e+00
    outer loop
      vertex   1.080000e+01 2.097450e+01 1.156704e+00
      vertex   1.080000e+01 2.209078e+01 1.157009e+00
      vertex   1.080000e+01 2.096250e+01 1.270000e+00
    endloop
  endfacet
  facet normal 1.000000e+00 -0.000000e+00 0.000000e+00
    outer loop
      vertex   1.080000e+01 2.096250e+01 1.270000e+00
      vertex   1.080000e+01 2.209078e+01 1.157009e+00
      vertex   1.080000e+01 2.210250e+01 1.270000e+00
    endloop
  endfacet
  facet normal 1.000000e+00 0.000000e+00 0.000000e+00
    outer loop
      vertex   1.080000e+01 2.096250e+01 1.270000e+00
      vertex   1.080000e+01 2.210250e+01 1.270000e+00
      vertex   1.080000e+01 2.209156e+01 1.382960e+00
    endloop
  endfacet
  facet normal 1.000000e+00 0.000000e+00 0.000000e+00
    outer loop
      vertex   1.080000e+01 2.096250e+01 1.270000e+00
      vertex   1.080000e+01 2.209156e+01 1.382960e+00
      vertex   1.080000e+01 2.097372e+01 1.383268e+00
    endloop
  endfacet
  facet normal 1.000000e+00 -0.000000e+00 0.000000e+00
    outer loop
      vertex   1.080000e+01 2.097372e+01 1.383268e+00
      vertex   1.080000e+01 2.209156e+01 1.382960e+00
      vertex   1.080000e+01 2.206512e+01 1.489678e+00
    endloop
  endfacet
  facet normal 1.000000e+00 0.000000e+00 0.000000e+00
    outer loop
      vertex   1.080000e+01 2.097372e+01 1.383268e+00
      vertex   1.080000e+01 2.206512e+01 1.489678e+00
      vertex   1.080000e+01 2.100064e+01 1.490121e+00
    endloop
  endfacet
  facet normal 1.000000e+00 -0.000000e+00 0.000000e+00
    outer loop
      vertex   1.080000e+01 2.100064e+01 1.490121e+00
      vertex   1.080000e+01 2.206512e+01 1.489678e+00
      vertex   1.080000e+01 2.105448e+01 1.585969e+00
    endloop
  endfacet
  facet normal 1.000000e+00 0.000000e+00 0.000000e+00
    outer loop
      vertex   1.080000e+01 2.105448e+01 1.585969e+00
      vertex   1.080000e+01 2.206512e+01 1.489678e+00
      vertex   1.080000e+01 2.201208e+01 1.585669e+00
    endloop
  endfacet
  facet normal 1.000000e+00 -0.000000e+00 0.000000e+00
    outer loop
      vertex   1.080000e+01 2.105448e+01 1.585969e+00
      vertex   1.080000e+01 2.201208e+01 1.585669e+00
      vertex   1.080000e+01 2.112500e+01 1.675000e+00
    endloop
  endfacet
  facet normal 1.000000e+00 -0.000000e+00 0.000000e+00
    outer loop
      vertex   1.080000e+01 2.112500e+01 1.675000e+00
      vertex   1.080000e+01 2.201208e+01 1.585669e+00
      vertex   1.080000e+01 2.121602e+01 1.741883e+00
    endloop
  endfacet
  facet normal 1.000000e+00 0.000000e+00 0.000000e+00
    outer loop
      vertex   1.080000e+01 2.121602e+01 1.741883e+00
      vertex   1.080000e+01 2.201208e+01 1.585669e+00
      vertex   1.080000e+01 2.194250e+01 1.675000e+00
    endloop
  endfacet
  facet normal 1.000000e+00 -0.000000e+00 0.000000e+00
    outer loop
      vertex   1.080000e+01 2.121602e+01 1.741883e+00
      vertex   1.080000e+01 2.194250e+01 1.675000e+00
      vertex   1.080000e+01 2.185104e+01 1.742382e+00
    endloop
  endfacet
  facet normal 1.000000e+00 0.000000e+00 0.000000e+00
    outer loop
      vertex   1.080000e+01 2.175341e+01 1.793767e+00
      vertex   1.080000e+01 2.164584e+01 1.819383e+00
      vertex   1.080000e+01 2.185104e+01 1.742382e+00
    endloop
  endfacet
  facet normal 1.000000e+00 0.000000e+00 0.000000e+00
    outer loop
      vertex   1.080000e+01 2.185104e+01 1.742382e+00
      vertex   1.080000e+01 2.164584e+01 1.819383e+00
      vertex   1.080000e+01 2.153250e+01 1.830000e+00
    endloop
  endfacet
  facet normal 1.000000e+00 0.000000e+00 0.000000e+00
    outer loop
      vertex   1.080000e+01 2.185104e+01 1.742382e+00
      vertex   1.080000e+01 2.153250e+01 1.830000e+00
      vertex   1.080000e+01 2.141991e+01 1.819014e+00
    endloop
  endfacet
  facet normal 1.000000e+00 -0.000000e+00 0.000000e+00
    outer loop
      vertex   1.080000e+01 2.131306e+01 1.793143e+00
      vertex   1.080000e+01 2.121602e+01 1.741883e+00
      vertex   1.080000e+01 2.141991e+01 1.819014e+00
    endloop
  endfacet
  facet normal 1.000000e+00 0.000000e+00 0.000000e+00
    outer loop
      vertex   1.080000e+01 2.141991e+01 1.819014e+00
      vertex   1.080000e+01 2.121602e+01 1.741883e+00
      vertex   1.080000e+01 2.185104e+01 1.742382e+00
    endloop
  endfacet
  facet normal 1.000000e+00 -0.000000e+00 0.000000e+00
    outer loop
      vertex   1.080000e+01 2.105671e+01 9.540856e-01
      vertex   1.080000e+01 2.112750e+01 8.649998e-01
      vertex   1.080000e+01 2.200985e+01 9.543795e-01
    endloop
  endfacet
  facet normal 1.000000e+00 0.000000e+00 0.000000e+00
    outer loop
      vertex   1.080000e+01 2.200985e+01 9.543795e-01
      vertex   1.080000e+01 2.112750e+01 8.649998e-01
      vertex   1.080000e+01 2.121750e+01 7.967379e-01
    endloop
  endfacet
  facet normal 1.000000e+00 0.000000e+00 0.000000e+00
    outer loop
      vertex   1.080000e+01 2.121750e+01 7.967379e-01
      vertex   1.080000e+01 2.131370e+01 7.440292e-01
      vertex   1.080000e+01 2.142008e+01 7.169239e-01
    endloop
  endfacet
  facet normal 0.000000e+00 9.201856e-01 -3.914824e-01
    outer loop
      vertex   1.100000e+01 1.789250e+01 4.250000e+00
      vertex   1.100000e+01 1.692250e+01 1.970000e+00
      vertex   1.080000e+01 1.789250e+01 4.250000e+00
    endloop
  endfacet
  facet normal 0.000000e+00 9.201856e-01 -3.914824e-01
    outer loop
      vertex   1.080000e+01 1.789250e+01 4.250000e+00
      vertex   1.100000e+01 1.692250e+01 1.970000e+00
      vertex   1.080000e+01 1.692250e+01 1.970000e+00
    endloop
  endfacet
  facet normal -0.000000e+00 -9.230769e-01 -3.846155e-01
    outer loop
      vertex   1.100000e+01 1.692250e+01 1.970000e+00
      vertex   1.100000e+01 1.597250e+01 4.250000e+00
      vertex   1.080000e+01 1.692250e+01 1.970000e+00
    endloop
  endfacet
  facet normal 0.000000e+00 -9.230769e-01 -3.846155e-01
    outer loop
      vertex   1.080000e+01 1.692250e+01 1.970000e+00
      vertex   1.100000e+01 1.597250e+01 4.250000e+00
      vertex   1.080000e+01 1.597250e+01 4.250000e+00
    endloop
  endfacet
  facet normal -0.000000e+00 -0.000000e+00 -1.000000e+00
    outer loop
      vertex   1.100000e+01 1.597250e+01 4.250000e+00
      vertex   1.100000e+01 1.490250e+01 4.250000e+00
      vertex   1.080000e+01 1.597250e+01 4.250000e+00
    endloop
  endfacet
  facet normal 0.000000e+00 0.000000e+00 -1.000000e+00
    outer loop
      vertex   1.080000e+01 1.597250e+01 4.250000e+00
      vertex   1.100000e+01 1.490250e+01 4.250000e+00
      vertex   1.080000e+01 1.490250e+01 4.250000e+00
    endloop
  endfacet
  facet normal 0.000000e+00 9.196200e-01 3.928091e-01
    outer loop
      vertex   1.100000e+01 1.490250e+01 4.250000e+00
      vertex   1.100000e+01 1.639750e+01 7.499998e-01
      vertex   1.080000e+01 1.490250e+01 4.250000e+00
    endloop
  endfacet
  facet normal 0.000000e+00 9.196200e-01 3.928091e-01
    outer loop
      vertex   1.080000e+01 1.490250e+01 4.250000e+00
      vertex   1.100000e+01 1.639750e+01 7.499998e-01
      vertex   1.080000e+01 1.639750e+01 7.499998e-01
    endloop
  endfacet
  facet normal 0.000000e+00 -0.000000e+00 1.000000e+00
    outer loop
      vertex   1.100000e+01 1.639750e+01 7.499998e-01
      vertex   1.100000e+01 1.737250e+01 7.499998e-01
      vertex   1.080000e+01 1.639750e+01 7.499998e-01
    endloop
  endfacet
  facet normal 0.000000e+00 0.000000e+00 1.000000e+00
    outer loop
      vertex   1.080000e+01 1.639750e+01 7.499998e-01
      vertex   1.100000e+01 1.737250e+01 7.499998e-01
      vertex   1.080000e+01 1.737250e+01 7.499998e-01
    endloop
  endfacet
  facet normal 0.000000e+00 -9.191449e-01 3.939195e-01
    outer loop
      vertex   1.100000e+01 1.737250e+01 7.499998e-01
      vertex   1.100000e+01 1.883250e+01 4.156665e+00
      vertex   1.080000e+01 1.737250e+01 7.499998e-01
    endloop
  endfacet
  facet normal 0.000000e+00 -9.191449e-01 3.939195e-01
    outer loop
      vertex   1.080000e+01 1.737250e+01 7.499998e-01
      vertex   1.100000e+01 1.883250e+01 4.156665e+00
      vertex   1.080000e+01 1.883250e+01 4.156665e+00
    endloop
  endfacet
  facet normal 0.000000e+00 1.000000e+00 0.000000e+00
    outer loop
      vertex   1.100000e+01 1.883250e+01 4.156665e+00
      vertex   1.100000e+01 1.883250e+01 3.485000e+00
      vertex   1.080000e+01 1.883250e+01 4.156665e+00
    endloop
  endfacet
  facet normal 0.000000e+00 1.000000e+00 0.000000e+00
    outer loop
      vertex   1.080000e+01 1.883250e+01 4.156665e+00
      vertex   1.100000e+01 1.883250e+01 3.485000e+00
      vertex   1.080000e+01 1.883250e+01 3.485000e+00
    endloop
  endfacet
  facet normal 0.000000e+00 -0.000000e+00 1.000000e+00
    outer loop
      vertex   1.100000e+01 1.883250e+01 3.485000e+00
      vertex   1.100000e+01 1.948250e+01 3.485000e+00
      vertex   1.080000e+01 1.883250e+01 3.485000e+00
    endloop
  endfacet
  facet normal 0.000000e+00 0.000000e+00 1.000000e+00
    outer loop
      vertex   1.080000e+01 1.883250e+01 3.485000e+00
      vertex   1.100000e+01 1.948250e+01 3.485000e+00
      vertex   1.080000e+01 1.948250e+01 3.485000e+00
    endloop
  endfacet
  facet normal 0.000000e+00 1.000000e+00 0.000000e+00
    outer loop
      vertex   1.100000e+01 1.948250e+01 3.485000e+00
      vertex   1.100000e+01 1.948250e+01 7.499998e-01
      vertex   1.080000e+01 1.948250e+01 3.485000e+00
    endloop
  endfacet
  facet normal 0.000000e+00 1.000000e+00 0.000000e+00
    outer loop
      vertex   1.080000e+01 1.948250e+01 3.485000e+00
      vertex   1.100000e+01 1.948250e+01 7.499998e-01
      vertex   1.080000e+01 1.948250e+01 7.499998e-01
    endloop
  endfacet
  facet normal 0.000000e+00 -0.000000e+00 1.000000e+00
    outer loop
      vertex   1.100000e+01 1.948250e+01 7.499998e-01
      vertex   1.100000e+01 2.047250e+01 7.499998e-01
      vertex   1.080000e+01 1.948250e+01 7.499998e-01
    endloop
  endfacet
  facet normal 0.000000e+00 0.000000e+00 1.000000e+00
    outer loop
      vertex   1.080000e+01 1.948250e+01 7.499998e-01
      vertex   1.100000e+01 2.047250e+01 7.499998e-01
      vertex   1.080000e+01 2.047250e+01 7.499998e-01
    endloop
  endfacet
  facet normal 0.000000e+00 -1.000000e+00 0.000000e+00
    outer loop
      vertex   1.100000e+01 2.047250e+01 7.499998e-01
      vertex   1.100000e+01 2.047250e+01 4.250000e+00
      vertex   1.080000e+01 2.047250e+01 7.499998e-01
    endloop
  endfacet
  facet normal 0.000000e+00 -1.000000e+00 0.000000e+00
    outer loop
      vertex   1.080000e+01 2.047250e+01 7.499998e-01
      vertex   1.100000e+01 2.047250e+01 4.250000e+00
      vertex   1.080000e+01 2.047250e+01 4.250000e+00
    endloop
  endfacet
  facet normal -0.000000e+00 -0.000000e+00 -1.000000e+00
    outer loop
      vertex   1.100000e+01 2.047250e+01 4.250000e+00
      vertex   1.100000e+01 1.789250e+01 4.250000e+00
      vertex   1.080000e+01 2.047250e+01 4.250000e+00
    endloop
  endfacet
  facet normal 0.000000e+00 0.000000e+00 -1.000000e+00
    outer loop
      vertex   1.080000e+01 2.047250e+01 4.250000e+00
      vertex   1.100000e+01 1.789250e+01 4.250000e+00
      vertex   1.080000e+01 1.789250e+01 4.250000e+00
    endloop
  endfacet
  facet normal 1.000000e+00 -0.000000e+00 0.000000e+00
    outer loop
      vertex   1.080000e+01 1.789250e+01 4.250000e+00
      vertex   1.080000e+01 1.883250e+01 4.156665e+00
      vertex   1.080000e+01 2.047250e+01 4.250000e+00
    endloop
  endfacet
  facet normal 1.000000e+00 0.000000e+00 0.000000e+00
    outer loop
      vertex   1.080000e+01 2.047250e+01 4.250000e+00
      vertex   1.080000e+01 1.883250e+01 4.156665e+00
      vertex   1.080000e+01 1.948250e+01 3.485000e+00
    endloop
  endfacet
  facet normal 1.000000e+00 0.000000e+00 0.000000e+00
    outer loop
      vertex   1.080000e+01 2.047250e+01 4.250000e+00
      vertex   1.080000e+01 1.948250e+01 3.485000e+00
      vertex   1.080000e+01 2.047250e+01 7.499998e-01
    endloop
  endfacet
  facet normal 1.000000e+00 0.000000e+00 0.000000e+00
    outer loop
      vertex   1.080000e+01 2.047250e+01 7.499998e-01
      vertex   1.080000e+01 1.948250e+01 3.485000e+00
      vertex   1.080000e+01 1.948250e+01 7.499998e-01
    endloop
  endfacet
  facet normal 1.000000e+00 0.000000e+00 0.000000e+00
    outer loop
      vertex   1.080000e+01 1.789250e+01 4.250000e+00
      vertex   1.080000e+01 1.692250e+01 1.970000e+00
      vertex   1.080000e+01 1.883250e+01 4.156665e+00
    endloop
  endfacet
  facet normal 1.000000e+00 0.000000e+00 0.000000e+00
    outer loop
      vertex   1.080000e+01 1.883250e+01 4.156665e+00
      vertex   1.080000e+01 1.692250e+01 1.970000e+00
      vertex   1.080000e+01 1.737250e+01 7.499998e-01
    endloop
  endfacet
  facet normal 1.000000e+00 0.000000e+00 0.000000e+00
    outer loop
      vertex   1.080000e+01 1.737250e+01 7.499998e-01
      vertex   1.080000e+01 1.692250e+01 1.970000e+00
      vertex   1.080000e+01 1.639750e+01 7.499998e-01
    endloop
  endfacet
  facet normal 1.000000e+00 0.000000e+00 -0.000000e+00
    outer loop
      vertex   1.080000e+01 1.639750e+01 7.499998e-01
      vertex   1.080000e+01 1.692250e+01 1.970000e+00
      vertex   1.080000e+01 1.490250e+01 4.250000e+00
    endloop
  endfacet
  facet normal 1.000000e+00 -0.000000e+00 0.000000e+00
    outer loop
      vertex   1.080000e+01 1.490250e+01 4.250000e+00
      vertex   1.080000e+01 1.692250e+01 1.970000e+00
      vertex   1.080000e+01 1.597250e+01 4.250000e+00
    endloop
  endfacet
  facet normal 1.000000e+00 0.000000e+00 0.000000e+00
    outer loop
      vertex   1.080000e+01 1.883250e+01 4.156665e+00
      vertex   1.080000e+01 1.883250e+01 3.485000e+00
      vertex   1.080000e+01 1.948250e+01 3.485000e+00
    endloop
  endfacet
  facet normal -0.000000e+00 -9.307415e-01 -3.656779e-01
    outer loop
      vertex   1.100000e+01 2.355500e+01 1.732500e+00
      vertex   1.100000e+01 2.348259e+01 1.916791e+00
      vertex   1.080000e+01 2.355500e+01 1.732500e+00
    endloop
  endfacet
  facet normal 0.000000e+00 -9.307415e-01 -3.656779e-01
    outer loop
      vertex   1.080000e+01 2.355500e+01 1.732500e+00
      vertex   1.100000e+01 2.348259e+01 1.916791e+00
      vertex   1.080000e+01 2.348259e+01 1.916791e+00
    endloop
  endfacet
  facet normal 0.000000e+00 -9.660972e-01 -2.581785e-01
    outer loop
      vertex   1.080000e+01 2.348259e+01 1.916791e+00
      vertex   1.100000e+01 2.348259e+01 1.916791e+00
      vertex   1.100000e+01 2.343210e+01 2.105758e+00
    endloop
  endfacet
  facet normal 0.000000e+00 -9.660972e-01 -2.581785e-01
    outer loop
      vertex   1.080000e+01 2.348259e+01 1.916791e+00
      vertex   1.100000e+01 2.343210e+01 2.105758e+00
      vertex   1.080000e+01 2.343210e+01 2.105758e+00
    endloop
  endfacet
  facet normal 0.000000e+00 -9.946214e-01 -1.035769e-01
    outer loop
      vertex   1.080000e+01 2.343210e+01 2.105758e+00
      vertex   1.100000e+01 2.343210e+01 2.105758e+00
      vertex   1.100000e+01 2.341175e+01 2.301160e+00
    endloop
  endfacet
  facet normal 0.000000e+00 -9.946214e-01 -1.035769e-01
    outer loop
      vertex   1.080000e+01 2.343210e+01 2.105758e+00
      vertex   1.100000e+01 2.341175e+01 2.301160e+00
      vertex   1.080000e+01 2.341175e+01 2.301160e+00
    endloop
  endfacet
  facet normal 0.000000e+00 -9.997721e-01 -2.135029e-02
    outer loop
      vertex   1.080000e+01 2.341175e+01 2.301160e+00
      vertex   1.100000e+01 2.341175e+01 2.301160e+00
      vertex   1.100000e+01 2.340750e+01 2.500000e+00
    endloop
  endfacet
  facet normal 0.000000e+00 -9.997721e-01 -2.135029e-02
    outer loop
      vertex   1.080000e+01 2.341175e+01 2.301160e+00
      vertex   1.100000e+01 2.340750e+01 2.500000e+00
      vertex   1.080000e+01 2.340750e+01 2.500000e+00
    endloop
  endfacet
  facet normal 0.000000e+00 -9.997722e-01 2.134253e-02
    outer loop
      vertex   1.100000e+01 2.340750e+01 2.500000e+00
      vertex   1.100000e+01 2.341175e+01 2.698840e+00
      vertex   1.080000e+01 2.340750e+01 2.500000e+00
    endloop
  endfacet
  facet normal 0.000000e+00 -9.997722e-01 2.134253e-02
    outer loop
      vertex   1.080000e+01 2.340750e+01 2.500000e+00
      vertex   1.100000e+01 2.341175e+01 2.698840e+00
      vertex   1.080000e+01 2.341175e+01 2.698840e+00
    endloop
  endfacet
  facet normal 0.000000e+00 -9.946219e-01 1.035730e-01
    outer loop
      vertex   1.080000e+01 2.341175e+01 2.698840e+00
      vertex   1.100000e+01 2.341175e+01 2.698840e+00
      vertex   1.100000e+01 2.343209e+01 2.894243e+00
    endloop
  endfacet
  facet normal 0.000000e+00 -9.946219e-01 1.035730e-01
    outer loop
      vertex   1.080000e+01 2.341175e+01 2.698840e+00
      vertex   1.100000e+01 2.343209e+01 2.894243e+00
      vertex   1.080000e+01 2.343209e+01 2.894243e+00
    endloop
  endfacet
  facet normal 0.000000e+00 -9.660964e-01 2.581818e-01
    outer loop
      vertex   1.080000e+01 2.343209e+01 2.894243e+00
      vertex   1.100000e+01 2.343209e+01 2.894243e+00
      vertex   1.100000e+01 2.348259e+01 3.083209e+00
    endloop
  endfacet
  facet normal 0.000000e+00 -9.660964e-01 2.581818e-01
    outer loop
      vertex   1.080000e+01 2.343209e+01 2.894243e+00
      vertex   1.100000e+01 2.348259e+01 3.083209e+00
      vertex   1.080000e+01 2.348259e+01 3.083209e+00
    endloop
  endfacet
  facet normal 0.000000e+00 -9.307384e-01 3.656857e-01
    outer loop
      vertex   1.080000e+01 2.348259e+01 3.083209e+00
      vertex   1.100000e+01 2.348259e+01 3.083209e+00
      vertex   1.100000e+01 2.355500e+01 3.267500e+00
    endloop
  endfacet
  facet normal 0.000000e+00 -9.307384e-01 3.656857e-01
    outer loop
      vertex   1.080000e+01 2.348259e+01 3.083209e+00
      vertex   1.100000e+01 2.355500e+01 3.267500e+00
      vertex   1.080000e+01 2.355500e+01 3.267500e+00
    endloop
  endfacet
  facet normal 0.000000e+00 -7.870323e-01 6.169118e-01
    outer loop
      vertex   1.100000e+01 2.355500e+01 3.267500e+00
      vertex   1.100000e+01 2.363282e+01 3.366776e+00
      vertex   1.080000e+01 2.355500e+01 3.267500e+00
    endloop
  endfacet
  facet normal 0.000000e+00 -7.870323e-01 6.169118e-01
    outer loop
      vertex   1.080000e+01 2.355500e+01 3.267500e+00
      vertex   1.100000e+01 2.363282e+01 3.366776e+00
      vertex   1.080000e+01 2.363282e+01 3.366776e+00
    endloop
  endfacet
  facet normal 0.000000e+00 -7.111481e-01 7.030422e-01
    outer loop
      vertex   1.080000e+01 2.363282e+01 3.366776e+00
      vertex   1.100000e+01 2.363282e+01 3.366776e+00
      vertex   1.100000e+01 2.367553e+01 3.409977e+00
    endloop
  endfacet
  facet normal 0.000000e+00 -7.111481e-01 7.030422e-01
    outer loop
      vertex   1.080000e+01 2.363282e+01 3.366776e+00
      vertex   1.100000e+01 2.367553e+01 3.409977e+00
      vertex   1.080000e+01 2.367553e+01 3.409977e+00
    endloop
  endfacet
  facet normal 0.000000e+00 -6.002655e-01 7.998008e-01
    outer loop
      vertex   1.080000e+01 2.367553e+01 3.409977e+00
      vertex   1.100000e+01 2.367553e+01 3.409977e+00
      vertex   1.100000e+01 2.372279e+01 3.445451e+00
    endloop
  endfacet
  facet normal 0.000000e+00 -6.002655e-01 7.998008e-01
    outer loop
      vertex   1.080000e+01 2.367553e+01 3.409977e+00
      vertex   1.100000e+01 2.372279e+01 3.445451e+00
      vertex   1.080000e+01 2.372279e+01 3.445451e+00
    endloop
  endfacet
  facet normal 0.000000e+00 -4.370915e-01 8.994171e-01
    outer loop
      vertex   1.080000e+01 2.372279e+01 3.445451e+00
      vertex   1.100000e+01 2.372279e+01 3.445451e+00
      vertex   1.100000e+01 2.377579e+01 3.471208e+00
    endloop
  endfacet
  facet normal 0.000000e+00 -4.370915e-01 8.994171e-01
    outer loop
      vertex   1.080000e+01 2.372279e+01 3.445451e+00
      vertex   1.100000e+01 2.377579e+01 3.471208e+00
      vertex   1.080000e+01 2.377579e+01 3.471208e+00
    endloop
  endfacet
  facet normal 0.000000e+00 -2.896598e-01 9.571297e-01
    outer loop
      vertex   1.080000e+01 2.377579e+01 3.471208e+00
      vertex   1.100000e+01 2.377579e+01 3.471208e+00
      vertex   1.100000e+01 2.383366e+01 3.488720e+00
    endloop
  endfacet
  facet normal 0.000000e+00 -2.896598e-01 9.571297e-01
    outer loop
      vertex   1.080000e+01 2.377579e+01 3.471208e+00
      vertex   1.100000e+01 2.383366e+01 3.488720e+00
      vertex   1.080000e+01 2.383366e+01 3.488720e+00
    endloop
  endfacet
  facet normal 0.000000e+00 -1.693485e-01 9.855562e-01
    outer loop
      vertex   1.080000e+01 2.383366e+01 3.488720e+00
      vertex   1.100000e+01 2.383366e+01 3.488720e+00
      vertex   1.100000e+01 2.395750e+01 3.510000e+00
    endloop
  endfacet
  facet normal 0.000000e+00 -1.693485e-01 9.855562e-01
    outer loop
      vertex   1.080000e+01 2.383366e+01 3.488720e+00
      vertex   1.100000e+01 2.395750e+01 3.510000e+00
      vertex   1.080000e+01 2.395750e+01 3.510000e+00
    endloop
  endfacet
  facet normal 0.000000e+00 1.744302e-01 9.846695e-01
    outer loop
      vertex   1.100000e+01 2.395750e+01 3.510000e+00
      vertex   1.100000e+01 2.408004e+01 3.488292e+00
      vertex   1.080000e+01 2.395750e+01 3.510000e+00
    endloop
  endfacet
  facet normal 0.000000e+00 1.744302e-01 9.846695e-01
    outer loop
      vertex   1.080000e+01 2.395750e+01 3.510000e+00
      vertex   1.100000e+01 2.408004e+01 3.488292e+00
      vertex   1.080000e+01 2.408004e+01 3.488292e+00
    endloop
  endfacet
  facet normal -0.000000e+00 2.953269e-01 9.553963e-01
    outer loop
      vertex   1.080000e+01 2.408004e+01 3.488292e+00
      vertex   1.100000e+01 2.408004e+01 3.488292e+00
      vertex   1.100000e+01 2.413725e+01 3.470609e+00
    endloop
  endfacet
  facet normal 0.000000e+00 2.953269e-01 9.553963e-01
    outer loop
      vertex   1.080000e+01 2.408004e+01 3.488292e+00
      vertex   1.100000e+01 2.413725e+01 3.470609e+00
      vertex   1.080000e+01 2.413725e+01 3.470609e+00
    endloop
  endfacet
  facet normal -0.000000e+00 4.432401e-01 8.964029e-01
    outer loop
      vertex   1.080000e+01 2.413725e+01 3.470609e+00
      vertex   1.100000e+01 2.413725e+01 3.470609e+00
      vertex   1.100000e+01 2.418958e+01 3.444734e+00
    endloop
  endfacet
  facet normal 0.000000e+00 4.432401e-01 8.964029e-01
    outer loop
      vertex   1.080000e+01 2.413725e+01 3.470609e+00
      vertex   1.100000e+01 2.418958e+01 3.444734e+00
      vertex   1.080000e+01 2.418958e+01 3.444734e+00
    endloop
  endfacet
  facet normal -0.000000e+00 6.053536e-01 7.959567e-01
    outer loop
      vertex   1.080000e+01 2.418958e+01 3.444734e+00
      vertex   1.100000e+01 2.418958e+01 3.444734e+00
      vertex   1.100000e+01 2.423620e+01 3.409275e+00
    endloop
  endfacet
  facet normal 0.000000e+00 6.053536e-01 7.959567e-01
    outer loop
      vertex   1.080000e+01 2.418958e+01 3.444734e+00
      vertex   1.100000e+01 2.423620e+01 3.409275e+00
      vertex   1.080000e+01 2.423620e+01 3.409275e+00
    endloop
  endfacet
  facet normal -0.000000e+00 7.148393e-01 6.992888e-01
    outer loop
      vertex   1.080000e+01 2.423620e+01 3.409275e+00
      vertex   1.100000e+01 2.423620e+01 3.409275e+00
      vertex   1.100000e+01 2.427831e+01 3.366231e+00
    endloop
  endfacet
  facet normal 0.000000e+00 7.148393e-01 6.992888e-01
    outer loop
      vertex   1.080000e+01 2.423620e+01 3.409275e+00
      vertex   1.100000e+01 2.427831e+01 3.366231e+00
      vertex   1.080000e+01 2.427831e+01 3.366231e+00
    endloop
  endfacet
  facet normal -0.000000e+00 7.897436e-01 6.134371e-01
    outer loop
      vertex   1.080000e+01 2.427831e+01 3.366231e+00
      vertex   1.100000e+01 2.427831e+01 3.366231e+00
      vertex   1.100000e+01 2.435500e+01 3.267500e+00
    endloop
  endfacet
  facet normal 0.000000e+00 7.897436e-01 6.134371e-01
    outer loop
      vertex   1.080000e+01 2.427831e+01 3.366231e+00
      vertex   1.100000e+01 2.435500e+01 3.267500e+00
      vertex   1.080000e+01 2.435500e+01 3.267500e+00
    endloop
  endfacet
  facet normal 0.000000e+00 9.307385e-01 3.656855e-01
    outer loop
      vertex   1.100000e+01 2.435500e+01 3.267500e+00
      vertex   1.100000e+01 2.442741e+01 3.083209e+00
      vertex   1.080000e+01 2.435500e+01 3.267500e+00
    endloop
  endfacet
  facet normal 0.000000e+00 9.307385e-01 3.656855e-01
    outer loop
      vertex   1.080000e+01 2.435500e+01 3.267500e+00
      vertex   1.100000e+01 2.442741e+01 3.083209e+00
      vertex   1.080000e+01 2.442741e+01 3.083209e+00
    endloop
  endfacet
  facet normal -0.000000e+00 9.660964e-01 2.581817e-01
    outer loop
      vertex   1.080000e+01 2.442741e+01 3.083209e+00
      vertex   1.100000e+01 2.442741e+01 3.083209e+00
      vertex   1.100000e+01 2.447791e+01 2.894243e+00
    endloop
  endfacet
  facet normal 0.000000e+00 9.660964e-01 2.581817e-01
    outer loop
      vertex   1.080000e+01 2.442741e+01 3.083209e+00
      vertex   1.100000e+01 2.447791e+01 2.894243e+00
      vertex   1.080000e+01 2.447791e+01 2.894243e+00
    endloop
  endfacet
  facet normal -0.000000e+00 9.946218e-01 1.035731e-01
    outer loop
      vertex   1.080000e+01 2.447791e+01 2.894243e+00
      vertex   1.100000e+01 2.447791e+01 2.894243e+00
      vertex   1.100000e+01 2.449826e+01 2.698840e+00
    endloop
  endfacet
  facet normal 0.000000e+00 9.946218e-01 1.035731e-01
    outer loop
      vertex   1.080000e+01 2.447791e+01 2.894243e+00
      vertex   1.100000e+01 2.449826e+01 2.698840e+00
      vertex   1.080000e+01 2.449826e+01 2.698840e+00
    endloop
  endfacet
  facet normal -0.000000e+00 9.997722e-01 2.134272e-02
    outer loop
      vertex   1.080000e+01 2.449826e+01 2.698840e+00
      vertex   1.100000e+01 2.449826e+01 2.698840e+00
      vertex   1.100000e+01 2.450250e+01 2.500000e+00
    endloop
  endfacet
  facet normal 0.000000e+00 9.997722e-01 2.134272e-02
    outer loop
      vertex   1.080000e+01 2.449826e+01 2.698840e+00
      vertex   1.100000e+01 2.450250e+01 2.500000e+00
      vertex   1.080000e+01 2.450250e+01 2.500000e+00
    endloop
  endfacet
  facet normal 0.000000e+00 9.997721e-01 -2.135029e-02
    outer loop
      vertex   1.100000e+01 2.450250e+01 2.500000e+00
      vertex   1.100000e+01 2.449825e+01 2.301160e+00
      vertex   1.080000e+01 2.450250e+01 2.500000e+00
    endloop
  endfacet
  facet normal 0.000000e+00 9.997721e-01 -2.135029e-02
    outer loop
      vertex   1.080000e+01 2.450250e+01 2.500000e+00
      vertex   1.100000e+01 2.449825e+01 2.301160e+00
      vertex   1.080000e+01 2.449825e+01 2.301160e+00
    endloop
  endfacet
  facet normal 0.000000e+00 9.946214e-01 -1.035769e-01
    outer loop
      vertex   1.080000e+01 2.449825e+01 2.301160e+00
      vertex   1.100000e+01 2.449825e+01 2.301160e+00
      vertex   1.100000e+01 2.447790e+01 2.105758e+00
    endloop
  endfacet
  facet normal 0.000000e+00 9.946214e-01 -1.035769e-01
    outer loop
      vertex   1.080000e+01 2.449825e+01 2.301160e+00
      vertex   1.100000e+01 2.447790e+01 2.105758e+00
      vertex   1.080000e+01 2.447790e+01 2.105758e+00
    endloop
  endfacet
  facet normal 0.000000e+00 9.660972e-01 -2.581785e-01
    outer loop
      vertex   1.080000e+01 2.447790e+01 2.105758e+00
      vertex   1.100000e+01 2.447790e+01 2.105758e+00
      vertex   1.100000e+01 2.442741e+01 1.916791e+00
    endloop
  endfacet
  facet normal 0.000000e+00 9.660972e-01 -2.581785e-01
    outer loop
      vertex   1.080000e+01 2.447790e+01 2.105758e+00
      vertex   1.100000e+01 2.442741e+01 1.916791e+00
      vertex   1.080000e+01 2.442741e+01 1.916791e+00
    endloop
  endfacet
  facet normal 0.000000e+00 9.307415e-01 -3.656779e-01
    outer loop
      vertex   1.080000e+01 2.442741e+01 1.916791e+00
      vertex   1.100000e+01 2.442741e+01 1.916791e+00
      vertex   1.100000e+01 2.435500e+01 1.732500e+00
    endloop
  endfacet
  facet normal 0.000000e+00 9.307415e-01 -3.656779e-01
    outer loop
      vertex   1.080000e+01 2.442741e+01 1.916791e+00
      vertex   1.100000e+01 2.435500e+01 1.732500e+00
      vertex   1.080000e+01 2.435500e+01 1.732500e+00
    endloop
  endfacet
  facet normal 0.000000e+00 7.897436e-01 -6.134371e-01
    outer loop
      vertex   1.100000e+01 2.435500e+01 1.732500e+00
      vertex   1.100000e+01 2.427831e+01 1.633769e+00
      vertex   1.080000e+01 2.435500e+01 1.732500e+00
    endloop
  endfacet
  facet normal 0.000000e+00 7.897436e-01 -6.134371e-01
    outer loop
      vertex   1.080000e+01 2.435500e+01 1.732500e+00
      vertex   1.100000e+01 2.427831e+01 1.633769e+00
      vertex   1.080000e+01 2.427831e+01 1.633769e+00
    endloop
  endfacet
  facet normal 0.000000e+00 7.148393e-01 -6.992888e-01
    outer loop
      vertex   1.080000e+01 2.427831e+01 1.633769e+00
      vertex   1.100000e+01 2.427831e+01 1.633769e+00
      vertex   1.100000e+01 2.423620e+01 1.590725e+00
    endloop
  endfacet
  facet normal 0.000000e+00 7.148393e-01 -6.992888e-01
    outer loop
      vertex   1.080000e+01 2.427831e+01 1.633769e+00
      vertex   1.100000e+01 2.423620e+01 1.590725e+00
      vertex   1.080000e+01 2.423620e+01 1.590725e+00
    endloop
  endfacet
  facet normal 0.000000e+00 6.053536e-01 -7.959567e-01
    outer loop
      vertex   1.080000e+01 2.423620e+01 1.590725e+00
      vertex   1.100000e+01 2.423620e+01 1.590725e+00
      vertex   1.100000e+01 2.418958e+01 1.555266e+00
    endloop
  endfacet
  facet normal 0.000000e+00 6.053536e-01 -7.959567e-01
    outer loop
      vertex   1.080000e+01 2.423620e+01 1.590725e+00
      vertex   1.100000e+01 2.418958e+01 1.555266e+00
      vertex   1.080000e+01 2.418958e+01 1.555266e+00
    endloop
  endfacet
  facet normal 0.000000e+00 4.432401e-01 -8.964029e-01
    outer loop
      vertex   1.080000e+01 2.418958e+01 1.555266e+00
      vertex   1.100000e+01 2.418958e+01 1.555266e+00
      vertex   1.100000e+01 2.413725e+01 1.529391e+00
    endloop
  endfacet
  facet normal 0.000000e+00 4.432401e-01 -8.964029e-01
    outer loop
      vertex   1.080000e+01 2.418958e+01 1.555266e+00
      vertex   1.100000e+01 2.413725e+01 1.529391e+00
      vertex   1.080000e+01 2.413725e+01 1.529391e+00
    endloop
  endfacet
  facet normal 0.000000e+00 2.953269e-01 -9.553963e-01
    outer loop
      vertex   1.080000e+01 2.413725e+01 1.529391e+00
      vertex   1.100000e+01 2.413725e+01 1.529391e+00
      vertex   1.100000e+01 2.408004e+01 1.511708e+00
    endloop
  endfacet
  facet normal 0.000000e+00 2.953269e-01 -9.553963e-01
    outer loop
      vertex   1.080000e+01 2.413725e+01 1.529391e+00
      vertex   1.100000e+01 2.408004e+01 1.511708e+00
      vertex   1.080000e+01 2.408004e+01 1.511708e+00
    endloop
  endfacet
  facet normal 0.000000e+00 1.744302e-01 -9.846695e-01
    outer loop
      vertex   1.080000e+01 2.408004e+01 1.511708e+00
      vertex   1.100000e+01 2.408004e+01 1.511708e+00
      vertex   1.100000e+01 2.395750e+01 1.490000e+00
    endloop
  endfacet
  facet normal 0.000000e+00 1.744302e-01 -9.846695e-01
    outer loop
      vertex   1.080000e+01 2.408004e+01 1.511708e+00
      vertex   1.100000e+01 2.395750e+01 1.490000e+00
      vertex   1.080000e+01 2.395750e+01 1.490000e+00
    endloop
  endfacet
  facet normal -0.000000e+00 -1.693485e-01 -9.855562e-01
    outer loop
      vertex   1.100000e+01 2.395750e+01 1.490000e+00
      vertex   1.100000e+01 2.383366e+01 1.511280e+00
      vertex   1.080000e+01 2.395750e+01 1.490000e+00
    endloop
  endfacet
  facet normal 0.000000e+00 -1.693485e-01 -9.855562e-01
    outer loop
      vertex   1.080000e+01 2.395750e+01 1.490000e+00
      vertex   1.100000e+01 2.383366e+01 1.511280e+00
      vertex   1.080000e+01 2.383366e+01 1.511280e+00
    endloop
  endfacet
  facet normal 0.000000e+00 -2.896598e-01 -9.571297e-01
    outer loop
      vertex   1.080000e+01 2.383366e+01 1.511280e+00
      vertex   1.100000e+01 2.383366e+01 1.511280e+00
      vertex   1.100000e+01 2.377579e+01 1.528792e+00
    endloop
  endfacet
  facet normal 0.000000e+00 -2.896598e-01 -9.571297e-01
    outer loop
      vertex   1.080000e+01 2.383366e+01 1.511280e+00
      vertex   1.100000e+01 2.377579e+01 1.528792e+00
      vertex   1.080000e+01 2.377579e+01 1.528792e+00
    endloop
  endfacet
  facet normal 0.000000e+00 -4.370915e-01 -8.994171e-01
    outer loop
      vertex   1.080000e+01 2.377579e+01 1.528792e+00
      vertex   1.100000e+01 2.377579e+01 1.528792e+00
      vertex   1.100000e+01 2.372279e+01 1.554549e+00
    endloop
  endfacet
  facet normal 0.000000e+00 -4.370915e-01 -8.994171e-01
    outer loop
      vertex   1.080000e+01 2.377579e+01 1.528792e+00
      vertex   1.100000e+01 2.372279e+01 1.554549e+00
      vertex   1.080000e+01 2.372279e+01 1.554549e+00
    endloop
  endfacet
  facet normal 0.000000e+00 -6.002655e-01 -7.998008e-01
    outer loop
      vertex   1.080000e+01 2.372279e+01 1.554549e+00
      vertex   1.100000e+01 2.372279e+01 1.554549e+00
      vertex   1.100000e+01 2.367553e+01 1.590023e+00
    endloop
  endfacet
  facet normal 0.000000e+00 -6.002655e-01 -7.998008e-01
    outer loop
      vertex   1.080000e+01 2.372279e+01 1.554549e+00
      vertex   1.100000e+01 2.367553e+01 1.590023e+00
      vertex   1.080000e+01 2.367553e+01 1.590023e+00
    endloop
  endfacet
  facet normal 0.000000e+00 -7.111481e-01 -7.030422e-01
    outer loop
      vertex   1.080000e+01 2.367553e+01 1.590023e+00
      vertex   1.100000e+01 2.367553e+01 1.590023e+00
      vertex   1.100000e+01 2.363282e+01 1.633223e+00
    endloop
  endfacet
  facet normal 0.000000e+00 -7.111481e-01 -7.030422e-01
    outer loop
      vertex   1.080000e+01 2.367553e+01 1.590023e+00
      vertex   1.100000e+01 2.363282e+01 1.633223e+00
      vertex   1.080000e+01 2.363282e+01 1.633223e+00
    endloop
  endfacet
  facet normal 0.000000e+00 -7.870323e-01 -6.169118e-01
    outer loop
      vertex   1.080000e+01 2.363282e+01 1.633223e+00
      vertex   1.100000e+01 2.363282e+01 1.633223e+00
      vertex   1.100000e+01 2.355500e+01 1.732500e+00
    endloop
  endfacet
  facet normal 0.000000e+00 -7.870323e-01 -6.169118e-01
    outer loop
      vertex   1.080000e+01 2.363282e+01 1.633223e+00
      vertex   1.100000e+01 2.355500e+01 1.732500e+00
      vertex   1.080000e+01 2.355500e+01 1.732500e+00
    endloop
  endfacet
  facet normal 0.000000e+00 -6.069219e-01 7.947614e-01
    outer loop
      vertex   1.100000e+01 2.475250e+01 8.950000e-01
      vertex   1.100000e+01 2.492123e+01 1.023848e+00
      vertex   1.080000e+01 2.475250e+01 8.950000e-01
    endloop
  endfacet
  facet normal 0.000000e+00 -6.069219e-01 7.947614e-01
    outer loop
      vertex   1.080000e+01 2.475250e+01 8.950000e-01
      vertex   1.100000e+01 2.492123e+01 1.023848e+00
      vertex   1.080000e+01 2.492123e+01 1.023848e+00
    endloop
  endfacet
  facet normal 0.000000e+00 -6.913411e-01 7.225285e-01
    outer loop
      vertex   1.080000e+01 2.492123e+01 1.023848e+00
      vertex   1.100000e+01 2.492123e+01 1.023848e+00
      vertex   1.100000e+01 2.507221e+01 1.168311e+00
    endloop
  endfacet
  facet normal 0.000000e+00 -6.913411e-01 7.225285e-01
    outer loop
      vertex   1.080000e+01 2.492123e+01 1.023848e+00
      vertex   1.100000e+01 2.507221e+01 1.168311e+00
      vertex   1.080000e+01 2.507221e+01 1.168311e+00
    endloop
  endfacet
  facet normal 0.000000e+00 -8.113534e-01 5.845559e-01
    outer loop
      vertex   1.080000e+01 2.507221e+01 1.168311e+00
      vertex   1.100000e+01 2.507221e+01 1.168311e+00
      vertex   1.100000e+01 2.519448e+01 1.338031e+00
    endloop
  endfacet
  facet normal 0.000000e+00 -8.113534e-01 5.845559e-01
    outer loop
      vertex   1.080000e+01 2.507221e+01 1.168311e+00
      vertex   1.100000e+01 2.519448e+01 1.338031e+00
      vertex   1.080000e+01 2.519448e+01 1.338031e+00
    endloop
  endfacet
  facet normal 0.000000e+00 -8.680307e-01 4.965105e-01
    outer loop
      vertex   1.080000e+01 2.519448e+01 1.338031e+00
      vertex   1.100000e+01 2.519448e+01 1.338031e+00
      vertex   1.100000e+01 2.530000e+01 1.522500e+00
    endloop
  endfacet
  facet normal 0.000000e+00 -8.680307e-01 4.965105e-01
    outer loop
      vertex   1.080000e+01 2.519448e+01 1.338031e+00
      vertex   1.100000e+01 2.530000e+01 1.522500e+00
      vertex   1.080000e+01 2.530000e+01 1.522500e+00
    endloop
  endfacet
  facet normal 0.000000e+00 -9.375627e-01 3.478162e-01
    outer loop
      vertex   1.100000e+01 2.530000e+01 1.522500e+00
      vertex   1.100000e+01 2.538770e+01 1.758887e+00
      vertex   1.080000e+01 2.530000e+01 1.522500e+00
    endloop
  endfacet
  facet normal 0.000000e+00 -9.375627e-01 3.478162e-01
    outer loop
      vertex   1.080000e+01 2.530000e+01 1.522500e+00
      vertex   1.100000e+01 2.538770e+01 1.758887e+00
      vertex   1.080000e+01 2.538770e+01 1.758887e+00
    endloop
  endfacet
  facet normal 0.000000e+00 -9.645552e-01 2.638810e-01
    outer loop
      vertex   1.080000e+01 2.538770e+01 1.758887e+00
      vertex   1.100000e+01 2.538770e+01 1.758887e+00
      vertex   1.100000e+01 2.545361e+01 1.999815e+00
    endloop
  endfacet
  facet normal 0.000000e+00 -9.645552e-01 2.638810e-01
    outer loop
      vertex   1.080000e+01 2.538770e+01 1.758887e+00
      vertex   1.100000e+01 2.545361e+01 1.999815e+00
      vertex   1.080000e+01 2.545361e+01 1.999815e+00
    endloop
  endfacet
  facet normal 0.000000e+00 -9.919263e-01 1.268156e-01
    outer loop
      vertex   1.080000e+01 2.545361e+01 1.999815e+00
      vertex   1.100000e+01 2.545361e+01 1.999815e+00
      vertex   1.100000e+01 2.548532e+01 2.247871e+00
    endloop
  endfacet
  facet normal 0.000000e+00 -9.919263e-01 1.268156e-01
    outer loop
      vertex   1.080000e+01 2.545361e+01 1.999815e+00
      vertex   1.100000e+01 2.548532e+01 2.247871e+00
      vertex   1.080000e+01 2.548532e+01 2.247871e+00
    endloop
  endfacet
  facet normal 0.000000e+00 -9.988351e-01 4.825439e-02
    outer loop
      vertex   1.080000e+01 2.548532e+01 2.247871e+00
      vertex   1.100000e+01 2.548532e+01 2.247871e+00
      vertex   1.100000e+01 2.549750e+01 2.500000e+00
    endloop
  endfacet
  facet normal 0.000000e+00 -9.988351e-01 4.825439e-02
    outer loop
      vertex   1.080000e+01 2.548532e+01 2.247871e+00
      vertex   1.100000e+01 2.549750e+01 2.500000e+00
      vertex   1.080000e+01 2.549750e+01 2.500000e+00
    endloop
  endfacet
  facet normal -0.000000e+00 -9.988354e-01 -4.824803e-02
    outer loop
      vertex   1.100000e+01 2.549750e+01 2.500000e+00
      vertex   1.100000e+01 2.548532e+01 2.752129e+00
      vertex   1.080000e+01 2.549750e+01 2.500000e+00
    endloop
  endfacet
  facet normal 0.000000e+00 -9.988354e-01 -4.824803e-02
    outer loop
      vertex   1.080000e+01 2.549750e+01 2.500000e+00
      vertex   1.100000e+01 2.548532e+01 2.752129e+00
      vertex   1.080000e+01 2.548532e+01 2.752129e+00
    endloop
  endfacet
  facet normal 0.000000e+00 -9.919267e-01 -1.268125e-01
    outer loop
      vertex   1.080000e+01 2.548532e+01 2.752129e+00
      vertex   1.100000e+01 2.548532e+01 2.752129e+00
      vertex   1.100000e+01 2.545361e+01 3.000186e+00
    endloop
  endfacet
  facet normal 0.000000e+00 -9.919267e-01 -1.268125e-01
    outer loop
      vertex   1.080000e+01 2.548532e+01 2.752129e+00
      vertex   1.100000e+01 2.545361e+01 3.000186e+00
      vertex   1.080000e+01 2.545361e+01 3.000186e+00
    endloop
  endfacet
  facet normal 0.000000e+00 -9.645545e-01 -2.638838e-01
    outer loop
      vertex   1.080000e+01 2.545361e+01 3.000186e+00
      vertex   1.100000e+01 2.545361e+01 3.000186e+00
      vertex   1.100000e+01 2.538770e+01 3.241113e+00
    endloop
  endfacet
  facet normal 0.000000e+00 -9.645545e-01 -2.638838e-01
    outer loop
      vertex   1.080000e+01 2.545361e+01 3.000186e+00
      vertex   1.100000e+01 2.538770e+01 3.241113e+00
      vertex   1.080000e+01 2.538770e+01 3.241113e+00
    endloop
  endfacet
  facet normal 0.000000e+00 -9.375605e-01 -3.478223e-01
    outer loop
      vertex   1.080000e+01 2.538770e+01 3.241113e+00
      vertex   1.100000e+01 2.538770e+01 3.241113e+00
      vertex   1.100000e+01 2.530000e+01 3.477500e+00
    endloop
  endfacet
  facet normal 0.000000e+00 -9.375605e-01 -3.478223e-01
    outer loop
      vertex   1.080000e+01 2.538770e+01 3.241113e+00
      vertex   1.100000e+01 2.530000e+01 3.477500e+00
      vertex   1.080000e+01 2.530000e+01 3.477500e+00
    endloop
  endfacet
  facet normal -0.000000e+00 -8.680310e-01 -4.965101e-01
    outer loop
      vertex   1.100000e+01 2.530000e+01 3.477500e+00
      vertex   1.100000e+01 2.519448e+01 3.661969e+00
      vertex   1.080000e+01 2.530000e+01 3.477500e+00
    endloop
  endfacet
  facet normal 0.000000e+00 -8.680310e-01 -4.965101e-01
    outer loop
      vertex   1.080000e+01 2.530000e+01 3.477500e+00
      vertex   1.100000e+01 2.519448e+01 3.661969e+00
      vertex   1.080000e+01 2.519448e+01 3.661969e+00
    endloop
  endfacet
  facet normal 0.000000e+00 -8.113537e-01 -5.845556e-01
    outer loop
      vertex   1.080000e+01 2.519448e+01 3.661969e+00
      vertex   1.100000e+01 2.519448e+01 3.661969e+00
      vertex   1.100000e+01 2.507221e+01 3.831689e+00
    endloop
  endfacet
  facet normal 0.000000e+00 -8.113537e-01 -5.845556e-01
    outer loop
      vertex   1.080000e+01 2.519448e+01 3.661969e+00
      vertex   1.100000e+01 2.507221e+01 3.831689e+00
      vertex   1.080000e+01 2.507221e+01 3.831689e+00
    endloop
  endfacet
  facet normal 0.000000e+00 -6.913412e-01 -7.225284e-01
    outer loop
      vertex   1.080000e+01 2.507221e+01 3.831689e+00
      vertex   1.100000e+01 2.507221e+01 3.831689e+00
      vertex   1.100000e+01 2.492123e+01 3.976152e+00
    endloop
  endfacet
  facet normal 0.000000e+00 -6.913412e-01 -7.225284e-01
    outer loop
      vertex   1.080000e+01 2.507221e+01 3.831689e+00
      vertex   1.100000e+01 2.492123e+01 3.976152e+00
      vertex   1.080000e+01 2.492123e+01 3.976152e+00
    endloop
  endfacet
  facet normal 0.000000e+00 -6.069219e-01 -7.947615e-01
    outer loop
      vertex   1.080000e+01 2.492123e+01 3.976152e+00
      vertex   1.100000e+01 2.492123e+01 3.976152e+00
      vertex   1.100000e+01 2.475250e+01 4.105000e+00
    endloop
  endfacet
  facet normal 0.000000e+00 -6.069219e-01 -7.947615e-01
    outer loop
      vertex   1.080000e+01 2.492123e+01 3.976152e+00
      vertex   1.100000e+01 2.475250e+01 4.105000e+00
      vertex   1.080000e+01 2.475250e+01 4.105000e+00
    endloop
  endfacet
  facet normal -0.000000e+00 -4.412299e-01 -8.973941e-01
    outer loop
      vertex   1.100000e+01 2.475250e+01 4.105000e+00
      vertex   1.100000e+01 2.456436e+01 4.197507e+00
      vertex   1.080000e+01 2.475250e+01 4.105000e+00
    endloop
  endfacet
  facet normal 0.000000e+00 -4.412299e-01 -8.973941e-01
    outer loop
      vertex   1.080000e+01 2.475250e+01 4.105000e+00
      vertex   1.100000e+01 2.456436e+01 4.197507e+00
      vertex   1.080000e+01 2.456436e+01 4.197507e+00
    endloop
  endfacet
  facet normal 0.000000e+00 -3.437941e-01 -9.390451e-01
    outer loop
      vertex   1.080000e+01 2.456436e+01 4.197507e+00
      vertex   1.100000e+01 2.456436e+01 4.197507e+00
      vertex   1.100000e+01 2.437034e+01 4.268540e+00
    endloop
  endfacet
  facet normal 0.000000e+00 -3.437941e-01 -9.390451e-01
    outer loop
      vertex   1.080000e+01 2.456436e+01 4.197507e+00
      vertex   1.100000e+01 2.437034e+01 4.268540e+00
      vertex   1.080000e+01 2.437034e+01 4.268540e+00
    endloop
  endfacet
  facet normal 0.000000e+00 -1.742186e-01 -9.847070e-01
    outer loop
      vertex   1.080000e+01 2.437034e+01 4.268540e+00
      vertex   1.100000e+01 2.437034e+01 4.268540e+00
      vertex   1.100000e+01 2.416673e+01 4.304562e+00
    endloop
  endfacet
  facet normal 0.000000e+00 -1.742186e-01 -9.847070e-01
    outer loop
      vertex   1.080000e+01 2.437034e+01 4.268540e+00
      vertex   1.100000e+01 2.416673e+01 4.304562e+00
      vertex   1.080000e+01 2.416673e+01 4.304562e+00
    endloop
  endfacet
  facet normal 0.000000e+00 -7.358579e-02 -9.972889e-01
    outer loop
      vertex   1.080000e+01 2.416673e+01 4.304562e+00
      vertex   1.100000e+01 2.416673e+01 4.304562e+00
      vertex   1.100000e+01 2.395750e+01 4.320000e+00
    endloop
  endfacet
  facet normal 0.000000e+00 -7.358579e-02 -9.972889e-01
    outer loop
      vertex   1.080000e+01 2.416673e+01 4.304562e+00
      vertex   1.100000e+01 2.395750e+01 4.320000e+00
      vertex   1.080000e+01 2.395750e+01 4.320000e+00
    endloop
  endfacet
  facet normal 0.000000e+00 7.225209e-02 -9.973864e-01
    outer loop
      vertex   1.100000e+01 2.395750e+01 4.320000e+00
      vertex   1.100000e+01 2.374701e+01 4.304752e+00
      vertex   1.080000e+01 2.395750e+01 4.320000e+00
    endloop
  endfacet
  facet normal 0.000000e+00 7.225209e-02 -9.973864e-01
    outer loop
      vertex   1.080000e+01 2.395750e+01 4.320000e+00
      vertex   1.100000e+01 2.374701e+01 4.304752e+00
      vertex   1.080000e+01 2.374701e+01 4.304752e+00
    endloop
  endfacet
  facet normal 0.000000e+00 1.725663e-01 -9.849979e-01
    outer loop
      vertex   1.080000e+01 2.374701e+01 4.304752e+00
      vertex   1.100000e+01 2.374701e+01 4.304752e+00
      vertex   1.100000e+01 2.354215e+01 4.268861e+00
    endloop
  endfacet
  facet normal 0.000000e+00 1.725663e-01 -9.849979e-01
    outer loop
      vertex   1.080000e+01 2.374701e+01 4.304752e+00
      vertex   1.100000e+01 2.354215e+01 4.268861e+00
      vertex   1.080000e+01 2.354215e+01 4.268861e+00
    endloop
  endfacet
  facet normal 0.000000e+00 3.421251e-01 -9.396544e-01
    outer loop
      vertex   1.080000e+01 2.354215e+01 4.268861e+00
      vertex   1.100000e+01 2.354215e+01 4.268861e+00
      vertex   1.100000e+01 2.334687e+01 4.197762e+00
    endloop
  endfacet
  facet normal 0.000000e+00 3.421251e-01 -9.396544e-01
    outer loop
      vertex   1.080000e+01 2.354215e+01 4.268861e+00
      vertex   1.100000e+01 2.334687e+01 4.197762e+00
      vertex   1.080000e+01 2.334687e+01 4.197762e+00
    endloop
  endfacet
  facet normal 0.000000e+00 4.398970e-01 -8.980482e-01
    outer loop
      vertex   1.080000e+01 2.334687e+01 4.197762e+00
      vertex   1.100000e+01 2.334687e+01 4.197762e+00
      vertex   1.100000e+01 2.315750e+01 4.105000e+00
    endloop
  endfacet
  facet normal 0.000000e+00 4.398970e-01 -8.980482e-01
    outer loop
      vertex   1.080000e+01 2.334687e+01 4.197762e+00
      vertex   1.100000e+01 2.315750e+01 4.105000e+00
      vertex   1.080000e+01 2.315750e+01 4.105000e+00
    endloop
  endfacet
  facet normal 0.000000e+00 6.069245e-01 -7.947595e-01
    outer loop
      vertex   1.100000e+01 2.315750e+01 4.105000e+00
      vertex   1.100000e+01 2.298877e+01 3.976151e+00
      vertex   1.080000e+01 2.315750e+01 4.105000e+00
    endloop
  endfacet
  facet normal 0.000000e+00 6.069245e-01 -7.947595e-01
    outer loop
      vertex   1.080000e+01 2.315750e+01 4.105000e+00
      vertex   1.100000e+01 2.298877e+01 3.976151e+00
      vertex   1.080000e+01 2.298877e+01 3.976151e+00
    endloop
  endfacet
  facet normal 0.000000e+00 6.913420e-01 -7.225276e-01
    outer loop
      vertex   1.080000e+01 2.298877e+01 3.976151e+00
      vertex   1.100000e+01 2.298877e+01 3.976151e+00
      vertex   1.100000e+01 2.283779e+01 3.831688e+00
    endloop
  endfacet
  facet normal 0.000000e+00 6.913420e-01 -7.225276e-01
    outer loop
      vertex   1.080000e+01 2.298877e+01 3.976151e+00
      vertex   1.100000e+01 2.283779e+01 3.831688e+00
      vertex   1.080000e+01 2.283779e+01 3.831688e+00
    endloop
  endfacet
  facet normal 0.000000e+00 8.113519e-01 -5.845581e-01
    outer loop
      vertex   1.080000e+01 2.283779e+01 3.831688e+00
      vertex   1.100000e+01 2.283779e+01 3.831688e+00
      vertex   1.100000e+01 2.271552e+01 3.661968e+00
    endloop
  endfacet
  facet normal 0.000000e+00 8.113519e-01 -5.845581e-01
    outer loop
      vertex   1.080000e+01 2.283779e+01 3.831688e+00
      vertex   1.100000e+01 2.271552e+01 3.661968e+00
      vertex   1.080000e+01 2.271552e+01 3.661968e+00
    endloop
  endfacet
  facet normal 0.000000e+00 8.680282e-01 -4.965149e-01
    outer loop
      vertex   1.080000e+01 2.271552e+01 3.661968e+00
      vertex   1.100000e+01 2.271552e+01 3.661968e+00
      vertex   1.100000e+01 2.261000e+01 3.477500e+00
    endloop
  endfacet
  facet normal 0.000000e+00 8.680282e-01 -4.965149e-01
    outer loop
      vertex   1.080000e+01 2.271552e+01 3.661968e+00
      vertex   1.100000e+01 2.261000e+01 3.477500e+00
      vertex   1.080000e+01 2.261000e+01 3.477500e+00
    endloop
  endfacet
  facet normal 0.000000e+00 9.375624e-01 -3.478171e-01
    outer loop
      vertex   1.100000e+01 2.261000e+01 3.477500e+00
      vertex   1.100000e+01 2.252230e+01 3.241113e+00
      vertex   1.080000e+01 2.261000e+01 3.477500e+00
    endloop
  endfacet
  facet normal 0.000000e+00 9.375624e-01 -3.478171e-01
    outer loop
      vertex   1.080000e+01 2.261000e+01 3.477500e+00
      vertex   1.100000e+01 2.252230e+01 3.241113e+00
      vertex   1.080000e+01 2.252230e+01 3.241113e+00
    endloop
  endfacet
  facet normal 0.000000e+00 9.645555e-01 -2.638801e-01
    outer loop
      vertex   1.080000e+01 2.252230e+01 3.241113e+00
      vertex   1.100000e+01 2.252230e+01 3.241113e+00
      vertex   1.100000e+01 2.245639e+01 3.000185e+00
    endloop
  endfacet
  facet normal 0.000000e+00 9.645555e-01 -2.638801e-01
    outer loop
      vertex   1.080000e+01 2.252230e+01 3.241113e+00
      vertex   1.100000e+01 2.245639e+01 3.000185e+00
      vertex   1.080000e+01 2.245639e+01 3.000185e+00
    endloop
  endfacet
  facet normal 0.000000e+00 9.919268e-01 -1.268117e-01
    outer loop
      vertex   1.080000e+01 2.245639e+01 3.000185e+00
      vertex   1.100000e+01 2.245639e+01 3.000185e+00
      vertex   1.100000e+01 2.242468e+01 2.752128e+00
    endloop
  endfacet
  facet normal 0.000000e+00 9.919268e-01 -1.268117e-01
    outer loop
      vertex   1.080000e+01 2.245639e+01 3.000185e+00
      vertex   1.100000e+01 2.242468e+01 2.752128e+00
      vertex   1.080000e+01 2.242468e+01 2.752128e+00
    endloop
  endfacet
  facet normal 0.000000e+00 9.988353e-01 -4.824891e-02
    outer loop
      vertex   1.080000e+01 2.242468e+01 2.752128e+00
      vertex   1.100000e+01 2.242468e+01 2.752128e+00
      vertex   1.100000e+01 2.241250e+01 2.500000e+00
    endloop
  endfacet
  facet normal 0.000000e+00 9.988353e-01 -4.824891e-02
    outer loop
      vertex   1.080000e+01 2.242468e+01 2.752128e+00
      vertex   1.100000e+01 2.241250e+01 2.500000e+00
      vertex   1.080000e+01 2.241250e+01 2.500000e+00
    endloop
  endfacet
  facet normal 0.000000e+00 9.988353e-01 4.824891e-02
    outer loop
      vertex   1.100000e+01 2.241250e+01 2.500000e+00
      vertex   1.100000e+01 2.242468e+01 2.247871e+00
      vertex   1.080000e+01 2.241250e+01 2.500000e+00
    endloop
  endfacet
  facet normal 0.000000e+00 9.988353e-01 4.824891e-02
    outer loop
      vertex   1.080000e+01 2.241250e+01 2.500000e+00
      vertex   1.100000e+01 2.242468e+01 2.247871e+00
      vertex   1.080000e+01 2.242468e+01 2.247871e+00
    endloop
  endfacet
  facet normal -0.000000e+00 9.919268e-01 1.268117e-01
    outer loop
      vertex   1.080000e+01 2.242468e+01 2.247871e+00
      vertex   1.100000e+01 2.242468e+01 2.247871e+00
      vertex   1.100000e+01 2.245639e+01 1.999815e+00
    endloop
  endfacet
  facet normal 0.000000e+00 9.919268e-01 1.268117e-01
    outer loop
      vertex   1.080000e+01 2.242468e+01 2.247871e+00
      vertex   1.100000e+01 2.245639e+01 1.999815e+00
      vertex   1.080000e+01 2.245639e+01 1.999815e+00
    endloop
  endfacet
  facet normal -0.000000e+00 9.645555e-01 2.638801e-01
    outer loop
      vertex   1.080000e+01 2.245639e+01 1.999815e+00
      vertex   1.100000e+01 2.245639e+01 1.999815e+00
      vertex   1.100000e+01 2.252230e+01 1.758887e+00
    endloop
  endfacet
  facet normal 0.000000e+00 9.645555e-01 2.638801e-01
    outer loop
      vertex   1.080000e+01 2.245639e+01 1.999815e+00
      vertex   1.100000e+01 2.252230e+01 1.758887e+00
      vertex   1.080000e+01 2.252230e+01 1.758887e+00
    endloop
  endfacet
  facet normal -0.000000e+00 9.375624e-01 3.478171e-01
    outer loop
      vertex   1.080000e+01 2.252230e+01 1.758887e+00
      vertex   1.100000e+01 2.252230e+01 1.758887e+00
      vertex   1.100000e+01 2.261000e+01 1.522500e+00
    endloop
  endfacet
  facet normal 0.000000e+00 9.375624e-01 3.478171e-01
    outer loop
      vertex   1.080000e+01 2.252230e+01 1.758887e+00
      vertex   1.100000e+01 2.261000e+01 1.522500e+00
      vertex   1.080000e+01 2.261000e+01 1.522500e+00
    endloop
  endfacet
  facet normal 0.000000e+00 8.680280e-01 4.965153e-01
    outer loop
      vertex   1.100000e+01 2.261000e+01 1.522500e+00
      vertex   1.100000e+01 2.271552e+01 1.338031e+00
      vertex   1.080000e+01 2.261000e+01 1.522500e+00
    endloop
  endfacet
  facet normal 0.000000e+00 8.680280e-01 4.965153e-01
    outer loop
      vertex   1.080000e+01 2.261000e+01 1.522500e+00
      vertex   1.100000e+01 2.271552e+01 1.338031e+00
      vertex   1.080000e+01 2.271552e+01 1.338031e+00
    endloop
  endfacet
  facet normal -0.000000e+00 8.113517e-01 5.845584e-01
    outer loop
      vertex   1.080000e+01 2.271552e+01 1.338031e+00
      vertex   1.100000e+01 2.271552e+01 1.338031e+00
      vertex   1.100000e+01 2.283779e+01 1.168312e+00
    endloop
  endfacet
  facet normal 0.000000e+00 8.113517e-01 5.845584e-01
    outer loop
      vertex   1.080000e+01 2.271552e+01 1.338031e+00
      vertex   1.100000e+01 2.283779e+01 1.168312e+00
      vertex   1.080000e+01 2.283779e+01 1.168312e+00
    endloop
  endfacet
  facet normal -0.000000e+00 6.913419e-01 7.225277e-01
    outer loop
      vertex   1.080000e+01 2.283779e+01 1.168312e+00
      vertex   1.100000e+01 2.283779e+01 1.168312e+00
      vertex   1.100000e+01 2.298878e+01 1.023849e+00
    endloop
  endfacet
  facet normal 0.000000e+00 6.913419e-01 7.225277e-01
    outer loop
      vertex   1.080000e+01 2.283779e+01 1.168312e+00
      vertex   1.100000e+01 2.298878e+01 1.023849e+00
      vertex   1.080000e+01 2.298878e+01 1.023849e+00
    endloop
  endfacet
  facet normal -0.000000e+00 6.069245e-01 7.947595e-01
    outer loop
      vertex   1.080000e+01 2.298878e+01 1.023849e+00
      vertex   1.100000e+01 2.298878e+01 1.023849e+00
      vertex   1.100000e+01 2.315750e+01 8.950000e-01
    endloop
  endfacet
  facet normal 0.000000e+00 6.069245e-01 7.947595e-01
    outer loop
      vertex   1.080000e+01 2.298878e+01 1.023849e+00
      vertex   1.100000e+01 2.315750e+01 8.950000e-01
      vertex   1.080000e+01 2.315750e+01 8.950000e-01
    endloop
  endfacet
  facet normal 0.000000e+00 4.398976e-01 8.980479e-01
    outer loop
      vertex   1.100000e+01 2.315750e+01 8.950000e-01
      vertex   1.100000e+01 2.334687e+01 8.022379e-01
      vertex   1.080000e+01 2.315750e+01 8.950000e-01
    endloop
  endfacet
  facet normal 0.000000e+00 4.398976e-01 8.980479e-01
    outer loop
      vertex   1.080000e+01 2.315750e+01 8.950000e-01
      vertex   1.100000e+01 2.334687e+01 8.022379e-01
      vertex   1.080000e+01 2.334687e+01 8.022379e-01
    endloop
  endfacet
  facet normal -0.000000e+00 3.421257e-01 9.396542e-01
    outer loop
      vertex   1.080000e+01 2.334687e+01 8.022379e-01
      vertex   1.100000e+01 2.334687e+01 8.022379e-01
      vertex   1.100000e+01 2.354215e+01 7.311391e-01
    endloop
  endfacet
  facet normal 0.000000e+00 3.421257e-01 9.396542e-01
    outer loop
      vertex   1.080000e+01 2.334687e+01 8.022379e-01
      vertex   1.100000e+01 2.354215e+01 7.311391e-01
      vertex   1.080000e+01 2.354215e+01 7.311391e-01
    endloop
  endfacet
  facet normal -0.000000e+00 1.725670e-01 9.849978e-01
    outer loop
      vertex   1.080000e+01 2.354215e+01 7.311391e-01
      vertex   1.100000e+01 2.354215e+01 7.311391e-01
      vertex   1.100000e+01 2.374701e+01 6.952477e-01
    endloop
  endfacet
  facet normal 0.000000e+00 1.725670e-01 9.849978e-01
    outer loop
      vertex   1.080000e+01 2.354215e+01 7.311391e-01
      vertex   1.100000e+01 2.374701e+01 6.952477e-01
      vertex   1.080000e+01 2.374701e+01 6.952477e-01
    endloop
  endfacet
  facet normal -0.000000e+00 7.225279e-02 9.973864e-01
    outer loop
      vertex   1.080000e+01 2.374701e+01 6.952477e-01
      vertex   1.100000e+01 2.374701e+01 6.952477e-01
      vertex   1.100000e+01 2.395750e+01 6.799995e-01
    endloop
  endfacet
  facet normal 0.000000e+00 7.225279e-02 9.973864e-01
    outer loop
      vertex   1.080000e+01 2.374701e+01 6.952477e-01
      vertex   1.100000e+01 2.395750e+01 6.799995e-01
      vertex   1.080000e+01 2.395750e+01 6.799995e-01
    endloop
  endfacet
  facet normal 0.000000e+00 -7.358650e-02 9.972888e-01
    outer loop
      vertex   1.100000e+01 2.395750e+01 6.799995e-01
      vertex   1.100000e+01 2.416674e+01 6.954382e-01
      vertex   1.080000e+01 2.395750e+01 6.799995e-01
    endloop
  endfacet
  facet normal 0.000000e+00 -7.358650e-02 9.972888e-01
    outer loop
      vertex   1.080000e+01 2.395750e+01 6.799995e-01
      vertex   1.100000e+01 2.416674e+01 6.954382e-01
      vertex   1.080000e+01 2.416674e+01 6.954382e-01
    endloop
  endfacet
  facet normal 0.000000e+00 -1.742193e-01 9.847069e-01
    outer loop
      vertex   1.080000e+01 2.416674e+01 6.954382e-01
      vertex   1.100000e+01 2.416674e+01 6.954382e-01
      vertex   1.100000e+01 2.437034e+01 7.314603e-01
    endloop
  endfacet
  facet normal 0.000000e+00 -1.742193e-01 9.847069e-01
    outer loop
      vertex   1.080000e+01 2.416674e+01 6.954382e-01
      vertex   1.100000e+01 2.437034e+01 7.314603e-01
      vertex   1.080000e+01 2.437034e+01 7.314603e-01
    endloop
  endfacet
  facet normal 0.000000e+00 -3.437947e-01 9.390448e-01
    outer loop
      vertex   1.080000e+01 2.437034e+01 7.314603e-01
      vertex   1.100000e+01 2.437034e+01 7.314603e-01
      vertex   1.100000e+01 2.456436e+01 8.024933e-01
    endloop
  endfacet
  facet normal 0.000000e+00 -3.437947e-01 9.390448e-01
    outer loop
      vertex   1.080000e+01 2.437034e+01 7.314603e-01
      vertex   1.100000e+01 2.456436e+01 8.024933e-01
      vertex   1.080000e+01 2.456436e+01 8.024933e-01
    endloop
  endfacet
  facet normal 0.000000e+00 -4.412305e-01 8.973938e-01
    outer loop
      vertex   1.080000e+01 2.456436e+01 8.024933e-01
      vertex   1.100000e+01 2.456436e+01 8.024933e-01
      vertex   1.100000e+01 2.475250e+01 8.950000e-01
    endloop
  endfacet
  facet normal 0.000000e+00 -4.412305e-01 8.973938e-01
    outer loop
      vertex   1.080000e+01 2.456436e+01 8.024933e-01
      vertex   1.100000e+01 2.475250e+01 8.950000e-01
      vertex   1.080000e+01 2.475250e+01 8.950000e-01
    endloop
  endfacet
  facet normal 1.000000e+00 -0.000000e+00 0.000000e+00
    outer loop
      vertex   1.080000e+01 2.374701e+01 6.952477e-01
      vertex   1.080000e+01 2.395750e+01 6.799995e-01
      vertex   1.080000e+01 2.395750e+01 1.490000e+00
    endloop
  endfacet
  facet normal 1.000000e+00 0.000000e+00 0.000000e+00
    outer loop
      vertex   1.080000e+01 2.395750e+01 1.490000e+00
      vertex   1.080000e+01 2.395750e+01 6.799995e-01
      vertex   1.080000e+01 2.416674e+01 6.954382e-01
    endloop
  endfacet
  facet normal 1.000000e+00 -0.000000e+00 0.000000e+00
    outer loop
      vertex   1.080000e+01 2.395750e+01 1.490000e+00
      vertex   1.080000e+01 2.416674e+01 6.954382e-01
      vertex   1.080000e+01 2.408004e+01 1.511708e+00
    endloop
  endfacet
  facet normal 1.000000e+00 -0.000000e+00 0.000000e+00
    outer loop
      vertex   1.080000e+01 2.408004e+01 1.511708e+00
      vertex   1.080000e+01 2.416674e+01 6.954382e-01
      vertex   1.080000e+01 2.413725e+01 1.529391e+00
    endloop
  endfacet
  facet normal 1.000000e+00 0.000000e+00 0.000000e+00
    outer loop
      vertex   1.080000e+01 2.413725e+01 1.529391e+00
      vertex   1.080000e+01 2.416674e+01 6.954382e-01
      vertex   1.080000e+01 2.437034e+01 7.314603e-01
    endloop
  endfacet
  facet normal 1.000000e+00 -0.000000e+00 0.000000e+00
    outer loop
      vertex   1.080000e+01 2.413725e+01 1.529391e+00
      vertex   1.080000e+01 2.437034e+01 7.314603e-01
      vertex   1.080000e+01 2.418958e+01 1.555266e+00
    endloop
  endfacet
  facet normal 1.000000e+00 0.000000e+00 0.000000e+00
    outer loop
      vertex   1.080000e+01 2.418958e+01 1.555266e+00
      vertex   1.080000e+01 2.437034e+01 7.314603e-01
      vertex   1.080000e+01 2.456436e+01 8.024933e-01
    endloop
  endfacet
  facet normal 1.000000e+00 -0.000000e+00 0.000000e+00
    outer loop
      vertex   1.080000e+01 2.418958e+01 1.555266e+00
      vertex   1.080000e+01 2.456436e+01 8.024933e-01
      vertex   1.080000e+01 2.423620e+01 1.590725e+00
    endloop
  endfacet
  facet normal 1.000000e+00 0.000000e+00 0.000000e+00
    outer loop
      vertex   1.080000e+01 2.423620e+01 1.590725e+00
      vertex   1.080000e+01 2.456436e+01 8.024933e-01
      vertex   1.080000e+01 2.475250e+01 8.950000e-01
    endloop
  endfacet
  facet normal 1.000000e+00 -0.000000e+00 0.000000e+00
    outer loop
      vertex   1.080000e+01 2.423620e+01 1.590725e+00
      vertex   1.080000e+01 2.475250e+01 8.950000e-01
      vertex   1.080000e+01 2.427831e+01 1.633769e+00
    endloop
  endfacet
  facet normal 1.000000e+00 0.000000e+00 0.000000e+00
    outer loop
      vertex   1.080000e+01 2.427831e+01 1.633769e+00
      vertex   1.080000e+01 2.475250e+01 8.950000e-01
      vertex   1.080000e+01 2.492123e+01 1.023848e+00
    endloop
  endfacet
  facet normal 1.000000e+00 -0.000000e+00 0.000000e+00
    outer loop
      vertex   1.080000e+01 2.427831e+01 1.633769e+00
      vertex   1.080000e+01 2.492123e+01 1.023848e+00
      vertex   1.080000e+01 2.435500e+01 1.732500e+00
    endloop
  endfacet
  facet normal 1.000000e+00 0.000000e+00 0.000000e+00
    outer loop
      vertex   1.080000e+01 2.435500e+01 1.732500e+00
      vertex   1.080000e+01 2.492123e+01 1.023848e+00
      vertex   1.080000e+01 2.507221e+01 1.168311e+00
    endloop
  endfacet
  facet normal 1.000000e+00 0.000000e+00 0.000000e+00
    outer loop
      vertex   1.080000e+01 2.435500e+01 1.732500e+00
      vertex   1.080000e+01 2.507221e+01 1.168311e+00
      vertex   1.080000e+01 2.519448e+01 1.338031e+00
    endloop
  endfacet
  facet normal 1.000000e+00 -0.000000e+00 0.000000e+00
    outer loop
      vertex   1.080000e+01 2.435500e+01 1.732500e+00
      vertex   1.080000e+01 2.519448e+01 1.338031e+00
      vertex   1.080000e+01 2.442741e+01 1.916791e+00
    endloop
  endfacet
  facet normal 1.000000e+00 0.000000e+00 0.000000e+00
    outer loop
      vertex   1.080000e+01 2.442741e+01 1.916791e+00
      vertex   1.080000e+01 2.519448e+01 1.338031e+00
      vertex   1.080000e+01 2.530000e+01 1.522500e+00
    endloop
  endfacet
  facet normal 1.000000e+00 -0.000000e+00 0.000000e+00
    outer loop
      vertex   1.080000e+01 2.442741e+01 1.916791e+00
      vertex   1.080000e+01 2.530000e+01 1.522500e+00
      vertex   1.080000e+01 2.447790e+01 2.105758e+00
    endloop
  endfacet
  facet normal 1.000000e+00 0.000000e+00 0.000000e+00
    outer loop
      vertex   1.080000e+01 2.447790e+01 2.105758e+00
      vertex   1.080000e+01 2.530000e+01 1.522500e+00
      vertex   1.080000e+01 2.538770e+01 1.758887e+00
    endloop
  endfacet
  facet normal 1.000000e+00 0.000000e+00 0.000000e+00
    outer loop
      vertex   1.080000e+01 2.447790e+01 2.105758e+00
      vertex   1.080000e+01 2.538770e+01 1.758887e+00
      vertex   1.080000e+01 2.545361e+01 1.999815e+00
    endloop
  endfacet
  facet normal 1.000000e+00 -0.000000e+00 0.000000e+00
    outer loop
      vertex   1.080000e+01 2.447790e+01 2.105758e+00
      vertex   1.080000e+01 2.545361e+01 1.999815e+00
      vertex   1.080000e+01 2.449825e+01 2.301160e+00
    endloop
  endfacet
  facet normal 1.000000e+00 0.000000e+00 0.000000e+00
    outer loop
      vertex   1.080000e+01 2.449825e+01 2.301160e+00
      vertex   1.080000e+01 2.545361e+01 1.999815e+00
      vertex   1.080000e+01 2.548532e+01 2.247871e+00
    endloop
  endfacet
  facet normal 1.000000e+00 -0.000000e+00 0.000000e+00
    outer loop
      vertex   1.080000e+01 2.449825e+01 2.301160e+00
      vertex   1.080000e+01 2.548532e+01 2.247871e+00
      vertex   1.080000e+01 2.450250e+01 2.500000e+00
    endloop
  endfacet
  facet normal 1.000000e+00 -0.000000e+00 0.000000e+00
    outer loop
      vertex   1.080000e+01 2.450250e+01 2.500000e+00
      vertex   1.080000e+01 2.548532e+01 2.247871e+00
      vertex   1.080000e+01 2.549750e+01 2.500000e+00
    endloop
  endfacet
  facet normal 1.000000e+00 0.000000e+00 0.000000e+00
    outer loop
      vertex   1.080000e+01 2.450250e+01 2.500000e+00
      vertex   1.080000e+01 2.549750e+01 2.500000e+00
      vertex   1.080000e+01 2.548532e+01 2.752129e+00
    endloop
  endfacet
  facet normal 1.000000e+00 0.000000e+00 -0.000000e+00
    outer loop
      vertex   1.080000e+01 2.450250e+01 2.500000e+00
      vertex   1.080000e+01 2.548532e+01 2.752129e+00
      vertex   1.080000e+01 2.449826e+01 2.698840e+00
    endloop
  endfacet
  facet normal 1.000000e+00 0.000000e+00 0.000000e+00
    outer loop
      vertex   1.080000e+01 2.449826e+01 2.698840e+00
      vertex   1.080000e+01 2.548532e+01 2.752129e+00
      vertex   1.080000e+01 2.545361e+01 3.000186e+00
    endloop
  endfacet
  facet normal 1.000000e+00 0.000000e+00 -0.000000e+00
    outer loop
      vertex   1.080000e+01 2.449826e+01 2.698840e+00
      vertex   1.080000e+01 2.545361e+01 3.000186e+00
      vertex   1.080000e+01 2.447791e+01 2.894243e+00
    endloop
  endfacet
  facet normal 1.000000e+00 0.000000e+00 0.000000e+00
    outer loop
      vertex   1.080000e+01 2.447791e+01 2.894243e+00
      vertex   1.080000e+01 2.545361e+01 3.000186e+00
      vertex   1.080000e+01 2.538770e+01 3.241113e+00
    endloop
  endfacet
  facet normal 1.000000e+00 0.000000e+00 0.000000e+00
    outer loop
      vertex   1.080000e+01 2.447791e+01 2.894243e+00
      vertex   1.080000e+01 2.538770e+01 3.241113e+00
      vertex   1.080000e+01 2.530000e+01 3.477500e+00
    endloop
  endfacet
  facet normal 1.000000e+00 0.000000e+00 -0.000000e+00
    outer loop
      vertex   1.080000e+01 2.447791e+01 2.894243e+00
      vertex   1.080000e+01 2.530000e+01 3.477500e+00
      vertex   1.080000e+01 2.442741e+01 3.083209e+00
    endloop
  endfacet
  facet normal 1.000000e+00 0.000000e+00 0.000000e+00
    outer loop
      vertex   1.080000e+01 2.442741e+01 3.083209e+00
      vertex   1.080000e+01 2.530000e+01 3.477500e+00
      vertex   1.080000e+01 2.519448e+01 3.661969e+00
    endloop
  endfacet
  facet normal 1.000000e+00 0.000000e+00 -0.000000e+00
    outer loop
      vertex   1.080000e+01 2.442741e+01 3.083209e+00
      vertex   1.080000e+01 2.519448e+01 3.661969e+00
      vertex   1.080000e+01 2.435500e+01 3.267500e+00
    endloop
  endfacet
  facet normal 1.000000e+00 0.000000e+00 0.000000e+00
    outer loop
      vertex   1.080000e+01 2.435500e+01 3.267500e+00
      vertex   1.080000e+01 2.519448e+01 3.661969e+00
      vertex   1.080000e+01 2.507221e+01 3.831689e+00
    endloop
  endfacet
  facet normal 1.000000e+00 0.000000e+00 0.000000e+00
    outer loop
      vertex   1.080000e+01 2.435500e+01 3.267500e+00
      vertex   1.080000e+01 2.507221e+01 3.831689e+00
      vertex   1.080000e+01 2.492123e+01 3.976152e+00
    endloop
  endfacet
  facet normal 1.000000e+00 0.000000e+00 -0.000000e+00
    outer loop
      vertex   1.080000e+01 2.435500e+01 3.267500e+00
      vertex   1.080000e+01 2.492123e+01 3.976152e+00
      vertex   1.080000e+01 2.427831e+01 3.366231e+00
    endloop
  endfacet
  facet normal 1.000000e+00 0.000000e+00 0.000000e+00
    outer loop
      vertex   1.080000e+01 2.427831e+01 3.366231e+00
      vertex   1.080000e+01 2.492123e+01 3.976152e+00
      vertex   1.080000e+01 2.475250e+01 4.105000e+00
    endloop
  endfacet
  facet normal 1.000000e+00 0.000000e+00 -0.000000e+00
    outer loop
      vertex   1.080000e+01 2.427831e+01 3.366231e+00
      vertex   1.080000e+01 2.475250e+01 4.105000e+00
      vertex   1.080000e+01 2.423620e+01 3.409275e+00
    endloop
  endfacet
  facet normal 1.000000e+00 0.000000e+00 0.000000e+00
    outer loop
      vertex   1.080000e+01 2.423620e+01 3.409275e+00
      vertex   1.080000e+01 2.475250e+01 4.105000e+00
      vertex   1.080000e+01 2.456436e+01 4.197507e+00
    endloop
  endfacet
  facet normal 1.000000e+00 0.000000e+00 -0.000000e+00
    outer loop
      vertex   1.080000e+01 2.423620e+01 3.409275e+00
      vertex   1.080000e+01 2.456436e+01 4.197507e+00
      vertex   1.080000e+01 2.418958e+01 3.444734e+00
    endloop
  endfacet
  facet normal 1.000000e+00 0.000000e+00 0.000000e+00
    outer loop
      vertex   1.080000e+01 2.418958e+01 3.444734e+00
      vertex   1.080000e+01 2.456436e+01 4.197507e+00
      vertex   1.080000e+01 2.437034e+01 4.268540e+00
    endloop
  endfacet
  facet normal 1.000000e+00 0.000000e+00 -0.000000e+00
    outer loop
      vertex   1.080000e+01 2.418958e+01 3.444734e+00
      vertex   1.080000e+01 2.437034e+01 4.268540e+00
      vertex   1.080000e+01 2.413725e+01 3.470609e+00
    endloop
  endfacet
  facet normal 1.000000e+00 0.000000e+00 0.000000e+00
    outer loop
      vertex   1.080000e+01 2.413725e+01 3.470609e+00
      vertex   1.080000e+01 2.437034e+01 4.268540e+00
      vertex   1.080000e+01 2.416673e+01 4.304562e+00
    endloop
  endfacet
  facet normal 1.000000e+00 0.000000e+00 -0.000000e+00
    outer loop
      vertex   1.080000e+01 2.413725e+01 3.470609e+00
      vertex   1.080000e+01 2.416673e+01 4.304562e+00
      vertex   1.080000e+01 2.408004e+01 3.488292e+00
    endloop
  endfacet
  facet normal 1.000000e+00 0.000000e+00 -0.000000e+00
    outer loop
      vertex   1.080000e+01 2.408004e+01 3.488292e+00
      vertex   1.080000e+01 2.416673e+01 4.304562e+00
      vertex   1.080000e+01 2.395750e+01 3.510000e+00
    endloop
  endfacet
  facet normal 1.000000e+00 0.000000e+00 0.000000e+00
    outer loop
      vertex   1.080000e+01 2.395750e+01 3.510000e+00
      vertex   1.080000e+01 2.416673e+01 4.304562e+00
      vertex   1.080000e+01 2.395750e+01 4.320000e+00
    endloop
  endfacet
  facet normal 1.000000e+00 0.000000e+00 -0.000000e+00
    outer loop
      vertex   1.080000e+01 2.395750e+01 3.510000e+00
      vertex   1.080000e+01 2.395750e+01 4.320000e+00
      vertex   1.080000e+01 2.374701e+01 4.304752e+00
    endloop
  endfacet
  facet normal 1.000000e+00 -0.000000e+00 0.000000e+00
    outer loop
      vertex   1.080000e+01 2.354215e+01 4.268861e+00
      vertex   1.080000e+01 2.377579e+01 3.471208e+00
      vertex   1.080000e+01 2.374701e+01 4.304752e+00
    endloop
  endfacet
  facet normal 1.000000e+00 0.000000e+00 0.000000e+00
    outer loop
      vertex   1.080000e+01 2.374701e+01 4.304752e+00
      vertex   1.080000e+01 2.377579e+01 3.471208e+00
      vertex   1.080000e+01 2.383366e+01 3.488720e+00
    endloop
  endfacet
  facet normal 1.000000e+00 0.000000e+00 0.000000e+00
    outer loop
      vertex   1.080000e+01 2.374701e+01 4.304752e+00
      vertex   1.080000e+01 2.383366e+01 3.488720e+00
      vertex   1.080000e+01 2.395750e+01 3.510000e+00
    endloop
  endfacet
  facet normal 1.000000e+00 0.000000e+00 0.000000e+00
    outer loop
      vertex   1.080000e+01 2.377579e+01 3.471208e+00
      vertex   1.080000e+01 2.354215e+01 4.268861e+00
      vertex   1.080000e+01 2.372279e+01 3.445451e+00
    endloop
  endfacet
  facet normal 1.000000e+00 0.000000e+00 0.000000e+00
    outer loop
      vertex   1.080000e+01 2.372279e+01 3.445451e+00
      vertex   1.080000e+01 2.354215e+01 4.268861e+00
      vertex   1.080000e+01 2.334687e+01 4.197762e+00
    endloop
  endfacet
  facet normal 1.000000e+00 0.000000e+00 0.000000e+00
    outer loop
      vertex   1.080000e+01 2.372279e+01 3.445451e+00
      vertex   1.080000e+01 2.334687e+01 4.197762e+00
      vertex   1.080000e+01 2.367553e+01 3.409977e+00
    endloop
  endfacet
  facet normal 1.000000e+00 0.000000e+00 0.000000e+00
    outer loop
      vertex   1.080000e+01 2.367553e+01 3.409977e+00
      vertex   1.080000e+01 2.334687e+01 4.197762e+00
      vertex   1.080000e+01 2.363282e+01 3.366776e+00
    endloop
  endfacet
  facet normal 1.000000e+00 0.000000e+00 0.000000e+00
    outer loop
      vertex   1.080000e+01 2.363282e+01 3.366776e+00
      vertex   1.080000e+01 2.334687e+01 4.197762e+00
      vertex   1.080000e+01 2.315750e+01 4.105000e+00
    endloop
  endfacet
  facet normal 1.000000e+00 0.000000e+00 0.000000e+00
    outer loop
      vertex   1.080000e+01 2.363282e+01 3.366776e+00
      vertex   1.080000e+01 2.315750e+01 4.105000e+00
      vertex   1.080000e+01 2.355500e+01 3.267500e+00
    endloop
  endfacet
  facet normal 1.000000e+00 0.000000e+00 0.000000e+00
    outer loop
      vertex   1.080000e+01 2.355500e+01 3.267500e+00
      vertex   1.080000e+01 2.315750e+01 4.105000e+00
      vertex   1.080000e+01 2.298877e+01 3.976151e+00
    endloop
  endfacet
  facet normal 1.000000e+00 0.000000e+00 0.000000e+00
    outer loop
      vertex   1.080000e+01 2.355500e+01 3.267500e+00
      vertex   1.080000e+01 2.298877e+01 3.976151e+00
      vertex   1.080000e+01 2.283779e+01 3.831688e+00
    endloop
  endfacet
  facet normal 1.000000e+00 0.000000e+00 0.000000e+00
    outer loop
      vertex   1.080000e+01 2.283779e+01 3.831688e+00
      vertex   1.080000e+01 2.271552e+01 3.661968e+00
      vertex   1.080000e+01 2.355500e+01 3.267500e+00
    endloop
  endfacet
  facet normal 1.000000e+00 0.000000e+00 0.000000e+00
    outer loop
      vertex   1.080000e+01 2.355500e+01 3.267500e+00
      vertex   1.080000e+01 2.271552e+01 3.661968e+00
      vertex   1.080000e+01 2.348259e+01 3.083209e+00
    endloop
  endfacet
  facet normal 1.000000e+00 0.000000e+00 0.000000e+00
    outer loop
      vertex   1.080000e+01 2.348259e+01 3.083209e+00
      vertex   1.080000e+01 2.271552e+01 3.661968e+00
      vertex   1.080000e+01 2.261000e+01 3.477500e+00
    endloop
  endfacet
  facet normal 1.000000e+00 0.000000e+00 0.000000e+00
    outer loop
      vertex   1.080000e+01 2.348259e+01 3.083209e+00
      vertex   1.080000e+01 2.261000e+01 3.477500e+00
      vertex   1.080000e+01 2.343209e+01 2.894243e+00
    endloop
  endfacet
  facet normal 1.000000e+00 0.000000e+00 0.000000e+00
    outer loop
      vertex   1.080000e+01 2.343209e+01 2.894243e+00
      vertex   1.080000e+01 2.261000e+01 3.477500e+00
      vertex   1.080000e+01 2.252230e+01 3.241113e+00
    endloop
  endfacet
  facet normal 1.000000e+00 0.000000e+00 0.000000e+00
    outer loop
      vertex   1.080000e+01 2.343209e+01 2.894243e+00
      vertex   1.080000e+01 2.252230e+01 3.241113e+00
      vertex   1.080000e+01 2.245639e+01 3.000185e+00
    endloop
  endfacet
  facet normal 1.000000e+00 0.000000e+00 0.000000e+00
    outer loop
      vertex   1.080000e+01 2.343209e+01 2.894243e+00
      vertex   1.080000e+01 2.245639e+01 3.000185e+00
      vertex   1.080000e+01 2.341175e+01 2.698840e+00
    endloop
  endfacet
  facet normal 1.000000e+00 0.000000e+00 0.000000e+00
    outer loop
      vertex   1.080000e+01 2.341175e+01 2.698840e+00
      vertex   1.080000e+01 2.245639e+01 3.000185e+00
      vertex   1.080000e+01 2.242468e+01 2.752128e+00
    endloop
  endfacet
  facet normal 1.000000e+00 0.000000e+00 0.000000e+00
    outer loop
      vertex   1.080000e+01 2.341175e+01 2.698840e+00
      vertex   1.080000e+01 2.242468e+01 2.752128e+00
      vertex   1.080000e+01 2.340750e+01 2.500000e+00
    endloop
  endfacet
  facet normal 1.000000e+00 0.000000e+00 0.000000e+00
    outer loop
      vertex   1.080000e+01 2.340750e+01 2.500000e+00
      vertex   1.080000e+01 2.242468e+01 2.752128e+00
      vertex   1.080000e+01 2.241250e+01 2.500000e+00
    endloop
  endfacet
  facet normal 1.000000e+00 0.000000e+00 0.000000e+00
    outer loop
      vertex   1.080000e+01 2.340750e+01 2.500000e+00
      vertex   1.080000e+01 2.241250e+01 2.500000e+00
      vertex   1.080000e+01 2.242468e+01 2.247871e+00
    endloop
  endfacet
  facet normal 1.000000e+00 0.000000e+00 0.000000e+00
    outer loop
      vertex   1.080000e+01 2.340750e+01 2.500000e+00
      vertex   1.080000e+01 2.242468e+01 2.247871e+00
      vertex   1.080000e+01 2.341175e+01 2.301160e+00
    endloop
  endfacet
  facet normal 1.000000e+00 0.000000e+00 0.000000e+00
    outer loop
      vertex   1.080000e+01 2.341175e+01 2.301160e+00
      vertex   1.080000e+01 2.242468e+01 2.247871e+00
      vertex   1.080000e+01 2.245639e+01 1.999815e+00
    endloop
  endfacet
  facet normal 1.000000e+00 0.000000e+00 0.000000e+00
    outer loop
      vertex   1.080000e+01 2.341175e+01 2.301160e+00
      vertex   1.080000e+01 2.245639e+01 1.999815e+00
      vertex   1.080000e+01 2.343210e+01 2.105758e+00
    endloop
  endfacet
  facet normal 1.000000e+00 0.000000e+00 0.000000e+00
    outer loop
      vertex   1.080000e+01 2.343210e+01 2.105758e+00
      vertex   1.080000e+01 2.245639e+01 1.999815e+00
      vertex   1.080000e+01 2.252230e+01 1.758887e+00
    endloop
  endfacet
  facet normal 1.000000e+00 0.000000e+00 0.000000e+00
    outer loop
      vertex   1.080000e+01 2.343210e+01 2.105758e+00
      vertex   1.080000e+01 2.252230e+01 1.758887e+00
      vertex   1.080000e+01 2.261000e+01 1.522500e+00
    endloop
  endfacet
  facet normal 1.000000e+00 0.000000e+00 0.000000e+00
    outer loop
      vertex   1.080000e+01 2.343210e+01 2.105758e+00
      vertex   1.080000e+01 2.261000e+01 1.522500e+00
      vertex   1.080000e+01 2.348259e+01 1.916791e+00
    endloop
  endfacet
  facet normal 1.000000e+00 0.000000e+00 0.000000e+00
    outer loop
      vertex   1.080000e+01 2.348259e+01 1.916791e+00
      vertex   1.080000e+01 2.261000e+01 1.522500e+00
      vertex   1.080000e+01 2.271552e+01 1.338031e+00
    endloop
  endfacet
  facet normal 1.000000e+00 0.000000e+00 0.000000e+00
    outer loop
      vertex   1.080000e+01 2.348259e+01 1.916791e+00
      vertex   1.080000e+01 2.271552e+01 1.338031e+00
      vertex   1.080000e+01 2.355500e+01 1.732500e+00
    endloop
  endfacet
  facet normal 1.000000e+00 -3.674223e-15 7.819263e-15
    outer loop
      vertex   1.080000e+01 2.355500e+01 1.732500e+00
      vertex   1.080000e+01 2.271552e+01 1.338031e+00
      vertex   1.080000e+01 2.283779e+01 1.168312e+00
    endloop
  endfacet
  facet normal 1.000000e+00 6.667774e-15 -5.327677e-15
    outer loop
      vertex   1.080000e+01 2.355500e+01 1.732500e+00
      vertex   1.080000e+01 2.283779e+01 1.168312e+00
      vertex   1.080000e+01 2.298878e+01 1.023849e+00
    endloop
  endfacet
  facet normal 1.000000e+00 -0.000000e+00 0.000000e+00
    outer loop
      vertex   1.080000e+01 2.298878e+01 1.023849e+00
      vertex   1.080000e+01 2.315750e+01 8.950000e-01
      vertex   1.080000e+01 2.355500e+01 1.732500e+00
    endloop
  endfacet
  facet normal 1.000000e+00 0.000000e+00 0.000000e+00
    outer loop
      vertex   1.080000e+01 2.355500e+01 1.732500e+00
      vertex   1.080000e+01 2.315750e+01 8.950000e-01
      vertex   1.080000e+01 2.363282e+01 1.633223e+00
    endloop
  endfacet
  facet normal 1.000000e+00 0.000000e+00 0.000000e+00
    outer loop
      vertex   1.080000e+01 2.363282e+01 1.633223e+00
      vertex   1.080000e+01 2.315750e+01 8.950000e-01
      vertex   1.080000e+01 2.334687e+01 8.022379e-01
    endloop
  endfacet
  facet normal 1.000000e+00 0.000000e+00 0.000000e+00
    outer loop
      vertex   1.080000e+01 2.363282e+01 1.633223e+00
      vertex   1.080000e+01 2.334687e+01 8.022379e-01
      vertex   1.080000e+01 2.367553e+01 1.590023e+00
    endloop
  endfacet
  facet normal 1.000000e+00 0.000000e+00 0.000000e+00
    outer loop
      vertex   1.080000e+01 2.367553e+01 1.590023e+00
      vertex   1.080000e+01 2.334687e+01 8.022379e-01
      vertex   1.080000e+01 2.372279e+01 1.554549e+00
    endloop
  endfacet
  facet normal 1.000000e+00 0.000000e+00 0.000000e+00
    outer loop
      vertex   1.080000e+01 2.372279e+01 1.554549e+00
      vertex   1.080000e+01 2.334687e+01 8.022379e-01
      vertex   1.080000e+01 2.354215e+01 7.311391e-01
    endloop
  endfacet
  facet normal 1.000000e+00 0.000000e+00 0.000000e+00
    outer loop
      vertex   1.080000e+01 2.372279e+01 1.554549e+00
      vertex   1.080000e+01 2.354215e+01 7.311391e-01
      vertex   1.080000e+01 2.377579e+01 1.528792e+00
    endloop
  endfacet
  facet normal 1.000000e+00 0.000000e+00 0.000000e+00
    outer loop
      vertex   1.080000e+01 2.377579e+01 1.528792e+00
      vertex   1.080000e+01 2.354215e+01 7.311391e-01
      vertex   1.080000e+01 2.374701e+01 6.952477e-01
    endloop
  endfacet
  facet normal 1.000000e+00 0.000000e+00 0.000000e+00
    outer loop
      vertex   1.080000e+01 2.377579e+01 1.528792e+00
      vertex   1.080000e+01 2.374701e+01 6.952477e-01
      vertex   1.080000e+01 2.383366e+01 1.511280e+00
    endloop
  endfacet
  facet normal 1.000000e+00 0.000000e+00 0.000000e+00
    outer loop
      vertex   1.080000e+01 2.383366e+01 1.511280e+00
      vertex   1.080000e+01 2.374701e+01 6.952477e-01
      vertex   1.080000e+01 2.395750e+01 1.490000e+00
    endloop
  endfacet
  facet normal 1.000000e+00 -0.000000e+00 0.000000e+00
    outer loop
      vertex   1.100000e+01 5.400000e+00 4.600000e+00
      vertex   1.100000e+01 2.395750e+01 4.320000e+00
      vertex   1.100000e+01 3.500000e+01 4.600000e+00
    endloop
  endfacet
  facet normal 1.000000e+00 0.000000e+00 0.000000e+00
    outer loop
      vertex   1.100000e+01 3.500000e+01 4.600000e+00
      vertex   1.100000e+01 2.395750e+01 4.320000e+00
      vertex   1.100000e+01 2.416673e+01 4.304562e+00
    endloop
  endfacet
  facet normal 1.000000e+00 0.000000e+00 0.000000e+00
    outer loop
      vertex   1.100000e+01 3.500000e+01 4.600000e+00
      vertex   1.100000e+01 2.416673e+01 4.304562e+00
      vertex   1.100000e+01 2.437034e+01 4.268540e+00
    endloop
  endfacet
  facet normal 1.000000e+00 0.000000e+00 0.000000e+00
    outer loop
      vertex   1.100000e+01 5.400000e+00 1.131371e+00
      vertex   1.100000e+01 1.490250e+01 4.250000e+00
      vertex   1.100000e+01 5.400000e+00 4.600000e+00
    endloop
  endfacet
  facet normal 1.000000e+00 0.000000e+00 0.000000e+00
    outer loop
      vertex   1.100000e+01 5.400000e+00 4.600000e+00
      vertex   1.100000e+01 1.490250e+01 4.250000e+00
      vertex   1.100000e+01 1.597250e+01 4.250000e+00
    endloop
  endfacet
  facet normal 1.000000e+00 0.000000e+00 0.000000e+00
    outer loop
      vertex   1.100000e+01 5.400000e+00 4.600000e+00
      vertex   1.100000e+01 1.597250e+01 4.250000e+00
      vertex   1.100000e+01 1.789250e+01 4.250000e+00
    endloop
  endfacet
  facet normal 1.000000e+00 0.000000e+00 0.000000e+00
    outer loop
      vertex   1.100000e+01 1.789250e+01 4.250000e+00
      vertex   1.100000e+01 1.597250e+01 4.250000e+00
      vertex   1.100000e+01 1.692250e+01 1.970000e+00
    endloop
  endfacet
  facet normal 1.000000e+00 0.000000e+00 0.000000e+00
    outer loop
      vertex   1.100000e+01 1.490250e+01 4.250000e+00
      vertex   1.100000e+01 5.400000e+00 1.131371e+00
      vertex   1.100000e+01 1.639750e+01 7.499998e-01
    endloop
  endfacet
  facet normal 1.000000e+00 0.000000e+00 0.000000e+00
    outer loop
      vertex   1.100000e+01 1.639750e+01 7.499998e-01
      vertex   1.100000e+01 5.400000e+00 1.131371e+00
      vertex   1.100000e+01 4.882843e+00 4.000000e-01
    endloop
  endfacet
  facet normal 1.000000e+00 -0.000000e+00 0.000000e+00
    outer loop
      vertex   1.100000e+01 1.639750e+01 7.499998e-01
      vertex   1.100000e+01 4.882843e+00 4.000000e-01
      vertex   1.100000e+01 1.737250e+01 7.499998e-01
    endloop
  endfacet
  facet normal 1.000000e+00 0.000000e+00 0.000000e+00
    outer loop
      vertex   1.100000e+01 1.737250e+01 7.499998e-01
      vertex   1.100000e+01 4.882843e+00 4.000000e-01
      vertex   1.100000e+01 2.153250e+01 7.050001e-01
    endloop
  endfacet
  facet normal 1.000000e+00 -0.000000e+00 0.000000e+00
    outer loop
      vertex   1.100000e+01 1.737250e+01 7.499998e-01
      vertex   1.100000e+01 2.153250e+01 7.050001e-01
      vertex   1.100000e+01 1.948250e+01 7.499998e-01
    endloop
  endfacet
  facet normal 1.000000e+00 -0.000000e+00 0.000000e+00
    outer loop
      vertex   1.100000e+01 1.948250e+01 7.499998e-01
      vertex   1.100000e+01 2.153250e+01 7.050001e-01
      vertex   1.100000e+01 2.047250e+01 7.499998e-01
    endloop
  endfacet
  facet normal 1.000000e+00 0.000000e+00 0.000000e+00
    outer loop
      vertex   1.100000e+01 2.047250e+01 7.499998e-01
      vertex   1.100000e+01 2.153250e+01 7.050001e-01
      vertex   1.100000e+01 2.142008e+01 7.169239e-01
    endloop
  endfacet
  facet normal 1.000000e+00 0.000000e+00 0.000000e+00
    outer loop
      vertex   1.100000e+01 2.047250e+01 7.499998e-01
      vertex   1.100000e+01 2.142008e+01 7.169239e-01
      vertex   1.100000e+01 2.131370e+01 7.440292e-01
    endloop
  endfacet
  facet normal 1.000000e+00 0.000000e+00 0.000000e+00
    outer loop
      vertex   1.100000e+01 2.153250e+01 7.050001e-01
      vertex   1.100000e+01 4.882843e+00 4.000000e-01
      vertex   1.100000e+01 2.395750e+01 6.799995e-01
    endloop
  endfacet
  facet normal 1.000000e+00 0.000000e+00 0.000000e+00
    outer loop
      vertex   1.100000e+01 2.395750e+01 6.799995e-01
      vertex   1.100000e+01 4.882843e+00 4.000000e-01
      vertex   1.100000e+01 3.500000e+01 4.000000e-01
    endloop
  endfacet
  facet normal 1.000000e+00 -0.000000e+00 0.000000e+00
    outer loop
      vertex   1.100000e+01 2.395750e+01 6.799995e-01
      vertex   1.100000e+01 3.500000e+01 4.000000e-01
      vertex   1.100000e+01 2.416674e+01 6.954382e-01
    endloop
  endfacet
  facet normal 1.000000e+00 -0.000000e+00 0.000000e+00
    outer loop
      vertex   1.100000e+01 2.416674e+01 6.954382e-01
      vertex   1.100000e+01 3.500000e+01 4.000000e-01
      vertex   1.100000e+01 2.437034e+01 7.314603e-01
    endloop
  endfacet
  facet normal 1.000000e+00 -0.000000e+00 0.000000e+00
    outer loop
      vertex   1.100000e+01 2.437034e+01 7.314603e-01
      vertex   1.100000e+01 3.500000e+01 4.000000e-01
      vertex   1.100000e+01 2.456436e+01 8.024933e-01
    endloop
  endfacet
  facet normal 1.000000e+00 -0.000000e+00 0.000000e+00
    outer loop
      vertex   1.100000e+01 2.456436e+01 8.024933e-01
      vertex   1.100000e+01 3.500000e+01 4.000000e-01
      vertex   1.100000e+01 2.475250e+01 8.950000e-01
    endloop
  endfacet
  facet normal 1.000000e+00 -0.000000e+00 0.000000e+00
    outer loop
      vertex   1.100000e+01 2.475250e+01 8.950000e-01
      vertex   1.100000e+01 3.500000e+01 4.000000e-01
      vertex   1.100000e+01 2.492123e+01 1.023848e+00
    endloop
  endfacet
  facet normal 1.000000e+00 -0.000000e+00 0.000000e+00
    outer loop
      vertex   1.100000e+01 2.492123e+01 1.023848e+00
      vertex   1.100000e+01 3.500000e+01 4.000000e-01
      vertex   1.100000e+01 2.507221e+01 1.168311e+00
    endloop
  endfacet
  facet normal 1.000000e+00 -0.000000e+00 0.000000e+00
    outer loop
      vertex   1.100000e+01 2.507221e+01 1.168311e+00
      vertex   1.100000e+01 3.500000e+01 4.000000e-01
      vertex   1.100000e+01 2.519448e+01 1.338031e+00
    endloop
  endfacet
  facet normal 1.000000e+00 -0.000000e+00 0.000000e+00
    outer loop
      vertex   1.100000e+01 2.519448e+01 1.338031e+00
      vertex   1.100000e+01 3.500000e+01 4.000000e-01
      vertex   1.100000e+01 2.530000e+01 1.522500e+00
    endloop
  endfacet
  facet normal 1.000000e+00 -0.000000e+00 0.000000e+00
    outer loop
      vertex   1.100000e+01 2.530000e+01 1.522500e+00
      vertex   1.100000e+01 3.500000e+01 4.000000e-01
      vertex   1.100000e+01 2.538770e+01 1.758887e+00
    endloop
  endfacet
  facet normal 1.000000e+00 -0.000000e+00 0.000000e+00
    outer loop
      vertex   1.100000e+01 2.538770e+01 1.758887e+00
      vertex   1.100000e+01 3.500000e+01 4.000000e-01
      vertex   1.100000e+01 2.545361e+01 1.999815e+00
    endloop
  endfacet
  facet normal 1.000000e+00 -0.000000e+00 0.000000e+00
    outer loop
      vertex   1.100000e+01 2.545361e+01 1.999815e+00
      vertex   1.100000e+01 3.500000e+01 4.000000e-01
      vertex   1.100000e+01 2.548532e+01 2.247871e+00
    endloop
  endfacet
  facet normal 1.000000e+00 -0.000000e+00 0.000000e+00
    outer loop
      vertex   1.100000e+01 2.548532e+01 2.247871e+00
      vertex   1.100000e+01 3.500000e+01 4.000000e-01
      vertex   1.100000e+01 2.549750e+01 2.500000e+00
    endloop
  endfacet
  facet normal 1.000000e+00 -0.000000e+00 0.000000e+00
    outer loop
      vertex   1.100000e+01 2.549750e+01 2.500000e+00
      vertex   1.100000e+01 3.500000e+01 4.000000e-01
      vertex   1.100000e+01 3.500000e+01 4.600000e+00
    endloop
  endfacet
  facet normal 1.000000e+00 0.000000e+00 -0.000000e+00
    outer loop
      vertex   1.100000e+01 2.549750e+01 2.500000e+00
      vertex   1.100000e+01 3.500000e+01 4.600000e+00
      vertex   1.100000e+01 2.548532e+01 2.752129e+00
    endloop
  endfacet
  facet normal 1.000000e+00 0.000000e+00 -0.000000e+00
    outer loop
      vertex   1.100000e+01 2.548532e+01 2.752129e+00
      vertex   1.100000e+01 3.500000e+01 4.600000e+00
      vertex   1.100000e+01 2.545361e+01 3.000186e+00
    endloop
  endfacet
  facet normal 1.000000e+00 0.000000e+00 -0.000000e+00
    outer loop
      vertex   1.100000e+01 2.545361e+01 3.000186e+00
      vertex   1.100000e+01 3.500000e+01 4.600000e+00
      vertex   1.100000e+01 2.538770e+01 3.241113e+00
    endloop
  endfacet
  facet normal 1.000000e+00 0.000000e+00 -0.000000e+00
    outer loop
      vertex   1.100000e+01 2.538770e+01 3.241113e+00
      vertex   1.100000e+01 3.500000e+01 4.600000e+00
      vertex   1.100000e+01 2.530000e+01 3.477500e+00
    endloop
  endfacet
  facet normal 1.000000e+00 0.000000e+00 -0.000000e+00
    outer loop
      vertex   1.100000e+01 2.530000e+01 3.477500e+00
      vertex   1.100000e+01 3.500000e+01 4.600000e+00
      vertex   1.100000e+01 2.519448e+01 3.661969e+00
    endloop
  endfacet
  facet normal 1.000000e+00 0.000000e+00 -0.000000e+00
    outer loop
      vertex   1.100000e+01 2.519448e+01 3.661969e+00
      vertex   1.100000e+01 3.500000e+01 4.600000e+00
      vertex   1.100000e+01 2.507221e+01 3.831689e+00
    endloop
  endfacet
  facet normal 1.000000e+00 0.000000e+00 -0.000000e+00
    outer loop
      vertex   1.100000e+01 2.507221e+01 3.831689e+00
      vertex   1.100000e+01 3.500000e+01 4.600000e+00
      vertex   1.100000e+01 2.492123e+01 3.976152e+00
    endloop
  endfacet
  facet normal 1.000000e+00 0.000000e+00 -0.000000e+00
    outer loop
      vertex   1.100000e+01 2.492123e+01 3.976152e+00
      vertex   1.100000e+01 3.500000e+01 4.600000e+00
      vertex   1.100000e+01 2.475250e+01 4.105000e+00
    endloop
  endfacet
  facet normal 1.000000e+00 0.000000e+00 -0.000000e+00
    outer loop
      vertex   1.100000e+01 2.475250e+01 4.105000e+00
      vertex   1.100000e+01 3.500000e+01 4.600000e+00
      vertex   1.100000e+01 2.456436e+01 4.197507e+00
    endloop
  endfacet
  facet normal 1.000000e+00 0.000000e+00 -0.000000e+00
    outer loop
      vertex   1.100000e+01 2.456436e+01 4.197507e+00
      vertex   1.100000e+01 3.500000e+01 4.600000e+00
      vertex   1.100000e+01 2.437034e+01 4.268540e+00
    endloop
  endfacet
  facet normal 1.000000e+00 0.000000e+00 0.000000e+00
    outer loop
      vertex   1.100000e+01 2.395750e+01 6.799995e-01
      vertex   1.100000e+01 2.374701e+01 6.952477e-01
      vertex   1.100000e+01 2.153250e+01 7.050001e-01
    endloop
  endfacet
  facet normal 1.000000e+00 -0.000000e+00 0.000000e+00
    outer loop
      vertex   1.100000e+01 2.153250e+01 7.050001e-01
      vertex   1.100000e+01 2.374701e+01 6.952477e-01
      vertex   1.100000e+01 2.164568e+01 7.165421e-01
    endloop
  endfacet
  facet normal 1.000000e+00 -0.000000e+00 0.000000e+00
    outer loop
      vertex   1.100000e+01 2.164568e+01 7.165421e-01
      vertex   1.100000e+01 2.374701e+01 6.952477e-01
      vertex   1.100000e+01 2.354215e+01 7.311391e-01
    endloop
  endfacet
  facet normal 1.000000e+00 1.050967e-15 -1.365432e-13
    outer loop
      vertex   1.100000e+01 2.164568e+01 7.165421e-01
      vertex   1.100000e+01 2.354215e+01 7.311391e-01
      vertex   1.100000e+01 2.175279e+01 7.433854e-01
    endloop
  endfacet
  facet normal 1.000000e+00 2.023500e-15 5.557578e-15
    outer loop
      vertex   1.100000e+01 2.175279e+01 7.433854e-01
      vertex   1.100000e+01 2.354215e+01 7.311391e-01
      vertex   1.100000e+01 2.334687e+01 8.022379e-01
    endloop
  endfacet
  facet normal 1.000000e+00 -2.718237e-16 6.772903e-14
    outer loop
      vertex   1.100000e+01 2.175279e+01 7.433854e-01
      vertex   1.100000e+01 2.334687e+01 8.022379e-01
      vertex   1.100000e+01 2.184956e+01 7.962286e-01
    endloop
  endfacet
  facet normal 1.000000e+00 0.000000e+00 0.000000e+00
    outer loop
      vertex   1.100000e+01 2.184956e+01 7.962286e-01
      vertex   1.100000e+01 2.334687e+01 8.022379e-01
      vertex   1.100000e+01 2.194000e+01 8.649998e-01
    endloop
  endfacet
  facet normal 1.000000e+00 -0.000000e+00 0.000000e+00
    outer loop
      vertex   1.100000e+01 2.194000e+01 8.649998e-01
      vertex   1.100000e+01 2.334687e+01 8.022379e-01
      vertex   1.100000e+01 2.315750e+01 8.950000e-01
    endloop
  endfacet
  facet normal 1.000000e+00 0.000000e+00 0.000000e+00
    outer loop
      vertex   1.100000e+01 2.194000e+01 8.649998e-01
      vertex   1.100000e+01 2.315750e+01 8.950000e-01
      vertex   1.100000e+01 2.200985e+01 9.543795e-01
    endloop
  endfacet
  facet normal 1.000000e+00 -0.000000e+00 0.000000e+00
    outer loop
      vertex   1.100000e+01 2.200985e+01 9.543795e-01
      vertex   1.100000e+01 2.315750e+01 8.950000e-01
      vertex   1.100000e+01 2.298878e+01 1.023849e+00
    endloop
  endfacet
  facet normal 1.000000e+00 0.000000e+00 0.000000e+00
    outer loop
      vertex   1.100000e+01 2.200985e+01 9.543795e-01
      vertex   1.100000e+01 2.298878e+01 1.023849e+00
      vertex   1.100000e+01 2.206352e+01 1.050331e+00
    endloop
  endfacet
  facet normal 1.000000e+00 -0.000000e+00 0.000000e+00
    outer loop
      vertex   1.100000e+01 2.206352e+01 1.050331e+00
      vertex   1.100000e+01 2.298878e+01 1.023849e+00
      vertex   1.100000e+01 2.283779e+01 1.168312e+00
    endloop
  endfacet
  facet normal 1.000000e+00 0.000000e+00 0.000000e+00
    outer loop
      vertex   1.100000e+01 2.206352e+01 1.050331e+00
      vertex   1.100000e+01 2.283779e+01 1.168312e+00
      vertex   1.100000e+01 2.209078e+01 1.157009e+00
    endloop
  endfacet
  facet normal 1.000000e+00 0.000000e+00 0.000000e+00
    outer loop
      vertex   1.100000e+01 2.209078e+01 1.157009e+00
      vertex   1.100000e+01 2.283779e+01 1.168312e+00
      vertex   1.100000e+01 2.210250e+01 1.270000e+00
    endloop
  endfacet
  facet normal 1.000000e+00 -0.000000e+00 0.000000e+00
    outer loop
      vertex   1.100000e+01 2.210250e+01 1.270000e+00
      vertex   1.100000e+01 2.283779e+01 1.168312e+00
      vertex   1.100000e+01 2.271552e+01 1.338031e+00
    endloop
  endfacet
  facet normal 1.000000e+00 0.000000e+00 -0.000000e+00
    outer loop
      vertex   1.100000e+01 2.210250e+01 1.270000e+00
      vertex   1.100000e+01 2.271552e+01 1.338031e+00
      vertex   1.100000e+01 2.209156e+01 1.382960e+00
    endloop
  endfacet
  facet normal 1.000000e+00 -0.000000e+00 0.000000e+00
    outer loop
      vertex   1.100000e+01 2.209156e+01 1.382960e+00
      vertex   1.100000e+01 2.271552e+01 1.338031e+00
      vertex   1.100000e+01 2.261000e+01 1.522500e+00
    endloop
  endfacet
  facet normal 1.000000e+00 0.000000e+00 -0.000000e+00
    outer loop
      vertex   1.100000e+01 2.209156e+01 1.382960e+00
      vertex   1.100000e+01 2.261000e+01 1.522500e+00
      vertex   1.100000e+01 2.206512e+01 1.489678e+00
    endloop
  endfacet
  facet normal 1.000000e+00 0.000000e+00 -0.000000e+00
    outer loop
      vertex   1.100000e+01 2.206512e+01 1.489678e+00
      vertex   1.100000e+01 2.261000e+01 1.522500e+00
      vertex   1.100000e+01 2.201208e+01 1.585669e+00
    endloop
  endfacet
  facet normal 1.000000e+00 -0.000000e+00 0.000000e+00
    outer loop
      vertex   1.100000e+01 2.201208e+01 1.585669e+00
      vertex   1.100000e+01 2.261000e+01 1.522500e+00
      vertex   1.100000e+01 2.252230e+01 1.758887e+00
    endloop
  endfacet
  facet normal 1.000000e+00 0.000000e+00 -0.000000e+00
    outer loop
      vertex   1.100000e+01 2.201208e+01 1.585669e+00
      vertex   1.100000e+01 2.252230e+01 1.758887e+00
      vertex   1.100000e+01 2.194250e+01 1.675000e+00
    endloop
  endfacet
  facet normal 1.000000e+00 0.000000e+00 -0.000000e+00
    outer loop
      vertex   1.100000e+01 2.194250e+01 1.675000e+00
      vertex   1.100000e+01 2.252230e+01 1.758887e+00
      vertex   1.100000e+01 2.185104e+01 1.742382e+00
    endloop
  endfacet
  facet normal 1.000000e+00 0.000000e+00 -0.000000e+00
    outer loop
      vertex   1.100000e+01 2.185104e+01 1.742382e+00
      vertex   1.100000e+01 2.252230e+01 1.758887e+00
      vertex   1.100000e+01 2.175341e+01 1.793767e+00
    endloop
  endfacet
  facet normal 1.000000e+00 -0.000000e+00 -0.000000e+00
    outer loop
      vertex   1.100000e+01 2.175341e+01 1.793767e+00
      vertex   1.100000e+01 2.252230e+01 1.758887e+00
      vertex   1.100000e+01 2.164584e+01 1.819383e+00
    endloop
  endfacet
  facet normal 1.000000e+00 -0.000000e+00 0.000000e+00
    outer loop
      vertex   1.100000e+01 2.164584e+01 1.819383e+00
      vertex   1.100000e+01 2.252230e+01 1.758887e+00
      vertex   1.100000e+01 2.245639e+01 1.999815e+00
    endloop
  endfacet
  facet normal 1.000000e+00 0.000000e+00 -0.000000e+00
    outer loop
      vertex   1.100000e+01 2.164584e+01 1.819383e+00
      vertex   1.100000e+01 2.245639e+01 1.999815e+00
      vertex   1.100000e+01 2.153250e+01 1.830000e+00
    endloop
  endfacet
  facet normal 1.000000e+00 0.000000e+00 0.000000e+00
    outer loop
      vertex   1.100000e+01 2.153250e+01 1.830000e+00
      vertex   1.100000e+01 2.245639e+01 1.999815e+00
      vertex   1.100000e+01 2.242468e+01 2.247871e+00
    endloop
  endfacet
  facet normal 1.000000e+00 0.000000e+00 -0.000000e+00
    outer loop
      vertex   1.100000e+01 2.153250e+01 1.830000e+00
      vertex   1.100000e+01 2.242468e+01 2.247871e+00
      vertex   1.100000e+01 2.141991e+01 1.819014e+00
    endloop
  endfacet
  facet normal 1.000000e+00 0.000000e+00 0.000000e+00
    outer loop
      vertex   1.100000e+01 2.141991e+01 1.819014e+00
      vertex   1.100000e+01 2.242468e+01 2.247871e+00
      vertex   1.100000e+01 2.241250e+01 2.500000e+00
    endloop
  endfacet
  facet normal 1.000000e+00 0.000000e+00 -0.000000e+00
    outer loop
      vertex   1.100000e+01 2.141991e+01 1.819014e+00
      vertex   1.100000e+01 2.241250e+01 2.500000e+00
      vertex   1.100000e+01 2.131306e+01 1.793143e+00
    endloop
  endfacet
  facet normal 1.000000e+00 0.000000e+00 0.000000e+00
    outer loop
      vertex   1.100000e+01 2.131306e+01 1.793143e+00
      vertex   1.100000e+01 2.241250e+01 2.500000e+00
      vertex   1.100000e+01 2.242468e+01 2.752128e+00
    endloop
  endfacet
  facet normal 1.000000e+00 0.000000e+00 -0.000000e+00
    outer loop
      vertex   1.100000e+01 2.131306e+01 1.793143e+00
      vertex   1.100000e+01 2.242468e+01 2.752128e+00
      vertex   1.100000e+01 2.047250e+01 4.250000e+00
    endloop
  endfacet
  facet normal 1.000000e+00 0.000000e+00 0.000000e+00
    outer loop
      vertex   1.100000e+01 2.047250e+01 4.250000e+00
      vertex   1.100000e+01 2.242468e+01 2.752128e+00
      vertex   1.100000e+01 2.245639e+01 3.000185e+00
    endloop
  endfacet
  facet normal 1.000000e+00 0.000000e+00 0.000000e+00
    outer loop
      vertex   1.100000e+01 2.047250e+01 4.250000e+00
      vertex   1.100000e+01 2.245639e+01 3.000185e+00
      vertex   1.100000e+01 2.252230e+01 3.241113e+00
    endloop
  endfacet
  facet normal 1.000000e+00 0.000000e+00 -0.000000e+00
    outer loop
      vertex   1.100000e+01 2.252230e+01 3.241113e+00
      vertex   1.100000e+01 2.261000e+01 3.477500e+00
      vertex   1.100000e+01 2.047250e+01 4.250000e+00
    endloop
  endfacet
  facet normal 1.000000e+00 0.000000e+00 0.000000e+00
    outer loop
      vertex   1.100000e+01 2.047250e+01 4.250000e+00
      vertex   1.100000e+01 2.261000e+01 3.477500e+00
      vertex   1.100000e+01 2.271552e+01 3.661968e+00
    endloop
  endfacet
  facet normal 1.000000e+00 0.000000e+00 0.000000e+00
    outer loop
      vertex   1.100000e+01 2.047250e+01 4.250000e+00
      vertex   1.100000e+01 2.271552e+01 3.661968e+00
      vertex   1.100000e+01 2.283779e+01 3.831688e+00
    endloop
  endfacet
  facet normal 1.000000e+00 0.000000e+00 -0.000000e+00
    outer loop
      vertex   1.100000e+01 2.283779e+01 3.831688e+00
      vertex   1.100000e+01 2.298877e+01 3.976151e+00
      vertex   1.100000e+01 2.047250e+01 4.250000e+00
    endloop
  endfacet
  facet normal 1.000000e+00 0.000000e+00 0.000000e+00
    outer loop
      vertex   1.100000e+01 2.047250e+01 4.250000e+00
      vertex   1.100000e+01 2.298877e+01 3.976151e+00
      vertex   1.100000e+01 2.315750e+01 4.105000e+00
    endloop
  endfacet
  facet normal 1.000000e+00 0.000000e+00 0.000000e+00
    outer loop
      vertex   1.100000e+01 2.047250e+01 4.250000e+00
      vertex   1.100000e+01 2.315750e+01 4.105000e+00
      vertex   1.100000e+01 2.334687e+01 4.197762e+00
    endloop
  endfacet
  facet normal 1.000000e+00 0.000000e+00 -0.000000e+00
    outer loop
      vertex   1.100000e+01 2.334687e+01 4.197762e+00
      vertex   1.100000e+01 2.354215e+01 4.268861e+00
      vertex   1.100000e+01 2.047250e+01 4.250000e+00
    endloop
  endfacet
  facet normal 1.000000e+00 0.000000e+00 0.000000e+00
    outer loop
      vertex   1.100000e+01 2.047250e+01 4.250000e+00
      vertex   1.100000e+01 2.354215e+01 4.268861e+00
      vertex   1.100000e+01 2.374701e+01 4.304752e+00
    endloop
  endfacet
  facet normal 1.000000e+00 0.000000e+00 0.000000e+00
    outer loop
      vertex   1.100000e+01 2.047250e+01 4.250000e+00
      vertex   1.100000e+01 2.374701e+01 4.304752e+00
      vertex   1.100000e+01 2.395750e+01 4.320000e+00
    endloop
  endfacet
  facet normal 1.000000e+00 0.000000e+00 0.000000e+00
    outer loop
      vertex   1.100000e+01 5.400000e+00 4.600000e+00
      vertex   1.100000e+01 1.789250e+01 4.250000e+00
      vertex   1.100000e+01 2.395750e+01 4.320000e+00
    endloop
  endfacet
  facet normal 1.000000e+00 0.000000e+00 0.000000e+00
    outer loop
      vertex   1.100000e+01 2.395750e+01 4.320000e+00
      vertex   1.100000e+01 1.789250e+01 4.250000e+00
      vertex   1.100000e+01 2.047250e+01 4.250000e+00
    endloop
  endfacet
  facet normal 1.000000e+00 3.363404e-15 -0.000000e+00
    outer loop
      vertex   1.100000e+01 2.047250e+01 7.499998e-01
      vertex   1.100000e+01 2.100064e+01 1.490121e+00
      vertex   1.100000e+01 2.047250e+01 4.250000e+00
    endloop
  endfacet
  facet normal 1.000000e+00 -2.375460e-14 -5.189419e-15
    outer loop
      vertex   1.100000e+01 2.047250e+01 4.250000e+00
      vertex   1.100000e+01 2.100064e+01 1.490121e+00
      vertex   1.100000e+01 2.105448e+01 1.585969e+00
    endloop
  endfacet
  facet normal 1.000000e+00 0.000000e+00 0.000000e+00
    outer loop
      vertex   1.100000e+01 2.047250e+01 4.250000e+00
      vertex   1.100000e+01 2.105448e+01 1.585969e+00
      vertex   1.100000e+01 2.112500e+01 1.675000e+00
    endloop
  endfacet
  facet normal 1.000000e+00 0.000000e+00 0.000000e+00
    outer loop
      vertex   1.100000e+01 1.948250e+01 3.485000e+00
      vertex   1.100000e+01 1.883250e+01 3.485000e+00
      vertex   1.100000e+01 1.948250e+01 7.499998e-01
    endloop
  endfacet
  facet normal 1.000000e+00 0.000000e+00 0.000000e+00
    outer loop
      vertex   1.100000e+01 1.948250e+01 7.499998e-01
      vertex   1.100000e+01 1.883250e+01 3.485000e+00
      vertex   1.100000e+01 1.737250e+01 7.499998e-01
    endloop
  endfacet
  facet normal 1.000000e+00 0.000000e+00 -0.000000e+00
    outer loop
      vertex   1.100000e+01 1.883250e+01 3.485000e+00
      vertex   1.100000e+01 1.883250e+01 4.156665e+00
      vertex   1.100000e+01 1.737250e+01 7.499998e-01
    endloop
  endfacet
  facet normal 1.000000e+00 0.000000e+00 0.000000e+00
    outer loop
      vertex   1.100000e+01 2.131370e+01 7.440292e-01
      vertex   1.100000e+01 2.121750e+01 7.967379e-01
      vertex   1.100000e+01 2.047250e+01 7.499998e-01
    endloop
  endfacet
  facet normal 1.000000e+00 0.000000e+00 0.000000e+00
    outer loop
      vertex   1.100000e+01 2.047250e+01 7.499998e-01
      vertex   1.100000e+01 2.121750e+01 7.967379e-01
      vertex   1.100000e+01 2.112750e+01 8.649998e-01
    endloop
  endfacet
  facet normal 1.000000e+00 0.000000e+00 0.000000e+00
    outer loop
      vertex   1.100000e+01 2.047250e+01 7.499998e-01
      vertex   1.100000e+01 2.112750e+01 8.649998e-01
      vertex   1.100000e+01 2.105671e+01 9.540856e-01
    endloop
  endfacet
  facet normal 1.000000e+00 0.000000e+00 0.000000e+00
    outer loop
      vertex   1.100000e+01 2.105671e+01 9.540856e-01
      vertex   1.100000e+01 2.100225e+01 1.049895e+00
      vertex   1.100000e+01 2.047250e+01 7.499998e-01
    endloop
  endfacet
  facet normal 1.000000e+00 0.000000e+00 0.000000e+00
    outer loop
      vertex   1.100000e+01 2.047250e+01 7.499998e-01
      vertex   1.100000e+01 2.100225e+01 1.049895e+00
      vertex   1.100000e+01 2.097450e+01 1.156704e+00
    endloop
  endfacet
  facet normal 1.000000e+00 0.000000e+00 0.000000e+00
    outer loop
      vertex   1.100000e+01 2.047250e+01 7.499998e-01
      vertex   1.100000e+01 2.097450e+01 1.156704e+00
      vertex   1.100000e+01 2.096250e+01 1.270000e+00
    endloop
  endfacet
  facet normal 1.000000e+00 0.000000e+00 -0.000000e+00
    outer loop
      vertex   1.100000e+01 2.096250e+01 1.270000e+00
      vertex   1.100000e+01 2.097372e+01 1.383268e+00
      vertex   1.100000e+01 2.047250e+01 7.499998e-01
    endloop
  endfacet
  facet normal 1.000000e+00 -3.081174e-14 2.438703e-14
    outer loop
      vertex   1.100000e+01 2.047250e+01 7.499998e-01
      vertex   1.100000e+01 2.097372e+01 1.383268e+00
      vertex   1.100000e+01 2.100064e+01 1.490121e+00
    endloop
  endfacet
  facet normal 1.000000e+00 0.000000e+00 -0.000000e+00
    outer loop
      vertex   1.100000e+01 2.112500e+01 1.675000e+00
      vertex   1.100000e+01 2.121602e+01 1.741883e+00
      vertex   1.100000e+01 2.047250e+01 4.250000e+00
    endloop
  endfacet
  facet normal 1.000000e+00 0.000000e+00 0.000000e+00
    outer loop
      vertex   1.100000e+01 2.047250e+01 4.250000e+00
      vertex   1.100000e+01 2.121602e+01 1.741883e+00
      vertex   1.100000e+01 2.131306e+01 1.793143e+00
    endloop
  endfacet
  facet normal 4.984747e-01 -8.669042e-01 0.000000e+00
    outer loop
      vertex   6.909880e+00 1.290824e+01 5.000000e+00
      vertex   5.537736e+00 1.211926e+01 5.000000e+00
      vertex   6.909880e+00 1.290824e+01 4.800000e+00
    endloop
  endfacet
  facet normal 4.984747e-01 -8.669042e-01 0.000000e+00
    outer loop
      vertex   6.909880e+00 1.290824e+01 4.800000e+00
      vertex   5.537736e+00 1.211926e+01 5.000000e+00
      vertex   5.537736e+00 1.211926e+01 4.800000e+00
    endloop
  endfacet
  facet normal -5.000856e-01 -8.659760e-01 -0.000000e+00
    outer loop
      vertex   5.537736e+00 1.211926e+01 5.000000e+00
      vertex   4.171478e+00 1.290824e+01 5.000000e+00
      vertex   5.537736e+00 1.211926e+01 4.800000e+00
    endloop
  endfacet
  facet normal -5.000856e-01 -8.659760e-01 0.000000e+00
    outer loop
      vertex   5.537736e+00 1.211926e+01 4.800000e+00
      vertex   4.171478e+00 1.290824e+01 5.000000e+00
      vertex   4.171478e+00 1.290824e+01 4.800000e+00
    endloop
  endfacet
  facet normal -5.027753e-01 8.644171e-01 0.000000e+00
    outer loop
      vertex   4.171478e+00 1.290824e+01 5.000000e+00
      vertex   5.537736e+00 1.370291e+01 5.000000e+00
      vertex   4.171478e+00 1.290824e+01 4.800000e+00
    endloop
  endfacet
  facet normal -5.027753e-01 8.644171e-01 0.000000e+00
    outer loop
      vertex   4.171478e+00 1.290824e+01 4.800000e+00
      vertex   5.537736e+00 1.370291e+01 5.000000e+00
      vertex   5.537736e+00 1.370291e+01 4.800000e+00
    endloop
  endfacet
  facet normal 5.011616e-01 8.653537e-01 0.000000e+00
    outer loop
      vertex   5.537736e+00 1.370291e+01 5.000000e+00
      vertex   6.909880e+00 1.290824e+01 5.000000e+00
      vertex   5.537736e+00 1.370291e+01 4.800000e+00
    endloop
  endfacet
  facet normal 5.011616e-01 8.653537e-01 0.000000e+00
    outer loop
      vertex   5.537736e+00 1.370291e+01 4.800000e+00
      vertex   6.909880e+00 1.290824e+01 5.000000e+00
      vertex   6.909880e+00 1.290824e+01 4.800000e+00
    endloop
  endfacet
  facet normal 1.000000e+00 0.000000e+00 0.000000e+00
    outer loop
      vertex   5.108935e+00 1.137597e+01 5.000000e+00
      vertex   5.108935e+00 9.792318e+00 5.000000e+00
      vertex   5.108935e+00 1.137597e+01 4.800000e+00
    endloop
  endfacet
  facet normal 1.000000e+00 0.000000e+00 0.000000e+00
    outer loop
      vertex   5.108935e+00 1.137597e+01 4.800000e+00
      vertex   5.108935e+00 9.792318e+00 5.000000e+00
      vertex   5.108935e+00 9.792318e+00 4.800000e+00
    endloop
  endfacet
  facet normal -5.027756e-01 -8.644170e-01 -0.000000e+00
    outer loop
      vertex   5.108935e+00 9.792318e+00 5.000000e+00
      vertex   3.742677e+00 1.058698e+01 5.000000e+00
      vertex   5.108935e+00 9.792318e+00 4.800000e+00
    endloop
  endfacet
  facet normal -5.027756e-01 -8.644170e-01 0.000000e+00
    outer loop
      vertex   5.108935e+00 9.792318e+00 4.800000e+00
      vertex   3.742677e+00 1.058698e+01 5.000000e+00
      vertex   3.742677e+00 1.058698e+01 4.800000e+00
    endloop
  endfacet
  facet normal -1.000000e+00 0.000000e+00 0.000000e+00
    outer loop
      vertex   3.742677e+00 1.058698e+01 5.000000e+00
      vertex   3.742677e+00 1.216496e+01 5.000000e+00
      vertex   3.742677e+00 1.058698e+01 4.800000e+00
    endloop
  endfacet
  facet normal -1.000000e+00 0.000000e+00 0.000000e+00
    outer loop
      vertex   3.742677e+00 1.058698e+01 4.800000e+00
      vertex   3.742677e+00 1.216496e+01 5.000000e+00
      vertex   3.742677e+00 1.216496e+01 4.800000e+00
    endloop
  endfacet
  facet normal 5.000858e-01 8.659759e-01 0.000000e+00
    outer loop
      vertex   3.742677e+00 1.216496e+01 5.000000e+00
      vertex   5.108935e+00 1.137597e+01 5.000000e+00
      vertex   3.742677e+00 1.216496e+01 4.800000e+00
    endloop
  endfacet
  facet normal 5.000858e-01 8.659759e-01 0.000000e+00
    outer loop
      vertex   3.742677e+00 1.216496e+01 4.800000e+00
      vertex   5.108935e+00 1.137597e+01 5.000000e+00
      vertex   5.108935e+00 1.137597e+01 4.800000e+00
    endloop
  endfacet
  facet normal 1.000000e+00 0.000000e+00 0.000000e+00
    outer loop
      vertex   7.338681e+00 1.216496e+01 5.000000e+00
      vertex   7.338681e+00 1.058698e+01 5.000000e+00
      vertex   7.338681e+00 1.216496e+01 4.800000e+00
    endloop
  endfacet
  facet normal 1.000000e+00 0.000000e+00 0.000000e+00
    outer loop
      vertex   7.338681e+00 1.216496e+01 4.800000e+00
      vertex   7.338681e+00 1.058698e+01 5.000000e+00
      vertex   7.338681e+00 1.058698e+01 4.800000e+00
    endloop
  endfacet
  facet normal 5.011619e-01 -8.653536e-01 0.000000e+00
    outer loop
      vertex   7.338681e+00 1.058698e+01 5.000000e+00
      vertex   5.966538e+00 9.792317e+00 5.000000e+00
      vertex   7.338681e+00 1.058698e+01 4.800000e+00
    endloop
  endfacet
  facet normal 5.011619e-01 -8.653536e-01 0.000000e+00
    outer loop
      vertex   7.338681e+00 1.058698e+01 4.800000e+00
      vertex   5.966538e+00 9.792317e+00 5.000000e+00
      vertex   5.966538e+00 9.792317e+00 4.800000e+00
    endloop
  endfacet
  facet normal -1.000000e+00 0.000000e+00 0.000000e+00
    outer loop
      vertex   5.966538e+00 9.792317e+00 5.000000e+00
      vertex   5.966538e+00 1.137597e+01 5.000000e+00
      vertex   5.966538e+00 9.792317e+00 4.800000e+00
    endloop
  endfacet
  facet normal -1.000000e+00 0.000000e+00 0.000000e+00
    outer loop
      vertex   5.966538e+00 9.792317e+00 4.800000e+00
      vertex   5.966538e+00 1.137597e+01 5.000000e+00
      vertex   5.966538e+00 1.137597e+01 4.800000e+00
    endloop
  endfacet
  facet normal -4.984750e-01 8.669041e-01 0.000000e+00
    outer loop
      vertex   5.966538e+00 1.137597e+01 5.000000e+00
      vertex   7.338681e+00 1.216496e+01 5.000000e+00
      vertex   5.966538e+00 1.137597e+01 4.800000e+00
    endloop
  endfacet
  facet normal -4.984750e-01 8.669041e-01 0.000000e+00
    outer loop
      vertex   5.966538e+00 1.137597e+01 4.800000e+00
      vertex   7.338681e+00 1.216496e+01 5.000000e+00
      vertex   7.338681e+00 1.216496e+01 4.800000e+00
    endloop
  endfacet
  facet normal -5.010516e-01 -8.654174e-01 -0.000000e+00
    outer loop
      vertex   1.004304e+01 9.517763e+00 5.000000e+00
      vertex   8.196284e+00 1.058698e+01 5.000000e+00
      vertex   1.004304e+01 9.517763e+00 4.800000e+00
    endloop
  endfacet
  facet normal -5.010516e-01 -8.654174e-01 0.000000e+00
    outer loop
      vertex   1.004304e+01 9.517763e+00 4.800000e+00
      vertex   8.196284e+00 1.058698e+01 5.000000e+00
      vertex   8.196284e+00 1.058698e+01 4.800000e+00
    endloop
  endfacet
  facet normal -1.000000e+00 -7.652541e-16 -0.000000e+00
    outer loop
      vertex   8.196284e+00 1.058698e+01 5.000000e+00
      vertex   8.196284e+00 1.290825e+01 5.000000e+00
      vertex   8.196284e+00 1.058698e+01 4.800000e+00
    endloop
  endfacet
  facet normal -1.000000e+00 -7.652541e-16 0.000000e+00
    outer loop
      vertex   8.196284e+00 1.058698e+01 4.800000e+00
      vertex   8.196284e+00 1.290825e+01 5.000000e+00
      vertex   8.196284e+00 1.290825e+01 4.800000e+00
    endloop
  endfacet
  facet normal -9.972626e-01 -7.394068e-02 -0.000000e+00
    outer loop
      vertex   8.196284e+00 1.290825e+01 5.000000e+00
      vertex   8.192305e+00 1.296192e+01 5.000000e+00
      vertex   8.196284e+00 1.290825e+01 4.800000e+00
    endloop
  endfacet
  facet normal -9.972626e-01 -7.394068e-02 0.000000e+00
    outer loop
      vertex   8.196284e+00 1.290825e+01 4.800000e+00
      vertex   8.192305e+00 1.296192e+01 5.000000e+00
      vertex   8.192305e+00 1.296192e+01 4.800000e+00
    endloop
  endfacet
  facet normal -9.769413e-01 -2.135083e-01 0.000000e+00
    outer loop
      vertex   8.192305e+00 1.296192e+01 4.800000e+00
      vertex   8.192305e+00 1.296192e+01 5.000000e+00
      vertex   8.181390e+00 1.301186e+01 5.000000e+00
    endloop
  endfacet
  facet normal -9.769413e-01 -2.135083e-01 0.000000e+00
    outer loop
      vertex   8.192305e+00 1.296192e+01 4.800000e+00
      vertex   8.181390e+00 1.301186e+01 5.000000e+00
      vertex   8.181390e+00 1.301186e+01 4.800000e+00
    endloop
  endfacet
  facet normal -9.278435e-01 -3.729698e-01 0.000000e+00
    outer loop
      vertex   8.181390e+00 1.301186e+01 4.800000e+00
      vertex   8.181390e+00 1.301186e+01 5.000000e+00
      vertex   8.144903e+00 1.310263e+01 5.000000e+00
    endloop
  endfacet
  facet normal -9.278435e-01 -3.729698e-01 0.000000e+00
    outer loop
      vertex   8.181390e+00 1.301186e+01 4.800000e+00
      vertex   8.144903e+00 1.310263e+01 5.000000e+00
      vertex   8.144903e+00 1.310263e+01 4.800000e+00
    endloop
  endfacet
  facet normal -8.487638e-01 -5.287722e-01 -0.000000e+00
    outer loop
      vertex   8.144903e+00 1.310263e+01 5.000000e+00
      vertex   8.116429e+00 1.314834e+01 5.000000e+00
      vertex   8.144903e+00 1.310263e+01 4.800000e+00
    endloop
  endfacet
  facet normal -8.487638e-01 -5.287722e-01 0.000000e+00
    outer loop
      vertex   8.144903e+00 1.310263e+01 4.800000e+00
      vertex   8.116429e+00 1.314834e+01 5.000000e+00
      vertex   8.116429e+00 1.314834e+01 4.800000e+00
    endloop
  endfacet
  facet normal -7.600984e-01 -6.498079e-01 -0.000000e+00
    outer loop
      vertex   8.116429e+00 1.314834e+01 5.000000e+00
      vertex   8.066283e+00 1.320699e+01 5.000000e+00
      vertex   8.116429e+00 1.314834e+01 4.800000e+00
    endloop
  endfacet
  facet normal -7.600984e-01 -6.498079e-01 0.000000e+00
    outer loop
      vertex   8.116429e+00 1.314834e+01 4.800000e+00
      vertex   8.066283e+00 1.320699e+01 5.000000e+00
      vertex   8.066283e+00 1.320699e+01 4.800000e+00
    endloop
  endfacet
  facet normal -6.496396e-01 -7.602423e-01 0.000000e+00
    outer loop
      vertex   8.066283e+00 1.320699e+01 4.800000e+00
      vertex   8.066283e+00 1.320699e+01 5.000000e+00
      vertex   8.007784e+00 1.325698e+01 5.000000e+00
    endloop
  endfacet
  facet normal -6.496396e-01 -7.602423e-01 0.000000e+00
    outer loop
      vertex   8.066283e+00 1.320699e+01 4.800000e+00
      vertex   8.007784e+00 1.325698e+01 5.000000e+00
      vertex   8.007784e+00 1.325698e+01 4.800000e+00
    endloop
  endfacet
  facet normal -4.982794e-01 -8.670165e-01 0.000000e+00
    outer loop
      vertex   8.007784e+00 1.325698e+01 4.800000e+00
      vertex   8.007784e+00 1.325698e+01 5.000000e+00
      vertex   8.003649e+00 1.325936e+01 4.900000e+00
    endloop
  endfacet
  facet normal -4.982794e-01 -8.670165e-01 0.000000e+00
    outer loop
      vertex   8.003649e+00 1.325936e+01 4.900000e+00
      vertex   8.007784e+00 1.325698e+01 5.000000e+00
      vertex   8.003649e+00 1.325936e+01 5.000000e+00
    endloop
  endfacet
  facet normal -6.087715e-01 -7.933456e-01 0.000000e+00
    outer loop
      vertex   8.003649e+00 1.325936e+01 4.900000e+00
      vertex   8.003649e+00 1.325936e+01 5.000000e+00
      vertex   8.000023e+00 1.326214e+01 5.000000e+00
    endloop
  endfacet
  facet normal -6.087715e-01 -7.933456e-01 0.000000e+00
    outer loop
      vertex   8.003649e+00 1.325936e+01 4.900000e+00
      vertex   8.000023e+00 1.326214e+01 5.000000e+00
      vertex   8.000023e+00 1.326214e+01 4.900000e+00
    endloop
  endfacet
  facet normal -7.199517e-01 -6.940242e-01 0.000000e+00
    outer loop
      vertex   8.000023e+00 1.326214e+01 4.900000e+00
      vertex   8.000023e+00 1.326214e+01 5.000000e+00
      vertex   7.994006e+00 1.326838e+01 5.000000e+00
    endloop
  endfacet
  facet normal -7.199517e-01 -6.940242e-01 0.000000e+00
    outer loop
      vertex   8.000023e+00 1.326214e+01 4.900000e+00
      vertex   7.994006e+00 1.326838e+01 5.000000e+00
      vertex   7.994006e+00 1.326838e+01 4.900000e+00
    endloop
  endfacet
  facet normal -7.805785e-01 -6.250578e-01 0.000000e+00
    outer loop
      vertex   7.994006e+00 1.326838e+01 4.900000e+00
      vertex   7.994006e+00 1.326838e+01 5.000000e+00
      vertex   7.984877e+00 1.327978e+01 5.000000e+00
    endloop
  endfacet
  facet normal -7.805785e-01 -6.250578e-01 0.000000e+00
    outer loop
      vertex   7.994006e+00 1.326838e+01 4.900000e+00
      vertex   7.984877e+00 1.327978e+01 5.000000e+00
      vertex   7.984877e+00 1.327978e+01 4.800000e+00
    endloop
  endfacet
  facet normal -7.805785e-01 -6.250578e-01 0.000000e+00
    outer loop
      vertex   7.984877e+00 1.327978e+01 4.800000e+00
      vertex   7.994006e+00 1.326838e+01 4.800000e+00
      vertex   7.994006e+00 1.326838e+01 4.900000e+00
    endloop
  endfacet
  facet normal -7.199517e-01 -6.940242e-01 -0.000000e+00
    outer loop
      vertex   7.994006e+00 1.326838e+01 4.900000e+00
      vertex   7.994006e+00 1.326838e+01 4.800000e+00
      vertex   8.000023e+00 1.326214e+01 4.800000e+00
    endloop
  endfacet
  facet normal -7.199517e-01 -6.940242e-01 0.000000e+00
    outer loop
      vertex   7.994006e+00 1.326838e+01 4.900000e+00
      vertex   8.000023e+00 1.326214e+01 4.800000e+00
      vertex   8.000023e+00 1.326214e+01 4.900000e+00
    endloop
  endfacet
  facet normal -6.087715e-01 -7.933456e-01 -0.000000e+00
    outer loop
      vertex   8.000023e+00 1.326214e+01 4.900000e+00
      vertex   8.000023e+00 1.326214e+01 4.800000e+00
      vertex   8.003649e+00 1.325936e+01 4.800000e+00
    endloop
  endfacet
  facet normal -6.087715e-01 -7.933456e-01 0.000000e+00
    outer loop
      vertex   8.000023e+00 1.326214e+01 4.900000e+00
      vertex   8.003649e+00 1.325936e+01 4.800000e+00
      vertex   8.003649e+00 1.325936e+01 4.900000e+00
    endloop
  endfacet
  facet normal -4.982794e-01 -8.670165e-01 -0.000000e+00
    outer loop
      vertex   8.003649e+00 1.325936e+01 4.900000e+00
      vertex   8.003649e+00 1.325936e+01 4.800000e+00
      vertex   8.007784e+00 1.325698e+01 4.800000e+00
    endloop
  endfacet
  facet normal -5.003609e-01 -8.658170e-01 -0.000000e+00
    outer loop
      vertex   7.984877e+00 1.327978e+01 5.000000e+00
      vertex   5.966538e+00 1.444619e+01 5.000000e+00
      vertex   7.984877e+00 1.327978e+01 4.800000e+00
    endloop
  endfacet
  facet normal -5.003609e-01 -8.658170e-01 0.000000e+00
    outer loop
      vertex   7.984877e+00 1.327978e+01 4.800000e+00
      vertex   5.966538e+00 1.444619e+01 5.000000e+00
      vertex   5.966538e+00 1.444619e+01 4.800000e+00
    endloop
  endfacet
  facet normal -1.000000e+00 -6.044764e-16 -0.000000e+00
    outer loop
      vertex   5.966538e+00 1.444619e+01 5.000000e+00
      vertex   5.966538e+00 1.591553e+01 5.000000e+00
      vertex   5.966538e+00 1.444619e+01 4.800000e+00
    endloop
  endfacet
  facet normal -1.000000e+00 -6.044764e-16 0.000000e+00
    outer loop
      vertex   5.966538e+00 1.444619e+01 4.800000e+00
      vertex   5.966538e+00 1.591553e+01 5.000000e+00
      vertex   5.966538e+00 1.591553e+01 4.800000e+00
    endloop
  endfacet
  facet normal -9.950283e-01 -9.959284e-02 -0.000000e+00
    outer loop
      vertex   5.966538e+00 1.591553e+01 5.000000e+00
      vertex   5.957960e+00 1.600123e+01 5.000000e+00
      vertex   5.966538e+00 1.591553e+01 4.800000e+00
    endloop
  endfacet
  facet normal -9.950283e-01 -9.959284e-02 0.000000e+00
    outer loop
      vertex   5.966538e+00 1.591553e+01 4.800000e+00
      vertex   5.957960e+00 1.600123e+01 5.000000e+00
      vertex   5.957960e+00 1.600123e+01 4.800000e+00
    endloop
  endfacet
  facet normal -9.557871e-01 -2.940594e-01 0.000000e+00
    outer loop
      vertex   5.957960e+00 1.600123e+01 4.800000e+00
      vertex   5.957960e+00 1.600123e+01 5.000000e+00
      vertex   5.933300e+00 1.608138e+01 5.000000e+00
    endloop
  endfacet
  facet normal -9.557871e-01 -2.940594e-01 0.000000e+00
    outer loop
      vertex   5.957960e+00 1.600123e+01 4.800000e+00
      vertex   5.933300e+00 1.608138e+01 5.000000e+00
      vertex   5.933300e+00 1.608138e+01 4.800000e+00
    endloop
  endfacet
  facet normal -8.807942e-01 -4.734994e-01 0.000000e+00
    outer loop
      vertex   5.933300e+00 1.608138e+01 4.800000e+00
      vertex   5.933300e+00 1.608138e+01 5.000000e+00
      vertex   5.894167e+00 1.615417e+01 5.000000e+00
    endloop
  endfacet
  facet normal -8.807942e-01 -4.734994e-01 0.000000e+00
    outer loop
      vertex   5.933300e+00 1.608138e+01 4.800000e+00
      vertex   5.894167e+00 1.615417e+01 5.000000e+00
      vertex   5.894167e+00 1.615417e+01 4.800000e+00
    endloop
  endfacet
  facet normal -7.743086e-01 -6.328081e-01 0.000000e+00
    outer loop
      vertex   5.894167e+00 1.615417e+01 4.800000e+00
      vertex   5.894167e+00 1.615417e+01 5.000000e+00
      vertex   5.842171e+00 1.621780e+01 5.000000e+00
    endloop
  endfacet
  facet normal -7.743086e-01 -6.328081e-01 0.000000e+00
    outer loop
      vertex   5.894167e+00 1.615417e+01 4.800000e+00
      vertex   5.842171e+00 1.621780e+01 5.000000e+00
      vertex   5.842171e+00 1.621780e+01 4.800000e+00
    endloop
  endfacet
  facet normal -6.396887e-01 -7.686341e-01 0.000000e+00
    outer loop
      vertex   5.842171e+00 1.621780e+01 4.800000e+00
      vertex   5.842171e+00 1.621780e+01 5.000000e+00
      vertex   5.778921e+00 1.627044e+01 5.000000e+00
    endloop
  endfacet
  facet normal -6.396887e-01 -7.686341e-01 0.000000e+00
    outer loop
      vertex   5.842171e+00 1.621780e+01 4.800000e+00
      vertex   5.778921e+00 1.627044e+01 5.000000e+00
      vertex   5.778921e+00 1.627044e+01 4.800000e+00
    endloop
  endfacet
  facet normal -4.796188e-01 -8.774769e-01 0.000000e+00
    outer loop
      vertex   5.778921e+00 1.627044e+01 4.800000e+00
      vertex   5.778921e+00 1.627044e+01 5.000000e+00
      vertex   5.706025e+00 1.631028e+01 5.000000e+00
    endloop
  endfacet
  facet normal -4.796188e-01 -8.774769e-01 0.000000e+00
    outer loop
      vertex   5.778921e+00 1.627044e+01 4.800000e+00
      vertex   5.706025e+00 1.631028e+01 5.000000e+00
      vertex   5.706025e+00 1.631028e+01 4.800000e+00
    endloop
  endfacet
  facet normal -2.976786e-01 -9.546661e-01 0.000000e+00
    outer loop
      vertex   5.706025e+00 1.631028e+01 4.800000e+00
      vertex   5.706025e+00 1.631028e+01 5.000000e+00
      vertex   5.625094e+00 1.633551e+01 5.000000e+00
    endloop
  endfacet
  facet normal -2.976786e-01 -9.546661e-01 0.000000e+00
    outer loop
      vertex   5.706025e+00 1.631028e+01 4.800000e+00
      vertex   5.625094e+00 1.633551e+01 5.000000e+00
      vertex   5.625094e+00 1.633551e+01 4.800000e+00
    endloop
  endfacet
  facet normal -1.003930e-01 -9.949479e-01 0.000000e+00
    outer loop
      vertex   5.625094e+00 1.633551e+01 4.800000e+00
      vertex   5.625094e+00 1.633551e+01 5.000000e+00
      vertex   5.537736e+00 1.634433e+01 5.000000e+00
    endloop
  endfacet
  facet normal -1.003930e-01 -9.949479e-01 0.000000e+00
    outer loop
      vertex   5.625094e+00 1.633551e+01 4.800000e+00
      vertex   5.537736e+00 1.634433e+01 5.000000e+00
      vertex   5.537736e+00 1.634433e+01 4.800000e+00
    endloop
  endfacet
  facet normal 1.022453e-01 -9.947592e-01 0.000000e+00
    outer loop
      vertex   5.537736e+00 1.634433e+01 5.000000e+00
      vertex   5.451978e+00 1.633551e+01 5.000000e+00
      vertex   5.537736e+00 1.634433e+01 4.800000e+00
    endloop
  endfacet
  facet normal 1.022453e-01 -9.947592e-01 0.000000e+00
    outer loop
      vertex   5.537736e+00 1.634433e+01 4.800000e+00
      vertex   5.451978e+00 1.633551e+01 5.000000e+00
      vertex   5.451978e+00 1.633551e+01 4.800000e+00
    endloop
  endfacet
  facet normal 3.002146e-01 -9.538717e-01 0.000000e+00
    outer loop
      vertex   5.451978e+00 1.633551e+01 4.800000e+00
      vertex   5.451978e+00 1.633551e+01 5.000000e+00
      vertex   5.371797e+00 1.631028e+01 5.000000e+00
    endloop
  endfacet
  facet normal 3.002146e-01 -9.538717e-01 0.000000e+00
    outer loop
      vertex   5.451978e+00 1.633551e+01 4.800000e+00
      vertex   5.371797e+00 1.631028e+01 5.000000e+00
      vertex   5.371797e+00 1.631028e+01 4.800000e+00
    endloop
  endfacet
  facet normal 4.801148e-01 -8.772057e-01 0.000000e+00
    outer loop
      vertex   5.371797e+00 1.631028e+01 4.800000e+00
      vertex   5.371797e+00 1.631028e+01 5.000000e+00
      vertex   5.299000e+00 1.627044e+01 5.000000e+00
    endloop
  endfacet
  facet normal 4.801148e-01 -8.772057e-01 0.000000e+00
    outer loop
      vertex   5.371797e+00 1.631028e+01 4.800000e+00
      vertex   5.299000e+00 1.627044e+01 5.000000e+00
      vertex   5.299000e+00 1.627044e+01 4.800000e+00
    endloop
  endfacet
  facet normal 6.375482e-01 -7.704104e-01 0.000000e+00
    outer loop
      vertex   5.299000e+00 1.627044e+01 4.800000e+00
      vertex   5.299000e+00 1.627044e+01 5.000000e+00
      vertex   5.235390e+00 1.621780e+01 5.000000e+00
    endloop
  endfacet
  facet normal 6.375482e-01 -7.704104e-01 0.000000e+00
    outer loop
      vertex   5.299000e+00 1.627044e+01 4.800000e+00
      vertex   5.235390e+00 1.621780e+01 5.000000e+00
      vertex   5.235390e+00 1.621780e+01 4.800000e+00
    endloop
  endfacet
  facet normal 7.706156e-01 -6.373002e-01 0.000000e+00
    outer loop
      vertex   5.235390e+00 1.621780e+01 4.800000e+00
      vertex   5.235390e+00 1.621780e+01 5.000000e+00
      vertex   5.182773e+00 1.615417e+01 5.000000e+00
    endloop
  endfacet
  facet normal 7.706156e-01 -6.373002e-01 0.000000e+00
    outer loop
      vertex   5.235390e+00 1.621780e+01 4.800000e+00
      vertex   5.182773e+00 1.615417e+01 5.000000e+00
      vertex   5.182773e+00 1.615417e+01 4.800000e+00
    endloop
  endfacet
  facet normal 8.773262e-01 -4.798945e-01 0.000000e+00
    outer loop
      vertex   5.182773e+00 1.615417e+01 4.800000e+00
      vertex   5.182773e+00 1.615417e+01 5.000000e+00
      vertex   5.142955e+00 1.608138e+01 5.000000e+00
    endloop
  endfacet
  facet normal 8.773262e-01 -4.798945e-01 0.000000e+00
    outer loop
      vertex   5.182773e+00 1.615417e+01 4.800000e+00
      vertex   5.142955e+00 1.608138e+01 5.000000e+00
      vertex   5.142955e+00 1.608138e+01 4.800000e+00
    endloop
  endfacet
  facet normal 9.539125e-01 -3.000850e-01 0.000000e+00
    outer loop
      vertex   5.142955e+00 1.608138e+01 4.800000e+00
      vertex   5.142955e+00 1.608138e+01 5.000000e+00
      vertex   5.117741e+00 1.600123e+01 5.000000e+00
    endloop
  endfacet
  facet normal 9.539125e-01 -3.000850e-01 0.000000e+00
    outer loop
      vertex   5.142955e+00 1.608138e+01 4.800000e+00
      vertex   5.117741e+00 1.600123e+01 5.000000e+00
      vertex   5.117741e+00 1.600123e+01 4.800000e+00
    endloop
  endfacet
  facet normal 9.947620e-01 -1.022177e-01 0.000000e+00
    outer loop
      vertex   5.117741e+00 1.600123e+01 4.800000e+00
      vertex   5.117741e+00 1.600123e+01 5.000000e+00
      vertex   5.108935e+00 1.591553e+01 5.000000e+00
    endloop
  endfacet
  facet normal 9.947620e-01 -1.022177e-01 0.000000e+00
    outer loop
      vertex   5.117741e+00 1.600123e+01 4.800000e+00
      vertex   5.108935e+00 1.591553e+01 5.000000e+00
      vertex   5.108935e+00 1.591553e+01 4.800000e+00
    endloop
  endfacet
  facet normal 1.000000e+00 0.000000e+00 0.000000e+00
    outer loop
      vertex   5.108935e+00 1.591553e+01 5.000000e+00
      vertex   5.108935e+00 1.444041e+01 5.000000e+00
      vertex   5.108935e+00 1.591553e+01 4.800000e+00
    endloop
  endfacet
  facet normal 1.000000e+00 0.000000e+00 0.000000e+00
    outer loop
      vertex   5.108935e+00 1.591553e+01 4.800000e+00
      vertex   5.108935e+00 1.444041e+01 5.000000e+00
      vertex   5.108935e+00 1.444041e+01 4.800000e+00
    endloop
  endfacet
  facet normal 4.995933e-01 -8.662601e-01 0.000000e+00
    outer loop
      vertex   5.108935e+00 1.444041e+01 5.000000e+00
      vertex   3.096480e+00 1.327978e+01 5.000000e+00
      vertex   5.108935e+00 1.444041e+01 4.800000e+00
    endloop
  endfacet
  facet normal 4.995933e-01 -8.662601e-01 0.000000e+00
    outer loop
      vertex   5.108935e+00 1.444041e+01 4.800000e+00
      vertex   3.096480e+00 1.327978e+01 5.000000e+00
      vertex   3.096480e+00 1.327978e+01 4.800000e+00
    endloop
  endfacet
  facet normal 5.298843e-01 -8.480699e-01 0.000000e+00
    outer loop
      vertex   3.096480e+00 1.327978e+01 4.800000e+00
      vertex   3.096480e+00 1.327978e+01 5.000000e+00
      vertex   3.092677e+00 1.327741e+01 4.900000e+00
    endloop
  endfacet
  facet normal 5.298843e-01 -8.480699e-01 -2.353159e-15
    outer loop
      vertex   3.092677e+00 1.327741e+01 4.900000e+00
      vertex   3.096480e+00 1.327978e+01 5.000000e+00
      vertex   3.092677e+00 1.327741e+01 5.000000e+00
    endloop
  endfacet
  facet normal 6.803192e-01 -7.329160e-01 -3.021224e-15
    outer loop
      vertex   3.092677e+00 1.327741e+01 4.900000e+00
      vertex   3.092677e+00 1.327741e+01 5.000000e+00
      vertex   3.089680e+00 1.327462e+01 5.000000e+00
    endloop
  endfacet
  facet normal 6.803192e-01 -7.329160e-01 0.000000e+00
    outer loop
      vertex   3.092677e+00 1.327741e+01 4.900000e+00
      vertex   3.089680e+00 1.327462e+01 5.000000e+00
      vertex   3.089680e+00 1.327462e+01 4.900000e+00
    endloop
  endfacet
  facet normal 8.017644e-01 -5.976403e-01 0.000000e+00
    outer loop
      vertex   3.089680e+00 1.327462e+01 4.900000e+00
      vertex   3.089680e+00 1.327462e+01 5.000000e+00
      vertex   3.085027e+00 1.326838e+01 5.000000e+00
    endloop
  endfacet
  facet normal 8.017644e-01 -5.976403e-01 1.061899e-14
    outer loop
      vertex   3.089680e+00 1.327462e+01 4.900000e+00
      vertex   3.085027e+00 1.326838e+01 5.000000e+00
      vertex   3.085027e+00 1.326838e+01 4.900000e+00
    endloop
  endfacet
  facet normal 8.017629e-01 -5.976422e-01 1.061626e-14
    outer loop
      vertex   3.085027e+00 1.326838e+01 4.900000e+00
      vertex   3.085027e+00 1.326838e+01 5.000000e+00
      vertex   3.080374e+00 1.326214e+01 5.000000e+00
    endloop
  endfacet
  facet normal 8.017629e-01 -5.976422e-01 0.000000e+00
    outer loop
      vertex   3.085027e+00 1.326838e+01 4.900000e+00
      vertex   3.080374e+00 1.326214e+01 5.000000e+00
      vertex   3.080374e+00 1.326214e+01 4.900000e+00
    endloop
  endfacet
  facet normal 6.803202e-01 -7.329150e-01 0.000000e+00
    outer loop
      vertex   3.080374e+00 1.326214e+01 4.900000e+00
      vertex   3.080374e+00 1.326214e+01 5.000000e+00
      vertex   3.077377e+00 1.325936e+01 5.000000e+00
    endloop
  endfacet
  facet normal 6.803202e-01 -7.329150e-01 -3.019609e-15
    outer loop
      vertex   3.080374e+00 1.326214e+01 4.900000e+00
      vertex   3.077377e+00 1.325936e+01 5.000000e+00
      vertex   3.077377e+00 1.325936e+01 4.900000e+00
    endloop
  endfacet
  facet normal 5.298941e-01 -8.480638e-01 -2.353202e-15
    outer loop
      vertex   3.077377e+00 1.325936e+01 4.900000e+00
      vertex   3.077377e+00 1.325936e+01 5.000000e+00
      vertex   3.073574e+00 1.325698e+01 5.000000e+00
    endloop
  endfacet
  facet normal 5.298941e-01 -8.480638e-01 0.000000e+00
    outer loop
      vertex   3.077377e+00 1.325936e+01 4.900000e+00
      vertex   3.073574e+00 1.325698e+01 5.000000e+00
      vertex   3.073574e+00 1.325698e+01 4.800000e+00
    endloop
  endfacet
  facet normal 5.298941e-01 -8.480638e-01 2.353646e-15
    outer loop
      vertex   3.073574e+00 1.325698e+01 4.800000e+00
      vertex   3.077377e+00 1.325936e+01 4.800000e+00
      vertex   3.077377e+00 1.325936e+01 4.900000e+00
    endloop
  endfacet
  facet normal 6.803202e-01 -7.329150e-01 3.021229e-15
    outer loop
      vertex   3.077377e+00 1.325936e+01 4.900000e+00
      vertex   3.077377e+00 1.325936e+01 4.800000e+00
      vertex   3.080374e+00 1.326214e+01 4.800000e+00
    endloop
  endfacet
  facet normal 6.803202e-01 -7.329150e-01 0.000000e+00
    outer loop
      vertex   3.077377e+00 1.325936e+01 4.900000e+00
      vertex   3.080374e+00 1.326214e+01 4.800000e+00
      vertex   3.080374e+00 1.326214e+01 4.900000e+00
    endloop
  endfacet
  facet normal 8.017629e-01 -5.976422e-01 0.000000e+00
    outer loop
      vertex   3.080374e+00 1.326214e+01 4.900000e+00
      vertex   3.080374e+00 1.326214e+01 4.800000e+00
      vertex   3.085027e+00 1.326838e+01 4.800000e+00
    endloop
  endfacet
  facet normal 8.017629e-01 -5.976422e-01 -1.061446e-14
    outer loop
      vertex   3.080374e+00 1.326214e+01 4.900000e+00
      vertex   3.085027e+00 1.326838e+01 4.800000e+00
      vertex   3.085027e+00 1.326838e+01 4.900000e+00
    endloop
  endfacet
  facet normal 8.017644e-01 -5.976403e-01 -1.061622e-14
    outer loop
      vertex   3.085027e+00 1.326838e+01 4.900000e+00
      vertex   3.085027e+00 1.326838e+01 4.800000e+00
      vertex   3.089680e+00 1.327462e+01 4.800000e+00
    endloop
  endfacet
  facet normal 8.017644e-01 -5.976403e-01 0.000000e+00
    outer loop
      vertex   3.085027e+00 1.326838e+01 4.900000e+00
      vertex   3.089680e+00 1.327462e+01 4.800000e+00
      vertex   3.089680e+00 1.327462e+01 4.900000e+00
    endloop
  endfacet
  facet normal 6.803192e-01 -7.329160e-01 0.000000e+00
    outer loop
      vertex   3.089680e+00 1.327462e+01 4.900000e+00
      vertex   3.089680e+00 1.327462e+01 4.800000e+00
      vertex   3.092677e+00 1.327741e+01 4.800000e+00
    endloop
  endfacet
  facet normal 6.803192e-01 -7.329160e-01 3.023871e-15
    outer loop
      vertex   3.089680e+00 1.327462e+01 4.900000e+00
      vertex   3.092677e+00 1.327741e+01 4.800000e+00
      vertex   3.092677e+00 1.327741e+01 4.900000e+00
    endloop
  endfacet
  facet normal 5.298843e-01 -8.480699e-01 2.353159e-15
    outer loop
      vertex   3.092677e+00 1.327741e+01 4.900000e+00
      vertex   3.092677e+00 1.327741e+01 4.800000e+00
      vertex   3.096480e+00 1.327978e+01 4.800000e+00
    endloop
  endfacet
  facet normal 6.191260e-01 -7.852917e-01 0.000000e+00
    outer loop
      vertex   3.073574e+00 1.325698e+01 5.000000e+00
      vertex   3.012868e+00 1.320912e+01 5.000000e+00
      vertex   3.073574e+00 1.325698e+01 4.800000e+00
    endloop
  endfacet
  facet normal 6.191260e-01 -7.852917e-01 0.000000e+00
    outer loop
      vertex   3.073574e+00 1.325698e+01 4.800000e+00
      vertex   3.012868e+00 1.320912e+01 5.000000e+00
      vertex   3.012868e+00 1.320912e+01 4.800000e+00
    endloop
  endfacet
  facet normal 7.851866e-01 -6.192592e-01 0.000000e+00
    outer loop
      vertex   3.012868e+00 1.320912e+01 4.800000e+00
      vertex   3.012868e+00 1.320912e+01 5.000000e+00
      vertex   2.964929e+00 1.314834e+01 5.000000e+00
    endloop
  endfacet
  facet normal 7.851866e-01 -6.192592e-01 0.000000e+00
    outer loop
      vertex   3.012868e+00 1.320912e+01 4.800000e+00
      vertex   2.964929e+00 1.314834e+01 5.000000e+00
      vertex   2.964929e+00 1.314834e+01 4.800000e+00
    endloop
  endfacet
  facet normal 8.117100e-01 -5.840607e-01 0.000000e+00
    outer loop
      vertex   2.964929e+00 1.314834e+01 5.000000e+00
      vertex   2.948485e+00 1.312548e+01 5.000000e+00
      vertex   2.964929e+00 1.314834e+01 4.800000e+00
    endloop
  endfacet
  facet normal 8.117100e-01 -5.840607e-01 0.000000e+00
    outer loop
      vertex   2.964929e+00 1.314834e+01 4.800000e+00
      vertex   2.948485e+00 1.312548e+01 5.000000e+00
      vertex   2.948485e+00 1.312548e+01 4.800000e+00
    endloop
  endfacet
  facet normal 8.468247e-01 -5.318721e-01 0.000000e+00
    outer loop
      vertex   2.948485e+00 1.312548e+01 4.800000e+00
      vertex   2.948485e+00 1.312548e+01 5.000000e+00
      vertex   2.941642e+00 1.311459e+01 5.000000e+00
    endloop
  endfacet
  facet normal 8.468247e-01 -5.318721e-01 0.000000e+00
    outer loop
      vertex   2.948485e+00 1.312548e+01 4.800000e+00
      vertex   2.941642e+00 1.311459e+01 5.000000e+00
      vertex   2.941642e+00 1.311459e+01 4.800000e+00
    endloop
  endfacet
  facet normal 9.173983e-01 -3.979702e-01 0.000000e+00
    outer loop
      vertex   2.941642e+00 1.311459e+01 4.800000e+00
      vertex   2.941642e+00 1.311459e+01 5.000000e+00
      vertex   2.936455e+00 1.310263e+01 5.000000e+00
    endloop
  endfacet
  facet normal 9.173983e-01 -3.979702e-01 0.000000e+00
    outer loop
      vertex   2.941642e+00 1.311459e+01 4.800000e+00
      vertex   2.936455e+00 1.310263e+01 5.000000e+00
      vertex   2.936455e+00 1.310263e+01 4.800000e+00
    endloop
  endfacet
  facet normal 9.278453e-01 -3.729653e-01 0.000000e+00
    outer loop
      vertex   2.936455e+00 1.310263e+01 5.000000e+00
      vertex   2.899968e+00 1.301186e+01 5.000000e+00
      vertex   2.936455e+00 1.310263e+01 4.800000e+00
    endloop
  endfacet
  facet normal 9.278453e-01 -3.729653e-01 0.000000e+00
    outer loop
      vertex   2.936455e+00 1.310263e+01 4.800000e+00
      vertex   2.899968e+00 1.301186e+01 5.000000e+00
      vertex   2.899968e+00 1.301186e+01 4.800000e+00
    endloop
  endfacet
  facet normal 9.769415e-01 -2.135072e-01 0.000000e+00
    outer loop
      vertex   2.899968e+00 1.301186e+01 4.800000e+00
      vertex   2.899968e+00 1.301186e+01 5.000000e+00
      vertex   2.889054e+00 1.296192e+01 5.000000e+00
    endloop
  endfacet
  facet normal 9.769415e-01 -2.135072e-01 0.000000e+00
    outer loop
      vertex   2.899968e+00 1.301186e+01 4.800000e+00
      vertex   2.889054e+00 1.296192e+01 5.000000e+00
      vertex   2.889054e+00 1.296192e+01 4.800000e+00
    endloop
  endfacet
  facet normal 9.972626e-01 -7.394082e-02 0.000000e+00
    outer loop
      vertex   2.889054e+00 1.296192e+01 4.800000e+00
      vertex   2.889054e+00 1.296192e+01 5.000000e+00
      vertex   2.885074e+00 1.290825e+01 5.000000e+00
    endloop
  endfacet
  facet normal 9.972626e-01 -7.394082e-02 0.000000e+00
    outer loop
      vertex   2.889054e+00 1.296192e+01 4.800000e+00
      vertex   2.885074e+00 1.290825e+01 5.000000e+00
      vertex   2.885074e+00 1.290825e+01 4.800000e+00
    endloop
  endfacet
  facet normal 1.000000e+00 1.913136e-16 0.000000e+00
    outer loop
      vertex   2.885074e+00 1.290825e+01 5.000000e+00
      vertex   2.885074e+00 1.058698e+01 5.000000e+00
      vertex   2.885074e+00 1.290825e+01 4.800000e+00
    endloop
  endfacet
  facet normal 1.000000e+00 1.913136e-16 0.000000e+00
    outer loop
      vertex   2.885074e+00 1.290825e+01 4.800000e+00
      vertex   2.885074e+00 1.058698e+01 5.000000e+00
      vertex   2.885074e+00 1.058698e+01 4.800000e+00
    endloop
  endfacet
  facet normal 4.989768e-01 -8.666153e-01 0.000000e+00
    outer loop
      vertex   2.885074e+00 1.058698e+01 5.000000e+00
      vertex   1.038108e+00 9.523543e+00 5.000000e+00
      vertex   2.885074e+00 1.058698e+01 4.800000e+00
    endloop
  endfacet
  facet normal 4.989768e-01 -8.666153e-01 0.000000e+00
    outer loop
      vertex   2.885074e+00 1.058698e+01 4.800000e+00
      vertex   1.038108e+00 9.523543e+00 5.000000e+00
      vertex   1.038108e+00 9.523543e+00 4.800000e+00
    endloop
  endfacet
  facet normal 5.864944e-01 -8.099533e-01 0.000000e+00
    outer loop
      vertex   1.038108e+00 9.523543e+00 5.000000e+00
      vertex   9.672426e-01 9.472229e+00 5.000000e+00
      vertex   1.038108e+00 9.523543e+00 4.800000e+00
    endloop
  endfacet
  facet normal 5.864944e-01 -8.099533e-01 0.000000e+00
    outer loop
      vertex   1.038108e+00 9.523543e+00 4.800000e+00
      vertex   9.672426e-01 9.472229e+00 5.000000e+00
      vertex   9.672426e-01 9.472229e+00 4.800000e+00
    endloop
  endfacet
  facet normal 7.335015e-01 -6.796878e-01 0.000000e+00
    outer loop
      vertex   9.672426e-01 9.472229e+00 4.800000e+00
      vertex   9.672426e-01 9.472229e+00 5.000000e+00
      vertex   9.094382e-01 9.409847e+00 5.000000e+00
    endloop
  endfacet
  facet normal 7.335015e-01 -6.796878e-01 0.000000e+00
    outer loop
      vertex   9.672426e-01 9.472229e+00 4.800000e+00
      vertex   9.094382e-01 9.409847e+00 5.000000e+00
      vertex   9.094382e-01 9.409847e+00 4.800000e+00
    endloop
  endfacet
  facet normal 8.503039e-01 -5.262920e-01 0.000000e+00
    outer loop
      vertex   9.094382e-01 9.409847e+00 4.800000e+00
      vertex   9.094382e-01 9.409847e+00 5.000000e+00
      vertex   8.654319e-01 9.338749e+00 5.000000e+00
    endloop
  endfacet
  facet normal 8.503039e-01 -5.262920e-01 0.000000e+00
    outer loop
      vertex   9.094382e-01 9.409847e+00 4.800000e+00
      vertex   8.654319e-01 9.338749e+00 5.000000e+00
      vertex   8.654319e-01 9.338749e+00 4.800000e+00
    endloop
  endfacet
  facet normal 9.346511e-01 -3.555662e-01 0.000000e+00
    outer loop
      vertex   8.654319e-01 9.338749e+00 4.800000e+00
      vertex   8.654319e-01 9.338749e+00 5.000000e+00
      vertex   8.359613e-01 9.261281e+00 5.000000e+00
    endloop
  endfacet
  facet normal 9.346511e-01 -3.555662e-01 0.000000e+00
    outer loop
      vertex   8.654319e-01 9.338749e+00 4.800000e+00
      vertex   8.359613e-01 9.261281e+00 5.000000e+00
      vertex   8.359613e-01 9.261281e+00 4.800000e+00
    endloop
  endfacet
  facet normal 9.851591e-01 -1.716438e-01 0.000000e+00
    outer loop
      vertex   8.359613e-01 9.261281e+00 4.800000e+00
      vertex   8.359613e-01 9.261281e+00 5.000000e+00
      vertex   8.217639e-01 9.179795e+00 5.000000e+00
    endloop
  endfacet
  facet normal 9.851591e-01 -1.716438e-01 0.000000e+00
    outer loop
      vertex   8.359613e-01 9.261281e+00 4.800000e+00
      vertex   8.217639e-01 9.179795e+00 5.000000e+00
      vertex   8.217639e-01 9.179795e+00 4.800000e+00
    endloop
  endfacet
  facet normal 9.997623e-01 2.180345e-02 -0.000000e+00
    outer loop
      vertex   8.217639e-01 9.179795e+00 4.800000e+00
      vertex   8.217639e-01 9.179795e+00 5.000000e+00
      vertex   8.235775e-01 9.096639e+00 5.000000e+00
    endloop
  endfacet
  facet normal 9.997623e-01 2.180345e-02 0.000000e+00
    outer loop
      vertex   8.217639e-01 9.179795e+00 4.800000e+00
      vertex   8.235775e-01 9.096639e+00 5.000000e+00
      vertex   8.235775e-01 9.096639e+00 4.800000e+00
    endloop
  endfacet
  facet normal 9.755978e-01 2.195653e-01 -0.000000e+00
    outer loop
      vertex   8.235775e-01 9.096639e+00 4.800000e+00
      vertex   8.235775e-01 9.096639e+00 5.000000e+00
      vertex   8.421394e-01 9.014163e+00 5.000000e+00
    endloop
  endfacet
  facet normal 9.755978e-01 2.195653e-01 0.000000e+00
    outer loop
      vertex   8.235775e-01 9.096639e+00 4.800000e+00
      vertex   8.421394e-01 9.014163e+00 5.000000e+00
      vertex   8.421394e-01 9.014163e+00 4.800000e+00
    endloop
  endfacet
  facet normal 9.106454e-01 4.131888e-01 -0.000000e+00
    outer loop
      vertex   8.421394e-01 9.014163e+00 4.800000e+00
      vertex   8.421394e-01 9.014163e+00 5.000000e+00
      vertex   8.781873e-01 8.934715e+00 5.000000e+00
    endloop
  endfacet
  facet normal 9.106454e-01 4.131888e-01 -2.510328e-15
    outer loop
      vertex   8.421394e-01 9.014163e+00 4.800000e+00
      vertex   8.781873e-01 8.934715e+00 5.000000e+00
      vertex   8.781873e-01 8.934715e+00 4.800000e+00
    endloop
  endfacet
  facet normal 8.091538e-01 5.875969e-01 -2.245853e-15
    outer loop
      vertex   8.781873e-01 8.934715e+00 5.000000e+00
      vertex   9.294968e-01 8.864059e+00 5.000000e+00
      vertex   8.781873e-01 8.934715e+00 4.800000e+00
    endloop
  endfacet
  facet normal 8.091538e-01 5.875969e-01 0.000000e+00
    outer loop
      vertex   8.781873e-01 8.934715e+00 4.800000e+00
      vertex   9.294968e-01 8.864059e+00 5.000000e+00
      vertex   9.294968e-01 8.864059e+00 4.800000e+00
    endloop
  endfacet
  facet normal 6.758278e-01 7.370596e-01 -0.000000e+00
    outer loop
      vertex   9.294968e-01 8.864059e+00 4.800000e+00
      vertex   9.294968e-01 8.864059e+00 5.000000e+00
      vertex   9.918660e-01 8.806871e+00 5.000000e+00
    endloop
  endfacet
  facet normal 6.758278e-01 7.370596e-01 0.000000e+00
    outer loop
      vertex   9.294968e-01 8.864059e+00 4.800000e+00
      vertex   9.918660e-01 8.806871e+00 5.000000e+00
      vertex   9.918660e-01 8.806871e+00 4.800000e+00
    endloop
  endfacet
  facet normal 5.186208e-01 8.550044e-01 -0.000000e+00
    outer loop
      vertex   9.918660e-01 8.806871e+00 4.800000e+00
      vertex   9.918660e-01 8.806871e+00 5.000000e+00
      vertex   1.062948e+00 8.763755e+00 5.000000e+00
    endloop
  endfacet
  facet normal 5.186208e-01 8.550044e-01 0.000000e+00
    outer loop
      vertex   9.918660e-01 8.806871e+00 4.800000e+00
      vertex   1.062948e+00 8.763755e+00 5.000000e+00
      vertex   1.062948e+00 8.763755e+00 4.800000e+00
    endloop
  endfacet
  facet normal 3.447230e-01 9.387045e-01 -0.000000e+00
    outer loop
      vertex   1.062948e+00 8.763755e+00 4.800000e+00
      vertex   1.062948e+00 8.763755e+00 5.000000e+00
      vertex   1.140396e+00 8.735313e+00 5.000000e+00
    endloop
  endfacet
  facet normal 3.447230e-01 9.387045e-01 0.000000e+00
    outer loop
      vertex   1.062948e+00 8.763755e+00 4.800000e+00
      vertex   1.140396e+00 8.735313e+00 5.000000e+00
      vertex   1.140396e+00 8.735313e+00 4.800000e+00
    endloop
  endfacet
  facet normal 1.595086e-01 9.871965e-01 -0.000000e+00
    outer loop
      vertex   1.140396e+00 8.735313e+00 4.800000e+00
      vertex   1.140396e+00 8.735313e+00 5.000000e+00
      vertex   1.221863e+00 8.722150e+00 5.000000e+00
    endloop
  endfacet
  facet normal 1.595086e-01 9.871965e-01 0.000000e+00
    outer loop
      vertex   1.140396e+00 8.735313e+00 4.800000e+00
      vertex   1.221863e+00 8.722150e+00 5.000000e+00
      vertex   1.221863e+00 8.722150e+00 4.800000e+00
    endloop
  endfacet
  facet normal -3.267842e-02 9.994659e-01 0.000000e+00
    outer loop
      vertex   1.221863e+00 8.722150e+00 4.800000e+00
      vertex   1.221863e+00 8.722150e+00 5.000000e+00
      vertex   1.305002e+00 8.724869e+00 5.000000e+00
    endloop
  endfacet
  facet normal -3.267842e-02 9.994659e-01 0.000000e+00
    outer loop
      vertex   1.221863e+00 8.722150e+00 4.800000e+00
      vertex   1.305002e+00 8.724869e+00 5.000000e+00
      vertex   1.305002e+00 8.724869e+00 4.800000e+00
    endloop
  endfacet
  facet normal -2.267981e-01 9.739418e-01 0.000000e+00
    outer loop
      vertex   1.305002e+00 8.724869e+00 4.800000e+00
      vertex   1.305002e+00 8.724869e+00 5.000000e+00
      vertex   1.387466e+00 8.744072e+00 5.000000e+00
    endloop
  endfacet
  facet normal -2.267981e-01 9.739418e-01 0.000000e+00
    outer loop
      vertex   1.305002e+00 8.724869e+00 4.800000e+00
      vertex   1.387466e+00 8.744072e+00 5.000000e+00
      vertex   1.387466e+00 8.744072e+00 4.800000e+00
    endloop
  endfacet
  facet normal -4.155200e-01 9.095840e-01 0.000000e+00
    outer loop
      vertex   1.387466e+00 8.744072e+00 4.800000e+00
      vertex   1.387466e+00 8.744072e+00 5.000000e+00
      vertex   1.466909e+00 8.780363e+00 5.000000e+00
    endloop
  endfacet
  facet normal -4.155200e-01 9.095840e-01 0.000000e+00
    outer loop
      vertex   1.387466e+00 8.744072e+00 4.800000e+00
      vertex   1.466909e+00 8.780363e+00 5.000000e+00
      vertex   1.466909e+00 8.780363e+00 4.800000e+00
    endloop
  endfacet
  facet normal -4.989399e-01 8.666366e-01 0.000000e+00
    outer loop
      vertex   1.466909e+00 8.780363e+00 5.000000e+00
      vertex   3.313875e+00 9.843698e+00 5.000000e+00
      vertex   1.466909e+00 8.780363e+00 4.800000e+00
    endloop
  endfacet
  facet normal -4.989399e-01 8.666366e-01 0.000000e+00
    outer loop
      vertex   1.466909e+00 8.780363e+00 4.800000e+00
      vertex   3.313875e+00 9.843698e+00 5.000000e+00
      vertex   3.313875e+00 9.843698e+00 4.800000e+00
    endloop
  endfacet
  facet normal 5.014616e-01 8.651799e-01 0.000000e+00
    outer loop
      vertex   3.313875e+00 9.843698e+00 5.000000e+00
      vertex   5.326120e+00 8.677393e+00 5.000000e+00
      vertex   3.313875e+00 9.843698e+00 4.800000e+00
    endloop
  endfacet
  facet normal 5.014616e-01 8.651799e-01 0.000000e+00
    outer loop
      vertex   3.313875e+00 9.843698e+00 4.800000e+00
      vertex   5.326120e+00 8.677393e+00 5.000000e+00
      vertex   5.326120e+00 8.677393e+00 4.800000e+00
    endloop
  endfacet
  facet normal 8.155394e-02 9.966689e-01 1.086517e-15
    outer loop
      vertex   5.334789e+00 8.676684e+00 5.000000e+00
      vertex   5.334789e+00 8.676684e+00 4.933333e+00
      vertex   5.326120e+00 8.677393e+00 5.000000e+00
    endloop
  endfacet
  facet normal 8.155394e-02 9.966689e-01 0.000000e+00
    outer loop
      vertex   5.326120e+00 8.677393e+00 5.000000e+00
      vertex   5.334789e+00 8.676684e+00 4.933333e+00
      vertex   5.334789e+00 8.676684e+00 4.866667e+00
    endloop
  endfacet
  facet normal 8.155394e-02 9.966689e-01 0.000000e+00
    outer loop
      vertex   5.326120e+00 8.677393e+00 5.000000e+00
      vertex   5.334789e+00 8.676684e+00 4.866667e+00
      vertex   5.326120e+00 8.677393e+00 4.800000e+00
    endloop
  endfacet
  facet normal 8.155394e-02 9.966689e-01 -1.086825e-15
    outer loop
      vertex   5.326120e+00 8.677393e+00 4.800000e+00
      vertex   5.334789e+00 8.676684e+00 4.866667e+00
      vertex   5.334789e+00 8.676684e+00 4.800000e+00
    endloop
  endfacet
  facet normal 3.001468e-01 9.538930e-01 -3.998759e-15
    outer loop
      vertex   5.334789e+00 8.676684e+00 4.800000e+00
      vertex   5.334789e+00 8.676684e+00 4.866667e+00
      vertex   5.336938e+00 8.676008e+00 4.866667e+00
    endloop
  endfacet
  facet normal 3.001468e-01 9.538930e-01 0.000000e+00
    outer loop
      vertex   5.334789e+00 8.676684e+00 4.800000e+00
      vertex   5.336938e+00 8.676008e+00 4.866667e+00
      vertex   5.336938e+00 8.676008e+00 4.800000e+00
    endloop
  endfacet
  facet normal 4.237273e-01 9.057898e-01 -0.000000e+00
    outer loop
      vertex   5.336938e+00 8.676008e+00 4.800000e+00
      vertex   5.336938e+00 8.676008e+00 4.866667e+00
      vertex   5.339094e+00 8.674999e+00 4.866667e+00
    endloop
  endfacet
  facet normal 4.237273e-01 9.057898e-01 0.000000e+00
    outer loop
      vertex   5.336938e+00 8.676008e+00 4.800000e+00
      vertex   5.339094e+00 8.674999e+00 4.866667e+00
      vertex   5.339094e+00 8.674999e+00 4.800000e+00
    endloop
  endfacet
  facet normal 6.009242e-01 7.993060e-01 -0.000000e+00
    outer loop
      vertex   5.339094e+00 8.674999e+00 4.800000e+00
      vertex   5.339094e+00 8.674999e+00 4.866667e+00
      vertex   5.343457e+00 8.671718e+00 4.800000e+00
    endloop
  endfacet
  facet normal 6.009242e-01 7.993060e-01 0.000000e+00
    outer loop
      vertex   5.343457e+00 8.671718e+00 4.800000e+00
      vertex   5.339094e+00 8.674999e+00 4.866667e+00
      vertex   5.339094e+00 8.674999e+00 4.933333e+00
    endloop
  endfacet
  facet normal 6.009242e-01 7.993060e-01 -0.000000e+00
    outer loop
      vertex   5.343457e+00 8.671718e+00 4.800000e+00
      vertex   5.339094e+00 8.674999e+00 4.933333e+00
      vertex   5.343457e+00 8.671718e+00 5.000000e+00
    endloop
  endfacet
  facet normal 6.009242e-01 7.993060e-01 0.000000e+00
    outer loop
      vertex   5.343457e+00 8.671718e+00 5.000000e+00
      vertex   5.339094e+00 8.674999e+00 4.933333e+00
      vertex   5.339094e+00 8.674999e+00 5.000000e+00
    endloop
  endfacet
  facet normal 4.237273e-01 9.057898e-01 0.000000e+00
    outer loop
      vertex   5.339094e+00 8.674999e+00 5.000000e+00
      vertex   5.339094e+00 8.674999e+00 4.933333e+00
      vertex   5.336938e+00 8.676008e+00 4.933333e+00
    endloop
  endfacet
  facet normal 4.237273e-01 9.057898e-01 0.000000e+00
    outer loop
      vertex   5.339094e+00 8.674999e+00 5.000000e+00
      vertex   5.336938e+00 8.676008e+00 4.933333e+00
      vertex   5.336938e+00 8.676008e+00 5.000000e+00
    endloop
  endfacet
  facet normal 3.001468e-01 9.538930e-01 0.000000e+00
    outer loop
      vertex   5.336938e+00 8.676008e+00 5.000000e+00
      vertex   5.336938e+00 8.676008e+00 4.933333e+00
      vertex   5.334789e+00 8.676684e+00 4.933333e+00
    endloop
  endfacet
  facet normal 3.001468e-01 9.538930e-01 3.999189e-15
    outer loop
      vertex   5.336938e+00 8.676008e+00 5.000000e+00
      vertex   5.334789e+00 8.676684e+00 4.933333e+00
      vertex   5.334789e+00 8.676684e+00 5.000000e+00
    endloop
  endfacet
  facet normal 3.001468e-01 9.538930e-01 -0.000000e+00
    outer loop
      vertex   5.334789e+00 8.676684e+00 4.866667e+00
      vertex   5.334789e+00 8.676684e+00 4.933333e+00
      vertex   5.336938e+00 8.676008e+00 4.933333e+00
    endloop
  endfacet
  facet normal 4.237273e-01 9.057898e-01 -0.000000e+00
    outer loop
      vertex   5.339094e+00 8.674999e+00 4.866667e+00
      vertex   5.336938e+00 8.676008e+00 4.866667e+00
      vertex   5.339094e+00 8.674999e+00 4.933333e+00
    endloop
  endfacet
  facet normal 4.237273e-01 9.057898e-01 0.000000e+00
    outer loop
      vertex   5.339094e+00 8.674999e+00 4.933333e+00
      vertex   5.336938e+00 8.676008e+00 4.866667e+00
      vertex   5.336938e+00 8.676008e+00 4.933333e+00
    endloop
  endfacet
  facet normal 3.001468e-01 9.538930e-01 -0.000000e+00
    outer loop
      vertex   5.336938e+00 8.676008e+00 4.866667e+00
      vertex   5.334789e+00 8.676684e+00 4.866667e+00
      vertex   5.336938e+00 8.676008e+00 4.933333e+00
    endloop
  endfacet
  facet normal 3.584005e-01 9.335679e-01 0.000000e+00
    outer loop
      vertex   5.343457e+00 8.671718e+00 5.000000e+00
      vertex   5.438430e+00 8.635258e+00 5.000000e+00
      vertex   5.343457e+00 8.671718e+00 4.800000e+00
    endloop
  endfacet
  facet normal 3.584005e-01 9.335679e-01 0.000000e+00
    outer loop
      vertex   5.343457e+00 8.671718e+00 4.800000e+00
      vertex   5.438430e+00 8.635258e+00 5.000000e+00
      vertex   5.438430e+00 8.635258e+00 4.800000e+00
    endloop
  endfacet
  facet normal 2.197125e-01 9.755647e-01 -0.000000e+00
    outer loop
      vertex   5.438430e+00 8.635258e+00 4.800000e+00
      vertex   5.438430e+00 8.635258e+00 5.000000e+00
      vertex   5.487270e+00 8.624258e+00 5.000000e+00
    endloop
  endfacet
  facet normal 2.197125e-01 9.755647e-01 0.000000e+00
    outer loop
      vertex   5.438430e+00 8.635258e+00 4.800000e+00
      vertex   5.487270e+00 8.624258e+00 5.000000e+00
      vertex   5.487270e+00 8.624258e+00 4.800000e+00
    endloop
  endfacet
  facet normal 7.951470e-02 9.968337e-01 -0.000000e+00
    outer loop
      vertex   5.487270e+00 8.624258e+00 4.800000e+00
      vertex   5.487270e+00 8.624258e+00 5.000000e+00
      vertex   5.537736e+00 8.620233e+00 5.000000e+00
    endloop
  endfacet
  facet normal 7.951470e-02 9.968337e-01 0.000000e+00
    outer loop
      vertex   5.487270e+00 8.624258e+00 4.800000e+00
      vertex   5.537736e+00 8.620233e+00 5.000000e+00
      vertex   5.537736e+00 8.620233e+00 4.800000e+00
    endloop
  endfacet
  facet normal -7.477381e-02 9.972005e-01 0.000000e+00
    outer loop
      vertex   5.537736e+00 8.620233e+00 5.000000e+00
      vertex   5.591424e+00 8.624259e+00 5.000000e+00
      vertex   5.537736e+00 8.620233e+00 4.800000e+00
    endloop
  endfacet
  facet normal -7.477381e-02 9.972005e-01 0.000000e+00
    outer loop
      vertex   5.537736e+00 8.620233e+00 4.800000e+00
      vertex   5.591424e+00 8.624259e+00 5.000000e+00
      vertex   5.591424e+00 8.624259e+00 4.800000e+00
    endloop
  endfacet
  facet normal -2.150494e-01 9.766032e-01 0.000000e+00
    outer loop
      vertex   5.591424e+00 8.624259e+00 4.800000e+00
      vertex   5.591424e+00 8.624259e+00 5.000000e+00
      vertex   5.641378e+00 8.635258e+00 5.000000e+00
    endloop
  endfacet
  facet normal -2.150494e-01 9.766032e-01 0.000000e+00
    outer loop
      vertex   5.591424e+00 8.624259e+00 4.800000e+00
      vertex   5.641378e+00 8.635258e+00 5.000000e+00
      vertex   5.641378e+00 8.635258e+00 4.800000e+00
    endloop
  endfacet
  facet normal -3.731950e-01 9.277529e-01 0.000000e+00
    outer loop
      vertex   5.641378e+00 8.635258e+00 4.800000e+00
      vertex   5.641378e+00 8.635258e+00 5.000000e+00
      vertex   5.732016e+00 8.671718e+00 5.000000e+00
    endloop
  endfacet
  facet normal -3.731950e-01 9.277529e-01 0.000000e+00
    outer loop
      vertex   5.641378e+00 8.635258e+00 4.800000e+00
      vertex   5.732016e+00 8.671718e+00 5.000000e+00
      vertex   5.732016e+00 8.671718e+00 4.800000e+00
    endloop
  endfacet
  facet normal -3.390471e-01 9.407694e-01 0.000000e+00
    outer loop
      vertex   5.732016e+00 8.671718e+00 5.000000e+00
      vertex   5.745794e+00 8.676684e+00 5.000000e+00
      vertex   5.732016e+00 8.671718e+00 4.800000e+00
    endloop
  endfacet
  facet normal -3.390471e-01 9.407694e-01 0.000000e+00
    outer loop
      vertex   5.732016e+00 8.671718e+00 4.800000e+00
      vertex   5.745794e+00 8.676684e+00 5.000000e+00
      vertex   5.745794e+00 8.676684e+00 4.800000e+00
    endloop
  endfacet
  facet normal -7.747677e-02 9.969942e-01 0.000000e+00
    outer loop
      vertex   5.745794e+00 8.676684e+00 4.800000e+00
      vertex   5.745794e+00 8.676684e+00 5.000000e+00
      vertex   5.754921e+00 8.677393e+00 5.000000e+00
    endloop
  endfacet
  facet normal -7.747677e-02 9.969942e-01 0.000000e+00
    outer loop
      vertex   5.745794e+00 8.676684e+00 4.800000e+00
      vertex   5.754921e+00 8.677393e+00 5.000000e+00
      vertex   5.754921e+00 8.677393e+00 4.800000e+00
    endloop
  endfacet
  facet normal -5.014028e-01 8.652140e-01 0.000000e+00
    outer loop
      vertex   5.754921e+00 8.677393e+00 5.000000e+00
      vertex   7.767482e+00 9.843698e+00 5.000000e+00
      vertex   5.754921e+00 8.677393e+00 4.800000e+00
    endloop
  endfacet
  facet normal -5.014028e-01 8.652140e-01 0.000000e+00
    outer loop
      vertex   5.754921e+00 8.677393e+00 4.800000e+00
      vertex   7.767482e+00 9.843698e+00 5.000000e+00
      vertex   7.767482e+00 9.843698e+00 4.800000e+00
    endloop
  endfacet
  facet normal 4.990038e-01 8.665998e-01 0.000000e+00
    outer loop
      vertex   7.767482e+00 9.843698e+00 5.000000e+00
      vertex   9.614133e+00 8.780363e+00 5.000000e+00
      vertex   7.767482e+00 9.843698e+00 4.800000e+00
    endloop
  endfacet
  facet normal 4.990038e-01 8.665998e-01 0.000000e+00
    outer loop
      vertex   7.767482e+00 9.843698e+00 4.800000e+00
      vertex   9.614133e+00 8.780363e+00 5.000000e+00
      vertex   9.614133e+00 8.780363e+00 4.800000e+00
    endloop
  endfacet
  facet normal 4.236131e-01 9.058432e-01 0.000000e+00
    outer loop
      vertex   9.614133e+00 8.780363e+00 5.000000e+00
      vertex   9.691737e+00 8.744072e+00 5.000000e+00
      vertex   9.614133e+00 8.780363e+00 4.800000e+00
    endloop
  endfacet
  facet normal 4.236131e-01 9.058432e-01 0.000000e+00
    outer loop
      vertex   9.614133e+00 8.780363e+00 4.800000e+00
      vertex   9.691737e+00 8.744072e+00 5.000000e+00
      vertex   9.691737e+00 8.744072e+00 4.800000e+00
    endloop
  endfacet
  facet normal 2.304585e-01 9.730822e-01 -0.000000e+00
    outer loop
      vertex   9.691737e+00 8.744072e+00 4.800000e+00
      vertex   9.691737e+00 8.744072e+00 5.000000e+00
      vertex   9.772820e+00 8.724869e+00 5.000000e+00
    endloop
  endfacet
  facet normal 2.304585e-01 9.730822e-01 0.000000e+00
    outer loop
      vertex   9.691737e+00 8.744072e+00 4.800000e+00
      vertex   9.772820e+00 8.724869e+00 5.000000e+00
      vertex   9.772820e+00 8.724869e+00 4.800000e+00
    endloop
  endfacet
  facet normal 3.307173e-02 9.994530e-01 -0.000000e+00
    outer loop
      vertex   9.772820e+00 8.724869e+00 4.800000e+00
      vertex   9.772820e+00 8.724869e+00 5.000000e+00
      vertex   9.854970e+00 8.722150e+00 5.000000e+00
    endloop
  endfacet
  facet normal 3.307173e-02 9.994530e-01 0.000000e+00
    outer loop
      vertex   9.772820e+00 8.724869e+00 4.800000e+00
      vertex   9.854970e+00 8.722150e+00 5.000000e+00
      vertex   9.854970e+00 8.722150e+00 4.800000e+00
    endloop
  endfacet
  facet normal -1.607847e-01 9.869895e-01 0.000000e+00
    outer loop
      vertex   9.854970e+00 8.722150e+00 4.800000e+00
      vertex   9.854970e+00 8.722150e+00 5.000000e+00
      vertex   9.935773e+00 8.735313e+00 5.000000e+00
    endloop
  endfacet
  facet normal -1.607847e-01 9.869895e-01 0.000000e+00
    outer loop
      vertex   9.854970e+00 8.722150e+00 4.800000e+00
      vertex   9.935773e+00 8.735313e+00 5.000000e+00
      vertex   9.935773e+00 8.735313e+00 4.800000e+00
    endloop
  endfacet
  facet normal -3.463082e-01 9.381208e-01 0.000000e+00
    outer loop
      vertex   9.935773e+00 8.735313e+00 4.800000e+00
      vertex   9.935773e+00 8.735313e+00 5.000000e+00
      vertex   1.001282e+01 8.763755e+00 5.000000e+00
    endloop
  endfacet
  facet normal -3.463082e-01 9.381208e-01 0.000000e+00
    outer loop
      vertex   9.935773e+00 8.735313e+00 4.800000e+00
      vertex   1.001282e+01 8.763755e+00 5.000000e+00
      vertex   1.001282e+01 8.763755e+00 4.800000e+00
    endloop
  endfacet
  facet normal -5.197250e-01 8.543336e-01 0.000000e+00
    outer loop
      vertex   1.001282e+01 8.763755e+00 4.800000e+00
      vertex   1.001282e+01 8.763755e+00 5.000000e+00
      vertex   1.008369e+01 8.806871e+00 5.000000e+00
    endloop
  endfacet
  facet normal -5.197250e-01 8.543336e-01 0.000000e+00
    outer loop
      vertex   1.001282e+01 8.763755e+00 4.800000e+00
      vertex   1.008369e+01 8.806871e+00 5.000000e+00
      vertex   1.008369e+01 8.806871e+00 4.800000e+00
    endloop
  endfacet
  facet normal -6.762761e-01 7.366482e-01 0.000000e+00
    outer loop
      vertex   1.008369e+01 8.806871e+00 4.800000e+00
      vertex   1.008369e+01 8.806871e+00 5.000000e+00
      vertex   1.014599e+01 8.864059e+00 5.000000e+00
    endloop
  endfacet
  facet normal -6.762761e-01 7.366482e-01 0.000000e+00
    outer loop
      vertex   1.008369e+01 8.806871e+00 4.800000e+00
      vertex   1.014599e+01 8.864059e+00 5.000000e+00
      vertex   1.014599e+01 8.864059e+00 4.800000e+00
    endloop
  endfacet
  facet normal -8.092130e-01 5.875153e-01 0.000000e+00
    outer loop
      vertex   1.014599e+01 8.864059e+00 4.800000e+00
      vertex   1.014599e+01 8.864059e+00 5.000000e+00
      vertex   1.019729e+01 8.934715e+00 5.000000e+00
    endloop
  endfacet
  facet normal -8.092130e-01 5.875153e-01 0.000000e+00
    outer loop
      vertex   1.014599e+01 8.864059e+00 4.800000e+00
      vertex   1.019729e+01 8.934715e+00 5.000000e+00
      vertex   1.019729e+01 8.934715e+00 4.800000e+00
    endloop
  endfacet
  facet normal -9.101566e-01 4.142644e-01 0.000000e+00
    outer loop
      vertex   1.019729e+01 8.934715e+00 5.000000e+00
      vertex   1.023344e+01 9.014147e+00 5.000000e+00
      vertex   1.019729e+01 8.934715e+00 4.800000e+00
    endloop
  endfacet
  facet normal -9.101566e-01 4.142644e-01 0.000000e+00
    outer loop
      vertex   1.019729e+01 8.934715e+00 4.800000e+00
      vertex   1.023344e+01 9.014147e+00 5.000000e+00
      vertex   1.023344e+01 9.014147e+00 4.800000e+00
    endloop
  endfacet
  facet normal -9.752139e-01 2.212640e-01 0.000000e+00
    outer loop
      vertex   1.023344e+01 9.014147e+00 4.800000e+00
      vertex   1.023344e+01 9.014147e+00 5.000000e+00
      vertex   1.025213e+01 9.096534e+00 5.000000e+00
    endloop
  endfacet
  facet normal -9.752139e-01 2.212640e-01 0.000000e+00
    outer loop
      vertex   1.023344e+01 9.014147e+00 4.800000e+00
      vertex   1.025213e+01 9.096534e+00 5.000000e+00
      vertex   1.025213e+01 9.096534e+00 4.800000e+00
    endloop
  endfacet
  facet normal -9.996968e-01 2.462390e-02 0.000000e+00
    outer loop
      vertex   1.025213e+01 9.096534e+00 4.800000e+00
      vertex   1.025213e+01 9.096534e+00 5.000000e+00
      vertex   1.025417e+01 9.179462e+00 5.000000e+00
    endloop
  endfacet
  facet normal -9.996968e-01 2.462390e-02 0.000000e+00
    outer loop
      vertex   1.025213e+01 9.096534e+00 4.800000e+00
      vertex   1.025417e+01 9.179462e+00 5.000000e+00
      vertex   1.025417e+01 9.179462e+00 4.800000e+00
    endloop
  endfacet
  facet normal -9.858234e-01 -1.677861e-01 0.000000e+00
    outer loop
      vertex   1.025417e+01 9.179462e+00 4.800000e+00
      vertex   1.025417e+01 9.179462e+00 5.000000e+00
      vertex   1.024038e+01 9.260519e+00 5.000000e+00
    endloop
  endfacet
  facet normal -9.858234e-01 -1.677861e-01 0.000000e+00
    outer loop
      vertex   1.025417e+01 9.179462e+00 4.800000e+00
      vertex   1.024038e+01 9.260519e+00 5.000000e+00
      vertex   1.024038e+01 9.260519e+00 4.800000e+00
    endloop
  endfacet
  facet normal -9.361955e-01 -3.514798e-01 0.000000e+00
    outer loop
      vertex   1.024038e+01 9.260519e+00 4.800000e+00
      vertex   1.024038e+01 9.260519e+00 5.000000e+00
      vertex   1.021156e+01 9.337291e+00 5.000000e+00
    endloop
  endfacet
  facet normal -9.361955e-01 -3.514798e-01 0.000000e+00
    outer loop
      vertex   1.024038e+01 9.260519e+00 4.800000e+00
      vertex   1.021156e+01 9.337291e+00 5.000000e+00
      vertex   1.021156e+01 9.337291e+00 4.800000e+00
    endloop
  endfacet
  facet normal -8.521130e-01 -5.233578e-01 0.000000e+00
    outer loop
      vertex   1.021156e+01 9.337291e+00 4.800000e+00
      vertex   1.021156e+01 9.337291e+00 5.000000e+00
      vertex   1.016852e+01 9.407365e+00 5.000000e+00
    endloop
  endfacet
  facet normal -8.521130e-01 -5.233578e-01 0.000000e+00
    outer loop
      vertex   1.021156e+01 9.337291e+00 4.800000e+00
      vertex   1.016852e+01 9.407365e+00 5.000000e+00
      vertex   1.016852e+01 9.407365e+00 4.800000e+00
    endloop
  endfacet
  facet normal -7.337826e-01 -6.793843e-01 0.000000e+00
    outer loop
      vertex   1.016852e+01 9.407365e+00 4.800000e+00
      vertex   1.016852e+01 9.407365e+00 5.000000e+00
      vertex   1.011208e+01 9.468327e+00 5.000000e+00
    endloop
  endfacet
  facet normal -7.337826e-01 -6.793843e-01 0.000000e+00
    outer loop
      vertex   1.016852e+01 9.407365e+00 4.800000e+00
      vertex   1.011208e+01 9.468327e+00 5.000000e+00
      vertex   1.011208e+01 9.468327e+00 4.800000e+00
    endloop
  endfacet
  facet normal -5.822195e-01 -8.130317e-01 0.000000e+00
    outer loop
      vertex   1.011208e+01 9.468327e+00 4.800000e+00
      vertex   1.011208e+01 9.468327e+00 5.000000e+00
      vertex   1.004304e+01 9.517763e+00 5.000000e+00
    endloop
  endfacet
  facet normal -5.822195e-01 -8.130317e-01 0.000000e+00
    outer loop
      vertex   1.011208e+01 9.468327e+00 4.800000e+00
      vertex   1.004304e+01 9.517763e+00 5.000000e+00
      vertex   1.004304e+01 9.517763e+00 4.800000e+00
    endloop
  endfacet
  facet normal 0.000000e+00 0.000000e+00 1.000000e+00
    outer loop
      vertex   7.338681e+00 1.216496e+01 4.800000e+00
      vertex   5.537736e+00 1.211926e+01 4.800000e+00
      vertex   5.966538e+00 1.137597e+01 4.800000e+00
    endloop
  endfacet
  facet normal 0.000000e+00 0.000000e+00 1.000000e+00
    outer loop
      vertex   5.966538e+00 1.137597e+01 4.800000e+00
      vertex   5.537736e+00 1.211926e+01 4.800000e+00
      vertex   5.108935e+00 1.137597e+01 4.800000e+00
    endloop
  endfacet
  facet normal 0.000000e+00 0.000000e+00 1.000000e+00
    outer loop
      vertex   5.966538e+00 1.137597e+01 4.800000e+00
      vertex   5.108935e+00 1.137597e+01 4.800000e+00
      vertex   5.108935e+00 9.792318e+00 4.800000e+00
    endloop
  endfacet
  facet normal 0.000000e+00 0.000000e+00 1.000000e+00
    outer loop
      vertex   7.338681e+00 1.058698e+01 4.800000e+00
      vertex   8.196284e+00 1.058698e+01 4.800000e+00
      vertex   7.338681e+00 1.216496e+01 4.800000e+00
    endloop
  endfacet
  facet normal -0.000000e+00 0.000000e+00 1.000000e+00
    outer loop
      vertex   7.338681e+00 1.216496e+01 4.800000e+00
      vertex   8.196284e+00 1.058698e+01 4.800000e+00
      vertex   8.196284e+00 1.290825e+01 4.800000e+00
    endloop
  endfacet
  facet normal 0.000000e+00 -0.000000e+00 1.000000e+00
    outer loop
      vertex   7.338681e+00 1.216496e+01 4.800000e+00
      vertex   8.196284e+00 1.290825e+01 4.800000e+00
      vertex   6.909880e+00 1.290824e+01 4.800000e+00
    endloop
  endfacet
  facet normal 0.000000e+00 0.000000e+00 1.000000e+00
    outer loop
      vertex   6.909880e+00 1.290824e+01 4.800000e+00
      vertex   8.196284e+00 1.290825e+01 4.800000e+00
      vertex   8.192305e+00 1.296192e+01 4.800000e+00
    endloop
  endfacet
  facet normal 0.000000e+00 0.000000e+00 1.000000e+00
    outer loop
      vertex   6.909880e+00 1.290824e+01 4.800000e+00
      vertex   8.192305e+00 1.296192e+01 4.800000e+00
      vertex   8.181390e+00 1.301186e+01 4.800000e+00
    endloop
  endfacet
  facet normal 0.000000e+00 0.000000e+00 1.000000e+00
    outer loop
      vertex   8.196284e+00 1.058698e+01 4.800000e+00
      vertex   7.338681e+00 1.058698e+01 4.800000e+00
      vertex   7.767482e+00 9.843698e+00 4.800000e+00
    endloop
  endfacet
  facet normal 0.000000e+00 0.000000e+00 1.000000e+00
    outer loop
      vertex   7.767482e+00 9.843698e+00 4.800000e+00
      vertex   7.338681e+00 1.058698e+01 4.800000e+00
      vertex   5.966538e+00 9.792317e+00 4.800000e+00
    endloop
  endfacet
  facet normal 0.000000e+00 0.000000e+00 1.000000e+00
    outer loop
      vertex   7.767482e+00 9.843698e+00 4.800000e+00
      vertex   5.966538e+00 9.792317e+00 4.800000e+00
      vertex   5.754921e+00 8.677393e+00 4.800000e+00
    endloop
  endfacet
  facet normal 0.000000e+00 -0.000000e+00 1.000000e+00
    outer loop
      vertex   5.754921e+00 8.677393e+00 4.800000e+00
      vertex   5.966538e+00 9.792317e+00 4.800000e+00
      vertex   5.745794e+00 8.676684e+00 4.800000e+00
    endloop
  endfacet
  facet normal 0.000000e+00 -0.000000e+00 1.000000e+00
    outer loop
      vertex   5.745794e+00 8.676684e+00 4.800000e+00
      vertex   5.966538e+00 9.792317e+00 4.800000e+00
      vertex   5.334789e+00 8.676684e+00 4.800000e+00
    endloop
  endfacet
  facet normal 0.000000e+00 0.000000e+00 1.000000e+00
    outer loop
      vertex   5.745794e+00 8.676684e+00 4.800000e+00
      vertex   5.334789e+00 8.676684e+00 4.800000e+00
      vertex   5.336938e+00 8.676008e+00 4.800000e+00
    endloop
  endfacet
  facet normal 0.000000e+00 -0.000000e+00 1.000000e+00
    outer loop
      vertex   5.334789e+00 8.676684e+00 4.800000e+00
      vertex   5.966538e+00 9.792317e+00 4.800000e+00
      vertex   5.108935e+00 9.792318e+00 4.800000e+00
    endloop
  endfacet
  facet normal -0.000000e+00 0.000000e+00 1.000000e+00
    outer loop
      vertex   5.108935e+00 9.792318e+00 4.800000e+00
      vertex   5.966538e+00 9.792317e+00 4.800000e+00
      vertex   5.966538e+00 1.137597e+01 4.800000e+00
    endloop
  endfacet
  facet normal 0.000000e+00 -0.000000e+00 1.000000e+00
    outer loop
      vertex   5.108935e+00 1.137597e+01 4.800000e+00
      vertex   5.537736e+00 1.211926e+01 4.800000e+00
      vertex   3.742677e+00 1.216496e+01 4.800000e+00
    endloop
  endfacet
  facet normal -0.000000e+00 0.000000e+00 1.000000e+00
    outer loop
      vertex   3.742677e+00 1.216496e+01 4.800000e+00
      vertex   5.537736e+00 1.211926e+01 4.800000e+00
      vertex   4.171478e+00 1.290824e+01 4.800000e+00
    endloop
  endfacet
  facet normal 0.000000e+00 -0.000000e+00 1.000000e+00
    outer loop
      vertex   3.742677e+00 1.216496e+01 4.800000e+00
      vertex   4.171478e+00 1.290824e+01 4.800000e+00
      vertex   2.885074e+00 1.290825e+01 4.800000e+00
    endloop
  endfacet
  facet normal -0.000000e+00 0.000000e+00 1.000000e+00
    outer loop
      vertex   2.885074e+00 1.290825e+01 4.800000e+00
      vertex   4.171478e+00 1.290824e+01 4.800000e+00
      vertex   2.889054e+00 1.296192e+01 4.800000e+00
    endloop
  endfacet
  facet normal -0.000000e+00 0.000000e+00 1.000000e+00
    outer loop
      vertex   2.889054e+00 1.296192e+01 4.800000e+00
      vertex   4.171478e+00 1.290824e+01 4.800000e+00
      vertex   2.899968e+00 1.301186e+01 4.800000e+00
    endloop
  endfacet
  facet normal -0.000000e+00 0.000000e+00 1.000000e+00
    outer loop
      vertex   2.899968e+00 1.301186e+01 4.800000e+00
      vertex   4.171478e+00 1.290824e+01 4.800000e+00
      vertex   2.936455e+00 1.310263e+01 4.800000e+00
    endloop
  endfacet
  facet normal -0.000000e+00 0.000000e+00 1.000000e+00
    outer loop
      vertex   2.936455e+00 1.310263e+01 4.800000e+00
      vertex   4.171478e+00 1.290824e+01 4.800000e+00
      vertex   3.077377e+00 1.325936e+01 4.800000e+00
    endloop
  endfacet
  facet normal 0.000000e+00 0.000000e+00 1.000000e+00
    outer loop
      vertex   2.936455e+00 1.310263e+01 4.800000e+00
      vertex   3.077377e+00 1.325936e+01 4.800000e+00
      vertex   2.964929e+00 1.314834e+01 4.800000e+00
    endloop
  endfacet
  facet normal 0.000000e+00 0.000000e+00 1.000000e+00
    outer loop
      vertex   2.964929e+00 1.314834e+01 4.800000e+00
      vertex   3.077377e+00 1.325936e+01 4.800000e+00
      vertex   3.073574e+00 1.325698e+01 4.800000e+00
    endloop
  endfacet
  facet normal 0.000000e+00 0.000000e+00 1.000000e+00
    outer loop
      vertex   2.964929e+00 1.314834e+01 4.800000e+00
      vertex   3.073574e+00 1.325698e+01 4.800000e+00
      vertex   3.012868e+00 1.320912e+01 4.800000e+00
    endloop
  endfacet
  facet normal 0.000000e+00 0.000000e+00 1.000000e+00
    outer loop
      vertex   3.742677e+00 1.058698e+01 4.800000e+00
      vertex   3.313875e+00 9.843698e+00 4.800000e+00
      vertex   5.108935e+00 9.792318e+00 4.800000e+00
    endloop
  endfacet
  facet normal 0.000000e+00 0.000000e+00 1.000000e+00
    outer loop
      vertex   5.108935e+00 9.792318e+00 4.800000e+00
      vertex   3.313875e+00 9.843698e+00 4.800000e+00
      vertex   5.326120e+00 8.677393e+00 4.800000e+00
    endloop
  endfacet
  facet normal 0.000000e+00 0.000000e+00 1.000000e+00
    outer loop
      vertex   5.108935e+00 9.792318e+00 4.800000e+00
      vertex   5.326120e+00 8.677393e+00 4.800000e+00
      vertex   5.334789e+00 8.676684e+00 4.800000e+00
    endloop
  endfacet
  facet normal 0.000000e+00 -0.000000e+00 1.000000e+00
    outer loop
      vertex   3.313875e+00 9.843698e+00 4.800000e+00
      vertex   3.742677e+00 1.058698e+01 4.800000e+00
      vertex   2.885074e+00 1.058698e+01 4.800000e+00
    endloop
  endfacet
  facet normal 0.000000e+00 0.000000e+00 1.000000e+00
    outer loop
      vertex   2.885074e+00 1.058698e+01 4.800000e+00
      vertex   3.742677e+00 1.058698e+01 4.800000e+00
      vertex   3.742677e+00 1.216496e+01 4.800000e+00
    endloop
  endfacet
  facet normal 0.000000e+00 -0.000000e+00 1.000000e+00
    outer loop
      vertex   2.885074e+00 1.058698e+01 4.800000e+00
      vertex   3.742677e+00 1.216496e+01 4.800000e+00
      vertex   2.885074e+00 1.290825e+01 4.800000e+00
    endloop
  endfacet
  facet normal 0.000000e+00 0.000000e+00 1.000000e+00
    outer loop
      vertex   6.909880e+00 1.290824e+01 4.800000e+00
      vertex   5.966538e+00 1.444619e+01 4.800000e+00
      vertex   5.537736e+00 1.370291e+01 4.800000e+00
    endloop
  endfacet
  facet normal 0.000000e+00 -0.000000e+00 1.000000e+00
    outer loop
      vertex   5.537736e+00 1.370291e+01 4.800000e+00
      vertex   5.966538e+00 1.444619e+01 4.800000e+00
      vertex   5.108935e+00 1.444041e+01 4.800000e+00
    endloop
  endfacet
  facet normal 0.000000e+00 0.000000e+00 1.000000e+00
    outer loop
      vertex   5.537736e+00 1.370291e+01 4.800000e+00
      vertex   5.108935e+00 1.444041e+01 4.800000e+00
      vertex   4.171478e+00 1.290824e+01 4.800000e+00
    endloop
  endfacet
  facet normal 0.000000e+00 -0.000000e+00 1.000000e+00
    outer loop
      vertex   4.171478e+00 1.290824e+01 4.800000e+00
      vertex   5.108935e+00 1.444041e+01 4.800000e+00
      vertex   3.096480e+00 1.327978e+01 4.800000e+00
    endloop
  endfacet
  facet normal 0.000000e+00 0.000000e+00 1.000000e+00
    outer loop
      vertex   4.171478e+00 1.290824e+01 4.800000e+00
      vertex   3.096480e+00 1.327978e+01 4.800000e+00
      vertex   3.080374e+00 1.326214e+01 4.800000e+00
    endloop
  endfacet
  facet normal 0.000000e+00 0.000000e+00 1.000000e+00
    outer loop
      vertex   3.080374e+00 1.326214e+01 4.800000e+00
      vertex   3.096480e+00 1.327978e+01 4.800000e+00
      vertex   3.085027e+00 1.326838e+01 4.800000e+00
    endloop
  endfacet
  facet normal 0.000000e+00 0.000000e+00 1.000000e+00
    outer loop
      vertex   3.085027e+00 1.326838e+01 4.800000e+00
      vertex   3.096480e+00 1.327978e+01 4.800000e+00
      vertex   3.089680e+00 1.327462e+01 4.800000e+00
    endloop
  endfacet
  facet normal 0.000000e+00 0.000000e+00 1.000000e+00
    outer loop
      vertex   3.089680e+00 1.327462e+01 4.800000e+00
      vertex   3.096480e+00 1.327978e+01 4.800000e+00
      vertex   3.092677e+00 1.327741e+01 4.800000e+00
    endloop
  endfacet
  facet normal 0.000000e+00 0.000000e+00 1.000000e+00
    outer loop
      vertex   6.909880e+00 1.290824e+01 4.800000e+00
      vertex   5.537736e+00 1.211926e+01 4.800000e+00
      vertex   7.338681e+00 1.216496e+01 4.800000e+00
    endloop
  endfacet
  facet normal 0.000000e+00 -0.000000e+00 1.000000e+00
    outer loop
      vertex   1.014599e+01 8.864059e+00 4.800000e+00
      vertex   1.019729e+01 8.934715e+00 4.800000e+00
      vertex   9.614133e+00 8.780363e+00 4.800000e+00
    endloop
  endfacet
  facet normal 0.000000e+00 0.000000e+00 1.000000e+00
    outer loop
      vertex   9.614133e+00 8.780363e+00 4.800000e+00
      vertex   1.019729e+01 8.934715e+00 4.800000e+00
      vertex   1.023344e+01 9.014147e+00 4.800000e+00
    endloop
  endfacet
  facet normal 0.000000e+00 0.000000e+00 1.000000e+00
    outer loop
      vertex   9.614133e+00 8.780363e+00 4.800000e+00
      vertex   1.023344e+01 9.014147e+00 4.800000e+00
      vertex   1.025213e+01 9.096534e+00 4.800000e+00
    endloop
  endfacet
  facet normal 0.000000e+00 -0.000000e+00 1.000000e+00
    outer loop
      vertex   1.025213e+01 9.096534e+00 4.800000e+00
      vertex   1.025417e+01 9.179462e+00 4.800000e+00
      vertex   9.614133e+00 8.780363e+00 4.800000e+00
    endloop
  endfacet
  facet normal 0.000000e+00 0.000000e+00 1.000000e+00
    outer loop
      vertex   9.614133e+00 8.780363e+00 4.800000e+00
      vertex   1.025417e+01 9.179462e+00 4.800000e+00
      vertex   1.024038e+01 9.260519e+00 4.800000e+00
    endloop
  endfacet
  facet normal 0.000000e+00 0.000000e+00 1.000000e+00
    outer loop
      vertex   9.614133e+00 8.780363e+00 4.800000e+00
      vertex   1.024038e+01 9.260519e+00 4.800000e+00
      vertex   1.021156e+01 9.337291e+00 4.800000e+00
    endloop
  endfacet
  facet normal 0.000000e+00 0.000000e+00 1.000000e+00
    outer loop
      vertex   1.021156e+01 9.337291e+00 4.800000e+00
      vertex   1.016852e+01 9.407365e+00 4.800000e+00
      vertex   9.614133e+00 8.780363e+00 4.800000e+00
    endloop
  endfacet
  facet normal 0.000000e+00 0.000000e+00 1.000000e+00
    outer loop
      vertex   9.614133e+00 8.780363e+00 4.800000e+00
      vertex   1.016852e+01 9.407365e+00 4.800000e+00
      vertex   1.011208e+01 9.468327e+00 4.800000e+00
    endloop
  endfacet
  facet normal 0.000000e+00 0.000000e+00 1.000000e+00
    outer loop
      vertex   9.614133e+00 8.780363e+00 4.800000e+00
      vertex   1.011208e+01 9.468327e+00 4.800000e+00
      vertex   1.004304e+01 9.517763e+00 4.800000e+00
    endloop
  endfacet
  facet normal 0.000000e+00 -0.000000e+00 1.000000e+00
    outer loop
      vertex   9.614133e+00 8.780363e+00 4.800000e+00
      vertex   1.004304e+01 9.517763e+00 4.800000e+00
      vertex   7.767482e+00 9.843698e+00 4.800000e+00
    endloop
  endfacet
  facet normal -0.000000e+00 0.000000e+00 1.000000e+00
    outer loop
      vertex   7.767482e+00 9.843698e+00 4.800000e+00
      vertex   1.004304e+01 9.517763e+00 4.800000e+00
      vertex   8.196284e+00 1.058698e+01 4.800000e+00
    endloop
  endfacet
  facet normal 0.000000e+00 0.000000e+00 1.000000e+00
    outer loop
      vertex   8.181390e+00 1.301186e+01 4.800000e+00
      vertex   8.144903e+00 1.310263e+01 4.800000e+00
      vertex   6.909880e+00 1.290824e+01 4.800000e+00
    endloop
  endfacet
  facet normal 0.000000e+00 0.000000e+00 1.000000e+00
    outer loop
      vertex   6.909880e+00 1.290824e+01 4.800000e+00
      vertex   8.144903e+00 1.310263e+01 4.800000e+00
      vertex   8.116429e+00 1.314834e+01 4.800000e+00
    endloop
  endfacet
  facet normal 0.000000e+00 0.000000e+00 1.000000e+00
    outer loop
      vertex   6.909880e+00 1.290824e+01 4.800000e+00
      vertex   8.116429e+00 1.314834e+01 4.800000e+00
      vertex   8.066283e+00 1.320699e+01 4.800000e+00
    endloop
  endfacet
  facet normal 0.000000e+00 0.000000e+00 1.000000e+00
    outer loop
      vertex   8.007784e+00 1.325698e+01 4.800000e+00
      vertex   8.003649e+00 1.325936e+01 4.800000e+00
      vertex   8.066283e+00 1.320699e+01 4.800000e+00
    endloop
  endfacet
  facet normal 0.000000e+00 0.000000e+00 1.000000e+00
    outer loop
      vertex   8.066283e+00 1.320699e+01 4.800000e+00
      vertex   8.003649e+00 1.325936e+01 4.800000e+00
      vertex   6.909880e+00 1.290824e+01 4.800000e+00
    endloop
  endfacet
  facet normal 0.000000e+00 0.000000e+00 1.000000e+00
    outer loop
      vertex   8.003649e+00 1.325936e+01 4.800000e+00
      vertex   8.000023e+00 1.326214e+01 4.800000e+00
      vertex   6.909880e+00 1.290824e+01 4.800000e+00
    endloop
  endfacet
  facet normal 0.000000e+00 0.000000e+00 1.000000e+00
    outer loop
      vertex   6.909880e+00 1.290824e+01 4.800000e+00
      vertex   8.000023e+00 1.326214e+01 4.800000e+00
      vertex   7.994006e+00 1.326838e+01 4.800000e+00
    endloop
  endfacet
  facet normal 0.000000e+00 0.000000e+00 1.000000e+00
    outer loop
      vertex   6.909880e+00 1.290824e+01 4.800000e+00
      vertex   7.994006e+00 1.326838e+01 4.800000e+00
      vertex   7.984877e+00 1.327978e+01 4.800000e+00
    endloop
  endfacet
  facet normal 0.000000e+00 0.000000e+00 1.000000e+00
    outer loop
      vertex   7.984877e+00 1.327978e+01 4.800000e+00
      vertex   5.966538e+00 1.444619e+01 4.800000e+00
      vertex   6.909880e+00 1.290824e+01 4.800000e+00
    endloop
  endfacet
  facet normal 0.000000e+00 0.000000e+00 1.000000e+00
    outer loop
      vertex   5.108935e+00 1.444041e+01 4.800000e+00
      vertex   5.966538e+00 1.444619e+01 4.800000e+00
      vertex   5.108935e+00 1.591553e+01 4.800000e+00
    endloop
  endfacet
  facet normal -0.000000e+00 0.000000e+00 1.000000e+00
    outer loop
      vertex   5.108935e+00 1.591553e+01 4.800000e+00
      vertex   5.966538e+00 1.444619e+01 4.800000e+00
      vertex   5.966538e+00 1.591553e+01 4.800000e+00
    endloop
  endfacet
  facet normal 0.000000e+00 0.000000e+00 1.000000e+00
    outer loop
      vertex   5.108935e+00 1.591553e+01 4.800000e+00
      vertex   5.966538e+00 1.591553e+01 4.800000e+00
      vertex   5.117741e+00 1.600123e+01 4.800000e+00
    endloop
  endfacet
  facet normal -0.000000e+00 0.000000e+00 1.000000e+00
    outer loop
      vertex   5.117741e+00 1.600123e+01 4.800000e+00
      vertex   5.966538e+00 1.591553e+01 4.800000e+00
      vertex   5.957960e+00 1.600123e+01 4.800000e+00
    endloop
  endfacet
  facet normal 0.000000e+00 0.000000e+00 1.000000e+00
    outer loop
      vertex   5.117741e+00 1.600123e+01 4.800000e+00
      vertex   5.957960e+00 1.600123e+01 4.800000e+00
      vertex   5.142955e+00 1.608138e+01 4.800000e+00
    endloop
  endfacet
  facet normal -0.000000e+00 0.000000e+00 1.000000e+00
    outer loop
      vertex   5.142955e+00 1.608138e+01 4.800000e+00
      vertex   5.957960e+00 1.600123e+01 4.800000e+00
      vertex   5.933300e+00 1.608138e+01 4.800000e+00
    endloop
  endfacet
  facet normal 0.000000e+00 0.000000e+00 1.000000e+00
    outer loop
      vertex   5.142955e+00 1.608138e+01 4.800000e+00
      vertex   5.933300e+00 1.608138e+01 4.800000e+00
      vertex   5.182773e+00 1.615417e+01 4.800000e+00
    endloop
  endfacet
  facet normal -0.000000e+00 0.000000e+00 1.000000e+00
    outer loop
      vertex   5.182773e+00 1.615417e+01 4.800000e+00
      vertex   5.933300e+00 1.608138e+01 4.800000e+00
      vertex   5.894167e+00 1.615417e+01 4.800000e+00
    endloop
  endfacet
  facet normal 0.000000e+00 0.000000e+00 1.000000e+00
    outer loop
      vertex   5.182773e+00 1.615417e+01 4.800000e+00
      vertex   5.894167e+00 1.615417e+01 4.800000e+00
      vertex   5.235390e+00 1.621780e+01 4.800000e+00
    endloop
  endfacet
  facet normal -0.000000e+00 0.000000e+00 1.000000e+00
    outer loop
      vertex   5.235390e+00 1.621780e+01 4.800000e+00
      vertex   5.894167e+00 1.615417e+01 4.800000e+00
      vertex   5.842171e+00 1.621780e+01 4.800000e+00
    endloop
  endfacet
  facet normal 0.000000e+00 0.000000e+00 1.000000e+00
    outer loop
      vertex   5.235390e+00 1.621780e+01 4.800000e+00
      vertex   5.842171e+00 1.621780e+01 4.800000e+00
      vertex   5.299000e+00 1.627044e+01 4.800000e+00
    endloop
  endfacet
  facet normal -0.000000e+00 0.000000e+00 1.000000e+00
    outer loop
      vertex   5.299000e+00 1.627044e+01 4.800000e+00
      vertex   5.842171e+00 1.621780e+01 4.800000e+00
      vertex   5.778921e+00 1.627044e+01 4.800000e+00
    endloop
  endfacet
  facet normal 0.000000e+00 0.000000e+00 1.000000e+00
    outer loop
      vertex   5.299000e+00 1.627044e+01 4.800000e+00
      vertex   5.778921e+00 1.627044e+01 4.800000e+00
      vertex   5.706025e+00 1.631028e+01 4.800000e+00
    endloop
  endfacet
  facet normal 0.000000e+00 0.000000e+00 1.000000e+00
    outer loop
      vertex   5.299000e+00 1.627044e+01 4.800000e+00
      vertex   5.706025e+00 1.631028e+01 4.800000e+00
      vertex   5.371797e+00 1.631028e+01 4.800000e+00
    endloop
  endfacet
  facet normal 0.000000e+00 0.000000e+00 1.000000e+00
    outer loop
      vertex   5.371797e+00 1.631028e+01 4.800000e+00
      vertex   5.706025e+00 1.631028e+01 4.800000e+00
      vertex   5.625094e+00 1.633551e+01 4.800000e+00
    endloop
  endfacet
  facet normal 0.000000e+00 0.000000e+00 1.000000e+00
    outer loop
      vertex   5.371797e+00 1.631028e+01 4.800000e+00
      vertex   5.625094e+00 1.633551e+01 4.800000e+00
      vertex   5.451978e+00 1.633551e+01 4.800000e+00
    endloop
  endfacet
  facet normal 0.000000e+00 0.000000e+00 1.000000e+00
    outer loop
      vertex   5.451978e+00 1.633551e+01 4.800000e+00
      vertex   5.625094e+00 1.633551e+01 4.800000e+00
      vertex   5.537736e+00 1.634433e+01 4.800000e+00
    endloop
  endfacet
  facet normal 0.000000e+00 0.000000e+00 1.000000e+00
    outer loop
      vertex   3.080374e+00 1.326214e+01 4.800000e+00
      vertex   3.077377e+00 1.325936e+01 4.800000e+00
      vertex   4.171478e+00 1.290824e+01 4.800000e+00
    endloop
  endfacet
  facet normal 0.000000e+00 0.000000e+00 1.000000e+00
    outer loop
      vertex   2.964929e+00 1.314834e+01 4.800000e+00
      vertex   2.948485e+00 1.312548e+01 4.800000e+00
      vertex   2.936455e+00 1.310263e+01 4.800000e+00
    endloop
  endfacet
  facet normal 0.000000e+00 0.000000e+00 1.000000e+00
    outer loop
      vertex   2.936455e+00 1.310263e+01 4.800000e+00
      vertex   2.948485e+00 1.312548e+01 4.800000e+00
      vertex   2.941642e+00 1.311459e+01 4.800000e+00
    endloop
  endfacet
  facet normal 0.000000e+00 0.000000e+00 1.000000e+00
    outer loop
      vertex   2.885074e+00 1.058698e+01 4.800000e+00
      vertex   1.038108e+00 9.523543e+00 4.800000e+00
      vertex   3.313875e+00 9.843698e+00 4.800000e+00
    endloop
  endfacet
  facet normal 0.000000e+00 0.000000e+00 1.000000e+00
    outer loop
      vertex   3.313875e+00 9.843698e+00 4.800000e+00
      vertex   1.038108e+00 9.523543e+00 4.800000e+00
      vertex   1.466909e+00 8.780363e+00 4.800000e+00
    endloop
  endfacet
  facet normal 0.000000e+00 0.000000e+00 1.000000e+00
    outer loop
      vertex   1.466909e+00 8.780363e+00 4.800000e+00
      vertex   1.038108e+00 9.523543e+00 4.800000e+00
      vertex   9.672426e-01 9.472229e+00 4.800000e+00
    endloop
  endfacet
  facet normal 0.000000e+00 0.000000e+00 1.000000e+00
    outer loop
      vertex   1.466909e+00 8.780363e+00 4.800000e+00
      vertex   9.672426e-01 9.472229e+00 4.800000e+00
      vertex   9.094382e-01 9.409847e+00 4.800000e+00
    endloop
  endfacet
  facet normal 0.000000e+00 0.000000e+00 1.000000e+00
    outer loop
      vertex   9.094382e-01 9.409847e+00 4.800000e+00
      vertex   8.654319e-01 9.338749e+00 4.800000e+00
      vertex   1.466909e+00 8.780363e+00 4.800000e+00
    endloop
  endfacet
  facet normal 0.000000e+00 0.000000e+00 1.000000e+00
    outer loop
      vertex   1.466909e+00 8.780363e+00 4.800000e+00
      vertex   8.654319e-01 9.338749e+00 4.800000e+00
      vertex   8.359613e-01 9.261281e+00 4.800000e+00
    endloop
  endfacet
  facet normal 0.000000e+00 0.000000e+00 1.000000e+00
    outer loop
      vertex   1.466909e+00 8.780363e+00 4.800000e+00
      vertex   8.359613e-01 9.261281e+00 4.800000e+00
      vertex   8.217639e-01 9.179795e+00 4.800000e+00
    endloop
  endfacet
  facet normal 0.000000e+00 0.000000e+00 1.000000e+00
    outer loop
      vertex   8.217639e-01 9.179795e+00 4.800000e+00
      vertex   8.235775e-01 9.096639e+00 4.800000e+00
      vertex   1.466909e+00 8.780363e+00 4.800000e+00
    endloop
  endfacet
  facet normal 0.000000e+00 0.000000e+00 1.000000e+00
    outer loop
      vertex   1.466909e+00 8.780363e+00 4.800000e+00
      vertex   8.235775e-01 9.096639e+00 4.800000e+00
      vertex   8.421394e-01 9.014163e+00 4.800000e+00
    endloop
  endfacet
  facet normal 0.000000e+00 0.000000e+00 1.000000e+00
    outer loop
      vertex   1.466909e+00 8.780363e+00 4.800000e+00
      vertex   8.421394e-01 9.014163e+00 4.800000e+00
      vertex   8.781873e-01 8.934715e+00 4.800000e+00
    endloop
  endfacet
  facet normal 0.000000e+00 0.000000e+00 1.000000e+00
    outer loop
      vertex   8.781873e-01 8.934715e+00 4.800000e+00
      vertex   9.294968e-01 8.864059e+00 4.800000e+00
      vertex   1.466909e+00 8.780363e+00 4.800000e+00
    endloop
  endfacet
  facet normal 0.000000e+00 0.000000e+00 1.000000e+00
    outer loop
      vertex   1.466909e+00 8.780363e+00 4.800000e+00
      vertex   9.294968e-01 8.864059e+00 4.800000e+00
      vertex   9.918660e-01 8.806871e+00 4.800000e+00
    endloop
  endfacet
  facet normal 0.000000e+00 0.000000e+00 1.000000e+00
    outer loop
      vertex   1.466909e+00 8.780363e+00 4.800000e+00
      vertex   9.918660e-01 8.806871e+00 4.800000e+00
      vertex   1.062948e+00 8.763755e+00 4.800000e+00
    endloop
  endfacet
  facet normal -0.000000e+00 0.000000e+00 1.000000e+00
    outer loop
      vertex   1.062948e+00 8.763755e+00 4.800000e+00
      vertex   1.140396e+00 8.735313e+00 4.800000e+00
      vertex   1.466909e+00 8.780363e+00 4.800000e+00
    endloop
  endfacet
  facet normal 0.000000e+00 0.000000e+00 1.000000e+00
    outer loop
      vertex   1.466909e+00 8.780363e+00 4.800000e+00
      vertex   1.140396e+00 8.735313e+00 4.800000e+00
      vertex   1.221863e+00 8.722150e+00 4.800000e+00
    endloop
  endfacet
  facet normal 0.000000e+00 0.000000e+00 1.000000e+00
    outer loop
      vertex   1.466909e+00 8.780363e+00 4.800000e+00
      vertex   1.221863e+00 8.722150e+00 4.800000e+00
      vertex   1.387466e+00 8.744072e+00 4.800000e+00
    endloop
  endfacet
  facet normal 0.000000e+00 0.000000e+00 1.000000e+00
    outer loop
      vertex   1.387466e+00 8.744072e+00 4.800000e+00
      vertex   1.221863e+00 8.722150e+00 4.800000e+00
      vertex   1.305002e+00 8.724869e+00 4.800000e+00
    endloop
  endfacet
  facet normal 0.000000e+00 0.000000e+00 1.000000e+00
    outer loop
      vertex   5.745794e+00 8.676684e+00 4.800000e+00
      vertex   5.336938e+00 8.676008e+00 4.800000e+00
      vertex   5.732016e+00 8.671718e+00 4.800000e+00
    endloop
  endfacet
  facet normal 0.000000e+00 0.000000e+00 1.000000e+00
    outer loop
      vertex   5.732016e+00 8.671718e+00 4.800000e+00
      vertex   5.336938e+00 8.676008e+00 4.800000e+00
      vertex   5.339094e+00 8.674999e+00 4.800000e+00
    endloop
  endfacet
  facet normal 0.000000e+00 0.000000e+00 1.000000e+00
    outer loop
      vertex   5.732016e+00 8.671718e+00 4.800000e+00
      vertex   5.339094e+00 8.674999e+00 4.800000e+00
      vertex   5.641378e+00 8.635258e+00 4.800000e+00
    endloop
  endfacet
  facet normal 0.000000e+00 0.000000e+00 1.000000e+00
    outer loop
      vertex   5.641378e+00 8.635258e+00 4.800000e+00
      vertex   5.339094e+00 8.674999e+00 4.800000e+00
      vertex   5.438430e+00 8.635258e+00 4.800000e+00
    endloop
  endfacet
  facet normal 0.000000e+00 0.000000e+00 1.000000e+00
    outer loop
      vertex   5.641378e+00 8.635258e+00 4.800000e+00
      vertex   5.438430e+00 8.635258e+00 4.800000e+00
      vertex   5.591424e+00 8.624259e+00 4.800000e+00
    endloop
  endfacet
  facet normal 0.000000e+00 0.000000e+00 1.000000e+00
    outer loop
      vertex   5.591424e+00 8.624259e+00 4.800000e+00
      vertex   5.438430e+00 8.635258e+00 4.800000e+00
      vertex   5.487270e+00 8.624258e+00 4.800000e+00
    endloop
  endfacet
  facet normal 0.000000e+00 0.000000e+00 1.000000e+00
    outer loop
      vertex   5.591424e+00 8.624259e+00 4.800000e+00
      vertex   5.487270e+00 8.624258e+00 4.800000e+00
      vertex   5.537736e+00 8.620233e+00 4.800000e+00
    endloop
  endfacet
  facet normal 0.000000e+00 0.000000e+00 1.000000e+00
    outer loop
      vertex   5.339094e+00 8.674999e+00 4.800000e+00
      vertex   5.343457e+00 8.671718e+00 4.800000e+00
      vertex   5.438430e+00 8.635258e+00 4.800000e+00
    endloop
  endfacet
  facet normal -0.000000e+00 -0.000000e+00 1.000000e+00
    outer loop
      vertex   9.691737e+00 8.744072e+00 4.800000e+00
      vertex   9.854970e+00 8.722150e+00 4.800000e+00
      vertex   9.614133e+00 8.780363e+00 4.800000e+00
    endloop
  endfacet
  facet normal 0.000000e+00 0.000000e+00 1.000000e+00
    outer loop
      vertex   9.614133e+00 8.780363e+00 4.800000e+00
      vertex   9.854970e+00 8.722150e+00 4.800000e+00
      vertex   9.935773e+00 8.735313e+00 4.800000e+00
    endloop
  endfacet
  facet normal 0.000000e+00 0.000000e+00 1.000000e+00
    outer loop
      vertex   9.614133e+00 8.780363e+00 4.800000e+00
      vertex   9.935773e+00 8.735313e+00 4.800000e+00
      vertex   1.001282e+01 8.763755e+00 4.800000e+00
    endloop
  endfacet
  facet normal 0.000000e+00 0.000000e+00 1.000000e+00
    outer loop
      vertex   9.691737e+00 8.744072e+00 4.800000e+00
      vertex   9.772820e+00 8.724869e+00 4.800000e+00
      vertex   9.854970e+00 8.722150e+00 4.800000e+00
    endloop
  endfacet
  facet normal 0.000000e+00 -0.000000e+00 1.000000e+00
    outer loop
      vertex   1.001282e+01 8.763755e+00 4.800000e+00
      vertex   1.008369e+01 8.806871e+00 4.800000e+00
      vertex   9.614133e+00 8.780363e+00 4.800000e+00
    endloop
  endfacet
  facet normal 0.000000e+00 0.000000e+00 1.000000e+00
    outer loop
      vertex   9.614133e+00 8.780363e+00 4.800000e+00
      vertex   1.008369e+01 8.806871e+00 4.800000e+00
      vertex   1.014599e+01 8.864059e+00 4.800000e+00
    endloop
  endfacet
  facet normal 0.000000e+00 0.000000e+00 1.000000e+00
    outer loop
      vertex   1.060000e+01 3.500000e+01 5.000000e+00
      vertex   1.025417e+01 9.179462e+00 5.000000e+00
      vertex   1.060000e+01 5.400000e+00 5.000000e+00
    endloop
  endfacet
  facet normal 0.000000e+00 0.000000e+00 1.000000e+00
    outer loop
      vertex   1.060000e+01 5.400000e+00 5.000000e+00
      vertex   1.025417e+01 9.179462e+00 5.000000e+00
      vertex   1.025213e+01 9.096534e+00 5.000000e+00
    endloop
  endfacet
  facet normal 0.000000e+00 0.000000e+00 1.000000e+00
    outer loop
      vertex   1.060000e+01 5.400000e+00 5.000000e+00
      vertex   1.025213e+01 9.096534e+00 5.000000e+00
      vertex   1.023344e+01 9.014147e+00 5.000000e+00
    endloop
  endfacet
  facet normal 0.000000e+00 0.000000e+00 1.000000e+00
    outer loop
      vertex   1.057354e+01 3.537002e+01 5.000000e+00
      vertex   1.049468e+01 3.573250e+01 5.000000e+00
      vertex   1.060000e+01 3.500000e+01 5.000000e+00
    endloop
  endfacet
  facet normal 0.000000e+00 0.000000e+00 1.000000e+00
    outer loop
      vertex   1.060000e+01 3.500000e+01 5.000000e+00
      vertex   1.049468e+01 3.573250e+01 5.000000e+00
      vertex   1.036504e+01 3.608008e+01 5.000000e+00
    endloop
  endfacet
  facet normal 0.000000e+00 0.000000e+00 1.000000e+00
    outer loop
      vertex   1.060000e+01 3.500000e+01 5.000000e+00
      vertex   1.036504e+01 3.608008e+01 5.000000e+00
      vertex   1.018726e+01 3.640567e+01 5.000000e+00
    endloop
  endfacet
  facet normal 0.000000e+00 0.000000e+00 1.000000e+00
    outer loop
      vertex   1.060000e+01 3.500000e+01 5.000000e+00
      vertex   1.018726e+01 3.640567e+01 5.000000e+00
      vertex   8.872086e+00 3.343478e+01 5.000000e+00
    endloop
  endfacet
  facet normal 0.000000e+00 0.000000e+00 1.000000e+00
    outer loop
      vertex   8.872086e+00 3.343478e+01 5.000000e+00
      vertex   1.018726e+01 3.640567e+01 5.000000e+00
      vertex   9.964949e+00 3.670264e+01 5.000000e+00
    endloop
  endfacet
  facet normal 0.000000e+00 0.000000e+00 1.000000e+00
    outer loop
      vertex   8.872086e+00 3.343478e+01 5.000000e+00
      vertex   9.964949e+00 3.670264e+01 5.000000e+00
      vertex   9.702638e+00 3.696495e+01 5.000000e+00
    endloop
  endfacet
  facet normal 0.000000e+00 -0.000000e+00 1.000000e+00
    outer loop
      vertex   8.872086e+00 3.343478e+01 5.000000e+00
      vertex   9.702638e+00 3.696495e+01 5.000000e+00
      vertex   8.788803e+00 3.386243e+01 5.000000e+00
    endloop
  endfacet
  facet normal 0.000000e+00 0.000000e+00 1.000000e+00
    outer loop
      vertex   8.788803e+00 3.386243e+01 5.000000e+00
      vertex   9.702638e+00 3.696495e+01 5.000000e+00
      vertex   9.405666e+00 3.718726e+01 5.000000e+00
    endloop
  endfacet
  facet normal 0.000000e+00 -0.000000e+00 1.000000e+00
    outer loop
      vertex   8.788803e+00 3.386243e+01 5.000000e+00
      vertex   9.405666e+00 3.718726e+01 5.000000e+00
      vertex   8.651517e+00 3.427591e+01 5.000000e+00
    endloop
  endfacet
  facet normal 0.000000e+00 0.000000e+00 1.000000e+00
    outer loop
      vertex   8.651517e+00 3.427591e+01 5.000000e+00
      vertex   9.405666e+00 3.718726e+01 5.000000e+00
      vertex   9.080079e+00 3.736504e+01 5.000000e+00
    endloop
  endfacet
  facet normal 0.000000e+00 -0.000000e+00 1.000000e+00
    outer loop
      vertex   8.651517e+00 3.427591e+01 5.000000e+00
      vertex   9.080079e+00 3.736504e+01 5.000000e+00
      vertex   8.462484e+00 3.466844e+01 5.000000e+00
    endloop
  endfacet
  facet normal 0.000000e+00 0.000000e+00 1.000000e+00
    outer loop
      vertex   8.462484e+00 3.466844e+01 5.000000e+00
      vertex   9.080079e+00 3.736504e+01 5.000000e+00
      vertex   8.732505e+00 3.749468e+01 5.000000e+00
    endloop
  endfacet
  facet normal 0.000000e+00 -0.000000e+00 1.000000e+00
    outer loop
      vertex   8.462484e+00 3.466844e+01 5.000000e+00
      vertex   8.732505e+00 3.749468e+01 5.000000e+00
      vertex   8.224806e+00 3.503358e+01 5.000000e+00
    endloop
  endfacet
  facet normal 0.000000e+00 0.000000e+00 1.000000e+00
    outer loop
      vertex   8.224806e+00 3.503358e+01 5.000000e+00
      vertex   8.732505e+00 3.749468e+01 5.000000e+00
      vertex   8.370019e+00 3.757354e+01 5.000000e+00
    endloop
  endfacet
  facet normal 0.000000e+00 -0.000000e+00 1.000000e+00
    outer loop
      vertex   8.224806e+00 3.503358e+01 5.000000e+00
      vertex   8.370019e+00 3.757354e+01 5.000000e+00
      vertex   7.942388e+00 3.536532e+01 5.000000e+00
    endloop
  endfacet
  facet normal 0.000000e+00 0.000000e+00 1.000000e+00
    outer loop
      vertex   7.942388e+00 3.536532e+01 5.000000e+00
      vertex   8.370019e+00 3.757354e+01 5.000000e+00
      vertex   8.000000e+00 3.760000e+01 5.000000e+00
    endloop
  endfacet
  facet normal 0.000000e+00 -0.000000e+00 1.000000e+00
    outer loop
      vertex   7.942388e+00 3.536532e+01 5.000000e+00
      vertex   8.000000e+00 3.760000e+01 5.000000e+00
      vertex   7.619865e+00 3.565823e+01 5.000000e+00
    endloop
  endfacet
  facet normal 0.000000e+00 -0.000000e+00 1.000000e+00
    outer loop
      vertex   7.619865e+00 3.565823e+01 5.000000e+00
      vertex   8.000000e+00 3.760000e+01 5.000000e+00
      vertex   7.262535e+00 3.590749e+01 5.000000e+00
    endloop
  endfacet
  facet normal 0.000000e+00 -0.000000e+00 1.000000e+00
    outer loop
      vertex   7.262535e+00 3.590749e+01 5.000000e+00
      vertex   8.000000e+00 3.760000e+01 5.000000e+00
      vertex   6.876263e+00 3.610900e+01 5.000000e+00
    endloop
  endfacet
  facet normal 0.000000e+00 -0.000000e+00 1.000000e+00
    outer loop
      vertex   6.876263e+00 3.610900e+01 5.000000e+00
      vertex   8.000000e+00 3.760000e+01 5.000000e+00
      vertex   6.467394e+00 3.625947e+01 5.000000e+00
    endloop
  endfacet
  facet normal 0.000000e+00 -0.000000e+00 1.000000e+00
    outer loop
      vertex   6.467394e+00 3.625947e+01 5.000000e+00
      vertex   8.000000e+00 3.760000e+01 5.000000e+00
      vertex   6.042640e+00 3.635642e+01 5.000000e+00
    endloop
  endfacet
  facet normal 0.000000e+00 -0.000000e+00 1.000000e+00
    outer loop
      vertex   6.042640e+00 3.635642e+01 5.000000e+00
      vertex   8.000000e+00 3.760000e+01 5.000000e+00
      vertex   5.608975e+00 3.639825e+01 5.000000e+00
    endloop
  endfacet
  facet normal 0.000000e+00 -0.000000e+00 1.000000e+00
    outer loop
      vertex   5.608975e+00 3.639825e+01 5.000000e+00
      vertex   8.000000e+00 3.760000e+01 5.000000e+00
      vertex   3.000000e+00 3.760000e+01 5.000000e+00
    endloop
  endfacet
  facet normal 0.000000e+00 0.000000e+00 1.000000e+00
    outer loop
      vertex   5.608975e+00 3.639825e+01 5.000000e+00
      vertex   3.000000e+00 3.760000e+01 5.000000e+00
      vertex   5.173522e+00 3.638429e+01 5.000000e+00
    endloop
  endfacet
  facet normal 0.000000e+00 0.000000e+00 1.000000e+00
    outer loop
      vertex   5.173522e+00 3.638429e+01 5.000000e+00
      vertex   3.000000e+00 3.760000e+01 5.000000e+00
      vertex   4.743429e+00 3.631475e+01 5.000000e+00
    endloop
  endfacet
  facet normal 0.000000e+00 0.000000e+00 1.000000e+00
    outer loop
      vertex   4.743429e+00 3.631475e+01 5.000000e+00
      vertex   3.000000e+00 3.760000e+01 5.000000e+00
      vertex   4.325759e+00 3.619079e+01 5.000000e+00
    endloop
  endfacet
  facet normal 0.000000e+00 0.000000e+00 1.000000e+00
    outer loop
      vertex   4.325759e+00 3.619079e+01 5.000000e+00
      vertex   3.000000e+00 3.760000e+01 5.000000e+00
      vertex   3.927370e+00 3.601444e+01 5.000000e+00
    endloop
  endfacet
  facet normal 0.000000e+00 0.000000e+00 1.000000e+00
    outer loop
      vertex   3.927370e+00 3.601444e+01 5.000000e+00
      vertex   3.000000e+00 3.760000e+01 5.000000e+00
      vertex   3.554803e+00 3.578859e+01 5.000000e+00
    endloop
  endfacet
  facet normal 0.000000e+00 0.000000e+00 1.000000e+00
    outer loop
      vertex   3.554803e+00 3.578859e+01 5.000000e+00
      vertex   3.000000e+00 3.760000e+01 5.000000e+00
      vertex   3.214177e+00 3.551695e+01 5.000000e+00
    endloop
  endfacet
  facet normal 0.000000e+00 0.000000e+00 1.000000e+00
    outer loop
      vertex   3.214177e+00 3.551695e+01 5.000000e+00
      vertex   3.000000e+00 3.760000e+01 5.000000e+00
      vertex   2.911084e+00 3.520398e+01 5.000000e+00
    endloop
  endfacet
  facet normal 0.000000e+00 -0.000000e+00 1.000000e+00
    outer loop
      vertex   2.911084e+00 3.520398e+01 5.000000e+00
      vertex   3.000000e+00 3.760000e+01 5.000000e+00
      vertex   2.629981e+00 3.757354e+01 5.000000e+00
    endloop
  endfacet
  facet normal 0.000000e+00 0.000000e+00 1.000000e+00
    outer loop
      vertex   2.911084e+00 3.520398e+01 5.000000e+00
      vertex   2.629981e+00 3.757354e+01 5.000000e+00
      vertex   2.650500e+00 3.485482e+01 5.000000e+00
    endloop
  endfacet
  facet normal 0.000000e+00 0.000000e+00 1.000000e+00
    outer loop
      vertex   2.650500e+00 3.485482e+01 5.000000e+00
      vertex   2.629981e+00 3.757354e+01 5.000000e+00
      vertex   2.267495e+00 3.749468e+01 5.000000e+00
    endloop
  endfacet
  facet normal 0.000000e+00 0.000000e+00 1.000000e+00
    outer loop
      vertex   2.650500e+00 3.485482e+01 5.000000e+00
      vertex   2.267495e+00 3.749468e+01 5.000000e+00
      vertex   2.436706e+00 3.447520e+01 5.000000e+00
    endloop
  endfacet
  facet normal 0.000000e+00 0.000000e+00 1.000000e+00
    outer loop
      vertex   2.436706e+00 3.447520e+01 5.000000e+00
      vertex   2.267495e+00 3.749468e+01 5.000000e+00
      vertex   1.919921e+00 3.736504e+01 5.000000e+00
    endloop
  endfacet
  facet normal 0.000000e+00 0.000000e+00 1.000000e+00
    outer loop
      vertex   2.436706e+00 3.447520e+01 5.000000e+00
      vertex   1.919921e+00 3.736504e+01 5.000000e+00
      vertex   2.273210e+00 3.407137e+01 5.000000e+00
    endloop
  endfacet
  facet normal 0.000000e+00 0.000000e+00 1.000000e+00
    outer loop
      vertex   2.273210e+00 3.407137e+01 5.000000e+00
      vertex   1.919921e+00 3.736504e+01 5.000000e+00
      vertex   1.594334e+00 3.718726e+01 5.000000e+00
    endloop
  endfacet
  facet normal 0.000000e+00 0.000000e+00 1.000000e+00
    outer loop
      vertex   2.273210e+00 3.407137e+01 5.000000e+00
      vertex   1.594334e+00 3.718726e+01 5.000000e+00
      vertex   2.162699e+00 3.364994e+01 5.000000e+00
    endloop
  endfacet
  facet normal 0.000000e+00 0.000000e+00 1.000000e+00
    outer loop
      vertex   2.162699e+00 3.364994e+01 5.000000e+00
      vertex   1.594334e+00 3.718726e+01 5.000000e+00
      vertex   1.297362e+00 3.696495e+01 5.000000e+00
    endloop
  endfacet
  facet normal 0.000000e+00 0.000000e+00 1.000000e+00
    outer loop
      vertex   2.162699e+00 3.364994e+01 5.000000e+00
      vertex   1.297362e+00 3.696495e+01 5.000000e+00
      vertex   1.035051e+00 3.670264e+01 5.000000e+00
    endloop
  endfacet
  facet normal 0.000000e+00 0.000000e+00 1.000000e+00
    outer loop
      vertex   2.162699e+00 3.364994e+01 5.000000e+00
      vertex   1.035051e+00 3.670264e+01 5.000000e+00
      vertex   2.106986e+00 3.321784e+01 5.000000e+00
    endloop
  endfacet
  facet normal 0.000000e+00 0.000000e+00 1.000000e+00
    outer loop
      vertex   2.106986e+00 3.321784e+01 5.000000e+00
      vertex   1.035051e+00 3.670264e+01 5.000000e+00
      vertex   8.127408e-01 3.640567e+01 5.000000e+00
    endloop
  endfacet
  facet normal 0.000000e+00 0.000000e+00 1.000000e+00
    outer loop
      vertex   2.106986e+00 3.321784e+01 5.000000e+00
      vertex   8.127408e-01 3.640567e+01 5.000000e+00
      vertex   4.000000e-01 3.500000e+01 5.000000e+00
    endloop
  endfacet
  facet normal 0.000000e+00 0.000000e+00 1.000000e+00
    outer loop
      vertex   4.000000e-01 3.500000e+01 5.000000e+00
      vertex   8.127408e-01 3.640567e+01 5.000000e+00
      vertex   6.349568e-01 3.608008e+01 5.000000e+00
    endloop
  endfacet
  facet normal 0.000000e+00 0.000000e+00 1.000000e+00
    outer loop
      vertex   4.000000e-01 3.500000e+01 5.000000e+00
      vertex   6.349568e-01 3.608008e+01 5.000000e+00
      vertex   5.053183e-01 3.573250e+01 5.000000e+00
    endloop
  endfacet
  facet normal 0.000000e+00 0.000000e+00 1.000000e+00
    outer loop
      vertex   5.053183e-01 3.573250e+01 5.000000e+00
      vertex   4.264643e-01 3.537002e+01 5.000000e+00
      vertex   4.000000e-01 3.500000e+01 5.000000e+00
    endloop
  endfacet
  facet normal 0.000000e+00 0.000000e+00 1.000000e+00
    outer loop
      vertex   4.000000e-01 5.400000e+00 5.000000e+00
      vertex   8.217639e-01 9.179795e+00 5.000000e+00
      vertex   4.000000e-01 3.500000e+01 5.000000e+00
    endloop
  endfacet
  facet normal 0.000000e+00 0.000000e+00 1.000000e+00
    outer loop
      vertex   4.000000e-01 3.500000e+01 5.000000e+00
      vertex   8.217639e-01 9.179795e+00 5.000000e+00
      vertex   8.359613e-01 9.261281e+00 5.000000e+00
    endloop
  endfacet
  facet normal 0.000000e+00 0.000000e+00 1.000000e+00
    outer loop
      vertex   4.000000e-01 3.500000e+01 5.000000e+00
      vertex   8.359613e-01 9.261281e+00 5.000000e+00
      vertex   2.106986e+00 2.203216e+01 5.000000e+00
    endloop
  endfacet
  facet normal 0.000000e+00 0.000000e+00 1.000000e+00
    outer loop
      vertex   2.106986e+00 2.203216e+01 5.000000e+00
      vertex   8.359613e-01 9.261281e+00 5.000000e+00
      vertex   8.654319e-01 9.338749e+00 5.000000e+00
    endloop
  endfacet
  facet normal 0.000000e+00 0.000000e+00 1.000000e+00
    outer loop
      vertex   2.106986e+00 2.203216e+01 5.000000e+00
      vertex   8.654319e-01 9.338749e+00 5.000000e+00
      vertex   2.162699e+00 2.160006e+01 5.000000e+00
    endloop
  endfacet
  facet normal 0.000000e+00 0.000000e+00 1.000000e+00
    outer loop
      vertex   2.162699e+00 2.160006e+01 5.000000e+00
      vertex   8.654319e-01 9.338749e+00 5.000000e+00
      vertex   9.094382e-01 9.409847e+00 5.000000e+00
    endloop
  endfacet
  facet normal 0.000000e+00 0.000000e+00 1.000000e+00
    outer loop
      vertex   2.162699e+00 2.160006e+01 5.000000e+00
      vertex   9.094382e-01 9.409847e+00 5.000000e+00
      vertex   9.672426e-01 9.472229e+00 5.000000e+00
    endloop
  endfacet
  facet normal 0.000000e+00 0.000000e+00 1.000000e+00
    outer loop
      vertex   1.060000e+01 5.400000e+00 5.000000e+00
      vertex   5.537736e+00 8.620233e+00 5.000000e+00
      vertex   4.000000e-01 5.400000e+00 5.000000e+00
    endloop
  endfacet
  facet normal 0.000000e+00 0.000000e+00 1.000000e+00
    outer loop
      vertex   4.000000e-01 5.400000e+00 5.000000e+00
      vertex   5.537736e+00 8.620233e+00 5.000000e+00
      vertex   5.487270e+00 8.624258e+00 5.000000e+00
    endloop
  endfacet
  facet normal 0.000000e+00 0.000000e+00 1.000000e+00
    outer loop
      vertex   4.000000e-01 5.400000e+00 5.000000e+00
      vertex   5.487270e+00 8.624258e+00 5.000000e+00
      vertex   5.438430e+00 8.635258e+00 5.000000e+00
    endloop
  endfacet
  facet normal -0.000000e+00 0.000000e+00 1.000000e+00
    outer loop
      vertex   8.872086e+00 2.181522e+01 5.000000e+00
      vertex   1.024038e+01 9.260519e+00 5.000000e+00
      vertex   8.900000e+00 2.225000e+01 5.000000e+00
    endloop
  endfacet
  facet normal -0.000000e+00 0.000000e+00 1.000000e+00
    outer loop
      vertex   8.900000e+00 2.225000e+01 5.000000e+00
      vertex   1.024038e+01 9.260519e+00 5.000000e+00
      vertex   1.060000e+01 3.500000e+01 5.000000e+00
    endloop
  endfacet
  facet normal 0.000000e+00 -0.000000e+00 1.000000e+00
    outer loop
      vertex   8.900000e+00 2.225000e+01 5.000000e+00
      vertex   1.060000e+01 3.500000e+01 5.000000e+00
      vertex   8.872086e+00 2.268478e+01 5.000000e+00
    endloop
  endfacet
  facet normal 0.000000e+00 -0.000000e+00 1.000000e+00
    outer loop
      vertex   8.872086e+00 2.268478e+01 5.000000e+00
      vertex   1.060000e+01 3.500000e+01 5.000000e+00
      vertex   8.788803e+00 2.311243e+01 5.000000e+00
    endloop
  endfacet
  facet normal 0.000000e+00 0.000000e+00 1.000000e+00
    outer loop
      vertex   8.788803e+00 2.311243e+01 5.000000e+00
      vertex   1.060000e+01 3.500000e+01 5.000000e+00
      vertex   8.788803e+00 3.213757e+01 5.000000e+00
    endloop
  endfacet
  facet normal 0.000000e+00 -0.000000e+00 1.000000e+00
    outer loop
      vertex   8.788803e+00 2.311243e+01 5.000000e+00
      vertex   8.788803e+00 3.213757e+01 5.000000e+00
      vertex   8.651517e+00 3.172409e+01 5.000000e+00
    endloop
  endfacet
  facet normal -0.000000e+00 0.000000e+00 1.000000e+00
    outer loop
      vertex   8.788803e+00 2.138757e+01 5.000000e+00
      vertex   1.016852e+01 9.407365e+00 5.000000e+00
      vertex   8.872086e+00 2.181522e+01 5.000000e+00
    endloop
  endfacet
  facet normal 0.000000e+00 0.000000e+00 1.000000e+00
    outer loop
      vertex   8.872086e+00 2.181522e+01 5.000000e+00
      vertex   1.016852e+01 9.407365e+00 5.000000e+00
      vertex   1.021156e+01 9.337291e+00 5.000000e+00
    endloop
  endfacet
  facet normal 0.000000e+00 0.000000e+00 1.000000e+00
    outer loop
      vertex   8.872086e+00 2.181522e+01 5.000000e+00
      vertex   1.021156e+01 9.337291e+00 5.000000e+00
      vertex   1.024038e+01 9.260519e+00 5.000000e+00
    endloop
  endfacet
  facet normal -0.000000e+00 0.000000e+00 1.000000e+00
    outer loop
      vertex   8.651517e+00 2.097409e+01 5.000000e+00
      vertex   1.004304e+01 9.517763e+00 5.000000e+00
      vertex   8.788803e+00 2.138757e+01 5.000000e+00
    endloop
  endfacet
  facet normal 0.000000e+00 0.000000e+00 1.000000e+00
    outer loop
      vertex   8.788803e+00 2.138757e+01 5.000000e+00
      vertex   1.004304e+01 9.517763e+00 5.000000e+00
      vertex   1.011208e+01 9.468327e+00 5.000000e+00
    endloop
  endfacet
  facet normal 0.000000e+00 0.000000e+00 1.000000e+00
    outer loop
      vertex   8.788803e+00 2.138757e+01 5.000000e+00
      vertex   1.011208e+01 9.468327e+00 5.000000e+00
      vertex   1.016852e+01 9.407365e+00 5.000000e+00
    endloop
  endfacet
  facet normal -0.000000e+00 0.000000e+00 1.000000e+00
    outer loop
      vertex   8.462484e+00 2.058156e+01 5.000000e+00
      vertex   8.181390e+00 1.301186e+01 5.000000e+00
      vertex   8.651517e+00 2.097409e+01 5.000000e+00
    endloop
  endfacet
  facet normal 0.000000e+00 0.000000e+00 1.000000e+00
    outer loop
      vertex   8.651517e+00 2.097409e+01 5.000000e+00
      vertex   8.181390e+00 1.301186e+01 5.000000e+00
      vertex   8.192305e+00 1.296192e+01 5.000000e+00
    endloop
  endfacet
  facet normal 0.000000e+00 0.000000e+00 1.000000e+00
    outer loop
      vertex   8.651517e+00 2.097409e+01 5.000000e+00
      vertex   8.192305e+00 1.296192e+01 5.000000e+00
      vertex   1.004304e+01 9.517763e+00 5.000000e+00
    endloop
  endfacet
  facet normal 0.000000e+00 0.000000e+00 1.000000e+00
    outer loop
      vertex   1.004304e+01 9.517763e+00 5.000000e+00
      vertex   8.192305e+00 1.296192e+01 5.000000e+00
      vertex   8.196284e+00 1.290825e+01 5.000000e+00
    endloop
  endfacet
  facet normal 0.000000e+00 0.000000e+00 1.000000e+00
    outer loop
      vertex   1.004304e+01 9.517763e+00 5.000000e+00
      vertex   8.196284e+00 1.290825e+01 5.000000e+00
      vertex   8.196284e+00 1.058698e+01 5.000000e+00
    endloop
  endfacet
  facet normal 0.000000e+00 -0.000000e+00 1.000000e+00
    outer loop
      vertex   8.181390e+00 1.301186e+01 5.000000e+00
      vertex   8.462484e+00 2.058156e+01 5.000000e+00
      vertex   8.144903e+00 1.310263e+01 5.000000e+00
    endloop
  endfacet
  facet normal 0.000000e+00 0.000000e+00 1.000000e+00
    outer loop
      vertex   8.144903e+00 1.310263e+01 5.000000e+00
      vertex   8.462484e+00 2.058156e+01 5.000000e+00
      vertex   8.224806e+00 2.021642e+01 5.000000e+00
    endloop
  endfacet
  facet normal 0.000000e+00 -0.000000e+00 1.000000e+00
    outer loop
      vertex   8.144903e+00 1.310263e+01 5.000000e+00
      vertex   8.224806e+00 2.021642e+01 5.000000e+00
      vertex   8.116429e+00 1.314834e+01 5.000000e+00
    endloop
  endfacet
  facet normal 0.000000e+00 -0.000000e+00 1.000000e+00
    outer loop
      vertex   8.116429e+00 1.314834e+01 5.000000e+00
      vertex   8.224806e+00 2.021642e+01 5.000000e+00
      vertex   8.066283e+00 1.320699e+01 5.000000e+00
    endloop
  endfacet
  facet normal 0.000000e+00 -0.000000e+00 1.000000e+00
    outer loop
      vertex   8.066283e+00 1.320699e+01 5.000000e+00
      vertex   8.224806e+00 2.021642e+01 5.000000e+00
      vertex   7.942388e+00 1.988468e+01 5.000000e+00
    endloop
  endfacet
  facet normal 0.000000e+00 0.000000e+00 1.000000e+00
    outer loop
      vertex   8.066283e+00 1.320699e+01 5.000000e+00
      vertex   7.942388e+00 1.988468e+01 5.000000e+00
      vertex   8.007784e+00 1.325698e+01 5.000000e+00
    endloop
  endfacet
  facet normal 0.000000e+00 0.000000e+00 1.000000e+00
    outer loop
      vertex   8.007784e+00 1.325698e+01 5.000000e+00
      vertex   7.942388e+00 1.988468e+01 5.000000e+00
      vertex   7.984877e+00 1.327978e+01 5.000000e+00
    endloop
  endfacet
  facet normal 0.000000e+00 0.000000e+00 1.000000e+00
    outer loop
      vertex   8.007784e+00 1.325698e+01 5.000000e+00
      vertex   7.984877e+00 1.327978e+01 5.000000e+00
      vertex   7.994006e+00 1.326838e+01 5.000000e+00
    endloop
  endfacet
  facet normal 0.000000e+00 0.000000e+00 1.000000e+00
    outer loop
      vertex   7.942388e+00 1.988468e+01 5.000000e+00
      vertex   7.619865e+00 1.959177e+01 5.000000e+00
      vertex   7.984877e+00 1.327978e+01 5.000000e+00
    endloop
  endfacet
  facet normal 0.000000e+00 0.000000e+00 1.000000e+00
    outer loop
      vertex   7.984877e+00 1.327978e+01 5.000000e+00
      vertex   7.619865e+00 1.959177e+01 5.000000e+00
      vertex   7.262535e+00 1.934251e+01 5.000000e+00
    endloop
  endfacet
  facet normal 0.000000e+00 0.000000e+00 1.000000e+00
    outer loop
      vertex   7.984877e+00 1.327978e+01 5.000000e+00
      vertex   7.262535e+00 1.934251e+01 5.000000e+00
      vertex   6.876263e+00 1.914100e+01 5.000000e+00
    endloop
  endfacet
  facet normal 0.000000e+00 0.000000e+00 1.000000e+00
    outer loop
      vertex   7.984877e+00 1.327978e+01 5.000000e+00
      vertex   6.876263e+00 1.914100e+01 5.000000e+00
      vertex   5.966538e+00 1.591553e+01 5.000000e+00
    endloop
  endfacet
  facet normal 0.000000e+00 0.000000e+00 1.000000e+00
    outer loop
      vertex   5.966538e+00 1.591553e+01 5.000000e+00
      vertex   6.876263e+00 1.914100e+01 5.000000e+00
      vertex   6.467394e+00 1.899053e+01 5.000000e+00
    endloop
  endfacet
  facet normal 0.000000e+00 -0.000000e+00 1.000000e+00
    outer loop
      vertex   5.966538e+00 1.591553e+01 5.000000e+00
      vertex   6.467394e+00 1.899053e+01 5.000000e+00
      vertex   5.957960e+00 1.600123e+01 5.000000e+00
    endloop
  endfacet
  facet normal 0.000000e+00 -0.000000e+00 1.000000e+00
    outer loop
      vertex   5.957960e+00 1.600123e+01 5.000000e+00
      vertex   6.467394e+00 1.899053e+01 5.000000e+00
      vertex   5.933300e+00 1.608138e+01 5.000000e+00
    endloop
  endfacet
  facet normal 0.000000e+00 0.000000e+00 1.000000e+00
    outer loop
      vertex   5.933300e+00 1.608138e+01 5.000000e+00
      vertex   6.467394e+00 1.899053e+01 5.000000e+00
      vertex   6.042640e+00 1.889358e+01 5.000000e+00
    endloop
  endfacet
  facet normal 0.000000e+00 -0.000000e+00 1.000000e+00
    outer loop
      vertex   5.933300e+00 1.608138e+01 5.000000e+00
      vertex   6.042640e+00 1.889358e+01 5.000000e+00
      vertex   5.894167e+00 1.615417e+01 5.000000e+00
    endloop
  endfacet
  facet normal 0.000000e+00 -0.000000e+00 1.000000e+00
    outer loop
      vertex   5.894167e+00 1.615417e+01 5.000000e+00
      vertex   6.042640e+00 1.889358e+01 5.000000e+00
      vertex   5.842171e+00 1.621780e+01 5.000000e+00
    endloop
  endfacet
  facet normal 0.000000e+00 -0.000000e+00 1.000000e+00
    outer loop
      vertex   5.842171e+00 1.621780e+01 5.000000e+00
      vertex   6.042640e+00 1.889358e+01 5.000000e+00
      vertex   5.778921e+00 1.627044e+01 5.000000e+00
    endloop
  endfacet
  facet normal 0.000000e+00 -0.000000e+00 1.000000e+00
    outer loop
      vertex   5.778921e+00 1.627044e+01 5.000000e+00
      vertex   6.042640e+00 1.889358e+01 5.000000e+00
      vertex   5.608975e+00 1.885175e+01 5.000000e+00
    endloop
  endfacet
  facet normal 0.000000e+00 0.000000e+00 1.000000e+00
    outer loop
      vertex   5.778921e+00 1.627044e+01 5.000000e+00
      vertex   5.608975e+00 1.885175e+01 5.000000e+00
      vertex   5.706025e+00 1.631028e+01 5.000000e+00
    endloop
  endfacet
  facet normal 0.000000e+00 0.000000e+00 1.000000e+00
    outer loop
      vertex   5.706025e+00 1.631028e+01 5.000000e+00
      vertex   5.608975e+00 1.885175e+01 5.000000e+00
      vertex   5.625094e+00 1.633551e+01 5.000000e+00
    endloop
  endfacet
  facet normal 0.000000e+00 0.000000e+00 1.000000e+00
    outer loop
      vertex   5.625094e+00 1.633551e+01 5.000000e+00
      vertex   5.608975e+00 1.885175e+01 5.000000e+00
      vertex   5.537736e+00 1.634433e+01 5.000000e+00
    endloop
  endfacet
  facet normal 0.000000e+00 -0.000000e+00 1.000000e+00
    outer loop
      vertex   5.537736e+00 1.634433e+01 5.000000e+00
      vertex   5.608975e+00 1.885175e+01 5.000000e+00
      vertex   5.451978e+00 1.633551e+01 5.000000e+00
    endloop
  endfacet
  facet normal 0.000000e+00 -0.000000e+00 1.000000e+00
    outer loop
      vertex   5.451978e+00 1.633551e+01 5.000000e+00
      vertex   5.608975e+00 1.885175e+01 5.000000e+00
      vertex   5.173522e+00 1.886571e+01 5.000000e+00
    endloop
  endfacet
  facet normal 0.000000e+00 0.000000e+00 1.000000e+00
    outer loop
      vertex   5.451978e+00 1.633551e+01 5.000000e+00
      vertex   5.173522e+00 1.886571e+01 5.000000e+00
      vertex   5.371797e+00 1.631028e+01 5.000000e+00
    endloop
  endfacet
  facet normal 0.000000e+00 0.000000e+00 1.000000e+00
    outer loop
      vertex   5.371797e+00 1.631028e+01 5.000000e+00
      vertex   5.173522e+00 1.886571e+01 5.000000e+00
      vertex   5.299000e+00 1.627044e+01 5.000000e+00
    endloop
  endfacet
  facet normal 0.000000e+00 0.000000e+00 1.000000e+00
    outer loop
      vertex   5.299000e+00 1.627044e+01 5.000000e+00
      vertex   5.173522e+00 1.886571e+01 5.000000e+00
      vertex   5.235390e+00 1.621780e+01 5.000000e+00
    endloop
  endfacet
  facet normal 0.000000e+00 0.000000e+00 1.000000e+00
    outer loop
      vertex   5.235390e+00 1.621780e+01 5.000000e+00
      vertex   5.173522e+00 1.886571e+01 5.000000e+00
      vertex   5.182773e+00 1.615417e+01 5.000000e+00
    endloop
  endfacet
  facet normal 0.000000e+00 0.000000e+00 1.000000e+00
    outer loop
      vertex   5.182773e+00 1.615417e+01 5.000000e+00
      vertex   5.173522e+00 1.886571e+01 5.000000e+00
      vertex   4.743429e+00 1.893525e+01 5.000000e+00
    endloop
  endfacet
  facet normal 0.000000e+00 0.000000e+00 1.000000e+00
    outer loop
      vertex   5.182773e+00 1.615417e+01 5.000000e+00
      vertex   4.743429e+00 1.893525e+01 5.000000e+00
      vertex   5.142955e+00 1.608138e+01 5.000000e+00
    endloop
  endfacet
  facet normal 0.000000e+00 0.000000e+00 1.000000e+00
    outer loop
      vertex   5.142955e+00 1.608138e+01 5.000000e+00
      vertex   4.743429e+00 1.893525e+01 5.000000e+00
      vertex   5.117741e+00 1.600123e+01 5.000000e+00
    endloop
  endfacet
  facet normal 0.000000e+00 0.000000e+00 1.000000e+00
    outer loop
      vertex   5.117741e+00 1.600123e+01 5.000000e+00
      vertex   4.743429e+00 1.893525e+01 5.000000e+00
      vertex   4.325759e+00 1.905921e+01 5.000000e+00
    endloop
  endfacet
  facet normal 0.000000e+00 0.000000e+00 1.000000e+00
    outer loop
      vertex   5.117741e+00 1.600123e+01 5.000000e+00
      vertex   4.325759e+00 1.905921e+01 5.000000e+00
      vertex   5.108935e+00 1.591553e+01 5.000000e+00
    endloop
  endfacet
  facet normal 0.000000e+00 0.000000e+00 1.000000e+00
    outer loop
      vertex   5.108935e+00 1.591553e+01 5.000000e+00
      vertex   4.325759e+00 1.905921e+01 5.000000e+00
      vertex   3.096480e+00 1.327978e+01 5.000000e+00
    endloop
  endfacet
  facet normal 0.000000e+00 0.000000e+00 1.000000e+00
    outer loop
      vertex   5.108935e+00 1.591553e+01 5.000000e+00
      vertex   3.096480e+00 1.327978e+01 5.000000e+00
      vertex   5.108935e+00 1.444041e+01 5.000000e+00
    endloop
  endfacet
  facet normal 0.000000e+00 0.000000e+00 1.000000e+00
    outer loop
      vertex   4.325759e+00 1.905921e+01 5.000000e+00
      vertex   3.927370e+00 1.923556e+01 5.000000e+00
      vertex   3.096480e+00 1.327978e+01 5.000000e+00
    endloop
  endfacet
  facet normal 0.000000e+00 0.000000e+00 1.000000e+00
    outer loop
      vertex   3.096480e+00 1.327978e+01 5.000000e+00
      vertex   3.927370e+00 1.923556e+01 5.000000e+00
      vertex   3.554803e+00 1.946141e+01 5.000000e+00
    endloop
  endfacet
  facet normal 0.000000e+00 0.000000e+00 1.000000e+00
    outer loop
      vertex   3.096480e+00 1.327978e+01 5.000000e+00
      vertex   3.554803e+00 1.946141e+01 5.000000e+00
      vertex   3.214177e+00 1.973305e+01 5.000000e+00
    endloop
  endfacet
  facet normal 0.000000e+00 0.000000e+00 1.000000e+00
    outer loop
      vertex   2.911084e+00 2.004602e+01 5.000000e+00
      vertex   3.012868e+00 1.320912e+01 5.000000e+00
      vertex   3.214177e+00 1.973305e+01 5.000000e+00
    endloop
  endfacet
  facet normal 0.000000e+00 0.000000e+00 1.000000e+00
    outer loop
      vertex   3.214177e+00 1.973305e+01 5.000000e+00
      vertex   3.012868e+00 1.320912e+01 5.000000e+00
      vertex   3.089680e+00 1.327462e+01 5.000000e+00
    endloop
  endfacet
  facet normal 0.000000e+00 0.000000e+00 1.000000e+00
    outer loop
      vertex   3.214177e+00 1.973305e+01 5.000000e+00
      vertex   3.089680e+00 1.327462e+01 5.000000e+00
      vertex   3.092677e+00 1.327741e+01 5.000000e+00
    endloop
  endfacet
  facet normal 0.000000e+00 0.000000e+00 1.000000e+00
    outer loop
      vertex   2.650500e+00 2.039518e+01 5.000000e+00
      vertex   2.941642e+00 1.311459e+01 5.000000e+00
      vertex   2.911084e+00 2.004602e+01 5.000000e+00
    endloop
  endfacet
  facet normal 0.000000e+00 0.000000e+00 1.000000e+00
    outer loop
      vertex   2.911084e+00 2.004602e+01 5.000000e+00
      vertex   2.941642e+00 1.311459e+01 5.000000e+00
      vertex   2.948485e+00 1.312548e+01 5.000000e+00
    endloop
  endfacet
  facet normal 0.000000e+00 0.000000e+00 1.000000e+00
    outer loop
      vertex   2.911084e+00 2.004602e+01 5.000000e+00
      vertex   2.948485e+00 1.312548e+01 5.000000e+00
      vertex   2.964929e+00 1.314834e+01 5.000000e+00
    endloop
  endfacet
  facet normal 0.000000e+00 0.000000e+00 1.000000e+00
    outer loop
      vertex   2.436706e+00 2.077480e+01 5.000000e+00
      vertex   2.899968e+00 1.301186e+01 5.000000e+00
      vertex   2.650500e+00 2.039518e+01 5.000000e+00
    endloop
  endfacet
  facet normal 0.000000e+00 0.000000e+00 1.000000e+00
    outer loop
      vertex   2.650500e+00 2.039518e+01 5.000000e+00
      vertex   2.899968e+00 1.301186e+01 5.000000e+00
      vertex   2.936455e+00 1.310263e+01 5.000000e+00
    endloop
  endfacet
  facet normal 0.000000e+00 0.000000e+00 1.000000e+00
    outer loop
      vertex   2.650500e+00 2.039518e+01 5.000000e+00
      vertex   2.936455e+00 1.310263e+01 5.000000e+00
      vertex   2.941642e+00 1.311459e+01 5.000000e+00
    endloop
  endfacet
  facet normal 0.000000e+00 0.000000e+00 1.000000e+00
    outer loop
      vertex   2.899968e+00 1.301186e+01 5.000000e+00
      vertex   2.436706e+00 2.077480e+01 5.000000e+00
      vertex   2.889054e+00 1.296192e+01 5.000000e+00
    endloop
  endfacet
  facet normal 0.000000e+00 0.000000e+00 1.000000e+00
    outer loop
      vertex   2.889054e+00 1.296192e+01 5.000000e+00
      vertex   2.436706e+00 2.077480e+01 5.000000e+00
      vertex   2.273210e+00 2.117863e+01 5.000000e+00
    endloop
  endfacet
  facet normal 0.000000e+00 0.000000e+00 1.000000e+00
    outer loop
      vertex   2.889054e+00 1.296192e+01 5.000000e+00
      vertex   2.273210e+00 2.117863e+01 5.000000e+00
      vertex   1.038108e+00 9.523543e+00 5.000000e+00
    endloop
  endfacet
  facet normal 0.000000e+00 -0.000000e+00 1.000000e+00
    outer loop
      vertex   1.038108e+00 9.523543e+00 5.000000e+00
      vertex   2.273210e+00 2.117863e+01 5.000000e+00
      vertex   9.672426e-01 9.472229e+00 5.000000e+00
    endloop
  endfacet
  facet normal 0.000000e+00 0.000000e+00 1.000000e+00
    outer loop
      vertex   9.672426e-01 9.472229e+00 5.000000e+00
      vertex   2.273210e+00 2.117863e+01 5.000000e+00
      vertex   2.162699e+00 2.160006e+01 5.000000e+00
    endloop
  endfacet
  facet normal 0.000000e+00 -0.000000e+00 1.000000e+00
    outer loop
      vertex   2.106986e+00 2.203216e+01 5.000000e+00
      vertex   2.106986e+00 2.246784e+01 5.000000e+00
      vertex   4.000000e-01 3.500000e+01 5.000000e+00
    endloop
  endfacet
  facet normal 0.000000e+00 0.000000e+00 1.000000e+00
    outer loop
      vertex   4.000000e-01 3.500000e+01 5.000000e+00
      vertex   2.106986e+00 2.246784e+01 5.000000e+00
      vertex   2.162699e+00 2.289994e+01 5.000000e+00
    endloop
  endfacet
  facet normal 0.000000e+00 0.000000e+00 1.000000e+00
    outer loop
      vertex   4.000000e-01 3.500000e+01 5.000000e+00
      vertex   2.162699e+00 2.289994e+01 5.000000e+00
      vertex   2.162699e+00 3.235006e+01 5.000000e+00
    endloop
  endfacet
  facet normal 0.000000e+00 0.000000e+00 1.000000e+00
    outer loop
      vertex   2.162699e+00 3.235006e+01 5.000000e+00
      vertex   2.162699e+00 2.289994e+01 5.000000e+00
      vertex   2.273210e+00 3.192863e+01 5.000000e+00
    endloop
  endfacet
  facet normal 0.000000e+00 0.000000e+00 1.000000e+00
    outer loop
      vertex   2.273210e+00 3.192863e+01 5.000000e+00
      vertex   2.162699e+00 2.289994e+01 5.000000e+00
      vertex   2.273210e+00 2.332137e+01 5.000000e+00
    endloop
  endfacet
  facet normal 0.000000e+00 0.000000e+00 1.000000e+00
    outer loop
      vertex   2.273210e+00 3.192863e+01 5.000000e+00
      vertex   2.273210e+00 2.332137e+01 5.000000e+00
      vertex   2.436706e+00 3.152480e+01 5.000000e+00
    endloop
  endfacet
  facet normal 0.000000e+00 0.000000e+00 1.000000e+00
    outer loop
      vertex   2.436706e+00 3.152480e+01 5.000000e+00
      vertex   2.273210e+00 2.332137e+01 5.000000e+00
      vertex   2.436706e+00 2.372520e+01 5.000000e+00
    endloop
  endfacet
  facet normal 0.000000e+00 0.000000e+00 1.000000e+00
    outer loop
      vertex   2.436706e+00 3.152480e+01 5.000000e+00
      vertex   2.436706e+00 2.372520e+01 5.000000e+00
      vertex   2.650500e+00 3.114518e+01 5.000000e+00
    endloop
  endfacet
  facet normal 0.000000e+00 0.000000e+00 1.000000e+00
    outer loop
      vertex   2.650500e+00 3.114518e+01 5.000000e+00
      vertex   2.436706e+00 2.372520e+01 5.000000e+00
      vertex   2.650500e+00 2.410482e+01 5.000000e+00
    endloop
  endfacet
  facet normal 0.000000e+00 0.000000e+00 1.000000e+00
    outer loop
      vertex   2.650500e+00 3.114518e+01 5.000000e+00
      vertex   2.650500e+00 2.410482e+01 5.000000e+00
      vertex   2.911084e+00 3.079602e+01 5.000000e+00
    endloop
  endfacet
  facet normal 0.000000e+00 0.000000e+00 1.000000e+00
    outer loop
      vertex   2.911084e+00 3.079602e+01 5.000000e+00
      vertex   2.650500e+00 2.410482e+01 5.000000e+00
      vertex   2.911084e+00 2.445398e+01 5.000000e+00
    endloop
  endfacet
  facet normal 0.000000e+00 0.000000e+00 1.000000e+00
    outer loop
      vertex   2.911084e+00 3.079602e+01 5.000000e+00
      vertex   2.911084e+00 2.445398e+01 5.000000e+00
      vertex   3.214177e+00 3.048305e+01 5.000000e+00
    endloop
  endfacet
  facet normal 0.000000e+00 0.000000e+00 1.000000e+00
    outer loop
      vertex   3.214177e+00 3.048305e+01 5.000000e+00
      vertex   2.911084e+00 2.445398e+01 5.000000e+00
      vertex   3.214177e+00 2.476695e+01 5.000000e+00
    endloop
  endfacet
  facet normal 0.000000e+00 0.000000e+00 1.000000e+00
    outer loop
      vertex   3.214177e+00 3.048305e+01 5.000000e+00
      vertex   3.214177e+00 2.476695e+01 5.000000e+00
      vertex   3.554803e+00 3.021141e+01 5.000000e+00
    endloop
  endfacet
  facet normal 0.000000e+00 0.000000e+00 1.000000e+00
    outer loop
      vertex   3.554803e+00 3.021141e+01 5.000000e+00
      vertex   3.214177e+00 2.476695e+01 5.000000e+00
      vertex   3.554803e+00 2.503859e+01 5.000000e+00
    endloop
  endfacet
  facet normal 0.000000e+00 0.000000e+00 1.000000e+00
    outer loop
      vertex   3.554803e+00 3.021141e+01 5.000000e+00
      vertex   3.554803e+00 2.503859e+01 5.000000e+00
      vertex   3.927370e+00 2.998556e+01 5.000000e+00
    endloop
  endfacet
  facet normal 0.000000e+00 0.000000e+00 1.000000e+00
    outer loop
      vertex   3.927370e+00 2.998556e+01 5.000000e+00
      vertex   3.554803e+00 2.503859e+01 5.000000e+00
      vertex   3.927370e+00 2.526444e+01 5.000000e+00
    endloop
  endfacet
  facet normal 0.000000e+00 0.000000e+00 1.000000e+00
    outer loop
      vertex   3.927370e+00 2.998556e+01 5.000000e+00
      vertex   3.927370e+00 2.526444e+01 5.000000e+00
      vertex   4.325759e+00 2.980921e+01 5.000000e+00
    endloop
  endfacet
  facet normal 0.000000e+00 0.000000e+00 1.000000e+00
    outer loop
      vertex   4.325759e+00 2.980921e+01 5.000000e+00
      vertex   3.927370e+00 2.526444e+01 5.000000e+00
      vertex   4.325759e+00 2.544079e+01 5.000000e+00
    endloop
  endfacet
  facet normal 0.000000e+00 0.000000e+00 1.000000e+00
    outer loop
      vertex   4.325759e+00 2.980921e+01 5.000000e+00
      vertex   4.325759e+00 2.544079e+01 5.000000e+00
      vertex   4.743429e+00 2.968525e+01 5.000000e+00
    endloop
  endfacet
  facet normal 0.000000e+00 0.000000e+00 1.000000e+00
    outer loop
      vertex   4.743429e+00 2.968525e+01 5.000000e+00
      vertex   4.325759e+00 2.544079e+01 5.000000e+00
      vertex   4.743429e+00 2.556475e+01 5.000000e+00
    endloop
  endfacet
  facet normal 0.000000e+00 0.000000e+00 1.000000e+00
    outer loop
      vertex   4.743429e+00 2.968525e+01 5.000000e+00
      vertex   4.743429e+00 2.556475e+01 5.000000e+00
      vertex   5.173522e+00 2.961571e+01 5.000000e+00
    endloop
  endfacet
  facet normal 0.000000e+00 0.000000e+00 1.000000e+00
    outer loop
      vertex   5.173522e+00 2.961571e+01 5.000000e+00
      vertex   4.743429e+00 2.556475e+01 5.000000e+00
      vertex   5.173522e+00 2.563429e+01 5.000000e+00
    endloop
  endfacet
  facet normal 0.000000e+00 0.000000e+00 1.000000e+00
    outer loop
      vertex   5.173522e+00 2.961571e+01 5.000000e+00
      vertex   5.173522e+00 2.563429e+01 5.000000e+00
      vertex   5.608975e+00 2.960175e+01 5.000000e+00
    endloop
  endfacet
  facet normal 0.000000e+00 0.000000e+00 1.000000e+00
    outer loop
      vertex   5.608975e+00 2.960175e+01 5.000000e+00
      vertex   5.173522e+00 2.563429e+01 5.000000e+00
      vertex   5.608975e+00 2.564825e+01 5.000000e+00
    endloop
  endfacet
  facet normal 0.000000e+00 0.000000e+00 1.000000e+00
    outer loop
      vertex   5.608975e+00 2.960175e+01 5.000000e+00
      vertex   5.608975e+00 2.564825e+01 5.000000e+00
      vertex   6.042640e+00 2.560642e+01 5.000000e+00
    endloop
  endfacet
  facet normal -0.000000e+00 0.000000e+00 1.000000e+00
    outer loop
      vertex   5.608975e+00 2.960175e+01 5.000000e+00
      vertex   6.042640e+00 2.560642e+01 5.000000e+00
      vertex   6.042640e+00 2.964358e+01 5.000000e+00
    endloop
  endfacet
  facet normal 0.000000e+00 0.000000e+00 1.000000e+00
    outer loop
      vertex   6.042640e+00 2.964358e+01 5.000000e+00
      vertex   6.042640e+00 2.560642e+01 5.000000e+00
      vertex   6.467394e+00 2.550947e+01 5.000000e+00
    endloop
  endfacet
  facet normal -0.000000e+00 0.000000e+00 1.000000e+00
    outer loop
      vertex   6.042640e+00 2.964358e+01 5.000000e+00
      vertex   6.467394e+00 2.550947e+01 5.000000e+00
      vertex   6.467394e+00 2.974053e+01 5.000000e+00
    endloop
  endfacet
  facet normal 0.000000e+00 0.000000e+00 1.000000e+00
    outer loop
      vertex   6.467394e+00 2.974053e+01 5.000000e+00
      vertex   6.467394e+00 2.550947e+01 5.000000e+00
      vertex   6.876263e+00 2.535900e+01 5.000000e+00
    endloop
  endfacet
  facet normal -0.000000e+00 0.000000e+00 1.000000e+00
    outer loop
      vertex   6.467394e+00 2.974053e+01 5.000000e+00
      vertex   6.876263e+00 2.535900e+01 5.000000e+00
      vertex   6.876263e+00 2.989100e+01 5.000000e+00
    endloop
  endfacet
  facet normal 0.000000e+00 0.000000e+00 1.000000e+00
    outer loop
      vertex   6.876263e+00 2.989100e+01 5.000000e+00
      vertex   6.876263e+00 2.535900e+01 5.000000e+00
      vertex   7.262535e+00 2.515749e+01 5.000000e+00
    endloop
  endfacet
  facet normal -0.000000e+00 0.000000e+00 1.000000e+00
    outer loop
      vertex   6.876263e+00 2.989100e+01 5.000000e+00
      vertex   7.262535e+00 2.515749e+01 5.000000e+00
      vertex   7.262535e+00 3.009251e+01 5.000000e+00
    endloop
  endfacet
  facet normal 0.000000e+00 0.000000e+00 1.000000e+00
    outer loop
      vertex   7.262535e+00 3.009251e+01 5.000000e+00
      vertex   7.262535e+00 2.515749e+01 5.000000e+00
      vertex   7.619865e+00 2.490823e+01 5.000000e+00
    endloop
  endfacet
  facet normal -0.000000e+00 0.000000e+00 1.000000e+00
    outer loop
      vertex   7.262535e+00 3.009251e+01 5.000000e+00
      vertex   7.619865e+00 2.490823e+01 5.000000e+00
      vertex   7.619865e+00 3.034177e+01 5.000000e+00
    endloop
  endfacet
  facet normal 0.000000e+00 0.000000e+00 1.000000e+00
    outer loop
      vertex   7.619865e+00 3.034177e+01 5.000000e+00
      vertex   7.619865e+00 2.490823e+01 5.000000e+00
      vertex   7.942388e+00 2.461532e+01 5.000000e+00
    endloop
  endfacet
  facet normal -0.000000e+00 0.000000e+00 1.000000e+00
    outer loop
      vertex   7.619865e+00 3.034177e+01 5.000000e+00
      vertex   7.942388e+00 2.461532e+01 5.000000e+00
      vertex   7.942388e+00 3.063468e+01 5.000000e+00
    endloop
  endfacet
  facet normal 0.000000e+00 0.000000e+00 1.000000e+00
    outer loop
      vertex   7.942388e+00 3.063468e+01 5.000000e+00
      vertex   7.942388e+00 2.461532e+01 5.000000e+00
      vertex   8.224806e+00 2.428358e+01 5.000000e+00
    endloop
  endfacet
  facet normal -0.000000e+00 0.000000e+00 1.000000e+00
    outer loop
      vertex   7.942388e+00 3.063468e+01 5.000000e+00
      vertex   8.224806e+00 2.428358e+01 5.000000e+00
      vertex   8.224806e+00 3.096642e+01 5.000000e+00
    endloop
  endfacet
  facet normal 0.000000e+00 0.000000e+00 1.000000e+00
    outer loop
      vertex   8.224806e+00 3.096642e+01 5.000000e+00
      vertex   8.224806e+00 2.428358e+01 5.000000e+00
      vertex   8.462484e+00 2.391844e+01 5.000000e+00
    endloop
  endfacet
  facet normal -0.000000e+00 0.000000e+00 1.000000e+00
    outer loop
      vertex   8.224806e+00 3.096642e+01 5.000000e+00
      vertex   8.462484e+00 2.391844e+01 5.000000e+00
      vertex   8.462484e+00 3.133156e+01 5.000000e+00
    endloop
  endfacet
  facet normal 0.000000e+00 0.000000e+00 1.000000e+00
    outer loop
      vertex   8.462484e+00 3.133156e+01 5.000000e+00
      vertex   8.462484e+00 2.391844e+01 5.000000e+00
      vertex   8.651517e+00 2.352591e+01 5.000000e+00
    endloop
  endfacet
  facet normal -0.000000e+00 0.000000e+00 1.000000e+00
    outer loop
      vertex   8.462484e+00 3.133156e+01 5.000000e+00
      vertex   8.651517e+00 2.352591e+01 5.000000e+00
      vertex   8.651517e+00 3.172409e+01 5.000000e+00
    endloop
  endfacet
  facet normal 0.000000e+00 0.000000e+00 1.000000e+00
    outer loop
      vertex   8.651517e+00 3.172409e+01 5.000000e+00
      vertex   8.651517e+00 2.352591e+01 5.000000e+00
      vertex   8.788803e+00 2.311243e+01 5.000000e+00
    endloop
  endfacet
  facet normal -0.000000e+00 0.000000e+00 1.000000e+00
    outer loop
      vertex   8.872086e+00 3.343478e+01 5.000000e+00
      vertex   8.900000e+00 3.300000e+01 5.000000e+00
      vertex   1.060000e+01 3.500000e+01 5.000000e+00
    endloop
  endfacet
  facet normal 0.000000e+00 0.000000e+00 1.000000e+00
    outer loop
      vertex   1.060000e+01 3.500000e+01 5.000000e+00
      vertex   8.900000e+00 3.300000e+01 5.000000e+00
      vertex   8.872086e+00 3.256522e+01 5.000000e+00
    endloop
  endfacet
  facet normal 0.000000e+00 0.000000e+00 1.000000e+00
    outer loop
      vertex   1.060000e+01 3.500000e+01 5.000000e+00
      vertex   8.872086e+00 3.256522e+01 5.000000e+00
      vertex   8.788803e+00 3.213757e+01 5.000000e+00
    endloop
  endfacet
  facet normal 0.000000e+00 0.000000e+00 1.000000e+00
    outer loop
      vertex   2.162699e+00 3.235006e+01 5.000000e+00
      vertex   2.106986e+00 3.278216e+01 5.000000e+00
      vertex   4.000000e-01 3.500000e+01 5.000000e+00
    endloop
  endfacet
  facet normal 0.000000e+00 0.000000e+00 1.000000e+00
    outer loop
      vertex   4.000000e-01 3.500000e+01 5.000000e+00
      vertex   2.106986e+00 3.278216e+01 5.000000e+00
      vertex   2.106986e+00 3.321784e+01 5.000000e+00
    endloop
  endfacet
  facet normal -0.000000e+00 0.000000e+00 1.000000e+00
    outer loop
      vertex   1.024038e+01 9.260519e+00 5.000000e+00
      vertex   1.025417e+01 9.179462e+00 5.000000e+00
      vertex   1.060000e+01 3.500000e+01 5.000000e+00
    endloop
  endfacet
  facet normal 0.000000e+00 0.000000e+00 1.000000e+00
    outer loop
      vertex   1.023344e+01 9.014147e+00 5.000000e+00
      vertex   1.019729e+01 8.934715e+00 5.000000e+00
      vertex   1.060000e+01 5.400000e+00 5.000000e+00
    endloop
  endfacet
  facet normal 0.000000e+00 0.000000e+00 1.000000e+00
    outer loop
      vertex   1.060000e+01 5.400000e+00 5.000000e+00
      vertex   1.019729e+01 8.934715e+00 5.000000e+00
      vertex   1.014599e+01 8.864059e+00 5.000000e+00
    endloop
  endfacet
  facet normal 0.000000e+00 0.000000e+00 1.000000e+00
    outer loop
      vertex   1.060000e+01 5.400000e+00 5.000000e+00
      vertex   1.014599e+01 8.864059e+00 5.000000e+00
      vertex   1.008369e+01 8.806871e+00 5.000000e+00
    endloop
  endfacet
  facet normal 0.000000e+00 0.000000e+00 1.000000e+00
    outer loop
      vertex   1.008369e+01 8.806871e+00 5.000000e+00
      vertex   1.001282e+01 8.763755e+00 5.000000e+00
      vertex   1.060000e+01 5.400000e+00 5.000000e+00
    endloop
  endfacet
  facet normal 0.000000e+00 0.000000e+00 1.000000e+00
    outer loop
      vertex   1.060000e+01 5.400000e+00 5.000000e+00
      vertex   1.001282e+01 8.763755e+00 5.000000e+00
      vertex   9.935773e+00 8.735313e+00 5.000000e+00
    endloop
  endfacet
  facet normal 0.000000e+00 0.000000e+00 1.000000e+00
    outer loop
      vertex   1.060000e+01 5.400000e+00 5.000000e+00
      vertex   9.935773e+00 8.735313e+00 5.000000e+00
      vertex   9.854970e+00 8.722150e+00 5.000000e+00
    endloop
  endfacet
  facet normal 0.000000e+00 0.000000e+00 1.000000e+00
    outer loop
      vertex   9.854970e+00 8.722150e+00 5.000000e+00
      vertex   9.772820e+00 8.724869e+00 5.000000e+00
      vertex   1.060000e+01 5.400000e+00 5.000000e+00
    endloop
  endfacet
  facet normal 0.000000e+00 0.000000e+00 1.000000e+00
    outer loop
      vertex   1.060000e+01 5.400000e+00 5.000000e+00
      vertex   9.772820e+00 8.724869e+00 5.000000e+00
      vertex   9.691737e+00 8.744072e+00 5.000000e+00
    endloop
  endfacet
  facet normal 0.000000e+00 0.000000e+00 1.000000e+00
    outer loop
      vertex   1.060000e+01 5.400000e+00 5.000000e+00
      vertex   9.691737e+00 8.744072e+00 5.000000e+00
      vertex   9.614133e+00 8.780363e+00 5.000000e+00
    endloop
  endfacet
  facet normal 0.000000e+00 0.000000e+00 1.000000e+00
    outer loop
      vertex   9.614133e+00 8.780363e+00 5.000000e+00
      vertex   7.767482e+00 9.843698e+00 5.000000e+00
      vertex   1.060000e+01 5.400000e+00 5.000000e+00
    endloop
  endfacet
  facet normal 0.000000e+00 0.000000e+00 1.000000e+00
    outer loop
      vertex   1.060000e+01 5.400000e+00 5.000000e+00
      vertex   7.767482e+00 9.843698e+00 5.000000e+00
      vertex   5.754921e+00 8.677393e+00 5.000000e+00
    endloop
  endfacet
  facet normal 0.000000e+00 0.000000e+00 1.000000e+00
    outer loop
      vertex   1.060000e+01 5.400000e+00 5.000000e+00
      vertex   5.754921e+00 8.677393e+00 5.000000e+00
      vertex   5.641378e+00 8.635258e+00 5.000000e+00
    endloop
  endfacet
  facet normal 0.000000e+00 0.000000e+00 1.000000e+00
    outer loop
      vertex   5.641378e+00 8.635258e+00 5.000000e+00
      vertex   5.754921e+00 8.677393e+00 5.000000e+00
      vertex   5.732016e+00 8.671718e+00 5.000000e+00
    endloop
  endfacet
  facet normal 0.000000e+00 0.000000e+00 1.000000e+00
    outer loop
      vertex   5.732016e+00 8.671718e+00 5.000000e+00
      vertex   5.754921e+00 8.677393e+00 5.000000e+00
      vertex   5.745794e+00 8.676684e+00 5.000000e+00
    endloop
  endfacet
  facet normal 0.000000e+00 0.000000e+00 1.000000e+00
    outer loop
      vertex   5.641378e+00 8.635258e+00 5.000000e+00
      vertex   5.591424e+00 8.624259e+00 5.000000e+00
      vertex   1.060000e+01 5.400000e+00 5.000000e+00
    endloop
  endfacet
  facet normal 0.000000e+00 0.000000e+00 1.000000e+00
    outer loop
      vertex   1.060000e+01 5.400000e+00 5.000000e+00
      vertex   5.591424e+00 8.624259e+00 5.000000e+00
      vertex   5.537736e+00 8.620233e+00 5.000000e+00
    endloop
  endfacet
  facet normal 0.000000e+00 0.000000e+00 1.000000e+00
    outer loop
      vertex   4.000000e-01 5.400000e+00 5.000000e+00
      vertex   5.438430e+00 8.635258e+00 5.000000e+00
      vertex   5.326120e+00 8.677393e+00 5.000000e+00
    endloop
  endfacet
  facet normal 0.000000e+00 0.000000e+00 1.000000e+00
    outer loop
      vertex   5.326120e+00 8.677393e+00 5.000000e+00
      vertex   5.438430e+00 8.635258e+00 5.000000e+00
      vertex   5.343457e+00 8.671718e+00 5.000000e+00
    endloop
  endfacet
  facet normal 0.000000e+00 0.000000e+00 1.000000e+00
    outer loop
      vertex   5.326120e+00 8.677393e+00 5.000000e+00
      vertex   5.343457e+00 8.671718e+00 5.000000e+00
      vertex   5.334789e+00 8.676684e+00 5.000000e+00
    endloop
  endfacet
  facet normal 0.000000e+00 0.000000e+00 1.000000e+00
    outer loop
      vertex   5.334789e+00 8.676684e+00 5.000000e+00
      vertex   5.343457e+00 8.671718e+00 5.000000e+00
      vertex   5.336938e+00 8.676008e+00 5.000000e+00
    endloop
  endfacet
  facet normal 0.000000e+00 0.000000e+00 1.000000e+00
    outer loop
      vertex   5.336938e+00 8.676008e+00 5.000000e+00
      vertex   5.343457e+00 8.671718e+00 5.000000e+00
      vertex   5.339094e+00 8.674999e+00 5.000000e+00
    endloop
  endfacet
  facet normal 0.000000e+00 0.000000e+00 1.000000e+00
    outer loop
      vertex   5.326120e+00 8.677393e+00 5.000000e+00
      vertex   3.313875e+00 9.843698e+00 5.000000e+00
      vertex   4.000000e-01 5.400000e+00 5.000000e+00
    endloop
  endfacet
  facet normal 0.000000e+00 0.000000e+00 1.000000e+00
    outer loop
      vertex   4.000000e-01 5.400000e+00 5.000000e+00
      vertex   3.313875e+00 9.843698e+00 5.000000e+00
      vertex   1.466909e+00 8.780363e+00 5.000000e+00
    endloop
  endfacet
  facet normal 0.000000e+00 0.000000e+00 1.000000e+00
    outer loop
      vertex   4.000000e-01 5.400000e+00 5.000000e+00
      vertex   1.466909e+00 8.780363e+00 5.000000e+00
      vertex   1.387466e+00 8.744072e+00 5.000000e+00
    endloop
  endfacet
  facet normal 0.000000e+00 0.000000e+00 1.000000e+00
    outer loop
      vertex   1.387466e+00 8.744072e+00 5.000000e+00
      vertex   1.305002e+00 8.724869e+00 5.000000e+00
      vertex   4.000000e-01 5.400000e+00 5.000000e+00
    endloop
  endfacet
  facet normal 0.000000e+00 0.000000e+00 1.000000e+00
    outer loop
      vertex   4.000000e-01 5.400000e+00 5.000000e+00
      vertex   1.305002e+00 8.724869e+00 5.000000e+00
      vertex   1.221863e+00 8.722150e+00 5.000000e+00
    endloop
  endfacet
  facet normal 0.000000e+00 0.000000e+00 1.000000e+00
    outer loop
      vertex   4.000000e-01 5.400000e+00 5.000000e+00
      vertex   1.221863e+00 8.722150e+00 5.000000e+00
      vertex   1.140396e+00 8.735313e+00 5.000000e+00
    endloop
  endfacet
  facet normal 0.000000e+00 0.000000e+00 1.000000e+00
    outer loop
      vertex   1.140396e+00 8.735313e+00 5.000000e+00
      vertex   1.062948e+00 8.763755e+00 5.000000e+00
      vertex   4.000000e-01 5.400000e+00 5.000000e+00
    endloop
  endfacet
  facet normal 0.000000e+00 0.000000e+00 1.000000e+00
    outer loop
      vertex   4.000000e-01 5.400000e+00 5.000000e+00
      vertex   1.062948e+00 8.763755e+00 5.000000e+00
      vertex   9.918660e-01 8.806871e+00 5.000000e+00
    endloop
  endfacet
  facet normal 0.000000e+00 0.000000e+00 1.000000e+00
    outer loop
      vertex   4.000000e-01 5.400000e+00 5.000000e+00
      vertex   9.918660e-01 8.806871e+00 5.000000e+00
      vertex   9.294968e-01 8.864059e+00 5.000000e+00
    endloop
  endfacet
  facet normal 0.000000e+00 0.000000e+00 1.000000e+00
    outer loop
      vertex   9.294968e-01 8.864059e+00 5.000000e+00
      vertex   8.781873e-01 8.934715e+00 5.000000e+00
      vertex   4.000000e-01 5.400000e+00 5.000000e+00
    endloop
  endfacet
  facet normal 0.000000e+00 0.000000e+00 1.000000e+00
    outer loop
      vertex   4.000000e-01 5.400000e+00 5.000000e+00
      vertex   8.781873e-01 8.934715e+00 5.000000e+00
      vertex   8.421394e-01 9.014163e+00 5.000000e+00
    endloop
  endfacet
  facet normal 0.000000e+00 0.000000e+00 1.000000e+00
    outer loop
      vertex   4.000000e-01 5.400000e+00 5.000000e+00
      vertex   8.421394e-01 9.014163e+00 5.000000e+00
      vertex   8.235775e-01 9.096639e+00 5.000000e+00
    endloop
  endfacet
  facet normal 0.000000e+00 0.000000e+00 1.000000e+00
    outer loop
      vertex   8.235775e-01 9.096639e+00 5.000000e+00
      vertex   8.217639e-01 9.179795e+00 5.000000e+00
      vertex   4.000000e-01 5.400000e+00 5.000000e+00
    endloop
  endfacet
  facet normal 0.000000e+00 0.000000e+00 1.000000e+00
    outer loop
      vertex   2.885074e+00 1.058698e+01 5.000000e+00
      vertex   2.885074e+00 1.290825e+01 5.000000e+00
      vertex   1.038108e+00 9.523543e+00 5.000000e+00
    endloop
  endfacet
  facet normal 0.000000e+00 0.000000e+00 1.000000e+00
    outer loop
      vertex   1.038108e+00 9.523543e+00 5.000000e+00
      vertex   2.885074e+00 1.290825e+01 5.000000e+00
      vertex   2.889054e+00 1.296192e+01 5.000000e+00
    endloop
  endfacet
  facet normal 0.000000e+00 -0.000000e+00 1.000000e+00
    outer loop
      vertex   2.964929e+00 1.314834e+01 5.000000e+00
      vertex   3.012868e+00 1.320912e+01 5.000000e+00
      vertex   2.911084e+00 2.004602e+01 5.000000e+00
    endloop
  endfacet
  facet normal 0.000000e+00 0.000000e+00 1.000000e+00
    outer loop
      vertex   3.012868e+00 1.320912e+01 5.000000e+00
      vertex   3.073574e+00 1.325698e+01 5.000000e+00
      vertex   3.089680e+00 1.327462e+01 5.000000e+00
    endloop
  endfacet
  facet normal 0.000000e+00 0.000000e+00 1.000000e+00
    outer loop
      vertex   3.089680e+00 1.327462e+01 5.000000e+00
      vertex   3.073574e+00 1.325698e+01 5.000000e+00
      vertex   3.085027e+00 1.326838e+01 5.000000e+00
    endloop
  endfacet
  facet normal 0.000000e+00 0.000000e+00 1.000000e+00
    outer loop
      vertex   3.085027e+00 1.326838e+01 5.000000e+00
      vertex   3.073574e+00 1.325698e+01 5.000000e+00
      vertex   3.077377e+00 1.325936e+01 5.000000e+00
    endloop
  endfacet
  facet normal 0.000000e+00 0.000000e+00 1.000000e+00
    outer loop
      vertex   3.085027e+00 1.326838e+01 5.000000e+00
      vertex   3.077377e+00 1.325936e+01 5.000000e+00
      vertex   3.080374e+00 1.326214e+01 5.000000e+00
    endloop
  endfacet
  facet normal 0.000000e+00 0.000000e+00 1.000000e+00
    outer loop
      vertex   3.092677e+00 1.327741e+01 5.000000e+00
      vertex   3.096480e+00 1.327978e+01 5.000000e+00
      vertex   3.214177e+00 1.973305e+01 5.000000e+00
    endloop
  endfacet
  facet normal 0.000000e+00 0.000000e+00 1.000000e+00
    outer loop
      vertex   5.966538e+00 1.591553e+01 5.000000e+00
      vertex   5.966538e+00 1.444619e+01 5.000000e+00
      vertex   7.984877e+00 1.327978e+01 5.000000e+00
    endloop
  endfacet
  facet normal -0.000000e+00 -0.000000e+00 1.000000e+00
    outer loop
      vertex   8.000023e+00 1.326214e+01 5.000000e+00
      vertex   8.003649e+00 1.325936e+01 5.000000e+00
      vertex   7.994006e+00 1.326838e+01 5.000000e+00
    endloop
  endfacet
  facet normal 0.000000e+00 0.000000e+00 1.000000e+00
    outer loop
      vertex   7.994006e+00 1.326838e+01 5.000000e+00
      vertex   8.003649e+00 1.325936e+01 5.000000e+00
      vertex   8.007784e+00 1.325698e+01 5.000000e+00
    endloop
  endfacet
  facet normal 0.000000e+00 0.000000e+00 1.000000e+00
    outer loop
      vertex   7.338681e+00 1.216496e+01 5.000000e+00
      vertex   5.966538e+00 1.137597e+01 5.000000e+00
      vertex   7.338681e+00 1.058698e+01 5.000000e+00
    endloop
  endfacet
  facet normal 0.000000e+00 0.000000e+00 1.000000e+00
    outer loop
      vertex   7.338681e+00 1.058698e+01 5.000000e+00
      vertex   5.966538e+00 1.137597e+01 5.000000e+00
      vertex   5.966538e+00 9.792317e+00 5.000000e+00
    endloop
  endfacet
  facet normal 0.000000e+00 -0.000000e+00 1.000000e+00
    outer loop
      vertex   5.108935e+00 9.792318e+00 5.000000e+00
      vertex   5.108935e+00 1.137597e+01 5.000000e+00
      vertex   3.742677e+00 1.058698e+01 5.000000e+00
    endloop
  endfacet
  facet normal 0.000000e+00 0.000000e+00 1.000000e+00
    outer loop
      vertex   3.742677e+00 1.058698e+01 5.000000e+00
      vertex   5.108935e+00 1.137597e+01 5.000000e+00
      vertex   3.742677e+00 1.216496e+01 5.000000e+00
    endloop
  endfacet
  facet normal 3.015115e-01 9.045340e-01 3.015113e-01
    outer loop
      vertex   1.140000e+01 5.000000e+00 5.400000e+00
      vertex   1.100000e+01 5.400000e+00 4.600000e+00
      vertex   1.060000e+01 5.400000e+00 5.000000e+00
    endloop
  endfacet
  facet normal -9.045340e-01 3.015113e-01 3.015114e-01
    outer loop
      vertex   4.000000e-01 5.000000e+00 5.400000e+00
      vertex   4.000000e-01 5.400000e+00 5.000000e+00
      vertex   0.000000e+00 4.600000e+00 4.600000e+00
    endloop
  endfacet
  facet normal 7.071068e-01 0.000000e+00 7.071068e-01
    outer loop
      vertex   1.060000e+01 3.500000e+01 5.000000e+00
      vertex   1.060000e+01 5.400000e+00 5.000000e+00
      vertex   1.100000e+01 3.500000e+01 4.600000e+00
    endloop
  endfacet
  facet normal 7.071068e-01 0.000000e+00 7.071068e-01
    outer loop
      vertex   1.100000e+01 3.500000e+01 4.600000e+00
      vertex   1.060000e+01 5.400000e+00 5.000000e+00
      vertex   1.100000e+01 5.400000e+00 4.600000e+00
    endloop
  endfacet
  facet normal 7.063486e-01 4.629653e-02 7.063486e-01
    outer loop
      vertex   1.100000e+01 3.500000e+01 4.600000e+00
      vertex   1.097433e+01 3.539158e+01 4.600000e+00
      vertex   1.060000e+01 3.500000e+01 5.000000e+00
    endloop
  endfacet
  facet normal 7.041461e-01 5.036153e-02 7.082669e-01
    outer loop
      vertex   1.060000e+01 3.500000e+01 5.000000e+00
      vertex   1.097433e+01 3.539158e+01 4.600000e+00
      vertex   1.057354e+01 3.537002e+01 5.000000e+00
    endloop
  endfacet
  facet normal 6.958612e-01 1.384154e-01 7.047115e-01
    outer loop
      vertex   1.057354e+01 3.537002e+01 5.000000e+00
      vertex   1.097433e+01 3.539158e+01 4.600000e+00
      vertex   1.089778e+01 3.577646e+01 4.600000e+00
    endloop
  endfacet
  facet normal 6.881661e-01 1.497014e-01 7.099415e-01
    outer loop
      vertex   1.057354e+01 3.537002e+01 5.000000e+00
      vertex   1.089778e+01 3.577646e+01 4.600000e+00
      vertex   1.049468e+01 3.573250e+01 5.000000e+00
    endloop
  endfacet
  facet normal 6.730786e-01 2.284794e-01 7.033934e-01
    outer loop
      vertex   1.049468e+01 3.573250e+01 5.000000e+00
      vertex   1.089778e+01 3.577646e+01 4.600000e+00
      vertex   1.077164e+01 3.614805e+01 4.600000e+00
    endloop
  endfacet
  facet normal 6.586320e-01 2.456570e-01 7.112359e-01
    outer loop
      vertex   1.049468e+01 3.573250e+01 5.000000e+00
      vertex   1.077164e+01 3.614805e+01 4.600000e+00
      vertex   1.036504e+01 3.608008e+01 5.000000e+00
    endloop
  endfacet
  facet normal 6.383783e-01 3.148134e-01 7.023999e-01
    outer loop
      vertex   1.036504e+01 3.608008e+01 5.000000e+00
      vertex   1.077164e+01 3.614805e+01 4.600000e+00
      vertex   1.059808e+01 3.650000e+01 4.600000e+00
    endloop
  endfacet
  facet normal 6.161491e-01 3.364429e-01 7.121562e-01
    outer loop
      vertex   1.036504e+01 3.608008e+01 5.000000e+00
      vertex   1.059808e+01 3.650000e+01 4.600000e+00
      vertex   1.018726e+01 3.640567e+01 5.000000e+00
    endloop
  endfacet
  facet normal 5.923704e-01 3.958093e-01 7.017352e-01
    outer loop
      vertex   1.018726e+01 3.640567e+01 5.000000e+00
      vertex   1.059808e+01 3.650000e+01 4.600000e+00
      vertex   1.038006e+01 3.682628e+01 4.600000e+00
    endloop
  endfacet
  facet normal 5.615494e-01 4.203706e-01 7.127067e-01
    outer loop
      vertex   1.018726e+01 3.640567e+01 5.000000e+00
      vertex   1.038006e+01 3.682628e+01 4.600000e+00
      vertex   9.964949e+00 3.670264e+01 5.000000e+00
    endloop
  endfacet
  facet normal 5.358857e-01 4.699591e-01 7.014021e-01
    outer loop
      vertex   9.964949e+00 3.670264e+01 5.000000e+00
      vertex   1.038006e+01 3.682628e+01 4.600000e+00
      vertex   1.012132e+01 3.712132e+01 4.600000e+00
    endloop
  endfacet
  facet normal 4.958770e-01 4.958770e-01 7.128899e-01
    outer loop
      vertex   9.964949e+00 3.670264e+01 5.000000e+00
      vertex   1.012132e+01 3.712132e+01 4.600000e+00
      vertex   9.702638e+00 3.696495e+01 5.000000e+00
    endloop
  endfacet
  facet normal 4.699591e-01 5.358857e-01 7.014021e-01
    outer loop
      vertex   9.702638e+00 3.696495e+01 5.000000e+00
      vertex   1.012132e+01 3.712132e+01 4.600000e+00
      vertex   9.826284e+00 3.738006e+01 4.600000e+00
    endloop
  endfacet
  facet normal 4.203706e-01 5.615494e-01 7.127067e-01
    outer loop
      vertex   9.702638e+00 3.696495e+01 5.000000e+00
      vertex   9.826284e+00 3.738006e+01 4.600000e+00
      vertex   9.405666e+00 3.718726e+01 5.000000e+00
    endloop
  endfacet
  facet normal 3.958093e-01 5.923704e-01 7.017352e-01
    outer loop
      vertex   9.405666e+00 3.718726e+01 5.000000e+00
      vertex   9.826284e+00 3.738006e+01 4.600000e+00
      vertex   9.500000e+00 3.759808e+01 4.600000e+00
    endloop
  endfacet
  facet normal 3.364429e-01 6.161491e-01 7.121562e-01
    outer loop
      vertex   9.405666e+00 3.718726e+01 5.000000e+00
      vertex   9.500000e+00 3.759808e+01 4.600000e+00
      vertex   9.080079e+00 3.736504e+01 5.000000e+00
    endloop
  endfacet
  facet normal 3.148134e-01 6.383783e-01 7.023999e-01
    outer loop
      vertex   9.080079e+00 3.736504e+01 5.000000e+00
      vertex   9.500000e+00 3.759808e+01 4.600000e+00
      vertex   9.148050e+00 3.777164e+01 4.600000e+00
    endloop
  endfacet
  facet normal 2.456570e-01 6.586320e-01 7.112359e-01
    outer loop
      vertex   9.080079e+00 3.736504e+01 5.000000e+00
      vertex   9.148050e+00 3.777164e+01 4.600000e+00
      vertex   8.732505e+00 3.749468e+01 5.000000e+00
    endloop
  endfacet
  facet normal 2.284794e-01 6.730786e-01 7.033934e-01
    outer loop
      vertex   8.732505e+00 3.749468e+01 5.000000e+00
      vertex   9.148050e+00 3.777164e+01 4.600000e+00
      vertex   8.776457e+00 3.789778e+01 4.600000e+00
    endloop
  endfacet
  facet normal 1.497014e-01 6.881661e-01 7.099415e-01
    outer loop
      vertex   8.732505e+00 3.749468e+01 5.000000e+00
      vertex   8.776457e+00 3.789778e+01 4.600000e+00
      vertex   8.370019e+00 3.757354e+01 5.000000e+00
    endloop
  endfacet
  facet normal 1.384154e-01 6.958612e-01 7.047115e-01
    outer loop
      vertex   8.370019e+00 3.757354e+01 5.000000e+00
      vertex   8.776457e+00 3.789778e+01 4.600000e+00
      vertex   8.391579e+00 3.797433e+01 4.600000e+00
    endloop
  endfacet
  facet normal 5.036153e-02 7.041461e-01 7.082669e-01
    outer loop
      vertex   8.370019e+00 3.757354e+01 5.000000e+00
      vertex   8.391579e+00 3.797433e+01 4.600000e+00
      vertex   8.000000e+00 3.760000e+01 5.000000e+00
    endloop
  endfacet
  facet normal 4.629653e-02 7.063486e-01 7.063486e-01
    outer loop
      vertex   8.000000e+00 3.760000e+01 5.000000e+00
      vertex   8.391579e+00 3.797433e+01 4.600000e+00
      vertex   8.000000e+00 3.800000e+01 4.600000e+00
    endloop
  endfacet
  facet normal -0.000000e+00 7.071068e-01 7.071068e-01
    outer loop
      vertex   3.000000e+00 3.760000e+01 5.000000e+00
      vertex   8.000000e+00 3.760000e+01 5.000000e+00
      vertex   3.000000e+00 3.800000e+01 4.600000e+00
    endloop
  endfacet
  facet normal -0.000000e+00 7.071068e-01 7.071068e-01
    outer loop
      vertex   3.000000e+00 3.800000e+01 4.600000e+00
      vertex   8.000000e+00 3.760000e+01 5.000000e+00
      vertex   8.000000e+00 3.800000e+01 4.600000e+00
    endloop
  endfacet
  facet normal -4.629653e-02 7.063486e-01 7.063486e-01
    outer loop
      vertex   3.000000e+00 3.800000e+01 4.600000e+00
      vertex   2.608421e+00 3.797433e+01 4.600000e+00
      vertex   3.000000e+00 3.760000e+01 5.000000e+00
    endloop
  endfacet
  facet normal -5.036153e-02 7.041461e-01 7.082669e-01
    outer loop
      vertex   3.000000e+00 3.760000e+01 5.000000e+00
      vertex   2.608421e+00 3.797433e+01 4.600000e+00
      vertex   2.629981e+00 3.757354e+01 5.000000e+00
    endloop
  endfacet
  facet normal -1.384154e-01 6.958612e-01 7.047115e-01
    outer loop
      vertex   2.629981e+00 3.757354e+01 5.000000e+00
      vertex   2.608421e+00 3.797433e+01 4.600000e+00
      vertex   2.223543e+00 3.789778e+01 4.600000e+00
    endloop
  endfacet
  facet normal -1.497014e-01 6.881661e-01 7.099415e-01
    outer loop
      vertex   2.629981e+00 3.757354e+01 5.000000e+00
      vertex   2.223543e+00 3.789778e+01 4.600000e+00
      vertex   2.267495e+00 3.749468e+01 5.000000e+00
    endloop
  endfacet
  facet normal -2.284794e-01 6.730786e-01 7.033934e-01
    outer loop
      vertex   2.267495e+00 3.749468e+01 5.000000e+00
      vertex   2.223543e+00 3.789778e+01 4.600000e+00
      vertex   1.851950e+00 3.777164e+01 4.600000e+00
    endloop
  endfacet
  facet normal -2.456570e-01 6.586320e-01 7.112359e-01
    outer loop
      vertex   2.267495e+00 3.749468e+01 5.000000e+00
      vertex   1.851950e+00 3.777164e+01 4.600000e+00
      vertex   1.919921e+00 3.736504e+01 5.000000e+00
    endloop
  endfacet
  facet normal -3.148134e-01 6.383783e-01 7.023999e-01
    outer loop
      vertex   1.919921e+00 3.736504e+01 5.000000e+00
      vertex   1.851950e+00 3.777164e+01 4.600000e+00
      vertex   1.500000e+00 3.759808e+01 4.600000e+00
    endloop
  endfacet
  facet normal -3.364429e-01 6.161491e-01 7.121562e-01
    outer loop
      vertex   1.919921e+00 3.736504e+01 5.000000e+00
      vertex   1.500000e+00 3.759808e+01 4.600000e+00
      vertex   1.594334e+00 3.718726e+01 5.000000e+00
    endloop
  endfacet
  facet normal -3.958093e-01 5.923704e-01 7.017352e-01
    outer loop
      vertex   1.594334e+00 3.718726e+01 5.000000e+00
      vertex   1.500000e+00 3.759808e+01 4.600000e+00
      vertex   1.173716e+00 3.738006e+01 4.600000e+00
    endloop
  endfacet
  facet normal -4.203706e-01 5.615494e-01 7.127067e-01
    outer loop
      vertex   1.594334e+00 3.718726e+01 5.000000e+00
      vertex   1.173716e+00 3.738006e+01 4.600000e+00
      vertex   1.297362e+00 3.696495e+01 5.000000e+00
    endloop
  endfacet
  facet normal -4.699591e-01 5.358857e-01 7.014021e-01
    outer loop
      vertex   1.297362e+00 3.696495e+01 5.000000e+00
      vertex   1.173716e+00 3.738006e+01 4.600000e+00
      vertex   8.786797e-01 3.712132e+01 4.600000e+00
    endloop
  endfacet
  facet normal -4.958770e-01 4.958770e-01 7.128899e-01
    outer loop
      vertex   1.297362e+00 3.696495e+01 5.000000e+00
      vertex   8.786797e-01 3.712132e+01 4.600000e+00
      vertex   1.035051e+00 3.670264e+01 5.000000e+00
    endloop
  endfacet
  facet normal -5.358857e-01 4.699591e-01 7.014021e-01
    outer loop
      vertex   1.035051e+00 3.670264e+01 5.000000e+00
      vertex   8.786797e-01 3.712132e+01 4.600000e+00
      vertex   6.199400e-01 3.682628e+01 4.600000e+00
    endloop
  endfacet
  facet normal -5.615494e-01 4.203706e-01 7.127067e-01
    outer loop
      vertex   1.035051e+00 3.670264e+01 5.000000e+00
      vertex   6.199400e-01 3.682628e+01 4.600000e+00
      vertex   8.127408e-01 3.640567e+01 5.000000e+00
    endloop
  endfacet
  facet normal -5.923704e-01 3.958093e-01 7.017352e-01
    outer loop
      vertex   8.127408e-01 3.640567e+01 5.000000e+00
      vertex   6.199400e-01 3.682628e+01 4.600000e+00
      vertex   4.019238e-01 3.650000e+01 4.600000e+00
    endloop
  endfacet
  facet normal -6.161491e-01 3.364429e-01 7.121562e-01
    outer loop
      vertex   8.127408e-01 3.640567e+01 5.000000e+00
      vertex   4.019238e-01 3.650000e+01 4.600000e+00
      vertex   6.349568e-01 3.608008e+01 5.000000e+00
    endloop
  endfacet
  facet normal -6.383783e-01 3.148134e-01 7.023999e-01
    outer loop
      vertex   6.349568e-01 3.608008e+01 5.000000e+00
      vertex   4.019238e-01 3.650000e+01 4.600000e+00
      vertex   2.283614e-01 3.614805e+01 4.600000e+00
    endloop
  endfacet
  facet normal -6.586320e-01 2.456570e-01 7.112359e-01
    outer loop
      vertex   6.349568e-01 3.608008e+01 5.000000e+00
      vertex   2.283614e-01 3.614805e+01 4.600000e+00
      vertex   5.053183e-01 3.573250e+01 5.000000e+00
    endloop
  endfacet
  facet normal -6.730786e-01 2.284794e-01 7.033934e-01
    outer loop
      vertex   5.053183e-01 3.573250e+01 5.000000e+00
      vertex   2.283614e-01 3.614805e+01 4.600000e+00
      vertex   1.022225e-01 3.577646e+01 4.600000e+00
    endloop
  endfacet
  facet normal -6.881661e-01 1.497014e-01 7.099415e-01
    outer loop
      vertex   5.053183e-01 3.573250e+01 5.000000e+00
      vertex   1.022225e-01 3.577646e+01 4.600000e+00
      vertex   4.264643e-01 3.537002e+01 5.000000e+00
    endloop
  endfacet
  facet normal -6.958612e-01 1.384154e-01 7.047115e-01
    outer loop
      vertex   4.264643e-01 3.537002e+01 5.000000e+00
      vertex   1.022225e-01 3.577646e+01 4.600000e+00
      vertex   2.566542e-02 3.539158e+01 4.600000e+00
    endloop
  endfacet
  facet normal -7.041461e-01 5.036153e-02 7.082669e-01
    outer loop
      vertex   4.264643e-01 3.537002e+01 5.000000e+00
      vertex   2.566542e-02 3.539158e+01 4.600000e+00
      vertex   4.000000e-01 3.500000e+01 5.000000e+00
    endloop
  endfacet
  facet normal -7.063486e-01 4.629653e-02 7.063486e-01
    outer loop
      vertex   4.000000e-01 3.500000e+01 5.000000e+00
      vertex   2.566542e-02 3.539158e+01 4.600000e+00
      vertex   0.000000e+00 3.500000e+01 4.600000e+00
    endloop
  endfacet
  facet normal -7.071068e-01 3.315229e-17 7.071068e-01
    outer loop
      vertex   4.000000e-01 3.500000e+01 5.000000e+00
      vertex   0.000000e+00 3.500000e+01 4.600000e+00
      vertex   4.000000e-01 5.400000e+00 5.000000e+00
    endloop
  endfacet
  facet normal -7.071068e-01 0.000000e+00 7.071068e-01
    outer loop
      vertex   4.000000e-01 5.400000e+00 5.000000e+00
      vertex   0.000000e+00 3.500000e+01 4.600000e+00
      vertex   0.000000e+00 4.600000e+00 4.600000e+00
    endloop
  endfacet
  facet normal 7.071068e-01 7.071068e-01 -0.000000e+00
    outer loop
      vertex   1.400000e+01 4.600000e+00 3.000000e+00
      vertex   1.360000e+01 5.000000e+00 3.165685e+00
      vertex   1.400000e+01 4.600000e+00 1.300000e+01
    endloop
  endfacet
  facet normal 7.071068e-01 7.071068e-01 0.000000e+00
    outer loop
      vertex   1.400000e+01 4.600000e+00 1.300000e+01
      vertex   1.360000e+01 5.000000e+00 3.165685e+00
      vertex   1.360000e+01 5.000000e+00 1.300000e+01
    endloop
  endfacet
  facet normal 3.267406e-02 7.067292e-01 7.067292e-01
    outer loop
      vertex   8.000000e+00 4.600000e+00 1.900000e+01
      vertex   8.553610e+00 4.600000e+00 1.897441e+01
      vertex   8.000000e+00 5.000000e+00 1.860000e+01
    endloop
  endfacet
  facet normal 3.464761e-02 7.080933e-01 7.052684e-01
    outer loop
      vertex   8.000000e+00 5.000000e+00 1.860000e+01
      vertex   8.553610e+00 4.600000e+00 1.897441e+01
      vertex   8.548896e+00 5.000000e+00 1.857303e+01
    endloop
  endfacet
  facet normal 9.791466e-02 7.054863e-01 7.019272e-01
    outer loop
      vertex   8.548896e+00 5.000000e+00 1.857303e+01
      vertex   8.553610e+00 4.600000e+00 1.897441e+01
      vertex   9.102497e+00 4.600000e+00 1.889784e+01
    endloop
  endfacet
  facet normal 1.034280e-01 7.093226e-01 6.972547e-01
    outer loop
      vertex   8.548896e+00 5.000000e+00 1.857303e+01
      vertex   9.102497e+00 4.600000e+00 1.889784e+01
      vertex   9.092506e+00 5.000000e+00 1.849240e+01
    endloop
  endfacet
  facet normal 1.625090e-01 7.044037e-01 6.909459e-01
    outer loop
      vertex   9.092506e+00 5.000000e+00 1.849240e+01
      vertex   9.102497e+00 4.600000e+00 1.889784e+01
      vertex   9.641978e+00 4.600000e+00 1.877095e+01
    endloop
  endfacet
  facet normal 1.710161e-01 7.103713e-01 6.827343e-01
    outer loop
      vertex   9.092506e+00 5.000000e+00 1.849240e+01
      vertex   9.641978e+00 4.600000e+00 1.877095e+01
      vertex   9.625594e+00 5.000000e+00 1.835887e+01
    endloop
  endfacet
  facet normal 2.258580e-01 7.034838e-01 6.738685e-01
    outer loop
      vertex   9.625594e+00 5.000000e+00 1.835887e+01
      vertex   9.641978e+00 4.600000e+00 1.877095e+01
      vertex   1.016745e+01 4.600000e+00 1.859483e+01
    endloop
  endfacet
  facet normal 2.368159e-01 7.112416e-01 6.618562e-01
    outer loop
      vertex   9.625594e+00 5.000000e+00 1.835887e+01
      vertex   1.016745e+01 4.600000e+00 1.859483e+01
      vertex   1.014303e+01 5.000000e+00 1.817373e+01
    endloop
  endfacet
  facet normal 2.873729e-01 7.027284e-01 6.508376e-01
    outer loop
      vertex   1.014303e+01 5.000000e+00 1.817373e+01
      vertex   1.016745e+01 4.600000e+00 1.859483e+01
      vertex   1.067443e+01 4.600000e+00 1.837098e+01
    endloop
  endfacet
  facet normal 3.002483e-01 7.119355e-01 6.348218e-01
    outer loop
      vertex   1.014303e+01 5.000000e+00 1.817373e+01
      vertex   1.067443e+01 4.600000e+00 1.837098e+01
      vertex   1.063982e+01 5.000000e+00 1.793876e+01
    endloop
  endfacet
  facet normal 3.464817e-01 7.021392e-01 6.220538e-01
    outer loop
      vertex   1.063982e+01 5.000000e+00 1.793876e+01
      vertex   1.067443e+01 4.600000e+00 1.837098e+01
      vertex   1.115859e+01 4.600000e+00 1.810130e+01
    endloop
  endfacet
  facet normal 3.607552e-01 7.124547e-01 6.018837e-01
    outer loop
      vertex   1.063982e+01 5.000000e+00 1.793876e+01
      vertex   1.115859e+01 4.600000e+00 1.810130e+01
      vertex   1.111119e+01 5.000000e+00 1.765623e+01
    endloop
  endfacet
  facet normal 4.026344e-01 7.017175e-01 5.877738e-01
    outer loop
      vertex   1.111119e+01 5.000000e+00 1.765623e+01
      vertex   1.115859e+01 4.600000e+00 1.810130e+01
      vertex   1.161581e+01 4.600000e+00 1.778810e+01
    endloop
  endfacet
  facet normal 4.178040e-01 7.128001e-01 5.633435e-01
    outer loop
      vertex   1.111119e+01 5.000000e+00 1.765623e+01
      vertex   1.161581e+01 4.600000e+00 1.778810e+01
      vertex   1.155260e+01 5.000000e+00 1.732886e+01
    endloop
  endfacet
  facet normal 4.553092e-01 7.014641e-01 5.483080e-01
    outer loop
      vertex   1.155260e+01 5.000000e+00 1.732886e+01
      vertex   1.161581e+01 4.600000e+00 1.778810e+01
      vertex   1.204217e+01 4.600000e+00 1.743405e+01
    endloop
  endfacet
  facet normal 4.708917e-01 7.129726e-01 5.195489e-01
    outer loop
      vertex   1.155260e+01 5.000000e+00 1.732886e+01
      vertex   1.204217e+01 4.600000e+00 1.743405e+01
      vertex   1.195980e+01 5.000000e+00 1.695980e+01
    endloop
  endfacet
  facet normal 5.040172e-01 7.013796e-01 5.040172e-01
    outer loop
      vertex   1.195980e+01 5.000000e+00 1.695980e+01
      vertex   1.204217e+01 4.600000e+00 1.743405e+01
      vertex   1.243405e+01 4.600000e+00 1.704217e+01
    endloop
  endfacet
  facet normal 5.195489e-01 7.129726e-01 4.708917e-01
    outer loop
      vertex   1.195980e+01 5.000000e+00 1.695980e+01
      vertex   1.243405e+01 4.600000e+00 1.704217e+01
      vertex   1.232886e+01 5.000000e+00 1.655260e+01
    endloop
  endfacet
  facet normal 5.483080e-01 7.014641e-01 4.553092e-01
    outer loop
      vertex   1.232886e+01 5.000000e+00 1.655260e+01
      vertex   1.243405e+01 4.600000e+00 1.704217e+01
      vertex   1.278810e+01 4.600000e+00 1.661581e+01
    endloop
  endfacet
  facet normal 5.633435e-01 7.128001e-01 4.178040e-01
    outer loop
      vertex   1.232886e+01 5.000000e+00 1.655260e+01
      vertex   1.278810e+01 4.600000e+00 1.661581e+01
      vertex   1.265623e+01 5.000000e+00 1.611119e+01
    endloop
  endfacet
  facet normal 5.877738e-01 7.017175e-01 4.026344e-01
    outer loop
      vertex   1.265623e+01 5.000000e+00 1.611119e+01
      vertex   1.278810e+01 4.600000e+00 1.661581e+01
      vertex   1.310130e+01 4.600000e+00 1.615859e+01
    endloop
  endfacet
  facet normal 6.018837e-01 7.124547e-01 3.607552e-01
    outer loop
      vertex   1.265623e+01 5.000000e+00 1.611119e+01
      vertex   1.310130e+01 4.600000e+00 1.615859e+01
      vertex   1.293876e+01 5.000000e+00 1.563982e+01
    endloop
  endfacet
  facet normal 6.220538e-01 7.021392e-01 3.464817e-01
    outer loop
      vertex   1.293876e+01 5.000000e+00 1.563982e+01
      vertex   1.310130e+01 4.600000e+00 1.615859e+01
      vertex   1.337098e+01 4.600000e+00 1.567443e+01
    endloop
  endfacet
  facet normal 6.348218e-01 7.119355e-01 3.002483e-01
    outer loop
      vertex   1.293876e+01 5.000000e+00 1.563982e+01
      vertex   1.337098e+01 4.600000e+00 1.567443e+01
      vertex   1.317373e+01 5.000000e+00 1.514303e+01
    endloop
  endfacet
  facet normal 6.508376e-01 7.027284e-01 2.873729e-01
    outer loop
      vertex   1.317373e+01 5.000000e+00 1.514303e+01
      vertex   1.337098e+01 4.600000e+00 1.567443e+01
      vertex   1.359483e+01 4.600000e+00 1.516745e+01
    endloop
  endfacet
  facet normal 6.618562e-01 7.112416e-01 2.368159e-01
    outer loop
      vertex   1.317373e+01 5.000000e+00 1.514303e+01
      vertex   1.359483e+01 4.600000e+00 1.516745e+01
      vertex   1.335887e+01 5.000000e+00 1.462559e+01
    endloop
  endfacet
  facet normal 6.738685e-01 7.034838e-01 2.258580e-01
    outer loop
      vertex   1.335887e+01 5.000000e+00 1.462559e+01
      vertex   1.359483e+01 4.600000e+00 1.516745e+01
      vertex   1.377095e+01 4.600000e+00 1.464198e+01
    endloop
  endfacet
  facet normal 6.827343e-01 7.103713e-01 1.710161e-01
    outer loop
      vertex   1.335887e+01 5.000000e+00 1.462559e+01
      vertex   1.377095e+01 4.600000e+00 1.464198e+01
      vertex   1.349240e+01 5.000000e+00 1.409251e+01
    endloop
  endfacet
  facet normal 6.909459e-01 7.044037e-01 1.625090e-01
    outer loop
      vertex   1.349240e+01 5.000000e+00 1.409251e+01
      vertex   1.377095e+01 4.600000e+00 1.464198e+01
      vertex   1.389784e+01 4.600000e+00 1.410250e+01
    endloop
  endfacet
  facet normal 6.972547e-01 7.093226e-01 1.034280e-01
    outer loop
      vertex   1.349240e+01 5.000000e+00 1.409251e+01
      vertex   1.389784e+01 4.600000e+00 1.410250e+01
      vertex   1.357303e+01 5.000000e+00 1.354890e+01
    endloop
  endfacet
  facet normal 7.019272e-01 7.054863e-01 9.791466e-02
    outer loop
      vertex   1.357303e+01 5.000000e+00 1.354890e+01
      vertex   1.389784e+01 4.600000e+00 1.410250e+01
      vertex   1.397441e+01 4.600000e+00 1.355361e+01
    endloop
  endfacet
  facet normal 7.052684e-01 7.080933e-01 3.464761e-02
    outer loop
      vertex   1.357303e+01 5.000000e+00 1.354890e+01
      vertex   1.397441e+01 4.600000e+00 1.355361e+01
      vertex   1.360000e+01 5.000000e+00 1.300000e+01
    endloop
  endfacet
  facet normal 7.067292e-01 7.067292e-01 3.267406e-02
    outer loop
      vertex   1.360000e+01 5.000000e+00 1.300000e+01
      vertex   1.397441e+01 4.600000e+00 1.355361e+01
      vertex   1.400000e+01 4.600000e+00 1.300000e+01
    endloop
  endfacet
  facet normal 1.256074e-15 7.071068e-01 7.071067e-01
    outer loop
      vertex   6.000000e+00 5.000000e+00 1.860000e+01
      vertex   6.000000e+00 4.600000e+00 1.900000e+01
      vertex   8.000000e+00 5.000000e+00 1.860000e+01
    endloop
  endfacet
  facet normal 2.634178e-08 7.071068e-01 7.071068e-01
    outer loop
      vertex   8.000000e+00 5.000000e+00 1.860000e+01
      vertex   6.000000e+00 4.600000e+00 1.900000e+01
      vertex   8.000000e+00 4.600000e+00 1.900000e+01
    endloop
  endfacet
  facet normal -7.067292e-01 7.067292e-01 3.267406e-02
    outer loop
      vertex   0.000000e+00 4.600000e+00 1.300000e+01
      vertex   2.559494e-02 4.600000e+00 1.355361e+01
      vertex   4.000000e-01 5.000000e+00 1.300000e+01
    endloop
  endfacet
  facet normal -7.052684e-01 7.080933e-01 3.464761e-02
    outer loop
      vertex   4.000000e-01 5.000000e+00 1.300000e+01
      vertex   2.559494e-02 4.600000e+00 1.355361e+01
      vertex   4.269655e-01 5.000000e+00 1.354890e+01
    endloop
  endfacet
  facet normal -7.019272e-01 7.054863e-01 9.791466e-02
    outer loop
      vertex   4.269655e-01 5.000000e+00 1.354890e+01
      vertex   2.559494e-02 4.600000e+00 1.355361e+01
      vertex   1.021614e-01 4.600000e+00 1.410250e+01
    endloop
  endfacet
  facet normal -6.972547e-01 7.093226e-01 1.034280e-01
    outer loop
      vertex   4.269655e-01 5.000000e+00 1.354890e+01
      vertex   1.021614e-01 4.600000e+00 1.410250e+01
      vertex   5.076024e-01 5.000000e+00 1.409251e+01
    endloop
  endfacet
  facet normal -6.909459e-01 7.044037e-01 1.625090e-01
    outer loop
      vertex   5.076024e-01 5.000000e+00 1.409251e+01
      vertex   1.021614e-01 4.600000e+00 1.410250e+01
      vertex   2.290461e-01 4.600000e+00 1.464198e+01
    endloop
  endfacet
  facet normal -6.827343e-01 7.103713e-01 1.710161e-01
    outer loop
      vertex   5.076024e-01 5.000000e+00 1.409251e+01
      vertex   2.290461e-01 4.600000e+00 1.464198e+01
      vertex   6.411341e-01 5.000000e+00 1.462559e+01
    endloop
  endfacet
  facet normal -6.738685e-01 7.034838e-01 2.258580e-01
    outer loop
      vertex   6.411341e-01 5.000000e+00 1.462559e+01
      vertex   2.290461e-01 4.600000e+00 1.464198e+01
      vertex   4.051666e-01 4.600000e+00 1.516745e+01
    endloop
  endfacet
  facet normal -6.618562e-01 7.112416e-01 2.368159e-01
    outer loop
      vertex   6.411341e-01 5.000000e+00 1.462559e+01
      vertex   4.051666e-01 4.600000e+00 1.516745e+01
      vertex   8.262746e-01 5.000000e+00 1.514303e+01
    endloop
  endfacet
  facet normal -6.508376e-01 7.027284e-01 2.873729e-01
    outer loop
      vertex   8.262746e-01 5.000000e+00 1.514303e+01
      vertex   4.051666e-01 4.600000e+00 1.516745e+01
      vertex   6.290203e-01 4.600000e+00 1.567443e+01
    endloop
  endfacet
  facet normal -6.348218e-01 7.119355e-01 3.002483e-01
    outer loop
      vertex   8.262746e-01 5.000000e+00 1.514303e+01
      vertex   6.290203e-01 4.600000e+00 1.567443e+01
      vertex   1.061241e+00 5.000000e+00 1.563982e+01
    endloop
  endfacet
  facet normal -6.220538e-01 7.021392e-01 3.464817e-01
    outer loop
      vertex   1.061241e+00 5.000000e+00 1.563982e+01
      vertex   6.290203e-01 4.600000e+00 1.567443e+01
      vertex   8.986972e-01 4.600000e+00 1.615859e+01
    endloop
  endfacet
  facet normal -6.018837e-01 7.124547e-01 3.607552e-01
    outer loop
      vertex   1.061241e+00 5.000000e+00 1.563982e+01
      vertex   8.986972e-01 4.600000e+00 1.615859e+01
      vertex   1.343770e+00 5.000000e+00 1.611119e+01
    endloop
  endfacet
  facet normal -5.877738e-01 7.017175e-01 4.026344e-01
    outer loop
      vertex   1.343770e+00 5.000000e+00 1.611119e+01
      vertex   8.986972e-01 4.600000e+00 1.615859e+01
      vertex   1.211897e+00 4.600000e+00 1.661581e+01
    endloop
  endfacet
  facet normal -5.633435e-01 7.128001e-01 4.178040e-01
    outer loop
      vertex   1.343770e+00 5.000000e+00 1.611119e+01
      vertex   1.211897e+00 4.600000e+00 1.661581e+01
      vertex   1.671141e+00 5.000000e+00 1.655260e+01
    endloop
  endfacet
  facet normal -5.483080e-01 7.014641e-01 4.553092e-01
    outer loop
      vertex   1.671141e+00 5.000000e+00 1.655260e+01
      vertex   1.211897e+00 4.600000e+00 1.661581e+01
      vertex   1.565946e+00 4.600000e+00 1.704217e+01
    endloop
  endfacet
  facet normal -5.195489e-01 7.129726e-01 4.708917e-01
    outer loop
      vertex   1.671141e+00 5.000000e+00 1.655260e+01
      vertex   1.565946e+00 4.600000e+00 1.704217e+01
      vertex   2.040202e+00 5.000000e+00 1.695980e+01
    endloop
  endfacet
  facet normal -5.040172e-01 7.013796e-01 5.040172e-01
    outer loop
      vertex   2.040202e+00 5.000000e+00 1.695980e+01
      vertex   1.565946e+00 4.600000e+00 1.704217e+01
      vertex   1.957826e+00 4.600000e+00 1.743405e+01
    endloop
  endfacet
  facet normal -4.708917e-01 7.129726e-01 5.195489e-01
    outer loop
      vertex   2.040202e+00 5.000000e+00 1.695980e+01
      vertex   1.957826e+00 4.600000e+00 1.743405e+01
      vertex   2.447398e+00 5.000000e+00 1.732886e+01
    endloop
  endfacet
  facet normal -4.553092e-01 7.014641e-01 5.483080e-01
    outer loop
      vertex   2.447398e+00 5.000000e+00 1.732886e+01
      vertex   1.957826e+00 4.600000e+00 1.743405e+01
      vertex   2.384192e+00 4.600000e+00 1.778810e+01
    endloop
  endfacet
  facet normal -4.178040e-01 7.128001e-01 5.633435e-01
    outer loop
      vertex   2.447398e+00 5.000000e+00 1.732886e+01
      vertex   2.384192e+00 4.600000e+00 1.778810e+01
      vertex   2.888807e+00 5.000000e+00 1.765623e+01
    endloop
  endfacet
  facet normal -4.026344e-01 7.017175e-01 5.877738e-01
    outer loop
      vertex   2.888807e+00 5.000000e+00 1.765623e+01
      vertex   2.384192e+00 4.600000e+00 1.778810e+01
      vertex   2.841407e+00 4.600000e+00 1.810130e+01
    endloop
  endfacet
  facet normal -3.607552e-01 7.124547e-01 6.018837e-01
    outer loop
      vertex   2.888807e+00 5.000000e+00 1.765623e+01
      vertex   2.841407e+00 4.600000e+00 1.810130e+01
      vertex   3.360178e+00 5.000000e+00 1.793876e+01
    endloop
  endfacet
  facet normal -3.464817e-01 7.021392e-01 6.220538e-01
    outer loop
      vertex   3.360178e+00 5.000000e+00 1.793876e+01
      vertex   2.841407e+00 4.600000e+00 1.810130e+01
      vertex   3.325570e+00 4.600000e+00 1.837098e+01
    endloop
  endfacet
  facet normal -3.002483e-01 7.119355e-01 6.348218e-01
    outer loop
      vertex   3.360178e+00 5.000000e+00 1.793876e+01
      vertex   3.325570e+00 4.600000e+00 1.837098e+01
      vertex   3.856973e+00 5.000000e+00 1.817373e+01
    endloop
  endfacet
  facet normal -2.873729e-01 7.027284e-01 6.508376e-01
    outer loop
      vertex   3.856973e+00 5.000000e+00 1.817373e+01
      vertex   3.325570e+00 4.600000e+00 1.837098e+01
      vertex   3.832550e+00 4.600000e+00 1.859483e+01
    endloop
  endfacet
  facet normal -2.368159e-01 7.112416e-01 6.618562e-01
    outer loop
      vertex   3.856973e+00 5.000000e+00 1.817373e+01
      vertex   3.832550e+00 4.600000e+00 1.859483e+01
      vertex   4.374406e+00 5.000000e+00 1.835887e+01
    endloop
  endfacet
  facet normal -2.258580e-01 7.034838e-01 6.738685e-01
    outer loop
      vertex   4.374406e+00 5.000000e+00 1.835887e+01
      vertex   3.832550e+00 4.600000e+00 1.859483e+01
      vertex   4.358022e+00 4.600000e+00 1.877095e+01
    endloop
  endfacet
  facet normal -1.710161e-01 7.103713e-01 6.827343e-01
    outer loop
      vertex   4.374406e+00 5.000000e+00 1.835887e+01
      vertex   4.358022e+00 4.600000e+00 1.877095e+01
      vertex   4.907494e+00 5.000000e+00 1.849240e+01
    endloop
  endfacet
  facet normal -1.625090e-01 7.044037e-01 6.909459e-01
    outer loop
      vertex   4.907494e+00 5.000000e+00 1.849240e+01
      vertex   4.358022e+00 4.600000e+00 1.877095e+01
      vertex   4.897503e+00 4.600000e+00 1.889784e+01
    endloop
  endfacet
  facet normal -1.034280e-01 7.093226e-01 6.972547e-01
    outer loop
      vertex   4.907494e+00 5.000000e+00 1.849240e+01
      vertex   4.897503e+00 4.600000e+00 1.889784e+01
      vertex   5.451104e+00 5.000000e+00 1.857303e+01
    endloop
  endfacet
  facet normal -9.791466e-02 7.054863e-01 7.019272e-01
    outer loop
      vertex   5.451104e+00 5.000000e+00 1.857303e+01
      vertex   4.897503e+00 4.600000e+00 1.889784e+01
      vertex   5.446390e+00 4.600000e+00 1.897441e+01
    endloop
  endfacet
  facet normal -3.464761e-02 7.080933e-01 7.052684e-01
    outer loop
      vertex   5.451104e+00 5.000000e+00 1.857303e+01
      vertex   5.446390e+00 4.600000e+00 1.897441e+01
      vertex   6.000000e+00 5.000000e+00 1.860000e+01
    endloop
  endfacet
  facet normal -3.267416e-02 7.067293e-01 7.067292e-01
    outer loop
      vertex   6.000000e+00 5.000000e+00 1.860000e+01
      vertex   5.446390e+00 4.600000e+00 1.897441e+01
      vertex   6.000000e+00 4.600000e+00 1.900000e+01
    endloop
  endfacet
  facet normal -7.071068e-01 7.071068e-01 5.164778e-16
    outer loop
      vertex   4.000000e-01 5.000000e+00 1.300000e+01
      vertex   4.000000e-01 5.000000e+00 5.400000e+00
      vertex   0.000000e+00 4.600000e+00 1.300000e+01
    endloop
  endfacet
  facet normal -7.071067e-01 7.071068e-01 6.271853e-09
    outer loop
      vertex   0.000000e+00 4.600000e+00 1.300000e+01
      vertex   4.000000e-01 5.000000e+00 5.400000e+00
      vertex   0.000000e+00 4.600000e+00 4.600000e+00
    endloop
  endfacet
  facet normal 0.000000e+00 7.071067e-01 7.071068e-01
    outer loop
      vertex   1.140000e+01 5.000000e+00 5.400000e+00
      vertex   1.060000e+01 5.400000e+00 5.000000e+00
      vertex   4.000000e-01 5.000000e+00 5.400000e+00
    endloop
  endfacet
  facet normal 0.000000e+00 7.071067e-01 7.071068e-01
    outer loop
      vertex   4.000000e-01 5.000000e+00 5.400000e+00
      vertex   1.060000e+01 5.400000e+00 5.000000e+00
      vertex   4.000000e-01 5.400000e+00 5.000000e+00
    endloop
  endfacet
  facet normal 7.071068e-01 7.071068e-01 -0.000000e+00
    outer loop
      vertex   1.100000e+01 5.400000e+00 1.131371e+00
      vertex   1.100000e+01 5.400000e+00 4.600000e+00
      vertex   1.140000e+01 5.000000e+00 9.656854e-01
    endloop
  endfacet
  facet normal 7.071068e-01 7.071068e-01 -0.000000e+00
    outer loop
      vertex   1.140000e+01 5.000000e+00 9.656854e-01
      vertex   1.100000e+01 5.400000e+00 4.600000e+00
      vertex   1.140000e+01 5.000000e+00 5.400000e+00
    endloop
  endfacet
  facet normal 9.989330e-01 -0.000000e+00 4.618346e-02
    outer loop
      vertex   1.400000e+01 4.000000e-01 1.300000e+01
      vertex   1.400000e+01 4.600000e+00 1.300000e+01
      vertex   1.397441e+01 4.000000e-01 1.355361e+01
    endloop
  endfacet
  facet normal 9.989330e-01 -0.000000e+00 4.618346e-02
    outer loop
      vertex   1.397441e+01 4.000000e-01 1.355361e+01
      vertex   1.400000e+01 4.600000e+00 1.300000e+01
      vertex   1.397441e+01 4.600000e+00 1.355361e+01
    endloop
  endfacet
  facet normal 9.904104e-01 -0.000000e+00 1.381564e-01
    outer loop
      vertex   1.397441e+01 4.000000e-01 1.355361e+01
      vertex   1.397441e+01 4.600000e+00 1.355361e+01
      vertex   1.389784e+01 4.000000e-01 1.410250e+01
    endloop
  endfacet
  facet normal 9.904104e-01 -0.000000e+00 1.381564e-01
    outer loop
      vertex   1.389784e+01 4.000000e-01 1.410250e+01
      vertex   1.397441e+01 4.600000e+00 1.355361e+01
      vertex   1.389784e+01 4.600000e+00 1.410250e+01
    endloop
  endfacet
  facet normal 9.734381e-01 -0.000000e+00 2.289505e-01
    outer loop
      vertex   1.389784e+01 4.000000e-01 1.410250e+01
      vertex   1.389784e+01 4.600000e+00 1.410250e+01
      vertex   1.377095e+01 4.000000e-01 1.464198e+01
    endloop
  endfacet
  facet normal 9.734381e-01 5.085408e-16 2.289505e-01
    outer loop
      vertex   1.377095e+01 4.000000e-01 1.464198e+01
      vertex   1.389784e+01 4.600000e+00 1.410250e+01
      vertex   1.377095e+01 4.600000e+00 1.464198e+01
    endloop
  endfacet
  facet normal 9.481606e-01 5.354244e-16 3.177914e-01
    outer loop
      vertex   1.377095e+01 4.000000e-01 1.464198e+01
      vertex   1.377095e+01 4.600000e+00 1.464198e+01
      vertex   1.359483e+01 4.000000e-01 1.516745e+01
    endloop
  endfacet
  facet normal 9.481606e-01 -0.000000e+00 3.177914e-01
    outer loop
      vertex   1.359483e+01 4.000000e-01 1.516745e+01
      vertex   1.377095e+01 4.600000e+00 1.464198e+01
      vertex   1.359483e+01 4.600000e+00 1.516745e+01
    endloop
  endfacet
  facet normal 9.147939e-01 -0.000000e+00 4.039210e-01
    outer loop
      vertex   1.359483e+01 4.000000e-01 1.516745e+01
      vertex   1.359483e+01 4.600000e+00 1.516745e+01
      vertex   1.337098e+01 4.000000e-01 1.567443e+01
    endloop
  endfacet
  facet normal 9.147939e-01 -0.000000e+00 4.039210e-01
    outer loop
      vertex   1.337098e+01 4.000000e-01 1.567443e+01
      vertex   1.359483e+01 4.600000e+00 1.516745e+01
      vertex   1.337098e+01 4.600000e+00 1.567443e+01
    endloop
  endfacet
  facet normal 8.736224e-01 -0.000000e+00 4.866045e-01
    outer loop
      vertex   1.337098e+01 4.000000e-01 1.567443e+01
      vertex   1.337098e+01 4.600000e+00 1.567443e+01
      vertex   1.310130e+01 4.000000e-01 1.615859e+01
    endloop
  endfacet
  facet normal 8.736224e-01 -0.000000e+00 4.866045e-01
    outer loop
      vertex   1.310130e+01 4.000000e-01 1.615859e+01
      vertex   1.337098e+01 4.600000e+00 1.567443e+01
      vertex   1.310130e+01 4.600000e+00 1.615859e+01
    endloop
  endfacet
  facet normal 8.249975e-01 -0.000000e+00 5.651364e-01
    outer loop
      vertex   1.310130e+01 4.000000e-01 1.615859e+01
      vertex   1.310130e+01 4.600000e+00 1.615859e+01
      vertex   1.278810e+01 4.000000e-01 1.661581e+01
    endloop
  endfacet
  facet normal 8.249975e-01 -0.000000e+00 5.651364e-01
    outer loop
      vertex   1.278810e+01 4.000000e-01 1.661581e+01
      vertex   1.310130e+01 4.600000e+00 1.615859e+01
      vertex   1.278810e+01 4.600000e+00 1.661581e+01
    endloop
  endfacet
  facet normal 7.693340e-01 -0.000000e+00 6.388468e-01
    outer loop
      vertex   1.278810e+01 4.000000e-01 1.661581e+01
      vertex   1.278810e+01 4.600000e+00 1.661581e+01
      vertex   1.243405e+01 4.000000e-01 1.704217e+01
    endloop
  endfacet
  facet normal 7.693340e-01 -0.000000e+00 6.388468e-01
    outer loop
      vertex   1.243405e+01 4.000000e-01 1.704217e+01
      vertex   1.278810e+01 4.600000e+00 1.661581e+01
      vertex   1.243405e+01 4.600000e+00 1.704217e+01
    endloop
  endfacet
  facet normal 7.071068e-01 -0.000000e+00 7.071068e-01
    outer loop
      vertex   1.243405e+01 4.000000e-01 1.704217e+01
      vertex   1.243405e+01 4.600000e+00 1.704217e+01
      vertex   1.204217e+01 4.000000e-01 1.743405e+01
    endloop
  endfacet
  facet normal 7.071068e-01 -0.000000e+00 7.071068e-01
    outer loop
      vertex   1.204217e+01 4.000000e-01 1.743405e+01
      vertex   1.243405e+01 4.600000e+00 1.704217e+01
      vertex   1.204217e+01 4.600000e+00 1.743405e+01
    endloop
  endfacet
  facet normal 6.388468e-01 -0.000000e+00 7.693340e-01
    outer loop
      vertex   1.204217e+01 4.000000e-01 1.743405e+01
      vertex   1.204217e+01 4.600000e+00 1.743405e+01
      vertex   1.161581e+01 4.000000e-01 1.778810e+01
    endloop
  endfacet
  facet normal 6.388468e-01 -0.000000e+00 7.693340e-01
    outer loop
      vertex   1.161581e+01 4.000000e-01 1.778810e+01
      vertex   1.204217e+01 4.600000e+00 1.743405e+01
      vertex   1.161581e+01 4.600000e+00 1.778810e+01
    endloop
  endfacet
  facet normal 5.651364e-01 -0.000000e+00 8.249975e-01
    outer loop
      vertex   1.161581e+01 4.000000e-01 1.778810e+01
      vertex   1.161581e+01 4.600000e+00 1.778810e+01
      vertex   1.115859e+01 4.000000e-01 1.810130e+01
    endloop
  endfacet
  facet normal 5.651364e-01 -0.000000e+00 8.249975e-01
    outer loop
      vertex   1.115859e+01 4.000000e-01 1.810130e+01
      vertex   1.161581e+01 4.600000e+00 1.778810e+01
      vertex   1.115859e+01 4.600000e+00 1.810130e+01
    endloop
  endfacet
  facet normal 4.866045e-01 -0.000000e+00 8.736224e-01
    outer loop
      vertex   1.115859e+01 4.000000e-01 1.810130e+01
      vertex   1.115859e+01 4.600000e+00 1.810130e+01
      vertex   1.067443e+01 4.000000e-01 1.837098e+01
    endloop
  endfacet
  facet normal 4.866045e-01 -0.000000e+00 8.736224e-01
    outer loop
      vertex   1.067443e+01 4.000000e-01 1.837098e+01
      vertex   1.115859e+01 4.600000e+00 1.810130e+01
      vertex   1.067443e+01 4.600000e+00 1.837098e+01
    endloop
  endfacet
  facet normal 4.039210e-01 -0.000000e+00 9.147939e-01
    outer loop
      vertex   1.067443e+01 4.000000e-01 1.837098e+01
      vertex   1.067443e+01 4.600000e+00 1.837098e+01
      vertex   1.016745e+01 4.000000e-01 1.859483e+01
    endloop
  endfacet
  facet normal 4.039210e-01 -0.000000e+00 9.147939e-01
    outer loop
      vertex   1.016745e+01 4.000000e-01 1.859483e+01
      vertex   1.067443e+01 4.600000e+00 1.837098e+01
      vertex   1.016745e+01 4.600000e+00 1.859483e+01
    endloop
  endfacet
  facet normal 3.177914e-01 -0.000000e+00 9.481606e-01
    outer loop
      vertex   1.016745e+01 4.000000e-01 1.859483e+01
      vertex   1.016745e+01 4.600000e+00 1.859483e+01
      vertex   9.641978e+00 4.000000e-01 1.877095e+01
    endloop
  endfacet
  facet normal 3.177914e-01 -9.364415e-16 9.481606e-01
    outer loop
      vertex   9.641978e+00 4.000000e-01 1.877095e+01
      vertex   1.016745e+01 4.600000e+00 1.859483e+01
      vertex   9.641978e+00 4.600000e+00 1.877095e+01
    endloop
  endfacet
  facet normal 2.289505e-01 -9.202487e-16 9.734381e-01
    outer loop
      vertex   9.641978e+00 4.000000e-01 1.877095e+01
      vertex   9.641978e+00 4.600000e+00 1.877095e+01
      vertex   9.102497e+00 4.000000e-01 1.889784e+01
    endloop
  endfacet
  facet normal 2.289505e-01 -0.000000e+00 9.734381e-01
    outer loop
      vertex   9.102497e+00 4.000000e-01 1.889784e+01
      vertex   9.641978e+00 4.600000e+00 1.877095e+01
      vertex   9.102497e+00 4.600000e+00 1.889784e+01
    endloop
  endfacet
  facet normal 1.381564e-01 -0.000000e+00 9.904104e-01
    outer loop
      vertex   9.102497e+00 4.000000e-01 1.889784e+01
      vertex   9.102497e+00 4.600000e+00 1.889784e+01
      vertex   8.553610e+00 4.000000e-01 1.897441e+01
    endloop
  endfacet
  facet normal 1.381564e-01 -0.000000e+00 9.904104e-01
    outer loop
      vertex   8.553610e+00 4.000000e-01 1.897441e+01
      vertex   9.102497e+00 4.600000e+00 1.889784e+01
      vertex   8.553610e+00 4.600000e+00 1.897441e+01
    endloop
  endfacet
  facet normal 4.618346e-02 -0.000000e+00 9.989330e-01
    outer loop
      vertex   8.553610e+00 4.000000e-01 1.897441e+01
      vertex   8.553610e+00 4.600000e+00 1.897441e+01
      vertex   8.000000e+00 4.000000e-01 1.900000e+01
    endloop
  endfacet
  facet normal 4.618346e-02 -0.000000e+00 9.989330e-01
    outer loop
      vertex   8.000000e+00 4.000000e-01 1.900000e+01
      vertex   8.553610e+00 4.600000e+00 1.897441e+01
      vertex   8.000000e+00 4.600000e+00 1.900000e+01
    endloop
  endfacet
  facet normal 0.000000e+00 0.000000e+00 1.000000e+00
    outer loop
      vertex   6.000000e+00 4.600000e+00 1.900000e+01
      vertex   6.000000e+00 4.000000e-01 1.900000e+01
      vertex   8.000000e+00 4.600000e+00 1.900000e+01
    endloop
  endfacet
  facet normal 0.000000e+00 0.000000e+00 1.000000e+00
    outer loop
      vertex   8.000000e+00 4.600000e+00 1.900000e+01
      vertex   6.000000e+00 4.000000e-01 1.900000e+01
      vertex   8.000000e+00 4.000000e-01 1.900000e+01
    endloop
  endfacet
  facet normal -4.618346e-02 0.000000e+00 9.989330e-01
    outer loop
      vertex   6.000000e+00 4.600000e+00 1.900000e+01
      vertex   5.446390e+00 4.600000e+00 1.897441e+01
      vertex   6.000000e+00 4.000000e-01 1.900000e+01
    endloop
  endfacet
  facet normal -4.618346e-02 0.000000e+00 9.989330e-01
    outer loop
      vertex   6.000000e+00 4.000000e-01 1.900000e+01
      vertex   5.446390e+00 4.600000e+00 1.897441e+01
      vertex   5.446390e+00 4.000000e-01 1.897441e+01
    endloop
  endfacet
  facet normal -1.381564e-01 0.000000e+00 9.904104e-01
    outer loop
      vertex   5.446390e+00 4.000000e-01 1.897441e+01
      vertex   5.446390e+00 4.600000e+00 1.897441e+01
      vertex   4.897503e+00 4.000000e-01 1.889784e+01
    endloop
  endfacet
  facet normal -1.381564e-01 0.000000e+00 9.904104e-01
    outer loop
      vertex   4.897503e+00 4.000000e-01 1.889784e+01
      vertex   5.446390e+00 4.600000e+00 1.897441e+01
      vertex   4.897503e+00 4.600000e+00 1.889784e+01
    endloop
  endfacet
  facet normal -2.289505e-01 0.000000e+00 9.734381e-01
    outer loop
      vertex   4.897503e+00 4.000000e-01 1.889784e+01
      vertex   4.897503e+00 4.600000e+00 1.889784e+01
      vertex   4.358022e+00 4.000000e-01 1.877095e+01
    endloop
  endfacet
  facet normal -2.289505e-01 8.234159e-16 9.734381e-01
    outer loop
      vertex   4.358022e+00 4.000000e-01 1.877095e+01
      vertex   4.897503e+00 4.600000e+00 1.889784e+01
      vertex   4.358022e+00 4.600000e+00 1.877095e+01
    endloop
  endfacet
  facet normal -3.177914e-01 8.020341e-16 9.481606e-01
    outer loop
      vertex   4.358022e+00 4.000000e-01 1.877095e+01
      vertex   4.358022e+00 4.600000e+00 1.877095e+01
      vertex   3.832550e+00 4.000000e-01 1.859483e+01
    endloop
  endfacet
  facet normal -3.177914e-01 0.000000e+00 9.481606e-01
    outer loop
      vertex   3.832550e+00 4.000000e-01 1.859483e+01
      vertex   4.358022e+00 4.600000e+00 1.877095e+01
      vertex   3.832550e+00 4.600000e+00 1.859483e+01
    endloop
  endfacet
  facet normal -4.039210e-01 0.000000e+00 9.147939e-01
    outer loop
      vertex   3.832550e+00 4.000000e-01 1.859483e+01
      vertex   3.832550e+00 4.600000e+00 1.859483e+01
      vertex   3.325570e+00 4.000000e-01 1.837098e+01
    endloop
  endfacet
  facet normal -4.039210e-01 0.000000e+00 9.147939e-01
    outer loop
      vertex   3.325570e+00 4.000000e-01 1.837098e+01
      vertex   3.832550e+00 4.600000e+00 1.859483e+01
      vertex   3.325570e+00 4.600000e+00 1.837098e+01
    endloop
  endfacet
  facet normal -4.866045e-01 0.000000e+00 8.736224e-01
    outer loop
      vertex   3.325570e+00 4.000000e-01 1.837098e+01
      vertex   3.325570e+00 4.600000e+00 1.837098e+01
      vertex   2.841407e+00 4.000000e-01 1.810130e+01
    endloop
  endfacet
  facet normal -4.866045e-01 0.000000e+00 8.736224e-01
    outer loop
      vertex   2.841407e+00 4.000000e-01 1.810130e+01
      vertex   3.325570e+00 4.600000e+00 1.837098e+01
      vertex   2.841407e+00 4.600000e+00 1.810130e+01
    endloop
  endfacet
  facet normal -5.651364e-01 0.000000e+00 8.249975e-01
    outer loop
      vertex   2.841407e+00 4.000000e-01 1.810130e+01
      vertex   2.841407e+00 4.600000e+00 1.810130e+01
      vertex   2.384192e+00 4.000000e-01 1.778810e+01
    endloop
  endfacet
  facet normal -5.651364e-01 5.975500e-17 8.249975e-01
    outer loop
      vertex   2.384192e+00 4.000000e-01 1.778810e+01
      vertex   2.841407e+00 4.600000e+00 1.810130e+01
      vertex   2.384192e+00 4.600000e+00 1.778810e+01
    endloop
  endfacet
  facet normal -6.388468e-01 6.754880e-17 7.693340e-01
    outer loop
      vertex   2.384192e+00 4.000000e-01 1.778810e+01
      vertex   2.384192e+00 4.600000e+00 1.778810e+01
      vertex   1.957826e+00 4.000000e-01 1.743405e+01
    endloop
  endfacet
  facet normal -6.388468e-01 0.000000e+00 7.693340e-01
    outer loop
      vertex   1.957826e+00 4.000000e-01 1.743405e+01
      vertex   2.384192e+00 4.600000e+00 1.778810e+01
      vertex   1.957826e+00 4.600000e+00 1.743405e+01
    endloop
  endfacet
  facet normal -7.071068e-01 0.000000e+00 7.071068e-01
    outer loop
      vertex   1.957826e+00 4.000000e-01 1.743405e+01
      vertex   1.957826e+00 4.600000e+00 1.743405e+01
      vertex   1.565946e+00 4.000000e-01 1.704217e+01
    endloop
  endfacet
  facet normal -7.071068e-01 0.000000e+00 7.071068e-01
    outer loop
      vertex   1.565946e+00 4.000000e-01 1.704217e+01
      vertex   1.957826e+00 4.600000e+00 1.743405e+01
      vertex   1.565946e+00 4.600000e+00 1.704217e+01
    endloop
  endfacet
  facet normal -7.693340e-01 0.000000e+00 6.388468e-01
    outer loop
      vertex   1.565946e+00 4.000000e-01 1.704217e+01
      vertex   1.565946e+00 4.600000e+00 1.704217e+01
      vertex   1.211897e+00 4.000000e-01 1.661581e+01
    endloop
  endfacet
  facet normal -7.693340e-01 8.134593e-17 6.388468e-01
    outer loop
      vertex   1.211897e+00 4.000000e-01 1.661581e+01
      vertex   1.565946e+00 4.600000e+00 1.704217e+01
      vertex   1.211897e+00 4.600000e+00 1.661581e+01
    endloop
  endfacet
  facet normal -8.249975e-01 8.723154e-17 5.651364e-01
    outer loop
      vertex   1.211897e+00 4.000000e-01 1.661581e+01
      vertex   1.211897e+00 4.600000e+00 1.661581e+01
      vertex   8.986972e-01 4.000000e-01 1.615859e+01
    endloop
  endfacet
  facet normal -8.249975e-01 0.000000e+00 5.651364e-01
    outer loop
      vertex   8.986972e-01 4.000000e-01 1.615859e+01
      vertex   1.211897e+00 4.600000e+00 1.661581e+01
      vertex   8.986972e-01 4.600000e+00 1.615859e+01
    endloop
  endfacet
  facet normal -8.736224e-01 0.000000e+00 4.866045e-01
    outer loop
      vertex   8.986972e-01 4.000000e-01 1.615859e+01
      vertex   8.986972e-01 4.600000e+00 1.615859e+01
      vertex   6.290203e-01 4.000000e-01 1.567443e+01
    endloop
  endfacet
  facet normal -8.736224e-01 0.000000e+00 4.866045e-01
    outer loop
      vertex   6.290203e-01 4.000000e-01 1.567443e+01
      vertex   8.986972e-01 4.600000e+00 1.615859e+01
      vertex   6.290203e-01 4.600000e+00 1.567443e+01
    endloop
  endfacet
  facet normal -9.147939e-01 0.000000e+00 4.039210e-01
    outer loop
      vertex   6.290203e-01 4.000000e-01 1.567443e+01
      vertex   6.290203e-01 4.600000e+00 1.567443e+01
      vertex   4.051666e-01 4.000000e-01 1.516745e+01
    endloop
  endfacet
  facet normal -9.147939e-01 -6.045388e-17 4.039210e-01
    outer loop
      vertex   4.051666e-01 4.000000e-01 1.516745e+01
      vertex   6.290203e-01 4.600000e+00 1.567443e+01
      vertex   4.051666e-01 4.600000e+00 1.516745e+01
    endloop
  endfacet
  facet normal -9.481606e-01 -6.265892e-17 3.177914e-01
    outer loop
      vertex   4.051666e-01 4.000000e-01 1.516745e+01
      vertex   4.051666e-01 4.600000e+00 1.516745e+01
      vertex   2.290461e-01 4.000000e-01 1.464198e+01
    endloop
  endfacet
  facet normal -9.481606e-01 -1.970663e-16 3.177914e-01
    outer loop
      vertex   2.290461e-01 4.000000e-01 1.464198e+01
      vertex   4.051666e-01 4.600000e+00 1.516745e+01
      vertex   2.290461e-01 4.600000e+00 1.464198e+01
    endloop
  endfacet
  facet normal -9.734381e-01 -1.611622e-16 2.289505e-01
    outer loop
      vertex   2.290461e-01 4.000000e-01 1.464198e+01
      vertex   2.290461e-01 4.600000e+00 1.464198e+01
      vertex   1.021614e-01 4.000000e-01 1.410250e+01
    endloop
  endfacet
  facet normal -9.734381e-01 0.000000e+00 2.289505e-01
    outer loop
      vertex   1.021614e-01 4.000000e-01 1.410250e+01
      vertex   2.290461e-01 4.600000e+00 1.464198e+01
      vertex   1.021614e-01 4.600000e+00 1.410250e+01
    endloop
  endfacet
  facet normal -9.904104e-01 0.000000e+00 1.381564e-01
    outer loop
      vertex   1.021614e-01 4.000000e-01 1.410250e+01
      vertex   1.021614e-01 4.600000e+00 1.410250e+01
      vertex   2.559494e-02 4.000000e-01 1.355361e+01
    endloop
  endfacet
  facet normal -9.904104e-01 0.000000e+00 1.381564e-01
    outer loop
      vertex   2.559494e-02 4.000000e-01 1.355361e+01
      vertex   1.021614e-01 4.600000e+00 1.410250e+01
      vertex   2.559494e-02 4.600000e+00 1.355361e+01
    endloop
  endfacet
  facet normal -9.989330e-01 0.000000e+00 4.618346e-02
    outer loop
      vertex   2.559494e-02 4.000000e-01 1.355361e+01
      vertex   2.559494e-02 4.600000e+00 1.355361e+01
      vertex   0.000000e+00 4.000000e-01 1.300000e+01
    endloop
  endfacet
  facet normal -9.989330e-01 0.000000e+00 4.618346e-02
    outer loop
      vertex   0.000000e+00 4.000000e-01 1.300000e+01
      vertex   2.559494e-02 4.600000e+00 1.355361e+01
      vertex   0.000000e+00 4.600000e+00 1.300000e+01
    endloop
  endfacet
  facet normal -1.000000e+00 -0.000000e+00 -0.000000e+00
    outer loop
      vertex   0.000000e+00 4.600000e+00 1.300000e+01
      vertex   0.000000e+00 4.600000e+00 4.600000e+00
      vertex   0.000000e+00 4.000000e-01 1.300000e+01
    endloop
  endfacet
  facet normal -1.000000e+00 0.000000e+00 0.000000e+00
    outer loop
      vertex   0.000000e+00 4.000000e-01 1.300000e+01
      vertex   0.000000e+00 4.600000e+00 4.600000e+00
      vertex   0.000000e+00 4.000000e-01 4.000000e-01
    endloop
  endfacet
  facet normal -1.000000e+00 0.000000e+00 0.000000e+00
    outer loop
      vertex   0.000000e+00 4.000000e-01 4.000000e-01
      vertex   0.000000e+00 4.600000e+00 4.600000e+00
      vertex   0.000000e+00 3.500000e+01 4.000000e-01
    endloop
  endfacet
  facet normal -1.000000e+00 0.000000e+00 0.000000e+00
    outer loop
      vertex   0.000000e+00 3.500000e+01 4.000000e-01
      vertex   0.000000e+00 4.600000e+00 4.600000e+00
      vertex   0.000000e+00 3.500000e+01 4.600000e+00
    endloop
  endfacet
  facet normal -9.978589e-01 6.540313e-02 0.000000e+00
    outer loop
      vertex   0.000000e+00 3.500000e+01 4.000000e-01
      vertex   0.000000e+00 3.500000e+01 4.600000e+00
      vertex   2.566542e-02 3.539158e+01 4.000000e-01
    endloop
  endfacet
  facet normal -9.978589e-01 6.540313e-02 6.594321e-17
    outer loop
      vertex   2.566542e-02 3.539158e+01 4.000000e-01
      vertex   0.000000e+00 3.500000e+01 4.600000e+00
      vertex   2.566542e-02 3.539158e+01 4.600000e+00
    endloop
  endfacet
  facet normal -9.807853e-01 1.950903e-01 6.481490e-17
    outer loop
      vertex   2.566542e-02 3.539158e+01 4.000000e-01
      vertex   2.566542e-02 3.539158e+01 4.600000e+00
      vertex   1.022225e-01 3.577646e+01 4.000000e-01
    endloop
  endfacet
  facet normal -9.807853e-01 1.950903e-01 0.000000e+00
    outer loop
      vertex   1.022225e-01 3.577646e+01 4.000000e-01
      vertex   2.566542e-02 3.539158e+01 4.600000e+00
      vertex   1.022225e-01 3.577646e+01 4.600000e+00
    endloop
  endfacet
  facet normal -9.469301e-01 3.214395e-01 0.000000e+00
    outer loop
      vertex   1.022225e-01 3.577646e+01 4.000000e-01
      vertex   1.022225e-01 3.577646e+01 4.600000e+00
      vertex   2.283614e-01 3.614805e+01 4.000000e-01
    endloop
  endfacet
  facet normal -9.469301e-01 3.214395e-01 0.000000e+00
    outer loop
      vertex   2.283614e-01 3.614805e+01 4.000000e-01
      vertex   1.022225e-01 3.577646e+01 4.600000e+00
      vertex   2.283614e-01 3.614805e+01 4.600000e+00
    endloop
  endfacet
  facet normal -8.968727e-01 4.422887e-01 0.000000e+00
    outer loop
      vertex   2.283614e-01 3.614805e+01 4.000000e-01
      vertex   2.283614e-01 3.614805e+01 4.600000e+00
      vertex   4.019238e-01 3.650000e+01 4.000000e-01
    endloop
  endfacet
  facet normal -8.968727e-01 4.422887e-01 -1.185391e-17
    outer loop
      vertex   4.019238e-01 3.650000e+01 4.000000e-01
      vertex   2.283614e-01 3.614805e+01 4.600000e+00
      vertex   4.019238e-01 3.650000e+01 4.600000e+00
    endloop
  endfacet
  facet normal -8.314696e-01 5.555702e-01 -1.098948e-17
    outer loop
      vertex   4.019238e-01 3.650000e+01 4.000000e-01
      vertex   4.019238e-01 3.650000e+01 4.600000e+00
      vertex   6.199400e-01 3.682628e+01 4.000000e-01
    endloop
  endfacet
  facet normal -8.314696e-01 5.555702e-01 6.593691e-17
    outer loop
      vertex   6.199400e-01 3.682628e+01 4.000000e-01
      vertex   4.019238e-01 3.650000e+01 4.600000e+00
      vertex   6.199400e-01 3.682628e+01 4.600000e+00
    endloop
  endfacet
  facet normal -7.518398e-01 6.593458e-01 5.962213e-17
    outer loop
      vertex   6.199400e-01 3.682628e+01 4.000000e-01
      vertex   6.199400e-01 3.682628e+01 4.600000e+00
      vertex   8.786797e-01 3.712132e+01 4.000000e-01
    endloop
  endfacet
  facet normal -7.518398e-01 6.593458e-01 0.000000e+00
    outer loop
      vertex   8.786797e-01 3.712132e+01 4.000000e-01
      vertex   6.199400e-01 3.682628e+01 4.600000e+00
      vertex   8.786797e-01 3.712132e+01 4.600000e+00
    endloop
  endfacet
  facet normal -6.593458e-01 7.518398e-01 0.000000e+00
    outer loop
      vertex   8.786797e-01 3.712132e+01 4.000000e-01
      vertex   8.786797e-01 3.712132e+01 4.600000e+00
      vertex   1.173716e+00 3.738006e+01 4.000000e-01
    endloop
  endfacet
  facet normal -6.593458e-01 7.518398e-01 6.971628e-17
    outer loop
      vertex   1.173716e+00 3.738006e+01 4.000000e-01
      vertex   8.786797e-01 3.712132e+01 4.600000e+00
      vertex   1.173716e+00 3.738006e+01 4.600000e+00
    endloop
  endfacet
  facet normal -5.555702e-01 8.314696e-01 5.874351e-17
    outer loop
      vertex   1.173716e+00 3.738006e+01 4.000000e-01
      vertex   1.173716e+00 3.738006e+01 4.600000e+00
      vertex   1.500000e+00 3.759808e+01 4.000000e-01
    endloop
  endfacet
  facet normal -5.555702e-01 8.314696e-01 0.000000e+00
    outer loop
      vertex   1.500000e+00 3.759808e+01 4.000000e-01
      vertex   1.173716e+00 3.738006e+01 4.600000e+00
      vertex   1.500000e+00 3.759808e+01 4.600000e+00
    endloop
  endfacet
  facet normal -4.422887e-01 8.968727e-01 0.000000e+00
    outer loop
      vertex   1.500000e+00 3.759808e+01 4.000000e-01
      vertex   1.500000e+00 3.759808e+01 4.600000e+00
      vertex   1.851950e+00 3.777164e+01 4.000000e-01
    endloop
  endfacet
  facet normal -4.422887e-01 8.968727e-01 0.000000e+00
    outer loop
      vertex   1.851950e+00 3.777164e+01 4.000000e-01
      vertex   1.500000e+00 3.759808e+01 4.600000e+00
      vertex   1.851950e+00 3.777164e+01 4.600000e+00
    endloop
  endfacet
  facet normal -3.214395e-01 9.469301e-01 0.000000e+00
    outer loop
      vertex   1.851950e+00 3.777164e+01 4.000000e-01
      vertex   1.851950e+00 3.777164e+01 4.600000e+00
      vertex   2.223543e+00 3.789778e+01 4.000000e-01
    endloop
  endfacet
  facet normal -3.214395e-01 9.469301e-01 3.398757e-17
    outer loop
      vertex   2.223543e+00 3.789778e+01 4.000000e-01
      vertex   1.851950e+00 3.777164e+01 4.600000e+00
      vertex   2.223543e+00 3.789778e+01 4.600000e+00
    endloop
  endfacet
  facet normal -1.950903e-01 9.807853e-01 2.062798e-17
    outer loop
      vertex   2.223543e+00 3.789778e+01 4.000000e-01
      vertex   2.223543e+00 3.789778e+01 4.600000e+00
      vertex   2.608421e+00 3.797433e+01 4.000000e-01
    endloop
  endfacet
  facet normal -1.950903e-01 9.807853e-01 4.125596e-17
    outer loop
      vertex   2.608421e+00 3.797433e+01 4.000000e-01
      vertex   2.223543e+00 3.789778e+01 4.600000e+00
      vertex   2.608421e+00 3.797433e+01 4.600000e+00
    endloop
  endfacet
  facet normal -6.540313e-02 9.978589e-01 1.383087e-17
    outer loop
      vertex   2.608421e+00 3.797433e+01 4.000000e-01
      vertex   2.608421e+00 3.797433e+01 4.600000e+00
      vertex   3.000000e+00 3.800000e+01 4.000000e-01
    endloop
  endfacet
  facet normal -6.540313e-02 9.978589e-01 0.000000e+00
    outer loop
      vertex   3.000000e+00 3.800000e+01 4.000000e-01
      vertex   2.608421e+00 3.797433e+01 4.600000e+00
      vertex   3.000000e+00 3.800000e+01 4.600000e+00
    endloop
  endfacet
  facet normal -0.000000e+00 1.000000e+00 0.000000e+00
    outer loop
      vertex   3.000000e+00 3.800000e+01 4.600000e+00
      vertex   8.000000e+00 3.800000e+01 4.600000e+00
      vertex   3.000000e+00 3.800000e+01 4.000000e-01
    endloop
  endfacet
  facet normal 0.000000e+00 1.000000e+00 0.000000e+00
    outer loop
      vertex   3.000000e+00 3.800000e+01 4.000000e-01
      vertex   8.000000e+00 3.800000e+01 4.600000e+00
      vertex   8.000000e+00 3.800000e+01 4.000000e-01
    endloop
  endfacet
  facet normal 6.540313e-02 9.978589e-01 -0.000000e+00
    outer loop
      vertex   8.000000e+00 3.800000e+01 4.000000e-01
      vertex   8.000000e+00 3.800000e+01 4.600000e+00
      vertex   8.391579e+00 3.797433e+01 4.000000e-01
    endloop
  endfacet
  facet normal 6.540313e-02 9.978589e-01 -0.000000e+00
    outer loop
      vertex   8.391579e+00 3.797433e+01 4.000000e-01
      vertex   8.000000e+00 3.800000e+01 4.600000e+00
      vertex   8.391579e+00 3.797433e+01 4.600000e+00
    endloop
  endfacet
  facet normal 1.950903e-01 9.807853e-01 -0.000000e+00
    outer loop
      vertex   8.391579e+00 3.797433e+01 4.000000e-01
      vertex   8.391579e+00 3.797433e+01 4.600000e+00
      vertex   8.776457e+00 3.789778e+01 4.000000e-01
    endloop
  endfacet
  facet normal 1.950903e-01 9.807853e-01 -0.000000e+00
    outer loop
      vertex   8.776457e+00 3.789778e+01 4.000000e-01
      vertex   8.391579e+00 3.797433e+01 4.600000e+00
      vertex   8.776457e+00 3.789778e+01 4.600000e+00
    endloop
  endfacet
  facet normal 3.214395e-01 9.469301e-01 -0.000000e+00
    outer loop
      vertex   8.776457e+00 3.789778e+01 4.000000e-01
      vertex   8.776457e+00 3.789778e+01 4.600000e+00
      vertex   9.148050e+00 3.777164e+01 4.000000e-01
    endloop
  endfacet
  facet normal 3.214395e-01 9.469301e-01 -0.000000e+00
    outer loop
      vertex   9.148050e+00 3.777164e+01 4.000000e-01
      vertex   8.776457e+00 3.789778e+01 4.600000e+00
      vertex   9.148050e+00 3.777164e+01 4.600000e+00
    endloop
  endfacet
  facet normal 4.422887e-01 8.968727e-01 -0.000000e+00
    outer loop
      vertex   9.148050e+00 3.777164e+01 4.000000e-01
      vertex   9.148050e+00 3.777164e+01 4.600000e+00
      vertex   9.500000e+00 3.759808e+01 4.000000e-01
    endloop
  endfacet
  facet normal 4.422887e-01 8.968727e-01 -1.870625e-16
    outer loop
      vertex   9.500000e+00 3.759808e+01 4.000000e-01
      vertex   9.148050e+00 3.777164e+01 4.600000e+00
      vertex   9.500000e+00 3.759808e+01 4.600000e+00
    endloop
  endfacet
  facet normal 5.555702e-01 8.314696e-01 -2.349740e-16
    outer loop
      vertex   9.500000e+00 3.759808e+01 4.000000e-01
      vertex   9.500000e+00 3.759808e+01 4.600000e+00
      vertex   9.826284e+00 3.738006e+01 4.000000e-01
    endloop
  endfacet
  facet normal 5.555702e-01 8.314696e-01 -2.349740e-16
    outer loop
      vertex   9.826284e+00 3.738006e+01 4.000000e-01
      vertex   9.500000e+00 3.759808e+01 4.600000e+00
      vertex   9.826284e+00 3.738006e+01 4.600000e+00
    endloop
  endfacet
  facet normal 6.593458e-01 7.518398e-01 -2.788651e-16
    outer loop
      vertex   9.826284e+00 3.738006e+01 4.000000e-01
      vertex   9.826284e+00 3.738006e+01 4.600000e+00
      vertex   1.012132e+01 3.712132e+01 4.000000e-01
    endloop
  endfacet
  facet normal 6.593458e-01 7.518398e-01 -0.000000e+00
    outer loop
      vertex   1.012132e+01 3.712132e+01 4.000000e-01
      vertex   9.826284e+00 3.738006e+01 4.600000e+00
      vertex   1.012132e+01 3.712132e+01 4.600000e+00
    endloop
  endfacet
  facet normal 7.518398e-01 6.593458e-01 -0.000000e+00
    outer loop
      vertex   1.012132e+01 3.712132e+01 4.000000e-01
      vertex   1.012132e+01 3.712132e+01 4.600000e+00
      vertex   1.038006e+01 3.682628e+01 4.000000e-01
    endloop
  endfacet
  facet normal 7.518398e-01 6.593458e-01 -0.000000e+00
    outer loop
      vertex   1.038006e+01 3.682628e+01 4.000000e-01
      vertex   1.012132e+01 3.712132e+01 4.600000e+00
      vertex   1.038006e+01 3.682628e+01 4.600000e+00
    endloop
  endfacet
  facet normal 8.314696e-01 5.555702e-01 -0.000000e+00
    outer loop
      vertex   1.038006e+01 3.682628e+01 4.000000e-01
      vertex   1.038006e+01 3.682628e+01 4.600000e+00
      vertex   1.059808e+01 3.650000e+01 4.000000e-01
    endloop
  endfacet
  facet normal 8.314696e-01 5.555702e-01 -0.000000e+00
    outer loop
      vertex   1.059808e+01 3.650000e+01 4.000000e-01
      vertex   1.038006e+01 3.682628e+01 4.600000e+00
      vertex   1.059808e+01 3.650000e+01 4.600000e+00
    endloop
  endfacet
  facet normal 8.968727e-01 4.422887e-01 -0.000000e+00
    outer loop
      vertex   1.059808e+01 3.650000e+01 4.000000e-01
      vertex   1.059808e+01 3.650000e+01 4.600000e+00
      vertex   1.077164e+01 3.614805e+01 4.000000e-01
    endloop
  endfacet
  facet normal 8.968727e-01 4.422887e-01 -0.000000e+00
    outer loop
      vertex   1.077164e+01 3.614805e+01 4.000000e-01
      vertex   1.059808e+01 3.650000e+01 4.600000e+00
      vertex   1.077164e+01 3.614805e+01 4.600000e+00
    endloop
  endfacet
  facet normal 9.469301e-01 3.214395e-01 -0.000000e+00
    outer loop
      vertex   1.077164e+01 3.614805e+01 4.000000e-01
      vertex   1.077164e+01 3.614805e+01 4.600000e+00
      vertex   1.089778e+01 3.577646e+01 4.000000e-01
    endloop
  endfacet
  facet normal 9.469301e-01 3.214395e-01 -0.000000e+00
    outer loop
      vertex   1.089778e+01 3.577646e+01 4.000000e-01
      vertex   1.077164e+01 3.614805e+01 4.600000e+00
      vertex   1.089778e+01 3.577646e+01 4.600000e+00
    endloop
  endfacet
  facet normal 9.807853e-01 1.950903e-01 -0.000000e+00
    outer loop
      vertex   1.089778e+01 3.577646e+01 4.000000e-01
      vertex   1.089778e+01 3.577646e+01 4.600000e+00
      vertex   1.097433e+01 3.539158e+01 4.000000e-01
    endloop
  endfacet
  facet normal 9.807853e-01 1.950903e-01 -0.000000e+00
    outer loop
      vertex   1.097433e+01 3.539158e+01 4.000000e-01
      vertex   1.089778e+01 3.577646e+01 4.600000e+00
      vertex   1.097433e+01 3.539158e+01 4.600000e+00
    endloop
  endfacet
  facet normal 9.978589e-01 6.540313e-02 -0.000000e+00
    outer loop
      vertex   1.097433e+01 3.539158e+01 4.000000e-01
      vertex   1.097433e+01 3.539158e+01 4.600000e+00
      vertex   1.100000e+01 3.500000e+01 4.000000e-01
    endloop
  endfacet
  facet normal 9.978589e-01 6.540313e-02 -0.000000e+00
    outer loop
      vertex   1.100000e+01 3.500000e+01 4.000000e-01
      vertex   1.097433e+01 3.539158e+01 4.600000e+00
      vertex   1.100000e+01 3.500000e+01 4.600000e+00
    endloop
  endfacet
  facet normal 1.000000e+00 -0.000000e+00 -0.000000e+00
    outer loop
      vertex   1.100000e+01 2.341175e+01 2.301160e+00
      vertex   1.100000e+01 2.383366e+01 1.511280e+00
      vertex   1.100000e+01 2.340750e+01 2.500000e+00
    endloop
  endfacet
  facet normal 1.000000e+00 0.000000e+00 0.000000e+00
    outer loop
      vertex   1.100000e+01 2.340750e+01 2.500000e+00
      vertex   1.100000e+01 2.383366e+01 1.511280e+00
      vertex   1.100000e+01 2.395750e+01 1.490000e+00
    endloop
  endfacet
  facet normal 1.000000e+00 -0.000000e+00 0.000000e+00
    outer loop
      vertex   1.100000e+01 2.340750e+01 2.500000e+00
      vertex   1.100000e+01 2.395750e+01 1.490000e+00
      vertex   1.100000e+01 2.450250e+01 2.500000e+00
    endloop
  endfacet
  facet normal 1.000000e+00 0.000000e+00 0.000000e+00
    outer loop
      vertex   1.100000e+01 2.450250e+01 2.500000e+00
      vertex   1.100000e+01 2.395750e+01 1.490000e+00
      vertex   1.100000e+01 2.408004e+01 1.511708e+00
    endloop
  endfacet
  facet normal 1.000000e+00 0.000000e+00 0.000000e+00
    outer loop
      vertex   1.100000e+01 2.450250e+01 2.500000e+00
      vertex   1.100000e+01 2.408004e+01 1.511708e+00
      vertex   1.100000e+01 2.449825e+01 2.301160e+00
    endloop
  endfacet
  facet normal 1.000000e+00 0.000000e+00 0.000000e+00
    outer loop
      vertex   1.100000e+01 2.449825e+01 2.301160e+00
      vertex   1.100000e+01 2.408004e+01 1.511708e+00
      vertex   1.100000e+01 2.413725e+01 1.529391e+00
    endloop
  endfacet
  facet normal 1.000000e+00 0.000000e+00 0.000000e+00
    outer loop
      vertex   1.100000e+01 2.449825e+01 2.301160e+00
      vertex   1.100000e+01 2.413725e+01 1.529391e+00
      vertex   1.100000e+01 2.447790e+01 2.105758e+00
    endloop
  endfacet
  facet normal 1.000000e+00 0.000000e+00 0.000000e+00
    outer loop
      vertex   1.100000e+01 2.447790e+01 2.105758e+00
      vertex   1.100000e+01 2.413725e+01 1.529391e+00
      vertex   1.100000e+01 2.442741e+01 1.916791e+00
    endloop
  endfacet
  facet normal 1.000000e+00 0.000000e+00 0.000000e+00
    outer loop
      vertex   1.100000e+01 2.442741e+01 1.916791e+00
      vertex   1.100000e+01 2.413725e+01 1.529391e+00
      vertex   1.100000e+01 2.418958e+01 1.555266e+00
    endloop
  endfacet
  facet normal 1.000000e+00 0.000000e+00 0.000000e+00
    outer loop
      vertex   1.100000e+01 2.442741e+01 1.916791e+00
      vertex   1.100000e+01 2.418958e+01 1.555266e+00
      vertex   1.100000e+01 2.423620e+01 1.590725e+00
    endloop
  endfacet
  facet normal 1.000000e+00 0.000000e+00 0.000000e+00
    outer loop
      vertex   1.100000e+01 2.383366e+01 1.511280e+00
      vertex   1.100000e+01 2.341175e+01 2.301160e+00
      vertex   1.100000e+01 2.377579e+01 1.528792e+00
    endloop
  endfacet
  facet normal 1.000000e+00 0.000000e+00 0.000000e+00
    outer loop
      vertex   1.100000e+01 2.377579e+01 1.528792e+00
      vertex   1.100000e+01 2.341175e+01 2.301160e+00
      vertex   1.100000e+01 2.343210e+01 2.105758e+00
    endloop
  endfacet
  facet normal 1.000000e+00 0.000000e+00 0.000000e+00
    outer loop
      vertex   1.100000e+01 2.377579e+01 1.528792e+00
      vertex   1.100000e+01 2.343210e+01 2.105758e+00
      vertex   1.100000e+01 2.348259e+01 1.916791e+00
    endloop
  endfacet
  facet normal 1.000000e+00 -0.000000e+00 -0.000000e+00
    outer loop
      vertex   1.100000e+01 2.355500e+01 1.732500e+00
      vertex   1.100000e+01 2.363282e+01 1.633223e+00
      vertex   1.100000e+01 2.348259e+01 1.916791e+00
    endloop
  endfacet
  facet normal 1.000000e+00 0.000000e+00 0.000000e+00
    outer loop
      vertex   1.100000e+01 2.348259e+01 1.916791e+00
      vertex   1.100000e+01 2.363282e+01 1.633223e+00
      vertex   1.100000e+01 2.367553e+01 1.590023e+00
    endloop
  endfacet
  facet normal 1.000000e+00 0.000000e+00 0.000000e+00
    outer loop
      vertex   1.100000e+01 2.348259e+01 1.916791e+00
      vertex   1.100000e+01 2.367553e+01 1.590023e+00
      vertex   1.100000e+01 2.372279e+01 1.554549e+00
    endloop
  endfacet
  facet normal 1.000000e+00 -0.000000e+00 -0.000000e+00
    outer loop
      vertex   1.100000e+01 2.372279e+01 1.554549e+00
      vertex   1.100000e+01 2.377579e+01 1.528792e+00
      vertex   1.100000e+01 2.348259e+01 1.916791e+00
    endloop
  endfacet
  facet normal 1.000000e+00 0.000000e+00 0.000000e+00
    outer loop
      vertex   1.100000e+01 2.423620e+01 1.590725e+00
      vertex   1.100000e+01 2.427831e+01 1.633769e+00
      vertex   1.100000e+01 2.442741e+01 1.916791e+00
    endloop
  endfacet
  facet normal 1.000000e+00 0.000000e+00 0.000000e+00
    outer loop
      vertex   1.100000e+01 2.442741e+01 1.916791e+00
      vertex   1.100000e+01 2.427831e+01 1.633769e+00
      vertex   1.100000e+01 2.435500e+01 1.732500e+00
    endloop
  endfacet
  facet normal 1.000000e+00 0.000000e+00 0.000000e+00
    outer loop
      vertex   1.100000e+01 2.449826e+01 2.698840e+00
      vertex   1.100000e+01 2.408004e+01 3.488292e+00
      vertex   1.100000e+01 2.450250e+01 2.500000e+00
    endloop
  endfacet
  facet normal 1.000000e+00 0.000000e+00 0.000000e+00
    outer loop
      vertex   1.100000e+01 2.450250e+01 2.500000e+00
      vertex   1.100000e+01 2.408004e+01 3.488292e+00
      vertex   1.100000e+01 2.395750e+01 3.510000e+00
    endloop
  endfacet
  facet normal 1.000000e+00 0.000000e+00 0.000000e+00
    outer loop
      vertex   1.100000e+01 2.450250e+01 2.500000e+00
      vertex   1.100000e+01 2.395750e+01 3.510000e+00
      vertex   1.100000e+01 2.340750e+01 2.500000e+00
    endloop
  endfacet
  facet normal 1.000000e+00 0.000000e+00 0.000000e+00
    outer loop
      vertex   1.100000e+01 2.340750e+01 2.500000e+00
      vertex   1.100000e+01 2.395750e+01 3.510000e+00
      vertex   1.100000e+01 2.383366e+01 3.488720e+00
    endloop
  endfacet
  facet normal 1.000000e+00 0.000000e+00 0.000000e+00
    outer loop
      vertex   1.100000e+01 2.340750e+01 2.500000e+00
      vertex   1.100000e+01 2.383366e+01 3.488720e+00
      vertex   1.100000e+01 2.341175e+01 2.698840e+00
    endloop
  endfacet
  facet normal 1.000000e+00 0.000000e+00 0.000000e+00
    outer loop
      vertex   1.100000e+01 2.341175e+01 2.698840e+00
      vertex   1.100000e+01 2.383366e+01 3.488720e+00
      vertex   1.100000e+01 2.343209e+01 2.894243e+00
    endloop
  endfacet
  facet normal 1.000000e+00 0.000000e+00 0.000000e+00
    outer loop
      vertex   1.100000e+01 2.343209e+01 2.894243e+00
      vertex   1.100000e+01 2.383366e+01 3.488720e+00
      vertex   1.100000e+01 2.348259e+01 3.083209e+00
    endloop
  endfacet
  facet normal 1.000000e+00 0.000000e+00 0.000000e+00
    outer loop
      vertex   1.100000e+01 2.348259e+01 3.083209e+00
      vertex   1.100000e+01 2.383366e+01 3.488720e+00
      vertex   1.100000e+01 2.377579e+01 3.471208e+00
    endloop
  endfacet
  facet normal 1.000000e+00 0.000000e+00 0.000000e+00
    outer loop
      vertex   1.100000e+01 2.348259e+01 3.083209e+00
      vertex   1.100000e+01 2.377579e+01 3.471208e+00
      vertex   1.100000e+01 2.372279e+01 3.445451e+00
    endloop
  endfacet
  facet normal 1.000000e+00 0.000000e+00 0.000000e+00
    outer loop
      vertex   1.100000e+01 2.449826e+01 2.698840e+00
      vertex   1.100000e+01 2.447791e+01 2.894243e+00
      vertex   1.100000e+01 2.408004e+01 3.488292e+00
    endloop
  endfacet
  facet normal 1.000000e+00 0.000000e+00 0.000000e+00
    outer loop
      vertex   1.100000e+01 2.408004e+01 3.488292e+00
      vertex   1.100000e+01 2.447791e+01 2.894243e+00
      vertex   1.100000e+01 2.442741e+01 3.083209e+00
    endloop
  endfacet
  facet normal 1.000000e+00 0.000000e+00 0.000000e+00
    outer loop
      vertex   1.100000e+01 2.408004e+01 3.488292e+00
      vertex   1.100000e+01 2.442741e+01 3.083209e+00
      vertex   1.100000e+01 2.413725e+01 3.470609e+00
    endloop
  endfacet
  facet normal 1.000000e+00 0.000000e+00 0.000000e+00
    outer loop
      vertex   1.100000e+01 2.413725e+01 3.470609e+00
      vertex   1.100000e+01 2.442741e+01 3.083209e+00
      vertex   1.100000e+01 2.418958e+01 3.444734e+00
    endloop
  endfacet
  facet normal 1.000000e+00 0.000000e+00 0.000000e+00
    outer loop
      vertex   1.100000e+01 2.418958e+01 3.444734e+00
      vertex   1.100000e+01 2.442741e+01 3.083209e+00
      vertex   1.100000e+01 2.423620e+01 3.409275e+00
    endloop
  endfacet
  facet normal 1.000000e+00 0.000000e+00 0.000000e+00
    outer loop
      vertex   1.100000e+01 2.423620e+01 3.409275e+00
      vertex   1.100000e+01 2.442741e+01 3.083209e+00
      vertex   1.100000e+01 2.427831e+01 3.366231e+00
    endloop
  endfacet
  facet normal 1.000000e+00 0.000000e+00 0.000000e+00
    outer loop
      vertex   1.100000e+01 2.427831e+01 3.366231e+00
      vertex   1.100000e+01 2.442741e+01 3.083209e+00
      vertex   1.100000e+01 2.435500e+01 3.267500e+00
    endloop
  endfacet
  facet normal 1.000000e+00 0.000000e+00 0.000000e+00
    outer loop
      vertex   1.100000e+01 2.372279e+01 3.445451e+00
      vertex   1.100000e+01 2.367553e+01 3.409977e+00
      vertex   1.100000e+01 2.348259e+01 3.083209e+00
    endloop
  endfacet
  facet normal 1.000000e+00 0.000000e+00 0.000000e+00
    outer loop
      vertex   1.100000e+01 2.348259e+01 3.083209e+00
      vertex   1.100000e+01 2.367553e+01 3.409977e+00
      vertex   1.100000e+01 2.363282e+01 3.366776e+00
    endloop
  endfacet
  facet normal 1.000000e+00 0.000000e+00 0.000000e+00
    outer loop
      vertex   1.100000e+01 2.348259e+01 3.083209e+00
      vertex   1.100000e+01 2.363282e+01 3.366776e+00
      vertex   1.100000e+01 2.355500e+01 3.267500e+00
    endloop
  endfacet
  facet normal 0.000000e+00 0.000000e+00 1.000000e+00
    outer loop
      vertex   6.909880e+00 1.290824e+01 5.000000e+00
      vertex   5.537736e+00 1.370291e+01 5.000000e+00
      vertex   5.537736e+00 1.211926e+01 5.000000e+00
    endloop
  endfacet
  facet normal 0.000000e+00 -0.000000e+00 1.000000e+00
    outer loop
      vertex   5.537736e+00 1.211926e+01 5.000000e+00
      vertex   5.537736e+00 1.370291e+01 5.000000e+00
      vertex   4.171478e+00 1.290824e+01 5.000000e+00
    endloop
  endfacet
  facet normal -7.046746e-01 4.820107e-02 7.078914e-01
    outer loop
      vertex   8.472058e+00 3.259150e+01 4.600000e+00
      vertex   8.872086e+00 3.256522e+01 5.000000e+00
      vertex   8.500000e+00 3.300000e+01 4.600000e+00
    endloop
  endfacet
  facet normal -7.063792e-01 4.535105e-02 7.063792e-01
    outer loop
      vertex   8.500000e+00 3.300000e+01 4.600000e+00
      vertex   8.872086e+00 3.256522e+01 5.000000e+00
      vertex   8.900000e+00 3.300000e+01 5.000000e+00
    endloop
  endfacet
  facet normal -7.063792e-01 -4.535105e-02 7.063792e-01
    outer loop
      vertex   8.500000e+00 3.300000e+01 4.600000e+00
      vertex   8.900000e+00 3.300000e+01 5.000000e+00
      vertex   8.872086e+00 3.343478e+01 5.000000e+00
    endloop
  endfacet
  facet normal -6.960868e-01 1.355629e-01 7.050432e-01
    outer loop
      vertex   8.872086e+00 3.256522e+01 5.000000e+00
      vertex   8.472058e+00 3.259150e+01 4.600000e+00
      vertex   8.788803e+00 3.213757e+01 5.000000e+00
    endloop
  endfacet
  facet normal -6.901797e-01 1.434210e-01 7.092830e-01
    outer loop
      vertex   8.788803e+00 3.213757e+01 5.000000e+00
      vertex   8.472058e+00 3.259150e+01 4.600000e+00
      vertex   8.388752e+00 3.219061e+01 4.600000e+00
    endloop
  endfacet
  facet normal -6.741254e-01 2.238250e-01 7.038873e-01
    outer loop
      vertex   8.788803e+00 3.213757e+01 5.000000e+00
      vertex   8.388752e+00 3.219061e+01 4.600000e+00
      vertex   8.651517e+00 3.172409e+01 5.000000e+00
    endloop
  endfacet
  facet normal -6.631048e-01 2.356675e-01 7.104596e-01
    outer loop
      vertex   8.651517e+00 3.172409e+01 5.000000e+00
      vertex   8.388752e+00 3.219061e+01 4.600000e+00
      vertex   8.251634e+00 3.180480e+01 4.600000e+00
    endloop
  endfacet
  facet normal -6.408361e-01 3.086104e-01 7.029144e-01
    outer loop
      vertex   8.651517e+00 3.172409e+01 5.000000e+00
      vertex   8.251634e+00 3.180480e+01 4.600000e+00
      vertex   8.462484e+00 3.133156e+01 5.000000e+00
    endloop
  endfacet
  facet normal -6.239728e-01 3.233166e-01 7.114242e-01
    outer loop
      vertex   8.462484e+00 3.133156e+01 5.000000e+00
      vertex   8.251634e+00 3.180480e+01 4.600000e+00
      vertex   8.063258e+00 3.144125e+01 4.600000e+00
    endloop
  endfacet
  facet normal -5.967622e-01 3.884491e-01 7.021269e-01
    outer loop
      vertex   8.462484e+00 3.133156e+01 5.000000e+00
      vertex   8.063258e+00 3.144125e+01 4.600000e+00
      vertex   8.224806e+00 3.096642e+01 5.000000e+00
    endloop
  endfacet
  facet normal -5.735109e-01 4.048282e-01 7.121793e-01
    outer loop
      vertex   8.224806e+00 3.096642e+01 5.000000e+00
      vertex   8.063258e+00 3.144125e+01 4.600000e+00
      vertex   7.827134e+00 3.110674e+01 4.600000e+00
    endloop
  endfacet
  facet normal -5.426394e-01 4.619556e-01 7.015266e-01
    outer loop
      vertex   8.224806e+00 3.096642e+01 5.000000e+00
      vertex   7.827134e+00 3.110674e+01 4.600000e+00
      vertex   7.942388e+00 3.063468e+01 5.000000e+00
    endloop
  endfacet
  facet normal -5.126387e-01 4.787711e-01 7.127270e-01
    outer loop
      vertex   7.942388e+00 3.063468e+01 5.000000e+00
      vertex   7.827134e+00 3.110674e+01 4.600000e+00
      vertex   7.547659e+00 3.080749e+01 4.600000e+00
    endloop
  endfacet
  facet normal -4.793830e-01 5.278540e-01 7.011149e-01
    outer loop
      vertex   7.942388e+00 3.063468e+01 5.000000e+00
      vertex   7.547659e+00 3.080749e+01 4.600000e+00
      vertex   7.619865e+00 3.034177e+01 5.000000e+00
    endloop
  endfacet
  facet normal -4.424521e-01 5.438467e-01 7.130687e-01
    outer loop
      vertex   7.619865e+00 3.034177e+01 5.000000e+00
      vertex   7.547659e+00 3.080749e+01 4.600000e+00
      vertex   7.230041e+00 3.054909e+01 4.600000e+00
    endloop
  endfacet
  facet normal -4.080716e-01 5.850014e-01 7.008930e-01
    outer loop
      vertex   7.619865e+00 3.034177e+01 5.000000e+00
      vertex   7.230041e+00 3.054909e+01 4.600000e+00
      vertex   7.262535e+00 3.009251e+01 5.000000e+00
    endloop
  endfacet
  facet normal -3.642051e-01 5.989098e-01 7.132052e-01
    outer loop
      vertex   7.262535e+00 3.009251e+01 5.000000e+00
      vertex   7.230041e+00 3.054909e+01 4.600000e+00
      vertex   6.880195e+00 3.033634e+01 4.600000e+00
    endloop
  endfacet
  facet normal -3.299275e-01 6.324092e-01 7.008613e-01
    outer loop
      vertex   7.262535e+00 3.009251e+01 5.000000e+00
      vertex   6.880195e+00 3.033634e+01 4.600000e+00
      vertex   6.876263e+00 2.989100e+01 5.000000e+00
    endloop
  endfacet
  facet normal -2.792890e-01 6.429878e-01 7.131369e-01
    outer loop
      vertex   6.876263e+00 2.989100e+01 5.000000e+00
      vertex   6.880195e+00 3.033634e+01 4.600000e+00
      vertex   6.504639e+00 3.017322e+01 4.600000e+00
    endloop
  endfacet
  facet normal -2.462942e-01 6.692610e-01 7.010198e-01
    outer loop
      vertex   6.876263e+00 2.989100e+01 5.000000e+00
      vertex   6.504639e+00 3.017322e+01 4.600000e+00
      vertex   6.467394e+00 2.974053e+01 5.000000e+00
    endloop
  endfacet
  facet normal -1.892092e-01 6.752964e-01 7.128637e-01
    outer loop
      vertex   6.467394e+00 2.974053e+01 5.000000e+00
      vertex   6.504639e+00 3.017322e+01 4.600000e+00
      vertex   6.110368e+00 3.006275e+01 4.600000e+00
    endloop
  endfacet
  facet normal -1.586127e-01 6.949277e-01 7.013683e-01
    outer loop
      vertex   6.467394e+00 2.974053e+01 5.000000e+00
      vertex   6.110368e+00 3.006275e+01 4.600000e+00
      vertex   6.042640e+00 2.964358e+01 5.000000e+00
    endloop
  endfacet
  facet normal -9.556026e-02 6.952525e-01 7.123848e-01
    outer loop
      vertex   6.042640e+00 2.964358e+01 5.000000e+00
      vertex   6.110368e+00 3.006275e+01 4.600000e+00
      vertex   5.704727e+00 3.000699e+01 4.600000e+00
    endloop
  endfacet
  facet normal -6.839429e-02 7.089784e-01 7.019059e-01
    outer loop
      vertex   6.042640e+00 2.964358e+01 5.000000e+00
      vertex   5.704727e+00 3.000699e+01 4.600000e+00
      vertex   5.608975e+00 2.960175e+01 5.000000e+00
    endloop
  endfacet
  facet normal 0.000000e+00 7.024845e-01 7.116990e-01
    outer loop
      vertex   5.608975e+00 2.960175e+01 5.000000e+00
      vertex   5.704727e+00 3.000699e+01 4.600000e+00
      vertex   5.295273e+00 3.000699e+01 4.600000e+00
    endloop
  endfacet
  facet normal 2.280643e-02 7.111886e-01 7.026312e-01
    outer loop
      vertex   5.608975e+00 2.960175e+01 5.000000e+00
      vertex   5.295273e+00 3.000699e+01 4.600000e+00
      vertex   5.173522e+00 2.961571e+01 5.000000e+00
    endloop
  endfacet
  facet normal 9.577820e-02 6.968382e-01 7.108045e-01
    outer loop
      vertex   5.173522e+00 2.961571e+01 5.000000e+00
      vertex   5.295273e+00 3.000699e+01 4.600000e+00
      vertex   4.889632e+00 3.006275e+01 4.600000e+00
    endloop
  endfacet
  facet normal 1.134202e-01 7.015438e-01 7.035426e-01
    outer loop
      vertex   5.173522e+00 2.961571e+01 5.000000e+00
      vertex   4.889632e+00 3.006275e+01 4.600000e+00
      vertex   4.743429e+00 2.968525e+01 5.000000e+00
    endloop
  endfacet
  facet normal 1.900732e-01 6.783801e-01 7.096990e-01
    outer loop
      vertex   4.743429e+00 2.968525e+01 5.000000e+00
      vertex   4.889632e+00 3.006275e+01 4.600000e+00
      vertex   4.495361e+00 3.017322e+01 4.600000e+00
    endloop
  endfacet
  facet normal 2.018915e-01 6.802393e-01 7.046377e-01
    outer loop
      vertex   4.743429e+00 2.968525e+01 5.000000e+00
      vertex   4.495361e+00 3.017322e+01 4.600000e+00
      vertex   4.325759e+00 2.980921e+01 5.000000e+00
    endloop
  endfacet
  facet normal 2.812042e-01 6.473969e-01 7.083794e-01
    outer loop
      vertex   4.325759e+00 2.980921e+01 5.000000e+00
      vertex   4.495361e+00 3.017322e+01 4.600000e+00
      vertex   4.119805e+00 3.033634e+01 4.600000e+00
    endloop
  endfacet
  facet normal 2.867070e-01 6.476762e-01 7.059141e-01
    outer loop
      vertex   4.325759e+00 2.980921e+01 5.000000e+00
      vertex   4.119805e+00 3.033634e+01 4.600000e+00
      vertex   3.927370e+00 2.998556e+01 5.000000e+00
    endloop
  endfacet
  facet normal 3.666847e-01 6.048847e-01 7.068641e-01
    outer loop
      vertex   3.927370e+00 2.998556e+01 5.000000e+00
      vertex   4.119805e+00 3.033634e+01 4.600000e+00
      vertex   3.554803e+00 3.021141e+01 5.000000e+00
    endloop
  endfacet
  facet normal 3.672598e-01 6.039329e-01 7.073792e-01
    outer loop
      vertex   3.554803e+00 3.021141e+01 5.000000e+00
      vertex   4.119805e+00 3.033634e+01 4.600000e+00
      vertex   3.769959e+00 3.054909e+01 4.600000e+00
    endloop
  endfacet
  facet normal 4.418929e-01 5.541161e-01 7.054687e-01
    outer loop
      vertex   3.554803e+00 3.021141e+01 5.000000e+00
      vertex   3.769959e+00 3.054909e+01 4.600000e+00
      vertex   3.214177e+00 3.048305e+01 5.000000e+00
    endloop
  endfacet
  facet normal 4.451480e-01 5.471604e-01 7.088432e-01
    outer loop
      vertex   3.214177e+00 3.048305e+01 5.000000e+00
      vertex   3.769959e+00 3.054909e+01 4.600000e+00
      vertex   3.452341e+00 3.080749e+01 4.600000e+00
    endloop
  endfacet
  facet normal 5.099919e-01 4.938996e-01 7.042524e-01
    outer loop
      vertex   3.214177e+00 3.048305e+01 5.000000e+00
      vertex   3.452341e+00 3.080749e+01 4.600000e+00
      vertex   2.911084e+00 3.079602e+01 5.000000e+00
    endloop
  endfacet
  facet normal 5.145888e-01 4.805924e-01 7.100911e-01
    outer loop
      vertex   2.911084e+00 3.079602e+01 5.000000e+00
      vertex   3.452341e+00 3.080749e+01 4.600000e+00
      vertex   3.172866e+00 3.110674e+01 4.600000e+00
    endloop
  endfacet
  facet normal 5.697843e-01 4.252411e-01 7.032182e-01
    outer loop
      vertex   2.911084e+00 3.079602e+01 5.000000e+00
      vertex   3.172866e+00 3.110674e+01 4.600000e+00
      vertex   2.650500e+00 3.114518e+01 5.000000e+00
    endloop
  endfacet
  facet normal 5.743826e-01 4.054435e-01 7.111260e-01
    outer loop
      vertex   2.650500e+00 3.114518e+01 5.000000e+00
      vertex   3.172866e+00 3.110674e+01 4.600000e+00
      vertex   2.936742e+00 3.144125e+01 4.600000e+00
    endloop
  endfacet
  facet normal 6.202163e-01 3.492993e-01 7.023687e-01
    outer loop
      vertex   2.650500e+00 3.114518e+01 5.000000e+00
      vertex   2.936742e+00 3.144125e+01 4.600000e+00
      vertex   2.436706e+00 3.152480e+01 5.000000e+00
    endloop
  endfacet
  facet normal 6.234991e-01 3.230712e-01 7.119507e-01
    outer loop
      vertex   2.436706e+00 3.152480e+01 5.000000e+00
      vertex   2.936742e+00 3.144125e+01 4.600000e+00
      vertex   2.748366e+00 3.180480e+01 4.600000e+00
    endloop
  endfacet
  facet normal 6.603975e-01 2.673653e-01 7.017058e-01
    outer loop
      vertex   2.436706e+00 3.152480e+01 5.000000e+00
      vertex   2.748366e+00 3.180480e+01 4.600000e+00
      vertex   2.273210e+00 3.192863e+01 5.000000e+00
    endloop
  endfacet
  facet normal 6.610937e-01 2.349528e-01 7.125674e-01
    outer loop
      vertex   2.273210e+00 3.192863e+01 5.000000e+00
      vertex   2.748366e+00 3.180480e+01 4.600000e+00
      vertex   2.611248e+00 3.219061e+01 4.600000e+00
    endloop
  endfacet
  facet normal 6.896174e-01 1.808390e-01 7.012311e-01
    outer loop
      vertex   2.273210e+00 3.192863e+01 5.000000e+00
      vertex   2.611248e+00 3.219061e+01 4.600000e+00
      vertex   2.162699e+00 3.235006e+01 5.000000e+00
    endloop
  endfacet
  facet normal 6.865208e-01 1.426607e-01 7.129776e-01
    outer loop
      vertex   2.162699e+00 3.235006e+01 5.000000e+00
      vertex   2.611248e+00 3.219061e+01 4.600000e+00
      vertex   2.527942e+00 3.259150e+01 4.600000e+00
    endloop
  endfacet
  facet normal 7.073590e-01 9.120385e-02 7.009458e-01
    outer loop
      vertex   2.162699e+00 3.235006e+01 5.000000e+00
      vertex   2.527942e+00 3.259150e+01 4.600000e+00
      vertex   2.106986e+00 3.278216e+01 5.000000e+00
    endloop
  endfacet
  facet normal 6.993443e-01 4.783646e-02 7.131824e-01
    outer loop
      vertex   2.106986e+00 3.278216e+01 5.000000e+00
      vertex   2.527942e+00 3.259150e+01 4.600000e+00
      vertex   2.500000e+00 3.300000e+01 4.600000e+00
    endloop
  endfacet
  facet normal 7.133080e-01 -0.000000e+00 7.008507e-01
    outer loop
      vertex   2.106986e+00 3.278216e+01 5.000000e+00
      vertex   2.500000e+00 3.300000e+01 4.600000e+00
      vertex   2.106986e+00 3.321784e+01 5.000000e+00
    endloop
  endfacet
  facet normal 6.993443e-01 -4.783646e-02 7.131824e-01
    outer loop
      vertex   2.106986e+00 3.321784e+01 5.000000e+00
      vertex   2.500000e+00 3.300000e+01 4.600000e+00
      vertex   2.527942e+00 3.340850e+01 4.600000e+00
    endloop
  endfacet
  facet normal 7.073590e-01 -9.120385e-02 7.009458e-01
    outer loop
      vertex   2.106986e+00 3.321784e+01 5.000000e+00
      vertex   2.527942e+00 3.340850e+01 4.600000e+00
      vertex   2.162699e+00 3.364994e+01 5.000000e+00
    endloop
  endfacet
  facet normal 6.865208e-01 -1.426607e-01 7.129776e-01
    outer loop
      vertex   2.162699e+00 3.364994e+01 5.000000e+00
      vertex   2.527942e+00 3.340850e+01 4.600000e+00
      vertex   2.611248e+00 3.380939e+01 4.600000e+00
    endloop
  endfacet
  facet normal 6.896174e-01 -1.808390e-01 7.012311e-01
    outer loop
      vertex   2.162699e+00 3.364994e+01 5.000000e+00
      vertex   2.611248e+00 3.380939e+01 4.600000e+00
      vertex   2.273210e+00 3.407137e+01 5.000000e+00
    endloop
  endfacet
  facet normal 6.610937e-01 -2.349528e-01 7.125674e-01
    outer loop
      vertex   2.273210e+00 3.407137e+01 5.000000e+00
      vertex   2.611248e+00 3.380939e+01 4.600000e+00
      vertex   2.748366e+00 3.419520e+01 4.600000e+00
    endloop
  endfacet
  facet normal 6.603975e-01 -2.673653e-01 7.017058e-01
    outer loop
      vertex   2.273210e+00 3.407137e+01 5.000000e+00
      vertex   2.748366e+00 3.419520e+01 4.600000e+00
      vertex   2.436706e+00 3.447520e+01 5.000000e+00
    endloop
  endfacet
  facet normal 6.234991e-01 -3.230712e-01 7.119507e-01
    outer loop
      vertex   2.436706e+00 3.447520e+01 5.000000e+00
      vertex   2.748366e+00 3.419520e+01 4.600000e+00
      vertex   2.936742e+00 3.455875e+01 4.600000e+00
    endloop
  endfacet
  facet normal 6.202163e-01 -3.492993e-01 7.023687e-01
    outer loop
      vertex   2.436706e+00 3.447520e+01 5.000000e+00
      vertex   2.936742e+00 3.455875e+01 4.600000e+00
      vertex   2.650500e+00 3.485482e+01 5.000000e+00
    endloop
  endfacet
  facet normal 5.743826e-01 -4.054435e-01 7.111260e-01
    outer loop
      vertex   2.650500e+00 3.485482e+01 5.000000e+00
      vertex   2.936742e+00 3.455875e+01 4.600000e+00
      vertex   3.172866e+00 3.489326e+01 4.600000e+00
    endloop
  endfacet
  facet normal 5.697843e-01 -4.252411e-01 7.032182e-01
    outer loop
      vertex   2.650500e+00 3.485482e+01 5.000000e+00
      vertex   3.172866e+00 3.489326e+01 4.600000e+00
      vertex   2.911084e+00 3.520398e+01 5.000000e+00
    endloop
  endfacet
  facet normal 5.145888e-01 -4.805924e-01 7.100911e-01
    outer loop
      vertex   2.911084e+00 3.520398e+01 5.000000e+00
      vertex   3.172866e+00 3.489326e+01 4.600000e+00
      vertex   3.452341e+00 3.519251e+01 4.600000e+00
    endloop
  endfacet
  facet normal 5.099919e-01 -4.938996e-01 7.042524e-01
    outer loop
      vertex   2.911084e+00 3.520398e+01 5.000000e+00
      vertex   3.452341e+00 3.519251e+01 4.600000e+00
      vertex   3.214177e+00 3.551695e+01 5.000000e+00
    endloop
  endfacet
  facet normal 4.451480e-01 -5.471604e-01 7.088432e-01
    outer loop
      vertex   3.214177e+00 3.551695e+01 5.000000e+00
      vertex   3.452341e+00 3.519251e+01 4.600000e+00
      vertex   3.769959e+00 3.545091e+01 4.600000e+00
    endloop
  endfacet
  facet normal 4.418929e-01 -5.541161e-01 7.054687e-01
    outer loop
      vertex   3.214177e+00 3.551695e+01 5.000000e+00
      vertex   3.769959e+00 3.545091e+01 4.600000e+00
      vertex   3.554803e+00 3.578859e+01 5.000000e+00
    endloop
  endfacet
  facet normal 3.672598e-01 -6.039329e-01 7.073792e-01
    outer loop
      vertex   3.554803e+00 3.578859e+01 5.000000e+00
      vertex   3.769959e+00 3.545091e+01 4.600000e+00
      vertex   4.119805e+00 3.566366e+01 4.600000e+00
    endloop
  endfacet
  facet normal 3.666847e-01 -6.048847e-01 7.068641e-01
    outer loop
      vertex   3.554803e+00 3.578859e+01 5.000000e+00
      vertex   4.119805e+00 3.566366e+01 4.600000e+00
      vertex   3.927370e+00 3.601444e+01 5.000000e+00
    endloop
  endfacet
  facet normal 2.867070e-01 -6.476762e-01 7.059141e-01
    outer loop
      vertex   3.927370e+00 3.601444e+01 5.000000e+00
      vertex   4.119805e+00 3.566366e+01 4.600000e+00
      vertex   4.325759e+00 3.619079e+01 5.000000e+00
    endloop
  endfacet
  facet normal 2.812042e-01 -6.473969e-01 7.083794e-01
    outer loop
      vertex   4.325759e+00 3.619079e+01 5.000000e+00
      vertex   4.119805e+00 3.566366e+01 4.600000e+00
      vertex   4.495361e+00 3.582678e+01 4.600000e+00
    endloop
  endfacet
  facet normal 2.018915e-01 -6.802393e-01 7.046377e-01
    outer loop
      vertex   4.325759e+00 3.619079e+01 5.000000e+00
      vertex   4.495361e+00 3.582678e+01 4.600000e+00
      vertex   4.743429e+00 3.631475e+01 5.000000e+00
    endloop
  endfacet
  facet normal 1.900732e-01 -6.783801e-01 7.096990e-01
    outer loop
      vertex   4.743429e+00 3.631475e+01 5.000000e+00
      vertex   4.495361e+00 3.582678e+01 4.600000e+00
      vertex   4.889632e+00 3.593725e+01 4.600000e+00
    endloop
  endfacet
  facet normal 1.134202e-01 -7.015438e-01 7.035426e-01
    outer loop
      vertex   4.743429e+00 3.631475e+01 5.000000e+00
      vertex   4.889632e+00 3.593725e+01 4.600000e+00
      vertex   5.173522e+00 3.638429e+01 5.000000e+00
    endloop
  endfacet
  facet normal 9.577820e-02 -6.968382e-01 7.108045e-01
    outer loop
      vertex   5.173522e+00 3.638429e+01 5.000000e+00
      vertex   4.889632e+00 3.593725e+01 4.600000e+00
      vertex   5.295273e+00 3.599301e+01 4.600000e+00
    endloop
  endfacet
  facet normal 2.280643e-02 -7.111886e-01 7.026312e-01
    outer loop
      vertex   5.173522e+00 3.638429e+01 5.000000e+00
      vertex   5.295273e+00 3.599301e+01 4.600000e+00
      vertex   5.608975e+00 3.639825e+01 5.000000e+00
    endloop
  endfacet
  facet normal 0.000000e+00 -7.024845e-01 7.116990e-01
    outer loop
      vertex   5.608975e+00 3.639825e+01 5.000000e+00
      vertex   5.295273e+00 3.599301e+01 4.600000e+00
      vertex   5.704727e+00 3.599301e+01 4.600000e+00
    endloop
  endfacet
  facet normal -6.839429e-02 -7.089784e-01 7.019059e-01
    outer loop
      vertex   5.608975e+00 3.639825e+01 5.000000e+00
      vertex   5.704727e+00 3.599301e+01 4.600000e+00
      vertex   6.042640e+00 3.635642e+01 5.000000e+00
    endloop
  endfacet
  facet normal -9.556026e-02 -6.952525e-01 7.123848e-01
    outer loop
      vertex   6.042640e+00 3.635642e+01 5.000000e+00
      vertex   5.704727e+00 3.599301e+01 4.600000e+00
      vertex   6.110368e+00 3.593725e+01 4.600000e+00
    endloop
  endfacet
  facet normal -1.586127e-01 -6.949277e-01 7.013683e-01
    outer loop
      vertex   6.042640e+00 3.635642e+01 5.000000e+00
      vertex   6.110368e+00 3.593725e+01 4.600000e+00
      vertex   6.467394e+00 3.625947e+01 5.000000e+00
    endloop
  endfacet
  facet normal -1.892092e-01 -6.752964e-01 7.128637e-01
    outer loop
      vertex   6.467394e+00 3.625947e+01 5.000000e+00
      vertex   6.110368e+00 3.593725e+01 4.600000e+00
      vertex   6.504639e+00 3.582678e+01 4.600000e+00
    endloop
  endfacet
  facet normal -2.462942e-01 -6.692610e-01 7.010198e-01
    outer loop
      vertex   6.467394e+00 3.625947e+01 5.000000e+00
      vertex   6.504639e+00 3.582678e+01 4.600000e+00
      vertex   6.876263e+00 3.610900e+01 5.000000e+00
    endloop
  endfacet
  facet normal -2.792890e-01 -6.429878e-01 7.131369e-01
    outer loop
      vertex   6.876263e+00 3.610900e+01 5.000000e+00
      vertex   6.504639e+00 3.582678e+01 4.600000e+00
      vertex   6.880195e+00 3.566366e+01 4.600000e+00
    endloop
  endfacet
  facet normal -3.299275e-01 -6.324092e-01 7.008613e-01
    outer loop
      vertex   6.876263e+00 3.610900e+01 5.000000e+00
      vertex   6.880195e+00 3.566366e+01 4.600000e+00
      vertex   7.262535e+00 3.590749e+01 5.000000e+00
    endloop
  endfacet
  facet normal -3.642051e-01 -5.989098e-01 7.132052e-01
    outer loop
      vertex   7.262535e+00 3.590749e+01 5.000000e+00
      vertex   6.880195e+00 3.566366e+01 4.600000e+00
      vertex   7.230041e+00 3.545091e+01 4.600000e+00
    endloop
  endfacet
  facet normal -4.080716e-01 -5.850014e-01 7.008930e-01
    outer loop
      vertex   7.262535e+00 3.590749e+01 5.000000e+00
      vertex   7.230041e+00 3.545091e+01 4.600000e+00
      vertex   7.619865e+00 3.565823e+01 5.000000e+00
    endloop
  endfacet
  facet normal -4.424521e-01 -5.438467e-01 7.130687e-01
    outer loop
      vertex   7.619865e+00 3.565823e+01 5.000000e+00
      vertex   7.230041e+00 3.545091e+01 4.600000e+00
      vertex   7.547659e+00 3.519251e+01 4.600000e+00
    endloop
  endfacet
  facet normal -4.793830e-01 -5.278540e-01 7.011149e-01
    outer loop
      vertex   7.619865e+00 3.565823e+01 5.000000e+00
      vertex   7.547659e+00 3.519251e+01 4.600000e+00
      vertex   7.942388e+00 3.536532e+01 5.000000e+00
    endloop
  endfacet
  facet normal -5.126387e-01 -4.787711e-01 7.127270e-01
    outer loop
      vertex   7.942388e+00 3.536532e+01 5.000000e+00
      vertex   7.547659e+00 3.519251e+01 4.600000e+00
      vertex   7.827134e+00 3.489326e+01 4.600000e+00
    endloop
  endfacet
  facet normal -5.426394e-01 -4.619556e-01 7.015266e-01
    outer loop
      vertex   7.942388e+00 3.536532e+01 5.000000e+00
      vertex   7.827134e+00 3.489326e+01 4.600000e+00
      vertex   8.224806e+00 3.503358e+01 5.000000e+00
    endloop
  endfacet
  facet normal -5.735109e-01 -4.048282e-01 7.121793e-01
    outer loop
      vertex   8.224806e+00 3.503358e+01 5.000000e+00
      vertex   7.827134e+00 3.489326e+01 4.600000e+00
      vertex   8.063258e+00 3.455875e+01 4.600000e+00
    endloop
  endfacet
  facet normal -5.967622e-01 -3.884491e-01 7.021269e-01
    outer loop
      vertex   8.224806e+00 3.503358e+01 5.000000e+00
      vertex   8.063258e+00 3.455875e+01 4.600000e+00
      vertex   8.462484e+00 3.466844e+01 5.000000e+00
    endloop
  endfacet
  facet normal -6.239728e-01 -3.233166e-01 7.114242e-01
    outer loop
      vertex   8.462484e+00 3.466844e+01 5.000000e+00
      vertex   8.063258e+00 3.455875e+01 4.600000e+00
      vertex   8.251634e+00 3.419520e+01 4.600000e+00
    endloop
  endfacet
  facet normal -6.408361e-01 -3.086104e-01 7.029144e-01
    outer loop
      vertex   8.462484e+00 3.466844e+01 5.000000e+00
      vertex   8.251634e+00 3.419520e+01 4.600000e+00
      vertex   8.651517e+00 3.427591e+01 5.000000e+00
    endloop
  endfacet
  facet normal -6.631048e-01 -2.356675e-01 7.104596e-01
    outer loop
      vertex   8.651517e+00 3.427591e+01 5.000000e+00
      vertex   8.251634e+00 3.419520e+01 4.600000e+00
      vertex   8.388752e+00 3.380939e+01 4.600000e+00
    endloop
  endfacet
  facet normal -6.741254e-01 -2.238250e-01 7.038873e-01
    outer loop
      vertex   8.651517e+00 3.427591e+01 5.000000e+00
      vertex   8.388752e+00 3.380939e+01 4.600000e+00
      vertex   8.788803e+00 3.386243e+01 5.000000e+00
    endloop
  endfacet
  facet normal -6.901797e-01 -1.434210e-01 7.092830e-01
    outer loop
      vertex   8.788803e+00 3.386243e+01 5.000000e+00
      vertex   8.388752e+00 3.380939e+01 4.600000e+00
      vertex   8.472058e+00 3.340850e+01 4.600000e+00
    endloop
  endfacet
  facet normal -6.960868e-01 -1.355629e-01 7.050432e-01
    outer loop
      vertex   8.788803e+00 3.386243e+01 5.000000e+00
      vertex   8.472058e+00 3.340850e+01 4.600000e+00
      vertex   8.872086e+00 3.343478e+01 5.000000e+00
    endloop
  endfacet
  facet normal -7.046746e-01 -4.820107e-02 7.078914e-01
    outer loop
      vertex   8.872086e+00 3.343478e+01 5.000000e+00
      vertex   8.472058e+00 3.340850e+01 4.600000e+00
      vertex   8.500000e+00 3.300000e+01 4.600000e+00
    endloop
  endfacet
  facet normal -9.976688e-01 6.824241e-02 0.000000e+00
    outer loop
      vertex   8.472058e+00 3.259150e+01 3.000000e+00
      vertex   8.472058e+00 3.259150e+01 4.600000e+00
      vertex   8.500000e+00 3.300000e+01 3.000000e+00
    endloop
  endfacet
  facet normal -9.976688e-01 6.824241e-02 0.000000e+00
    outer loop
      vertex   8.500000e+00 3.300000e+01 3.000000e+00
      vertex   8.472058e+00 3.259150e+01 4.600000e+00
      vertex   8.500000e+00 3.300000e+01 4.600000e+00
    endloop
  endfacet
  facet normal -9.976688e-01 -6.824241e-02 0.000000e+00
    outer loop
      vertex   8.500000e+00 3.300000e+01 3.000000e+00
      vertex   8.500000e+00 3.300000e+01 4.600000e+00
      vertex   8.472058e+00 3.340850e+01 3.000000e+00
    endloop
  endfacet
  facet normal -9.976688e-01 -6.824241e-02 0.000000e+00
    outer loop
      vertex   8.472058e+00 3.340850e+01 3.000000e+00
      vertex   8.500000e+00 3.300000e+01 4.600000e+00
      vertex   8.472058e+00 3.340850e+01 4.600000e+00
    endloop
  endfacet
  facet normal -9.790841e-01 -2.034560e-01 0.000000e+00
    outer loop
      vertex   8.472058e+00 3.340850e+01 3.000000e+00
      vertex   8.472058e+00 3.340850e+01 4.600000e+00
      vertex   8.388752e+00 3.380939e+01 3.000000e+00
    endloop
  endfacet
  facet normal -9.790841e-01 -2.034560e-01 0.000000e+00
    outer loop
      vertex   8.388752e+00 3.380939e+01 3.000000e+00
      vertex   8.472058e+00 3.340850e+01 4.600000e+00
      vertex   8.388752e+00 3.380939e+01 4.600000e+00
    endloop
  endfacet
  facet normal -9.422609e-01 -3.348796e-01 0.000000e+00
    outer loop
      vertex   8.388752e+00 3.380939e+01 3.000000e+00
      vertex   8.388752e+00 3.380939e+01 4.600000e+00
      vertex   8.251634e+00 3.419520e+01 3.000000e+00
    endloop
  endfacet
  facet normal -9.422609e-01 -3.348796e-01 0.000000e+00
    outer loop
      vertex   8.251634e+00 3.419520e+01 3.000000e+00
      vertex   8.388752e+00 3.380939e+01 4.600000e+00
      vertex   8.251634e+00 3.419520e+01 4.600000e+00
    endloop
  endfacet
  facet normal -8.878852e-01 -4.600650e-01 0.000000e+00
    outer loop
      vertex   8.251634e+00 3.419520e+01 3.000000e+00
      vertex   8.251634e+00 3.419520e+01 4.600000e+00
      vertex   8.063258e+00 3.455875e+01 3.000000e+00
    endloop
  endfacet
  facet normal -8.878852e-01 -4.600650e-01 0.000000e+00
    outer loop
      vertex   8.063258e+00 3.455875e+01 3.000000e+00
      vertex   8.251634e+00 3.419520e+01 4.600000e+00
      vertex   8.063258e+00 3.455875e+01 4.600000e+00
    endloop
  endfacet
  facet normal -8.169699e-01 -5.766803e-01 0.000000e+00
    outer loop
      vertex   8.063258e+00 3.455875e+01 3.000000e+00
      vertex   8.063258e+00 3.455875e+01 4.600000e+00
      vertex   7.827134e+00 3.489326e+01 3.000000e+00
    endloop
  endfacet
  facet normal -8.169699e-01 -5.766803e-01 0.000000e+00
    outer loop
      vertex   7.827134e+00 3.489326e+01 3.000000e+00
      vertex   8.063258e+00 3.455875e+01 4.600000e+00
      vertex   7.827134e+00 3.489326e+01 4.600000e+00
    endloop
  endfacet
  facet normal -7.308360e-01 -6.825531e-01 0.000000e+00
    outer loop
      vertex   7.827134e+00 3.489326e+01 3.000000e+00
      vertex   7.827134e+00 3.489326e+01 4.600000e+00
      vertex   7.547659e+00 3.519251e+01 3.000000e+00
    endloop
  endfacet
  facet normal -7.308360e-01 -6.825531e-01 0.000000e+00
    outer loop
      vertex   7.547659e+00 3.519251e+01 3.000000e+00
      vertex   7.827134e+00 3.489326e+01 4.600000e+00
      vertex   7.547659e+00 3.519251e+01 4.600000e+00
    endloop
  endfacet
  facet normal -6.310879e-01 -7.757113e-01 0.000000e+00
    outer loop
      vertex   7.547659e+00 3.519251e+01 3.000000e+00
      vertex   7.547659e+00 3.519251e+01 4.600000e+00
      vertex   7.230041e+00 3.545091e+01 3.000000e+00
    endloop
  endfacet
  facet normal -6.310879e-01 -7.757113e-01 0.000000e+00
    outer loop
      vertex   7.230041e+00 3.545091e+01 3.000000e+00
      vertex   7.547659e+00 3.519251e+01 4.600000e+00
      vertex   7.230041e+00 3.545091e+01 4.600000e+00
    endloop
  endfacet
  facet normal -5.195840e-01 -8.544194e-01 0.000000e+00
    outer loop
      vertex   7.230041e+00 3.545091e+01 3.000000e+00
      vertex   7.230041e+00 3.545091e+01 4.600000e+00
      vertex   6.880195e+00 3.566366e+01 3.000000e+00
    endloop
  endfacet
  facet normal -5.195840e-01 -8.544194e-01 0.000000e+00
    outer loop
      vertex   6.880195e+00 3.566366e+01 3.000000e+00
      vertex   7.230041e+00 3.545091e+01 4.600000e+00
      vertex   6.880195e+00 3.566366e+01 4.600000e+00
    endloop
  endfacet
  facet normal -3.984011e-01 -9.172113e-01 0.000000e+00
    outer loop
      vertex   6.880195e+00 3.566366e+01 3.000000e+00
      vertex   6.880195e+00 3.566366e+01 4.600000e+00
      vertex   6.504639e+00 3.582678e+01 3.000000e+00
    endloop
  endfacet
  facet normal -3.984011e-01 -9.172113e-01 0.000000e+00
    outer loop
      vertex   6.504639e+00 3.582678e+01 3.000000e+00
      vertex   6.880195e+00 3.566366e+01 4.600000e+00
      vertex   6.504639e+00 3.582678e+01 4.600000e+00
    endloop
  endfacet
  facet normal -2.697968e-01 -9.629173e-01 0.000000e+00
    outer loop
      vertex   6.504639e+00 3.582678e+01 3.000000e+00
      vertex   6.504639e+00 3.582678e+01 4.600000e+00
      vertex   6.110368e+00 3.593725e+01 3.000000e+00
    endloop
  endfacet
  facet normal -2.697968e-01 -9.629173e-01 0.000000e+00
    outer loop
      vertex   6.110368e+00 3.593725e+01 3.000000e+00
      vertex   6.504639e+00 3.582678e+01 4.600000e+00
      vertex   6.110368e+00 3.593725e+01 4.600000e+00
    endloop
  endfacet
  facet normal -1.361666e-01 -9.906859e-01 0.000000e+00
    outer loop
      vertex   6.110368e+00 3.593725e+01 3.000000e+00
      vertex   6.110368e+00 3.593725e+01 4.600000e+00
      vertex   5.704727e+00 3.599301e+01 3.000000e+00
    endloop
  endfacet
  facet normal -1.361666e-01 -9.906859e-01 0.000000e+00
    outer loop
      vertex   5.704727e+00 3.599301e+01 3.000000e+00
      vertex   6.110368e+00 3.593725e+01 4.600000e+00
      vertex   5.704727e+00 3.599301e+01 4.600000e+00
    endloop
  endfacet
  facet normal 0.000000e+00 -1.000000e+00 0.000000e+00
    outer loop
      vertex   5.704727e+00 3.599301e+01 3.000000e+00
      vertex   5.704727e+00 3.599301e+01 4.600000e+00
      vertex   5.295273e+00 3.599301e+01 3.000000e+00
    endloop
  endfacet
  facet normal 0.000000e+00 -1.000000e+00 0.000000e+00
    outer loop
      vertex   5.295273e+00 3.599301e+01 3.000000e+00
      vertex   5.704727e+00 3.599301e+01 4.600000e+00
      vertex   5.295273e+00 3.599301e+01 4.600000e+00
    endloop
  endfacet
  facet normal 1.361666e-01 -9.906859e-01 0.000000e+00
    outer loop
      vertex   5.295273e+00 3.599301e+01 3.000000e+00
      vertex   5.295273e+00 3.599301e+01 4.600000e+00
      vertex   4.889632e+00 3.593725e+01 3.000000e+00
    endloop
  endfacet
  facet normal 1.361666e-01 -9.906859e-01 0.000000e+00
    outer loop
      vertex   4.889632e+00 3.593725e+01 3.000000e+00
      vertex   5.295273e+00 3.599301e+01 4.600000e+00
      vertex   4.889632e+00 3.593725e+01 4.600000e+00
    endloop
  endfacet
  facet normal 2.697968e-01 -9.629173e-01 0.000000e+00
    outer loop
      vertex   4.889632e+00 3.593725e+01 3.000000e+00
      vertex   4.889632e+00 3.593725e+01 4.600000e+00
      vertex   4.495361e+00 3.582678e+01 3.000000e+00
    endloop
  endfacet
  facet normal 2.697968e-01 -9.629173e-01 0.000000e+00
    outer loop
      vertex   4.495361e+00 3.582678e+01 3.000000e+00
      vertex   4.889632e+00 3.593725e+01 4.600000e+00
      vertex   4.495361e+00 3.582678e+01 4.600000e+00
    endloop
  endfacet
  facet normal 3.984011e-01 -9.172113e-01 0.000000e+00
    outer loop
      vertex   4.495361e+00 3.582678e+01 3.000000e+00
      vertex   4.495361e+00 3.582678e+01 4.600000e+00
      vertex   4.119805e+00 3.566366e+01 3.000000e+00
    endloop
  endfacet
  facet normal 3.984011e-01 -9.172113e-01 0.000000e+00
    outer loop
      vertex   4.119805e+00 3.566366e+01 3.000000e+00
      vertex   4.495361e+00 3.582678e+01 4.600000e+00
      vertex   4.119805e+00 3.566366e+01 4.600000e+00
    endloop
  endfacet
  facet normal 5.195840e-01 -8.544194e-01 0.000000e+00
    outer loop
      vertex   4.119805e+00 3.566366e+01 3.000000e+00
      vertex   4.119805e+00 3.566366e+01 4.600000e+00
      vertex   3.769959e+00 3.545091e+01 3.000000e+00
    endloop
  endfacet
  facet normal 5.195840e-01 -8.544194e-01 0.000000e+00
    outer loop
      vertex   3.769959e+00 3.545091e+01 3.000000e+00
      vertex   4.119805e+00 3.566366e+01 4.600000e+00
      vertex   3.769959e+00 3.545091e+01 4.600000e+00
    endloop
  endfacet
  facet normal 6.310879e-01 -7.757113e-01 0.000000e+00
    outer loop
      vertex   3.769959e+00 3.545091e+01 3.000000e+00
      vertex   3.769959e+00 3.545091e+01 4.600000e+00
      vertex   3.452341e+00 3.519251e+01 3.000000e+00
    endloop
  endfacet
  facet normal 6.310879e-01 -7.757113e-01 0.000000e+00
    outer loop
      vertex   3.452341e+00 3.519251e+01 3.000000e+00
      vertex   3.769959e+00 3.545091e+01 4.600000e+00
      vertex   3.452341e+00 3.519251e+01 4.600000e+00
    endloop
  endfacet
  facet normal 7.308360e-01 -6.825531e-01 0.000000e+00
    outer loop
      vertex   3.452341e+00 3.519251e+01 3.000000e+00
      vertex   3.452341e+00 3.519251e+01 4.600000e+00
      vertex   3.172866e+00 3.489326e+01 3.000000e+00
    endloop
  endfacet
  facet normal 7.308360e-01 -6.825531e-01 0.000000e+00
    outer loop
      vertex   3.172866e+00 3.489326e+01 3.000000e+00
      vertex   3.452341e+00 3.519251e+01 4.600000e+00
      vertex   3.172866e+00 3.489326e+01 4.600000e+00
    endloop
  endfacet
  facet normal 8.169699e-01 -5.766803e-01 0.000000e+00
    outer loop
      vertex   3.172866e+00 3.489326e+01 3.000000e+00
      vertex   3.172866e+00 3.489326e+01 4.600000e+00
      vertex   2.936742e+00 3.455875e+01 3.000000e+00
    endloop
  endfacet
  facet normal 8.169699e-01 -5.766803e-01 0.000000e+00
    outer loop
      vertex   2.936742e+00 3.455875e+01 3.000000e+00
      vertex   3.172866e+00 3.489326e+01 4.600000e+00
      vertex   2.936742e+00 3.455875e+01 4.600000e+00
    endloop
  endfacet
  facet normal 8.878852e-01 -4.600650e-01 0.000000e+00
    outer loop
      vertex   2.936742e+00 3.455875e+01 3.000000e+00
      vertex   2.936742e+00 3.455875e+01 4.600000e+00
      vertex   2.748366e+00 3.419520e+01 3.000000e+00
    endloop
  endfacet
  facet normal 8.878852e-01 -4.600650e-01 0.000000e+00
    outer loop
      vertex   2.748366e+00 3.419520e+01 3.000000e+00
      vertex   2.936742e+00 3.455875e+01 4.600000e+00
      vertex   2.748366e+00 3.419520e+01 4.600000e+00
    endloop
  endfacet
  facet normal 9.422609e-01 -3.348796e-01 0.000000e+00
    outer loop
      vertex   2.748366e+00 3.419520e+01 3.000000e+00
      vertex   2.748366e+00 3.419520e+01 4.600000e+00
      vertex   2.611248e+00 3.380939e+01 3.000000e+00
    endloop
  endfacet
  facet normal 9.422609e-01 -3.348796e-01 0.000000e+00
    outer loop
      vertex   2.611248e+00 3.380939e+01 3.000000e+00
      vertex   2.748366e+00 3.419520e+01 4.600000e+00
      vertex   2.611248e+00 3.380939e+01 4.600000e+00
    endloop
  endfacet
  facet normal 9.790841e-01 -2.034560e-01 0.000000e+00
    outer loop
      vertex   2.611248e+00 3.380939e+01 3.000000e+00
      vertex   2.611248e+00 3.380939e+01 4.600000e+00
      vertex   2.527942e+00 3.340850e+01 3.000000e+00
    endloop
  endfacet
  facet normal 9.790841e-01 -2.034560e-01 0.000000e+00
    outer loop
      vertex   2.527942e+00 3.340850e+01 3.000000e+00
      vertex   2.611248e+00 3.380939e+01 4.600000e+00
      vertex   2.527942e+00 3.340850e+01 4.600000e+00
    endloop
  endfacet
  facet normal 9.976688e-01 -6.824241e-02 0.000000e+00
    outer loop
      vertex   2.527942e+00 3.340850e+01 3.000000e+00
      vertex   2.527942e+00 3.340850e+01 4.600000e+00
      vertex   2.500000e+00 3.300000e+01 3.000000e+00
    endloop
  endfacet
  facet normal 9.976688e-01 -6.824241e-02 0.000000e+00
    outer loop
      vertex   2.500000e+00 3.300000e+01 3.000000e+00
      vertex   2.527942e+00 3.340850e+01 4.600000e+00
      vertex   2.500000e+00 3.300000e+01 4.600000e+00
    endloop
  endfacet
  facet normal 9.976688e-01 6.824241e-02 -0.000000e+00
    outer loop
      vertex   2.500000e+00 3.300000e+01 3.000000e+00
      vertex   2.500000e+00 3.300000e+01 4.600000e+00
      vertex   2.527942e+00 3.259150e+01 3.000000e+00
    endloop
  endfacet
  facet normal 9.976688e-01 6.824241e-02 -0.000000e+00
    outer loop
      vertex   2.527942e+00 3.259150e+01 3.000000e+00
      vertex   2.500000e+00 3.300000e+01 4.600000e+00
      vertex   2.527942e+00 3.259150e+01 4.600000e+00
    endloop
  endfacet
  facet normal 9.790841e-01 2.034560e-01 -0.000000e+00
    outer loop
      vertex   2.527942e+00 3.259150e+01 3.000000e+00
      vertex   2.527942e+00 3.259150e+01 4.600000e+00
      vertex   2.611248e+00 3.219061e+01 3.000000e+00
    endloop
  endfacet
  facet normal 9.790841e-01 2.034560e-01 -0.000000e+00
    outer loop
      vertex   2.611248e+00 3.219061e+01 3.000000e+00
      vertex   2.527942e+00 3.259150e+01 4.600000e+00
      vertex   2.611248e+00 3.219061e+01 4.600000e+00
    endloop
  endfacet
  facet normal 9.422609e-01 3.348796e-01 -0.000000e+00
    outer loop
      vertex   2.611248e+00 3.219061e+01 3.000000e+00
      vertex   2.611248e+00 3.219061e+01 4.600000e+00
      vertex   2.748366e+00 3.180480e+01 3.000000e+00
    endloop
  endfacet
  facet normal 9.422609e-01 3.348796e-01 -0.000000e+00
    outer loop
      vertex   2.748366e+00 3.180480e+01 3.000000e+00
      vertex   2.611248e+00 3.219061e+01 4.600000e+00
      vertex   2.748366e+00 3.180480e+01 4.600000e+00
    endloop
  endfacet
  facet normal 8.878852e-01 4.600650e-01 -0.000000e+00
    outer loop
      vertex   2.748366e+00 3.180480e+01 3.000000e+00
      vertex   2.748366e+00 3.180480e+01 4.600000e+00
      vertex   2.936742e+00 3.144125e+01 3.000000e+00
    endloop
  endfacet
  facet normal 8.878852e-01 4.600650e-01 -0.000000e+00
    outer loop
      vertex   2.936742e+00 3.144125e+01 3.000000e+00
      vertex   2.748366e+00 3.180480e+01 4.600000e+00
      vertex   2.936742e+00 3.144125e+01 4.600000e+00
    endloop
  endfacet
  facet normal 8.169699e-01 5.766803e-01 -0.000000e+00
    outer loop
      vertex   2.936742e+00 3.144125e+01 3.000000e+00
      vertex   2.936742e+00 3.144125e+01 4.600000e+00
      vertex   3.172866e+00 3.110674e+01 3.000000e+00
    endloop
  endfacet
  facet normal 8.169699e-01 5.766803e-01 -0.000000e+00
    outer loop
      vertex   3.172866e+00 3.110674e+01 3.000000e+00
      vertex   2.936742e+00 3.144125e+01 4.600000e+00
      vertex   3.172866e+00 3.110674e+01 4.600000e+00
    endloop
  endfacet
  facet normal 7.308360e-01 6.825531e-01 -0.000000e+00
    outer loop
      vertex   3.172866e+00 3.110674e+01 3.000000e+00
      vertex   3.172866e+00 3.110674e+01 4.600000e+00
      vertex   3.452341e+00 3.080749e+01 3.000000e+00
    endloop
  endfacet
  facet normal 7.308360e-01 6.825531e-01 -0.000000e+00
    outer loop
      vertex   3.452341e+00 3.080749e+01 3.000000e+00
      vertex   3.172866e+00 3.110674e+01 4.600000e+00
      vertex   3.452341e+00 3.080749e+01 4.600000e+00
    endloop
  endfacet
  facet normal 6.310879e-01 7.757113e-01 -0.000000e+00
    outer loop
      vertex   3.452341e+00 3.080749e+01 3.000000e+00
      vertex   3.452341e+00 3.080749e+01 4.600000e+00
      vertex   3.769959e+00 3.054909e+01 3.000000e+00
    endloop
  endfacet
  facet normal 6.310879e-01 7.757113e-01 -0.000000e+00
    outer loop
      vertex   3.769959e+00 3.054909e+01 3.000000e+00
      vertex   3.452341e+00 3.080749e+01 4.600000e+00
      vertex   3.769959e+00 3.054909e+01 4.600000e+00
    endloop
  endfacet
  facet normal 5.195840e-01 8.544194e-01 -0.000000e+00
    outer loop
      vertex   3.769959e+00 3.054909e+01 3.000000e+00
      vertex   3.769959e+00 3.054909e+01 4.600000e+00
      vertex   4.119805e+00 3.033634e+01 3.000000e+00
    endloop
  endfacet
  facet normal 5.195840e-01 8.544194e-01 -0.000000e+00
    outer loop
      vertex   4.119805e+00 3.033634e+01 3.000000e+00
      vertex   3.769959e+00 3.054909e+01 4.600000e+00
      vertex   4.119805e+00 3.033634e+01 4.600000e+00
    endloop
  endfacet
  facet normal 3.984011e-01 9.172113e-01 -0.000000e+00
    outer loop
      vertex   4.119805e+00 3.033634e+01 3.000000e+00
      vertex   4.119805e+00 3.033634e+01 4.600000e+00
      vertex   4.495361e+00 3.017322e+01 3.000000e+00
    endloop
  endfacet
  facet normal 3.984011e-01 9.172113e-01 -0.000000e+00
    outer loop
      vertex   4.495361e+00 3.017322e+01 3.000000e+00
      vertex   4.119805e+00 3.033634e+01 4.600000e+00
      vertex   4.495361e+00 3.017322e+01 4.600000e+00
    endloop
  endfacet
  facet normal 2.697968e-01 9.629173e-01 -0.000000e+00
    outer loop
      vertex   4.495361e+00 3.017322e+01 3.000000e+00
      vertex   4.495361e+00 3.017322e+01 4.600000e+00
      vertex   4.889632e+00 3.006275e+01 3.000000e+00
    endloop
  endfacet
  facet normal 2.697968e-01 9.629173e-01 -0.000000e+00
    outer loop
      vertex   4.889632e+00 3.006275e+01 3.000000e+00
      vertex   4.495361e+00 3.017322e+01 4.600000e+00
      vertex   4.889632e+00 3.006275e+01 4.600000e+00
    endloop
  endfacet
  facet normal 1.361666e-01 9.906859e-01 -0.000000e+00
    outer loop
      vertex   4.889632e+00 3.006275e+01 3.000000e+00
      vertex   4.889632e+00 3.006275e+01 4.600000e+00
      vertex   5.295273e+00 3.000699e+01 3.000000e+00
    endloop
  endfacet
  facet normal 1.361666e-01 9.906859e-01 -0.000000e+00
    outer loop
      vertex   5.295273e+00 3.000699e+01 3.000000e+00
      vertex   4.889632e+00 3.006275e+01 4.600000e+00
      vertex   5.295273e+00 3.000699e+01 4.600000e+00
    endloop
  endfacet
  facet normal 0.000000e+00 1.000000e+00 0.000000e+00
    outer loop
      vertex   5.295273e+00 3.000699e+01 3.000000e+00
      vertex   5.295273e+00 3.000699e+01 4.600000e+00
      vertex   5.704727e+00 3.000699e+01 3.000000e+00
    endloop
  endfacet
  facet normal 0.000000e+00 1.000000e+00 -0.000000e+00
    outer loop
      vertex   5.704727e+00 3.000699e+01 3.000000e+00
      vertex   5.295273e+00 3.000699e+01 4.600000e+00
      vertex   5.704727e+00 3.000699e+01 4.600000e+00
    endloop
  endfacet
  facet normal -1.361666e-01 9.906859e-01 0.000000e+00
    outer loop
      vertex   5.704727e+00 3.000699e+01 3.000000e+00
      vertex   5.704727e+00 3.000699e+01 4.600000e+00
      vertex   6.110368e+00 3.006275e+01 3.000000e+00
    endloop
  endfacet
  facet normal -1.361666e-01 9.906859e-01 0.000000e+00
    outer loop
      vertex   6.110368e+00 3.006275e+01 3.000000e+00
      vertex   5.704727e+00 3.000699e+01 4.600000e+00
      vertex   6.110368e+00 3.006275e+01 4.600000e+00
    endloop
  endfacet
  facet normal -2.697968e-01 9.629173e-01 0.000000e+00
    outer loop
      vertex   6.110368e+00 3.006275e+01 3.000000e+00
      vertex   6.110368e+00 3.006275e+01 4.600000e+00
      vertex   6.504639e+00 3.017322e+01 3.000000e+00
    endloop
  endfacet
  facet normal -2.697968e-01 9.629173e-01 0.000000e+00
    outer loop
      vertex   6.504639e+00 3.017322e+01 3.000000e+00
      vertex   6.110368e+00 3.006275e+01 4.600000e+00
      vertex   6.504639e+00 3.017322e+01 4.600000e+00
    endloop
  endfacet
  facet normal -3.984011e-01 9.172113e-01 0.000000e+00
    outer loop
      vertex   6.504639e+00 3.017322e+01 3.000000e+00
      vertex   6.504639e+00 3.017322e+01 4.600000e+00
      vertex   6.880195e+00 3.033634e+01 3.000000e+00
    endloop
  endfacet
  facet normal -3.984011e-01 9.172113e-01 0.000000e+00
    outer loop
      vertex   6.880195e+00 3.033634e+01 3.000000e+00
      vertex   6.504639e+00 3.017322e+01 4.600000e+00
      vertex   6.880195e+00 3.033634e+01 4.600000e+00
    endloop
  endfacet
  facet normal -5.195840e-01 8.544194e-01 0.000000e+00
    outer loop
      vertex   6.880195e+00 3.033634e+01 3.000000e+00
      vertex   6.880195e+00 3.033634e+01 4.600000e+00
      vertex   7.230041e+00 3.054909e+01 3.000000e+00
    endloop
  endfacet
  facet normal -5.195840e-01 8.544194e-01 0.000000e+00
    outer loop
      vertex   7.230041e+00 3.054909e+01 3.000000e+00
      vertex   6.880195e+00 3.033634e+01 4.600000e+00
      vertex   7.230041e+00 3.054909e+01 4.600000e+00
    endloop
  endfacet
  facet normal -6.310879e-01 7.757113e-01 0.000000e+00
    outer loop
      vertex   7.230041e+00 3.054909e+01 3.000000e+00
      vertex   7.230041e+00 3.054909e+01 4.600000e+00
      vertex   7.547659e+00 3.080749e+01 3.000000e+00
    endloop
  endfacet
  facet normal -6.310879e-01 7.757113e-01 0.000000e+00
    outer loop
      vertex   7.547659e+00 3.080749e+01 3.000000e+00
      vertex   7.230041e+00 3.054909e+01 4.600000e+00
      vertex   7.547659e+00 3.080749e+01 4.600000e+00
    endloop
  endfacet
  facet normal -7.308360e-01 6.825531e-01 0.000000e+00
    outer loop
      vertex   7.547659e+00 3.080749e+01 3.000000e+00
      vertex   7.547659e+00 3.080749e+01 4.600000e+00
      vertex   7.827134e+00 3.110674e+01 3.000000e+00
    endloop
  endfacet
  facet normal -7.308360e-01 6.825531e-01 0.000000e+00
    outer loop
      vertex   7.827134e+00 3.110674e+01 3.000000e+00
      vertex   7.547659e+00 3.080749e+01 4.600000e+00
      vertex   7.827134e+00 3.110674e+01 4.600000e+00
    endloop
  endfacet
  facet normal -8.169699e-01 5.766803e-01 0.000000e+00
    outer loop
      vertex   7.827134e+00 3.110674e+01 3.000000e+00
      vertex   7.827134e+00 3.110674e+01 4.600000e+00
      vertex   8.063258e+00 3.144125e+01 3.000000e+00
    endloop
  endfacet
  facet normal -8.169699e-01 5.766803e-01 0.000000e+00
    outer loop
      vertex   8.063258e+00 3.144125e+01 3.000000e+00
      vertex   7.827134e+00 3.110674e+01 4.600000e+00
      vertex   8.063258e+00 3.144125e+01 4.600000e+00
    endloop
  endfacet
  facet normal -8.878852e-01 4.600650e-01 0.000000e+00
    outer loop
      vertex   8.063258e+00 3.144125e+01 3.000000e+00
      vertex   8.063258e+00 3.144125e+01 4.600000e+00
      vertex   8.251634e+00 3.180480e+01 3.000000e+00
    endloop
  endfacet
  facet normal -8.878852e-01 4.600650e-01 0.000000e+00
    outer loop
      vertex   8.251634e+00 3.180480e+01 3.000000e+00
      vertex   8.063258e+00 3.144125e+01 4.600000e+00
      vertex   8.251634e+00 3.180480e+01 4.600000e+00
    endloop
  endfacet
  facet normal -9.422609e-01 3.348796e-01 0.000000e+00
    outer loop
      vertex   8.251634e+00 3.180480e+01 3.000000e+00
      vertex   8.251634e+00 3.180480e+01 4.600000e+00
      vertex   8.388752e+00 3.219061e+01 3.000000e+00
    endloop
  endfacet
  facet normal -9.422609e-01 3.348796e-01 0.000000e+00
    outer loop
      vertex   8.388752e+00 3.219061e+01 3.000000e+00
      vertex   8.251634e+00 3.180480e+01 4.600000e+00
      vertex   8.388752e+00 3.219061e+01 4.600000e+00
    endloop
  endfacet
  facet normal -9.790841e-01 2.034560e-01 0.000000e+00
    outer loop
      vertex   8.388752e+00 3.219061e+01 3.000000e+00
      vertex   8.388752e+00 3.219061e+01 4.600000e+00
      vertex   8.472058e+00 3.259150e+01 3.000000e+00
    endloop
  endfacet
  facet normal -9.790841e-01 2.034560e-01 0.000000e+00
    outer loop
      vertex   8.472058e+00 3.259150e+01 3.000000e+00
      vertex   8.388752e+00 3.219061e+01 4.600000e+00
      vertex   8.472058e+00 3.259150e+01 4.600000e+00
    endloop
  endfacet
  facet normal -7.046746e-01 4.820107e-02 7.078914e-01
    outer loop
      vertex   8.472058e+00 2.184150e+01 4.600000e+00
      vertex   8.872086e+00 2.181522e+01 5.000000e+00
      vertex   8.500000e+00 2.225000e+01 4.600000e+00
    endloop
  endfacet
  facet normal -7.063792e-01 4.535105e-02 7.063792e-01
    outer loop
      vertex   8.500000e+00 2.225000e+01 4.600000e+00
      vertex   8.872086e+00 2.181522e+01 5.000000e+00
      vertex   8.900000e+00 2.225000e+01 5.000000e+00
    endloop
  endfacet
  facet normal -7.063792e-01 -4.535105e-02 7.063792e-01
    outer loop
      vertex   8.500000e+00 2.225000e+01 4.600000e+00
      vertex   8.900000e+00 2.225000e+01 5.000000e+00
      vertex   8.872086e+00 2.268478e+01 5.000000e+00
    endloop
  endfacet
  facet normal -6.960868e-01 1.355629e-01 7.050432e-01
    outer loop
      vertex   8.872086e+00 2.181522e+01 5.000000e+00
      vertex   8.472058e+00 2.184150e+01 4.600000e+00
      vertex   8.788803e+00 2.138757e+01 5.000000e+00
    endloop
  endfacet
  facet normal -6.901797e-01 1.434210e-01 7.092830e-01
    outer loop
      vertex   8.788803e+00 2.138757e+01 5.000000e+00
      vertex   8.472058e+00 2.184150e+01 4.600000e+00
      vertex   8.388752e+00 2.144061e+01 4.600000e+00
    endloop
  endfacet
  facet normal -6.741254e-01 2.238250e-01 7.038873e-01
    outer loop
      vertex   8.788803e+00 2.138757e+01 5.000000e+00
      vertex   8.388752e+00 2.144061e+01 4.600000e+00
      vertex   8.651517e+00 2.097409e+01 5.000000e+00
    endloop
  endfacet
  facet normal -6.631048e-01 2.356675e-01 7.104596e-01
    outer loop
      vertex   8.651517e+00 2.097409e+01 5.000000e+00
      vertex   8.388752e+00 2.144061e+01 4.600000e+00
      vertex   8.251634e+00 2.105480e+01 4.600000e+00
    endloop
  endfacet
  facet normal -6.408361e-01 3.086104e-01 7.029144e-01
    outer loop
      vertex   8.651517e+00 2.097409e+01 5.000000e+00
      vertex   8.251634e+00 2.105480e+01 4.600000e+00
      vertex   8.462484e+00 2.058156e+01 5.000000e+00
    endloop
  endfacet
  facet normal -6.239728e-01 3.233166e-01 7.114242e-01
    outer loop
      vertex   8.462484e+00 2.058156e+01 5.000000e+00
      vertex   8.251634e+00 2.105480e+01 4.600000e+00
      vertex   8.063258e+00 2.069125e+01 4.600000e+00
    endloop
  endfacet
  facet normal -5.967622e-01 3.884491e-01 7.021269e-01
    outer loop
      vertex   8.462484e+00 2.058156e+01 5.000000e+00
      vertex   8.063258e+00 2.069125e+01 4.600000e+00
      vertex   8.224806e+00 2.021642e+01 5.000000e+00
    endloop
  endfacet
  facet normal -5.735109e-01 4.048282e-01 7.121793e-01
    outer loop
      vertex   8.224806e+00 2.021642e+01 5.000000e+00
      vertex   8.063258e+00 2.069125e+01 4.600000e+00
      vertex   7.827134e+00 2.035674e+01 4.600000e+00
    endloop
  endfacet
  facet normal -5.426394e-01 4.619556e-01 7.015266e-01
    outer loop
      vertex   8.224806e+00 2.021642e+01 5.000000e+00
      vertex   7.827134e+00 2.035674e+01 4.600000e+00
      vertex   7.942388e+00 1.988468e+01 5.000000e+00
    endloop
  endfacet
  facet normal -5.126387e-01 4.787711e-01 7.127270e-01
    outer loop
      vertex   7.942388e+00 1.988468e+01 5.000000e+00
      vertex   7.827134e+00 2.035674e+01 4.600000e+00
      vertex   7.547659e+00 2.005749e+01 4.600000e+00
    endloop
  endfacet
  facet normal -4.793830e-01 5.278540e-01 7.011149e-01
    outer loop
      vertex   7.942388e+00 1.988468e+01 5.000000e+00
      vertex   7.547659e+00 2.005749e+01 4.600000e+00
      vertex   7.619865e+00 1.959177e+01 5.000000e+00
    endloop
  endfacet
  facet normal -4.424521e-01 5.438467e-01 7.130687e-01
    outer loop
      vertex   7.619865e+00 1.959177e+01 5.000000e+00
      vertex   7.547659e+00 2.005749e+01 4.600000e+00
      vertex   7.230041e+00 1.979909e+01 4.600000e+00
    endloop
  endfacet
  facet normal -4.080716e-01 5.850014e-01 7.008930e-01
    outer loop
      vertex   7.619865e+00 1.959177e+01 5.000000e+00
      vertex   7.230041e+00 1.979909e+01 4.600000e+00
      vertex   7.262535e+00 1.934251e+01 5.000000e+00
    endloop
  endfacet
  facet normal -3.642051e-01 5.989098e-01 7.132052e-01
    outer loop
      vertex   7.262535e+00 1.934251e+01 5.000000e+00
      vertex   7.230041e+00 1.979909e+01 4.600000e+00
      vertex   6.880195e+00 1.958634e+01 4.600000e+00
    endloop
  endfacet
  facet normal -3.299275e-01 6.324092e-01 7.008613e-01
    outer loop
      vertex   7.262535e+00 1.934251e+01 5.000000e+00
      vertex   6.880195e+00 1.958634e+01 4.600000e+00
      vertex   6.876263e+00 1.914100e+01 5.000000e+00
    endloop
  endfacet
  facet normal -2.792890e-01 6.429878e-01 7.131369e-01
    outer loop
      vertex   6.876263e+00 1.914100e+01 5.000000e+00
      vertex   6.880195e+00 1.958634e+01 4.600000e+00
      vertex   6.504639e+00 1.942322e+01 4.600000e+00
    endloop
  endfacet
  facet normal -2.462942e-01 6.692610e-01 7.010198e-01
    outer loop
      vertex   6.876263e+00 1.914100e+01 5.000000e+00
      vertex   6.504639e+00 1.942322e+01 4.600000e+00
      vertex   6.467394e+00 1.899053e+01 5.000000e+00
    endloop
  endfacet
  facet normal -1.892092e-01 6.752964e-01 7.128637e-01
    outer loop
      vertex   6.467394e+00 1.899053e+01 5.000000e+00
      vertex   6.504639e+00 1.942322e+01 4.600000e+00
      vertex   6.110368e+00 1.931275e+01 4.600000e+00
    endloop
  endfacet
  facet normal -1.586127e-01 6.949277e-01 7.013683e-01
    outer loop
      vertex   6.467394e+00 1.899053e+01 5.000000e+00
      vertex   6.110368e+00 1.931275e+01 4.600000e+00
      vertex   6.042640e+00 1.889358e+01 5.000000e+00
    endloop
  endfacet
  facet normal -9.556026e-02 6.952525e-01 7.123848e-01
    outer loop
      vertex   6.042640e+00 1.889358e+01 5.000000e+00
      vertex   6.110368e+00 1.931275e+01 4.600000e+00
      vertex   5.704727e+00 1.925699e+01 4.600000e+00
    endloop
  endfacet
  facet normal -6.839429e-02 7.089784e-01 7.019059e-01
    outer loop
      vertex   6.042640e+00 1.889358e+01 5.000000e+00
      vertex   5.704727e+00 1.925699e+01 4.600000e+00
      vertex   5.608975e+00 1.885175e+01 5.000000e+00
    endloop
  endfacet
  facet normal 0.000000e+00 7.024845e-01 7.116990e-01
    outer loop
      vertex   5.608975e+00 1.885175e+01 5.000000e+00
      vertex   5.704727e+00 1.925699e+01 4.600000e+00
      vertex   5.295273e+00 1.925699e+01 4.600000e+00
    endloop
  endfacet
  facet normal 2.280643e-02 7.111886e-01 7.026312e-01
    outer loop
      vertex   5.608975e+00 1.885175e+01 5.000000e+00
      vertex   5.295273e+00 1.925699e+01 4.600000e+00
      vertex   5.173522e+00 1.886571e+01 5.000000e+00
    endloop
  endfacet
  facet normal 9.577820e-02 6.968382e-01 7.108045e-01
    outer loop
      vertex   5.173522e+00 1.886571e+01 5.000000e+00
      vertex   5.295273e+00 1.925699e+01 4.600000e+00
      vertex   4.889632e+00 1.931275e+01 4.600000e+00
    endloop
  endfacet
  facet normal 1.134202e-01 7.015438e-01 7.035426e-01
    outer loop
      vertex   5.173522e+00 1.886571e+01 5.000000e+00
      vertex   4.889632e+00 1.931275e+01 4.600000e+00
      vertex   4.743429e+00 1.893525e+01 5.000000e+00
    endloop
  endfacet
  facet normal 1.900732e-01 6.783801e-01 7.096990e-01
    outer loop
      vertex   4.743429e+00 1.893525e+01 5.000000e+00
      vertex   4.889632e+00 1.931275e+01 4.600000e+00
      vertex   4.495361e+00 1.942322e+01 4.600000e+00
    endloop
  endfacet
  facet normal 2.018915e-01 6.802393e-01 7.046377e-01
    outer loop
      vertex   4.743429e+00 1.893525e+01 5.000000e+00
      vertex   4.495361e+00 1.942322e+01 4.600000e+00
      vertex   4.325759e+00 1.905921e+01 5.000000e+00
    endloop
  endfacet
  facet normal 2.812042e-01 6.473969e-01 7.083794e-01
    outer loop
      vertex   4.325759e+00 1.905921e+01 5.000000e+00
      vertex   4.495361e+00 1.942322e+01 4.600000e+00
      vertex   4.119805e+00 1.958634e+01 4.600000e+00
    endloop
  endfacet
  facet normal 2.867070e-01 6.476762e-01 7.059141e-01
    outer loop
      vertex   4.325759e+00 1.905921e+01 5.000000e+00
      vertex   4.119805e+00 1.958634e+01 4.600000e+00
      vertex   3.927370e+00 1.923556e+01 5.000000e+00
    endloop
  endfacet
  facet normal 3.666847e-01 6.048847e-01 7.068641e-01
    outer loop
      vertex   3.927370e+00 1.923556e+01 5.000000e+00
      vertex   4.119805e+00 1.958634e+01 4.600000e+00
      vertex   3.554803e+00 1.946141e+01 5.000000e+00
    endloop
  endfacet
  facet normal 3.672598e-01 6.039329e-01 7.073792e-01
    outer loop
      vertex   3.554803e+00 1.946141e+01 5.000000e+00
      vertex   4.119805e+00 1.958634e+01 4.600000e+00
      vertex   3.769959e+00 1.979909e+01 4.600000e+00
    endloop
  endfacet
  facet normal 4.418929e-01 5.541161e-01 7.054687e-01
    outer loop
      vertex   3.554803e+00 1.946141e+01 5.000000e+00
      vertex   3.769959e+00 1.979909e+01 4.600000e+00
      vertex   3.214177e+00 1.973305e+01 5.000000e+00
    endloop
  endfacet
  facet normal 4.451480e-01 5.471604e-01 7.088432e-01
    outer loop
      vertex   3.214177e+00 1.973305e+01 5.000000e+00
      vertex   3.769959e+00 1.979909e+01 4.600000e+00
      vertex   3.452341e+00 2.005749e+01 4.600000e+00
    endloop
  endfacet
  facet normal 5.099919e-01 4.938996e-01 7.042524e-01
    outer loop
      vertex   3.214177e+00 1.973305e+01 5.000000e+00
      vertex   3.452341e+00 2.005749e+01 4.600000e+00
      vertex   2.911084e+00 2.004602e+01 5.000000e+00
    endloop
  endfacet
  facet normal 5.145888e-01 4.805924e-01 7.100911e-01
    outer loop
      vertex   2.911084e+00 2.004602e+01 5.000000e+00
      vertex   3.452341e+00 2.005749e+01 4.600000e+00
      vertex   3.172866e+00 2.035674e+01 4.600000e+00
    endloop
  endfacet
  facet normal 5.697843e-01 4.252411e-01 7.032182e-01
    outer loop
      vertex   2.911084e+00 2.004602e+01 5.000000e+00
      vertex   3.172866e+00 2.035674e+01 4.600000e+00
      vertex   2.650500e+00 2.039518e+01 5.000000e+00
    endloop
  endfacet
  facet normal 5.743826e-01 4.054435e-01 7.111260e-01
    outer loop
      vertex   2.650500e+00 2.039518e+01 5.000000e+00
      vertex   3.172866e+00 2.035674e+01 4.600000e+00
      vertex   2.936742e+00 2.069125e+01 4.600000e+00
    endloop
  endfacet
  facet normal 6.202163e-01 3.492993e-01 7.023687e-01
    outer loop
      vertex   2.650500e+00 2.039518e+01 5.000000e+00
      vertex   2.936742e+00 2.069125e+01 4.600000e+00
      vertex   2.436706e+00 2.077480e+01 5.000000e+00
    endloop
  endfacet
  facet normal 6.234991e-01 3.230712e-01 7.119507e-01
    outer loop
      vertex   2.436706e+00 2.077480e+01 5.000000e+00
      vertex   2.936742e+00 2.069125e+01 4.600000e+00
      vertex   2.748366e+00 2.105480e+01 4.600000e+00
    endloop
  endfacet
  facet normal 6.603975e-01 2.673653e-01 7.017058e-01
    outer loop
      vertex   2.436706e+00 2.077480e+01 5.000000e+00
      vertex   2.748366e+00 2.105480e+01 4.600000e+00
      vertex   2.273210e+00 2.117863e+01 5.000000e+00
    endloop
  endfacet
  facet normal 6.610937e-01 2.349528e-01 7.125674e-01
    outer loop
      vertex   2.273210e+00 2.117863e+01 5.000000e+00
      vertex   2.748366e+00 2.105480e+01 4.600000e+00
      vertex   2.611248e+00 2.144061e+01 4.600000e+00
    endloop
  endfacet
  facet normal 6.896174e-01 1.808390e-01 7.012311e-01
    outer loop
      vertex   2.273210e+00 2.117863e+01 5.000000e+00
      vertex   2.611248e+00 2.144061e+01 4.600000e+00
      vertex   2.162699e+00 2.160006e+01 5.000000e+00
    endloop
  endfacet
  facet normal 6.865208e-01 1.426607e-01 7.129776e-01
    outer loop
      vertex   2.162699e+00 2.160006e+01 5.000000e+00
      vertex   2.611248e+00 2.144061e+01 4.600000e+00
      vertex   2.527942e+00 2.184150e+01 4.600000e+00
    endloop
  endfacet
  facet normal 7.073590e-01 9.120385e-02 7.009458e-01
    outer loop
      vertex   2.162699e+00 2.160006e+01 5.000000e+00
      vertex   2.527942e+00 2.184150e+01 4.600000e+00
      vertex   2.106986e+00 2.203216e+01 5.000000e+00
    endloop
  endfacet
  facet normal 6.993443e-01 4.783646e-02 7.131824e-01
    outer loop
      vertex   2.106986e+00 2.203216e+01 5.000000e+00
      vertex   2.527942e+00 2.184150e+01 4.600000e+00
      vertex   2.500000e+00 2.225000e+01 4.600000e+00
    endloop
  endfacet
  facet normal 7.133080e-01 -0.000000e+00 7.008507e-01
    outer loop
      vertex   2.106986e+00 2.203216e+01 5.000000e+00
      vertex   2.500000e+00 2.225000e+01 4.600000e+00
      vertex   2.106986e+00 2.246784e+01 5.000000e+00
    endloop
  endfacet
  facet normal 6.993443e-01 -4.783646e-02 7.131824e-01
    outer loop
      vertex   2.106986e+00 2.246784e+01 5.000000e+00
      vertex   2.500000e+00 2.225000e+01 4.600000e+00
      vertex   2.527942e+00 2.265850e+01 4.600000e+00
    endloop
  endfacet
  facet normal 7.073590e-01 -9.120385e-02 7.009458e-01
    outer loop
      vertex   2.106986e+00 2.246784e+01 5.000000e+00
      vertex   2.527942e+00 2.265850e+01 4.600000e+00
      vertex   2.162699e+00 2.289994e+01 5.000000e+00
    endloop
  endfacet
  facet normal 6.865208e-01 -1.426607e-01 7.129776e-01
    outer loop
      vertex   2.162699e+00 2.289994e+01 5.000000e+00
      vertex   2.527942e+00 2.265850e+01 4.600000e+00
      vertex   2.611248e+00 2.305939e+01 4.600000e+00
    endloop
  endfacet
  facet normal 6.896174e-01 -1.808390e-01 7.012311e-01
    outer loop
      vertex   2.162699e+00 2.289994e+01 5.000000e+00
      vertex   2.611248e+00 2.305939e+01 4.600000e+00
      vertex   2.273210e+00 2.332137e+01 5.000000e+00
    endloop
  endfacet
  facet normal 6.610937e-01 -2.349528e-01 7.125674e-01
    outer loop
      vertex   2.273210e+00 2.332137e+01 5.000000e+00
      vertex   2.611248e+00 2.305939e+01 4.600000e+00
      vertex   2.748366e+00 2.344520e+01 4.600000e+00
    endloop
  endfacet
  facet normal 6.603975e-01 -2.673653e-01 7.017058e-01
    outer loop
      vertex   2.273210e+00 2.332137e+01 5.000000e+00
      vertex   2.748366e+00 2.344520e+01 4.600000e+00
      vertex   2.436706e+00 2.372520e+01 5.000000e+00
    endloop
  endfacet
  facet normal 6.234991e-01 -3.230712e-01 7.119507e-01
    outer loop
      vertex   2.436706e+00 2.372520e+01 5.000000e+00
      vertex   2.748366e+00 2.344520e+01 4.600000e+00
      vertex   2.936742e+00 2.380875e+01 4.600000e+00
    endloop
  endfacet
  facet normal 6.202163e-01 -3.492993e-01 7.023687e-01
    outer loop
      vertex   2.436706e+00 2.372520e+01 5.000000e+00
      vertex   2.936742e+00 2.380875e+01 4.600000e+00
      vertex   2.650500e+00 2.410482e+01 5.000000e+00
    endloop
  endfacet
  facet normal 5.743826e-01 -4.054435e-01 7.111260e-01
    outer loop
      vertex   2.650500e+00 2.410482e+01 5.000000e+00
      vertex   2.936742e+00 2.380875e+01 4.600000e+00
      vertex   3.172866e+00 2.414326e+01 4.600000e+00
    endloop
  endfacet
  facet normal 5.697843e-01 -4.252411e-01 7.032182e-01
    outer loop
      vertex   2.650500e+00 2.410482e+01 5.000000e+00
      vertex   3.172866e+00 2.414326e+01 4.600000e+00
      vertex   2.911084e+00 2.445398e+01 5.000000e+00
    endloop
  endfacet
  facet normal 5.145888e-01 -4.805924e-01 7.100911e-01
    outer loop
      vertex   2.911084e+00 2.445398e+01 5.000000e+00
      vertex   3.172866e+00 2.414326e+01 4.600000e+00
      vertex   3.452341e+00 2.444251e+01 4.600000e+00
    endloop
  endfacet
  facet normal 5.099919e-01 -4.938996e-01 7.042524e-01
    outer loop
      vertex   2.911084e+00 2.445398e+01 5.000000e+00
      vertex   3.452341e+00 2.444251e+01 4.600000e+00
      vertex   3.214177e+00 2.476695e+01 5.000000e+00
    endloop
  endfacet
  facet normal 4.451480e-01 -5.471604e-01 7.088432e-01
    outer loop
      vertex   3.214177e+00 2.476695e+01 5.000000e+00
      vertex   3.452341e+00 2.444251e+01 4.600000e+00
      vertex   3.769959e+00 2.470091e+01 4.600000e+00
    endloop
  endfacet
  facet normal 4.418929e-01 -5.541161e-01 7.054687e-01
    outer loop
      vertex   3.214177e+00 2.476695e+01 5.000000e+00
      vertex   3.769959e+00 2.470091e+01 4.600000e+00
      vertex   3.554803e+00 2.503859e+01 5.000000e+00
    endloop
  endfacet
  facet normal 3.672598e-01 -6.039329e-01 7.073792e-01
    outer loop
      vertex   3.554803e+00 2.503859e+01 5.000000e+00
      vertex   3.769959e+00 2.470091e+01 4.600000e+00
      vertex   4.119805e+00 2.491366e+01 4.600000e+00
    endloop
  endfacet
  facet normal 3.666847e-01 -6.048847e-01 7.068641e-01
    outer loop
      vertex   3.554803e+00 2.503859e+01 5.000000e+00
      vertex   4.119805e+00 2.491366e+01 4.600000e+00
      vertex   3.927370e+00 2.526444e+01 5.000000e+00
    endloop
  endfacet
  facet normal 2.867070e-01 -6.476762e-01 7.059141e-01
    outer loop
      vertex   3.927370e+00 2.526444e+01 5.000000e+00
      vertex   4.119805e+00 2.491366e+01 4.600000e+00
      vertex   4.325759e+00 2.544079e+01 5.000000e+00
    endloop
  endfacet
  facet normal 2.812042e-01 -6.473969e-01 7.083794e-01
    outer loop
      vertex   4.325759e+00 2.544079e+01 5.000000e+00
      vertex   4.119805e+00 2.491366e+01 4.600000e+00
      vertex   4.495361e+00 2.507678e+01 4.600000e+00
    endloop
  endfacet
  facet normal 2.018915e-01 -6.802393e-01 7.046377e-01
    outer loop
      vertex   4.325759e+00 2.544079e+01 5.000000e+00
      vertex   4.495361e+00 2.507678e+01 4.600000e+00
      vertex   4.743429e+00 2.556475e+01 5.000000e+00
    endloop
  endfacet
  facet normal 1.900732e-01 -6.783801e-01 7.096990e-01
    outer loop
      vertex   4.743429e+00 2.556475e+01 5.000000e+00
      vertex   4.495361e+00 2.507678e+01 4.600000e+00
      vertex   4.889632e+00 2.518725e+01 4.600000e+00
    endloop
  endfacet
  facet normal 1.134202e-01 -7.015438e-01 7.035426e-01
    outer loop
      vertex   4.743429e+00 2.556475e+01 5.000000e+00
      vertex   4.889632e+00 2.518725e+01 4.600000e+00
      vertex   5.173522e+00 2.563429e+01 5.000000e+00
    endloop
  endfacet
  facet normal 9.577820e-02 -6.968382e-01 7.108045e-01
    outer loop
      vertex   5.173522e+00 2.563429e+01 5.000000e+00
      vertex   4.889632e+00 2.518725e+01 4.600000e+00
      vertex   5.295273e+00 2.524301e+01 4.600000e+00
    endloop
  endfacet
  facet normal 2.280643e-02 -7.111886e-01 7.026312e-01
    outer loop
      vertex   5.173522e+00 2.563429e+01 5.000000e+00
      vertex   5.295273e+00 2.524301e+01 4.600000e+00
      vertex   5.608975e+00 2.564825e+01 5.000000e+00
    endloop
  endfacet
  facet normal 0.000000e+00 -7.024845e-01 7.116990e-01
    outer loop
      vertex   5.608975e+00 2.564825e+01 5.000000e+00
      vertex   5.295273e+00 2.524301e+01 4.600000e+00
      vertex   5.704727e+00 2.524301e+01 4.600000e+00
    endloop
  endfacet
  facet normal -6.839429e-02 -7.089784e-01 7.019059e-01
    outer loop
      vertex   5.608975e+00 2.564825e+01 5.000000e+00
      vertex   5.704727e+00 2.524301e+01 4.600000e+00
      vertex   6.042640e+00 2.560642e+01 5.000000e+00
    endloop
  endfacet
  facet normal -9.556026e-02 -6.952525e-01 7.123848e-01
    outer loop
      vertex   6.042640e+00 2.560642e+01 5.000000e+00
      vertex   5.704727e+00 2.524301e+01 4.600000e+00
      vertex   6.110368e+00 2.518725e+01 4.600000e+00
    endloop
  endfacet
  facet normal -1.586127e-01 -6.949277e-01 7.013683e-01
    outer loop
      vertex   6.042640e+00 2.560642e+01 5.000000e+00
      vertex   6.110368e+00 2.518725e+01 4.600000e+00
      vertex   6.467394e+00 2.550947e+01 5.000000e+00
    endloop
  endfacet
  facet normal -1.892092e-01 -6.752964e-01 7.128637e-01
    outer loop
      vertex   6.467394e+00 2.550947e+01 5.000000e+00
      vertex   6.110368e+00 2.518725e+01 4.600000e+00
      vertex   6.504639e+00 2.507678e+01 4.600000e+00
    endloop
  endfacet
  facet normal -2.462942e-01 -6.692610e-01 7.010198e-01
    outer loop
      vertex   6.467394e+00 2.550947e+01 5.000000e+00
      vertex   6.504639e+00 2.507678e+01 4.600000e+00
      vertex   6.876263e+00 2.535900e+01 5.000000e+00
    endloop
  endfacet
  facet normal -2.792890e-01 -6.429878e-01 7.131369e-01
    outer loop
      vertex   6.876263e+00 2.535900e+01 5.000000e+00
      vertex   6.504639e+00 2.507678e+01 4.600000e+00
      vertex   6.880195e+00 2.491366e+01 4.600000e+00
    endloop
  endfacet
  facet normal -3.299275e-01 -6.324092e-01 7.008613e-01
    outer loop
      vertex   6.876263e+00 2.535900e+01 5.000000e+00
      vertex   6.880195e+00 2.491366e+01 4.600000e+00
      vertex   7.262535e+00 2.515749e+01 5.000000e+00
    endloop
  endfacet
  facet normal -3.642051e-01 -5.989098e-01 7.132052e-01
    outer loop
      vertex   7.262535e+00 2.515749e+01 5.000000e+00
      vertex   6.880195e+00 2.491366e+01 4.600000e+00
      vertex   7.230041e+00 2.470091e+01 4.600000e+00
    endloop
  endfacet
  facet normal -4.080716e-01 -5.850014e-01 7.008930e-01
    outer loop
      vertex   7.262535e+00 2.515749e+01 5.000000e+00
      vertex   7.230041e+00 2.470091e+01 4.600000e+00
      vertex   7.619865e+00 2.490823e+01 5.000000e+00
    endloop
  endfacet
  facet normal -4.424521e-01 -5.438467e-01 7.130687e-01
    outer loop
      vertex   7.619865e+00 2.490823e+01 5.000000e+00
      vertex   7.230041e+00 2.470091e+01 4.600000e+00
      vertex   7.547659e+00 2.444251e+01 4.600000e+00
    endloop
  endfacet
  facet normal -4.793830e-01 -5.278540e-01 7.011149e-01
    outer loop
      vertex   7.619865e+00 2.490823e+01 5.000000e+00
      vertex   7.547659e+00 2.444251e+01 4.600000e+00
      vertex   7.942388e+00 2.461532e+01 5.000000e+00
    endloop
  endfacet
  facet normal -5.126387e-01 -4.787711e-01 7.127270e-01
    outer loop
      vertex   7.942388e+00 2.461532e+01 5.000000e+00
      vertex   7.547659e+00 2.444251e+01 4.600000e+00
      vertex   7.827134e+00 2.414326e+01 4.600000e+00
    endloop
  endfacet
  facet normal -5.426394e-01 -4.619556e-01 7.015266e-01
    outer loop
      vertex   7.942388e+00 2.461532e+01 5.000000e+00
      vertex   7.827134e+00 2.414326e+01 4.600000e+00
      vertex   8.224806e+00 2.428358e+01 5.000000e+00
    endloop
  endfacet
  facet normal -5.735109e-01 -4.048282e-01 7.121793e-01
    outer loop
      vertex   8.224806e+00 2.428358e+01 5.000000e+00
      vertex   7.827134e+00 2.414326e+01 4.600000e+00
      vertex   8.063258e+00 2.380875e+01 4.600000e+00
    endloop
  endfacet
  facet normal -5.967622e-01 -3.884491e-01 7.021269e-01
    outer loop
      vertex   8.224806e+00 2.428358e+01 5.000000e+00
      vertex   8.063258e+00 2.380875e+01 4.600000e+00
      vertex   8.462484e+00 2.391844e+01 5.000000e+00
    endloop
  endfacet
  facet normal -6.239728e-01 -3.233166e-01 7.114242e-01
    outer loop
      vertex   8.462484e+00 2.391844e+01 5.000000e+00
      vertex   8.063258e+00 2.380875e+01 4.600000e+00
      vertex   8.251634e+00 2.344520e+01 4.600000e+00
    endloop
  endfacet
  facet normal -6.408361e-01 -3.086104e-01 7.029144e-01
    outer loop
      vertex   8.462484e+00 2.391844e+01 5.000000e+00
      vertex   8.251634e+00 2.344520e+01 4.600000e+00
      vertex   8.651517e+00 2.352591e+01 5.000000e+00
    endloop
  endfacet
  facet normal -6.631048e-01 -2.356675e-01 7.104596e-01
    outer loop
      vertex   8.651517e+00 2.352591e+01 5.000000e+00
      vertex   8.251634e+00 2.344520e+01 4.600000e+00
      vertex   8.388752e+00 2.305939e+01 4.600000e+00
    endloop
  endfacet
  facet normal -6.741254e-01 -2.238250e-01 7.038873e-01
    outer loop
      vertex   8.651517e+00 2.352591e+01 5.000000e+00
      vertex   8.388752e+00 2.305939e+01 4.600000e+00
      vertex   8.788803e+00 2.311243e+01 5.000000e+00
    endloop
  endfacet
  facet normal -6.901797e-01 -1.434210e-01 7.092830e-01
    outer loop
      vertex   8.788803e+00 2.311243e+01 5.000000e+00
      vertex   8.388752e+00 2.305939e+01 4.600000e+00
      vertex   8.472058e+00 2.265850e+01 4.600000e+00
    endloop
  endfacet
  facet normal -6.960868e-01 -1.355629e-01 7.050432e-01
    outer loop
      vertex   8.788803e+00 2.311243e+01 5.000000e+00
      vertex   8.472058e+00 2.265850e+01 4.600000e+00
      vertex   8.872086e+00 2.268478e+01 5.000000e+00
    endloop
  endfacet
  facet normal -7.046746e-01 -4.820107e-02 7.078914e-01
    outer loop
      vertex   8.872086e+00 2.268478e+01 5.000000e+00
      vertex   8.472058e+00 2.265850e+01 4.600000e+00
      vertex   8.500000e+00 2.225000e+01 4.600000e+00
    endloop
  endfacet
  facet normal -9.976688e-01 6.824241e-02 0.000000e+00
    outer loop
      vertex   8.472058e+00 2.184150e+01 3.000000e+00
      vertex   8.472058e+00 2.184150e+01 4.600000e+00
      vertex   8.500000e+00 2.225000e+01 3.000000e+00
    endloop
  endfacet
  facet normal -9.976688e-01 6.824241e-02 0.000000e+00
    outer loop
      vertex   8.500000e+00 2.225000e+01 3.000000e+00
      vertex   8.472058e+00 2.184150e+01 4.600000e+00
      vertex   8.500000e+00 2.225000e+01 4.600000e+00
    endloop
  endfacet
  facet normal -9.976688e-01 -6.824241e-02 0.000000e+00
    outer loop
      vertex   8.500000e+00 2.225000e+01 3.000000e+00
      vertex   8.500000e+00 2.225000e+01 4.600000e+00
      vertex   8.472058e+00 2.265850e+01 3.000000e+00
    endloop
  endfacet
  facet normal -9.976688e-01 -6.824241e-02 0.000000e+00
    outer loop
      vertex   8.472058e+00 2.265850e+01 3.000000e+00
      vertex   8.500000e+00 2.225000e+01 4.600000e+00
      vertex   8.472058e+00 2.265850e+01 4.600000e+00
    endloop
  endfacet
  facet normal -9.790841e-01 -2.034560e-01 0.000000e+00
    outer loop
      vertex   8.472058e+00 2.265850e+01 3.000000e+00
      vertex   8.472058e+00 2.265850e+01 4.600000e+00
      vertex   8.388752e+00 2.305939e+01 3.000000e+00
    endloop
  endfacet
  facet normal -9.790841e-01 -2.034560e-01 0.000000e+00
    outer loop
      vertex   8.388752e+00 2.305939e+01 3.000000e+00
      vertex   8.472058e+00 2.265850e+01 4.600000e+00
      vertex   8.388752e+00 2.305939e+01 4.600000e+00
    endloop
  endfacet
  facet normal -9.422609e-01 -3.348796e-01 0.000000e+00
    outer loop
      vertex   8.388752e+00 2.305939e+01 3.000000e+00
      vertex   8.388752e+00 2.305939e+01 4.600000e+00
      vertex   8.251634e+00 2.344520e+01 3.000000e+00
    endloop
  endfacet
  facet normal -9.422609e-01 -3.348796e-01 0.000000e+00
    outer loop
      vertex   8.251634e+00 2.344520e+01 3.000000e+00
      vertex   8.388752e+00 2.305939e+01 4.600000e+00
      vertex   8.251634e+00 2.344520e+01 4.600000e+00
    endloop
  endfacet
  facet normal -8.878852e-01 -4.600650e-01 0.000000e+00
    outer loop
      vertex   8.251634e+00 2.344520e+01 3.000000e+00
      vertex   8.251634e+00 2.344520e+01 4.600000e+00
      vertex   8.063258e+00 2.380875e+01 3.000000e+00
    endloop
  endfacet
  facet normal -8.878852e-01 -4.600650e-01 0.000000e+00
    outer loop
      vertex   8.063258e+00 2.380875e+01 3.000000e+00
      vertex   8.251634e+00 2.344520e+01 4.600000e+00
      vertex   8.063258e+00 2.380875e+01 4.600000e+00
    endloop
  endfacet
  facet normal -8.169699e-01 -5.766803e-01 0.000000e+00
    outer loop
      vertex   8.063258e+00 2.380875e+01 3.000000e+00
      vertex   8.063258e+00 2.380875e+01 4.600000e+00
      vertex   7.827134e+00 2.414326e+01 3.000000e+00
    endloop
  endfacet
  facet normal -8.169699e-01 -5.766803e-01 0.000000e+00
    outer loop
      vertex   7.827134e+00 2.414326e+01 3.000000e+00
      vertex   8.063258e+00 2.380875e+01 4.600000e+00
      vertex   7.827134e+00 2.414326e+01 4.600000e+00
    endloop
  endfacet
  facet normal -7.308360e-01 -6.825531e-01 0.000000e+00
    outer loop
      vertex   7.827134e+00 2.414326e+01 3.000000e+00
      vertex   7.827134e+00 2.414326e+01 4.600000e+00
      vertex   7.547659e+00 2.444251e+01 3.000000e+00
    endloop
  endfacet
  facet normal -7.308360e-01 -6.825531e-01 0.000000e+00
    outer loop
      vertex   7.547659e+00 2.444251e+01 3.000000e+00
      vertex   7.827134e+00 2.414326e+01 4.600000e+00
      vertex   7.547659e+00 2.444251e+01 4.600000e+00
    endloop
  endfacet
  facet normal -6.310879e-01 -7.757113e-01 0.000000e+00
    outer loop
      vertex   7.547659e+00 2.444251e+01 3.000000e+00
      vertex   7.547659e+00 2.444251e+01 4.600000e+00
      vertex   7.230041e+00 2.470091e+01 3.000000e+00
    endloop
  endfacet
  facet normal -6.310879e-01 -7.757113e-01 0.000000e+00
    outer loop
      vertex   7.230041e+00 2.470091e+01 3.000000e+00
      vertex   7.547659e+00 2.444251e+01 4.600000e+00
      vertex   7.230041e+00 2.470091e+01 4.600000e+00
    endloop
  endfacet
  facet normal -5.195840e-01 -8.544194e-01 0.000000e+00
    outer loop
      vertex   7.230041e+00 2.470091e+01 3.000000e+00
      vertex   7.230041e+00 2.470091e+01 4.600000e+00
      vertex   6.880195e+00 2.491366e+01 3.000000e+00
    endloop
  endfacet
  facet normal -5.195840e-01 -8.544194e-01 0.000000e+00
    outer loop
      vertex   6.880195e+00 2.491366e+01 3.000000e+00
      vertex   7.230041e+00 2.470091e+01 4.600000e+00
      vertex   6.880195e+00 2.491366e+01 4.600000e+00
    endloop
  endfacet
  facet normal -3.984011e-01 -9.172113e-01 0.000000e+00
    outer loop
      vertex   6.880195e+00 2.491366e+01 3.000000e+00
      vertex   6.880195e+00 2.491366e+01 4.600000e+00
      vertex   6.504639e+00 2.507678e+01 3.000000e+00
    endloop
  endfacet
  facet normal -3.984011e-01 -9.172113e-01 0.000000e+00
    outer loop
      vertex   6.504639e+00 2.507678e+01 3.000000e+00
      vertex   6.880195e+00 2.491366e+01 4.600000e+00
      vertex   6.504639e+00 2.507678e+01 4.600000e+00
    endloop
  endfacet
  facet normal -2.697968e-01 -9.629173e-01 0.000000e+00
    outer loop
      vertex   6.504639e+00 2.507678e+01 3.000000e+00
      vertex   6.504639e+00 2.507678e+01 4.600000e+00
      vertex   6.110368e+00 2.518725e+01 3.000000e+00
    endloop
  endfacet
  facet normal -2.697968e-01 -9.629173e-01 0.000000e+00
    outer loop
      vertex   6.110368e+00 2.518725e+01 3.000000e+00
      vertex   6.504639e+00 2.507678e+01 4.600000e+00
      vertex   6.110368e+00 2.518725e+01 4.600000e+00
    endloop
  endfacet
  facet normal -1.361666e-01 -9.906859e-01 0.000000e+00
    outer loop
      vertex   6.110368e+00 2.518725e+01 3.000000e+00
      vertex   6.110368e+00 2.518725e+01 4.600000e+00
      vertex   5.704727e+00 2.524301e+01 3.000000e+00
    endloop
  endfacet
  facet normal -1.361666e-01 -9.906859e-01 0.000000e+00
    outer loop
      vertex   5.704727e+00 2.524301e+01 3.000000e+00
      vertex   6.110368e+00 2.518725e+01 4.600000e+00
      vertex   5.704727e+00 2.524301e+01 4.600000e+00
    endloop
  endfacet
  facet normal 0.000000e+00 -1.000000e+00 0.000000e+00
    outer loop
      vertex   5.704727e+00 2.524301e+01 3.000000e+00
      vertex   5.704727e+00 2.524301e+01 4.600000e+00
      vertex   5.295273e+00 2.524301e+01 3.000000e+00
    endloop
  endfacet
  facet normal 0.000000e+00 -1.000000e+00 0.000000e+00
    outer loop
      vertex   5.295273e+00 2.524301e+01 3.000000e+00
      vertex   5.704727e+00 2.524301e+01 4.600000e+00
      vertex   5.295273e+00 2.524301e+01 4.600000e+00
    endloop
  endfacet
  facet normal 1.361666e-01 -9.906859e-01 0.000000e+00
    outer loop
      vertex   5.295273e+00 2.524301e+01 3.000000e+00
      vertex   5.295273e+00 2.524301e+01 4.600000e+00
      vertex   4.889632e+00 2.518725e+01 3.000000e+00
    endloop
  endfacet
  facet normal 1.361666e-01 -9.906859e-01 0.000000e+00
    outer loop
      vertex   4.889632e+00 2.518725e+01 3.000000e+00
      vertex   5.295273e+00 2.524301e+01 4.600000e+00
      vertex   4.889632e+00 2.518725e+01 4.600000e+00
    endloop
  endfacet
  facet normal 2.697968e-01 -9.629173e-01 0.000000e+00
    outer loop
      vertex   4.889632e+00 2.518725e+01 3.000000e+00
      vertex   4.889632e+00 2.518725e+01 4.600000e+00
      vertex   4.495361e+00 2.507678e+01 3.000000e+00
    endloop
  endfacet
  facet normal 2.697968e-01 -9.629173e-01 0.000000e+00
    outer loop
      vertex   4.495361e+00 2.507678e+01 3.000000e+00
      vertex   4.889632e+00 2.518725e+01 4.600000e+00
      vertex   4.495361e+00 2.507678e+01 4.600000e+00
    endloop
  endfacet
  facet normal 3.984011e-01 -9.172113e-01 0.000000e+00
    outer loop
      vertex   4.495361e+00 2.507678e+01 3.000000e+00
      vertex   4.495361e+00 2.507678e+01 4.600000e+00
      vertex   4.119805e+00 2.491366e+01 3.000000e+00
    endloop
  endfacet
  facet normal 3.984011e-01 -9.172113e-01 0.000000e+00
    outer loop
      vertex   4.119805e+00 2.491366e+01 3.000000e+00
      vertex   4.495361e+00 2.507678e+01 4.600000e+00
      vertex   4.119805e+00 2.491366e+01 4.600000e+00
    endloop
  endfacet
  facet normal 5.195840e-01 -8.544194e-01 0.000000e+00
    outer loop
      vertex   4.119805e+00 2.491366e+01 3.000000e+00
      vertex   4.119805e+00 2.491366e+01 4.600000e+00
      vertex   3.769959e+00 2.470091e+01 3.000000e+00
    endloop
  endfacet
  facet normal 5.195840e-01 -8.544194e-01 0.000000e+00
    outer loop
      vertex   3.769959e+00 2.470091e+01 3.000000e+00
      vertex   4.119805e+00 2.491366e+01 4.600000e+00
      vertex   3.769959e+00 2.470091e+01 4.600000e+00
    endloop
  endfacet
  facet normal 6.310879e-01 -7.757113e-01 0.000000e+00
    outer loop
      vertex   3.769959e+00 2.470091e+01 3.000000e+00
      vertex   3.769959e+00 2.470091e+01 4.600000e+00
      vertex   3.452341e+00 2.444251e+01 3.000000e+00
    endloop
  endfacet
  facet normal 6.310879e-01 -7.757113e-01 0.000000e+00
    outer loop
      vertex   3.452341e+00 2.444251e+01 3.000000e+00
      vertex   3.769959e+00 2.470091e+01 4.600000e+00
      vertex   3.452341e+00 2.444251e+01 4.600000e+00
    endloop
  endfacet
  facet normal 7.308360e-01 -6.825531e-01 0.000000e+00
    outer loop
      vertex   3.452341e+00 2.444251e+01 3.000000e+00
      vertex   3.452341e+00 2.444251e+01 4.600000e+00
      vertex   3.172866e+00 2.414326e+01 3.000000e+00
    endloop
  endfacet
  facet normal 7.308360e-01 -6.825531e-01 0.000000e+00
    outer loop
      vertex   3.172866e+00 2.414326e+01 3.000000e+00
      vertex   3.452341e+00 2.444251e+01 4.600000e+00
      vertex   3.172866e+00 2.414326e+01 4.600000e+00
    endloop
  endfacet
  facet normal 8.169699e-01 -5.766803e-01 0.000000e+00
    outer loop
      vertex   3.172866e+00 2.414326e+01 3.000000e+00
      vertex   3.172866e+00 2.414326e+01 4.600000e+00
      vertex   2.936742e+00 2.380875e+01 3.000000e+00
    endloop
  endfacet
  facet normal 8.169699e-01 -5.766803e-01 0.000000e+00
    outer loop
      vertex   2.936742e+00 2.380875e+01 3.000000e+00
      vertex   3.172866e+00 2.414326e+01 4.600000e+00
      vertex   2.936742e+00 2.380875e+01 4.600000e+00
    endloop
  endfacet
  facet normal 8.878852e-01 -4.600650e-01 0.000000e+00
    outer loop
      vertex   2.936742e+00 2.380875e+01 3.000000e+00
      vertex   2.936742e+00 2.380875e+01 4.600000e+00
      vertex   2.748366e+00 2.344520e+01 3.000000e+00
    endloop
  endfacet
  facet normal 8.878852e-01 -4.600650e-01 0.000000e+00
    outer loop
      vertex   2.748366e+00 2.344520e+01 3.000000e+00
      vertex   2.936742e+00 2.380875e+01 4.600000e+00
      vertex   2.748366e+00 2.344520e+01 4.600000e+00
    endloop
  endfacet
  facet normal 9.422609e-01 -3.348796e-01 0.000000e+00
    outer loop
      vertex   2.748366e+00 2.344520e+01 3.000000e+00
      vertex   2.748366e+00 2.344520e+01 4.600000e+00
      vertex   2.611248e+00 2.305939e+01 3.000000e+00
    endloop
  endfacet
  facet normal 9.422609e-01 -3.348796e-01 0.000000e+00
    outer loop
      vertex   2.611248e+00 2.305939e+01 3.000000e+00
      vertex   2.748366e+00 2.344520e+01 4.600000e+00
      vertex   2.611248e+00 2.305939e+01 4.600000e+00
    endloop
  endfacet
  facet normal 9.790841e-01 -2.034560e-01 0.000000e+00
    outer loop
      vertex   2.611248e+00 2.305939e+01 3.000000e+00
      vertex   2.611248e+00 2.305939e+01 4.600000e+00
      vertex   2.527942e+00 2.265850e+01 3.000000e+00
    endloop
  endfacet
  facet normal 9.790841e-01 -2.034560e-01 0.000000e+00
    outer loop
      vertex   2.527942e+00 2.265850e+01 3.000000e+00
      vertex   2.611248e+00 2.305939e+01 4.600000e+00
      vertex   2.527942e+00 2.265850e+01 4.600000e+00
    endloop
  endfacet
  facet normal 9.976688e-01 -6.824241e-02 0.000000e+00
    outer loop
      vertex   2.527942e+00 2.265850e+01 3.000000e+00
      vertex   2.527942e+00 2.265850e+01 4.600000e+00
      vertex   2.500000e+00 2.225000e+01 3.000000e+00
    endloop
  endfacet
  facet normal 9.976688e-01 -6.824241e-02 0.000000e+00
    outer loop
      vertex   2.500000e+00 2.225000e+01 3.000000e+00
      vertex   2.527942e+00 2.265850e+01 4.600000e+00
      vertex   2.500000e+00 2.225000e+01 4.600000e+00
    endloop
  endfacet
  facet normal 9.976688e-01 6.824241e-02 -0.000000e+00
    outer loop
      vertex   2.500000e+00 2.225000e+01 3.000000e+00
      vertex   2.500000e+00 2.225000e+01 4.600000e+00
      vertex   2.527942e+00 2.184150e+01 3.000000e+00
    endloop
  endfacet
  facet normal 9.976688e-01 6.824241e-02 -0.000000e+00
    outer loop
      vertex   2.527942e+00 2.184150e+01 3.000000e+00
      vertex   2.500000e+00 2.225000e+01 4.600000e+00
      vertex   2.527942e+00 2.184150e+01 4.600000e+00
    endloop
  endfacet
  facet normal 9.790841e-01 2.034560e-01 -0.000000e+00
    outer loop
      vertex   2.527942e+00 2.184150e+01 3.000000e+00
      vertex   2.527942e+00 2.184150e+01 4.600000e+00
      vertex   2.611248e+00 2.144061e+01 3.000000e+00
    endloop
  endfacet
  facet normal 9.790841e-01 2.034560e-01 -0.000000e+00
    outer loop
      vertex   2.611248e+00 2.144061e+01 3.000000e+00
      vertex   2.527942e+00 2.184150e+01 4.600000e+00
      vertex   2.611248e+00 2.144061e+01 4.600000e+00
    endloop
  endfacet
  facet normal 9.422609e-01 3.348796e-01 -0.000000e+00
    outer loop
      vertex   2.611248e+00 2.144061e+01 3.000000e+00
      vertex   2.611248e+00 2.144061e+01 4.600000e+00
      vertex   2.748366e+00 2.105480e+01 3.000000e+00
    endloop
  endfacet
  facet normal 9.422609e-01 3.348796e-01 -0.000000e+00
    outer loop
      vertex   2.748366e+00 2.105480e+01 3.000000e+00
      vertex   2.611248e+00 2.144061e+01 4.600000e+00
      vertex   2.748366e+00 2.105480e+01 4.600000e+00
    endloop
  endfacet
  facet normal 8.878852e-01 4.600650e-01 -0.000000e+00
    outer loop
      vertex   2.748366e+00 2.105480e+01 3.000000e+00
      vertex   2.748366e+00 2.105480e+01 4.600000e+00
      vertex   2.936742e+00 2.069125e+01 3.000000e+00
    endloop
  endfacet
  facet normal 8.878852e-01 4.600650e-01 -0.000000e+00
    outer loop
      vertex   2.936742e+00 2.069125e+01 3.000000e+00
      vertex   2.748366e+00 2.105480e+01 4.600000e+00
      vertex   2.936742e+00 2.069125e+01 4.600000e+00
    endloop
  endfacet
  facet normal 8.169699e-01 5.766803e-01 -0.000000e+00
    outer loop
      vertex   2.936742e+00 2.069125e+01 3.000000e+00
      vertex   2.936742e+00 2.069125e+01 4.600000e+00
      vertex   3.172866e+00 2.035674e+01 3.000000e+00
    endloop
  endfacet
  facet normal 8.169699e-01 5.766803e-01 -0.000000e+00
    outer loop
      vertex   3.172866e+00 2.035674e+01 3.000000e+00
      vertex   2.936742e+00 2.069125e+01 4.600000e+00
      vertex   3.172866e+00 2.035674e+01 4.600000e+00
    endloop
  endfacet
  facet normal 7.308360e-01 6.825531e-01 -0.000000e+00
    outer loop
      vertex   3.172866e+00 2.035674e+01 3.000000e+00
      vertex   3.172866e+00 2.035674e+01 4.600000e+00
      vertex   3.452341e+00 2.005749e+01 3.000000e+00
    endloop
  endfacet
  facet normal 7.308360e-01 6.825531e-01 -0.000000e+00
    outer loop
      vertex   3.452341e+00 2.005749e+01 3.000000e+00
      vertex   3.172866e+00 2.035674e+01 4.600000e+00
      vertex   3.452341e+00 2.005749e+01 4.600000e+00
    endloop
  endfacet
  facet normal 6.310879e-01 7.757113e-01 -0.000000e+00
    outer loop
      vertex   3.452341e+00 2.005749e+01 3.000000e+00
      vertex   3.452341e+00 2.005749e+01 4.600000e+00
      vertex   3.769959e+00 1.979909e+01 3.000000e+00
    endloop
  endfacet
  facet normal 6.310879e-01 7.757113e-01 -0.000000e+00
    outer loop
      vertex   3.769959e+00 1.979909e+01 3.000000e+00
      vertex   3.452341e+00 2.005749e+01 4.600000e+00
      vertex   3.769959e+00 1.979909e+01 4.600000e+00
    endloop
  endfacet
  facet normal 5.195840e-01 8.544194e-01 -0.000000e+00
    outer loop
      vertex   3.769959e+00 1.979909e+01 3.000000e+00
      vertex   3.769959e+00 1.979909e+01 4.600000e+00
      vertex   4.119805e+00 1.958634e+01 3.000000e+00
    endloop
  endfacet
  facet normal 5.195840e-01 8.544194e-01 -0.000000e+00
    outer loop
      vertex   4.119805e+00 1.958634e+01 3.000000e+00
      vertex   3.769959e+00 1.979909e+01 4.600000e+00
      vertex   4.119805e+00 1.958634e+01 4.600000e+00
    endloop
  endfacet
  facet normal 3.984011e-01 9.172113e-01 -0.000000e+00
    outer loop
      vertex   4.119805e+00 1.958634e+01 3.000000e+00
      vertex   4.119805e+00 1.958634e+01 4.600000e+00
      vertex   4.495361e+00 1.942322e+01 3.000000e+00
    endloop
  endfacet
  facet normal 3.984011e-01 9.172113e-01 -0.000000e+00
    outer loop
      vertex   4.495361e+00 1.942322e+01 3.000000e+00
      vertex   4.119805e+00 1.958634e+01 4.600000e+00
      vertex   4.495361e+00 1.942322e+01 4.600000e+00
    endloop
  endfacet
  facet normal 2.697968e-01 9.629173e-01 -0.000000e+00
    outer loop
      vertex   4.495361e+00 1.942322e+01 3.000000e+00
      vertex   4.495361e+00 1.942322e+01 4.600000e+00
      vertex   4.889632e+00 1.931275e+01 3.000000e+00
    endloop
  endfacet
  facet normal 2.697968e-01 9.629173e-01 -0.000000e+00
    outer loop
      vertex   4.889632e+00 1.931275e+01 3.000000e+00
      vertex   4.495361e+00 1.942322e+01 4.600000e+00
      vertex   4.889632e+00 1.931275e+01 4.600000e+00
    endloop
  endfacet
  facet normal 1.361666e-01 9.906859e-01 -0.000000e+00
    outer loop
      vertex   4.889632e+00 1.931275e+01 3.000000e+00
      vertex   4.889632e+00 1.931275e+01 4.600000e+00
      vertex   5.295273e+00 1.925699e+01 3.000000e+00
    endloop
  endfacet
  facet normal 1.361666e-01 9.906859e-01 -0.000000e+00
    outer loop
      vertex   5.295273e+00 1.925699e+01 3.000000e+00
      vertex   4.889632e+00 1.931275e+01 4.600000e+00
      vertex   5.295273e+00 1.925699e+01 4.600000e+00
    endloop
  endfacet
  facet normal 0.000000e+00 1.000000e+00 0.000000e+00
    outer loop
      vertex   5.295273e+00 1.925699e+01 3.000000e+00
      vertex   5.295273e+00 1.925699e+01 4.600000e+00
      vertex   5.704727e+00 1.925699e+01 3.000000e+00
    endloop
  endfacet
  facet normal 0.000000e+00 1.000000e+00 -0.000000e+00
    outer loop
      vertex   5.704727e+00 1.925699e+01 3.000000e+00
      vertex   5.295273e+00 1.925699e+01 4.600000e+00
      vertex   5.704727e+00 1.925699e+01 4.600000e+00
    endloop
  endfacet
  facet normal -1.361666e-01 9.906859e-01 0.000000e+00
    outer loop
      vertex   5.704727e+00 1.925699e+01 3.000000e+00
      vertex   5.704727e+00 1.925699e+01 4.600000e+00
      vertex   6.110368e+00 1.931275e+01 3.000000e+00
    endloop
  endfacet
  facet normal -1.361666e-01 9.906859e-01 0.000000e+00
    outer loop
      vertex   6.110368e+00 1.931275e+01 3.000000e+00
      vertex   5.704727e+00 1.925699e+01 4.600000e+00
      vertex   6.110368e+00 1.931275e+01 4.600000e+00
    endloop
  endfacet
  facet normal -2.697968e-01 9.629173e-01 0.000000e+00
    outer loop
      vertex   6.110368e+00 1.931275e+01 3.000000e+00
      vertex   6.110368e+00 1.931275e+01 4.600000e+00
      vertex   6.504639e+00 1.942322e+01 3.000000e+00
    endloop
  endfacet
  facet normal -2.697968e-01 9.629173e-01 0.000000e+00
    outer loop
      vertex   6.504639e+00 1.942322e+01 3.000000e+00
      vertex   6.110368e+00 1.931275e+01 4.600000e+00
      vertex   6.504639e+00 1.942322e+01 4.600000e+00
    endloop
  endfacet
  facet normal -3.984011e-01 9.172113e-01 0.000000e+00
    outer loop
      vertex   6.504639e+00 1.942322e+01 3.000000e+00
      vertex   6.504639e+00 1.942322e+01 4.600000e+00
      vertex   6.880195e+00 1.958634e+01 3.000000e+00
    endloop
  endfacet
  facet normal -3.984011e-01 9.172113e-01 0.000000e+00
    outer loop
      vertex   6.880195e+00 1.958634e+01 3.000000e+00
      vertex   6.504639e+00 1.942322e+01 4.600000e+00
      vertex   6.880195e+00 1.958634e+01 4.600000e+00
    endloop
  endfacet
  facet normal -5.195840e-01 8.544194e-01 0.000000e+00
    outer loop
      vertex   6.880195e+00 1.958634e+01 3.000000e+00
      vertex   6.880195e+00 1.958634e+01 4.600000e+00
      vertex   7.230041e+00 1.979909e+01 3.000000e+00
    endloop
  endfacet
  facet normal -5.195840e-01 8.544194e-01 0.000000e+00
    outer loop
      vertex   7.230041e+00 1.979909e+01 3.000000e+00
      vertex   6.880195e+00 1.958634e+01 4.600000e+00
      vertex   7.230041e+00 1.979909e+01 4.600000e+00
    endloop
  endfacet
  facet normal -6.310879e-01 7.757113e-01 0.000000e+00
    outer loop
      vertex   7.230041e+00 1.979909e+01 3.000000e+00
      vertex   7.230041e+00 1.979909e+01 4.600000e+00
      vertex   7.547659e+00 2.005749e+01 3.000000e+00
    endloop
  endfacet
  facet normal -6.310879e-01 7.757113e-01 0.000000e+00
    outer loop
      vertex   7.547659e+00 2.005749e+01 3.000000e+00
      vertex   7.230041e+00 1.979909e+01 4.600000e+00
      vertex   7.547659e+00 2.005749e+01 4.600000e+00
    endloop
  endfacet
  facet normal -7.308360e-01 6.825531e-01 0.000000e+00
    outer loop
      vertex   7.547659e+00 2.005749e+01 3.000000e+00
      vertex   7.547659e+00 2.005749e+01 4.600000e+00
      vertex   7.827134e+00 2.035674e+01 3.000000e+00
    endloop
  endfacet
  facet normal -7.308360e-01 6.825531e-01 0.000000e+00
    outer loop
      vertex   7.827134e+00 2.035674e+01 3.000000e+00
      vertex   7.547659e+00 2.005749e+01 4.600000e+00
      vertex   7.827134e+00 2.035674e+01 4.600000e+00
    endloop
  endfacet
  facet normal -8.169699e-01 5.766803e-01 0.000000e+00
    outer loop
      vertex   7.827134e+00 2.035674e+01 3.000000e+00
      vertex   7.827134e+00 2.035674e+01 4.600000e+00
      vertex   8.063258e+00 2.069125e+01 3.000000e+00
    endloop
  endfacet
  facet normal -8.169699e-01 5.766803e-01 0.000000e+00
    outer loop
      vertex   8.063258e+00 2.069125e+01 3.000000e+00
      vertex   7.827134e+00 2.035674e+01 4.600000e+00
      vertex   8.063258e+00 2.069125e+01 4.600000e+00
    endloop
  endfacet
  facet normal -8.878852e-01 4.600650e-01 0.000000e+00
    outer loop
      vertex   8.063258e+00 2.069125e+01 3.000000e+00
      vertex   8.063258e+00 2.069125e+01 4.600000e+00
      vertex   8.251634e+00 2.105480e+01 3.000000e+00
    endloop
  endfacet
  facet normal -8.878852e-01 4.600650e-01 0.000000e+00
    outer loop
      vertex   8.251634e+00 2.105480e+01 3.000000e+00
      vertex   8.063258e+00 2.069125e+01 4.600000e+00
      vertex   8.251634e+00 2.105480e+01 4.600000e+00
    endloop
  endfacet
  facet normal -9.422609e-01 3.348796e-01 0.000000e+00
    outer loop
      vertex   8.251634e+00 2.105480e+01 3.000000e+00
      vertex   8.251634e+00 2.105480e+01 4.600000e+00
      vertex   8.388752e+00 2.144061e+01 3.000000e+00
    endloop
  endfacet
  facet normal -9.422609e-01 3.348796e-01 0.000000e+00
    outer loop
      vertex   8.388752e+00 2.144061e+01 3.000000e+00
      vertex   8.251634e+00 2.105480e+01 4.600000e+00
      vertex   8.388752e+00 2.144061e+01 4.600000e+00
    endloop
  endfacet
  facet normal -9.790841e-01 2.034560e-01 0.000000e+00
    outer loop
      vertex   8.388752e+00 2.144061e+01 3.000000e+00
      vertex   8.388752e+00 2.144061e+01 4.600000e+00
      vertex   8.472058e+00 2.184150e+01 3.000000e+00
    endloop
  endfacet
  facet normal -9.790841e-01 2.034560e-01 0.000000e+00
    outer loop
      vertex   8.472058e+00 2.184150e+01 3.000000e+00
      vertex   8.388752e+00 2.144061e+01 4.600000e+00
      vertex   8.472058e+00 2.184150e+01 4.600000e+00
    endloop
  endfacet
  facet normal -7.028750e-01 -6.325989e-02 -7.084948e-01
    outer loop
      vertex   7.221877e+00 2.256247e+01 4.000000e-01
      vertex   7.622158e+00 2.259488e+01 0.000000e+00
      vertex   7.250000e+00 2.225000e+01 4.000000e-01
    endloop
  endfacet
  facet normal -7.059575e-01 -5.699078e-02 -7.059575e-01
    outer loop
      vertex   7.250000e+00 2.225000e+01 4.000000e-01
      vertex   7.622158e+00 2.259488e+01 0.000000e+00
      vertex   7.650000e+00 2.225000e+01 0.000000e+00
    endloop
  endfacet
  facet normal -7.059575e-01 5.699078e-02 -7.059575e-01
    outer loop
      vertex   7.250000e+00 2.225000e+01 4.000000e-01
      vertex   7.650000e+00 2.225000e+01 0.000000e+00
      vertex   7.622158e+00 2.190512e+01 0.000000e+00
    endloop
  endfacet
  facet normal -6.896508e-01 -1.699837e-01 -7.039086e-01
    outer loop
      vertex   7.622158e+00 2.259488e+01 0.000000e+00
      vertex   7.221877e+00 2.256247e+01 4.000000e-01
      vertex   7.539353e+00 2.293084e+01 0.000000e+00
    endloop
  endfacet
  facet normal -6.781968e-01 -1.871704e-01 -7.106450e-01
    outer loop
      vertex   7.539353e+00 2.293084e+01 0.000000e+00
      vertex   7.221877e+00 2.256247e+01 4.000000e-01
      vertex   7.138411e+00 2.286491e+01 4.000000e-01
    endloop
  endfacet
  facet normal -6.548467e-01 -2.790041e-01 -7.023764e-01
    outer loop
      vertex   7.539353e+00 2.293084e+01 0.000000e+00
      vertex   7.138411e+00 2.286491e+01 4.000000e-01
      vertex   7.403730e+00 2.324915e+01 0.000000e+00
    endloop
  endfacet
  facet normal -6.325078e-01 -3.045997e-01 -7.121467e-01
    outer loop
      vertex   7.403730e+00 2.324915e+01 0.000000e+00
      vertex   7.138411e+00 2.286491e+01 4.000000e-01
      vertex   7.002285e+00 2.314757e+01 4.000000e-01
    endloop
  endfacet
  facet normal -6.024480e-01 -3.809650e-01 -7.013715e-01
    outer loop
      vertex   7.403730e+00 2.324915e+01 0.000000e+00
      vertex   7.002285e+00 2.314757e+01 4.000000e-01
      vertex   7.218802e+00 2.354160e+01 0.000000e+00
    endloop
  endfacet
  facet normal -5.672438e-01 -4.121268e-01 -7.130119e-01
    outer loop
      vertex   7.218802e+00 2.354160e+01 0.000000e+00
      vertex   7.002285e+00 2.314757e+01 4.000000e-01
      vertex   6.817875e+00 2.340139e+01 4.000000e-01
    endloop
  endfacet
  facet normal -5.338816e-01 -4.729778e-01 -7.009011e-01
    outer loop
      vertex   7.218802e+00 2.354160e+01 0.000000e+00
      vertex   6.817875e+00 2.340139e+01 4.000000e-01
      vertex   6.989357e+00 2.380059e+01 0.000000e+00
    endloop
  endfacet
  facet normal -4.843744e-01 -5.066159e-01 -7.132473e-01
    outer loop
      vertex   6.989357e+00 2.380059e+01 0.000000e+00
      vertex   6.817875e+00 2.340139e+01 4.000000e-01
      vertex   6.591107e+00 2.361821e+01 4.000000e-01
    endloop
  endfacet
  facet normal -4.510552e-01 -5.524423e-01 -7.009684e-01
    outer loop
      vertex   6.989357e+00 2.380059e+01 0.000000e+00
      vertex   6.591107e+00 2.361821e+01 4.000000e-01
      vertex   6.721339e+00 2.401942e+01 0.000000e+00
    endloop
  endfacet
  facet normal -3.863505e-01 -5.852959e-01 -7.128548e-01
    outer loop
      vertex   6.721339e+00 2.401942e+01 0.000000e+00
      vertex   6.591107e+00 2.361821e+01 4.000000e-01
      vertex   6.329270e+00 2.379104e+01 4.000000e-01
    endloop
  endfacet
  facet normal -3.562989e-01 -6.171277e-01 -7.015729e-01
    outer loop
      vertex   6.721339e+00 2.401942e+01 0.000000e+00
      vertex   6.329270e+00 2.379104e+01 4.000000e-01
      vertex   6.421689e+00 2.419242e+01 0.000000e+00
    endloop
  endfacet
  facet normal -2.760413e-01 -6.458307e-01 -7.118313e-01
    outer loop
      vertex   6.421689e+00 2.419242e+01 0.000000e+00
      vertex   6.329270e+00 2.379104e+01 4.000000e-01
      vertex   6.040780e+00 2.391435e+01 4.000000e-01
    endloop
  endfacet
  facet normal -2.522929e-01 -6.652417e-01 -7.027103e-01
    outer loop
      vertex   6.421689e+00 2.419242e+01 0.000000e+00
      vertex   6.040780e+00 2.391435e+01 4.000000e-01
      vertex   6.098168e+00 2.431511e+01 0.000000e+00
    endloop
  endfacet
  facet normal -1.566617e-01 -6.863799e-01 -7.101688e-01
    outer loop
      vertex   6.098168e+00 2.431511e+01 0.000000e+00
      vertex   6.040780e+00 2.391435e+01 4.000000e-01
      vertex   5.734908e+00 2.398416e+01 4.000000e-01
    endloop
  endfacet
  facet normal -1.419843e-01 -6.954850e-01 -7.043729e-01
    outer loop
      vertex   6.098168e+00 2.431511e+01 0.000000e+00
      vertex   5.734908e+00 2.398416e+01 4.000000e-01
      vertex   5.759154e+00 2.438432e+01 0.000000e+00
    endloop
  endfacet
  facet normal -3.169066e-02 -7.056474e-01 -7.078541e-01
    outer loop
      vertex   5.759154e+00 2.438432e+01 0.000000e+00
      vertex   5.734908e+00 2.398416e+01 4.000000e-01
      vertex   5.421487e+00 2.399824e+01 4.000000e-01
    endloop
  endfacet
  facet normal -2.849476e-02 -7.070903e-01 -7.065489e-01
    outer loop
      vertex   5.759154e+00 2.438432e+01 0.000000e+00
      vertex   5.421487e+00 2.399824e+01 4.000000e-01
      vertex   5.413428e+00 2.439826e+01 0.000000e+00
    endloop
  endfacet
  facet normal 8.543783e-02 -7.036438e-01 -7.053976e-01
    outer loop
      vertex   5.413428e+00 2.439826e+01 0.000000e+00
      vertex   5.421487e+00 2.399824e+01 4.000000e-01
      vertex   5.069945e+00 2.435655e+01 0.000000e+00
    endloop
  endfacet
  facet normal 9.464975e-02 -6.987325e-01 -7.090940e-01
    outer loop
      vertex   5.069945e+00 2.435655e+01 0.000000e+00
      vertex   5.421487e+00 2.399824e+01 4.000000e-01
      vertex   5.110588e+00 2.395612e+01 4.000000e-01
    endloop
  endfacet
  facet normal 1.977343e-01 -6.826579e-01 -7.034766e-01
    outer loop
      vertex   5.069945e+00 2.435655e+01 0.000000e+00
      vertex   5.110588e+00 2.395612e+01 4.000000e-01
      vertex   4.737599e+00 2.426028e+01 0.000000e+00
    endloop
  endfacet
  facet normal 2.172731e-01 -6.686978e-01 -7.110807e-01
    outer loop
      vertex   4.737599e+00 2.426028e+01 0.000000e+00
      vertex   5.110588e+00 2.395612e+01 4.000000e-01
      vertex   4.812206e+00 2.385917e+01 4.000000e-01
    endloop
  endfacet
  facet normal 3.052731e-01 -6.433494e-01 -7.020754e-01
    outer loop
      vertex   4.737599e+00 2.426028e+01 0.000000e+00
      vertex   4.812206e+00 2.385917e+01 4.000000e-01
      vertex   4.425000e+00 2.411195e+01 0.000000e+00
    endloop
  endfacet
  facet normal 3.325378e-01 -6.179588e-01 -7.124223e-01
    outer loop
      vertex   4.425000e+00 2.411195e+01 0.000000e+00
      vertex   4.812206e+00 2.385917e+01 4.000000e-01
      vertex   4.535930e+00 2.371050e+01 4.000000e-01
    endloop
  endfacet
  facet normal 4.050080e-01 -5.867554e-01 -7.012036e-01
    outer loop
      vertex   4.425000e+00 2.411195e+01 0.000000e+00
      vertex   4.535930e+00 2.371050e+01 4.000000e-01
      vertex   4.140242e+00 2.391540e+01 0.000000e+00
    endloop
  endfacet
  facet normal 4.370864e-01 -5.480890e-01 -7.131296e-01
    outer loop
      vertex   4.140242e+00 2.391540e+01 0.000000e+00
      vertex   4.535930e+00 2.371050e+01 4.000000e-01
      vertex   4.290640e+00 2.351489e+01 4.000000e-01
    endloop
  endfacet
  facet normal 4.941144e-01 -5.144276e-01 -7.008675e-01
    outer loop
      vertex   4.140242e+00 2.391540e+01 0.000000e+00
      vertex   4.290640e+00 2.351489e+01 4.000000e-01
      vertex   3.890702e+00 2.367571e+01 0.000000e+00
    endloop
  endfacet
  facet normal 5.278672e-01 -4.611837e-01 -7.132081e-01
    outer loop
      vertex   3.890702e+00 2.367571e+01 0.000000e+00
      vertex   4.290640e+00 2.351489e+01 4.000000e-01
      vertex   4.084220e+00 2.327862e+01 4.000000e-01
    endloop
  endfacet
  facet normal 5.700772e-01 -4.283852e-01 -7.010692e-01
    outer loop
      vertex   3.890702e+00 2.367571e+01 0.000000e+00
      vertex   4.084220e+00 2.327862e+01 4.000000e-01
      vertex   3.682841e+00 2.339910e+01 0.000000e+00
    endloop
  endfacet
  facet normal 6.022115e-01 -3.598046e-01 -7.126583e-01
    outer loop
      vertex   3.682841e+00 2.339910e+01 0.000000e+00
      vertex   4.084220e+00 2.327862e+01 4.000000e-01
      vertex   3.923304e+00 2.300930e+01 4.000000e-01
    endloop
  endfacet
  facet normal 6.307693e-01 -3.310533e-01 -7.018075e-01
    outer loop
      vertex   3.682841e+00 2.339910e+01 0.000000e+00
      vertex   3.923304e+00 2.300930e+01 4.000000e-01
      vertex   3.522044e+00 2.309273e+01 0.000000e+00
    endloop
  endfacet
  facet normal 6.579019e-01 -2.469147e-01 -7.114761e-01
    outer loop
      vertex   3.522044e+00 2.309273e+01 0.000000e+00
      vertex   3.923304e+00 2.300930e+01 4.000000e-01
      vertex   3.813065e+00 2.271556e+01 4.000000e-01
    endloop
  endfacet
  facet normal 6.745172e-01 -2.251869e-01 -7.030771e-01
    outer loop
      vertex   3.522044e+00 2.309273e+01 0.000000e+00
      vertex   3.813065e+00 2.271556e+01 4.000000e-01
      vertex   3.412475e+00 2.276453e+01 0.000000e+00
    endloop
  endfacet
  facet normal 6.932300e-01 -1.258027e-01 -7.096519e-01
    outer loop
      vertex   3.412475e+00 2.276453e+01 0.000000e+00
      vertex   3.813065e+00 2.271556e+01 4.000000e-01
      vertex   3.757045e+00 2.240687e+01 4.000000e-01
    endloop
  endfacet
  facet normal 7.001515e-01 -1.137857e-01 -7.048693e-01
    outer loop
      vertex   3.412475e+00 2.276453e+01 0.000000e+00
      vertex   3.757045e+00 2.240687e+01 4.000000e-01
      vertex   3.356972e+00 2.242300e+01 0.000000e+00
    endloop
  endfacet
  facet normal 7.070421e-01 0.000000e+00 -7.071715e-01
    outer loop
      vertex   3.356972e+00 2.242300e+01 0.000000e+00
      vertex   3.757045e+00 2.240687e+01 4.000000e-01
      vertex   3.757045e+00 2.209313e+01 4.000000e-01
    endloop
  endfacet
  facet normal 7.070421e-01 0.000000e+00 -7.071715e-01
    outer loop
      vertex   3.356972e+00 2.242300e+01 0.000000e+00
      vertex   3.757045e+00 2.209313e+01 4.000000e-01
      vertex   3.356972e+00 2.207700e+01 0.000000e+00
    endloop
  endfacet
  facet normal 7.001515e-01 1.137857e-01 -7.048693e-01
    outer loop
      vertex   3.356972e+00 2.207700e+01 0.000000e+00
      vertex   3.757045e+00 2.209313e+01 4.000000e-01
      vertex   3.412475e+00 2.173547e+01 0.000000e+00
    endloop
  endfacet
  facet normal 6.932300e-01 1.258027e-01 -7.096519e-01
    outer loop
      vertex   3.412475e+00 2.173547e+01 0.000000e+00
      vertex   3.757045e+00 2.209313e+01 4.000000e-01
      vertex   3.813065e+00 2.178444e+01 4.000000e-01
    endloop
  endfacet
  facet normal 6.745172e-01 2.251869e-01 -7.030771e-01
    outer loop
      vertex   3.412475e+00 2.173547e+01 0.000000e+00
      vertex   3.813065e+00 2.178444e+01 4.000000e-01
      vertex   3.522044e+00 2.140727e+01 0.000000e+00
    endloop
  endfacet
  facet normal 6.579019e-01 2.469147e-01 -7.114761e-01
    outer loop
      vertex   3.522044e+00 2.140727e+01 0.000000e+00
      vertex   3.813065e+00 2.178444e+01 4.000000e-01
      vertex   3.923304e+00 2.149070e+01 4.000000e-01
    endloop
  endfacet
  facet normal 6.307693e-01 3.310533e-01 -7.018075e-01
    outer loop
      vertex   3.522044e+00 2.140727e+01 0.000000e+00
      vertex   3.923304e+00 2.149070e+01 4.000000e-01
      vertex   3.682841e+00 2.110090e+01 0.000000e+00
    endloop
  endfacet
  facet normal 6.022115e-01 3.598046e-01 -7.126583e-01
    outer loop
      vertex   3.682841e+00 2.110090e+01 0.000000e+00
      vertex   3.923304e+00 2.149070e+01 4.000000e-01
      vertex   4.084220e+00 2.122138e+01 4.000000e-01
    endloop
  endfacet
  facet normal 5.700772e-01 4.283852e-01 -7.010692e-01
    outer loop
      vertex   3.682841e+00 2.110090e+01 0.000000e+00
      vertex   4.084220e+00 2.122138e+01 4.000000e-01
      vertex   3.890702e+00 2.082429e+01 0.000000e+00
    endloop
  endfacet
  facet normal 5.278672e-01 4.611837e-01 -7.132081e-01
    outer loop
      vertex   3.890702e+00 2.082429e+01 0.000000e+00
      vertex   4.084220e+00 2.122138e+01 4.000000e-01
      vertex   4.290640e+00 2.098511e+01 4.000000e-01
    endloop
  endfacet
  facet normal 4.941144e-01 5.144276e-01 -7.008675e-01
    outer loop
      vertex   3.890702e+00 2.082429e+01 0.000000e+00
      vertex   4.290640e+00 2.098511e+01 4.000000e-01
      vertex   4.140242e+00 2.058460e+01 0.000000e+00
    endloop
  endfacet
  facet normal 4.370864e-01 5.480890e-01 -7.131296e-01
    outer loop
      vertex   4.140242e+00 2.058460e+01 0.000000e+00
      vertex   4.290640e+00 2.098511e+01 4.000000e-01
      vertex   4.535930e+00 2.078950e+01 4.000000e-01
    endloop
  endfacet
  facet normal 4.050080e-01 5.867554e-01 -7.012036e-01
    outer loop
      vertex   4.140242e+00 2.058460e+01 0.000000e+00
      vertex   4.535930e+00 2.078950e+01 4.000000e-01
      vertex   4.425000e+00 2.038805e+01 0.000000e+00
    endloop
  endfacet
  facet normal 3.325378e-01 6.179588e-01 -7.124223e-01
    outer loop
      vertex   4.425000e+00 2.038805e+01 0.000000e+00
      vertex   4.535930e+00 2.078950e+01 4.000000e-01
      vertex   4.812206e+00 2.064083e+01 4.000000e-01
    endloop
  endfacet
  facet normal 3.052731e-01 6.433494e-01 -7.020754e-01
    outer loop
      vertex   4.425000e+00 2.038805e+01 0.000000e+00
      vertex   4.812206e+00 2.064083e+01 4.000000e-01
      vertex   4.737599e+00 2.023972e+01 0.000000e+00
    endloop
  endfacet
  facet normal 2.172731e-01 6.686978e-01 -7.110807e-01
    outer loop
      vertex   4.737599e+00 2.023972e+01 0.000000e+00
      vertex   4.812206e+00 2.064083e+01 4.000000e-01
      vertex   5.110588e+00 2.054388e+01 4.000000e-01
    endloop
  endfacet
  facet normal 1.977343e-01 6.826579e-01 -7.034766e-01
    outer loop
      vertex   4.737599e+00 2.023972e+01 0.000000e+00
      vertex   5.110588e+00 2.054388e+01 4.000000e-01
      vertex   5.069945e+00 2.014345e+01 0.000000e+00
    endloop
  endfacet
  facet normal 9.464975e-02 6.987325e-01 -7.090940e-01
    outer loop
      vertex   5.069945e+00 2.014345e+01 0.000000e+00
      vertex   5.110588e+00 2.054388e+01 4.000000e-01
      vertex   5.421487e+00 2.050176e+01 4.000000e-01
    endloop
  endfacet
  facet normal 8.543783e-02 7.036438e-01 -7.053976e-01
    outer loop
      vertex   5.069945e+00 2.014345e+01 0.000000e+00
      vertex   5.421487e+00 2.050176e+01 4.000000e-01
      vertex   5.413428e+00 2.010174e+01 0.000000e+00
    endloop
  endfacet
  facet normal -2.849476e-02 7.070903e-01 -7.065489e-01
    outer loop
      vertex   5.413428e+00 2.010174e+01 0.000000e+00
      vertex   5.421487e+00 2.050176e+01 4.000000e-01
      vertex   5.759154e+00 2.011568e+01 0.000000e+00
    endloop
  endfacet
  facet normal -3.169066e-02 7.056474e-01 -7.078541e-01
    outer loop
      vertex   5.759154e+00 2.011568e+01 0.000000e+00
      vertex   5.421487e+00 2.050176e+01 4.000000e-01
      vertex   5.734908e+00 2.051584e+01 4.000000e-01
    endloop
  endfacet
  facet normal -1.419843e-01 6.954850e-01 -7.043729e-01
    outer loop
      vertex   5.759154e+00 2.011568e+01 0.000000e+00
      vertex   5.734908e+00 2.051584e+01 4.000000e-01
      vertex   6.098168e+00 2.018489e+01 0.000000e+00
    endloop
  endfacet
  facet normal -1.566617e-01 6.863799e-01 -7.101688e-01
    outer loop
      vertex   6.098168e+00 2.018489e+01 0.000000e+00
      vertex   5.734908e+00 2.051584e+01 4.000000e-01
      vertex   6.040780e+00 2.058565e+01 4.000000e-01
    endloop
  endfacet
  facet normal -2.522929e-01 6.652417e-01 -7.027103e-01
    outer loop
      vertex   6.098168e+00 2.018489e+01 0.000000e+00
      vertex   6.040780e+00 2.058565e+01 4.000000e-01
      vertex   6.421689e+00 2.030758e+01 0.000000e+00
    endloop
  endfacet
  facet normal -2.760413e-01 6.458307e-01 -7.118313e-01
    outer loop
      vertex   6.421689e+00 2.030758e+01 0.000000e+00
      vertex   6.040780e+00 2.058565e+01 4.000000e-01
      vertex   6.329270e+00 2.070896e+01 4.000000e-01
    endloop
  endfacet
  facet normal -3.562989e-01 6.171277e-01 -7.015729e-01
    outer loop
      vertex   6.421689e+00 2.030758e+01 0.000000e+00
      vertex   6.329270e+00 2.070896e+01 4.000000e-01
      vertex   6.721339e+00 2.048058e+01 0.000000e+00
    endloop
  endfacet
  facet normal -3.863505e-01 5.852959e-01 -7.128548e-01
    outer loop
      vertex   6.721339e+00 2.048058e+01 0.000000e+00
      vertex   6.329270e+00 2.070896e+01 4.000000e-01
      vertex   6.591107e+00 2.088179e+01 4.000000e-01
    endloop
  endfacet
  facet normal -4.510552e-01 5.524423e-01 -7.009684e-01
    outer loop
      vertex   6.721339e+00 2.048058e+01 0.000000e+00
      vertex   6.591107e+00 2.088179e+01 4.000000e-01
      vertex   6.989357e+00 2.069941e+01 0.000000e+00
    endloop
  endfacet
  facet normal -4.843744e-01 5.066159e-01 -7.132473e-01
    outer loop
      vertex   6.989357e+00 2.069941e+01 0.000000e+00
      vertex   6.591107e+00 2.088179e+01 4.000000e-01
      vertex   6.817875e+00 2.109861e+01 4.000000e-01
    endloop
  endfacet
  facet normal -5.338816e-01 4.729778e-01 -7.009011e-01
    outer loop
      vertex   6.989357e+00 2.069941e+01 0.000000e+00
      vertex   6.817875e+00 2.109861e+01 4.000000e-01
      vertex   7.218802e+00 2.095840e+01 0.000000e+00
    endloop
  endfacet
  facet normal -5.672438e-01 4.121268e-01 -7.130119e-01
    outer loop
      vertex   7.218802e+00 2.095840e+01 0.000000e+00
      vertex   6.817875e+00 2.109861e+01 4.000000e-01
      vertex   7.002285e+00 2.135243e+01 4.000000e-01
    endloop
  endfacet
  facet normal -6.024480e-01 3.809650e-01 -7.013715e-01
    outer loop
      vertex   7.218802e+00 2.095840e+01 0.000000e+00
      vertex   7.002285e+00 2.135243e+01 4.000000e-01
      vertex   7.403730e+00 2.125085e+01 0.000000e+00
    endloop
  endfacet
  facet normal -6.325078e-01 3.045997e-01 -7.121467e-01
    outer loop
      vertex   7.403730e+00 2.125085e+01 0.000000e+00
      vertex   7.002285e+00 2.135243e+01 4.000000e-01
      vertex   7.138411e+00 2.163509e+01 4.000000e-01
    endloop
  endfacet
  facet normal -6.548467e-01 2.790041e-01 -7.023764e-01
    outer loop
      vertex   7.403730e+00 2.125085e+01 0.000000e+00
      vertex   7.138411e+00 2.163509e+01 4.000000e-01
      vertex   7.539353e+00 2.156916e+01 0.000000e+00
    endloop
  endfacet
  facet normal -6.781968e-01 1.871704e-01 -7.106450e-01
    outer loop
      vertex   7.539353e+00 2.156916e+01 0.000000e+00
      vertex   7.138411e+00 2.163509e+01 4.000000e-01
      vertex   7.221877e+00 2.193753e+01 4.000000e-01
    endloop
  endfacet
  facet normal -6.896508e-01 1.699837e-01 -7.039086e-01
    outer loop
      vertex   7.539353e+00 2.156916e+01 0.000000e+00
      vertex   7.221877e+00 2.193753e+01 4.000000e-01
      vertex   7.622158e+00 2.190512e+01 0.000000e+00
    endloop
  endfacet
  facet normal -7.028750e-01 6.325989e-02 -7.084948e-01
    outer loop
      vertex   7.622158e+00 2.190512e+01 0.000000e+00
      vertex   7.221877e+00 2.193753e+01 4.000000e-01
      vertex   7.250000e+00 2.225000e+01 4.000000e-01
    endloop
  endfacet
  facet normal 0.000000e+00 0.000000e+00 -1.000000e+00
    outer loop
      vertex   7.622158e+00 3.334488e+01 0.000000e+00
      vertex   8.732505e+00 3.749468e+01 0.000000e+00
      vertex   7.650000e+00 3.300000e+01 0.000000e+00
    endloop
  endfacet
  facet normal 0.000000e+00 0.000000e+00 -1.000000e+00
    outer loop
      vertex   7.650000e+00 3.300000e+01 0.000000e+00
      vertex   8.732505e+00 3.749468e+01 0.000000e+00
      vertex   9.080079e+00 3.736504e+01 0.000000e+00
    endloop
  endfacet
  facet normal 0.000000e+00 0.000000e+00 -1.000000e+00
    outer loop
      vertex   7.650000e+00 3.300000e+01 0.000000e+00
      vertex   9.080079e+00 3.736504e+01 0.000000e+00
      vertex   9.405666e+00 3.718726e+01 0.000000e+00
    endloop
  endfacet
  facet normal 0.000000e+00 0.000000e+00 -1.000000e+00
    outer loop
      vertex   7.539353e+00 3.368084e+01 0.000000e+00
      vertex   8.000000e+00 3.760000e+01 0.000000e+00
      vertex   7.622158e+00 3.334488e+01 0.000000e+00
    endloop
  endfacet
  facet normal 0.000000e+00 0.000000e+00 -1.000000e+00
    outer loop
      vertex   7.622158e+00 3.334488e+01 0.000000e+00
      vertex   8.000000e+00 3.760000e+01 0.000000e+00
      vertex   8.370019e+00 3.757354e+01 0.000000e+00
    endloop
  endfacet
  facet normal 0.000000e+00 0.000000e+00 -1.000000e+00
    outer loop
      vertex   7.622158e+00 3.334488e+01 0.000000e+00
      vertex   8.370019e+00 3.757354e+01 0.000000e+00
      vertex   8.732505e+00 3.749468e+01 0.000000e+00
    endloop
  endfacet
  facet normal 0.000000e+00 0.000000e+00 -1.000000e+00
    outer loop
      vertex   7.539353e+00 3.368084e+01 0.000000e+00
      vertex   7.403730e+00 3.399915e+01 0.000000e+00
      vertex   8.000000e+00 3.760000e+01 0.000000e+00
    endloop
  endfacet
  facet normal 0.000000e+00 0.000000e+00 -1.000000e+00
    outer loop
      vertex   8.000000e+00 3.760000e+01 0.000000e+00
      vertex   7.403730e+00 3.399915e+01 0.000000e+00
      vertex   7.218802e+00 3.429160e+01 0.000000e+00
    endloop
  endfacet
  facet normal 0.000000e+00 0.000000e+00 -1.000000e+00
    outer loop
      vertex   8.000000e+00 3.760000e+01 0.000000e+00
      vertex   7.218802e+00 3.429160e+01 0.000000e+00
      vertex   6.989357e+00 3.455059e+01 0.000000e+00
    endloop
  endfacet
  facet normal 0.000000e+00 0.000000e+00 -1.000000e+00
    outer loop
      vertex   6.989357e+00 3.455059e+01 0.000000e+00
      vertex   6.721339e+00 3.476942e+01 0.000000e+00
      vertex   8.000000e+00 3.760000e+01 0.000000e+00
    endloop
  endfacet
  facet normal 0.000000e+00 0.000000e+00 -1.000000e+00
    outer loop
      vertex   8.000000e+00 3.760000e+01 0.000000e+00
      vertex   6.721339e+00 3.476942e+01 0.000000e+00
      vertex   6.421689e+00 3.494242e+01 0.000000e+00
    endloop
  endfacet
  facet normal 0.000000e+00 0.000000e+00 -1.000000e+00
    outer loop
      vertex   8.000000e+00 3.760000e+01 0.000000e+00
      vertex   6.421689e+00 3.494242e+01 0.000000e+00
      vertex   6.098168e+00 3.506511e+01 0.000000e+00
    endloop
  endfacet
  facet normal 0.000000e+00 0.000000e+00 -1.000000e+00
    outer loop
      vertex   6.098168e+00 3.506511e+01 0.000000e+00
      vertex   5.759154e+00 3.513432e+01 0.000000e+00
      vertex   8.000000e+00 3.760000e+01 0.000000e+00
    endloop
  endfacet
  facet normal 0.000000e+00 0.000000e+00 -1.000000e+00
    outer loop
      vertex   8.000000e+00 3.760000e+01 0.000000e+00
      vertex   5.759154e+00 3.513432e+01 0.000000e+00
      vertex   5.413428e+00 3.514826e+01 0.000000e+00
    endloop
  endfacet
  facet normal -0.000000e+00 0.000000e+00 -1.000000e+00
    outer loop
      vertex   8.000000e+00 3.760000e+01 0.000000e+00
      vertex   5.413428e+00 3.514826e+01 0.000000e+00
      vertex   3.000000e+00 3.760000e+01 0.000000e+00
    endloop
  endfacet
  facet normal 0.000000e+00 0.000000e+00 -1.000000e+00
    outer loop
      vertex   3.000000e+00 3.760000e+01 0.000000e+00
      vertex   5.413428e+00 3.514826e+01 0.000000e+00
      vertex   5.069945e+00 3.510655e+01 0.000000e+00
    endloop
  endfacet
  facet normal 0.000000e+00 0.000000e+00 -1.000000e+00
    outer loop
      vertex   3.000000e+00 3.760000e+01 0.000000e+00
      vertex   5.069945e+00 3.510655e+01 0.000000e+00
      vertex   4.737599e+00 3.501028e+01 0.000000e+00
    endloop
  endfacet
  facet normal -0.000000e+00 0.000000e+00 -1.000000e+00
    outer loop
      vertex   4.737599e+00 3.501028e+01 0.000000e+00
      vertex   4.425000e+00 3.486195e+01 0.000000e+00
      vertex   3.000000e+00 3.760000e+01 0.000000e+00
    endloop
  endfacet
  facet normal 0.000000e+00 0.000000e+00 -1.000000e+00
    outer loop
      vertex   3.000000e+00 3.760000e+01 0.000000e+00
      vertex   4.425000e+00 3.486195e+01 0.000000e+00
      vertex   4.140242e+00 3.466540e+01 0.000000e+00
    endloop
  endfacet
  facet normal 0.000000e+00 0.000000e+00 -1.000000e+00
    outer loop
      vertex   3.000000e+00 3.760000e+01 0.000000e+00
      vertex   4.140242e+00 3.466540e+01 0.000000e+00
      vertex   3.890702e+00 3.442571e+01 0.000000e+00
    endloop
  endfacet
  facet normal -0.000000e+00 0.000000e+00 -1.000000e+00
    outer loop
      vertex   3.890702e+00 3.442571e+01 0.000000e+00
      vertex   3.682841e+00 3.414910e+01 0.000000e+00
      vertex   3.000000e+00 3.760000e+01 0.000000e+00
    endloop
  endfacet
  facet normal 0.000000e+00 0.000000e+00 -1.000000e+00
    outer loop
      vertex   3.000000e+00 3.760000e+01 0.000000e+00
      vertex   3.682841e+00 3.414910e+01 0.000000e+00
      vertex   3.522044e+00 3.384273e+01 0.000000e+00
    endloop
  endfacet
  facet normal 0.000000e+00 0.000000e+00 -1.000000e+00
    outer loop
      vertex   3.000000e+00 3.760000e+01 0.000000e+00
      vertex   3.522044e+00 3.384273e+01 0.000000e+00
      vertex   3.412475e+00 3.351453e+01 0.000000e+00
    endloop
  endfacet
  facet normal 0.000000e+00 -0.000000e+00 -1.000000e+00
    outer loop
      vertex   3.000000e+00 3.760000e+01 0.000000e+00
      vertex   3.412475e+00 3.351453e+01 0.000000e+00
      vertex   2.629981e+00 3.757354e+01 0.000000e+00
    endloop
  endfacet
  facet normal 0.000000e+00 0.000000e+00 -1.000000e+00
    outer loop
      vertex   2.629981e+00 3.757354e+01 0.000000e+00
      vertex   3.412475e+00 3.351453e+01 0.000000e+00
      vertex   3.356972e+00 3.317300e+01 0.000000e+00
    endloop
  endfacet
  facet normal 0.000000e+00 -0.000000e+00 -1.000000e+00
    outer loop
      vertex   2.629981e+00 3.757354e+01 0.000000e+00
      vertex   3.356972e+00 3.317300e+01 0.000000e+00
      vertex   2.267495e+00 3.749468e+01 0.000000e+00
    endloop
  endfacet
  facet normal 0.000000e+00 -0.000000e+00 -1.000000e+00
    outer loop
      vertex   2.267495e+00 3.749468e+01 0.000000e+00
      vertex   3.356972e+00 3.317300e+01 0.000000e+00
      vertex   1.919921e+00 3.736504e+01 0.000000e+00
    endloop
  endfacet
  facet normal 0.000000e+00 0.000000e+00 -1.000000e+00
    outer loop
      vertex   1.919921e+00 3.736504e+01 0.000000e+00
      vertex   3.356972e+00 3.317300e+01 0.000000e+00
      vertex   3.356972e+00 3.282700e+01 0.000000e+00
    endloop
  endfacet
  facet normal 0.000000e+00 -0.000000e+00 -1.000000e+00
    outer loop
      vertex   1.919921e+00 3.736504e+01 0.000000e+00
      vertex   3.356972e+00 3.282700e+01 0.000000e+00
      vertex   1.594334e+00 3.718726e+01 0.000000e+00
    endloop
  endfacet
  facet normal 0.000000e+00 -0.000000e+00 -1.000000e+00
    outer loop
      vertex   1.594334e+00 3.718726e+01 0.000000e+00
      vertex   3.356972e+00 3.282700e+01 0.000000e+00
      vertex   1.297362e+00 3.696495e+01 0.000000e+00
    endloop
  endfacet
  facet normal 0.000000e+00 -0.000000e+00 -1.000000e+00
    outer loop
      vertex   1.297362e+00 3.696495e+01 0.000000e+00
      vertex   3.356972e+00 3.282700e+01 0.000000e+00
      vertex   4.000000e-01 3.500000e+01 0.000000e+00
    endloop
  endfacet
  facet normal 0.000000e+00 0.000000e+00 -1.000000e+00
    outer loop
      vertex   1.297362e+00 3.696495e+01 0.000000e+00
      vertex   4.000000e-01 3.500000e+01 0.000000e+00
      vertex   1.035051e+00 3.670264e+01 0.000000e+00
    endloop
  endfacet
  facet normal 0.000000e+00 0.000000e+00 -1.000000e+00
    outer loop
      vertex   1.035051e+00 3.670264e+01 0.000000e+00
      vertex   4.000000e-01 3.500000e+01 0.000000e+00
      vertex   8.127408e-01 3.640567e+01 0.000000e+00
    endloop
  endfacet
  facet normal 0.000000e+00 0.000000e+00 -1.000000e+00
    outer loop
      vertex   8.127408e-01 3.640567e+01 0.000000e+00
      vertex   4.000000e-01 3.500000e+01 0.000000e+00
      vertex   6.349568e-01 3.608008e+01 0.000000e+00
    endloop
  endfacet
  facet normal 0.000000e+00 0.000000e+00 -1.000000e+00
    outer loop
      vertex   6.349568e-01 3.608008e+01 0.000000e+00
      vertex   4.000000e-01 3.500000e+01 0.000000e+00
      vertex   5.053183e-01 3.573250e+01 0.000000e+00
    endloop
  endfacet
  facet normal 0.000000e+00 0.000000e+00 -1.000000e+00
    outer loop
      vertex   5.053183e-01 3.573250e+01 0.000000e+00
      vertex   4.000000e-01 3.500000e+01 0.000000e+00
      vertex   4.264643e-01 3.537002e+01 0.000000e+00
    endloop
  endfacet
  facet normal -0.000000e+00 -0.000000e+00 -1.000000e+00
    outer loop
      vertex   3.356972e+00 3.282700e+01 0.000000e+00
      vertex   3.412475e+00 3.248547e+01 0.000000e+00
      vertex   4.000000e-01 3.500000e+01 0.000000e+00
    endloop
  endfacet
  facet normal 0.000000e+00 0.000000e+00 -1.000000e+00
    outer loop
      vertex   4.000000e-01 3.500000e+01 0.000000e+00
      vertex   3.412475e+00 3.248547e+01 0.000000e+00
      vertex   3.412475e+00 2.276453e+01 0.000000e+00
    endloop
  endfacet
  facet normal 0.000000e+00 0.000000e+00 -1.000000e+00
    outer loop
      vertex   4.000000e-01 3.500000e+01 0.000000e+00
      vertex   3.412475e+00 2.276453e+01 0.000000e+00
      vertex   3.356972e+00 2.242300e+01 0.000000e+00
    endloop
  endfacet
  facet normal 0.000000e+00 0.000000e+00 -1.000000e+00
    outer loop
      vertex   3.412475e+00 3.248547e+01 0.000000e+00
      vertex   3.522044e+00 3.215727e+01 0.000000e+00
      vertex   3.412475e+00 2.276453e+01 0.000000e+00
    endloop
  endfacet
  facet normal 0.000000e+00 0.000000e+00 -1.000000e+00
    outer loop
      vertex   3.412475e+00 2.276453e+01 0.000000e+00
      vertex   3.522044e+00 3.215727e+01 0.000000e+00
      vertex   3.522044e+00 2.309273e+01 0.000000e+00
    endloop
  endfacet
  facet normal 0.000000e+00 0.000000e+00 -1.000000e+00
    outer loop
      vertex   3.522044e+00 2.309273e+01 0.000000e+00
      vertex   3.522044e+00 3.215727e+01 0.000000e+00
      vertex   3.682841e+00 3.185090e+01 0.000000e+00
    endloop
  endfacet
  facet normal 0.000000e+00 0.000000e+00 -1.000000e+00
    outer loop
      vertex   3.522044e+00 2.309273e+01 0.000000e+00
      vertex   3.682841e+00 3.185090e+01 0.000000e+00
      vertex   3.682841e+00 2.339910e+01 0.000000e+00
    endloop
  endfacet
  facet normal 0.000000e+00 0.000000e+00 -1.000000e+00
    outer loop
      vertex   3.682841e+00 2.339910e+01 0.000000e+00
      vertex   3.682841e+00 3.185090e+01 0.000000e+00
      vertex   3.890702e+00 3.157429e+01 0.000000e+00
    endloop
  endfacet
  facet normal 0.000000e+00 0.000000e+00 -1.000000e+00
    outer loop
      vertex   3.682841e+00 2.339910e+01 0.000000e+00
      vertex   3.890702e+00 3.157429e+01 0.000000e+00
      vertex   3.890702e+00 2.367571e+01 0.000000e+00
    endloop
  endfacet
  facet normal 0.000000e+00 0.000000e+00 -1.000000e+00
    outer loop
      vertex   3.890702e+00 2.367571e+01 0.000000e+00
      vertex   3.890702e+00 3.157429e+01 0.000000e+00
      vertex   4.140242e+00 3.133460e+01 0.000000e+00
    endloop
  endfacet
  facet normal 0.000000e+00 0.000000e+00 -1.000000e+00
    outer loop
      vertex   3.890702e+00 2.367571e+01 0.000000e+00
      vertex   4.140242e+00 3.133460e+01 0.000000e+00
      vertex   4.140242e+00 2.391540e+01 0.000000e+00
    endloop
  endfacet
  facet normal 0.000000e+00 0.000000e+00 -1.000000e+00
    outer loop
      vertex   4.140242e+00 2.391540e+01 0.000000e+00
      vertex   4.140242e+00 3.133460e+01 0.000000e+00
      vertex   4.425000e+00 3.113805e+01 0.000000e+00
    endloop
  endfacet
  facet normal 0.000000e+00 0.000000e+00 -1.000000e+00
    outer loop
      vertex   4.140242e+00 2.391540e+01 0.000000e+00
      vertex   4.425000e+00 3.113805e+01 0.000000e+00
      vertex   4.425000e+00 2.411195e+01 0.000000e+00
    endloop
  endfacet
  facet normal 0.000000e+00 0.000000e+00 -1.000000e+00
    outer loop
      vertex   4.425000e+00 2.411195e+01 0.000000e+00
      vertex   4.425000e+00 3.113805e+01 0.000000e+00
      vertex   4.737599e+00 3.098972e+01 0.000000e+00
    endloop
  endfacet
  facet normal 0.000000e+00 0.000000e+00 -1.000000e+00
    outer loop
      vertex   4.425000e+00 2.411195e+01 0.000000e+00
      vertex   4.737599e+00 3.098972e+01 0.000000e+00
      vertex   4.737599e+00 2.426028e+01 0.000000e+00
    endloop
  endfacet
  facet normal 0.000000e+00 0.000000e+00 -1.000000e+00
    outer loop
      vertex   4.737599e+00 2.426028e+01 0.000000e+00
      vertex   4.737599e+00 3.098972e+01 0.000000e+00
      vertex   5.069945e+00 3.089345e+01 0.000000e+00
    endloop
  endfacet
  facet normal 0.000000e+00 0.000000e+00 -1.000000e+00
    outer loop
      vertex   4.737599e+00 2.426028e+01 0.000000e+00
      vertex   5.069945e+00 3.089345e+01 0.000000e+00
      vertex   5.069945e+00 2.435655e+01 0.000000e+00
    endloop
  endfacet
  facet normal 0.000000e+00 0.000000e+00 -1.000000e+00
    outer loop
      vertex   5.069945e+00 2.435655e+01 0.000000e+00
      vertex   5.069945e+00 3.089345e+01 0.000000e+00
      vertex   5.413428e+00 3.085174e+01 0.000000e+00
    endloop
  endfacet
  facet normal 0.000000e+00 0.000000e+00 -1.000000e+00
    outer loop
      vertex   5.069945e+00 2.435655e+01 0.000000e+00
      vertex   5.413428e+00 3.085174e+01 0.000000e+00
      vertex   5.413428e+00 2.439826e+01 0.000000e+00
    endloop
  endfacet
  facet normal 0.000000e+00 0.000000e+00 -1.000000e+00
    outer loop
      vertex   5.413428e+00 2.439826e+01 0.000000e+00
      vertex   5.413428e+00 3.085174e+01 0.000000e+00
      vertex   5.759154e+00 2.438432e+01 0.000000e+00
    endloop
  endfacet
  facet normal 0.000000e+00 0.000000e+00 -1.000000e+00
    outer loop
      vertex   5.759154e+00 2.438432e+01 0.000000e+00
      vertex   5.413428e+00 3.085174e+01 0.000000e+00
      vertex   5.759154e+00 3.086568e+01 0.000000e+00
    endloop
  endfacet
  facet normal 0.000000e+00 0.000000e+00 -1.000000e+00
    outer loop
      vertex   5.759154e+00 2.438432e+01 0.000000e+00
      vertex   5.759154e+00 3.086568e+01 0.000000e+00
      vertex   6.098168e+00 2.431511e+01 0.000000e+00
    endloop
  endfacet
  facet normal 0.000000e+00 0.000000e+00 -1.000000e+00
    outer loop
      vertex   6.098168e+00 2.431511e+01 0.000000e+00
      vertex   5.759154e+00 3.086568e+01 0.000000e+00
      vertex   6.098168e+00 3.093489e+01 0.000000e+00
    endloop
  endfacet
  facet normal 0.000000e+00 0.000000e+00 -1.000000e+00
    outer loop
      vertex   6.098168e+00 2.431511e+01 0.000000e+00
      vertex   6.098168e+00 3.093489e+01 0.000000e+00
      vertex   6.421689e+00 2.419242e+01 0.000000e+00
    endloop
  endfacet
  facet normal 0.000000e+00 0.000000e+00 -1.000000e+00
    outer loop
      vertex   6.421689e+00 2.419242e+01 0.000000e+00
      vertex   6.098168e+00 3.093489e+01 0.000000e+00
      vertex   6.421689e+00 3.105758e+01 0.000000e+00
    endloop
  endfacet
  facet normal 0.000000e+00 0.000000e+00 -1.000000e+00
    outer loop
      vertex   6.421689e+00 2.419242e+01 0.000000e+00
      vertex   6.421689e+00 3.105758e+01 0.000000e+00
      vertex   6.721339e+00 2.401942e+01 0.000000e+00
    endloop
  endfacet
  facet normal 0.000000e+00 0.000000e+00 -1.000000e+00
    outer loop
      vertex   6.721339e+00 2.401942e+01 0.000000e+00
      vertex   6.421689e+00 3.105758e+01 0.000000e+00
      vertex   6.721339e+00 3.123058e+01 0.000000e+00
    endloop
  endfacet
  facet normal 0.000000e+00 0.000000e+00 -1.000000e+00
    outer loop
      vertex   6.721339e+00 2.401942e+01 0.000000e+00
      vertex   6.721339e+00 3.123058e+01 0.000000e+00
      vertex   6.989357e+00 2.380059e+01 0.000000e+00
    endloop
  endfacet
  facet normal 0.000000e+00 0.000000e+00 -1.000000e+00
    outer loop
      vertex   6.989357e+00 2.380059e+01 0.000000e+00
      vertex   6.721339e+00 3.123058e+01 0.000000e+00
      vertex   6.989357e+00 3.144941e+01 0.000000e+00
    endloop
  endfacet
  facet normal 0.000000e+00 0.000000e+00 -1.000000e+00
    outer loop
      vertex   6.989357e+00 2.380059e+01 0.000000e+00
      vertex   6.989357e+00 3.144941e+01 0.000000e+00
      vertex   7.218802e+00 2.354160e+01 0.000000e+00
    endloop
  endfacet
  facet normal 0.000000e+00 0.000000e+00 -1.000000e+00
    outer loop
      vertex   7.218802e+00 2.354160e+01 0.000000e+00
      vertex   6.989357e+00 3.144941e+01 0.000000e+00
      vertex   7.218802e+00 3.170840e+01 0.000000e+00
    endloop
  endfacet
  facet normal 0.000000e+00 0.000000e+00 -1.000000e+00
    outer loop
      vertex   7.218802e+00 2.354160e+01 0.000000e+00
      vertex   7.218802e+00 3.170840e+01 0.000000e+00
      vertex   7.403730e+00 2.324915e+01 0.000000e+00
    endloop
  endfacet
  facet normal 0.000000e+00 0.000000e+00 -1.000000e+00
    outer loop
      vertex   7.403730e+00 2.324915e+01 0.000000e+00
      vertex   7.218802e+00 3.170840e+01 0.000000e+00
      vertex   7.403730e+00 3.200085e+01 0.000000e+00
    endloop
  endfacet
  facet normal 0.000000e+00 0.000000e+00 -1.000000e+00
    outer loop
      vertex   7.403730e+00 2.324915e+01 0.000000e+00
      vertex   7.403730e+00 3.200085e+01 0.000000e+00
      vertex   7.539353e+00 2.293084e+01 0.000000e+00
    endloop
  endfacet
  facet normal 0.000000e+00 0.000000e+00 -1.000000e+00
    outer loop
      vertex   7.539353e+00 2.293084e+01 0.000000e+00
      vertex   7.403730e+00 3.200085e+01 0.000000e+00
      vertex   7.539353e+00 3.231916e+01 0.000000e+00
    endloop
  endfacet
  facet normal 0.000000e+00 0.000000e+00 -1.000000e+00
    outer loop
      vertex   7.539353e+00 2.293084e+01 0.000000e+00
      vertex   7.539353e+00 3.231916e+01 0.000000e+00
      vertex   7.622158e+00 2.259488e+01 0.000000e+00
    endloop
  endfacet
  facet normal 0.000000e+00 0.000000e+00 -1.000000e+00
    outer loop
      vertex   7.622158e+00 2.259488e+01 0.000000e+00
      vertex   7.539353e+00 3.231916e+01 0.000000e+00
      vertex   7.622158e+00 3.265512e+01 0.000000e+00
    endloop
  endfacet
  facet normal 0.000000e+00 0.000000e+00 -1.000000e+00
    outer loop
      vertex   7.622158e+00 2.259488e+01 0.000000e+00
      vertex   7.622158e+00 3.265512e+01 0.000000e+00
      vertex   1.060000e+01 3.500000e+01 0.000000e+00
    endloop
  endfacet
  facet normal -0.000000e+00 0.000000e+00 -1.000000e+00
    outer loop
      vertex   1.060000e+01 3.500000e+01 0.000000e+00
      vertex   7.622158e+00 3.265512e+01 0.000000e+00
      vertex   9.702638e+00 3.696495e+01 0.000000e+00
    endloop
  endfacet
  facet normal 0.000000e+00 0.000000e+00 -1.000000e+00
    outer loop
      vertex   1.060000e+01 3.500000e+01 0.000000e+00
      vertex   9.702638e+00 3.696495e+01 0.000000e+00
      vertex   9.964949e+00 3.670264e+01 0.000000e+00
    endloop
  endfacet
  facet normal 0.000000e+00 0.000000e+00 -1.000000e+00
    outer loop
      vertex   7.622158e+00 3.265512e+01 0.000000e+00
      vertex   7.650000e+00 3.300000e+01 0.000000e+00
      vertex   9.702638e+00 3.696495e+01 0.000000e+00
    endloop
  endfacet
  facet normal -0.000000e+00 0.000000e+00 -1.000000e+00
    outer loop
      vertex   9.702638e+00 3.696495e+01 0.000000e+00
      vertex   7.650000e+00 3.300000e+01 0.000000e+00
      vertex   9.405666e+00 3.718726e+01 0.000000e+00
    endloop
  endfacet
  facet normal -0.000000e+00 -0.000000e+00 -1.000000e+00
    outer loop
      vertex   1.100000e+01 4.600000e+00 0.000000e+00
      vertex   1.100000e+01 4.000000e-01 0.000000e+00
      vertex   1.060000e+01 4.882843e+00 0.000000e+00
    endloop
  endfacet
  facet normal 0.000000e+00 -0.000000e+00 -1.000000e+00
    outer loop
      vertex   1.060000e+01 4.882843e+00 0.000000e+00
      vertex   1.100000e+01 4.000000e-01 0.000000e+00
      vertex   4.000000e-01 4.000000e-01 0.000000e+00
    endloop
  endfacet
  facet normal -0.000000e+00 0.000000e+00 -1.000000e+00
    outer loop
      vertex   1.060000e+01 4.882843e+00 0.000000e+00
      vertex   4.000000e-01 4.000000e-01 0.000000e+00
      vertex   5.413428e+00 2.010174e+01 0.000000e+00
    endloop
  endfacet
  facet normal -0.000000e+00 0.000000e+00 -1.000000e+00
    outer loop
      vertex   5.413428e+00 2.010174e+01 0.000000e+00
      vertex   4.000000e-01 4.000000e-01 0.000000e+00
      vertex   5.069945e+00 2.014345e+01 0.000000e+00
    endloop
  endfacet
  facet normal -0.000000e+00 0.000000e+00 -1.000000e+00
    outer loop
      vertex   5.069945e+00 2.014345e+01 0.000000e+00
      vertex   4.000000e-01 4.000000e-01 0.000000e+00
      vertex   4.737599e+00 2.023972e+01 0.000000e+00
    endloop
  endfacet
  facet normal -0.000000e+00 0.000000e+00 -1.000000e+00
    outer loop
      vertex   4.737599e+00 2.023972e+01 0.000000e+00
      vertex   4.000000e-01 4.000000e-01 0.000000e+00
      vertex   4.425000e+00 2.038805e+01 0.000000e+00
    endloop
  endfacet
  facet normal -0.000000e+00 0.000000e+00 -1.000000e+00
    outer loop
      vertex   4.425000e+00 2.038805e+01 0.000000e+00
      vertex   4.000000e-01 4.000000e-01 0.000000e+00
      vertex   4.140242e+00 2.058460e+01 0.000000e+00
    endloop
  endfacet
  facet normal -0.000000e+00 0.000000e+00 -1.000000e+00
    outer loop
      vertex   4.140242e+00 2.058460e+01 0.000000e+00
      vertex   4.000000e-01 4.000000e-01 0.000000e+00
      vertex   3.890702e+00 2.082429e+01 0.000000e+00
    endloop
  endfacet
  facet normal -0.000000e+00 0.000000e+00 -1.000000e+00
    outer loop
      vertex   3.890702e+00 2.082429e+01 0.000000e+00
      vertex   4.000000e-01 4.000000e-01 0.000000e+00
      vertex   3.682841e+00 2.110090e+01 0.000000e+00
    endloop
  endfacet
  facet normal -0.000000e+00 0.000000e+00 -1.000000e+00
    outer loop
      vertex   3.682841e+00 2.110090e+01 0.000000e+00
      vertex   4.000000e-01 4.000000e-01 0.000000e+00
      vertex   3.522044e+00 2.140727e+01 0.000000e+00
    endloop
  endfacet
  facet normal -0.000000e+00 0.000000e+00 -1.000000e+00
    outer loop
      vertex   3.522044e+00 2.140727e+01 0.000000e+00
      vertex   4.000000e-01 4.000000e-01 0.000000e+00
      vertex   3.412475e+00 2.173547e+01 0.000000e+00
    endloop
  endfacet
  facet normal -0.000000e+00 0.000000e+00 -1.000000e+00
    outer loop
      vertex   3.412475e+00 2.173547e+01 0.000000e+00
      vertex   4.000000e-01 4.000000e-01 0.000000e+00
      vertex   3.356972e+00 2.207700e+01 0.000000e+00
    endloop
  endfacet
  facet normal -0.000000e+00 0.000000e+00 -1.000000e+00
    outer loop
      vertex   3.356972e+00 2.207700e+01 0.000000e+00
      vertex   4.000000e-01 4.000000e-01 0.000000e+00
      vertex   4.000000e-01 3.500000e+01 0.000000e+00
    endloop
  endfacet
  facet normal 0.000000e+00 0.000000e+00 -1.000000e+00
    outer loop
      vertex   3.356972e+00 2.207700e+01 0.000000e+00
      vertex   4.000000e-01 3.500000e+01 0.000000e+00
      vertex   3.356972e+00 2.242300e+01 0.000000e+00
    endloop
  endfacet
  facet normal 0.000000e+00 0.000000e+00 -1.000000e+00
    outer loop
      vertex   9.964949e+00 3.670264e+01 0.000000e+00
      vertex   1.018726e+01 3.640567e+01 0.000000e+00
      vertex   1.060000e+01 3.500000e+01 0.000000e+00
    endloop
  endfacet
  facet normal 0.000000e+00 0.000000e+00 -1.000000e+00
    outer loop
      vertex   1.060000e+01 3.500000e+01 0.000000e+00
      vertex   1.018726e+01 3.640567e+01 0.000000e+00
      vertex   1.036504e+01 3.608008e+01 0.000000e+00
    endloop
  endfacet
  facet normal 0.000000e+00 0.000000e+00 -1.000000e+00
    outer loop
      vertex   1.060000e+01 3.500000e+01 0.000000e+00
      vertex   1.036504e+01 3.608008e+01 0.000000e+00
      vertex   1.049468e+01 3.573250e+01 0.000000e+00
    endloop
  endfacet
  facet normal 0.000000e+00 0.000000e+00 -1.000000e+00
    outer loop
      vertex   1.049468e+01 3.573250e+01 0.000000e+00
      vertex   1.057354e+01 3.537002e+01 0.000000e+00
      vertex   1.060000e+01 3.500000e+01 0.000000e+00
    endloop
  endfacet
  facet normal 0.000000e+00 0.000000e+00 -1.000000e+00
    outer loop
      vertex   7.622158e+00 2.259488e+01 0.000000e+00
      vertex   1.060000e+01 3.500000e+01 0.000000e+00
      vertex   7.650000e+00 2.225000e+01 0.000000e+00
    endloop
  endfacet
  facet normal 0.000000e+00 0.000000e+00 -1.000000e+00
    outer loop
      vertex   7.650000e+00 2.225000e+01 0.000000e+00
      vertex   1.060000e+01 3.500000e+01 0.000000e+00
      vertex   1.060000e+01 4.882843e+00 0.000000e+00
    endloop
  endfacet
  facet normal 0.000000e+00 -0.000000e+00 -1.000000e+00
    outer loop
      vertex   7.650000e+00 2.225000e+01 0.000000e+00
      vertex   1.060000e+01 4.882843e+00 0.000000e+00
      vertex   7.622158e+00 2.190512e+01 0.000000e+00
    endloop
  endfacet
  facet normal 0.000000e+00 -0.000000e+00 -1.000000e+00
    outer loop
      vertex   7.622158e+00 2.190512e+01 0.000000e+00
      vertex   1.060000e+01 4.882843e+00 0.000000e+00
      vertex   7.539353e+00 2.156916e+01 0.000000e+00
    endloop
  endfacet
  facet normal 0.000000e+00 -0.000000e+00 -1.000000e+00
    outer loop
      vertex   7.539353e+00 2.156916e+01 0.000000e+00
      vertex   1.060000e+01 4.882843e+00 0.000000e+00
      vertex   7.403730e+00 2.125085e+01 0.000000e+00
    endloop
  endfacet
  facet normal 0.000000e+00 -0.000000e+00 -1.000000e+00
    outer loop
      vertex   7.403730e+00 2.125085e+01 0.000000e+00
      vertex   1.060000e+01 4.882843e+00 0.000000e+00
      vertex   7.218802e+00 2.095840e+01 0.000000e+00
    endloop
  endfacet
  facet normal 0.000000e+00 -0.000000e+00 -1.000000e+00
    outer loop
      vertex   7.218802e+00 2.095840e+01 0.000000e+00
      vertex   1.060000e+01 4.882843e+00 0.000000e+00
      vertex   6.989357e+00 2.069941e+01 0.000000e+00
    endloop
  endfacet
  facet normal 0.000000e+00 -0.000000e+00 -1.000000e+00
    outer loop
      vertex   6.989357e+00 2.069941e+01 0.000000e+00
      vertex   1.060000e+01 4.882843e+00 0.000000e+00
      vertex   6.721339e+00 2.048058e+01 0.000000e+00
    endloop
  endfacet
  facet normal 0.000000e+00 -0.000000e+00 -1.000000e+00
    outer loop
      vertex   6.721339e+00 2.048058e+01 0.000000e+00
      vertex   1.060000e+01 4.882843e+00 0.000000e+00
      vertex   6.421689e+00 2.030758e+01 0.000000e+00
    endloop
  endfacet
  facet normal 0.000000e+00 -0.000000e+00 -1.000000e+00
    outer loop
      vertex   6.421689e+00 2.030758e+01 0.000000e+00
      vertex   1.060000e+01 4.882843e+00 0.000000e+00
      vertex   6.098168e+00 2.018489e+01 0.000000e+00
    endloop
  endfacet
  facet normal 0.000000e+00 -0.000000e+00 -1.000000e+00
    outer loop
      vertex   6.098168e+00 2.018489e+01 0.000000e+00
      vertex   1.060000e+01 4.882843e+00 0.000000e+00
      vertex   5.759154e+00 2.011568e+01 0.000000e+00
    endloop
  endfacet
  facet normal 0.000000e+00 -0.000000e+00 -1.000000e+00
    outer loop
      vertex   5.759154e+00 2.011568e+01 0.000000e+00
      vertex   1.060000e+01 4.882843e+00 0.000000e+00
      vertex   5.413428e+00 2.010174e+01 0.000000e+00
    endloop
  endfacet
  facet normal -9.959743e-01 -8.963931e-02 -0.000000e+00
    outer loop
      vertex   7.221877e+00 2.256247e+01 3.000000e+00
      vertex   7.221877e+00 2.256247e+01 4.000000e-01
      vertex   7.250000e+00 2.225000e+01 3.000000e+00
    endloop
  endfacet
  facet normal -9.959743e-01 -8.963931e-02 -0.000000e+00
    outer loop
      vertex   7.250000e+00 2.225000e+01 3.000000e+00
      vertex   7.221877e+00 2.256247e+01 4.000000e-01
      vertex   7.250000e+00 2.225000e+01 4.000000e-01
    endloop
  endfacet
  facet normal -9.959743e-01 8.963931e-02 0.000000e+00
    outer loop
      vertex   7.250000e+00 2.225000e+01 3.000000e+00
      vertex   7.250000e+00 2.225000e+01 4.000000e-01
      vertex   7.221877e+00 2.193753e+01 3.000000e+00
    endloop
  endfacet
  facet normal -9.959743e-01 8.963931e-02 0.000000e+00
    outer loop
      vertex   7.221877e+00 2.193753e+01 3.000000e+00
      vertex   7.250000e+00 2.225000e+01 4.000000e-01
      vertex   7.221877e+00 2.193753e+01 4.000000e-01
    endloop
  endfacet
  facet normal -9.639629e-01 2.660368e-01 0.000000e+00
    outer loop
      vertex   7.221877e+00 2.193753e+01 3.000000e+00
      vertex   7.221877e+00 2.193753e+01 4.000000e-01
      vertex   7.138411e+00 2.163509e+01 3.000000e+00
    endloop
  endfacet
  facet normal -9.639629e-01 2.660368e-01 0.000000e+00
    outer loop
      vertex   7.138411e+00 2.163509e+01 3.000000e+00
      vertex   7.221877e+00 2.193753e+01 4.000000e-01
      vertex   7.138411e+00 2.163509e+01 4.000000e-01
    endloop
  endfacet
  facet normal -9.009689e-01 4.338837e-01 0.000000e+00
    outer loop
      vertex   7.138411e+00 2.163509e+01 3.000000e+00
      vertex   7.138411e+00 2.163509e+01 4.000000e-01
      vertex   7.002285e+00 2.135243e+01 3.000000e+00
    endloop
  endfacet
  facet normal -9.009689e-01 4.338837e-01 0.000000e+00
    outer loop
      vertex   7.002285e+00 2.135243e+01 3.000000e+00
      vertex   7.138411e+00 2.163509e+01 4.000000e-01
      vertex   7.002285e+00 2.135243e+01 4.000000e-01
    endloop
  endfacet
  facet normal -8.090170e-01 5.877853e-01 0.000000e+00
    outer loop
      vertex   7.002285e+00 2.135243e+01 3.000000e+00
      vertex   7.002285e+00 2.135243e+01 4.000000e-01
      vertex   6.817875e+00 2.109861e+01 3.000000e+00
    endloop
  endfacet
  facet normal -8.090170e-01 5.877853e-01 0.000000e+00
    outer loop
      vertex   6.817875e+00 2.109861e+01 3.000000e+00
      vertex   7.002285e+00 2.135243e+01 4.000000e-01
      vertex   6.817875e+00 2.109861e+01 4.000000e-01
    endloop
  endfacet
  facet normal -6.910626e-01 7.227949e-01 0.000000e+00
    outer loop
      vertex   6.817875e+00 2.109861e+01 3.000000e+00
      vertex   6.817875e+00 2.109861e+01 4.000000e-01
      vertex   6.591107e+00 2.088179e+01 3.000000e+00
    endloop
  endfacet
  facet normal -6.910626e-01 7.227949e-01 0.000000e+00
    outer loop
      vertex   6.591107e+00 2.088179e+01 3.000000e+00
      vertex   6.817875e+00 2.109861e+01 4.000000e-01
      vertex   6.591107e+00 2.088179e+01 4.000000e-01
    endloop
  endfacet
  facet normal -5.508970e-01 8.345733e-01 0.000000e+00
    outer loop
      vertex   6.591107e+00 2.088179e+01 3.000000e+00
      vertex   6.591107e+00 2.088179e+01 4.000000e-01
      vertex   6.329270e+00 2.070896e+01 3.000000e+00
    endloop
  endfacet
  facet normal -5.508970e-01 8.345733e-01 0.000000e+00
    outer loop
      vertex   6.329270e+00 2.070896e+01 3.000000e+00
      vertex   6.591107e+00 2.088179e+01 4.000000e-01
      vertex   6.329270e+00 2.070896e+01 4.000000e-01
    endloop
  endfacet
  facet normal -3.930250e-01 9.195278e-01 0.000000e+00
    outer loop
      vertex   6.329270e+00 2.070896e+01 3.000000e+00
      vertex   6.329270e+00 2.070896e+01 4.000000e-01
      vertex   6.040780e+00 2.058565e+01 3.000000e+00
    endloop
  endfacet
  facet normal -3.930250e-01 9.195278e-01 0.000000e+00
    outer loop
      vertex   6.040780e+00 2.058565e+01 3.000000e+00
      vertex   6.329270e+00 2.070896e+01 4.000000e-01
      vertex   6.040780e+00 2.058565e+01 4.000000e-01
    endloop
  endfacet
  facet normal -2.225209e-01 9.749279e-01 0.000000e+00
    outer loop
      vertex   6.040780e+00 2.058565e+01 3.000000e+00
      vertex   6.040780e+00 2.058565e+01 4.000000e-01
      vertex   5.734908e+00 2.051584e+01 3.000000e+00
    endloop
  endfacet
  facet normal -2.225209e-01 9.749279e-01 0.000000e+00
    outer loop
      vertex   5.734908e+00 2.051584e+01 3.000000e+00
      vertex   6.040780e+00 2.058565e+01 4.000000e-01
      vertex   5.734908e+00 2.051584e+01 4.000000e-01
    endloop
  endfacet
  facet normal -4.486483e-02 9.989931e-01 0.000000e+00
    outer loop
      vertex   5.734908e+00 2.051584e+01 3.000000e+00
      vertex   5.734908e+00 2.051584e+01 4.000000e-01
      vertex   5.421487e+00 2.050176e+01 3.000000e+00
    endloop
  endfacet
  facet normal -4.486483e-02 9.989931e-01 0.000000e+00
    outer loop
      vertex   5.421487e+00 2.050176e+01 3.000000e+00
      vertex   5.734908e+00 2.051584e+01 4.000000e-01
      vertex   5.421487e+00 2.050176e+01 4.000000e-01
    endloop
  endfacet
  facet normal 1.342333e-01 9.909498e-01 0.000000e+00
    outer loop
      vertex   5.421487e+00 2.050176e+01 3.000000e+00
      vertex   5.421487e+00 2.050176e+01 4.000000e-01
      vertex   5.110588e+00 2.054388e+01 3.000000e+00
    endloop
  endfacet
  facet normal 1.342333e-01 9.909498e-01 0.000000e+00
    outer loop
      vertex   5.110588e+00 2.054388e+01 3.000000e+00
      vertex   5.421487e+00 2.050176e+01 4.000000e-01
      vertex   5.110588e+00 2.054388e+01 4.000000e-01
    endloop
  endfacet
  facet normal 3.090170e-01 9.510565e-01 0.000000e+00
    outer loop
      vertex   5.110588e+00 2.054388e+01 3.000000e+00
      vertex   5.110588e+00 2.054388e+01 4.000000e-01
      vertex   4.812206e+00 2.064083e+01 3.000000e+00
    endloop
  endfacet
  facet normal 3.090170e-01 9.510565e-01 0.000000e+00
    outer loop
      vertex   4.812206e+00 2.064083e+01 3.000000e+00
      vertex   5.110588e+00 2.054388e+01 4.000000e-01
      vertex   4.812206e+00 2.064083e+01 4.000000e-01
    endloop
  endfacet
  facet normal 4.738687e-01 8.805955e-01 0.000000e+00
    outer loop
      vertex   4.812206e+00 2.064083e+01 3.000000e+00
      vertex   4.812206e+00 2.064083e+01 4.000000e-01
      vertex   4.535930e+00 2.078950e+01 3.000000e+00
    endloop
  endfacet
  facet normal 4.738687e-01 8.805955e-01 0.000000e+00
    outer loop
      vertex   4.535930e+00 2.078950e+01 3.000000e+00
      vertex   4.812206e+00 2.064083e+01 4.000000e-01
      vertex   4.535930e+00 2.078950e+01 4.000000e-01
    endloop
  endfacet
  facet normal 6.234898e-01 7.818315e-01 0.000000e+00
    outer loop
      vertex   4.535930e+00 2.078950e+01 3.000000e+00
      vertex   4.535930e+00 2.078950e+01 4.000000e-01
      vertex   4.290640e+00 2.098511e+01 3.000000e+00
    endloop
  endfacet
  facet normal 6.234898e-01 7.818315e-01 0.000000e+00
    outer loop
      vertex   4.290640e+00 2.098511e+01 3.000000e+00
      vertex   4.535930e+00 2.078950e+01 4.000000e-01
      vertex   4.290640e+00 2.098511e+01 4.000000e-01
    endloop
  endfacet
  facet normal 7.530715e-01 6.579387e-01 0.000000e+00
    outer loop
      vertex   4.290640e+00 2.098511e+01 3.000000e+00
      vertex   4.290640e+00 2.098511e+01 4.000000e-01
      vertex   4.084220e+00 2.122138e+01 3.000000e+00
    endloop
  endfacet
  facet normal 7.530715e-01 6.579387e-01 0.000000e+00
    outer loop
      vertex   4.084220e+00 2.122138e+01 3.000000e+00
      vertex   4.290640e+00 2.098511e+01 4.000000e-01
      vertex   4.084220e+00 2.122138e+01 4.000000e-01
    endloop
  endfacet
  facet normal 8.584488e-01 5.128993e-01 0.000000e+00
    outer loop
      vertex   4.084220e+00 2.122138e+01 3.000000e+00
      vertex   4.084220e+00 2.122138e+01 4.000000e-01
      vertex   3.923304e+00 2.149070e+01 3.000000e+00
    endloop
  endfacet
  facet normal 8.584488e-01 5.128993e-01 0.000000e+00
    outer loop
      vertex   3.923304e+00 2.149070e+01 3.000000e+00
      vertex   4.084220e+00 2.122138e+01 4.000000e-01
      vertex   3.923304e+00 2.149070e+01 4.000000e-01
    endloop
  endfacet
  facet normal 9.362349e-01 3.513748e-01 0.000000e+00
    outer loop
      vertex   3.923304e+00 2.149070e+01 3.000000e+00
      vertex   3.923304e+00 2.149070e+01 4.000000e-01
      vertex   3.813065e+00 2.178444e+01 3.000000e+00
    endloop
  endfacet
  facet normal 9.362349e-01 3.513748e-01 0.000000e+00
    outer loop
      vertex   3.813065e+00 2.178444e+01 3.000000e+00
      vertex   3.923304e+00 2.149070e+01 4.000000e-01
      vertex   3.813065e+00 2.178444e+01 4.000000e-01
    endloop
  endfacet
  facet normal 9.839296e-01 1.785569e-01 0.000000e+00
    outer loop
      vertex   3.813065e+00 2.178444e+01 3.000000e+00
      vertex   3.813065e+00 2.178444e+01 4.000000e-01
      vertex   3.757045e+00 2.209313e+01 3.000000e+00
    endloop
  endfacet
  facet normal 9.839296e-01 1.785569e-01 0.000000e+00
    outer loop
      vertex   3.757045e+00 2.209313e+01 3.000000e+00
      vertex   3.813065e+00 2.178444e+01 4.000000e-01
      vertex   3.757045e+00 2.209313e+01 4.000000e-01
    endloop
  endfacet
  facet normal 1.000000e+00 -0.000000e+00 0.000000e+00
    outer loop
      vertex   3.757045e+00 2.209313e+01 3.000000e+00
      vertex   3.757045e+00 2.209313e+01 4.000000e-01
      vertex   3.757045e+00 2.240687e+01 3.000000e+00
    endloop
  endfacet
  facet normal 1.000000e+00 0.000000e+00 0.000000e+00
    outer loop
      vertex   3.757045e+00 2.240687e+01 3.000000e+00
      vertex   3.757045e+00 2.209313e+01 4.000000e-01
      vertex   3.757045e+00 2.240687e+01 4.000000e-01
    endloop
  endfacet
  facet normal 9.839296e-01 -1.785569e-01 0.000000e+00
    outer loop
      vertex   3.757045e+00 2.240687e+01 3.000000e+00
      vertex   3.757045e+00 2.240687e+01 4.000000e-01
      vertex   3.813065e+00 2.271556e+01 3.000000e+00
    endloop
  endfacet
  facet normal 9.839296e-01 -1.785569e-01 0.000000e+00
    outer loop
      vertex   3.813065e+00 2.271556e+01 3.000000e+00
      vertex   3.757045e+00 2.240687e+01 4.000000e-01
      vertex   3.813065e+00 2.271556e+01 4.000000e-01
    endloop
  endfacet
  facet normal 9.362349e-01 -3.513748e-01 0.000000e+00
    outer loop
      vertex   3.813065e+00 2.271556e+01 3.000000e+00
      vertex   3.813065e+00 2.271556e+01 4.000000e-01
      vertex   3.923304e+00 2.300930e+01 3.000000e+00
    endloop
  endfacet
  facet normal 9.362349e-01 -3.513748e-01 0.000000e+00
    outer loop
      vertex   3.923304e+00 2.300930e+01 3.000000e+00
      vertex   3.813065e+00 2.271556e+01 4.000000e-01
      vertex   3.923304e+00 2.300930e+01 4.000000e-01
    endloop
  endfacet
  facet normal 8.584488e-01 -5.128993e-01 0.000000e+00
    outer loop
      vertex   3.923304e+00 2.300930e+01 3.000000e+00
      vertex   3.923304e+00 2.300930e+01 4.000000e-01
      vertex   4.084220e+00 2.327862e+01 3.000000e+00
    endloop
  endfacet
  facet normal 8.584488e-01 -5.128993e-01 0.000000e+00
    outer loop
      vertex   4.084220e+00 2.327862e+01 3.000000e+00
      vertex   3.923304e+00 2.300930e+01 4.000000e-01
      vertex   4.084220e+00 2.327862e+01 4.000000e-01
    endloop
  endfacet
  facet normal 7.530715e-01 -6.579387e-01 0.000000e+00
    outer loop
      vertex   4.084220e+00 2.327862e+01 3.000000e+00
      vertex   4.084220e+00 2.327862e+01 4.000000e-01
      vertex   4.290640e+00 2.351489e+01 3.000000e+00
    endloop
  endfacet
  facet normal 7.530715e-01 -6.579387e-01 0.000000e+00
    outer loop
      vertex   4.290640e+00 2.351489e+01 3.000000e+00
      vertex   4.084220e+00 2.327862e+01 4.000000e-01
      vertex   4.290640e+00 2.351489e+01 4.000000e-01
    endloop
  endfacet
  facet normal 6.234898e-01 -7.818315e-01 0.000000e+00
    outer loop
      vertex   4.290640e+00 2.351489e+01 3.000000e+00
      vertex   4.290640e+00 2.351489e+01 4.000000e-01
      vertex   4.535930e+00 2.371050e+01 3.000000e+00
    endloop
  endfacet
  facet normal 6.234898e-01 -7.818315e-01 0.000000e+00
    outer loop
      vertex   4.535930e+00 2.371050e+01 3.000000e+00
      vertex   4.290640e+00 2.351489e+01 4.000000e-01
      vertex   4.535930e+00 2.371050e+01 4.000000e-01
    endloop
  endfacet
  facet normal 4.738687e-01 -8.805955e-01 0.000000e+00
    outer loop
      vertex   4.535930e+00 2.371050e+01 3.000000e+00
      vertex   4.535930e+00 2.371050e+01 4.000000e-01
      vertex   4.812206e+00 2.385917e+01 3.000000e+00
    endloop
  endfacet
  facet normal 4.738687e-01 -8.805955e-01 0.000000e+00
    outer loop
      vertex   4.812206e+00 2.385917e+01 3.000000e+00
      vertex   4.535930e+00 2.371050e+01 4.000000e-01
      vertex   4.812206e+00 2.385917e+01 4.000000e-01
    endloop
  endfacet
  facet normal 3.090170e-01 -9.510565e-01 0.000000e+00
    outer loop
      vertex   4.812206e+00 2.385917e+01 3.000000e+00
      vertex   4.812206e+00 2.385917e+01 4.000000e-01
      vertex   5.110588e+00 2.395612e+01 3.000000e+00
    endloop
  endfacet
  facet normal 3.090170e-01 -9.510565e-01 0.000000e+00
    outer loop
      vertex   5.110588e+00 2.395612e+01 3.000000e+00
      vertex   4.812206e+00 2.385917e+01 4.000000e-01
      vertex   5.110588e+00 2.395612e+01 4.000000e-01
    endloop
  endfacet
  facet normal 1.342333e-01 -9.909498e-01 0.000000e+00
    outer loop
      vertex   5.110588e+00 2.395612e+01 3.000000e+00
      vertex   5.110588e+00 2.395612e+01 4.000000e-01
      vertex   5.421487e+00 2.399824e+01 3.000000e+00
    endloop
  endfacet
  facet normal 1.342333e-01 -9.909498e-01 0.000000e+00
    outer loop
      vertex   5.421487e+00 2.399824e+01 3.000000e+00
      vertex   5.110588e+00 2.395612e+01 4.000000e-01
      vertex   5.421487e+00 2.399824e+01 4.000000e-01
    endloop
  endfacet
  facet normal -4.486483e-02 -9.989931e-01 -0.000000e+00
    outer loop
      vertex   5.421487e+00 2.399824e+01 3.000000e+00
      vertex   5.421487e+00 2.399824e+01 4.000000e-01
      vertex   5.734908e+00 2.398416e+01 3.000000e+00
    endloop
  endfacet
  facet normal -4.486483e-02 -9.989931e-01 -0.000000e+00
    outer loop
      vertex   5.734908e+00 2.398416e+01 3.000000e+00
      vertex   5.421487e+00 2.399824e+01 4.000000e-01
      vertex   5.734908e+00 2.398416e+01 4.000000e-01
    endloop
  endfacet
  facet normal -2.225209e-01 -9.749279e-01 -0.000000e+00
    outer loop
      vertex   5.734908e+00 2.398416e+01 3.000000e+00
      vertex   5.734908e+00 2.398416e+01 4.000000e-01
      vertex   6.040780e+00 2.391435e+01 3.000000e+00
    endloop
  endfacet
  facet normal -2.225209e-01 -9.749279e-01 -0.000000e+00
    outer loop
      vertex   6.040780e+00 2.391435e+01 3.000000e+00
      vertex   5.734908e+00 2.398416e+01 4.000000e-01
      vertex   6.040780e+00 2.391435e+01 4.000000e-01
    endloop
  endfacet
  facet normal -3.930250e-01 -9.195278e-01 -0.000000e+00
    outer loop
      vertex   6.040780e+00 2.391435e+01 3.000000e+00
      vertex   6.040780e+00 2.391435e+01 4.000000e-01
      vertex   6.329270e+00 2.379104e+01 3.000000e+00
    endloop
  endfacet
  facet normal -3.930250e-01 -9.195278e-01 -0.000000e+00
    outer loop
      vertex   6.329270e+00 2.379104e+01 3.000000e+00
      vertex   6.040780e+00 2.391435e+01 4.000000e-01
      vertex   6.329270e+00 2.379104e+01 4.000000e-01
    endloop
  endfacet
  facet normal -5.508970e-01 -8.345733e-01 -0.000000e+00
    outer loop
      vertex   6.329270e+00 2.379104e+01 3.000000e+00
      vertex   6.329270e+00 2.379104e+01 4.000000e-01
      vertex   6.591107e+00 2.361821e+01 3.000000e+00
    endloop
  endfacet
  facet normal -5.508970e-01 -8.345733e-01 -0.000000e+00
    outer loop
      vertex   6.591107e+00 2.361821e+01 3.000000e+00
      vertex   6.329270e+00 2.379104e+01 4.000000e-01
      vertex   6.591107e+00 2.361821e+01 4.000000e-01
    endloop
  endfacet
  facet normal -6.910626e-01 -7.227949e-01 -0.000000e+00
    outer loop
      vertex   6.591107e+00 2.361821e+01 3.000000e+00
      vertex   6.591107e+00 2.361821e+01 4.000000e-01
      vertex   6.817875e+00 2.340139e+01 3.000000e+00
    endloop
  endfacet
  facet normal -6.910626e-01 -7.227949e-01 -0.000000e+00
    outer loop
      vertex   6.817875e+00 2.340139e+01 3.000000e+00
      vertex   6.591107e+00 2.361821e+01 4.000000e-01
      vertex   6.817875e+00 2.340139e+01 4.000000e-01
    endloop
  endfacet
  facet normal -8.090170e-01 -5.877853e-01 -0.000000e+00
    outer loop
      vertex   6.817875e+00 2.340139e+01 3.000000e+00
      vertex   6.817875e+00 2.340139e+01 4.000000e-01
      vertex   7.002285e+00 2.314757e+01 3.000000e+00
    endloop
  endfacet
  facet normal -8.090170e-01 -5.877853e-01 -0.000000e+00
    outer loop
      vertex   7.002285e+00 2.314757e+01 3.000000e+00
      vertex   6.817875e+00 2.340139e+01 4.000000e-01
      vertex   7.002285e+00 2.314757e+01 4.000000e-01
    endloop
  endfacet
  facet normal -9.009689e-01 -4.338837e-01 -0.000000e+00
    outer loop
      vertex   7.002285e+00 2.314757e+01 3.000000e+00
      vertex   7.002285e+00 2.314757e+01 4.000000e-01
      vertex   7.138411e+00 2.286491e+01 3.000000e+00
    endloop
  endfacet
  facet normal -9.009689e-01 -4.338837e-01 -0.000000e+00
    outer loop
      vertex   7.138411e+00 2.286491e+01 3.000000e+00
      vertex   7.002285e+00 2.314757e+01 4.000000e-01
      vertex   7.138411e+00 2.286491e+01 4.000000e-01
    endloop
  endfacet
  facet normal -9.639629e-01 -2.660368e-01 -0.000000e+00
    outer loop
      vertex   7.138411e+00 2.286491e+01 3.000000e+00
      vertex   7.138411e+00 2.286491e+01 4.000000e-01
      vertex   7.221877e+00 2.256247e+01 3.000000e+00
    endloop
  endfacet
  facet normal -9.639629e-01 -2.660368e-01 -0.000000e+00
    outer loop
      vertex   7.221877e+00 2.256247e+01 3.000000e+00
      vertex   7.138411e+00 2.286491e+01 4.000000e-01
      vertex   7.221877e+00 2.256247e+01 4.000000e-01
    endloop
  endfacet
  facet normal -7.028750e-01 -6.325989e-02 -7.084948e-01
    outer loop
      vertex   7.221877e+00 3.331247e+01 4.000000e-01
      vertex   7.622158e+00 3.334488e+01 0.000000e+00
      vertex   7.250000e+00 3.300000e+01 4.000000e-01
    endloop
  endfacet
  facet normal -7.059575e-01 -5.699078e-02 -7.059575e-01
    outer loop
      vertex   7.250000e+00 3.300000e+01 4.000000e-01
      vertex   7.622158e+00 3.334488e+01 0.000000e+00
      vertex   7.650000e+00 3.300000e+01 0.000000e+00
    endloop
  endfacet
  facet normal -7.059575e-01 5.699078e-02 -7.059575e-01
    outer loop
      vertex   7.250000e+00 3.300000e+01 4.000000e-01
      vertex   7.650000e+00 3.300000e+01 0.000000e+00
      vertex   7.622158e+00 3.265512e+01 0.000000e+00
    endloop
  endfacet
  facet normal -6.896508e-01 -1.699837e-01 -7.039086e-01
    outer loop
      vertex   7.622158e+00 3.334488e+01 0.000000e+00
      vertex   7.221877e+00 3.331247e+01 4.000000e-01
      vertex   7.539353e+00 3.368084e+01 0.000000e+00
    endloop
  endfacet
  facet normal -6.781968e-01 -1.871704e-01 -7.106450e-01
    outer loop
      vertex   7.539353e+00 3.368084e+01 0.000000e+00
      vertex   7.221877e+00 3.331247e+01 4.000000e-01
      vertex   7.138411e+00 3.361491e+01 4.000000e-01
    endloop
  endfacet
  facet normal -6.548467e-01 -2.790041e-01 -7.023764e-01
    outer loop
      vertex   7.539353e+00 3.368084e+01 0.000000e+00
      vertex   7.138411e+00 3.361491e+01 4.000000e-01
      vertex   7.403730e+00 3.399915e+01 0.000000e+00
    endloop
  endfacet
  facet normal -6.325078e-01 -3.045997e-01 -7.121467e-01
    outer loop
      vertex   7.403730e+00 3.399915e+01 0.000000e+00
      vertex   7.138411e+00 3.361491e+01 4.000000e-01
      vertex   7.002285e+00 3.389757e+01 4.000000e-01
    endloop
  endfacet
  facet normal -6.024480e-01 -3.809650e-01 -7.013715e-01
    outer loop
      vertex   7.403730e+00 3.399915e+01 0.000000e+00
      vertex   7.002285e+00 3.389757e+01 4.000000e-01
      vertex   7.218802e+00 3.429160e+01 0.000000e+00
    endloop
  endfacet
  facet normal -5.672438e-01 -4.121268e-01 -7.130119e-01
    outer loop
      vertex   7.218802e+00 3.429160e+01 0.000000e+00
      vertex   7.002285e+00 3.389757e+01 4.000000e-01
      vertex   6.817875e+00 3.415139e+01 4.000000e-01
    endloop
  endfacet
  facet normal -5.338816e-01 -4.729778e-01 -7.009011e-01
    outer loop
      vertex   7.218802e+00 3.429160e+01 0.000000e+00
      vertex   6.817875e+00 3.415139e+01 4.000000e-01
      vertex   6.989357e+00 3.455059e+01 0.000000e+00
    endloop
  endfacet
  facet normal -4.843744e-01 -5.066159e-01 -7.132473e-01
    outer loop
      vertex   6.989357e+00 3.455059e+01 0.000000e+00
      vertex   6.817875e+00 3.415139e+01 4.000000e-01
      vertex   6.591107e+00 3.436821e+01 4.000000e-01
    endloop
  endfacet
  facet normal -4.510552e-01 -5.524423e-01 -7.009684e-01
    outer loop
      vertex   6.989357e+00 3.455059e+01 0.000000e+00
      vertex   6.591107e+00 3.436821e+01 4.000000e-01
      vertex   6.721339e+00 3.476942e+01 0.000000e+00
    endloop
  endfacet
  facet normal -3.863505e-01 -5.852959e-01 -7.128548e-01
    outer loop
      vertex   6.721339e+00 3.476942e+01 0.000000e+00
      vertex   6.591107e+00 3.436821e+01 4.000000e-01
      vertex   6.329270e+00 3.454104e+01 4.000000e-01
    endloop
  endfacet
  facet normal -3.562989e-01 -6.171277e-01 -7.015729e-01
    outer loop
      vertex   6.721339e+00 3.476942e+01 0.000000e+00
      vertex   6.329270e+00 3.454104e+01 4.000000e-01
      vertex   6.421689e+00 3.494242e+01 0.000000e+00
    endloop
  endfacet
  facet normal -2.760413e-01 -6.458307e-01 -7.118313e-01
    outer loop
      vertex   6.421689e+00 3.494242e+01 0.000000e+00
      vertex   6.329270e+00 3.454104e+01 4.000000e-01
      vertex   6.040780e+00 3.466435e+01 4.000000e-01
    endloop
  endfacet
  facet normal -2.522929e-01 -6.652417e-01 -7.027103e-01
    outer loop
      vertex   6.421689e+00 3.494242e+01 0.000000e+00
      vertex   6.040780e+00 3.466435e+01 4.000000e-01
      vertex   6.098168e+00 3.506511e+01 0.000000e+00
    endloop
  endfacet
  facet normal -1.566617e-01 -6.863799e-01 -7.101688e-01
    outer loop
      vertex   6.098168e+00 3.506511e+01 0.000000e+00
      vertex   6.040780e+00 3.466435e+01 4.000000e-01
      vertex   5.734908e+00 3.473416e+01 4.000000e-01
    endloop
  endfacet
  facet normal -1.419843e-01 -6.954850e-01 -7.043729e-01
    outer loop
      vertex   6.098168e+00 3.506511e+01 0.000000e+00
      vertex   5.734908e+00 3.473416e+01 4.000000e-01
      vertex   5.759154e+00 3.513432e+01 0.000000e+00
    endloop
  endfacet
  facet normal -3.169066e-02 -7.056474e-01 -7.078541e-01
    outer loop
      vertex   5.759154e+00 3.513432e+01 0.000000e+00
      vertex   5.734908e+00 3.473416e+01 4.000000e-01
      vertex   5.421487e+00 3.474824e+01 4.000000e-01
    endloop
  endfacet
  facet normal -2.849476e-02 -7.070903e-01 -7.065489e-01
    outer loop
      vertex   5.759154e+00 3.513432e+01 0.000000e+00
      vertex   5.421487e+00 3.474824e+01 4.000000e-01
      vertex   5.413428e+00 3.514826e+01 0.000000e+00
    endloop
  endfacet
  facet normal 8.543783e-02 -7.036438e-01 -7.053976e-01
    outer loop
      vertex   5.413428e+00 3.514826e+01 0.000000e+00
      vertex   5.421487e+00 3.474824e+01 4.000000e-01
      vertex   5.069945e+00 3.510655e+01 0.000000e+00
    endloop
  endfacet
  facet normal 9.464975e-02 -6.987325e-01 -7.090940e-01
    outer loop
      vertex   5.069945e+00 3.510655e+01 0.000000e+00
      vertex   5.421487e+00 3.474824e+01 4.000000e-01
      vertex   5.110588e+00 3.470612e+01 4.000000e-01
    endloop
  endfacet
  facet normal 1.977343e-01 -6.826579e-01 -7.034766e-01
    outer loop
      vertex   5.069945e+00 3.510655e+01 0.000000e+00
      vertex   5.110588e+00 3.470612e+01 4.000000e-01
      vertex   4.737599e+00 3.501028e+01 0.000000e+00
    endloop
  endfacet
  facet normal 2.172731e-01 -6.686978e-01 -7.110807e-01
    outer loop
      vertex   4.737599e+00 3.501028e+01 0.000000e+00
      vertex   5.110588e+00 3.470612e+01 4.000000e-01
      vertex   4.812206e+00 3.460917e+01 4.000000e-01
    endloop
  endfacet
  facet normal 3.052731e-01 -6.433494e-01 -7.020754e-01
    outer loop
      vertex   4.737599e+00 3.501028e+01 0.000000e+00
      vertex   4.812206e+00 3.460917e+01 4.000000e-01
      vertex   4.425000e+00 3.486195e+01 0.000000e+00
    endloop
  endfacet
  facet normal 3.325378e-01 -6.179588e-01 -7.124223e-01
    outer loop
      vertex   4.425000e+00 3.486195e+01 0.000000e+00
      vertex   4.812206e+00 3.460917e+01 4.000000e-01
      vertex   4.535930e+00 3.446050e+01 4.000000e-01
    endloop
  endfacet
  facet normal 4.050080e-01 -5.867554e-01 -7.012036e-01
    outer loop
      vertex   4.425000e+00 3.486195e+01 0.000000e+00
      vertex   4.535930e+00 3.446050e+01 4.000000e-01
      vertex   4.140242e+00 3.466540e+01 0.000000e+00
    endloop
  endfacet
  facet normal 4.370864e-01 -5.480890e-01 -7.131296e-01
    outer loop
      vertex   4.140242e+00 3.466540e+01 0.000000e+00
      vertex   4.535930e+00 3.446050e+01 4.000000e-01
      vertex   4.290640e+00 3.426489e+01 4.000000e-01
    endloop
  endfacet
  facet normal 4.941144e-01 -5.144276e-01 -7.008675e-01
    outer loop
      vertex   4.140242e+00 3.466540e+01 0.000000e+00
      vertex   4.290640e+00 3.426489e+01 4.000000e-01
      vertex   3.890702e+00 3.442571e+01 0.000000e+00
    endloop
  endfacet
  facet normal 5.278672e-01 -4.611837e-01 -7.132081e-01
    outer loop
      vertex   3.890702e+00 3.442571e+01 0.000000e+00
      vertex   4.290640e+00 3.426489e+01 4.000000e-01
      vertex   4.084220e+00 3.402862e+01 4.000000e-01
    endloop
  endfacet
  facet normal 5.700772e-01 -4.283852e-01 -7.010692e-01
    outer loop
      vertex   3.890702e+00 3.442571e+01 0.000000e+00
      vertex   4.084220e+00 3.402862e+01 4.000000e-01
      vertex   3.682841e+00 3.414910e+01 0.000000e+00
    endloop
  endfacet
  facet normal 6.022115e-01 -3.598046e-01 -7.126583e-01
    outer loop
      vertex   3.682841e+00 3.414910e+01 0.000000e+00
      vertex   4.084220e+00 3.402862e+01 4.000000e-01
      vertex   3.923304e+00 3.375930e+01 4.000000e-01
    endloop
  endfacet
  facet normal 6.307693e-01 -3.310533e-01 -7.018075e-01
    outer loop
      vertex   3.682841e+00 3.414910e+01 0.000000e+00
      vertex   3.923304e+00 3.375930e+01 4.000000e-01
      vertex   3.522044e+00 3.384273e+01 0.000000e+00
    endloop
  endfacet
  facet normal 6.579019e-01 -2.469147e-01 -7.114761e-01
    outer loop
      vertex   3.522044e+00 3.384273e+01 0.000000e+00
      vertex   3.923304e+00 3.375930e+01 4.000000e-01
      vertex   3.813065e+00 3.346556e+01 4.000000e-01
    endloop
  endfacet
  facet normal 6.745172e-01 -2.251869e-01 -7.030771e-01
    outer loop
      vertex   3.522044e+00 3.384273e+01 0.000000e+00
      vertex   3.813065e+00 3.346556e+01 4.000000e-01
      vertex   3.412475e+00 3.351453e+01 0.000000e+00
    endloop
  endfacet
  facet normal 6.932300e-01 -1.258027e-01 -7.096519e-01
    outer loop
      vertex   3.412475e+00 3.351453e+01 0.000000e+00
      vertex   3.813065e+00 3.346556e+01 4.000000e-01
      vertex   3.757045e+00 3.315687e+01 4.000000e-01
    endloop
  endfacet
  facet normal 7.001515e-01 -1.137857e-01 -7.048693e-01
    outer loop
      vertex   3.412475e+00 3.351453e+01 0.000000e+00
      vertex   3.757045e+00 3.315687e+01 4.000000e-01
      vertex   3.356972e+00 3.317300e+01 0.000000e+00
    endloop
  endfacet
  facet normal 7.070421e-01 0.000000e+00 -7.071715e-01
    outer loop
      vertex   3.356972e+00 3.317300e+01 0.000000e+00
      vertex   3.757045e+00 3.315687e+01 4.000000e-01
      vertex   3.757045e+00 3.284313e+01 4.000000e-01
    endloop
  endfacet
  facet normal 7.070421e-01 0.000000e+00 -7.071715e-01
    outer loop
      vertex   3.356972e+00 3.317300e+01 0.000000e+00
      vertex   3.757045e+00 3.284313e+01 4.000000e-01
      vertex   3.356972e+00 3.282700e+01 0.000000e+00
    endloop
  endfacet
  facet normal 7.001515e-01 1.137857e-01 -7.048693e-01
    outer loop
      vertex   3.356972e+00 3.282700e+01 0.000000e+00
      vertex   3.757045e+00 3.284313e+01 4.000000e-01
      vertex   3.412475e+00 3.248547e+01 0.000000e+00
    endloop
  endfacet
  facet normal 6.932300e-01 1.258027e-01 -7.096519e-01
    outer loop
      vertex   3.412475e+00 3.248547e+01 0.000000e+00
      vertex   3.757045e+00 3.284313e+01 4.000000e-01
      vertex   3.813065e+00 3.253444e+01 4.000000e-01
    endloop
  endfacet
  facet normal 6.745172e-01 2.251869e-01 -7.030771e-01
    outer loop
      vertex   3.412475e+00 3.248547e+01 0.000000e+00
      vertex   3.813065e+00 3.253444e+01 4.000000e-01
      vertex   3.522044e+00 3.215727e+01 0.000000e+00
    endloop
  endfacet
  facet normal 6.579019e-01 2.469147e-01 -7.114761e-01
    outer loop
      vertex   3.522044e+00 3.215727e+01 0.000000e+00
      vertex   3.813065e+00 3.253444e+01 4.000000e-01
      vertex   3.923304e+00 3.224070e+01 4.000000e-01
    endloop
  endfacet
  facet normal 6.307693e-01 3.310533e-01 -7.018075e-01
    outer loop
      vertex   3.522044e+00 3.215727e+01 0.000000e+00
      vertex   3.923304e+00 3.224070e+01 4.000000e-01
      vertex   3.682841e+00 3.185090e+01 0.000000e+00
    endloop
  endfacet
  facet normal 6.022115e-01 3.598046e-01 -7.126583e-01
    outer loop
      vertex   3.682841e+00 3.185090e+01 0.000000e+00
      vertex   3.923304e+00 3.224070e+01 4.000000e-01
      vertex   4.084220e+00 3.197138e+01 4.000000e-01
    endloop
  endfacet
  facet normal 5.700772e-01 4.283852e-01 -7.010692e-01
    outer loop
      vertex   3.682841e+00 3.185090e+01 0.000000e+00
      vertex   4.084220e+00 3.197138e+01 4.000000e-01
      vertex   3.890702e+00 3.157429e+01 0.000000e+00
    endloop
  endfacet
  facet normal 5.278672e-01 4.611837e-01 -7.132081e-01
    outer loop
      vertex   3.890702e+00 3.157429e+01 0.000000e+00
      vertex   4.084220e+00 3.197138e+01 4.000000e-01
      vertex   4.290640e+00 3.173511e+01 4.000000e-01
    endloop
  endfacet
  facet normal 4.941144e-01 5.144276e-01 -7.008675e-01
    outer loop
      vertex   3.890702e+00 3.157429e+01 0.000000e+00
      vertex   4.290640e+00 3.173511e+01 4.000000e-01
      vertex   4.140242e+00 3.133460e+01 0.000000e+00
    endloop
  endfacet
  facet normal 4.370864e-01 5.480890e-01 -7.131296e-01
    outer loop
      vertex   4.140242e+00 3.133460e+01 0.000000e+00
      vertex   4.290640e+00 3.173511e+01 4.000000e-01
      vertex   4.535930e+00 3.153950e+01 4.000000e-01
    endloop
  endfacet
  facet normal 4.050080e-01 5.867554e-01 -7.012036e-01
    outer loop
      vertex   4.140242e+00 3.133460e+01 0.000000e+00
      vertex   4.535930e+00 3.153950e+01 4.000000e-01
      vertex   4.425000e+00 3.113805e+01 0.000000e+00
    endloop
  endfacet
  facet normal 3.325378e-01 6.179588e-01 -7.124223e-01
    outer loop
      vertex   4.425000e+00 3.113805e+01 0.000000e+00
      vertex   4.535930e+00 3.153950e+01 4.000000e-01
      vertex   4.812206e+00 3.139083e+01 4.000000e-01
    endloop
  endfacet
  facet normal 3.052731e-01 6.433494e-01 -7.020754e-01
    outer loop
      vertex   4.425000e+00 3.113805e+01 0.000000e+00
      vertex   4.812206e+00 3.139083e+01 4.000000e-01
      vertex   4.737599e+00 3.098972e+01 0.000000e+00
    endloop
  endfacet
  facet normal 2.172731e-01 6.686978e-01 -7.110807e-01
    outer loop
      vertex   4.737599e+00 3.098972e+01 0.000000e+00
      vertex   4.812206e+00 3.139083e+01 4.000000e-01
      vertex   5.110588e+00 3.129388e+01 4.000000e-01
    endloop
  endfacet
  facet normal 1.977343e-01 6.826579e-01 -7.034766e-01
    outer loop
      vertex   4.737599e+00 3.098972e+01 0.000000e+00
      vertex   5.110588e+00 3.129388e+01 4.000000e-01
      vertex   5.069945e+00 3.089345e+01 0.000000e+00
    endloop
  endfacet
  facet normal 9.464975e-02 6.987325e-01 -7.090940e-01
    outer loop
      vertex   5.069945e+00 3.089345e+01 0.000000e+00
      vertex   5.110588e+00 3.129388e+01 4.000000e-01
      vertex   5.421487e+00 3.125176e+01 4.000000e-01
    endloop
  endfacet
  facet normal 8.543783e-02 7.036438e-01 -7.053976e-01
    outer loop
      vertex   5.069945e+00 3.089345e+01 0.000000e+00
      vertex   5.421487e+00 3.125176e+01 4.000000e-01
      vertex   5.413428e+00 3.085174e+01 0.000000e+00
    endloop
  endfacet
  facet normal -2.849476e-02 7.070903e-01 -7.065489e-01
    outer loop
      vertex   5.413428e+00 3.085174e+01 0.000000e+00
      vertex   5.421487e+00 3.125176e+01 4.000000e-01
      vertex   5.759154e+00 3.086568e+01 0.000000e+00
    endloop
  endfacet
  facet normal -3.169066e-02 7.056474e-01 -7.078541e-01
    outer loop
      vertex   5.759154e+00 3.086568e+01 0.000000e+00
      vertex   5.421487e+00 3.125176e+01 4.000000e-01
      vertex   5.734908e+00 3.126584e+01 4.000000e-01
    endloop
  endfacet
  facet normal -1.419843e-01 6.954850e-01 -7.043729e-01
    outer loop
      vertex   5.759154e+00 3.086568e+01 0.000000e+00
      vertex   5.734908e+00 3.126584e+01 4.000000e-01
      vertex   6.098168e+00 3.093489e+01 0.000000e+00
    endloop
  endfacet
  facet normal -1.566617e-01 6.863799e-01 -7.101688e-01
    outer loop
      vertex   6.098168e+00 3.093489e+01 0.000000e+00
      vertex   5.734908e+00 3.126584e+01 4.000000e-01
      vertex   6.040780e+00 3.133565e+01 4.000000e-01
    endloop
  endfacet
  facet normal -2.522929e-01 6.652417e-01 -7.027103e-01
    outer loop
      vertex   6.098168e+00 3.093489e+01 0.000000e+00
      vertex   6.040780e+00 3.133565e+01 4.000000e-01
      vertex   6.421689e+00 3.105758e+01 0.000000e+00
    endloop
  endfacet
  facet normal -2.760413e-01 6.458307e-01 -7.118313e-01
    outer loop
      vertex   6.421689e+00 3.105758e+01 0.000000e+00
      vertex   6.040780e+00 3.133565e+01 4.000000e-01
      vertex   6.329270e+00 3.145896e+01 4.000000e-01
    endloop
  endfacet
  facet normal -3.562989e-01 6.171277e-01 -7.015729e-01
    outer loop
      vertex   6.421689e+00 3.105758e+01 0.000000e+00
      vertex   6.329270e+00 3.145896e+01 4.000000e-01
      vertex   6.721339e+00 3.123058e+01 0.000000e+00
    endloop
  endfacet
  facet normal -3.863505e-01 5.852959e-01 -7.128548e-01
    outer loop
      vertex   6.721339e+00 3.123058e+01 0.000000e+00
      vertex   6.329270e+00 3.145896e+01 4.000000e-01
      vertex   6.591107e+00 3.163179e+01 4.000000e-01
    endloop
  endfacet
  facet normal -4.510552e-01 5.524423e-01 -7.009684e-01
    outer loop
      vertex   6.721339e+00 3.123058e+01 0.000000e+00
      vertex   6.591107e+00 3.163179e+01 4.000000e-01
      vertex   6.989357e+00 3.144941e+01 0.000000e+00
    endloop
  endfacet
  facet normal -4.843744e-01 5.066159e-01 -7.132473e-01
    outer loop
      vertex   6.989357e+00 3.144941e+01 0.000000e+00
      vertex   6.591107e+00 3.163179e+01 4.000000e-01
      vertex   6.817875e+00 3.184861e+01 4.000000e-01
    endloop
  endfacet
  facet normal -5.338816e-01 4.729778e-01 -7.009011e-01
    outer loop
      vertex   6.989357e+00 3.144941e+01 0.000000e+00
      vertex   6.817875e+00 3.184861e+01 4.000000e-01
      vertex   7.218802e+00 3.170840e+01 0.000000e+00
    endloop
  endfacet
  facet normal -5.672438e-01 4.121268e-01 -7.130119e-01
    outer loop
      vertex   7.218802e+00 3.170840e+01 0.000000e+00
      vertex   6.817875e+00 3.184861e+01 4.000000e-01
      vertex   7.002285e+00 3.210243e+01 4.000000e-01
    endloop
  endfacet
  facet normal -6.024480e-01 3.809650e-01 -7.013715e-01
    outer loop
      vertex   7.218802e+00 3.170840e+01 0.000000e+00
      vertex   7.002285e+00 3.210243e+01 4.000000e-01
      vertex   7.403730e+00 3.200085e+01 0.000000e+00
    endloop
  endfacet
  facet normal -6.325078e-01 3.045997e-01 -7.121467e-01
    outer loop
      vertex   7.403730e+00 3.200085e+01 0.000000e+00
      vertex   7.002285e+00 3.210243e+01 4.000000e-01
      vertex   7.138411e+00 3.238509e+01 4.000000e-01
    endloop
  endfacet
  facet normal -6.548467e-01 2.790041e-01 -7.023764e-01
    outer loop
      vertex   7.403730e+00 3.200085e+01 0.000000e+00
      vertex   7.138411e+00 3.238509e+01 4.000000e-01
      vertex   7.539353e+00 3.231916e+01 0.000000e+00
    endloop
  endfacet
  facet normal -6.781968e-01 1.871704e-01 -7.106450e-01
    outer loop
      vertex   7.539353e+00 3.231916e+01 0.000000e+00
      vertex   7.138411e+00 3.238509e+01 4.000000e-01
      vertex   7.221877e+00 3.268753e+01 4.000000e-01
    endloop
  endfacet
  facet normal -6.896508e-01 1.699837e-01 -7.039086e-01
    outer loop
      vertex   7.539353e+00 3.231916e+01 0.000000e+00
      vertex   7.221877e+00 3.268753e+01 4.000000e-01
      vertex   7.622158e+00 3.265512e+01 0.000000e+00
    endloop
  endfacet
  facet normal -7.028750e-01 6.325989e-02 -7.084948e-01
    outer loop
      vertex   7.622158e+00 3.265512e+01 0.000000e+00
      vertex   7.221877e+00 3.268753e+01 4.000000e-01
      vertex   7.250000e+00 3.300000e+01 4.000000e-01
    endloop
  endfacet
  facet normal -9.959743e-01 -8.963931e-02 -0.000000e+00
    outer loop
      vertex   7.221877e+00 3.331247e+01 3.000000e+00
      vertex   7.221877e+00 3.331247e+01 4.000000e-01
      vertex   7.250000e+00 3.300000e+01 3.000000e+00
    endloop
  endfacet
  facet normal -9.959743e-01 -8.963931e-02 -0.000000e+00
    outer loop
      vertex   7.250000e+00 3.300000e+01 3.000000e+00
      vertex   7.221877e+00 3.331247e+01 4.000000e-01
      vertex   7.250000e+00 3.300000e+01 4.000000e-01
    endloop
  endfacet
  facet normal -9.959743e-01 8.963931e-02 0.000000e+00
    outer loop
      vertex   7.250000e+00 3.300000e+01 3.000000e+00
      vertex   7.250000e+00 3.300000e+01 4.000000e-01
      vertex   7.221877e+00 3.268753e+01 3.000000e+00
    endloop
  endfacet
  facet normal -9.959743e-01 8.963931e-02 0.000000e+00
    outer loop
      vertex   7.221877e+00 3.268753e+01 3.000000e+00
      vertex   7.250000e+00 3.300000e+01 4.000000e-01
      vertex   7.221877e+00 3.268753e+01 4.000000e-01
    endloop
  endfacet
  facet normal -9.639629e-01 2.660368e-01 0.000000e+00
    outer loop
      vertex   7.221877e+00 3.268753e+01 3.000000e+00
      vertex   7.221877e+00 3.268753e+01 4.000000e-01
      vertex   7.138411e+00 3.238509e+01 3.000000e+00
    endloop
  endfacet
  facet normal -9.639629e-01 2.660368e-01 0.000000e+00
    outer loop
      vertex   7.138411e+00 3.238509e+01 3.000000e+00
      vertex   7.221877e+00 3.268753e+01 4.000000e-01
      vertex   7.138411e+00 3.238509e+01 4.000000e-01
    endloop
  endfacet
  facet normal -9.009689e-01 4.338837e-01 0.000000e+00
    outer loop
      vertex   7.138411e+00 3.238509e+01 3.000000e+00
      vertex   7.138411e+00 3.238509e+01 4.000000e-01
      vertex   7.002285e+00 3.210243e+01 3.000000e+00
    endloop
  endfacet
  facet normal -9.009689e-01 4.338837e-01 0.000000e+00
    outer loop
      vertex   7.002285e+00 3.210243e+01 3.000000e+00
      vertex   7.138411e+00 3.238509e+01 4.000000e-01
      vertex   7.002285e+00 3.210243e+01 4.000000e-01
    endloop
  endfacet
  facet normal -8.090170e-01 5.877853e-01 0.000000e+00
    outer loop
      vertex   7.002285e+00 3.210243e+01 3.000000e+00
      vertex   7.002285e+00 3.210243e+01 4.000000e-01
      vertex   6.817875e+00 3.184861e+01 3.000000e+00
    endloop
  endfacet
  facet normal -8.090170e-01 5.877853e-01 0.000000e+00
    outer loop
      vertex   6.817875e+00 3.184861e+01 3.000000e+00
      vertex   7.002285e+00 3.210243e+01 4.000000e-01
      vertex   6.817875e+00 3.184861e+01 4.000000e-01
    endloop
  endfacet
  facet normal -6.910626e-01 7.227949e-01 0.000000e+00
    outer loop
      vertex   6.817875e+00 3.184861e+01 3.000000e+00
      vertex   6.817875e+00 3.184861e+01 4.000000e-01
      vertex   6.591107e+00 3.163179e+01 3.000000e+00
    endloop
  endfacet
  facet normal -6.910626e-01 7.227949e-01 0.000000e+00
    outer loop
      vertex   6.591107e+00 3.163179e+01 3.000000e+00
      vertex   6.817875e+00 3.184861e+01 4.000000e-01
      vertex   6.591107e+00 3.163179e+01 4.000000e-01
    endloop
  endfacet
  facet normal -5.508970e-01 8.345733e-01 0.000000e+00
    outer loop
      vertex   6.591107e+00 3.163179e+01 3.000000e+00
      vertex   6.591107e+00 3.163179e+01 4.000000e-01
      vertex   6.329270e+00 3.145896e+01 3.000000e+00
    endloop
  endfacet
  facet normal -5.508970e-01 8.345733e-01 0.000000e+00
    outer loop
      vertex   6.329270e+00 3.145896e+01 3.000000e+00
      vertex   6.591107e+00 3.163179e+01 4.000000e-01
      vertex   6.329270e+00 3.145896e+01 4.000000e-01
    endloop
  endfacet
  facet normal -3.930250e-01 9.195278e-01 0.000000e+00
    outer loop
      vertex   6.329270e+00 3.145896e+01 3.000000e+00
      vertex   6.329270e+00 3.145896e+01 4.000000e-01
      vertex   6.040780e+00 3.133565e+01 3.000000e+00
    endloop
  endfacet
  facet normal -3.930250e-01 9.195278e-01 0.000000e+00
    outer loop
      vertex   6.040780e+00 3.133565e+01 3.000000e+00
      vertex   6.329270e+00 3.145896e+01 4.000000e-01
      vertex   6.040780e+00 3.133565e+01 4.000000e-01
    endloop
  endfacet
  facet normal -2.225209e-01 9.749279e-01 0.000000e+00
    outer loop
      vertex   6.040780e+00 3.133565e+01 3.000000e+00
      vertex   6.040780e+00 3.133565e+01 4.000000e-01
      vertex   5.734908e+00 3.126584e+01 3.000000e+00
    endloop
  endfacet
  facet normal -2.225209e-01 9.749279e-01 0.000000e+00
    outer loop
      vertex   5.734908e+00 3.126584e+01 3.000000e+00
      vertex   6.040780e+00 3.133565e+01 4.000000e-01
      vertex   5.734908e+00 3.126584e+01 4.000000e-01
    endloop
  endfacet
  facet normal -4.486483e-02 9.989931e-01 0.000000e+00
    outer loop
      vertex   5.734908e+00 3.126584e+01 3.000000e+00
      vertex   5.734908e+00 3.126584e+01 4.000000e-01
      vertex   5.421487e+00 3.125176e+01 3.000000e+00
    endloop
  endfacet
  facet normal -4.486483e-02 9.989931e-01 0.000000e+00
    outer loop
      vertex   5.421487e+00 3.125176e+01 3.000000e+00
      vertex   5.734908e+00 3.126584e+01 4.000000e-01
      vertex   5.421487e+00 3.125176e+01 4.000000e-01
    endloop
  endfacet
  facet normal 1.342333e-01 9.909498e-01 0.000000e+00
    outer loop
      vertex   5.421487e+00 3.125176e+01 3.000000e+00
      vertex   5.421487e+00 3.125176e+01 4.000000e-01
      vertex   5.110588e+00 3.129388e+01 3.000000e+00
    endloop
  endfacet
  facet normal 1.342333e-01 9.909498e-01 0.000000e+00
    outer loop
      vertex   5.110588e+00 3.129388e+01 3.000000e+00
      vertex   5.421487e+00 3.125176e+01 4.000000e-01
      vertex   5.110588e+00 3.129388e+01 4.000000e-01
    endloop
  endfacet
  facet normal 3.090170e-01 9.510565e-01 0.000000e+00
    outer loop
      vertex   5.110588e+00 3.129388e+01 3.000000e+00
      vertex   5.110588e+00 3.129388e+01 4.000000e-01
      vertex   4.812206e+00 3.139083e+01 3.000000e+00
    endloop
  endfacet
  facet normal 3.090170e-01 9.510565e-01 0.000000e+00
    outer loop
      vertex   4.812206e+00 3.139083e+01 3.000000e+00
      vertex   5.110588e+00 3.129388e+01 4.000000e-01
      vertex   4.812206e+00 3.139083e+01 4.000000e-01
    endloop
  endfacet
  facet normal 4.738687e-01 8.805955e-01 0.000000e+00
    outer loop
      vertex   4.812206e+00 3.139083e+01 3.000000e+00
      vertex   4.812206e+00 3.139083e+01 4.000000e-01
      vertex   4.535930e+00 3.153950e+01 3.000000e+00
    endloop
  endfacet
  facet normal 4.738687e-01 8.805955e-01 0.000000e+00
    outer loop
      vertex   4.535930e+00 3.153950e+01 3.000000e+00
      vertex   4.812206e+00 3.139083e+01 4.000000e-01
      vertex   4.535930e+00 3.153950e+01 4.000000e-01
    endloop
  endfacet
  facet normal 6.234898e-01 7.818315e-01 0.000000e+00
    outer loop
      vertex   4.535930e+00 3.153950e+01 3.000000e+00
      vertex   4.535930e+00 3.153950e+01 4.000000e-01
      vertex   4.290640e+00 3.173511e+01 3.000000e+00
    endloop
  endfacet
  facet normal 6.234898e-01 7.818315e-01 0.000000e+00
    outer loop
      vertex   4.290640e+00 3.173511e+01 3.000000e+00
      vertex   4.535930e+00 3.153950e+01 4.000000e-01
      vertex   4.290640e+00 3.173511e+01 4.000000e-01
    endloop
  endfacet
  facet normal 7.530715e-01 6.579387e-01 0.000000e+00
    outer loop
      vertex   4.290640e+00 3.173511e+01 3.000000e+00
      vertex   4.290640e+00 3.173511e+01 4.000000e-01
      vertex   4.084220e+00 3.197138e+01 3.000000e+00
    endloop
  endfacet
  facet normal 7.530715e-01 6.579387e-01 0.000000e+00
    outer loop
      vertex   4.084220e+00 3.197138e+01 3.000000e+00
      vertex   4.290640e+00 3.173511e+01 4.000000e-01
      vertex   4.084220e+00 3.197138e+01 4.000000e-01
    endloop
  endfacet
  facet normal 8.584488e-01 5.128993e-01 0.000000e+00
    outer loop
      vertex   4.084220e+00 3.197138e+01 3.000000e+00
      vertex   4.084220e+00 3.197138e+01 4.000000e-01
      vertex   3.923304e+00 3.224070e+01 3.000000e+00
    endloop
  endfacet
  facet normal 8.584488e-01 5.128993e-01 0.000000e+00
    outer loop
      vertex   3.923304e+00 3.224070e+01 3.000000e+00
      vertex   4.084220e+00 3.197138e+01 4.000000e-01
      vertex   3.923304e+00 3.224070e+01 4.000000e-01
    endloop
  endfacet
  facet normal 9.362349e-01 3.513748e-01 0.000000e+00
    outer loop
      vertex   3.923304e+00 3.224070e+01 3.000000e+00
      vertex   3.923304e+00 3.224070e+01 4.000000e-01
      vertex   3.813065e+00 3.253444e+01 3.000000e+00
    endloop
  endfacet
  facet normal 9.362349e-01 3.513748e-01 0.000000e+00
    outer loop
      vertex   3.813065e+00 3.253444e+01 3.000000e+00
      vertex   3.923304e+00 3.224070e+01 4.000000e-01
      vertex   3.813065e+00 3.253444e+01 4.000000e-01
    endloop
  endfacet
  facet normal 9.839296e-01 1.785569e-01 0.000000e+00
    outer loop
      vertex   3.813065e+00 3.253444e+01 3.000000e+00
      vertex   3.813065e+00 3.253444e+01 4.000000e-01
      vertex   3.757045e+00 3.284313e+01 3.000000e+00
    endloop
  endfacet
  facet normal 9.839296e-01 1.785569e-01 0.000000e+00
    outer loop
      vertex   3.757045e+00 3.284313e+01 3.000000e+00
      vertex   3.813065e+00 3.253444e+01 4.000000e-01
      vertex   3.757045e+00 3.284313e+01 4.000000e-01
    endloop
  endfacet
  facet normal 1.000000e+00 -0.000000e+00 0.000000e+00
    outer loop
      vertex   3.757045e+00 3.284313e+01 3.000000e+00
      vertex   3.757045e+00 3.284313e+01 4.000000e-01
      vertex   3.757045e+00 3.315687e+01 3.000000e+00
    endloop
  endfacet
  facet normal 1.000000e+00 0.000000e+00 0.000000e+00
    outer loop
      vertex   3.757045e+00 3.315687e+01 3.000000e+00
      vertex   3.757045e+00 3.284313e+01 4.000000e-01
      vertex   3.757045e+00 3.315687e+01 4.000000e-01
    endloop
  endfacet
  facet normal 9.839296e-01 -1.785569e-01 0.000000e+00
    outer loop
      vertex   3.757045e+00 3.315687e+01 3.000000e+00
      vertex   3.757045e+00 3.315687e+01 4.000000e-01
      vertex   3.813065e+00 3.346556e+01 3.000000e+00
    endloop
  endfacet
  facet normal 9.839296e-01 -1.785569e-01 0.000000e+00
    outer loop
      vertex   3.813065e+00 3.346556e+01 3.000000e+00
      vertex   3.757045e+00 3.315687e+01 4.000000e-01
      vertex   3.813065e+00 3.346556e+01 4.000000e-01
    endloop
  endfacet
  facet normal 9.362349e-01 -3.513748e-01 0.000000e+00
    outer loop
      vertex   3.813065e+00 3.346556e+01 3.000000e+00
      vertex   3.813065e+00 3.346556e+01 4.000000e-01
      vertex   3.923304e+00 3.375930e+01 3.000000e+00
    endloop
  endfacet
  facet normal 9.362349e-01 -3.513748e-01 0.000000e+00
    outer loop
      vertex   3.923304e+00 3.375930e+01 3.000000e+00
      vertex   3.813065e+00 3.346556e+01 4.000000e-01
      vertex   3.923304e+00 3.375930e+01 4.000000e-01
    endloop
  endfacet
  facet normal 8.584488e-01 -5.128993e-01 0.000000e+00
    outer loop
      vertex   3.923304e+00 3.375930e+01 3.000000e+00
      vertex   3.923304e+00 3.375930e+01 4.000000e-01
      vertex   4.084220e+00 3.402862e+01 3.000000e+00
    endloop
  endfacet
  facet normal 8.584488e-01 -5.128993e-01 0.000000e+00
    outer loop
      vertex   4.084220e+00 3.402862e+01 3.000000e+00
      vertex   3.923304e+00 3.375930e+01 4.000000e-01
      vertex   4.084220e+00 3.402862e+01 4.000000e-01
    endloop
  endfacet
  facet normal 7.530715e-01 -6.579387e-01 0.000000e+00
    outer loop
      vertex   4.084220e+00 3.402862e+01 3.000000e+00
      vertex   4.084220e+00 3.402862e+01 4.000000e-01
      vertex   4.290640e+00 3.426489e+01 3.000000e+00
    endloop
  endfacet
  facet normal 7.530715e-01 -6.579387e-01 0.000000e+00
    outer loop
      vertex   4.290640e+00 3.426489e+01 3.000000e+00
      vertex   4.084220e+00 3.402862e+01 4.000000e-01
      vertex   4.290640e+00 3.426489e+01 4.000000e-01
    endloop
  endfacet
  facet normal 6.234898e-01 -7.818315e-01 0.000000e+00
    outer loop
      vertex   4.290640e+00 3.426489e+01 3.000000e+00
      vertex   4.290640e+00 3.426489e+01 4.000000e-01
      vertex   4.535930e+00 3.446050e+01 3.000000e+00
    endloop
  endfacet
  facet normal 6.234898e-01 -7.818315e-01 0.000000e+00
    outer loop
      vertex   4.535930e+00 3.446050e+01 3.000000e+00
      vertex   4.290640e+00 3.426489e+01 4.000000e-01
      vertex   4.535930e+00 3.446050e+01 4.000000e-01
    endloop
  endfacet
  facet normal 4.738687e-01 -8.805955e-01 0.000000e+00
    outer loop
      vertex   4.535930e+00 3.446050e+01 3.000000e+00
      vertex   4.535930e+00 3.446050e+01 4.000000e-01
      vertex   4.812206e+00 3.460917e+01 3.000000e+00
    endloop
  endfacet
  facet normal 4.738687e-01 -8.805955e-01 0.000000e+00
    outer loop
      vertex   4.812206e+00 3.460917e+01 3.000000e+00
      vertex   4.535930e+00 3.446050e+01 4.000000e-01
      vertex   4.812206e+00 3.460917e+01 4.000000e-01
    endloop
  endfacet
  facet normal 3.090170e-01 -9.510565e-01 0.000000e+00
    outer loop
      vertex   4.812206e+00 3.460917e+01 3.000000e+00
      vertex   4.812206e+00 3.460917e+01 4.000000e-01
      vertex   5.110588e+00 3.470612e+01 3.000000e+00
    endloop
  endfacet
  facet normal 3.090170e-01 -9.510565e-01 0.000000e+00
    outer loop
      vertex   5.110588e+00 3.470612e+01 3.000000e+00
      vertex   4.812206e+00 3.460917e+01 4.000000e-01
      vertex   5.110588e+00 3.470612e+01 4.000000e-01
    endloop
  endfacet
  facet normal 1.342333e-01 -9.909498e-01 0.000000e+00
    outer loop
      vertex   5.110588e+00 3.470612e+01 3.000000e+00
      vertex   5.110588e+00 3.470612e+01 4.000000e-01
      vertex   5.421487e+00 3.474824e+01 3.000000e+00
    endloop
  endfacet
  facet normal 1.342333e-01 -9.909498e-01 0.000000e+00
    outer loop
      vertex   5.421487e+00 3.474824e+01 3.000000e+00
      vertex   5.110588e+00 3.470612e+01 4.000000e-01
      vertex   5.421487e+00 3.474824e+01 4.000000e-01
    endloop
  endfacet
  facet normal -4.486483e-02 -9.989931e-01 -0.000000e+00
    outer loop
      vertex   5.421487e+00 3.474824e+01 3.000000e+00
      vertex   5.421487e+00 3.474824e+01 4.000000e-01
      vertex   5.734908e+00 3.473416e+01 3.000000e+00
    endloop
  endfacet
  facet normal -4.486483e-02 -9.989931e-01 -0.000000e+00
    outer loop
      vertex   5.734908e+00 3.473416e+01 3.000000e+00
      vertex   5.421487e+00 3.474824e+01 4.000000e-01
      vertex   5.734908e+00 3.473416e+01 4.000000e-01
    endloop
  endfacet
  facet normal -2.225209e-01 -9.749279e-01 -0.000000e+00
    outer loop
      vertex   5.734908e+00 3.473416e+01 3.000000e+00
      vertex   5.734908e+00 3.473416e+01 4.000000e-01
      vertex   6.040780e+00 3.466435e+01 3.000000e+00
    endloop
  endfacet
  facet normal -2.225209e-01 -9.749279e-01 -0.000000e+00
    outer loop
      vertex   6.040780e+00 3.466435e+01 3.000000e+00
      vertex   5.734908e+00 3.473416e+01 4.000000e-01
      vertex   6.040780e+00 3.466435e+01 4.000000e-01
    endloop
  endfacet
  facet normal -3.930250e-01 -9.195278e-01 -0.000000e+00
    outer loop
      vertex   6.040780e+00 3.466435e+01 3.000000e+00
      vertex   6.040780e+00 3.466435e+01 4.000000e-01
      vertex   6.329270e+00 3.454104e+01 3.000000e+00
    endloop
  endfacet
  facet normal -3.930250e-01 -9.195278e-01 -0.000000e+00
    outer loop
      vertex   6.329270e+00 3.454104e+01 3.000000e+00
      vertex   6.040780e+00 3.466435e+01 4.000000e-01
      vertex   6.329270e+00 3.454104e+01 4.000000e-01
    endloop
  endfacet
  facet normal -5.508970e-01 -8.345733e-01 -0.000000e+00
    outer loop
      vertex   6.329270e+00 3.454104e+01 3.000000e+00
      vertex   6.329270e+00 3.454104e+01 4.000000e-01
      vertex   6.591107e+00 3.436821e+01 3.000000e+00
    endloop
  endfacet
  facet normal -5.508970e-01 -8.345733e-01 -0.000000e+00
    outer loop
      vertex   6.591107e+00 3.436821e+01 3.000000e+00
      vertex   6.329270e+00 3.454104e+01 4.000000e-01
      vertex   6.591107e+00 3.436821e+01 4.000000e-01
    endloop
  endfacet
  facet normal -6.910626e-01 -7.227949e-01 -0.000000e+00
    outer loop
      vertex   6.591107e+00 3.436821e+01 3.000000e+00
      vertex   6.591107e+00 3.436821e+01 4.000000e-01
      vertex   6.817875e+00 3.415139e+01 3.000000e+00
    endloop
  endfacet
  facet normal -6.910626e-01 -7.227949e-01 -0.000000e+00
    outer loop
      vertex   6.817875e+00 3.415139e+01 3.000000e+00
      vertex   6.591107e+00 3.436821e+01 4.000000e-01
      vertex   6.817875e+00 3.415139e+01 4.000000e-01
    endloop
  endfacet
  facet normal -8.090170e-01 -5.877853e-01 -0.000000e+00
    outer loop
      vertex   6.817875e+00 3.415139e+01 3.000000e+00
      vertex   6.817875e+00 3.415139e+01 4.000000e-01
      vertex   7.002285e+00 3.389757e+01 3.000000e+00
    endloop
  endfacet
  facet normal -8.090170e-01 -5.877853e-01 -0.000000e+00
    outer loop
      vertex   7.002285e+00 3.389757e+01 3.000000e+00
      vertex   6.817875e+00 3.415139e+01 4.000000e-01
      vertex   7.002285e+00 3.389757e+01 4.000000e-01
    endloop
  endfacet
  facet normal -9.009689e-01 -4.338837e-01 -0.000000e+00
    outer loop
      vertex   7.002285e+00 3.389757e+01 3.000000e+00
      vertex   7.002285e+00 3.389757e+01 4.000000e-01
      vertex   7.138411e+00 3.361491e+01 3.000000e+00
    endloop
  endfacet
  facet normal -9.009689e-01 -4.338837e-01 -0.000000e+00
    outer loop
      vertex   7.138411e+00 3.361491e+01 3.000000e+00
      vertex   7.002285e+00 3.389757e+01 4.000000e-01
      vertex   7.138411e+00 3.361491e+01 4.000000e-01
    endloop
  endfacet
  facet normal -9.639629e-01 -2.660368e-01 -0.000000e+00
    outer loop
      vertex   7.138411e+00 3.361491e+01 3.000000e+00
      vertex   7.138411e+00 3.361491e+01 4.000000e-01
      vertex   7.221877e+00 3.331247e+01 3.000000e+00
    endloop
  endfacet
  facet normal -9.639629e-01 -2.660368e-01 -0.000000e+00
    outer loop
      vertex   7.221877e+00 3.331247e+01 3.000000e+00
      vertex   7.138411e+00 3.361491e+01 4.000000e-01
      vertex   7.221877e+00 3.331247e+01 4.000000e-01
    endloop
  endfacet
  facet normal -5.773503e-01 -5.773503e-01 -5.773503e-01
    outer loop
      vertex   4.000000e-01 0.000000e+00 4.000000e-01
      vertex   0.000000e+00 4.000000e-01 4.000000e-01
      vertex   4.000000e-01 4.000000e-01 0.000000e+00
    endloop
  endfacet
  facet normal 7.071068e-01 0.000000e+00 -7.071068e-01
    outer loop
      vertex   1.100000e+01 4.882843e+00 4.000000e-01
      vertex   1.060000e+01 4.882843e+00 0.000000e+00
      vertex   1.100000e+01 3.500000e+01 4.000000e-01
    endloop
  endfacet
  facet normal 7.071068e-01 0.000000e+00 -7.071068e-01
    outer loop
      vertex   1.100000e+01 3.500000e+01 4.000000e-01
      vertex   1.060000e+01 4.882843e+00 0.000000e+00
      vertex   1.060000e+01 3.500000e+01 0.000000e+00
    endloop
  endfacet
  facet normal 4.629653e-02 7.063486e-01 -7.063486e-01
    outer loop
      vertex   8.000000e+00 3.800000e+01 4.000000e-01
      vertex   8.391579e+00 3.797433e+01 4.000000e-01
      vertex   8.000000e+00 3.760000e+01 0.000000e+00
    endloop
  endfacet
  facet normal 5.036153e-02 7.041461e-01 -7.082669e-01
    outer loop
      vertex   8.000000e+00 3.760000e+01 0.000000e+00
      vertex   8.391579e+00 3.797433e+01 4.000000e-01
      vertex   8.370019e+00 3.757354e+01 0.000000e+00
    endloop
  endfacet
  facet normal 1.384154e-01 6.958612e-01 -7.047115e-01
    outer loop
      vertex   8.370019e+00 3.757354e+01 0.000000e+00
      vertex   8.391579e+00 3.797433e+01 4.000000e-01
      vertex   8.776457e+00 3.789778e+01 4.000000e-01
    endloop
  endfacet
  facet normal 1.497014e-01 6.881661e-01 -7.099415e-01
    outer loop
      vertex   8.370019e+00 3.757354e+01 0.000000e+00
      vertex   8.776457e+00 3.789778e+01 4.000000e-01
      vertex   8.732505e+00 3.749468e+01 0.000000e+00
    endloop
  endfacet
  facet normal 2.284794e-01 6.730786e-01 -7.033934e-01
    outer loop
      vertex   8.732505e+00 3.749468e+01 0.000000e+00
      vertex   8.776457e+00 3.789778e+01 4.000000e-01
      vertex   9.148050e+00 3.777164e+01 4.000000e-01
    endloop
  endfacet
  facet normal 2.456570e-01 6.586320e-01 -7.112359e-01
    outer loop
      vertex   8.732505e+00 3.749468e+01 0.000000e+00
      vertex   9.148050e+00 3.777164e+01 4.000000e-01
      vertex   9.080079e+00 3.736504e+01 0.000000e+00
    endloop
  endfacet
  facet normal 3.148134e-01 6.383783e-01 -7.023999e-01
    outer loop
      vertex   9.080079e+00 3.736504e+01 0.000000e+00
      vertex   9.148050e+00 3.777164e+01 4.000000e-01
      vertex   9.500000e+00 3.759808e+01 4.000000e-01
    endloop
  endfacet
  facet normal 3.364429e-01 6.161491e-01 -7.121562e-01
    outer loop
      vertex   9.080079e+00 3.736504e+01 0.000000e+00
      vertex   9.500000e+00 3.759808e+01 4.000000e-01
      vertex   9.405666e+00 3.718726e+01 0.000000e+00
    endloop
  endfacet
  facet normal 3.958093e-01 5.923704e-01 -7.017352e-01
    outer loop
      vertex   9.405666e+00 3.718726e+01 0.000000e+00
      vertex   9.500000e+00 3.759808e+01 4.000000e-01
      vertex   9.826284e+00 3.738006e+01 4.000000e-01
    endloop
  endfacet
  facet normal 4.203706e-01 5.615494e-01 -7.127067e-01
    outer loop
      vertex   9.405666e+00 3.718726e+01 0.000000e+00
      vertex   9.826284e+00 3.738006e+01 4.000000e-01
      vertex   9.702638e+00 3.696495e+01 0.000000e+00
    endloop
  endfacet
  facet normal 4.699591e-01 5.358857e-01 -7.014021e-01
    outer loop
      vertex   9.702638e+00 3.696495e+01 0.000000e+00
      vertex   9.826284e+00 3.738006e+01 4.000000e-01
      vertex   1.012132e+01 3.712132e+01 4.000000e-01
    endloop
  endfacet
  facet normal 4.958770e-01 4.958770e-01 -7.128899e-01
    outer loop
      vertex   9.702638e+00 3.696495e+01 0.000000e+00
      vertex   1.012132e+01 3.712132e+01 4.000000e-01
      vertex   9.964949e+00 3.670264e+01 0.000000e+00
    endloop
  endfacet
  facet normal 5.358857e-01 4.699591e-01 -7.014021e-01
    outer loop
      vertex   9.964949e+00 3.670264e+01 0.000000e+00
      vertex   1.012132e+01 3.712132e+01 4.000000e-01
      vertex   1.038006e+01 3.682628e+01 4.000000e-01
    endloop
  endfacet
  facet normal 5.615494e-01 4.203706e-01 -7.127067e-01
    outer loop
      vertex   9.964949e+00 3.670264e+01 0.000000e+00
      vertex   1.038006e+01 3.682628e+01 4.000000e-01
      vertex   1.018726e+01 3.640567e+01 0.000000e+00
    endloop
  endfacet
  facet normal 5.923704e-01 3.958093e-01 -7.017352e-01
    outer loop
      vertex   1.018726e+01 3.640567e+01 0.000000e+00
      vertex   1.038006e+01 3.682628e+01 4.000000e-01
      vertex   1.059808e+01 3.650000e+01 4.000000e-01
    endloop
  endfacet
  facet normal 6.161491e-01 3.364429e-01 -7.121562e-01
    outer loop
      vertex   1.018726e+01 3.640567e+01 0.000000e+00
      vertex   1.059808e+01 3.650000e+01 4.000000e-01
      vertex   1.036504e+01 3.608008e+01 0.000000e+00
    endloop
  endfacet
  facet normal 6.383783e-01 3.148134e-01 -7.023999e-01
    outer loop
      vertex   1.036504e+01 3.608008e+01 0.000000e+00
      vertex   1.059808e+01 3.650000e+01 4.000000e-01
      vertex   1.077164e+01 3.614805e+01 4.000000e-01
    endloop
  endfacet
  facet normal 6.586320e-01 2.456570e-01 -7.112359e-01
    outer loop
      vertex   1.036504e+01 3.608008e+01 0.000000e+00
      vertex   1.077164e+01 3.614805e+01 4.000000e-01
      vertex   1.049468e+01 3.573250e+01 0.000000e+00
    endloop
  endfacet
  facet normal 6.730786e-01 2.284794e-01 -7.033934e-01
    outer loop
      vertex   1.049468e+01 3.573250e+01 0.000000e+00
      vertex   1.077164e+01 3.614805e+01 4.000000e-01
      vertex   1.089778e+01 3.577646e+01 4.000000e-01
    endloop
  endfacet
  facet normal 6.881661e-01 1.497014e-01 -7.099415e-01
    outer loop
      vertex   1.049468e+01 3.573250e+01 0.000000e+00
      vertex   1.089778e+01 3.577646e+01 4.000000e-01
      vertex   1.057354e+01 3.537002e+01 0.000000e+00
    endloop
  endfacet
  facet normal 6.958612e-01 1.384154e-01 -7.047115e-01
    outer loop
      vertex   1.057354e+01 3.537002e+01 0.000000e+00
      vertex   1.089778e+01 3.577646e+01 4.000000e-01
      vertex   1.097433e+01 3.539158e+01 4.000000e-01
    endloop
  endfacet
  facet normal 7.041461e-01 5.036153e-02 -7.082669e-01
    outer loop
      vertex   1.057354e+01 3.537002e+01 0.000000e+00
      vertex   1.097433e+01 3.539158e+01 4.000000e-01
      vertex   1.060000e+01 3.500000e+01 0.000000e+00
    endloop
  endfacet
  facet normal 7.063486e-01 4.629653e-02 -7.063486e-01
    outer loop
      vertex   1.060000e+01 3.500000e+01 0.000000e+00
      vertex   1.097433e+01 3.539158e+01 4.000000e-01
      vertex   1.100000e+01 3.500000e+01 4.000000e-01
    endloop
  endfacet
  facet normal 0.000000e+00 7.071068e-01 -7.071068e-01
    outer loop
      vertex   3.000000e+00 3.800000e+01 4.000000e-01
      vertex   8.000000e+00 3.800000e+01 4.000000e-01
      vertex   3.000000e+00 3.760000e+01 0.000000e+00
    endloop
  endfacet
  facet normal 0.000000e+00 7.071068e-01 -7.071068e-01
    outer loop
      vertex   3.000000e+00 3.760000e+01 0.000000e+00
      vertex   8.000000e+00 3.800000e+01 4.000000e-01
      vertex   8.000000e+00 3.760000e+01 0.000000e+00
    endloop
  endfacet
  facet normal -7.063486e-01 4.629653e-02 -7.063486e-01
    outer loop
      vertex   0.000000e+00 3.500000e+01 4.000000e-01
      vertex   2.566542e-02 3.539158e+01 4.000000e-01
      vertex   4.000000e-01 3.500000e+01 0.000000e+00
    endloop
  endfacet
  facet normal -7.041461e-01 5.036153e-02 -7.082669e-01
    outer loop
      vertex   4.000000e-01 3.500000e+01 0.000000e+00
      vertex   2.566542e-02 3.539158e+01 4.000000e-01
      vertex   4.264643e-01 3.537002e+01 0.000000e+00
    endloop
  endfacet
  facet normal -6.958612e-01 1.384154e-01 -7.047115e-01
    outer loop
      vertex   4.264643e-01 3.537002e+01 0.000000e+00
      vertex   2.566542e-02 3.539158e+01 4.000000e-01
      vertex   1.022225e-01 3.577646e+01 4.000000e-01
    endloop
  endfacet
  facet normal -6.881661e-01 1.497014e-01 -7.099415e-01
    outer loop
      vertex   4.264643e-01 3.537002e+01 0.000000e+00
      vertex   1.022225e-01 3.577646e+01 4.000000e-01
      vertex   5.053183e-01 3.573250e+01 0.000000e+00
    endloop
  endfacet
  facet normal -6.730786e-01 2.284794e-01 -7.033934e-01
    outer loop
      vertex   5.053183e-01 3.573250e+01 0.000000e+00
      vertex   1.022225e-01 3.577646e+01 4.000000e-01
      vertex   2.283614e-01 3.614805e+01 4.000000e-01
    endloop
  endfacet
  facet normal -6.586320e-01 2.456570e-01 -7.112359e-01
    outer loop
      vertex   5.053183e-01 3.573250e+01 0.000000e+00
      vertex   2.283614e-01 3.614805e+01 4.000000e-01
      vertex   6.349568e-01 3.608008e+01 0.000000e+00
    endloop
  endfacet
  facet normal -6.383783e-01 3.148134e-01 -7.023999e-01
    outer loop
      vertex   6.349568e-01 3.608008e+01 0.000000e+00
      vertex   2.283614e-01 3.614805e+01 4.000000e-01
      vertex   4.019238e-01 3.650000e+01 4.000000e-01
    endloop
  endfacet
  facet normal -6.161491e-01 3.364429e-01 -7.121562e-01
    outer loop
      vertex   6.349568e-01 3.608008e+01 0.000000e+00
      vertex   4.019238e-01 3.650000e+01 4.000000e-01
      vertex   8.127408e-01 3.640567e+01 0.000000e+00
    endloop
  endfacet
  facet normal -5.923704e-01 3.958093e-01 -7.017352e-01
    outer loop
      vertex   8.127408e-01 3.640567e+01 0.000000e+00
      vertex   4.019238e-01 3.650000e+01 4.000000e-01
      vertex   6.199400e-01 3.682628e+01 4.000000e-01
    endloop
  endfacet
  facet normal -5.615494e-01 4.203706e-01 -7.127067e-01
    outer loop
      vertex   8.127408e-01 3.640567e+01 0.000000e+00
      vertex   6.199400e-01 3.682628e+01 4.000000e-01
      vertex   1.035051e+00 3.670264e+01 0.000000e+00
    endloop
  endfacet
  facet normal -5.358857e-01 4.699591e-01 -7.014021e-01
    outer loop
      vertex   1.035051e+00 3.670264e+01 0.000000e+00
      vertex   6.199400e-01 3.682628e+01 4.000000e-01
      vertex   8.786797e-01 3.712132e+01 4.000000e-01
    endloop
  endfacet
  facet normal -4.958770e-01 4.958770e-01 -7.128899e-01
    outer loop
      vertex   1.035051e+00 3.670264e+01 0.000000e+00
      vertex   8.786797e-01 3.712132e+01 4.000000e-01
      vertex   1.297362e+00 3.696495e+01 0.000000e+00
    endloop
  endfacet
  facet normal -4.699591e-01 5.358857e-01 -7.014021e-01
    outer loop
      vertex   1.297362e+00 3.696495e+01 0.000000e+00
      vertex   8.786797e-01 3.712132e+01 4.000000e-01
      vertex   1.173716e+00 3.738006e+01 4.000000e-01
    endloop
  endfacet
  facet normal -4.203706e-01 5.615494e-01 -7.127067e-01
    outer loop
      vertex   1.297362e+00 3.696495e+01 0.000000e+00
      vertex   1.173716e+00 3.738006e+01 4.000000e-01
      vertex   1.594334e+00 3.718726e+01 0.000000e+00
    endloop
  endfacet
  facet normal -3.958093e-01 5.923704e-01 -7.017352e-01
    outer loop
      vertex   1.594334e+00 3.718726e+01 0.000000e+00
      vertex   1.173716e+00 3.738006e+01 4.000000e-01
      vertex   1.500000e+00 3.759808e+01 4.000000e-01
    endloop
  endfacet
  facet normal -3.364429e-01 6.161491e-01 -7.121562e-01
    outer loop
      vertex   1.594334e+00 3.718726e+01 0.000000e+00
      vertex   1.500000e+00 3.759808e+01 4.000000e-01
      vertex   1.919921e+00 3.736504e+01 0.000000e+00
    endloop
  endfacet
  facet normal -3.148134e-01 6.383783e-01 -7.023999e-01
    outer loop
      vertex   1.919921e+00 3.736504e+01 0.000000e+00
      vertex   1.500000e+00 3.759808e+01 4.000000e-01
      vertex   1.851950e+00 3.777164e+01 4.000000e-01
    endloop
  endfacet
  facet normal -2.456570e-01 6.586320e-01 -7.112359e-01
    outer loop
      vertex   1.919921e+00 3.736504e+01 0.000000e+00
      vertex   1.851950e+00 3.777164e+01 4.000000e-01
      vertex   2.267495e+00 3.749468e+01 0.000000e+00
    endloop
  endfacet
  facet normal -2.284794e-01 6.730786e-01 -7.033934e-01
    outer loop
      vertex   2.267495e+00 3.749468e+01 0.000000e+00
      vertex   1.851950e+00 3.777164e+01 4.000000e-01
      vertex   2.223543e+00 3.789778e+01 4.000000e-01
    endloop
  endfacet
  facet normal -1.497014e-01 6.881661e-01 -7.099415e-01
    outer loop
      vertex   2.267495e+00 3.749468e+01 0.000000e+00
      vertex   2.223543e+00 3.789778e+01 4.000000e-01
      vertex   2.629981e+00 3.757354e+01 0.000000e+00
    endloop
  endfacet
  facet normal -1.384154e-01 6.958612e-01 -7.047115e-01
    outer loop
      vertex   2.629981e+00 3.757354e+01 0.000000e+00
      vertex   2.223543e+00 3.789778e+01 4.000000e-01
      vertex   2.608421e+00 3.797433e+01 4.000000e-01
    endloop
  endfacet
  facet normal -5.036153e-02 7.041461e-01 -7.082669e-01
    outer loop
      vertex   2.629981e+00 3.757354e+01 0.000000e+00
      vertex   2.608421e+00 3.797433e+01 4.000000e-01
      vertex   3.000000e+00 3.760000e+01 0.000000e+00
    endloop
  endfacet
  facet normal -4.629653e-02 7.063486e-01 -7.063486e-01
    outer loop
      vertex   3.000000e+00 3.760000e+01 0.000000e+00
      vertex   2.608421e+00 3.797433e+01 4.000000e-01
      vertex   3.000000e+00 3.800000e+01 4.000000e-01
    endloop
  endfacet
  facet normal -7.071068e-01 -0.000000e+00 -7.071068e-01
    outer loop
      vertex   0.000000e+00 3.500000e+01 4.000000e-01
      vertex   4.000000e-01 3.500000e+01 0.000000e+00
      vertex   0.000000e+00 4.000000e-01 4.000000e-01
    endloop
  endfacet
  facet normal -7.071068e-01 2.836150e-17 -7.071068e-01
    outer loop
      vertex   0.000000e+00 4.000000e-01 4.000000e-01
      vertex   4.000000e-01 3.500000e+01 0.000000e+00
      vertex   4.000000e-01 4.000000e-01 0.000000e+00
    endloop
  endfacet
  facet normal 0.000000e+00 -7.071068e-01 -7.071068e-01
    outer loop
      vertex   4.000000e-01 0.000000e+00 4.000000e-01
      vertex   4.000000e-01 4.000000e-01 0.000000e+00
      vertex   1.083431e+01 0.000000e+00 4.000000e-01
    endloop
  endfacet
  facet normal 0.000000e+00 -7.071068e-01 -7.071068e-01
    outer loop
      vertex   1.083431e+01 0.000000e+00 4.000000e-01
      vertex   4.000000e-01 4.000000e-01 0.000000e+00
      vertex   1.100000e+01 4.000000e-01 0.000000e+00
    endloop
  endfacet
  facet normal 7.071068e-01 -7.071068e-01 0.000000e+00
    outer loop
      vertex   1.400000e+01 4.000000e-01 3.000000e+00
      vertex   1.400000e+01 4.000000e-01 1.300000e+01
      vertex   1.360000e+01 0.000000e+00 3.165685e+00
    endloop
  endfacet
  facet normal 7.071068e-01 -7.071068e-01 1.277236e-16
    outer loop
      vertex   1.360000e+01 0.000000e+00 3.165685e+00
      vertex   1.400000e+01 4.000000e-01 1.300000e+01
      vertex   1.360000e+01 0.000000e+00 1.300000e+01
    endloop
  endfacet
  facet normal 7.067292e-01 -7.067292e-01 3.267406e-02
    outer loop
      vertex   1.400000e+01 4.000000e-01 1.300000e+01
      vertex   1.397441e+01 4.000000e-01 1.355361e+01
      vertex   1.360000e+01 0.000000e+00 1.300000e+01
    endloop
  endfacet
  facet normal 7.052684e-01 -7.080933e-01 3.464761e-02
    outer loop
      vertex   1.360000e+01 0.000000e+00 1.300000e+01
      vertex   1.397441e+01 4.000000e-01 1.355361e+01
      vertex   1.357303e+01 0.000000e+00 1.354890e+01
    endloop
  endfacet
  facet normal 7.019272e-01 -7.054863e-01 9.791466e-02
    outer loop
      vertex   1.357303e+01 0.000000e+00 1.354890e+01
      vertex   1.397441e+01 4.000000e-01 1.355361e+01
      vertex   1.389784e+01 4.000000e-01 1.410250e+01
    endloop
  endfacet
  facet normal 6.972547e-01 -7.093226e-01 1.034280e-01
    outer loop
      vertex   1.357303e+01 0.000000e+00 1.354890e+01
      vertex   1.389784e+01 4.000000e-01 1.410250e+01
      vertex   1.349240e+01 0.000000e+00 1.409251e+01
    endloop
  endfacet
  facet normal 6.909459e-01 -7.044037e-01 1.625090e-01
    outer loop
      vertex   1.349240e+01 0.000000e+00 1.409251e+01
      vertex   1.389784e+01 4.000000e-01 1.410250e+01
      vertex   1.377095e+01 4.000000e-01 1.464198e+01
    endloop
  endfacet
  facet normal 6.827343e-01 -7.103713e-01 1.710161e-01
    outer loop
      vertex   1.349240e+01 0.000000e+00 1.409251e+01
      vertex   1.377095e+01 4.000000e-01 1.464198e+01
      vertex   1.335887e+01 0.000000e+00 1.462559e+01
    endloop
  endfacet
  facet normal 6.738685e-01 -7.034838e-01 2.258580e-01
    outer loop
      vertex   1.335887e+01 0.000000e+00 1.462559e+01
      vertex   1.377095e+01 4.000000e-01 1.464198e+01
      vertex   1.359483e+01 4.000000e-01 1.516745e+01
    endloop
  endfacet
  facet normal 6.618562e-01 -7.112416e-01 2.368159e-01
    outer loop
      vertex   1.335887e+01 0.000000e+00 1.462559e+01
      vertex   1.359483e+01 4.000000e-01 1.516745e+01
      vertex   1.317373e+01 0.000000e+00 1.514303e+01
    endloop
  endfacet
  facet normal 6.508376e-01 -7.027284e-01 2.873729e-01
    outer loop
      vertex   1.317373e+01 0.000000e+00 1.514303e+01
      vertex   1.359483e+01 4.000000e-01 1.516745e+01
      vertex   1.337098e+01 4.000000e-01 1.567443e+01
    endloop
  endfacet
  facet normal 6.348218e-01 -7.119355e-01 3.002483e-01
    outer loop
      vertex   1.317373e+01 0.000000e+00 1.514303e+01
      vertex   1.337098e+01 4.000000e-01 1.567443e+01
      vertex   1.293876e+01 0.000000e+00 1.563982e+01
    endloop
  endfacet
  facet normal 6.220538e-01 -7.021392e-01 3.464817e-01
    outer loop
      vertex   1.293876e+01 0.000000e+00 1.563982e+01
      vertex   1.337098e+01 4.000000e-01 1.567443e+01
      vertex   1.310130e+01 4.000000e-01 1.615859e+01
    endloop
  endfacet
  facet normal 6.018837e-01 -7.124547e-01 3.607552e-01
    outer loop
      vertex   1.293876e+01 0.000000e+00 1.563982e+01
      vertex   1.310130e+01 4.000000e-01 1.615859e+01
      vertex   1.265623e+01 0.000000e+00 1.611119e+01
    endloop
  endfacet
  facet normal 5.877738e-01 -7.017175e-01 4.026344e-01
    outer loop
      vertex   1.265623e+01 0.000000e+00 1.611119e+01
      vertex   1.310130e+01 4.000000e-01 1.615859e+01
      vertex   1.278810e+01 4.000000e-01 1.661581e+01
    endloop
  endfacet
  facet normal 5.633435e-01 -7.128001e-01 4.178040e-01
    outer loop
      vertex   1.265623e+01 0.000000e+00 1.611119e+01
      vertex   1.278810e+01 4.000000e-01 1.661581e+01
      vertex   1.232886e+01 0.000000e+00 1.655260e+01
    endloop
  endfacet
  facet normal 5.483080e-01 -7.014641e-01 4.553092e-01
    outer loop
      vertex   1.232886e+01 0.000000e+00 1.655260e+01
      vertex   1.278810e+01 4.000000e-01 1.661581e+01
      vertex   1.243405e+01 4.000000e-01 1.704217e+01
    endloop
  endfacet
  facet normal 5.195489e-01 -7.129726e-01 4.708917e-01
    outer loop
      vertex   1.232886e+01 0.000000e+00 1.655260e+01
      vertex   1.243405e+01 4.000000e-01 1.704217e+01
      vertex   1.195980e+01 0.000000e+00 1.695980e+01
    endloop
  endfacet
  facet normal 5.040172e-01 -7.013796e-01 5.040172e-01
    outer loop
      vertex   1.195980e+01 0.000000e+00 1.695980e+01
      vertex   1.243405e+01 4.000000e-01 1.704217e+01
      vertex   1.204217e+01 4.000000e-01 1.743405e+01
    endloop
  endfacet
  facet normal 4.708917e-01 -7.129726e-01 5.195489e-01
    outer loop
      vertex   1.195980e+01 0.000000e+00 1.695980e+01
      vertex   1.204217e+01 4.000000e-01 1.743405e+01
      vertex   1.155260e+01 0.000000e+00 1.732886e+01
    endloop
  endfacet
  facet normal 4.553092e-01 -7.014641e-01 5.483080e-01
    outer loop
      vertex   1.155260e+01 0.000000e+00 1.732886e+01
      vertex   1.204217e+01 4.000000e-01 1.743405e+01
      vertex   1.161581e+01 4.000000e-01 1.778810e+01
    endloop
  endfacet
  facet normal 4.178040e-01 -7.128001e-01 5.633435e-01
    outer loop
      vertex   1.155260e+01 0.000000e+00 1.732886e+01
      vertex   1.161581e+01 4.000000e-01 1.778810e+01
      vertex   1.111119e+01 0.000000e+00 1.765623e+01
    endloop
  endfacet
  facet normal 4.026344e-01 -7.017175e-01 5.877738e-01
    outer loop
      vertex   1.111119e+01 0.000000e+00 1.765623e+01
      vertex   1.161581e+01 4.000000e-01 1.778810e+01
      vertex   1.115859e+01 4.000000e-01 1.810130e+01
    endloop
  endfacet
  facet normal 3.607552e-01 -7.124547e-01 6.018837e-01
    outer loop
      vertex   1.111119e+01 0.000000e+00 1.765623e+01
      vertex   1.115859e+01 4.000000e-01 1.810130e+01
      vertex   1.063982e+01 0.000000e+00 1.793876e+01
    endloop
  endfacet
  facet normal 3.464817e-01 -7.021392e-01 6.220538e-01
    outer loop
      vertex   1.063982e+01 0.000000e+00 1.793876e+01
      vertex   1.115859e+01 4.000000e-01 1.810130e+01
      vertex   1.067443e+01 4.000000e-01 1.837098e+01
    endloop
  endfacet
  facet normal 3.002483e-01 -7.119355e-01 6.348218e-01
    outer loop
      vertex   1.063982e+01 0.000000e+00 1.793876e+01
      vertex   1.067443e+01 4.000000e-01 1.837098e+01
      vertex   1.014303e+01 0.000000e+00 1.817373e+01
    endloop
  endfacet
  facet normal 2.873729e-01 -7.027284e-01 6.508376e-01
    outer loop
      vertex   1.014303e+01 0.000000e+00 1.817373e+01
      vertex   1.067443e+01 4.000000e-01 1.837098e+01
      vertex   1.016745e+01 4.000000e-01 1.859483e+01
    endloop
  endfacet
  facet normal 2.368159e-01 -7.112416e-01 6.618562e-01
    outer loop
      vertex   1.014303e+01 0.000000e+00 1.817373e+01
      vertex   1.016745e+01 4.000000e-01 1.859483e+01
      vertex   9.625594e+00 0.000000e+00 1.835887e+01
    endloop
  endfacet
  facet normal 2.258580e-01 -7.034838e-01 6.738685e-01
    outer loop
      vertex   9.625594e+00 0.000000e+00 1.835887e+01
      vertex   1.016745e+01 4.000000e-01 1.859483e+01
      vertex   9.641978e+00 4.000000e-01 1.877095e+01
    endloop
  endfacet
  facet normal 1.710161e-01 -7.103713e-01 6.827343e-01
    outer loop
      vertex   9.625594e+00 0.000000e+00 1.835887e+01
      vertex   9.641978e+00 4.000000e-01 1.877095e+01
      vertex   9.092506e+00 0.000000e+00 1.849240e+01
    endloop
  endfacet
  facet normal 1.625090e-01 -7.044037e-01 6.909459e-01
    outer loop
      vertex   9.092506e+00 0.000000e+00 1.849240e+01
      vertex   9.641978e+00 4.000000e-01 1.877095e+01
      vertex   9.102497e+00 4.000000e-01 1.889784e+01
    endloop
  endfacet
  facet normal 1.034280e-01 -7.093226e-01 6.972547e-01
    outer loop
      vertex   9.092506e+00 0.000000e+00 1.849240e+01
      vertex   9.102497e+00 4.000000e-01 1.889784e+01
      vertex   8.548896e+00 0.000000e+00 1.857303e+01
    endloop
  endfacet
  facet normal 9.791466e-02 -7.054863e-01 7.019272e-01
    outer loop
      vertex   8.548896e+00 0.000000e+00 1.857303e+01
      vertex   9.102497e+00 4.000000e-01 1.889784e+01
      vertex   8.553610e+00 4.000000e-01 1.897441e+01
    endloop
  endfacet
  facet normal 3.464761e-02 -7.080933e-01 7.052684e-01
    outer loop
      vertex   8.548896e+00 0.000000e+00 1.857303e+01
      vertex   8.553610e+00 4.000000e-01 1.897441e+01
      vertex   8.000000e+00 0.000000e+00 1.860000e+01
    endloop
  endfacet
  facet normal 3.267406e-02 -7.067292e-01 7.067292e-01
    outer loop
      vertex   8.000000e+00 0.000000e+00 1.860000e+01
      vertex   8.553610e+00 4.000000e-01 1.897441e+01
      vertex   8.000000e+00 4.000000e-01 1.900000e+01
    endloop
  endfacet
  facet normal -9.813078e-17 -7.071068e-01 7.071068e-01
    outer loop
      vertex   8.000000e+00 4.000000e-01 1.900000e+01
      vertex   6.000000e+00 4.000000e-01 1.900000e+01
      vertex   8.000000e+00 0.000000e+00 1.860000e+01
    endloop
  endfacet
  facet normal -1.256074e-15 -7.071068e-01 7.071068e-01
    outer loop
      vertex   8.000000e+00 0.000000e+00 1.860000e+01
      vertex   6.000000e+00 4.000000e-01 1.900000e+01
      vertex   6.000000e+00 0.000000e+00 1.860000e+01
    endloop
  endfacet
  facet normal -3.267406e-02 -7.067292e-01 7.067292e-01
    outer loop
      vertex   6.000000e+00 4.000000e-01 1.900000e+01
      vertex   5.446390e+00 4.000000e-01 1.897441e+01
      vertex   6.000000e+00 0.000000e+00 1.860000e+01
    endloop
  endfacet
  facet normal -3.464761e-02 -7.080933e-01 7.052684e-01
    outer loop
      vertex   6.000000e+00 0.000000e+00 1.860000e+01
      vertex   5.446390e+00 4.000000e-01 1.897441e+01
      vertex   5.451104e+00 0.000000e+00 1.857303e+01
    endloop
  endfacet
  facet normal -9.791466e-02 -7.054863e-01 7.019272e-01
    outer loop
      vertex   5.451104e+00 0.000000e+00 1.857303e+01
      vertex   5.446390e+00 4.000000e-01 1.897441e+01
      vertex   4.897503e+00 4.000000e-01 1.889784e+01
    endloop
  endfacet
  facet normal -1.034280e-01 -7.093226e-01 6.972547e-01
    outer loop
      vertex   5.451104e+00 0.000000e+00 1.857303e+01
      vertex   4.897503e+00 4.000000e-01 1.889784e+01
      vertex   4.907494e+00 0.000000e+00 1.849240e+01
    endloop
  endfacet
  facet normal -1.625090e-01 -7.044037e-01 6.909459e-01
    outer loop
      vertex   4.907494e+00 0.000000e+00 1.849240e+01
      vertex   4.897503e+00 4.000000e-01 1.889784e+01
      vertex   4.358022e+00 4.000000e-01 1.877095e+01
    endloop
  endfacet
  facet normal -1.710161e-01 -7.103713e-01 6.827343e-01
    outer loop
      vertex   4.907494e+00 0.000000e+00 1.849240e+01
      vertex   4.358022e+00 4.000000e-01 1.877095e+01
      vertex   4.374406e+00 0.000000e+00 1.835887e+01
    endloop
  endfacet
  facet normal -2.258580e-01 -7.034838e-01 6.738685e-01
    outer loop
      vertex   4.374406e+00 0.000000e+00 1.835887e+01
      vertex   4.358022e+00 4.000000e-01 1.877095e+01
      vertex   3.832550e+00 4.000000e-01 1.859483e+01
    endloop
  endfacet
  facet normal -2.368159e-01 -7.112416e-01 6.618562e-01
    outer loop
      vertex   4.374406e+00 0.000000e+00 1.835887e+01
      vertex   3.832550e+00 4.000000e-01 1.859483e+01
      vertex   3.856973e+00 0.000000e+00 1.817373e+01
    endloop
  endfacet
  facet normal -2.873729e-01 -7.027284e-01 6.508376e-01
    outer loop
      vertex   3.856973e+00 0.000000e+00 1.817373e+01
      vertex   3.832550e+00 4.000000e-01 1.859483e+01
      vertex   3.325570e+00 4.000000e-01 1.837098e+01
    endloop
  endfacet
  facet normal -3.002483e-01 -7.119355e-01 6.348218e-01
    outer loop
      vertex   3.856973e+00 0.000000e+00 1.817373e+01
      vertex   3.325570e+00 4.000000e-01 1.837098e+01
      vertex   3.360178e+00 0.000000e+00 1.793876e+01
    endloop
  endfacet
  facet normal -3.464817e-01 -7.021392e-01 6.220538e-01
    outer loop
      vertex   3.360178e+00 0.000000e+00 1.793876e+01
      vertex   3.325570e+00 4.000000e-01 1.837098e+01
      vertex   2.841407e+00 4.000000e-01 1.810130e+01
    endloop
  endfacet
  facet normal -3.607552e-01 -7.124547e-01 6.018837e-01
    outer loop
      vertex   3.360178e+00 0.000000e+00 1.793876e+01
      vertex   2.841407e+00 4.000000e-01 1.810130e+01
      vertex   2.888807e+00 0.000000e+00 1.765623e+01
    endloop
  endfacet
  facet normal -4.026344e-01 -7.017175e-01 5.877738e-01
    outer loop
      vertex   2.888807e+00 0.000000e+00 1.765623e+01
      vertex   2.841407e+00 4.000000e-01 1.810130e+01
      vertex   2.384192e+00 4.000000e-01 1.778810e+01
    endloop
  endfacet
  facet normal -4.178040e-01 -7.128001e-01 5.633435e-01
    outer loop
      vertex   2.888807e+00 0.000000e+00 1.765623e+01
      vertex   2.384192e+00 4.000000e-01 1.778810e+01
      vertex   2.447398e+00 0.000000e+00 1.732886e+01
    endloop
  endfacet
  facet normal -4.553092e-01 -7.014641e-01 5.483080e-01
    outer loop
      vertex   2.447398e+00 0.000000e+00 1.732886e+01
      vertex   2.384192e+00 4.000000e-01 1.778810e+01
      vertex   1.957826e+00 4.000000e-01 1.743405e+01
    endloop
  endfacet
  facet normal -4.708917e-01 -7.129726e-01 5.195489e-01
    outer loop
      vertex   2.447398e+00 0.000000e+00 1.732886e+01
      vertex   1.957826e+00 4.000000e-01 1.743405e+01
      vertex   2.040202e+00 0.000000e+00 1.695980e+01
    endloop
  endfacet
  facet normal -5.040172e-01 -7.013796e-01 5.040172e-01
    outer loop
      vertex   2.040202e+00 0.000000e+00 1.695980e+01
      vertex   1.957826e+00 4.000000e-01 1.743405e+01
      vertex   1.565946e+00 4.000000e-01 1.704217e+01
    endloop
  endfacet
  facet normal -5.195489e-01 -7.129726e-01 4.708917e-01
    outer loop
      vertex   2.040202e+00 0.000000e+00 1.695980e+01
      vertex   1.565946e+00 4.000000e-01 1.704217e+01
      vertex   1.671141e+00 0.000000e+00 1.655260e+01
    endloop
  endfacet
  facet normal -5.483080e-01 -7.014641e-01 4.553092e-01
    outer loop
      vertex   1.671141e+00 0.000000e+00 1.655260e+01
      vertex   1.565946e+00 4.000000e-01 1.704217e+01
      vertex   1.211897e+00 4.000000e-01 1.661581e+01
    endloop
  endfacet
  facet normal -5.633435e-01 -7.128001e-01 4.178040e-01
    outer loop
      vertex   1.671141e+00 0.000000e+00 1.655260e+01
      vertex   1.211897e+00 4.000000e-01 1.661581e+01
      vertex   1.343770e+00 0.000000e+00 1.611119e+01
    endloop
  endfacet
  facet normal -5.877738e-01 -7.017175e-01 4.026344e-01
    outer loop
      vertex   1.343770e+00 0.000000e+00 1.611119e+01
      vertex   1.211897e+00 4.000000e-01 1.661581e+01
      vertex   8.986972e-01 4.000000e-01 1.615859e+01
    endloop
  endfacet
  facet normal -6.018837e-01 -7.124547e-01 3.607552e-01
    outer loop
      vertex   1.343770e+00 0.000000e+00 1.611119e+01
      vertex   8.986972e-01 4.000000e-01 1.615859e+01
      vertex   1.061241e+00 0.000000e+00 1.563982e+01
    endloop
  endfacet
  facet normal -6.220538e-01 -7.021392e-01 3.464817e-01
    outer loop
      vertex   1.061241e+00 0.000000e+00 1.563982e+01
      vertex   8.986972e-01 4.000000e-01 1.615859e+01
      vertex   6.290203e-01 4.000000e-01 1.567443e+01
    endloop
  endfacet
  facet normal -6.348218e-01 -7.119355e-01 3.002483e-01
    outer loop
      vertex   1.061241e+00 0.000000e+00 1.563982e+01
      vertex   6.290203e-01 4.000000e-01 1.567443e+01
      vertex   8.262746e-01 0.000000e+00 1.514303e+01
    endloop
  endfacet
  facet normal -6.508376e-01 -7.027284e-01 2.873729e-01
    outer loop
      vertex   8.262746e-01 0.000000e+00 1.514303e+01
      vertex   6.290203e-01 4.000000e-01 1.567443e+01
      vertex   4.051666e-01 4.000000e-01 1.516745e+01
    endloop
  endfacet
  facet normal -6.618562e-01 -7.112416e-01 2.368159e-01
    outer loop
      vertex   8.262746e-01 0.000000e+00 1.514303e+01
      vertex   4.051666e-01 4.000000e-01 1.516745e+01
      vertex   6.411341e-01 0.000000e+00 1.462559e+01
    endloop
  endfacet
  facet normal -6.738685e-01 -7.034838e-01 2.258580e-01
    outer loop
      vertex   6.411341e-01 0.000000e+00 1.462559e+01
      vertex   4.051666e-01 4.000000e-01 1.516745e+01
      vertex   2.290461e-01 4.000000e-01 1.464198e+01
    endloop
  endfacet
  facet normal -6.827343e-01 -7.103713e-01 1.710161e-01
    outer loop
      vertex   6.411341e-01 0.000000e+00 1.462559e+01
      vertex   2.290461e-01 4.000000e-01 1.464198e+01
      vertex   5.076024e-01 0.000000e+00 1.409251e+01
    endloop
  endfacet
  facet normal -6.909459e-01 -7.044037e-01 1.625090e-01
    outer loop
      vertex   5.076024e-01 0.000000e+00 1.409251e+01
      vertex   2.290461e-01 4.000000e-01 1.464198e+01
      vertex   1.021614e-01 4.000000e-01 1.410250e+01
    endloop
  endfacet
  facet normal -6.972547e-01 -7.093226e-01 1.034280e-01
    outer loop
      vertex   5.076024e-01 0.000000e+00 1.409251e+01
      vertex   1.021614e-01 4.000000e-01 1.410250e+01
      vertex   4.269655e-01 0.000000e+00 1.354890e+01
    endloop
  endfacet
  facet normal -7.019272e-01 -7.054863e-01 9.791466e-02
    outer loop
      vertex   4.269655e-01 0.000000e+00 1.354890e+01
      vertex   1.021614e-01 4.000000e-01 1.410250e+01
      vertex   2.559494e-02 4.000000e-01 1.355361e+01
    endloop
  endfacet
  facet normal -7.052684e-01 -7.080933e-01 3.464761e-02
    outer loop
      vertex   4.269655e-01 0.000000e+00 1.354890e+01
      vertex   2.559494e-02 4.000000e-01 1.355361e+01
      vertex   4.000000e-01 0.000000e+00 1.300000e+01
    endloop
  endfacet
  facet normal -7.067292e-01 -7.067292e-01 3.267406e-02
    outer loop
      vertex   4.000000e-01 0.000000e+00 1.300000e+01
      vertex   2.559494e-02 4.000000e-01 1.355361e+01
      vertex   0.000000e+00 4.000000e-01 1.300000e+01
    endloop
  endfacet
  facet normal -7.071068e-01 -7.071068e-01 -0.000000e+00
    outer loop
      vertex   0.000000e+00 4.000000e-01 1.300000e+01
      vertex   0.000000e+00 4.000000e-01 4.000000e-01
      vertex   4.000000e-01 0.000000e+00 1.300000e+01
    endloop
  endfacet
  facet normal -7.071068e-01 -7.071068e-01 -1.090342e-16
    outer loop
      vertex   4.000000e-01 0.000000e+00 1.300000e+01
      vertex   0.000000e+00 4.000000e-01 4.000000e-01
      vertex   4.000000e-01 0.000000e+00 4.000000e-01
    endloop
  endfacet
  facet normal 5.000000e-01 -7.071068e-01 -5.000000e-01
    outer loop
      vertex   1.100000e+01 4.000000e-01 0.000000e+00
      vertex   1.400000e+01 4.000000e-01 3.000000e+00
      vertex   1.083431e+01 0.000000e+00 4.000000e-01
    endloop
  endfacet
  facet normal 5.000000e-01 -7.071068e-01 -5.000000e-01
    outer loop
      vertex   1.083431e+01 0.000000e+00 4.000000e-01
      vertex   1.400000e+01 4.000000e-01 3.000000e+00
      vertex   1.360000e+01 0.000000e+00 3.165685e+00
    endloop
  endfacet
  facet normal 1.000000e+00 0.000000e+00 -0.000000e+00
    outer loop
      vertex   1.400000e+01 4.600000e+00 3.000000e+00
      vertex   1.400000e+01 4.600000e+00 1.300000e+01
      vertex   1.400000e+01 4.000000e-01 3.000000e+00
    endloop
  endfacet
  facet normal 1.000000e+00 0.000000e+00 0.000000e+00
    outer loop
      vertex   1.400000e+01 4.000000e-01 3.000000e+00
      vertex   1.400000e+01 4.600000e+00 1.300000e+01
      vertex   1.400000e+01 4.000000e-01 1.300000e+01
    endloop
  endfacet
  facet normal 0.000000e+00 -1.000000e+00 0.000000e+00
    outer loop
      vertex   1.112194e+01 0.000000e+00 1.248179e+01
      vertex   1.115000e+01 0.000000e+00 1.200000e+01
      vertex   1.360000e+01 0.000000e+00 1.300000e+01
    endloop
  endfacet
  facet normal 0.000000e+00 -1.000000e+00 0.000000e+00
    outer loop
      vertex   1.360000e+01 0.000000e+00 1.300000e+01
      vertex   1.115000e+01 0.000000e+00 1.200000e+01
      vertex   1.112194e+01 0.000000e+00 1.151821e+01
    endloop
  endfacet
  facet normal 0.000000e+00 -1.000000e+00 0.000000e+00
    outer loop
      vertex   1.360000e+01 0.000000e+00 1.300000e+01
      vertex   1.112194e+01 0.000000e+00 1.151821e+01
      vertex   1.103814e+01 0.000000e+00 1.104294e+01
    endloop
  endfacet
  facet normal 0.000000e+00 -1.000000e+00 -0.000000e+00
    outer loop
      vertex   1.103814e+01 0.000000e+00 1.104294e+01
      vertex   1.089972e+01 0.000000e+00 1.058062e+01
      vertex   1.360000e+01 0.000000e+00 1.300000e+01
    endloop
  endfacet
  facet normal 0.000000e+00 -1.000000e+00 -0.000000e+00
    outer loop
      vertex   1.360000e+01 0.000000e+00 1.300000e+01
      vertex   1.089972e+01 0.000000e+00 1.058062e+01
      vertex   1.360000e+01 0.000000e+00 3.165685e+00
    endloop
  endfacet
  facet normal 0.000000e+00 -1.000000e+00 0.000000e+00
    outer loop
      vertex   1.360000e+01 0.000000e+00 3.165685e+00
      vertex   1.089972e+01 0.000000e+00 1.058062e+01
      vertex   1.070858e+01 0.000000e+00 1.013748e+01
    endloop
  endfacet
  facet normal 0.000000e+00 -1.000000e+00 0.000000e+00
    outer loop
      vertex   1.360000e+01 0.000000e+00 3.165685e+00
      vertex   1.070858e+01 0.000000e+00 1.013748e+01
      vertex   1.046727e+01 0.000000e+00 9.719538e+00
    endloop
  endfacet
  facet normal 0.000000e+00 -1.000000e+00 -0.000000e+00
    outer loop
      vertex   1.046727e+01 0.000000e+00 9.719538e+00
      vertex   1.017908e+01 0.000000e+00 9.332431e+00
      vertex   1.360000e+01 0.000000e+00 3.165685e+00
    endloop
  endfacet
  facet normal 0.000000e+00 -1.000000e+00 0.000000e+00
    outer loop
      vertex   1.360000e+01 0.000000e+00 3.165685e+00
      vertex   1.017908e+01 0.000000e+00 9.332431e+00
      vertex   9.847903e+00 0.000000e+00 8.981399e+00
    endloop
  endfacet
  facet normal 0.000000e+00 -1.000000e+00 0.000000e+00
    outer loop
      vertex   1.360000e+01 0.000000e+00 3.165685e+00
      vertex   9.847903e+00 0.000000e+00 8.981399e+00
      vertex   9.478208e+00 0.000000e+00 8.671189e+00
    endloop
  endfacet
  facet normal -0.000000e+00 -1.000000e+00 0.000000e+00
    outer loop
      vertex   1.360000e+01 0.000000e+00 3.165685e+00
      vertex   9.478208e+00 0.000000e+00 8.671189e+00
      vertex   1.083431e+01 0.000000e+00 4.000000e-01
    endloop
  endfacet
  facet normal 0.000000e+00 -1.000000e+00 0.000000e+00
    outer loop
      vertex   1.083431e+01 0.000000e+00 4.000000e-01
      vertex   9.478208e+00 0.000000e+00 8.671189e+00
      vertex   9.075000e+00 0.000000e+00 8.405995e+00
    endloop
  endfacet
  facet normal 0.000000e+00 -1.000000e+00 0.000000e+00
    outer loop
      vertex   1.083431e+01 0.000000e+00 4.000000e-01
      vertex   9.075000e+00 0.000000e+00 8.405995e+00
      vertex   8.643731e+00 0.000000e+00 8.189403e+00
    endloop
  endfacet
  facet normal 0.000000e+00 -1.000000e+00 -0.000000e+00
    outer loop
      vertex   8.643731e+00 0.000000e+00 8.189403e+00
      vertex   8.190233e+00 0.000000e+00 8.024344e+00
      vertex   1.083431e+01 0.000000e+00 4.000000e-01
    endloop
  endfacet
  facet normal 0.000000e+00 -1.000000e+00 0.000000e+00
    outer loop
      vertex   1.083431e+01 0.000000e+00 4.000000e-01
      vertex   8.190233e+00 0.000000e+00 8.024344e+00
      vertex   7.720640e+00 0.000000e+00 7.913048e+00
    endloop
  endfacet
  facet normal 0.000000e+00 -1.000000e+00 0.000000e+00
    outer loop
      vertex   1.083431e+01 0.000000e+00 4.000000e-01
      vertex   7.720640e+00 0.000000e+00 7.913048e+00
      vertex   7.241301e+00 0.000000e+00 7.857021e+00
    endloop
  endfacet
  facet normal -0.000000e+00 -1.000000e+00 -0.000000e+00
    outer loop
      vertex   7.241301e+00 0.000000e+00 7.857021e+00
      vertex   6.758699e+00 0.000000e+00 7.857021e+00
      vertex   1.083431e+01 0.000000e+00 4.000000e-01
    endloop
  endfacet
  facet normal 0.000000e+00 -1.000000e+00 0.000000e+00
    outer loop
      vertex   1.083431e+01 0.000000e+00 4.000000e-01
      vertex   6.758699e+00 0.000000e+00 7.857021e+00
      vertex   6.279360e+00 0.000000e+00 7.913048e+00
    endloop
  endfacet
  facet normal 0.000000e+00 -1.000000e+00 0.000000e+00
    outer loop
      vertex   1.083431e+01 0.000000e+00 4.000000e-01
      vertex   6.279360e+00 0.000000e+00 7.913048e+00
      vertex   4.000000e-01 0.000000e+00 4.000000e-01
    endloop
  endfacet
  facet normal 0.000000e+00 -1.000000e+00 0.000000e+00
    outer loop
      vertex   4.000000e-01 0.000000e+00 4.000000e-01
      vertex   6.279360e+00 0.000000e+00 7.913048e+00
      vertex   5.809767e+00 0.000000e+00 8.024344e+00
    endloop
  endfacet
  facet normal 0.000000e+00 -1.000000e+00 0.000000e+00
    outer loop
      vertex   4.000000e-01 0.000000e+00 4.000000e-01
      vertex   5.809767e+00 0.000000e+00 8.024344e+00
      vertex   5.356269e+00 0.000000e+00 8.189403e+00
    endloop
  endfacet
  facet normal -0.000000e+00 -1.000000e+00 0.000000e+00
    outer loop
      vertex   5.356269e+00 0.000000e+00 8.189403e+00
      vertex   4.925000e+00 0.000000e+00 8.405995e+00
      vertex   4.000000e-01 0.000000e+00 4.000000e-01
    endloop
  endfacet
  facet normal 0.000000e+00 -1.000000e+00 0.000000e+00
    outer loop
      vertex   4.000000e-01 0.000000e+00 4.000000e-01
      vertex   4.925000e+00 0.000000e+00 8.405995e+00
      vertex   4.521792e+00 0.000000e+00 8.671189e+00
    endloop
  endfacet
  facet normal 0.000000e+00 -1.000000e+00 0.000000e+00
    outer loop
      vertex   4.000000e-01 0.000000e+00 4.000000e-01
      vertex   4.521792e+00 0.000000e+00 8.671189e+00
      vertex   4.152097e+00 0.000000e+00 8.981399e+00
    endloop
  endfacet
  facet normal -0.000000e+00 -1.000000e+00 0.000000e+00
    outer loop
      vertex   4.152097e+00 0.000000e+00 8.981399e+00
      vertex   3.820916e+00 0.000000e+00 9.332431e+00
      vertex   4.000000e-01 0.000000e+00 4.000000e-01
    endloop
  endfacet
  facet normal 0.000000e+00 -1.000000e+00 0.000000e+00
    outer loop
      vertex   4.000000e-01 0.000000e+00 4.000000e-01
      vertex   3.820916e+00 0.000000e+00 9.332431e+00
      vertex   3.532726e+00 0.000000e+00 9.719538e+00
    endloop
  endfacet
  facet normal 0.000000e+00 -1.000000e+00 0.000000e+00
    outer loop
      vertex   4.000000e-01 0.000000e+00 4.000000e-01
      vertex   3.532726e+00 0.000000e+00 9.719538e+00
      vertex   3.291425e+00 0.000000e+00 1.013748e+01
    endloop
  endfacet
  facet normal 0.000000e+00 -1.000000e+00 0.000000e+00
    outer loop
      vertex   4.000000e-01 0.000000e+00 4.000000e-01
      vertex   3.291425e+00 0.000000e+00 1.013748e+01
      vertex   4.000000e-01 0.000000e+00 1.300000e+01
    endloop
  endfacet
  facet normal 0.000000e+00 -1.000000e+00 0.000000e+00
    outer loop
      vertex   4.000000e-01 0.000000e+00 1.300000e+01
      vertex   3.291425e+00 0.000000e+00 1.013748e+01
      vertex   3.100276e+00 0.000000e+00 1.058062e+01
    endloop
  endfacet
  facet normal 0.000000e+00 -1.000000e+00 0.000000e+00
    outer loop
      vertex   4.000000e-01 0.000000e+00 1.300000e+01
      vertex   3.100276e+00 0.000000e+00 1.058062e+01
      vertex   2.961864e+00 0.000000e+00 1.104294e+01
    endloop
  endfacet
  facet normal 0.000000e+00 -1.000000e+00 0.000000e+00
    outer loop
      vertex   2.961864e+00 0.000000e+00 1.104294e+01
      vertex   2.878061e+00 0.000000e+00 1.151821e+01
      vertex   4.000000e-01 0.000000e+00 1.300000e+01
    endloop
  endfacet
  facet normal 0.000000e+00 -1.000000e+00 0.000000e+00
    outer loop
      vertex   4.000000e-01 0.000000e+00 1.300000e+01
      vertex   2.878061e+00 0.000000e+00 1.151821e+01
      vertex   2.850000e+00 0.000000e+00 1.200000e+01
    endloop
  endfacet
  facet normal 0.000000e+00 -1.000000e+00 0.000000e+00
    outer loop
      vertex   4.000000e-01 0.000000e+00 1.300000e+01
      vertex   2.850000e+00 0.000000e+00 1.200000e+01
      vertex   2.878061e+00 0.000000e+00 1.248179e+01
    endloop
  endfacet
  facet normal 0.000000e+00 -1.000000e+00 0.000000e+00
    outer loop
      vertex   2.878061e+00 0.000000e+00 1.248179e+01
      vertex   2.961864e+00 0.000000e+00 1.295706e+01
      vertex   4.000000e-01 0.000000e+00 1.300000e+01
    endloop
  endfacet
  facet normal 0.000000e+00 -1.000000e+00 0.000000e+00
    outer loop
      vertex   4.000000e-01 0.000000e+00 1.300000e+01
      vertex   2.961864e+00 0.000000e+00 1.295706e+01
      vertex   4.269655e-01 0.000000e+00 1.354890e+01
    endloop
  endfacet
  facet normal 0.000000e+00 -1.000000e+00 0.000000e+00
    outer loop
      vertex   4.269655e-01 0.000000e+00 1.354890e+01
      vertex   2.961864e+00 0.000000e+00 1.295706e+01
      vertex   5.076024e-01 0.000000e+00 1.409251e+01
    endloop
  endfacet
  facet normal 0.000000e+00 -1.000000e+00 0.000000e+00
    outer loop
      vertex   5.076024e-01 0.000000e+00 1.409251e+01
      vertex   2.961864e+00 0.000000e+00 1.295706e+01
      vertex   6.411341e-01 0.000000e+00 1.462559e+01
    endloop
  endfacet
  facet normal 0.000000e+00 -1.000000e+00 0.000000e+00
    outer loop
      vertex   6.411341e-01 0.000000e+00 1.462559e+01
      vertex   2.961864e+00 0.000000e+00 1.295706e+01
      vertex   3.100276e+00 0.000000e+00 1.341938e+01
    endloop
  endfacet
  facet normal 0.000000e+00 -1.000000e+00 0.000000e+00
    outer loop
      vertex   6.411341e-01 0.000000e+00 1.462559e+01
      vertex   3.100276e+00 0.000000e+00 1.341938e+01
      vertex   8.262746e-01 0.000000e+00 1.514303e+01
    endloop
  endfacet
  facet normal 0.000000e+00 -1.000000e+00 0.000000e+00
    outer loop
      vertex   8.262746e-01 0.000000e+00 1.514303e+01
      vertex   3.100276e+00 0.000000e+00 1.341938e+01
      vertex   1.061241e+00 0.000000e+00 1.563982e+01
    endloop
  endfacet
  facet normal 0.000000e+00 -1.000000e+00 0.000000e+00
    outer loop
      vertex   1.061241e+00 0.000000e+00 1.563982e+01
      vertex   3.100276e+00 0.000000e+00 1.341938e+01
      vertex   3.291425e+00 0.000000e+00 1.386252e+01
    endloop
  endfacet
  facet normal 0.000000e+00 -1.000000e+00 0.000000e+00
    outer loop
      vertex   1.061241e+00 0.000000e+00 1.563982e+01
      vertex   3.291425e+00 0.000000e+00 1.386252e+01
      vertex   1.343770e+00 0.000000e+00 1.611119e+01
    endloop
  endfacet
  facet normal 0.000000e+00 -1.000000e+00 0.000000e+00
    outer loop
      vertex   1.343770e+00 0.000000e+00 1.611119e+01
      vertex   3.291425e+00 0.000000e+00 1.386252e+01
      vertex   1.671141e+00 0.000000e+00 1.655260e+01
    endloop
  endfacet
  facet normal 0.000000e+00 -1.000000e+00 0.000000e+00
    outer loop
      vertex   1.671141e+00 0.000000e+00 1.655260e+01
      vertex   3.291425e+00 0.000000e+00 1.386252e+01
      vertex   3.532726e+00 0.000000e+00 1.428046e+01
    endloop
  endfacet
  facet normal 0.000000e+00 -1.000000e+00 0.000000e+00
    outer loop
      vertex   1.671141e+00 0.000000e+00 1.655260e+01
      vertex   3.532726e+00 0.000000e+00 1.428046e+01
      vertex   2.040202e+00 0.000000e+00 1.695980e+01
    endloop
  endfacet
  facet normal 0.000000e+00 -1.000000e+00 0.000000e+00
    outer loop
      vertex   2.040202e+00 0.000000e+00 1.695980e+01
      vertex   3.532726e+00 0.000000e+00 1.428046e+01
      vertex   3.820916e+00 0.000000e+00 1.466757e+01
    endloop
  endfacet
  facet normal 0.000000e+00 -1.000000e+00 0.000000e+00
    outer loop
      vertex   2.040202e+00 0.000000e+00 1.695980e+01
      vertex   3.820916e+00 0.000000e+00 1.466757e+01
      vertex   2.447398e+00 0.000000e+00 1.732886e+01
    endloop
  endfacet
  facet normal 0.000000e+00 -1.000000e+00 0.000000e+00
    outer loop
      vertex   2.447398e+00 0.000000e+00 1.732886e+01
      vertex   3.820916e+00 0.000000e+00 1.466757e+01
      vertex   2.888807e+00 0.000000e+00 1.765623e+01
    endloop
  endfacet
  facet normal 0.000000e+00 -1.000000e+00 0.000000e+00
    outer loop
      vertex   2.888807e+00 0.000000e+00 1.765623e+01
      vertex   3.820916e+00 0.000000e+00 1.466757e+01
      vertex   4.152097e+00 0.000000e+00 1.501860e+01
    endloop
  endfacet
  facet normal 0.000000e+00 -1.000000e+00 0.000000e+00
    outer loop
      vertex   2.888807e+00 0.000000e+00 1.765623e+01
      vertex   4.152097e+00 0.000000e+00 1.501860e+01
      vertex   3.360178e+00 0.000000e+00 1.793876e+01
    endloop
  endfacet
  facet normal 0.000000e+00 -1.000000e+00 0.000000e+00
    outer loop
      vertex   3.360178e+00 0.000000e+00 1.793876e+01
      vertex   4.152097e+00 0.000000e+00 1.501860e+01
      vertex   4.521792e+00 0.000000e+00 1.532881e+01
    endloop
  endfacet
  facet normal 0.000000e+00 -1.000000e+00 0.000000e+00
    outer loop
      vertex   3.360178e+00 0.000000e+00 1.793876e+01
      vertex   4.521792e+00 0.000000e+00 1.532881e+01
      vertex   3.856973e+00 0.000000e+00 1.817373e+01
    endloop
  endfacet
  facet normal 0.000000e+00 -1.000000e+00 0.000000e+00
    outer loop
      vertex   3.856973e+00 0.000000e+00 1.817373e+01
      vertex   4.521792e+00 0.000000e+00 1.532881e+01
      vertex   4.925000e+00 0.000000e+00 1.559401e+01
    endloop
  endfacet
  facet normal 0.000000e+00 -1.000000e+00 0.000000e+00
    outer loop
      vertex   3.856973e+00 0.000000e+00 1.817373e+01
      vertex   4.925000e+00 0.000000e+00 1.559401e+01
      vertex   4.374406e+00 0.000000e+00 1.835887e+01
    endloop
  endfacet
  facet normal 0.000000e+00 -1.000000e+00 0.000000e+00
    outer loop
      vertex   4.374406e+00 0.000000e+00 1.835887e+01
      vertex   4.925000e+00 0.000000e+00 1.559401e+01
      vertex   5.356269e+00 0.000000e+00 1.581060e+01
    endloop
  endfacet
  facet normal 0.000000e+00 -1.000000e+00 0.000000e+00
    outer loop
      vertex   4.374406e+00 0.000000e+00 1.835887e+01
      vertex   5.356269e+00 0.000000e+00 1.581060e+01
      vertex   4.907494e+00 0.000000e+00 1.849240e+01
    endloop
  endfacet
  facet normal 0.000000e+00 -1.000000e+00 0.000000e+00
    outer loop
      vertex   4.907494e+00 0.000000e+00 1.849240e+01
      vertex   5.356269e+00 0.000000e+00 1.581060e+01
      vertex   5.451104e+00 0.000000e+00 1.857303e+01
    endloop
  endfacet
  facet normal 0.000000e+00 -1.000000e+00 -0.000000e+00
    outer loop
      vertex   5.451104e+00 0.000000e+00 1.857303e+01
      vertex   5.356269e+00 0.000000e+00 1.581060e+01
      vertex   5.809767e+00 0.000000e+00 1.597566e+01
    endloop
  endfacet
  facet normal 0.000000e+00 -1.000000e+00 0.000000e+00
    outer loop
      vertex   5.451104e+00 0.000000e+00 1.857303e+01
      vertex   5.809767e+00 0.000000e+00 1.597566e+01
      vertex   6.000000e+00 0.000000e+00 1.860000e+01
    endloop
  endfacet
  facet normal 0.000000e+00 -1.000000e+00 -0.000000e+00
    outer loop
      vertex   6.000000e+00 0.000000e+00 1.860000e+01
      vertex   5.809767e+00 0.000000e+00 1.597566e+01
      vertex   6.279360e+00 0.000000e+00 1.608695e+01
    endloop
  endfacet
  facet normal 0.000000e+00 -1.000000e+00 0.000000e+00
    outer loop
      vertex   6.000000e+00 0.000000e+00 1.860000e+01
      vertex   6.279360e+00 0.000000e+00 1.608695e+01
      vertex   6.758699e+00 0.000000e+00 1.614298e+01
    endloop
  endfacet
  facet normal 0.000000e+00 -1.000000e+00 0.000000e+00
    outer loop
      vertex   6.758699e+00 0.000000e+00 1.614298e+01
      vertex   7.241301e+00 0.000000e+00 1.614298e+01
      vertex   6.000000e+00 0.000000e+00 1.860000e+01
    endloop
  endfacet
  facet normal 0.000000e+00 -1.000000e+00 0.000000e+00
    outer loop
      vertex   6.000000e+00 0.000000e+00 1.860000e+01
      vertex   7.241301e+00 0.000000e+00 1.614298e+01
      vertex   8.000000e+00 0.000000e+00 1.860000e+01
    endloop
  endfacet
  facet normal 0.000000e+00 -1.000000e+00 0.000000e+00
    outer loop
      vertex   8.000000e+00 0.000000e+00 1.860000e+01
      vertex   7.241301e+00 0.000000e+00 1.614298e+01
      vertex   7.720640e+00 0.000000e+00 1.608695e+01
    endloop
  endfacet
  facet normal 0.000000e+00 -1.000000e+00 -0.000000e+00
    outer loop
      vertex   8.000000e+00 0.000000e+00 1.860000e+01
      vertex   7.720640e+00 0.000000e+00 1.608695e+01
      vertex   8.190233e+00 0.000000e+00 1.597566e+01
    endloop
  endfacet
  facet normal 0.000000e+00 -1.000000e+00 0.000000e+00
    outer loop
      vertex   8.000000e+00 0.000000e+00 1.860000e+01
      vertex   8.190233e+00 0.000000e+00 1.597566e+01
      vertex   8.548896e+00 0.000000e+00 1.857303e+01
    endloop
  endfacet
  facet normal 0.000000e+00 -1.000000e+00 -0.000000e+00
    outer loop
      vertex   8.548896e+00 0.000000e+00 1.857303e+01
      vertex   8.190233e+00 0.000000e+00 1.597566e+01
      vertex   8.643731e+00 0.000000e+00 1.581060e+01
    endloop
  endfacet
  facet normal 0.000000e+00 -1.000000e+00 0.000000e+00
    outer loop
      vertex   8.548896e+00 0.000000e+00 1.857303e+01
      vertex   8.643731e+00 0.000000e+00 1.581060e+01
      vertex   9.092506e+00 0.000000e+00 1.849240e+01
    endloop
  endfacet
  facet normal 0.000000e+00 -1.000000e+00 -0.000000e+00
    outer loop
      vertex   9.092506e+00 0.000000e+00 1.849240e+01
      vertex   8.643731e+00 0.000000e+00 1.581060e+01
      vertex   9.625594e+00 0.000000e+00 1.835887e+01
    endloop
  endfacet
  facet normal 0.000000e+00 -1.000000e+00 0.000000e+00
    outer loop
      vertex   9.625594e+00 0.000000e+00 1.835887e+01
      vertex   8.643731e+00 0.000000e+00 1.581060e+01
      vertex   9.075000e+00 0.000000e+00 1.559401e+01
    endloop
  endfacet
  facet normal 0.000000e+00 -1.000000e+00 -0.000000e+00
    outer loop
      vertex   9.625594e+00 0.000000e+00 1.835887e+01
      vertex   9.075000e+00 0.000000e+00 1.559401e+01
      vertex   1.014303e+01 0.000000e+00 1.817373e+01
    endloop
  endfacet
  facet normal 0.000000e+00 -1.000000e+00 0.000000e+00
    outer loop
      vertex   1.014303e+01 0.000000e+00 1.817373e+01
      vertex   9.075000e+00 0.000000e+00 1.559401e+01
      vertex   9.478208e+00 0.000000e+00 1.532881e+01
    endloop
  endfacet
  facet normal 0.000000e+00 -1.000000e+00 -0.000000e+00
    outer loop
      vertex   1.014303e+01 0.000000e+00 1.817373e+01
      vertex   9.478208e+00 0.000000e+00 1.532881e+01
      vertex   1.063982e+01 0.000000e+00 1.793876e+01
    endloop
  endfacet
  facet normal 0.000000e+00 -1.000000e+00 0.000000e+00
    outer loop
      vertex   1.063982e+01 0.000000e+00 1.793876e+01
      vertex   9.478208e+00 0.000000e+00 1.532881e+01
      vertex   9.847903e+00 0.000000e+00 1.501860e+01
    endloop
  endfacet
  facet normal 0.000000e+00 -1.000000e+00 -0.000000e+00
    outer loop
      vertex   1.063982e+01 0.000000e+00 1.793876e+01
      vertex   9.847903e+00 0.000000e+00 1.501860e+01
      vertex   1.111119e+01 0.000000e+00 1.765623e+01
    endloop
  endfacet
  facet normal 0.000000e+00 -1.000000e+00 0.000000e+00
    outer loop
      vertex   1.111119e+01 0.000000e+00 1.765623e+01
      vertex   9.847903e+00 0.000000e+00 1.501860e+01
      vertex   1.017908e+01 0.000000e+00 1.466757e+01
    endloop
  endfacet
  facet normal 0.000000e+00 -1.000000e+00 -0.000000e+00
    outer loop
      vertex   1.111119e+01 0.000000e+00 1.765623e+01
      vertex   1.017908e+01 0.000000e+00 1.466757e+01
      vertex   1.155260e+01 0.000000e+00 1.732886e+01
    endloop
  endfacet
  facet normal 0.000000e+00 -1.000000e+00 -0.000000e+00
    outer loop
      vertex   1.155260e+01 0.000000e+00 1.732886e+01
      vertex   1.017908e+01 0.000000e+00 1.466757e+01
      vertex   1.195980e+01 0.000000e+00 1.695980e+01
    endloop
  endfacet
  facet normal 0.000000e+00 -1.000000e+00 0.000000e+00
    outer loop
      vertex   1.195980e+01 0.000000e+00 1.695980e+01
      vertex   1.017908e+01 0.000000e+00 1.466757e+01
      vertex   1.046727e+01 0.000000e+00 1.428046e+01
    endloop
  endfacet
  facet normal 0.000000e+00 -1.000000e+00 -0.000000e+00
    outer loop
      vertex   1.195980e+01 0.000000e+00 1.695980e+01
      vertex   1.046727e+01 0.000000e+00 1.428046e+01
      vertex   1.232886e+01 0.000000e+00 1.655260e+01
    endloop
  endfacet
  facet normal 0.000000e+00 -1.000000e+00 0.000000e+00
    outer loop
      vertex   1.232886e+01 0.000000e+00 1.655260e+01
      vertex   1.046727e+01 0.000000e+00 1.428046e+01
      vertex   1.070858e+01 0.000000e+00 1.386252e+01
    endloop
  endfacet
  facet normal 0.000000e+00 -1.000000e+00 -0.000000e+00
    outer loop
      vertex   1.232886e+01 0.000000e+00 1.655260e+01
      vertex   1.070858e+01 0.000000e+00 1.386252e+01
      vertex   1.265623e+01 0.000000e+00 1.611119e+01
    endloop
  endfacet
  facet normal 0.000000e+00 -1.000000e+00 -0.000000e+00
    outer loop
      vertex   1.265623e+01 0.000000e+00 1.611119e+01
      vertex   1.070858e+01 0.000000e+00 1.386252e+01
      vertex   1.293876e+01 0.000000e+00 1.563982e+01
    endloop
  endfacet
  facet normal 0.000000e+00 -1.000000e+00 0.000000e+00
    outer loop
      vertex   1.293876e+01 0.000000e+00 1.563982e+01
      vertex   1.070858e+01 0.000000e+00 1.386252e+01
      vertex   1.089972e+01 0.000000e+00 1.341938e+01
    endloop
  endfacet
  facet normal 0.000000e+00 -1.000000e+00 -0.000000e+00
    outer loop
      vertex   1.293876e+01 0.000000e+00 1.563982e+01
      vertex   1.089972e+01 0.000000e+00 1.341938e+01
      vertex   1.317373e+01 0.000000e+00 1.514303e+01
    endloop
  endfacet
  facet normal 0.000000e+00 -1.000000e+00 -0.000000e+00
    outer loop
      vertex   1.317373e+01 0.000000e+00 1.514303e+01
      vertex   1.089972e+01 0.000000e+00 1.341938e+01
      vertex   1.335887e+01 0.000000e+00 1.462559e+01
    endloop
  endfacet
  facet normal 0.000000e+00 -1.000000e+00 0.000000e+00
    outer loop
      vertex   1.335887e+01 0.000000e+00 1.462559e+01
      vertex   1.089972e+01 0.000000e+00 1.341938e+01
      vertex   1.103814e+01 0.000000e+00 1.295706e+01
    endloop
  endfacet
  facet normal 0.000000e+00 -1.000000e+00 -0.000000e+00
    outer loop
      vertex   1.335887e+01 0.000000e+00 1.462559e+01
      vertex   1.103814e+01 0.000000e+00 1.295706e+01
      vertex   1.349240e+01 0.000000e+00 1.409251e+01
    endloop
  endfacet
  facet normal 0.000000e+00 -1.000000e+00 -0.000000e+00
    outer loop
      vertex   1.349240e+01 0.000000e+00 1.409251e+01
      vertex   1.103814e+01 0.000000e+00 1.295706e+01
      vertex   1.357303e+01 0.000000e+00 1.354890e+01
    endloop
  endfacet
  facet normal 0.000000e+00 -1.000000e+00 -0.000000e+00
    outer loop
      vertex   1.357303e+01 0.000000e+00 1.354890e+01
      vertex   1.103814e+01 0.000000e+00 1.295706e+01
      vertex   1.360000e+01 0.000000e+00 1.300000e+01
    endloop
  endfacet
  facet normal 0.000000e+00 -1.000000e+00 0.000000e+00
    outer loop
      vertex   1.360000e+01 0.000000e+00 1.300000e+01
      vertex   1.103814e+01 0.000000e+00 1.295706e+01
      vertex   1.112194e+01 0.000000e+00 1.248179e+01
    endloop
  endfacet
  facet normal 5.000000e-01 7.071068e-01 -5.000000e-01
    outer loop
      vertex   1.360000e+01 5.000000e+00 3.165685e+00
      vertex   1.400000e+01 4.600000e+00 3.000000e+00
      vertex   1.140000e+01 5.000000e+00 9.656854e-01
    endloop
  endfacet
  facet normal 5.000000e-01 7.071068e-01 -5.000000e-01
    outer loop
      vertex   1.140000e+01 5.000000e+00 9.656854e-01
      vertex   1.400000e+01 4.600000e+00 3.000000e+00
      vertex   1.100000e+01 4.882843e+00 4.000000e-01
    endloop
  endfacet
  facet normal 5.000000e-01 7.071068e-01 -5.000000e-01
    outer loop
      vertex   1.140000e+01 5.000000e+00 9.656854e-01
      vertex   1.100000e+01 4.882843e+00 4.000000e-01
      vertex   1.100000e+01 5.400000e+00 1.131371e+00
    endloop
  endfacet
  facet normal 5.000000e-01 7.071068e-01 -5.000000e-01
    outer loop
      vertex   1.400000e+01 4.600000e+00 3.000000e+00
      vertex   1.100000e+01 4.600000e+00 0.000000e+00
      vertex   1.100000e+01 4.882843e+00 4.000000e-01
    endloop
  endfacet
  facet normal 5.000000e-01 7.071068e-01 -5.000000e-01
    outer loop
      vertex   1.100000e+01 4.882843e+00 4.000000e-01
      vertex   1.100000e+01 4.600000e+00 0.000000e+00
      vertex   1.060000e+01 4.882843e+00 0.000000e+00
    endloop
  endfacet
  facet normal 0.000000e+00 1.000000e+00 -0.000000e+00
    outer loop
      vertex   1.360000e+01 5.000000e+00 3.165685e+00
      vertex   1.140000e+01 5.000000e+00 5.400000e+00
      vertex   1.360000e+01 5.000000e+00 1.300000e+01
    endloop
  endfacet
  facet normal 0.000000e+00 1.000000e+00 0.000000e+00
    outer loop
      vertex   1.360000e+01 5.000000e+00 1.300000e+01
      vertex   1.140000e+01 5.000000e+00 5.400000e+00
      vertex   1.089972e+01 5.000000e+00 1.058062e+01
    endloop
  endfacet
  facet normal 0.000000e+00 1.000000e+00 0.000000e+00
    outer loop
      vertex   1.360000e+01 5.000000e+00 1.300000e+01
      vertex   1.089972e+01 5.000000e+00 1.058062e+01
      vertex   1.103814e+01 5.000000e+00 1.104294e+01
    endloop
  endfacet
  facet normal 0.000000e+00 1.000000e+00 0.000000e+00
    outer loop
      vertex   1.360000e+01 5.000000e+00 3.165685e+00
      vertex   1.140000e+01 5.000000e+00 9.656854e-01
      vertex   1.140000e+01 5.000000e+00 5.400000e+00
    endloop
  endfacet
  facet normal 0.000000e+00 1.000000e+00 0.000000e+00
    outer loop
      vertex   4.000000e-01 5.000000e+00 5.400000e+00
      vertex   6.758699e+00 5.000000e+00 7.857021e+00
      vertex   1.140000e+01 5.000000e+00 5.400000e+00
    endloop
  endfacet
  facet normal 0.000000e+00 1.000000e+00 0.000000e+00
    outer loop
      vertex   1.140000e+01 5.000000e+00 5.400000e+00
      vertex   6.758699e+00 5.000000e+00 7.857021e+00
      vertex   7.241301e+00 5.000000e+00 7.857021e+00
    endloop
  endfacet
  facet normal 0.000000e+00 1.000000e+00 0.000000e+00
    outer loop
      vertex   1.140000e+01 5.000000e+00 5.400000e+00
      vertex   7.241301e+00 5.000000e+00 7.857021e+00
      vertex   7.720640e+00 5.000000e+00 7.913048e+00
    endloop
  endfacet
  facet normal 0.000000e+00 1.000000e+00 0.000000e+00
    outer loop
      vertex   4.000000e-01 5.000000e+00 1.300000e+01
      vertex   3.100276e+00 5.000000e+00 1.058062e+01
      vertex   4.000000e-01 5.000000e+00 5.400000e+00
    endloop
  endfacet
  facet normal 0.000000e+00 1.000000e+00 0.000000e+00
    outer loop
      vertex   4.000000e-01 5.000000e+00 5.400000e+00
      vertex   3.100276e+00 5.000000e+00 1.058062e+01
      vertex   3.291425e+00 5.000000e+00 1.013748e+01
    endloop
  endfacet
  facet normal 0.000000e+00 1.000000e+00 0.000000e+00
    outer loop
      vertex   4.000000e-01 5.000000e+00 5.400000e+00
      vertex   3.291425e+00 5.000000e+00 1.013748e+01
      vertex   3.532726e+00 5.000000e+00 9.719538e+00
    endloop
  endfacet
  facet normal 0.000000e+00 1.000000e+00 0.000000e+00
    outer loop
      vertex   4.269655e-01 5.000000e+00 1.354890e+01
      vertex   2.961864e+00 5.000000e+00 1.295706e+01
      vertex   4.000000e-01 5.000000e+00 1.300000e+01
    endloop
  endfacet
  facet normal 0.000000e+00 1.000000e+00 0.000000e+00
    outer loop
      vertex   4.000000e-01 5.000000e+00 1.300000e+01
      vertex   2.961864e+00 5.000000e+00 1.295706e+01
      vertex   2.878061e+00 5.000000e+00 1.248179e+01
    endloop
  endfacet
  facet normal 0.000000e+00 1.000000e+00 0.000000e+00
    outer loop
      vertex   4.000000e-01 5.000000e+00 1.300000e+01
      vertex   2.878061e+00 5.000000e+00 1.248179e+01
      vertex   2.850000e+00 5.000000e+00 1.200000e+01
    endloop
  endfacet
  facet normal -0.000000e+00 1.000000e+00 0.000000e+00
    outer loop
      vertex   4.269655e-01 5.000000e+00 1.354890e+01
      vertex   5.076024e-01 5.000000e+00 1.409251e+01
      vertex   2.961864e+00 5.000000e+00 1.295706e+01
    endloop
  endfacet
  facet normal 0.000000e+00 1.000000e+00 0.000000e+00
    outer loop
      vertex   2.961864e+00 5.000000e+00 1.295706e+01
      vertex   5.076024e-01 5.000000e+00 1.409251e+01
      vertex   6.411341e-01 5.000000e+00 1.462559e+01
    endloop
  endfacet
  facet normal 0.000000e+00 1.000000e+00 -0.000000e+00
    outer loop
      vertex   2.961864e+00 5.000000e+00 1.295706e+01
      vertex   6.411341e-01 5.000000e+00 1.462559e+01
      vertex   3.100276e+00 5.000000e+00 1.341938e+01
    endloop
  endfacet
  facet normal 0.000000e+00 1.000000e+00 0.000000e+00
    outer loop
      vertex   3.100276e+00 5.000000e+00 1.341938e+01
      vertex   6.411341e-01 5.000000e+00 1.462559e+01
      vertex   8.262746e-01 5.000000e+00 1.514303e+01
    endloop
  endfacet
  facet normal 0.000000e+00 1.000000e+00 0.000000e+00
    outer loop
      vertex   3.100276e+00 5.000000e+00 1.341938e+01
      vertex   8.262746e-01 5.000000e+00 1.514303e+01
      vertex   1.061241e+00 5.000000e+00 1.563982e+01
    endloop
  endfacet
  facet normal 0.000000e+00 1.000000e+00 -0.000000e+00
    outer loop
      vertex   3.100276e+00 5.000000e+00 1.341938e+01
      vertex   1.061241e+00 5.000000e+00 1.563982e+01
      vertex   3.291425e+00 5.000000e+00 1.386252e+01
    endloop
  endfacet
  facet normal 0.000000e+00 1.000000e+00 0.000000e+00
    outer loop
      vertex   3.291425e+00 5.000000e+00 1.386252e+01
      vertex   1.061241e+00 5.000000e+00 1.563982e+01
      vertex   1.343770e+00 5.000000e+00 1.611119e+01
    endloop
  endfacet
  facet normal 0.000000e+00 1.000000e+00 -0.000000e+00
    outer loop
      vertex   3.291425e+00 5.000000e+00 1.386252e+01
      vertex   1.343770e+00 5.000000e+00 1.611119e+01
      vertex   3.532726e+00 5.000000e+00 1.428046e+01
    endloop
  endfacet
  facet normal 0.000000e+00 1.000000e+00 0.000000e+00
    outer loop
      vertex   3.532726e+00 5.000000e+00 1.428046e+01
      vertex   1.343770e+00 5.000000e+00 1.611119e+01
      vertex   1.671141e+00 5.000000e+00 1.655260e+01
    endloop
  endfacet
  facet normal 0.000000e+00 1.000000e+00 0.000000e+00
    outer loop
      vertex   3.532726e+00 5.000000e+00 1.428046e+01
      vertex   1.671141e+00 5.000000e+00 1.655260e+01
      vertex   2.040202e+00 5.000000e+00 1.695980e+01
    endloop
  endfacet
  facet normal 0.000000e+00 1.000000e+00 -0.000000e+00
    outer loop
      vertex   3.532726e+00 5.000000e+00 1.428046e+01
      vertex   2.040202e+00 5.000000e+00 1.695980e+01
      vertex   3.820916e+00 5.000000e+00 1.466757e+01
    endloop
  endfacet
  facet normal 0.000000e+00 1.000000e+00 0.000000e+00
    outer loop
      vertex   3.820916e+00 5.000000e+00 1.466757e+01
      vertex   2.040202e+00 5.000000e+00 1.695980e+01
      vertex   2.447398e+00 5.000000e+00 1.732886e+01
    endloop
  endfacet
  facet normal 0.000000e+00 1.000000e+00 -0.000000e+00
    outer loop
      vertex   3.820916e+00 5.000000e+00 1.466757e+01
      vertex   2.447398e+00 5.000000e+00 1.732886e+01
      vertex   4.152097e+00 5.000000e+00 1.501860e+01
    endloop
  endfacet
  facet normal 0.000000e+00 1.000000e+00 0.000000e+00
    outer loop
      vertex   4.152097e+00 5.000000e+00 1.501860e+01
      vertex   2.447398e+00 5.000000e+00 1.732886e+01
      vertex   2.888807e+00 5.000000e+00 1.765623e+01
    endloop
  endfacet
  facet normal 0.000000e+00 1.000000e+00 0.000000e+00
    outer loop
      vertex   4.152097e+00 5.000000e+00 1.501860e+01
      vertex   2.888807e+00 5.000000e+00 1.765623e+01
      vertex   3.360178e+00 5.000000e+00 1.793876e+01
    endloop
  endfacet
  facet normal 0.000000e+00 1.000000e+00 -0.000000e+00
    outer loop
      vertex   4.152097e+00 5.000000e+00 1.501860e+01
      vertex   3.360178e+00 5.000000e+00 1.793876e+01
      vertex   4.521792e+00 5.000000e+00 1.532881e+01
    endloop
  endfacet
  facet normal 0.000000e+00 1.000000e+00 0.000000e+00
    outer loop
      vertex   4.521792e+00 5.000000e+00 1.532881e+01
      vertex   3.360178e+00 5.000000e+00 1.793876e+01
      vertex   3.856973e+00 5.000000e+00 1.817373e+01
    endloop
  endfacet
  facet normal 0.000000e+00 1.000000e+00 -0.000000e+00
    outer loop
      vertex   4.521792e+00 5.000000e+00 1.532881e+01
      vertex   3.856973e+00 5.000000e+00 1.817373e+01
      vertex   4.925000e+00 5.000000e+00 1.559401e+01
    endloop
  endfacet
  facet normal 0.000000e+00 1.000000e+00 0.000000e+00
    outer loop
      vertex   4.925000e+00 5.000000e+00 1.559401e+01
      vertex   3.856973e+00 5.000000e+00 1.817373e+01
      vertex   4.374406e+00 5.000000e+00 1.835887e+01
    endloop
  endfacet
  facet normal 0.000000e+00 1.000000e+00 -0.000000e+00
    outer loop
      vertex   4.925000e+00 5.000000e+00 1.559401e+01
      vertex   4.374406e+00 5.000000e+00 1.835887e+01
      vertex   5.356269e+00 5.000000e+00 1.581060e+01
    endloop
  endfacet
  facet normal 0.000000e+00 1.000000e+00 0.000000e+00
    outer loop
      vertex   5.356269e+00 5.000000e+00 1.581060e+01
      vertex   4.374406e+00 5.000000e+00 1.835887e+01
      vertex   4.907494e+00 5.000000e+00 1.849240e+01
    endloop
  endfacet
  facet normal 0.000000e+00 1.000000e+00 -0.000000e+00
    outer loop
      vertex   5.356269e+00 5.000000e+00 1.581060e+01
      vertex   4.907494e+00 5.000000e+00 1.849240e+01
      vertex   5.451104e+00 5.000000e+00 1.857303e+01
    endloop
  endfacet
  facet normal 0.000000e+00 1.000000e+00 0.000000e+00
    outer loop
      vertex   5.356269e+00 5.000000e+00 1.581060e+01
      vertex   5.451104e+00 5.000000e+00 1.857303e+01
      vertex   5.809767e+00 5.000000e+00 1.597566e+01
    endloop
  endfacet
  facet normal 0.000000e+00 1.000000e+00 -0.000000e+00
    outer loop
      vertex   5.809767e+00 5.000000e+00 1.597566e+01
      vertex   5.451104e+00 5.000000e+00 1.857303e+01
      vertex   6.000000e+00 5.000000e+00 1.860000e+01
    endloop
  endfacet
  facet normal 0.000000e+00 1.000000e+00 0.000000e+00
    outer loop
      vertex   5.809767e+00 5.000000e+00 1.597566e+01
      vertex   6.000000e+00 5.000000e+00 1.860000e+01
      vertex   6.279360e+00 5.000000e+00 1.608695e+01
    endloop
  endfacet
  facet normal 0.000000e+00 1.000000e+00 -0.000000e+00
    outer loop
      vertex   6.279360e+00 5.000000e+00 1.608695e+01
      vertex   6.000000e+00 5.000000e+00 1.860000e+01
      vertex   6.758699e+00 5.000000e+00 1.614298e+01
    endloop
  endfacet
  facet normal 0.000000e+00 1.000000e+00 -0.000000e+00
    outer loop
      vertex   6.758699e+00 5.000000e+00 1.614298e+01
      vertex   6.000000e+00 5.000000e+00 1.860000e+01
      vertex   7.241301e+00 5.000000e+00 1.614298e+01
    endloop
  endfacet
  facet normal 0.000000e+00 1.000000e+00 -0.000000e+00
    outer loop
      vertex   7.241301e+00 5.000000e+00 1.614298e+01
      vertex   6.000000e+00 5.000000e+00 1.860000e+01
      vertex   8.000000e+00 5.000000e+00 1.860000e+01
    endloop
  endfacet
  facet normal -0.000000e+00 1.000000e+00 0.000000e+00
    outer loop
      vertex   7.241301e+00 5.000000e+00 1.614298e+01
      vertex   8.000000e+00 5.000000e+00 1.860000e+01
      vertex   7.720640e+00 5.000000e+00 1.608695e+01
    endloop
  endfacet
  facet normal -0.000000e+00 1.000000e+00 0.000000e+00
    outer loop
      vertex   7.720640e+00 5.000000e+00 1.608695e+01
      vertex   8.000000e+00 5.000000e+00 1.860000e+01
      vertex   8.190233e+00 5.000000e+00 1.597566e+01
    endloop
  endfacet
  facet normal 0.000000e+00 1.000000e+00 -0.000000e+00
    outer loop
      vertex   8.190233e+00 5.000000e+00 1.597566e+01
      vertex   8.000000e+00 5.000000e+00 1.860000e+01
      vertex   8.548896e+00 5.000000e+00 1.857303e+01
    endloop
  endfacet
  facet normal -0.000000e+00 1.000000e+00 0.000000e+00
    outer loop
      vertex   8.190233e+00 5.000000e+00 1.597566e+01
      vertex   8.548896e+00 5.000000e+00 1.857303e+01
      vertex   8.643731e+00 5.000000e+00 1.581060e+01
    endloop
  endfacet
  facet normal 0.000000e+00 1.000000e+00 -0.000000e+00
    outer loop
      vertex   8.643731e+00 5.000000e+00 1.581060e+01
      vertex   8.548896e+00 5.000000e+00 1.857303e+01
      vertex   9.092506e+00 5.000000e+00 1.849240e+01
    endloop
  endfacet
  facet normal 0.000000e+00 1.000000e+00 0.000000e+00
    outer loop
      vertex   8.643731e+00 5.000000e+00 1.581060e+01
      vertex   9.092506e+00 5.000000e+00 1.849240e+01
      vertex   9.625594e+00 5.000000e+00 1.835887e+01
    endloop
  endfacet
  facet normal -0.000000e+00 1.000000e+00 0.000000e+00
    outer loop
      vertex   8.643731e+00 5.000000e+00 1.581060e+01
      vertex   9.625594e+00 5.000000e+00 1.835887e+01
      vertex   9.075000e+00 5.000000e+00 1.559401e+01
    endloop
  endfacet
  facet normal 0.000000e+00 1.000000e+00 0.000000e+00
    outer loop
      vertex   9.075000e+00 5.000000e+00 1.559401e+01
      vertex   9.625594e+00 5.000000e+00 1.835887e+01
      vertex   1.014303e+01 5.000000e+00 1.817373e+01
    endloop
  endfacet
  facet normal -0.000000e+00 1.000000e+00 0.000000e+00
    outer loop
      vertex   9.075000e+00 5.000000e+00 1.559401e+01
      vertex   1.014303e+01 5.000000e+00 1.817373e+01
      vertex   9.478208e+00 5.000000e+00 1.532881e+01
    endloop
  endfacet
  facet normal 0.000000e+00 1.000000e+00 0.000000e+00
    outer loop
      vertex   9.478208e+00 5.000000e+00 1.532881e+01
      vertex   1.014303e+01 5.000000e+00 1.817373e+01
      vertex   1.063982e+01 5.000000e+00 1.793876e+01
    endloop
  endfacet
  facet normal -0.000000e+00 1.000000e+00 0.000000e+00
    outer loop
      vertex   9.478208e+00 5.000000e+00 1.532881e+01
      vertex   1.063982e+01 5.000000e+00 1.793876e+01
      vertex   9.847903e+00 5.000000e+00 1.501860e+01
    endloop
  endfacet
  facet normal 0.000000e+00 1.000000e+00 0.000000e+00
    outer loop
      vertex   9.847903e+00 5.000000e+00 1.501860e+01
      vertex   1.063982e+01 5.000000e+00 1.793876e+01
      vertex   1.111119e+01 5.000000e+00 1.765623e+01
    endloop
  endfacet
  facet normal 0.000000e+00 1.000000e+00 0.000000e+00
    outer loop
      vertex   9.847903e+00 5.000000e+00 1.501860e+01
      vertex   1.111119e+01 5.000000e+00 1.765623e+01
      vertex   1.155260e+01 5.000000e+00 1.732886e+01
    endloop
  endfacet
  facet normal -0.000000e+00 1.000000e+00 0.000000e+00
    outer loop
      vertex   9.847903e+00 5.000000e+00 1.501860e+01
      vertex   1.155260e+01 5.000000e+00 1.732886e+01
      vertex   1.017908e+01 5.000000e+00 1.466757e+01
    endloop
  endfacet
  facet normal 0.000000e+00 1.000000e+00 0.000000e+00
    outer loop
      vertex   1.017908e+01 5.000000e+00 1.466757e+01
      vertex   1.155260e+01 5.000000e+00 1.732886e+01
      vertex   1.195980e+01 5.000000e+00 1.695980e+01
    endloop
  endfacet
  facet normal -0.000000e+00 1.000000e+00 0.000000e+00
    outer loop
      vertex   1.017908e+01 5.000000e+00 1.466757e+01
      vertex   1.195980e+01 5.000000e+00 1.695980e+01
      vertex   1.046727e+01 5.000000e+00 1.428046e+01
    endloop
  endfacet
  facet normal 0.000000e+00 1.000000e+00 0.000000e+00
    outer loop
      vertex   1.046727e+01 5.000000e+00 1.428046e+01
      vertex   1.195980e+01 5.000000e+00 1.695980e+01
      vertex   1.232886e+01 5.000000e+00 1.655260e+01
    endloop
  endfacet
  facet normal 0.000000e+00 1.000000e+00 0.000000e+00
    outer loop
      vertex   1.046727e+01 5.000000e+00 1.428046e+01
      vertex   1.232886e+01 5.000000e+00 1.655260e+01
      vertex   1.265623e+01 5.000000e+00 1.611119e+01
    endloop
  endfacet
  facet normal -0.000000e+00 1.000000e+00 0.000000e+00
    outer loop
      vertex   1.046727e+01 5.000000e+00 1.428046e+01
      vertex   1.265623e+01 5.000000e+00 1.611119e+01
      vertex   1.070858e+01 5.000000e+00 1.386252e+01
    endloop
  endfacet
  facet normal 0.000000e+00 1.000000e+00 0.000000e+00
    outer loop
      vertex   1.070858e+01 5.000000e+00 1.386252e+01
      vertex   1.265623e+01 5.000000e+00 1.611119e+01
      vertex   1.293876e+01 5.000000e+00 1.563982e+01
    endloop
  endfacet
  facet normal -0.000000e+00 1.000000e+00 0.000000e+00
    outer loop
      vertex   1.070858e+01 5.000000e+00 1.386252e+01
      vertex   1.293876e+01 5.000000e+00 1.563982e+01
      vertex   1.089972e+01 5.000000e+00 1.341938e+01
    endloop
  endfacet
  facet normal 0.000000e+00 1.000000e+00 0.000000e+00
    outer loop
      vertex   1.089972e+01 5.000000e+00 1.341938e+01
      vertex   1.293876e+01 5.000000e+00 1.563982e+01
      vertex   1.317373e+01 5.000000e+00 1.514303e+01
    endloop
  endfacet
  facet normal 0.000000e+00 1.000000e+00 0.000000e+00
    outer loop
      vertex   1.089972e+01 5.000000e+00 1.341938e+01
      vertex   1.317373e+01 5.000000e+00 1.514303e+01
      vertex   1.335887e+01 5.000000e+00 1.462559e+01
    endloop
  endfacet
  facet normal -0.000000e+00 1.000000e+00 0.000000e+00
    outer loop
      vertex   1.089972e+01 5.000000e+00 1.341938e+01
      vertex   1.335887e+01 5.000000e+00 1.462559e+01
      vertex   1.103814e+01 5.000000e+00 1.295706e+01
    endloop
  endfacet
  facet normal 0.000000e+00 1.000000e+00 0.000000e+00
    outer loop
      vertex   1.103814e+01 5.000000e+00 1.295706e+01
      vertex   1.335887e+01 5.000000e+00 1.462559e+01
      vertex   1.349240e+01 5.000000e+00 1.409251e+01
    endloop
  endfacet
  facet normal 0.000000e+00 1.000000e+00 0.000000e+00
    outer loop
      vertex   1.103814e+01 5.000000e+00 1.295706e+01
      vertex   1.349240e+01 5.000000e+00 1.409251e+01
      vertex   1.357303e+01 5.000000e+00 1.354890e+01
    endloop
  endfacet
  facet normal 0.000000e+00 1.000000e+00 0.000000e+00
    outer loop
      vertex   1.357303e+01 5.000000e+00 1.354890e+01
      vertex   1.360000e+01 5.000000e+00 1.300000e+01
      vertex   1.103814e+01 5.000000e+00 1.295706e+01
    endloop
  endfacet
  facet normal -0.000000e+00 1.000000e+00 0.000000e+00
    outer loop
      vertex   1.103814e+01 5.000000e+00 1.295706e+01
      vertex   1.360000e+01 5.000000e+00 1.300000e+01
      vertex   1.112194e+01 5.000000e+00 1.248179e+01
    endloop
  endfacet
  facet normal -0.000000e+00 1.000000e+00 0.000000e+00
    outer loop
      vertex   1.112194e+01 5.000000e+00 1.248179e+01
      vertex   1.360000e+01 5.000000e+00 1.300000e+01
      vertex   1.115000e+01 5.000000e+00 1.200000e+01
    endloop
  endfacet
  facet normal -0.000000e+00 1.000000e+00 0.000000e+00
    outer loop
      vertex   1.115000e+01 5.000000e+00 1.200000e+01
      vertex   1.360000e+01 5.000000e+00 1.300000e+01
      vertex   1.112194e+01 5.000000e+00 1.151821e+01
    endloop
  endfacet
  facet normal -0.000000e+00 1.000000e+00 0.000000e+00
    outer loop
      vertex   1.112194e+01 5.000000e+00 1.151821e+01
      vertex   1.360000e+01 5.000000e+00 1.300000e+01
      vertex   1.103814e+01 5.000000e+00 1.104294e+01
    endloop
  endfacet
  facet normal 0.000000e+00 1.000000e+00 0.000000e+00
    outer loop
      vertex   2.850000e+00 5.000000e+00 1.200000e+01
      vertex   2.878061e+00 5.000000e+00 1.151821e+01
      vertex   4.000000e-01 5.000000e+00 1.300000e+01
    endloop
  endfacet
  facet normal 0.000000e+00 1.000000e+00 0.000000e+00
    outer loop
      vertex   4.000000e-01 5.000000e+00 1.300000e+01
      vertex   2.878061e+00 5.000000e+00 1.151821e+01
      vertex   2.961864e+00 5.000000e+00 1.104294e+01
    endloop
  endfacet
  facet normal 0.000000e+00 1.000000e+00 0.000000e+00
    outer loop
      vertex   4.000000e-01 5.000000e+00 1.300000e+01
      vertex   2.961864e+00 5.000000e+00 1.104294e+01
      vertex   3.100276e+00 5.000000e+00 1.058062e+01
    endloop
  endfacet
  facet normal 0.000000e+00 1.000000e+00 0.000000e+00
    outer loop
      vertex   3.532726e+00 5.000000e+00 9.719538e+00
      vertex   3.820916e+00 5.000000e+00 9.332431e+00
      vertex   4.000000e-01 5.000000e+00 5.400000e+00
    endloop
  endfacet
  facet normal 0.000000e+00 1.000000e+00 0.000000e+00
    outer loop
      vertex   4.000000e-01 5.000000e+00 5.400000e+00
      vertex   3.820916e+00 5.000000e+00 9.332431e+00
      vertex   4.152097e+00 5.000000e+00 8.981399e+00
    endloop
  endfacet
  facet normal 0.000000e+00 1.000000e+00 0.000000e+00
    outer loop
      vertex   4.000000e-01 5.000000e+00 5.400000e+00
      vertex   4.152097e+00 5.000000e+00 8.981399e+00
      vertex   4.521792e+00 5.000000e+00 8.671189e+00
    endloop
  endfacet
  facet normal 0.000000e+00 1.000000e+00 0.000000e+00
    outer loop
      vertex   4.521792e+00 5.000000e+00 8.671189e+00
      vertex   4.925000e+00 5.000000e+00 8.405995e+00
      vertex   4.000000e-01 5.000000e+00 5.400000e+00
    endloop
  endfacet
  facet normal 0.000000e+00 1.000000e+00 0.000000e+00
    outer loop
      vertex   4.000000e-01 5.000000e+00 5.400000e+00
      vertex   4.925000e+00 5.000000e+00 8.405995e+00
      vertex   5.356269e+00 5.000000e+00 8.189403e+00
    endloop
  endfacet
  facet normal 0.000000e+00 1.000000e+00 0.000000e+00
    outer loop
      vertex   4.000000e-01 5.000000e+00 5.400000e+00
      vertex   5.356269e+00 5.000000e+00 8.189403e+00
      vertex   5.809767e+00 5.000000e+00 8.024344e+00
    endloop
  endfacet
  facet normal 0.000000e+00 1.000000e+00 0.000000e+00
    outer loop
      vertex   5.809767e+00 5.000000e+00 8.024344e+00
      vertex   6.279360e+00 5.000000e+00 7.913048e+00
      vertex   4.000000e-01 5.000000e+00 5.400000e+00
    endloop
  endfacet
  facet normal 0.000000e+00 1.000000e+00 0.000000e+00
    outer loop
      vertex   4.000000e-01 5.000000e+00 5.400000e+00
      vertex   6.279360e+00 5.000000e+00 7.913048e+00
      vertex   6.758699e+00 5.000000e+00 7.857021e+00
    endloop
  endfacet
  facet normal -0.000000e+00 1.000000e+00 0.000000e+00
    outer loop
      vertex   7.720640e+00 5.000000e+00 7.913048e+00
      vertex   8.190233e+00 5.000000e+00 8.024344e+00
      vertex   1.140000e+01 5.000000e+00 5.400000e+00
    endloop
  endfacet
  facet normal 0.000000e+00 1.000000e+00 0.000000e+00
    outer loop
      vertex   1.140000e+01 5.000000e+00 5.400000e+00
      vertex   8.190233e+00 5.000000e+00 8.024344e+00
      vertex   8.643731e+00 5.000000e+00 8.189403e+00
    endloop
  endfacet
  facet normal 0.000000e+00 1.000000e+00 0.000000e+00
    outer loop
      vertex   1.140000e+01 5.000000e+00 5.400000e+00
      vertex   8.643731e+00 5.000000e+00 8.189403e+00
      vertex   9.075000e+00 5.000000e+00 8.405995e+00
    endloop
  endfacet
  facet normal -0.000000e+00 1.000000e+00 0.000000e+00
    outer loop
      vertex   9.075000e+00 5.000000e+00 8.405995e+00
      vertex   9.478208e+00 5.000000e+00 8.671189e+00
      vertex   1.140000e+01 5.000000e+00 5.400000e+00
    endloop
  endfacet
  facet normal 0.000000e+00 1.000000e+00 0.000000e+00
    outer loop
      vertex   1.140000e+01 5.000000e+00 5.400000e+00
      vertex   9.478208e+00 5.000000e+00 8.671189e+00
      vertex   9.847903e+00 5.000000e+00 8.981399e+00
    endloop
  endfacet
  facet normal 0.000000e+00 1.000000e+00 0.000000e+00
    outer loop
      vertex   1.140000e+01 5.000000e+00 5.400000e+00
      vertex   9.847903e+00 5.000000e+00 8.981399e+00
      vertex   1.017908e+01 5.000000e+00 9.332431e+00
    endloop
  endfacet
  facet normal -0.000000e+00 1.000000e+00 0.000000e+00
    outer loop
      vertex   1.017908e+01 5.000000e+00 9.332431e+00
      vertex   1.046727e+01 5.000000e+00 9.719538e+00
      vertex   1.140000e+01 5.000000e+00 5.400000e+00
    endloop
  endfacet
  facet normal 0.000000e+00 1.000000e+00 0.000000e+00
    outer loop
      vertex   1.140000e+01 5.000000e+00 5.400000e+00
      vertex   1.046727e+01 5.000000e+00 9.719538e+00
      vertex   1.070858e+01 5.000000e+00 1.013748e+01
    endloop
  endfacet
  facet normal 0.000000e+00 1.000000e+00 0.000000e+00
    outer loop
      vertex   1.140000e+01 5.000000e+00 5.400000e+00
      vertex   1.070858e+01 5.000000e+00 1.013748e+01
      vertex   1.089972e+01 5.000000e+00 1.058062e+01
    endloop
  endfacet
  facet normal -0.000000e+00 0.000000e+00 1.000000e+00
    outer loop
      vertex   7.221877e+00 3.268753e+01 3.000000e+00
      vertex   8.472058e+00 3.259150e+01 3.000000e+00
      vertex   7.250000e+00 3.300000e+01 3.000000e+00
    endloop
  endfacet
  facet normal -0.000000e+00 0.000000e+00 1.000000e+00
    outer loop
      vertex   7.250000e+00 3.300000e+01 3.000000e+00
      vertex   8.472058e+00 3.259150e+01 3.000000e+00
      vertex   8.500000e+00 3.300000e+01 3.000000e+00
    endloop
  endfacet
  facet normal 0.000000e+00 0.000000e+00 1.000000e+00
    outer loop
      vertex   7.250000e+00 3.300000e+01 3.000000e+00
      vertex   8.500000e+00 3.300000e+01 3.000000e+00
      vertex   8.472058e+00 3.340850e+01 3.000000e+00
    endloop
  endfacet
  facet normal 0.000000e+00 0.000000e+00 1.000000e+00
    outer loop
      vertex   8.472058e+00 3.259150e+01 3.000000e+00
      vertex   7.221877e+00 3.268753e+01 3.000000e+00
      vertex   8.388752e+00 3.219061e+01 3.000000e+00
    endloop
  endfacet
  facet normal 0.000000e+00 0.000000e+00 1.000000e+00
    outer loop
      vertex   8.388752e+00 3.219061e+01 3.000000e+00
      vertex   7.221877e+00 3.268753e+01 3.000000e+00
      vertex   7.138411e+00 3.238509e+01 3.000000e+00
    endloop
  endfacet
  facet normal 0.000000e+00 0.000000e+00 1.000000e+00
    outer loop
      vertex   8.388752e+00 3.219061e+01 3.000000e+00
      vertex   7.138411e+00 3.238509e+01 3.000000e+00
      vertex   8.251634e+00 3.180480e+01 3.000000e+00
    endloop
  endfacet
  facet normal 0.000000e+00 0.000000e+00 1.000000e+00
    outer loop
      vertex   8.251634e+00 3.180480e+01 3.000000e+00
      vertex   7.138411e+00 3.238509e+01 3.000000e+00
      vertex   7.002285e+00 3.210243e+01 3.000000e+00
    endloop
  endfacet
  facet normal 0.000000e+00 0.000000e+00 1.000000e+00
    outer loop
      vertex   8.251634e+00 3.180480e+01 3.000000e+00
      vertex   7.002285e+00 3.210243e+01 3.000000e+00
      vertex   8.063258e+00 3.144125e+01 3.000000e+00
    endloop
  endfacet
  facet normal 0.000000e+00 0.000000e+00 1.000000e+00
    outer loop
      vertex   8.063258e+00 3.144125e+01 3.000000e+00
      vertex   7.002285e+00 3.210243e+01 3.000000e+00
      vertex   7.827134e+00 3.110674e+01 3.000000e+00
    endloop
  endfacet
  facet normal 0.000000e+00 0.000000e+00 1.000000e+00
    outer loop
      vertex   7.827134e+00 3.110674e+01 3.000000e+00
      vertex   7.002285e+00 3.210243e+01 3.000000e+00
      vertex   6.817875e+00 3.184861e+01 3.000000e+00
    endloop
  endfacet
  facet normal 0.000000e+00 0.000000e+00 1.000000e+00
    outer loop
      vertex   7.827134e+00 3.110674e+01 3.000000e+00
      vertex   6.817875e+00 3.184861e+01 3.000000e+00
      vertex   7.547659e+00 3.080749e+01 3.000000e+00
    endloop
  endfacet
  facet normal 0.000000e+00 0.000000e+00 1.000000e+00
    outer loop
      vertex   7.547659e+00 3.080749e+01 3.000000e+00
      vertex   6.817875e+00 3.184861e+01 3.000000e+00
      vertex   6.591107e+00 3.163179e+01 3.000000e+00
    endloop
  endfacet
  facet normal 0.000000e+00 0.000000e+00 1.000000e+00
    outer loop
      vertex   7.547659e+00 3.080749e+01 3.000000e+00
      vertex   6.591107e+00 3.163179e+01 3.000000e+00
      vertex   7.230041e+00 3.054909e+01 3.000000e+00
    endloop
  endfacet
  facet normal 0.000000e+00 0.000000e+00 1.000000e+00
    outer loop
      vertex   7.230041e+00 3.054909e+01 3.000000e+00
      vertex   6.591107e+00 3.163179e+01 3.000000e+00
      vertex   6.329270e+00 3.145896e+01 3.000000e+00
    endloop
  endfacet
  facet normal 0.000000e+00 0.000000e+00 1.000000e+00
    outer loop
      vertex   7.230041e+00 3.054909e+01 3.000000e+00
      vertex   6.329270e+00 3.145896e+01 3.000000e+00
      vertex   6.880195e+00 3.033634e+01 3.000000e+00
    endloop
  endfacet
  facet normal 0.000000e+00 0.000000e+00 1.000000e+00
    outer loop
      vertex   6.880195e+00 3.033634e+01 3.000000e+00
      vertex   6.329270e+00 3.145896e+01 3.000000e+00
      vertex   6.504639e+00 3.017322e+01 3.000000e+00
    endloop
  endfacet
  facet normal 0.000000e+00 0.000000e+00 1.000000e+00
    outer loop
      vertex   6.504639e+00 3.017322e+01 3.000000e+00
      vertex   6.329270e+00 3.145896e+01 3.000000e+00
      vertex   6.040780e+00 3.133565e+01 3.000000e+00
    endloop
  endfacet
  facet normal 0.000000e+00 0.000000e+00 1.000000e+00
    outer loop
      vertex   6.504639e+00 3.017322e+01 3.000000e+00
      vertex   6.040780e+00 3.133565e+01 3.000000e+00
      vertex   6.110368e+00 3.006275e+01 3.000000e+00
    endloop
  endfacet
  facet normal 0.000000e+00 0.000000e+00 1.000000e+00
    outer loop
      vertex   6.110368e+00 3.006275e+01 3.000000e+00
      vertex   6.040780e+00 3.133565e+01 3.000000e+00
      vertex   5.734908e+00 3.126584e+01 3.000000e+00
    endloop
  endfacet
  facet normal 0.000000e+00 0.000000e+00 1.000000e+00
    outer loop
      vertex   6.110368e+00 3.006275e+01 3.000000e+00
      vertex   5.734908e+00 3.126584e+01 3.000000e+00
      vertex   5.704727e+00 3.000699e+01 3.000000e+00
    endloop
  endfacet
  facet normal 0.000000e+00 -0.000000e+00 1.000000e+00
    outer loop
      vertex   5.704727e+00 3.000699e+01 3.000000e+00
      vertex   5.734908e+00 3.126584e+01 3.000000e+00
      vertex   5.421487e+00 3.125176e+01 3.000000e+00
    endloop
  endfacet
  facet normal 0.000000e+00 0.000000e+00 1.000000e+00
    outer loop
      vertex   5.704727e+00 3.000699e+01 3.000000e+00
      vertex   5.421487e+00 3.125176e+01 3.000000e+00
      vertex   5.295273e+00 3.000699e+01 3.000000e+00
    endloop
  endfacet
  facet normal 0.000000e+00 -0.000000e+00 1.000000e+00
    outer loop
      vertex   5.295273e+00 3.000699e+01 3.000000e+00
      vertex   5.421487e+00 3.125176e+01 3.000000e+00
      vertex   5.110588e+00 3.129388e+01 3.000000e+00
    endloop
  endfacet
  facet normal 0.000000e+00 0.000000e+00 1.000000e+00
    outer loop
      vertex   5.295273e+00 3.000699e+01 3.000000e+00
      vertex   5.110588e+00 3.129388e+01 3.000000e+00
      vertex   4.889632e+00 3.006275e+01 3.000000e+00
    endloop
  endfacet
  facet normal 0.000000e+00 -0.000000e+00 1.000000e+00
    outer loop
      vertex   4.889632e+00 3.006275e+01 3.000000e+00
      vertex   5.110588e+00 3.129388e+01 3.000000e+00
      vertex   4.495361e+00 3.017322e+01 3.000000e+00
    endloop
  endfacet
  facet normal 0.000000e+00 0.000000e+00 1.000000e+00
    outer loop
      vertex   4.495361e+00 3.017322e+01 3.000000e+00
      vertex   5.110588e+00 3.129388e+01 3.000000e+00
      vertex   4.812206e+00 3.139083e+01 3.000000e+00
    endloop
  endfacet
  facet normal 0.000000e+00 -0.000000e+00 1.000000e+00
    outer loop
      vertex   4.495361e+00 3.017322e+01 3.000000e+00
      vertex   4.812206e+00 3.139083e+01 3.000000e+00
      vertex   4.119805e+00 3.033634e+01 3.000000e+00
    endloop
  endfacet
  facet normal 0.000000e+00 0.000000e+00 1.000000e+00
    outer loop
      vertex   4.119805e+00 3.033634e+01 3.000000e+00
      vertex   4.812206e+00 3.139083e+01 3.000000e+00
      vertex   4.535930e+00 3.153950e+01 3.000000e+00
    endloop
  endfacet
  facet normal 0.000000e+00 -0.000000e+00 1.000000e+00
    outer loop
      vertex   4.119805e+00 3.033634e+01 3.000000e+00
      vertex   4.535930e+00 3.153950e+01 3.000000e+00
      vertex   3.769959e+00 3.054909e+01 3.000000e+00
    endloop
  endfacet
  facet normal 0.000000e+00 0.000000e+00 1.000000e+00
    outer loop
      vertex   3.769959e+00 3.054909e+01 3.000000e+00
      vertex   4.535930e+00 3.153950e+01 3.000000e+00
      vertex   4.290640e+00 3.173511e+01 3.000000e+00
    endloop
  endfacet
  facet normal 0.000000e+00 -0.000000e+00 1.000000e+00
    outer loop
      vertex   3.769959e+00 3.054909e+01 3.000000e+00
      vertex   4.290640e+00 3.173511e+01 3.000000e+00
      vertex   3.452341e+00 3.080749e+01 3.000000e+00
    endloop
  endfacet
  facet normal 0.000000e+00 -0.000000e+00 1.000000e+00
    outer loop
      vertex   3.452341e+00 3.080749e+01 3.000000e+00
      vertex   4.290640e+00 3.173511e+01 3.000000e+00
      vertex   3.172866e+00 3.110674e+01 3.000000e+00
    endloop
  endfacet
  facet normal 0.000000e+00 0.000000e+00 1.000000e+00
    outer loop
      vertex   3.172866e+00 3.110674e+01 3.000000e+00
      vertex   4.290640e+00 3.173511e+01 3.000000e+00
      vertex   4.084220e+00 3.197138e+01 3.000000e+00
    endloop
  endfacet
  facet normal 0.000000e+00 -0.000000e+00 1.000000e+00
    outer loop
      vertex   3.172866e+00 3.110674e+01 3.000000e+00
      vertex   4.084220e+00 3.197138e+01 3.000000e+00
      vertex   2.936742e+00 3.144125e+01 3.000000e+00
    endloop
  endfacet
  facet normal 0.000000e+00 0.000000e+00 1.000000e+00
    outer loop
      vertex   2.936742e+00 3.144125e+01 3.000000e+00
      vertex   4.084220e+00 3.197138e+01 3.000000e+00
      vertex   3.923304e+00 3.224070e+01 3.000000e+00
    endloop
  endfacet
  facet normal 0.000000e+00 -0.000000e+00 1.000000e+00
    outer loop
      vertex   2.936742e+00 3.144125e+01 3.000000e+00
      vertex   3.923304e+00 3.224070e+01 3.000000e+00
      vertex   2.748366e+00 3.180480e+01 3.000000e+00
    endloop
  endfacet
  facet normal 0.000000e+00 0.000000e+00 1.000000e+00
    outer loop
      vertex   2.748366e+00 3.180480e+01 3.000000e+00
      vertex   3.923304e+00 3.224070e+01 3.000000e+00
      vertex   3.813065e+00 3.253444e+01 3.000000e+00
    endloop
  endfacet
  facet normal 0.000000e+00 -0.000000e+00 1.000000e+00
    outer loop
      vertex   2.748366e+00 3.180480e+01 3.000000e+00
      vertex   3.813065e+00 3.253444e+01 3.000000e+00
      vertex   2.611248e+00 3.219061e+01 3.000000e+00
    endloop
  endfacet
  facet normal 0.000000e+00 -0.000000e+00 1.000000e+00
    outer loop
      vertex   2.611248e+00 3.219061e+01 3.000000e+00
      vertex   3.813065e+00 3.253444e+01 3.000000e+00
      vertex   2.527942e+00 3.259150e+01 3.000000e+00
    endloop
  endfacet
  facet normal -0.000000e+00 0.000000e+00 1.000000e+00
    outer loop
      vertex   2.527942e+00 3.259150e+01 3.000000e+00
      vertex   3.813065e+00 3.253444e+01 3.000000e+00
      vertex   3.757045e+00 3.284313e+01 3.000000e+00
    endloop
  endfacet
  facet normal 0.000000e+00 -0.000000e+00 1.000000e+00
    outer loop
      vertex   2.527942e+00 3.259150e+01 3.000000e+00
      vertex   3.757045e+00 3.284313e+01 3.000000e+00
      vertex   2.500000e+00 3.300000e+01 3.000000e+00
    endloop
  endfacet
  facet normal -0.000000e+00 0.000000e+00 1.000000e+00
    outer loop
      vertex   2.500000e+00 3.300000e+01 3.000000e+00
      vertex   3.757045e+00 3.284313e+01 3.000000e+00
      vertex   3.757045e+00 3.315687e+01 3.000000e+00
    endloop
  endfacet
  facet normal 0.000000e+00 0.000000e+00 1.000000e+00
    outer loop
      vertex   2.500000e+00 3.300000e+01 3.000000e+00
      vertex   3.757045e+00 3.315687e+01 3.000000e+00
      vertex   2.527942e+00 3.340850e+01 3.000000e+00
    endloop
  endfacet
  facet normal -0.000000e+00 0.000000e+00 1.000000e+00
    outer loop
      vertex   2.527942e+00 3.340850e+01 3.000000e+00
      vertex   3.757045e+00 3.315687e+01 3.000000e+00
      vertex   3.813065e+00 3.346556e+01 3.000000e+00
    endloop
  endfacet
  facet normal 0.000000e+00 0.000000e+00 1.000000e+00
    outer loop
      vertex   2.527942e+00 3.340850e+01 3.000000e+00
      vertex   3.813065e+00 3.346556e+01 3.000000e+00
      vertex   2.611248e+00 3.380939e+01 3.000000e+00
    endloop
  endfacet
  facet normal -0.000000e+00 0.000000e+00 1.000000e+00
    outer loop
      vertex   2.611248e+00 3.380939e+01 3.000000e+00
      vertex   3.813065e+00 3.346556e+01 3.000000e+00
      vertex   2.748366e+00 3.419520e+01 3.000000e+00
    endloop
  endfacet
  facet normal 0.000000e+00 0.000000e+00 1.000000e+00
    outer loop
      vertex   2.748366e+00 3.419520e+01 3.000000e+00
      vertex   3.813065e+00 3.346556e+01 3.000000e+00
      vertex   3.923304e+00 3.375930e+01 3.000000e+00
    endloop
  endfacet
  facet normal -0.000000e+00 0.000000e+00 1.000000e+00
    outer loop
      vertex   2.748366e+00 3.419520e+01 3.000000e+00
      vertex   3.923304e+00 3.375930e+01 3.000000e+00
      vertex   2.936742e+00 3.455875e+01 3.000000e+00
    endloop
  endfacet
  facet normal 0.000000e+00 0.000000e+00 1.000000e+00
    outer loop
      vertex   2.936742e+00 3.455875e+01 3.000000e+00
      vertex   3.923304e+00 3.375930e+01 3.000000e+00
      vertex   4.084220e+00 3.402862e+01 3.000000e+00
    endloop
  endfacet
  facet normal -0.000000e+00 0.000000e+00 1.000000e+00
    outer loop
      vertex   2.936742e+00 3.455875e+01 3.000000e+00
      vertex   4.084220e+00 3.402862e+01 3.000000e+00
      vertex   3.172866e+00 3.489326e+01 3.000000e+00
    endloop
  endfacet
  facet normal 0.000000e+00 0.000000e+00 1.000000e+00
    outer loop
      vertex   3.172866e+00 3.489326e+01 3.000000e+00
      vertex   4.084220e+00 3.402862e+01 3.000000e+00
      vertex   4.290640e+00 3.426489e+01 3.000000e+00
    endloop
  endfacet
  facet normal -0.000000e+00 0.000000e+00 1.000000e+00
    outer loop
      vertex   3.172866e+00 3.489326e+01 3.000000e+00
      vertex   4.290640e+00 3.426489e+01 3.000000e+00
      vertex   3.452341e+00 3.519251e+01 3.000000e+00
    endloop
  endfacet
  facet normal -0.000000e+00 0.000000e+00 1.000000e+00
    outer loop
      vertex   3.452341e+00 3.519251e+01 3.000000e+00
      vertex   4.290640e+00 3.426489e+01 3.000000e+00
      vertex   3.769959e+00 3.545091e+01 3.000000e+00
    endloop
  endfacet
  facet normal 0.000000e+00 0.000000e+00 1.000000e+00
    outer loop
      vertex   3.769959e+00 3.545091e+01 3.000000e+00
      vertex   4.290640e+00 3.426489e+01 3.000000e+00
      vertex   4.535930e+00 3.446050e+01 3.000000e+00
    endloop
  endfacet
  facet normal -0.000000e+00 0.000000e+00 1.000000e+00
    outer loop
      vertex   3.769959e+00 3.545091e+01 3.000000e+00
      vertex   4.535930e+00 3.446050e+01 3.000000e+00
      vertex   4.119805e+00 3.566366e+01 3.000000e+00
    endloop
  endfacet
  facet normal 0.000000e+00 0.000000e+00 1.000000e+00
    outer loop
      vertex   4.119805e+00 3.566366e+01 3.000000e+00
      vertex   4.535930e+00 3.446050e+01 3.000000e+00
      vertex   4.812206e+00 3.460917e+01 3.000000e+00
    endloop
  endfacet
  facet normal -0.000000e+00 0.000000e+00 1.000000e+00
    outer loop
      vertex   4.119805e+00 3.566366e+01 3.000000e+00
      vertex   4.812206e+00 3.460917e+01 3.000000e+00
      vertex   4.495361e+00 3.582678e+01 3.000000e+00
    endloop
  endfacet
  facet normal 0.000000e+00 0.000000e+00 1.000000e+00
    outer loop
      vertex   4.495361e+00 3.582678e+01 3.000000e+00
      vertex   4.812206e+00 3.460917e+01 3.000000e+00
      vertex   5.110588e+00 3.470612e+01 3.000000e+00
    endloop
  endfacet
  facet normal -0.000000e+00 0.000000e+00 1.000000e+00
    outer loop
      vertex   4.495361e+00 3.582678e+01 3.000000e+00
      vertex   5.110588e+00 3.470612e+01 3.000000e+00
      vertex   4.889632e+00 3.593725e+01 3.000000e+00
    endloop
  endfacet
  facet normal -0.000000e+00 0.000000e+00 1.000000e+00
    outer loop
      vertex   4.889632e+00 3.593725e+01 3.000000e+00
      vertex   5.110588e+00 3.470612e+01 3.000000e+00
      vertex   5.295273e+00 3.599301e+01 3.000000e+00
    endloop
  endfacet
  facet normal 0.000000e+00 0.000000e+00 1.000000e+00
    outer loop
      vertex   5.295273e+00 3.599301e+01 3.000000e+00
      vertex   5.110588e+00 3.470612e+01 3.000000e+00
      vertex   5.421487e+00 3.474824e+01 3.000000e+00
    endloop
  endfacet
  facet normal -0.000000e+00 0.000000e+00 1.000000e+00
    outer loop
      vertex   5.295273e+00 3.599301e+01 3.000000e+00
      vertex   5.421487e+00 3.474824e+01 3.000000e+00
      vertex   5.704727e+00 3.599301e+01 3.000000e+00
    endloop
  endfacet
  facet normal 0.000000e+00 0.000000e+00 1.000000e+00
    outer loop
      vertex   5.704727e+00 3.599301e+01 3.000000e+00
      vertex   5.421487e+00 3.474824e+01 3.000000e+00
      vertex   5.734908e+00 3.473416e+01 3.000000e+00
    endloop
  endfacet
  facet normal 0.000000e+00 0.000000e+00 1.000000e+00
    outer loop
      vertex   5.704727e+00 3.599301e+01 3.000000e+00
      vertex   5.734908e+00 3.473416e+01 3.000000e+00
      vertex   6.110368e+00 3.593725e+01 3.000000e+00
    endloop
  endfacet
  facet normal 0.000000e+00 0.000000e+00 1.000000e+00
    outer loop
      vertex   6.110368e+00 3.593725e+01 3.000000e+00
      vertex   5.734908e+00 3.473416e+01 3.000000e+00
      vertex   6.040780e+00 3.466435e+01 3.000000e+00
    endloop
  endfacet
  facet normal 0.000000e+00 0.000000e+00 1.000000e+00
    outer loop
      vertex   6.110368e+00 3.593725e+01 3.000000e+00
      vertex   6.040780e+00 3.466435e+01 3.000000e+00
      vertex   6.504639e+00 3.582678e+01 3.000000e+00
    endloop
  endfacet
  facet normal 0.000000e+00 0.000000e+00 1.000000e+00
    outer loop
      vertex   6.504639e+00 3.582678e+01 3.000000e+00
      vertex   6.040780e+00 3.466435e+01 3.000000e+00
      vertex   6.329270e+00 3.454104e+01 3.000000e+00
    endloop
  endfacet
  facet normal 0.000000e+00 0.000000e+00 1.000000e+00
    outer loop
      vertex   6.504639e+00 3.582678e+01 3.000000e+00
      vertex   6.329270e+00 3.454104e+01 3.000000e+00
      vertex   6.880195e+00 3.566366e+01 3.000000e+00
    endloop
  endfacet
  facet normal 0.000000e+00 0.000000e+00 1.000000e+00
    outer loop
      vertex   6.880195e+00 3.566366e+01 3.000000e+00
      vertex   6.329270e+00 3.454104e+01 3.000000e+00
      vertex   7.230041e+00 3.545091e+01 3.000000e+00
    endloop
  endfacet
  facet normal 0.000000e+00 0.000000e+00 1.000000e+00
    outer loop
      vertex   7.230041e+00 3.545091e+01 3.000000e+00
      vertex   6.329270e+00 3.454104e+01 3.000000e+00
      vertex   6.591107e+00 3.436821e+01 3.000000e+00
    endloop
  endfacet
  facet normal 0.000000e+00 0.000000e+00 1.000000e+00
    outer loop
      vertex   7.230041e+00 3.545091e+01 3.000000e+00
      vertex   6.591107e+00 3.436821e+01 3.000000e+00
      vertex   7.547659e+00 3.519251e+01 3.000000e+00
    endloop
  endfacet
  facet normal 0.000000e+00 0.000000e+00 1.000000e+00
    outer loop
      vertex   7.547659e+00 3.519251e+01 3.000000e+00
      vertex   6.591107e+00 3.436821e+01 3.000000e+00
      vertex   6.817875e+00 3.415139e+01 3.000000e+00
    endloop
  endfacet
  facet normal 0.000000e+00 0.000000e+00 1.000000e+00
    outer loop
      vertex   7.547659e+00 3.519251e+01 3.000000e+00
      vertex   6.817875e+00 3.415139e+01 3.000000e+00
      vertex   7.827134e+00 3.489326e+01 3.000000e+00
    endloop
  endfacet
  facet normal 0.000000e+00 0.000000e+00 1.000000e+00
    outer loop
      vertex   7.827134e+00 3.489326e+01 3.000000e+00
      vertex   6.817875e+00 3.415139e+01 3.000000e+00
      vertex   7.002285e+00 3.389757e+01 3.000000e+00
    endloop
  endfacet
  facet normal 0.000000e+00 0.000000e+00 1.000000e+00
    outer loop
      vertex   7.827134e+00 3.489326e+01 3.000000e+00
      vertex   7.002285e+00 3.389757e+01 3.000000e+00
      vertex   8.063258e+00 3.455875e+01 3.000000e+00
    endloop
  endfacet
  facet normal 0.000000e+00 0.000000e+00 1.000000e+00
    outer loop
      vertex   8.063258e+00 3.455875e+01 3.000000e+00
      vertex   7.002285e+00 3.389757e+01 3.000000e+00
      vertex   8.251634e+00 3.419520e+01 3.000000e+00
    endloop
  endfacet
  facet normal 0.000000e+00 0.000000e+00 1.000000e+00
    outer loop
      vertex   8.251634e+00 3.419520e+01 3.000000e+00
      vertex   7.002285e+00 3.389757e+01 3.000000e+00
      vertex   7.138411e+00 3.361491e+01 3.000000e+00
    endloop
  endfacet
  facet normal 0.000000e+00 0.000000e+00 1.000000e+00
    outer loop
      vertex   8.251634e+00 3.419520e+01 3.000000e+00
      vertex   7.138411e+00 3.361491e+01 3.000000e+00
      vertex   8.388752e+00 3.380939e+01 3.000000e+00
    endloop
  endfacet
  facet normal 0.000000e+00 0.000000e+00 1.000000e+00
    outer loop
      vertex   8.388752e+00 3.380939e+01 3.000000e+00
      vertex   7.138411e+00 3.361491e+01 3.000000e+00
      vertex   7.221877e+00 3.331247e+01 3.000000e+00
    endloop
  endfacet
  facet normal 0.000000e+00 0.000000e+00 1.000000e+00
    outer loop
      vertex   8.388752e+00 3.380939e+01 3.000000e+00
      vertex   7.221877e+00 3.331247e+01 3.000000e+00
      vertex   8.472058e+00 3.340850e+01 3.000000e+00
    endloop
  endfacet
  facet normal 0.000000e+00 0.000000e+00 1.000000e+00
    outer loop
      vertex   8.472058e+00 3.340850e+01 3.000000e+00
      vertex   7.221877e+00 3.331247e+01 3.000000e+00
      vertex   7.250000e+00 3.300000e+01 3.000000e+00
    endloop
  endfacet
  facet normal -0.000000e+00 0.000000e+00 1.000000e+00
    outer loop
      vertex   7.221877e+00 2.193753e+01 3.000000e+00
      vertex   8.472058e+00 2.184150e+01 3.000000e+00
      vertex   7.250000e+00 2.225000e+01 3.000000e+00
    endloop
  endfacet
  facet normal -0.000000e+00 0.000000e+00 1.000000e+00
    outer loop
      vertex   7.250000e+00 2.225000e+01 3.000000e+00
      vertex   8.472058e+00 2.184150e+01 3.000000e+00
      vertex   8.500000e+00 2.225000e+01 3.000000e+00
    endloop
  endfacet
  facet normal 0.000000e+00 0.000000e+00 1.000000e+00
    outer loop
      vertex   7.250000e+00 2.225000e+01 3.000000e+00
      vertex   8.500000e+00 2.225000e+01 3.000000e+00
      vertex   8.472058e+00 2.265850e+01 3.000000e+00
    endloop
  endfacet
  facet normal 0.000000e+00 0.000000e+00 1.000000e+00
    outer loop
      vertex   8.472058e+00 2.184150e+01 3.000000e+00
      vertex   7.221877e+00 2.193753e+01 3.000000e+00
      vertex   8.388752e+00 2.144061e+01 3.000000e+00
    endloop
  endfacet
  facet normal 0.000000e+00 0.000000e+00 1.000000e+00
    outer loop
      vertex   8.388752e+00 2.144061e+01 3.000000e+00
      vertex   7.221877e+00 2.193753e+01 3.000000e+00
      vertex   7.138411e+00 2.163509e+01 3.000000e+00
    endloop
  endfacet
  facet normal 0.000000e+00 0.000000e+00 1.000000e+00
    outer loop
      vertex   8.388752e+00 2.144061e+01 3.000000e+00
      vertex   7.138411e+00 2.163509e+01 3.000000e+00
      vertex   8.251634e+00 2.105480e+01 3.000000e+00
    endloop
  endfacet
  facet normal 0.000000e+00 0.000000e+00 1.000000e+00
    outer loop
      vertex   8.251634e+00 2.105480e+01 3.000000e+00
      vertex   7.138411e+00 2.163509e+01 3.000000e+00
      vertex   7.002285e+00 2.135243e+01 3.000000e+00
    endloop
  endfacet
  facet normal 0.000000e+00 0.000000e+00 1.000000e+00
    outer loop
      vertex   8.251634e+00 2.105480e+01 3.000000e+00
      vertex   7.002285e+00 2.135243e+01 3.000000e+00
      vertex   8.063258e+00 2.069125e+01 3.000000e+00
    endloop
  endfacet
  facet normal 0.000000e+00 0.000000e+00 1.000000e+00
    outer loop
      vertex   8.063258e+00 2.069125e+01 3.000000e+00
      vertex   7.002285e+00 2.135243e+01 3.000000e+00
      vertex   7.827134e+00 2.035674e+01 3.000000e+00
    endloop
  endfacet
  facet normal 0.000000e+00 0.000000e+00 1.000000e+00
    outer loop
      vertex   7.827134e+00 2.035674e+01 3.000000e+00
      vertex   7.002285e+00 2.135243e+01 3.000000e+00
      vertex   6.817875e+00 2.109861e+01 3.000000e+00
    endloop
  endfacet
  facet normal 0.000000e+00 0.000000e+00 1.000000e+00
    outer loop
      vertex   7.827134e+00 2.035674e+01 3.000000e+00
      vertex   6.817875e+00 2.109861e+01 3.000000e+00
      vertex   7.547659e+00 2.005749e+01 3.000000e+00
    endloop
  endfacet
  facet normal 0.000000e+00 0.000000e+00 1.000000e+00
    outer loop
      vertex   7.547659e+00 2.005749e+01 3.000000e+00
      vertex   6.817875e+00 2.109861e+01 3.000000e+00
      vertex   6.591107e+00 2.088179e+01 3.000000e+00
    endloop
  endfacet
  facet normal 0.000000e+00 0.000000e+00 1.000000e+00
    outer loop
      vertex   7.547659e+00 2.005749e+01 3.000000e+00
      vertex   6.591107e+00 2.088179e+01 3.000000e+00
      vertex   7.230041e+00 1.979909e+01 3.000000e+00
    endloop
  endfacet
  facet normal 0.000000e+00 0.000000e+00 1.000000e+00
    outer loop
      vertex   7.230041e+00 1.979909e+01 3.000000e+00
      vertex   6.591107e+00 2.088179e+01 3.000000e+00
      vertex   6.329270e+00 2.070896e+01 3.000000e+00
    endloop
  endfacet
  facet normal 0.000000e+00 0.000000e+00 1.000000e+00
    outer loop
      vertex   7.230041e+00 1.979909e+01 3.000000e+00
      vertex   6.329270e+00 2.070896e+01 3.000000e+00
      vertex   6.880195e+00 1.958634e+01 3.000000e+00
    endloop
  endfacet
  facet normal 0.000000e+00 0.000000e+00 1.000000e+00
    outer loop
      vertex   6.880195e+00 1.958634e+01 3.000000e+00
      vertex   6.329270e+00 2.070896e+01 3.000000e+00
      vertex   6.504639e+00 1.942322e+01 3.000000e+00
    endloop
  endfacet
  facet normal 0.000000e+00 0.000000e+00 1.000000e+00
    outer loop
      vertex   6.504639e+00 1.942322e+01 3.000000e+00
      vertex   6.329270e+00 2.070896e+01 3.000000e+00
      vertex   6.040780e+00 2.058565e+01 3.000000e+00
    endloop
  endfacet
  facet normal 0.000000e+00 0.000000e+00 1.000000e+00
    outer loop
      vertex   6.504639e+00 1.942322e+01 3.000000e+00
      vertex   6.040780e+00 2.058565e+01 3.000000e+00
      vertex   6.110368e+00 1.931275e+01 3.000000e+00
    endloop
  endfacet
  facet normal 0.000000e+00 0.000000e+00 1.000000e+00
    outer loop
      vertex   6.110368e+00 1.931275e+01 3.000000e+00
      vertex   6.040780e+00 2.058565e+01 3.000000e+00
      vertex   5.734908e+00 2.051584e+01 3.000000e+00
    endloop
  endfacet
  facet normal 0.000000e+00 0.000000e+00 1.000000e+00
    outer loop
      vertex   6.110368e+00 1.931275e+01 3.000000e+00
      vertex   5.734908e+00 2.051584e+01 3.000000e+00
      vertex   5.704727e+00 1.925699e+01 3.000000e+00
    endloop
  endfacet
  facet normal 0.000000e+00 -0.000000e+00 1.000000e+00
    outer loop
      vertex   5.704727e+00 1.925699e+01 3.000000e+00
      vertex   5.734908e+00 2.051584e+01 3.000000e+00
      vertex   5.421487e+00 2.050176e+01 3.000000e+00
    endloop
  endfacet
  facet normal 0.000000e+00 0.000000e+00 1.000000e+00
    outer loop
      vertex   5.704727e+00 1.925699e+01 3.000000e+00
      vertex   5.421487e+00 2.050176e+01 3.000000e+00
      vertex   5.295273e+00 1.925699e+01 3.000000e+00
    endloop
  endfacet
  facet normal 0.000000e+00 -0.000000e+00 1.000000e+00
    outer loop
      vertex   5.295273e+00 1.925699e+01 3.000000e+00
      vertex   5.421487e+00 2.050176e+01 3.000000e+00
      vertex   5.110588e+00 2.054388e+01 3.000000e+00
    endloop
  endfacet
  facet normal 0.000000e+00 0.000000e+00 1.000000e+00
    outer loop
      vertex   5.295273e+00 1.925699e+01 3.000000e+00
      vertex   5.110588e+00 2.054388e+01 3.000000e+00
      vertex   4.889632e+00 1.931275e+01 3.000000e+00
    endloop
  endfacet
  facet normal 0.000000e+00 -0.000000e+00 1.000000e+00
    outer loop
      vertex   4.889632e+00 1.931275e+01 3.000000e+00
      vertex   5.110588e+00 2.054388e+01 3.000000e+00
      vertex   4.495361e+00 1.942322e+01 3.000000e+00
    endloop
  endfacet
  facet normal 0.000000e+00 0.000000e+00 1.000000e+00
    outer loop
      vertex   4.495361e+00 1.942322e+01 3.000000e+00
      vertex   5.110588e+00 2.054388e+01 3.000000e+00
      vertex   4.812206e+00 2.064083e+01 3.000000e+00
    endloop
  endfacet
  facet normal 0.000000e+00 -0.000000e+00 1.000000e+00
    outer loop
      vertex   4.495361e+00 1.942322e+01 3.000000e+00
      vertex   4.812206e+00 2.064083e+01 3.000000e+00
      vertex   4.119805e+00 1.958634e+01 3.000000e+00
    endloop
  endfacet
  facet normal 0.000000e+00 0.000000e+00 1.000000e+00
    outer loop
      vertex   4.119805e+00 1.958634e+01 3.000000e+00
      vertex   4.812206e+00 2.064083e+01 3.000000e+00
      vertex   4.535930e+00 2.078950e+01 3.000000e+00
    endloop
  endfacet
  facet normal 0.000000e+00 -0.000000e+00 1.000000e+00
    outer loop
      vertex   4.119805e+00 1.958634e+01 3.000000e+00
      vertex   4.535930e+00 2.078950e+01 3.000000e+00
      vertex   3.769959e+00 1.979909e+01 3.000000e+00
    endloop
  endfacet
  facet normal 0.000000e+00 0.000000e+00 1.000000e+00
    outer loop
      vertex   3.769959e+00 1.979909e+01 3.000000e+00
      vertex   4.535930e+00 2.078950e+01 3.000000e+00
      vertex   4.290640e+00 2.098511e+01 3.000000e+00
    endloop
  endfacet
  facet normal 0.000000e+00 -0.000000e+00 1.000000e+00
    outer loop
      vertex   3.769959e+00 1.979909e+01 3.000000e+00
      vertex   4.290640e+00 2.098511e+01 3.000000e+00
      vertex   3.452341e+00 2.005749e+01 3.000000e+00
    endloop
  endfacet
  facet normal 0.000000e+00 -0.000000e+00 1.000000e+00
    outer loop
      vertex   3.452341e+00 2.005749e+01 3.000000e+00
      vertex   4.290640e+00 2.098511e+01 3.000000e+00
      vertex   3.172866e+00 2.035674e+01 3.000000e+00
    endloop
  endfacet
  facet normal 0.000000e+00 0.000000e+00 1.000000e+00
    outer loop
      vertex   3.172866e+00 2.035674e+01 3.000000e+00
      vertex   4.290640e+00 2.098511e+01 3.000000e+00
      vertex   4.084220e+00 2.122138e+01 3.000000e+00
    endloop
  endfacet
  facet normal 0.000000e+00 -0.000000e+00 1.000000e+00
    outer loop
      vertex   3.172866e+00 2.035674e+01 3.000000e+00
      vertex   4.084220e+00 2.122138e+01 3.000000e+00
      vertex   2.936742e+00 2.069125e+01 3.000000e+00
    endloop
  endfacet
  facet normal 0.000000e+00 0.000000e+00 1.000000e+00
    outer loop
      vertex   2.936742e+00 2.069125e+01 3.000000e+00
      vertex   4.084220e+00 2.122138e+01 3.000000e+00
      vertex   3.923304e+00 2.149070e+01 3.000000e+00
    endloop
  endfacet
  facet normal 0.000000e+00 -0.000000e+00 1.000000e+00
    outer loop
      vertex   2.936742e+00 2.069125e+01 3.000000e+00
      vertex   3.923304e+00 2.149070e+01 3.000000e+00
      vertex   2.748366e+00 2.105480e+01 3.000000e+00
    endloop
  endfacet
  facet normal 0.000000e+00 0.000000e+00 1.000000e+00
    outer loop
      vertex   2.748366e+00 2.105480e+01 3.000000e+00
      vertex   3.923304e+00 2.149070e+01 3.000000e+00
      vertex   3.813065e+00 2.178444e+01 3.000000e+00
    endloop
  endfacet
  facet normal 0.000000e+00 -0.000000e+00 1.000000e+00
    outer loop
      vertex   2.748366e+00 2.105480e+01 3.000000e+00
      vertex   3.813065e+00 2.178444e+01 3.000000e+00
      vertex   2.611248e+00 2.144061e+01 3.000000e+00
    endloop
  endfacet
  facet normal 0.000000e+00 -0.000000e+00 1.000000e+00
    outer loop
      vertex   2.611248e+00 2.144061e+01 3.000000e+00
      vertex   3.813065e+00 2.178444e+01 3.000000e+00
      vertex   2.527942e+00 2.184150e+01 3.000000e+00
    endloop
  endfacet
  facet normal -0.000000e+00 0.000000e+00 1.000000e+00
    outer loop
      vertex   2.527942e+00 2.184150e+01 3.000000e+00
      vertex   3.813065e+00 2.178444e+01 3.000000e+00
      vertex   3.757045e+00 2.209313e+01 3.000000e+00
    endloop
  endfacet
  facet normal 0.000000e+00 -0.000000e+00 1.000000e+00
    outer loop
      vertex   2.527942e+00 2.184150e+01 3.000000e+00
      vertex   3.757045e+00 2.209313e+01 3.000000e+00
      vertex   2.500000e+00 2.225000e+01 3.000000e+00
    endloop
  endfacet
  facet normal -0.000000e+00 0.000000e+00 1.000000e+00
    outer loop
      vertex   2.500000e+00 2.225000e+01 3.000000e+00
      vertex   3.757045e+00 2.209313e+01 3.000000e+00
      vertex   3.757045e+00 2.240687e+01 3.000000e+00
    endloop
  endfacet
  facet normal 0.000000e+00 0.000000e+00 1.000000e+00
    outer loop
      vertex   2.500000e+00 2.225000e+01 3.000000e+00
      vertex   3.757045e+00 2.240687e+01 3.000000e+00
      vertex   2.527942e+00 2.265850e+01 3.000000e+00
    endloop
  endfacet
  facet normal -0.000000e+00 0.000000e+00 1.000000e+00
    outer loop
      vertex   2.527942e+00 2.265850e+01 3.000000e+00
      vertex   3.757045e+00 2.240687e+01 3.000000e+00
      vertex   3.813065e+00 2.271556e+01 3.000000e+00
    endloop
  endfacet
  facet normal 0.000000e+00 0.000000e+00 1.000000e+00
    outer loop
      vertex   2.527942e+00 2.265850e+01 3.000000e+00
      vertex   3.813065e+00 2.271556e+01 3.000000e+00
      vertex   2.611248e+00 2.305939e+01 3.000000e+00
    endloop
  endfacet
  facet normal -0.000000e+00 0.000000e+00 1.000000e+00
    outer loop
      vertex   2.611248e+00 2.305939e+01 3.000000e+00
      vertex   3.813065e+00 2.271556e+01 3.000000e+00
      vertex   2.748366e+00 2.344520e+01 3.000000e+00
    endloop
  endfacet
  facet normal 0.000000e+00 0.000000e+00 1.000000e+00
    outer loop
      vertex   2.748366e+00 2.344520e+01 3.000000e+00
      vertex   3.813065e+00 2.271556e+01 3.000000e+00
      vertex   3.923304e+00 2.300930e+01 3.000000e+00
    endloop
  endfacet
  facet normal -0.000000e+00 0.000000e+00 1.000000e+00
    outer loop
      vertex   2.748366e+00 2.344520e+01 3.000000e+00
      vertex   3.923304e+00 2.300930e+01 3.000000e+00
      vertex   2.936742e+00 2.380875e+01 3.000000e+00
    endloop
  endfacet
  facet normal 0.000000e+00 0.000000e+00 1.000000e+00
    outer loop
      vertex   2.936742e+00 2.380875e+01 3.000000e+00
      vertex   3.923304e+00 2.300930e+01 3.000000e+00
      vertex   4.084220e+00 2.327862e+01 3.000000e+00
    endloop
  endfacet
  facet normal -0.000000e+00 0.000000e+00 1.000000e+00
    outer loop
      vertex   2.936742e+00 2.380875e+01 3.000000e+00
      vertex   4.084220e+00 2.327862e+01 3.000000e+00
      vertex   3.172866e+00 2.414326e+01 3.000000e+00
    endloop
  endfacet
  facet normal 0.000000e+00 0.000000e+00 1.000000e+00
    outer loop
      vertex   3.172866e+00 2.414326e+01 3.000000e+00
      vertex   4.084220e+00 2.327862e+01 3.000000e+00
      vertex   4.290640e+00 2.351489e+01 3.000000e+00
    endloop
  endfacet
  facet normal -0.000000e+00 0.000000e+00 1.000000e+00
    outer loop
      vertex   3.172866e+00 2.414326e+01 3.000000e+00
      vertex   4.290640e+00 2.351489e+01 3.000000e+00
      vertex   3.452341e+00 2.444251e+01 3.000000e+00
    endloop
  endfacet
  facet normal -0.000000e+00 0.000000e+00 1.000000e+00
    outer loop
      vertex   3.452341e+00 2.444251e+01 3.000000e+00
      vertex   4.290640e+00 2.351489e+01 3.000000e+00
      vertex   3.769959e+00 2.470091e+01 3.000000e+00
    endloop
  endfacet
  facet normal 0.000000e+00 0.000000e+00 1.000000e+00
    outer loop
      vertex   3.769959e+00 2.470091e+01 3.000000e+00
      vertex   4.290640e+00 2.351489e+01 3.000000e+00
      vertex   4.535930e+00 2.371050e+01 3.000000e+00
    endloop
  endfacet
  facet normal -0.000000e+00 0.000000e+00 1.000000e+00
    outer loop
      vertex   3.769959e+00 2.470091e+01 3.000000e+00
      vertex   4.535930e+00 2.371050e+01 3.000000e+00
      vertex   4.119805e+00 2.491366e+01 3.000000e+00
    endloop
  endfacet
  facet normal 0.000000e+00 0.000000e+00 1.000000e+00
    outer loop
      vertex   4.119805e+00 2.491366e+01 3.000000e+00
      vertex   4.535930e+00 2.371050e+01 3.000000e+00
      vertex   4.812206e+00 2.385917e+01 3.000000e+00
    endloop
  endfacet
  facet normal -0.000000e+00 0.000000e+00 1.000000e+00
    outer loop
      vertex   4.119805e+00 2.491366e+01 3.000000e+00
      vertex   4.812206e+00 2.385917e+01 3.000000e+00
      vertex   4.495361e+00 2.507678e+01 3.000000e+00
    endloop
  endfacet
  facet normal 0.000000e+00 0.000000e+00 1.000000e+00
    outer loop
      vertex   4.495361e+00 2.507678e+01 3.000000e+00
      vertex   4.812206e+00 2.385917e+01 3.000000e+00
      vertex   5.110588e+00 2.395612e+01 3.000000e+00
    endloop
  endfacet
  facet normal -0.000000e+00 0.000000e+00 1.000000e+00
    outer loop
      vertex   4.495361e+00 2.507678e+01 3.000000e+00
      vertex   5.110588e+00 2.395612e+01 3.000000e+00
      vertex   4.889632e+00 2.518725e+01 3.000000e+00
    endloop
  endfacet
  facet normal -0.000000e+00 0.000000e+00 1.000000e+00
    outer loop
      vertex   4.889632e+00 2.518725e+01 3.000000e+00
      vertex   5.110588e+00 2.395612e+01 3.000000e+00
      vertex   5.295273e+00 2.524301e+01 3.000000e+00
    endloop
  endfacet
  facet normal 0.000000e+00 0.000000e+00 1.000000e+00
    outer loop
      vertex   5.295273e+00 2.524301e+01 3.000000e+00
      vertex   5.110588e+00 2.395612e+01 3.000000e+00
      vertex   5.421487e+00 2.399824e+01 3.000000e+00
    endloop
  endfacet
  facet normal -0.000000e+00 0.000000e+00 1.000000e+00
    outer loop
      vertex   5.295273e+00 2.524301e+01 3.000000e+00
      vertex   5.421487e+00 2.399824e+01 3.000000e+00
      vertex   5.704727e+00 2.524301e+01 3.000000e+00
    endloop
  endfacet
  facet normal 0.000000e+00 0.000000e+00 1.000000e+00
    outer loop
      vertex   5.704727e+00 2.524301e+01 3.000000e+00
      vertex   5.421487e+00 2.399824e+01 3.000000e+00
      vertex   5.734908e+00 2.398416e+01 3.000000e+00
    endloop
  endfacet
  facet normal 0.000000e+00 0.000000e+00 1.000000e+00
    outer loop
      vertex   5.704727e+00 2.524301e+01 3.000000e+00
      vertex   5.734908e+00 2.398416e+01 3.000000e+00
      vertex   6.110368e+00 2.518725e+01 3.000000e+00
    endloop
  endfacet
  facet normal 0.000000e+00 0.000000e+00 1.000000e+00
    outer loop
      vertex   6.110368e+00 2.518725e+01 3.000000e+00
      vertex   5.734908e+00 2.398416e+01 3.000000e+00
      vertex   6.040780e+00 2.391435e+01 3.000000e+00
    endloop
  endfacet
  facet normal 0.000000e+00 0.000000e+00 1.000000e+00
    outer loop
      vertex   6.110368e+00 2.518725e+01 3.000000e+00
      vertex   6.040780e+00 2.391435e+01 3.000000e+00
      vertex   6.504639e+00 2.507678e+01 3.000000e+00
    endloop
  endfacet
  facet normal 0.000000e+00 0.000000e+00 1.000000e+00
    outer loop
      vertex   6.504639e+00 2.507678e+01 3.000000e+00
      vertex   6.040780e+00 2.391435e+01 3.000000e+00
      vertex   6.329270e+00 2.379104e+01 3.000000e+00
    endloop
  endfacet
  facet normal 0.000000e+00 0.000000e+00 1.000000e+00
    outer loop
      vertex   6.504639e+00 2.507678e+01 3.000000e+00
      vertex   6.329270e+00 2.379104e+01 3.000000e+00
      vertex   6.880195e+00 2.491366e+01 3.000000e+00
    endloop
  endfacet
  facet normal 0.000000e+00 0.000000e+00 1.000000e+00
    outer loop
      vertex   6.880195e+00 2.491366e+01 3.000000e+00
      vertex   6.329270e+00 2.379104e+01 3.000000e+00
      vertex   7.230041e+00 2.470091e+01 3.000000e+00
    endloop
  endfacet
  facet normal 0.000000e+00 0.000000e+00 1.000000e+00
    outer loop
      vertex   7.230041e+00 2.470091e+01 3.000000e+00
      vertex   6.329270e+00 2.379104e+01 3.000000e+00
      vertex   6.591107e+00 2.361821e+01 3.000000e+00
    endloop
  endfacet
  facet normal 0.000000e+00 0.000000e+00 1.000000e+00
    outer loop
      vertex   7.230041e+00 2.470091e+01 3.000000e+00
      vertex   6.591107e+00 2.361821e+01 3.000000e+00
      vertex   7.547659e+00 2.444251e+01 3.000000e+00
    endloop
  endfacet
  facet normal 0.000000e+00 0.000000e+00 1.000000e+00
    outer loop
      vertex   7.547659e+00 2.444251e+01 3.000000e+00
      vertex   6.591107e+00 2.361821e+01 3.000000e+00
      vertex   6.817875e+00 2.340139e+01 3.000000e+00
    endloop
  endfacet
  facet normal 0.000000e+00 0.000000e+00 1.000000e+00
    outer loop
      vertex   7.547659e+00 2.444251e+01 3.000000e+00
      vertex   6.817875e+00 2.340139e+01 3.000000e+00
      vertex   7.827134e+00 2.414326e+01 3.000000e+00
    endloop
  endfacet
  facet normal 0.000000e+00 0.000000e+00 1.000000e+00
    outer loop
      vertex   7.827134e+00 2.414326e+01 3.000000e+00
      vertex   6.817875e+00 2.340139e+01 3.000000e+00
      vertex   7.002285e+00 2.314757e+01 3.000000e+00
    endloop
  endfacet
  facet normal 0.000000e+00 0.000000e+00 1.000000e+00
    outer loop
      vertex   7.827134e+00 2.414326e+01 3.000000e+00
      vertex   7.002285e+00 2.314757e+01 3.000000e+00
      vertex   8.063258e+00 2.380875e+01 3.000000e+00
    endloop
  endfacet
  facet normal 0.000000e+00 0.000000e+00 1.000000e+00
    outer loop
      vertex   8.063258e+00 2.380875e+01 3.000000e+00
      vertex   7.002285e+00 2.314757e+01 3.000000e+00
      vertex   8.251634e+00 2.344520e+01 3.000000e+00
    endloop
  endfacet
  facet normal 0.000000e+00 0.000000e+00 1.000000e+00
    outer loop
      vertex   8.251634e+00 2.344520e+01 3.000000e+00
      vertex   7.002285e+00 2.314757e+01 3.000000e+00
      vertex   7.138411e+00 2.286491e+01 3.000000e+00
    endloop
  endfacet
  facet normal 0.000000e+00 0.000000e+00 1.000000e+00
    outer loop
      vertex   8.251634e+00 2.344520e+01 3.000000e+00
      vertex   7.138411e+00 2.286491e+01 3.000000e+00
      vertex   8.388752e+00 2.305939e+01 3.000000e+00
    endloop
  endfacet
  facet normal 0.000000e+00 0.000000e+00 1.000000e+00
    outer loop
      vertex   8.388752e+00 2.305939e+01 3.000000e+00
      vertex   7.138411e+00 2.286491e+01 3.000000e+00
      vertex   7.221877e+00 2.256247e+01 3.000000e+00
    endloop
  endfacet
  facet normal 0.000000e+00 0.000000e+00 1.000000e+00
    outer loop
      vertex   8.388752e+00 2.305939e+01 3.000000e+00
      vertex   7.221877e+00 2.256247e+01 3.000000e+00
      vertex   8.472058e+00 2.265850e+01 3.000000e+00
    endloop
  endfacet
  facet normal 0.000000e+00 0.000000e+00 1.000000e+00
    outer loop
      vertex   8.472058e+00 2.265850e+01 3.000000e+00
      vertex   7.221877e+00 2.256247e+01 3.000000e+00
      vertex   7.250000e+00 2.225000e+01 3.000000e+00
    endloop
  endfacet
  facet normal 7.071068e-01 0.000000e+00 -7.071068e-01
    outer loop
      vertex   1.400000e+01 4.000000e-01 3.000000e+00
      vertex   1.100000e+01 4.000000e-01 0.000000e+00
      vertex   1.400000e+01 4.600000e+00 3.000000e+00
    endloop
  endfacet
  facet normal 7.071068e-01 0.000000e+00 -7.071068e-01
    outer loop
      vertex   1.400000e+01 4.600000e+00 3.000000e+00
      vertex   1.100000e+01 4.000000e-01 0.000000e+00
      vertex   1.100000e+01 4.600000e+00 0.000000e+00
    endloop
  endfacet
  facet normal -9.983082e-01 4.131439e-17 -5.814483e-02
    outer loop
      vertex   1.112194e+01 0.000000e+00 1.248179e+01
      vertex   1.112194e+01 5.000000e+00 1.248179e+01
      vertex   1.115000e+01 0.000000e+00 1.200000e+01
    endloop
  endfacet
  facet normal -9.983082e-01 0.000000e+00 -5.814483e-02
    outer loop
      vertex   1.115000e+01 0.000000e+00 1.200000e+01
      vertex   1.112194e+01 5.000000e+00 1.248179e+01
      vertex   1.115000e+01 5.000000e+00 1.200000e+01
    endloop
  endfacet
  facet normal -9.983082e-01 0.000000e+00 5.814483e-02
    outer loop
      vertex   1.115000e+01 0.000000e+00 1.200000e+01
      vertex   1.115000e+01 5.000000e+00 1.200000e+01
      vertex   1.112194e+01 0.000000e+00 1.151821e+01
    endloop
  endfacet
  facet normal -9.983082e-01 -4.131439e-17 5.814483e-02
    outer loop
      vertex   1.112194e+01 0.000000e+00 1.151821e+01
      vertex   1.115000e+01 5.000000e+00 1.200000e+01
      vertex   1.112194e+01 5.000000e+00 1.151821e+01
    endloop
  endfacet
  facet normal -9.848078e-01 -1.233845e-16 1.736482e-01
    outer loop
      vertex   1.112194e+01 0.000000e+00 1.151821e+01
      vertex   1.112194e+01 5.000000e+00 1.151821e+01
      vertex   1.103814e+01 0.000000e+00 1.104294e+01
    endloop
  endfacet
  facet normal -9.848078e-01 0.000000e+00 1.736482e-01
    outer loop
      vertex   1.103814e+01 0.000000e+00 1.104294e+01
      vertex   1.112194e+01 5.000000e+00 1.151821e+01
      vertex   1.103814e+01 5.000000e+00 1.104294e+01
    endloop
  endfacet
  facet normal -9.579895e-01 0.000000e+00 2.868032e-01
    outer loop
      vertex   1.103814e+01 0.000000e+00 1.104294e+01
      vertex   1.103814e+01 5.000000e+00 1.104294e+01
      vertex   1.089972e+01 0.000000e+00 1.058062e+01
    endloop
  endfacet
  facet normal -9.579895e-01 -1.018930e-16 2.868032e-01
    outer loop
      vertex   1.089972e+01 0.000000e+00 1.058062e+01
      vertex   1.103814e+01 5.000000e+00 1.104294e+01
      vertex   1.089972e+01 5.000000e+00 1.058062e+01
    endloop
  endfacet
  facet normal -9.182161e-01 -1.407158e-16 3.960798e-01
    outer loop
      vertex   1.089972e+01 0.000000e+00 1.058062e+01
      vertex   1.089972e+01 5.000000e+00 1.058062e+01
      vertex   1.070858e+01 0.000000e+00 1.013748e+01
    endloop
  endfacet
  facet normal -9.182161e-01 0.000000e+00 3.960798e-01
    outer loop
      vertex   1.070858e+01 0.000000e+00 1.013748e+01
      vertex   1.089972e+01 5.000000e+00 1.058062e+01
      vertex   1.070858e+01 5.000000e+00 1.013748e+01
    endloop
  endfacet
  facet normal -8.660254e-01 0.000000e+00 5.000000e-01
    outer loop
      vertex   1.070858e+01 0.000000e+00 1.013748e+01
      vertex   1.070858e+01 5.000000e+00 1.013748e+01
      vertex   1.046727e+01 0.000000e+00 9.719538e+00
    endloop
  endfacet
  facet normal -8.660254e-01 -4.759734e-17 5.000000e-01
    outer loop
      vertex   1.046727e+01 0.000000e+00 9.719538e+00
      vertex   1.070858e+01 5.000000e+00 1.013748e+01
      vertex   1.046727e+01 5.000000e+00 9.719538e+00
    endloop
  endfacet
  facet normal -8.021232e-01 -1.393353e-16 5.971586e-01
    outer loop
      vertex   1.046727e+01 0.000000e+00 9.719538e+00
      vertex   1.046727e+01 5.000000e+00 9.719538e+00
      vertex   1.017908e+01 0.000000e+00 9.332431e+00
    endloop
  endfacet
  facet normal -8.021232e-01 0.000000e+00 5.971586e-01
    outer loop
      vertex   1.017908e+01 0.000000e+00 9.332431e+00
      vertex   1.046727e+01 5.000000e+00 9.719538e+00
      vertex   1.017908e+01 5.000000e+00 9.332431e+00
    endloop
  endfacet
  facet normal -7.273736e-01 0.000000e+00 6.862416e-01
    outer loop
      vertex   1.017908e+01 0.000000e+00 9.332431e+00
      vertex   1.017908e+01 5.000000e+00 9.332431e+00
      vertex   9.847903e+00 0.000000e+00 8.981399e+00
    endloop
  endfacet
  facet normal -7.273736e-01 2.584150e-16 6.862416e-01
    outer loop
      vertex   9.847903e+00 0.000000e+00 8.981399e+00
      vertex   1.017908e+01 5.000000e+00 9.332431e+00
      vertex   9.847903e+00 5.000000e+00 8.981399e+00
    endloop
  endfacet
  facet normal -6.427876e-01 2.283640e-16 7.660444e-01
    outer loop
      vertex   9.847903e+00 0.000000e+00 8.981399e+00
      vertex   9.847903e+00 5.000000e+00 8.981399e+00
      vertex   9.478208e+00 0.000000e+00 8.671189e+00
    endloop
  endfacet
  facet normal -6.427876e-01 0.000000e+00 7.660444e-01
    outer loop
      vertex   9.478208e+00 0.000000e+00 8.671189e+00
      vertex   9.847903e+00 5.000000e+00 8.981399e+00
      vertex   9.478208e+00 5.000000e+00 8.671189e+00
    endloop
  endfacet
  facet normal -5.495090e-01 0.000000e+00 8.354878e-01
    outer loop
      vertex   9.478208e+00 0.000000e+00 8.671189e+00
      vertex   9.478208e+00 5.000000e+00 8.671189e+00
      vertex   9.075000e+00 0.000000e+00 8.405995e+00
    endloop
  endfacet
  facet normal -5.495090e-01 0.000000e+00 8.354878e-01
    outer loop
      vertex   9.075000e+00 0.000000e+00 8.405995e+00
      vertex   9.478208e+00 5.000000e+00 8.671189e+00
      vertex   9.075000e+00 5.000000e+00 8.405995e+00
    endloop
  endfacet
  facet normal -4.487992e-01 0.000000e+00 8.936326e-01
    outer loop
      vertex   9.075000e+00 0.000000e+00 8.405995e+00
      vertex   9.075000e+00 5.000000e+00 8.405995e+00
      vertex   8.643731e+00 0.000000e+00 8.189403e+00
    endloop
  endfacet
  facet normal -4.487992e-01 0.000000e+00 8.936326e-01
    outer loop
      vertex   8.643731e+00 0.000000e+00 8.189403e+00
      vertex   9.075000e+00 5.000000e+00 8.405995e+00
      vertex   8.643731e+00 5.000000e+00 8.189403e+00
    endloop
  endfacet
  facet normal -3.420201e-01 0.000000e+00 9.396926e-01
    outer loop
      vertex   8.643731e+00 0.000000e+00 8.189403e+00
      vertex   8.643731e+00 5.000000e+00 8.189403e+00
      vertex   8.190233e+00 0.000000e+00 8.024344e+00
    endloop
  endfacet
  facet normal -3.420201e-01 1.215100e-16 9.396926e-01
    outer loop
      vertex   8.190233e+00 0.000000e+00 8.024344e+00
      vertex   8.643731e+00 5.000000e+00 8.189403e+00
      vertex   8.190233e+00 5.000000e+00 8.024344e+00
    endloop
  endfacet
  facet normal -2.306159e-01 8.193122e-17 9.730449e-01
    outer loop
      vertex   8.190233e+00 0.000000e+00 8.024344e+00
      vertex   8.190233e+00 5.000000e+00 8.024344e+00
      vertex   7.720640e+00 0.000000e+00 7.913048e+00
    endloop
  endfacet
  facet normal -2.306159e-01 -4.096561e-17 9.730449e-01
    outer loop
      vertex   7.720640e+00 0.000000e+00 7.913048e+00
      vertex   8.190233e+00 5.000000e+00 8.024344e+00
      vertex   7.720640e+00 5.000000e+00 7.913048e+00
    endloop
  endfacet
  facet normal -1.160929e-01 -2.062224e-17 9.932384e-01
    outer loop
      vertex   7.720640e+00 0.000000e+00 7.913048e+00
      vertex   7.720640e+00 5.000000e+00 7.913048e+00
      vertex   7.241301e+00 0.000000e+00 7.857021e+00
    endloop
  endfacet
  facet normal -1.160929e-01 2.062224e-17 9.932384e-01
    outer loop
      vertex   7.241301e+00 0.000000e+00 7.857021e+00
      vertex   7.720640e+00 5.000000e+00 7.913048e+00
      vertex   7.241301e+00 5.000000e+00 7.857021e+00
    endloop
  endfacet
  facet normal 0.000000e+00 -0.000000e+00 1.000000e+00
    outer loop
      vertex   7.241301e+00 0.000000e+00 7.857021e+00
      vertex   7.241301e+00 5.000000e+00 7.857021e+00
      vertex   6.758699e+00 0.000000e+00 7.857021e+00
    endloop
  endfacet
  facet normal 0.000000e+00 0.000000e+00 1.000000e+00
    outer loop
      vertex   6.758699e+00 0.000000e+00 7.857021e+00
      vertex   7.241301e+00 5.000000e+00 7.857021e+00
      vertex   6.758699e+00 5.000000e+00 7.857021e+00
    endloop
  endfacet
  facet normal 1.160929e-01 -0.000000e+00 9.932384e-01
    outer loop
      vertex   6.758699e+00 0.000000e+00 7.857021e+00
      vertex   6.758699e+00 5.000000e+00 7.857021e+00
      vertex   6.279360e+00 0.000000e+00 7.913048e+00
    endloop
  endfacet
  facet normal 1.160929e-01 -0.000000e+00 9.932384e-01
    outer loop
      vertex   6.279360e+00 0.000000e+00 7.913048e+00
      vertex   6.758699e+00 5.000000e+00 7.857021e+00
      vertex   6.279360e+00 5.000000e+00 7.913048e+00
    endloop
  endfacet
  facet normal 2.306159e-01 -0.000000e+00 9.730449e-01
    outer loop
      vertex   6.279360e+00 0.000000e+00 7.913048e+00
      vertex   6.279360e+00 5.000000e+00 7.913048e+00
      vertex   5.809767e+00 0.000000e+00 8.024344e+00
    endloop
  endfacet
  facet normal 2.306159e-01 4.096561e-17 9.730449e-01
    outer loop
      vertex   5.809767e+00 0.000000e+00 8.024344e+00
      vertex   6.279360e+00 5.000000e+00 7.913048e+00
      vertex   5.809767e+00 5.000000e+00 8.024344e+00
    endloop
  endfacet
  facet normal 3.420201e-01 6.075498e-17 9.396926e-01
    outer loop
      vertex   5.809767e+00 0.000000e+00 8.024344e+00
      vertex   5.809767e+00 5.000000e+00 8.024344e+00
      vertex   5.356269e+00 0.000000e+00 8.189403e+00
    endloop
  endfacet
  facet normal 3.420201e-01 -6.075498e-17 9.396926e-01
    outer loop
      vertex   5.356269e+00 0.000000e+00 8.189403e+00
      vertex   5.809767e+00 5.000000e+00 8.024344e+00
      vertex   5.356269e+00 5.000000e+00 8.189403e+00
    endloop
  endfacet
  facet normal 4.487992e-01 -7.972275e-17 8.936326e-01
    outer loop
      vertex   5.356269e+00 0.000000e+00 8.189403e+00
      vertex   5.356269e+00 5.000000e+00 8.189403e+00
      vertex   4.925000e+00 0.000000e+00 8.405995e+00
    endloop
  endfacet
  facet normal 4.487992e-01 1.594455e-16 8.936326e-01
    outer loop
      vertex   4.925000e+00 0.000000e+00 8.405995e+00
      vertex   5.356269e+00 5.000000e+00 8.189403e+00
      vertex   4.925000e+00 5.000000e+00 8.405995e+00
    endloop
  endfacet
  facet normal 5.495090e-01 1.952248e-16 8.354878e-01
    outer loop
      vertex   4.925000e+00 0.000000e+00 8.405995e+00
      vertex   4.925000e+00 5.000000e+00 8.405995e+00
      vertex   4.521792e+00 0.000000e+00 8.671189e+00
    endloop
  endfacet
  facet normal 5.495090e-01 -0.000000e+00 8.354878e-01
    outer loop
      vertex   4.521792e+00 0.000000e+00 8.671189e+00
      vertex   4.925000e+00 5.000000e+00 8.405995e+00
      vertex   4.521792e+00 5.000000e+00 8.671189e+00
    endloop
  endfacet
  facet normal 6.427876e-01 -0.000000e+00 7.660444e-01
    outer loop
      vertex   4.521792e+00 0.000000e+00 8.671189e+00
      vertex   4.521792e+00 5.000000e+00 8.671189e+00
      vertex   4.152097e+00 0.000000e+00 8.981399e+00
    endloop
  endfacet
  facet normal 6.427876e-01 -0.000000e+00 7.660444e-01
    outer loop
      vertex   4.152097e+00 0.000000e+00 8.981399e+00
      vertex   4.521792e+00 5.000000e+00 8.671189e+00
      vertex   4.152097e+00 5.000000e+00 8.981399e+00
    endloop
  endfacet
  facet normal 7.273736e-01 -0.000000e+00 6.862416e-01
    outer loop
      vertex   4.152097e+00 0.000000e+00 8.981399e+00
      vertex   4.152097e+00 5.000000e+00 8.981399e+00
      vertex   3.820916e+00 0.000000e+00 9.332431e+00
    endloop
  endfacet
  facet normal 7.273736e-01 -0.000000e+00 6.862416e-01
    outer loop
      vertex   3.820916e+00 0.000000e+00 9.332431e+00
      vertex   4.152097e+00 5.000000e+00 8.981399e+00
      vertex   3.820916e+00 5.000000e+00 9.332431e+00
    endloop
  endfacet
  facet normal 8.021232e-01 -0.000000e+00 5.971586e-01
    outer loop
      vertex   3.820916e+00 0.000000e+00 9.332431e+00
      vertex   3.820916e+00 5.000000e+00 9.332431e+00
      vertex   3.532726e+00 0.000000e+00 9.719538e+00
    endloop
  endfacet
  facet normal 8.021232e-01 -0.000000e+00 5.971586e-01
    outer loop
      vertex   3.532726e+00 0.000000e+00 9.719538e+00
      vertex   3.820916e+00 5.000000e+00 9.332431e+00
      vertex   3.532726e+00 5.000000e+00 9.719538e+00
    endloop
  endfacet
  facet normal 8.660254e-01 -0.000000e+00 5.000000e-01
    outer loop
      vertex   3.532726e+00 0.000000e+00 9.719538e+00
      vertex   3.532726e+00 5.000000e+00 9.719538e+00
      vertex   3.291425e+00 0.000000e+00 1.013748e+01
    endloop
  endfacet
  facet normal 8.660254e-01 -0.000000e+00 5.000000e-01
    outer loop
      vertex   3.291425e+00 0.000000e+00 1.013748e+01
      vertex   3.532726e+00 5.000000e+00 9.719538e+00
      vertex   3.291425e+00 5.000000e+00 1.013748e+01
    endloop
  endfacet
  facet normal 9.182161e-01 -0.000000e+00 3.960798e-01
    outer loop
      vertex   3.291425e+00 0.000000e+00 1.013748e+01
      vertex   3.291425e+00 5.000000e+00 1.013748e+01
      vertex   3.100276e+00 0.000000e+00 1.058062e+01
    endloop
  endfacet
  facet normal 9.182161e-01 -0.000000e+00 3.960798e-01
    outer loop
      vertex   3.100276e+00 0.000000e+00 1.058062e+01
      vertex   3.291425e+00 5.000000e+00 1.013748e+01
      vertex   3.100276e+00 5.000000e+00 1.058062e+01
    endloop
  endfacet
  facet normal 9.579895e-01 -0.000000e+00 2.868032e-01
    outer loop
      vertex   3.100276e+00 0.000000e+00 1.058062e+01
      vertex   3.100276e+00 5.000000e+00 1.058062e+01
      vertex   2.961864e+00 0.000000e+00 1.104294e+01
    endloop
  endfacet
  facet normal 9.579895e-01 -0.000000e+00 2.868032e-01
    outer loop
      vertex   2.961864e+00 0.000000e+00 1.104294e+01
      vertex   3.100276e+00 5.000000e+00 1.058062e+01
      vertex   2.961864e+00 5.000000e+00 1.104294e+01
    endloop
  endfacet
  facet normal 9.848078e-01 -0.000000e+00 1.736482e-01
    outer loop
      vertex   2.961864e+00 0.000000e+00 1.104294e+01
      vertex   2.961864e+00 5.000000e+00 1.104294e+01
      vertex   2.878061e+00 0.000000e+00 1.151821e+01
    endloop
  endfacet
  facet normal 9.848078e-01 -0.000000e+00 1.736482e-01
    outer loop
      vertex   2.878061e+00 0.000000e+00 1.151821e+01
      vertex   2.961864e+00 5.000000e+00 1.104294e+01
      vertex   2.878061e+00 5.000000e+00 1.151821e+01
    endloop
  endfacet
  facet normal 9.983082e-01 -0.000000e+00 5.814483e-02
    outer loop
      vertex   2.878061e+00 0.000000e+00 1.151821e+01
      vertex   2.878061e+00 5.000000e+00 1.151821e+01
      vertex   2.850000e+00 0.000000e+00 1.200000e+01
    endloop
  endfacet
  facet normal 9.983082e-01 -0.000000e+00 5.814483e-02
    outer loop
      vertex   2.850000e+00 0.000000e+00 1.200000e+01
      vertex   2.878061e+00 5.000000e+00 1.151821e+01
      vertex   2.850000e+00 5.000000e+00 1.200000e+01
    endloop
  endfacet
  facet normal 9.983082e-01 0.000000e+00 -5.814483e-02
    outer loop
      vertex   2.850000e+00 0.000000e+00 1.200000e+01
      vertex   2.850000e+00 5.000000e+00 1.200000e+01
      vertex   2.878061e+00 0.000000e+00 1.248179e+01
    endloop
  endfacet
  facet normal 9.983082e-01 0.000000e+00 -5.814483e-02
    outer loop
      vertex   2.878061e+00 0.000000e+00 1.248179e+01
      vertex   2.850000e+00 5.000000e+00 1.200000e+01
      vertex   2.878061e+00 5.000000e+00 1.248179e+01
    endloop
  endfacet
  facet normal 9.848078e-01 0.000000e+00 -1.736482e-01
    outer loop
      vertex   2.878061e+00 0.000000e+00 1.248179e+01
      vertex   2.878061e+00 5.000000e+00 1.248179e+01
      vertex   2.961864e+00 0.000000e+00 1.295706e+01
    endloop
  endfacet
  facet normal 9.848078e-01 0.000000e+00 -1.736482e-01
    outer loop
      vertex   2.961864e+00 0.000000e+00 1.295706e+01
      vertex   2.878061e+00 5.000000e+00 1.248179e+01
      vertex   2.961864e+00 5.000000e+00 1.295706e+01
    endloop
  endfacet
  facet normal 9.579895e-01 0.000000e+00 -2.868032e-01
    outer loop
      vertex   2.961864e+00 0.000000e+00 1.295706e+01
      vertex   2.961864e+00 5.000000e+00 1.295706e+01
      vertex   3.100276e+00 0.000000e+00 1.341938e+01
    endloop
  endfacet
  facet normal 9.579895e-01 0.000000e+00 -2.868032e-01
    outer loop
      vertex   3.100276e+00 0.000000e+00 1.341938e+01
      vertex   2.961864e+00 5.000000e+00 1.295706e+01
      vertex   3.100276e+00 5.000000e+00 1.341938e+01
    endloop
  endfacet
  facet normal 9.182161e-01 0.000000e+00 -3.960798e-01
    outer loop
      vertex   3.100276e+00 0.000000e+00 1.341938e+01
      vertex   3.100276e+00 5.000000e+00 1.341938e+01
      vertex   3.291425e+00 0.000000e+00 1.386252e+01
    endloop
  endfacet
  facet normal 9.182161e-01 0.000000e+00 -3.960798e-01
    outer loop
      vertex   3.291425e+00 0.000000e+00 1.386252e+01
      vertex   3.100276e+00 5.000000e+00 1.341938e+01
      vertex   3.291425e+00 5.000000e+00 1.386252e+01
    endloop
  endfacet
  facet normal 8.660254e-01 0.000000e+00 -5.000000e-01
    outer loop
      vertex   3.291425e+00 0.000000e+00 1.386252e+01
      vertex   3.291425e+00 5.000000e+00 1.386252e+01
      vertex   3.532726e+00 0.000000e+00 1.428046e+01
    endloop
  endfacet
  facet normal 8.660254e-01 0.000000e+00 -5.000000e-01
    outer loop
      vertex   3.532726e+00 0.000000e+00 1.428046e+01
      vertex   3.291425e+00 5.000000e+00 1.386252e+01
      vertex   3.532726e+00 5.000000e+00 1.428046e+01
    endloop
  endfacet
  facet normal 8.021232e-01 0.000000e+00 -5.971586e-01
    outer loop
      vertex   3.532726e+00 0.000000e+00 1.428046e+01
      vertex   3.532726e+00 5.000000e+00 1.428046e+01
      vertex   3.820916e+00 0.000000e+00 1.466757e+01
    endloop
  endfacet
  facet normal 8.021232e-01 0.000000e+00 -5.971586e-01
    outer loop
      vertex   3.820916e+00 0.000000e+00 1.466757e+01
      vertex   3.532726e+00 5.000000e+00 1.428046e+01
      vertex   3.820916e+00 5.000000e+00 1.466757e+01
    endloop
  endfacet
  facet normal 7.273736e-01 0.000000e+00 -6.862416e-01
    outer loop
      vertex   3.820916e+00 0.000000e+00 1.466757e+01
      vertex   3.820916e+00 5.000000e+00 1.466757e+01
      vertex   4.152097e+00 0.000000e+00 1.501860e+01
    endloop
  endfacet
  facet normal 7.273736e-01 0.000000e+00 -6.862416e-01
    outer loop
      vertex   4.152097e+00 0.000000e+00 1.501860e+01
      vertex   3.820916e+00 5.000000e+00 1.466757e+01
      vertex   4.152097e+00 5.000000e+00 1.501860e+01
    endloop
  endfacet
  facet normal 6.427876e-01 0.000000e+00 -7.660444e-01
    outer loop
      vertex   4.152097e+00 0.000000e+00 1.501860e+01
      vertex   4.152097e+00 5.000000e+00 1.501860e+01
      vertex   4.521792e+00 0.000000e+00 1.532881e+01
    endloop
  endfacet
  facet normal 6.427876e-01 0.000000e+00 -7.660444e-01
    outer loop
      vertex   4.521792e+00 0.000000e+00 1.532881e+01
      vertex   4.152097e+00 5.000000e+00 1.501860e+01
      vertex   4.521792e+00 5.000000e+00 1.532881e+01
    endloop
  endfacet
  facet normal 5.495090e-01 0.000000e+00 -8.354878e-01
    outer loop
      vertex   4.521792e+00 0.000000e+00 1.532881e+01
      vertex   4.521792e+00 5.000000e+00 1.532881e+01
      vertex   4.925000e+00 0.000000e+00 1.559401e+01
    endloop
  endfacet
  facet normal 5.495090e-01 1.016001e-16 -8.354878e-01
    outer loop
      vertex   4.925000e+00 0.000000e+00 1.559401e+01
      vertex   4.521792e+00 5.000000e+00 1.532881e+01
      vertex   4.925000e+00 5.000000e+00 1.559401e+01
    endloop
  endfacet
  facet normal 4.487992e-01 1.580366e-16 -8.936326e-01
    outer loop
      vertex   4.925000e+00 0.000000e+00 1.559401e+01
      vertex   4.925000e+00 5.000000e+00 1.559401e+01
      vertex   5.356269e+00 0.000000e+00 1.581060e+01
    endloop
  endfacet
  facet normal 4.487992e-01 7.972275e-17 -8.936326e-01
    outer loop
      vertex   5.356269e+00 0.000000e+00 1.581060e+01
      vertex   4.925000e+00 5.000000e+00 1.559401e+01
      vertex   5.356269e+00 5.000000e+00 1.581060e+01
    endloop
  endfacet
  facet normal 3.420201e-01 6.075498e-17 -9.396926e-01
    outer loop
      vertex   5.356269e+00 0.000000e+00 1.581060e+01
      vertex   5.356269e+00 5.000000e+00 1.581060e+01
      vertex   5.809767e+00 0.000000e+00 1.597566e+01
    endloop
  endfacet
  facet normal 3.420201e-01 -6.075498e-17 -9.396926e-01
    outer loop
      vertex   5.809767e+00 0.000000e+00 1.597566e+01
      vertex   5.356269e+00 5.000000e+00 1.581060e+01
      vertex   5.809767e+00 5.000000e+00 1.597566e+01
    endloop
  endfacet
  facet normal 2.306159e-01 -4.096561e-17 -9.730449e-01
    outer loop
      vertex   5.809767e+00 0.000000e+00 1.597566e+01
      vertex   5.809767e+00 5.000000e+00 1.597566e+01
      vertex   6.279360e+00 0.000000e+00 1.608695e+01
    endloop
  endfacet
  facet normal 2.306159e-01 0.000000e+00 -9.730449e-01
    outer loop
      vertex   6.279360e+00 0.000000e+00 1.608695e+01
      vertex   5.809767e+00 5.000000e+00 1.597566e+01
      vertex   6.279360e+00 5.000000e+00 1.608695e+01
    endloop
  endfacet
  facet normal 1.160929e-01 0.000000e+00 -9.932384e-01
    outer loop
      vertex   6.279360e+00 0.000000e+00 1.608695e+01
      vertex   6.279360e+00 5.000000e+00 1.608695e+01
      vertex   6.758699e+00 0.000000e+00 1.614298e+01
    endloop
  endfacet
  facet normal 1.160929e-01 0.000000e+00 -9.932384e-01
    outer loop
      vertex   6.758699e+00 0.000000e+00 1.614298e+01
      vertex   6.279360e+00 5.000000e+00 1.608695e+01
      vertex   6.758699e+00 5.000000e+00 1.614298e+01
    endloop
  endfacet
  facet normal 0.000000e+00 0.000000e+00 -1.000000e+00
    outer loop
      vertex   6.758699e+00 0.000000e+00 1.614298e+01
      vertex   6.758699e+00 5.000000e+00 1.614298e+01
      vertex   7.241301e+00 0.000000e+00 1.614298e+01
    endloop
  endfacet
  facet normal 0.000000e+00 0.000000e+00 -1.000000e+00
    outer loop
      vertex   7.241301e+00 0.000000e+00 1.614298e+01
      vertex   6.758699e+00 5.000000e+00 1.614298e+01
      vertex   7.241301e+00 5.000000e+00 1.614298e+01
    endloop
  endfacet
  facet normal -1.160929e-01 -2.062224e-17 -9.932384e-01
    outer loop
      vertex   7.241301e+00 0.000000e+00 1.614298e+01
      vertex   7.241301e+00 5.000000e+00 1.614298e+01
      vertex   7.720640e+00 0.000000e+00 1.608695e+01
    endloop
  endfacet
  facet normal -1.160929e-01 2.062224e-17 -9.932384e-01
    outer loop
      vertex   7.720640e+00 0.000000e+00 1.608695e+01
      vertex   7.241301e+00 5.000000e+00 1.614298e+01
      vertex   7.720640e+00 5.000000e+00 1.608695e+01
    endloop
  endfacet
  facet normal -2.306159e-01 4.096561e-17 -9.730449e-01
    outer loop
      vertex   7.720640e+00 0.000000e+00 1.608695e+01
      vertex   7.720640e+00 5.000000e+00 1.608695e+01
      vertex   8.190233e+00 0.000000e+00 1.597566e+01
    endloop
  endfacet
  facet normal -2.306159e-01 -8.193122e-17 -9.730449e-01
    outer loop
      vertex   8.190233e+00 0.000000e+00 1.597566e+01
      vertex   7.720640e+00 5.000000e+00 1.608695e+01
      vertex   8.190233e+00 5.000000e+00 1.597566e+01
    endloop
  endfacet
  facet normal -3.420201e-01 -1.215100e-16 -9.396926e-01
    outer loop
      vertex   8.190233e+00 0.000000e+00 1.597566e+01
      vertex   8.190233e+00 5.000000e+00 1.597566e+01
      vertex   8.643731e+00 0.000000e+00 1.581060e+01
    endloop
  endfacet
  facet normal -3.420201e-01 0.000000e+00 -9.396926e-01
    outer loop
      vertex   8.643731e+00 0.000000e+00 1.581060e+01
      vertex   8.190233e+00 5.000000e+00 1.597566e+01
      vertex   8.643731e+00 5.000000e+00 1.581060e+01
    endloop
  endfacet
  facet normal -4.487992e-01 0.000000e+00 -8.936326e-01
    outer loop
      vertex   8.643731e+00 0.000000e+00 1.581060e+01
      vertex   8.643731e+00 5.000000e+00 1.581060e+01
      vertex   9.075000e+00 0.000000e+00 1.559401e+01
    endloop
  endfacet
  facet normal -4.487992e-01 0.000000e+00 -8.936326e-01
    outer loop
      vertex   9.075000e+00 0.000000e+00 1.559401e+01
      vertex   8.643731e+00 5.000000e+00 1.581060e+01
      vertex   9.075000e+00 5.000000e+00 1.559401e+01
    endloop
  endfacet
  facet normal -5.495090e-01 0.000000e+00 -8.354878e-01
    outer loop
      vertex   9.075000e+00 0.000000e+00 1.559401e+01
      vertex   9.075000e+00 5.000000e+00 1.559401e+01
      vertex   9.478208e+00 0.000000e+00 1.532881e+01
    endloop
  endfacet
  facet normal -5.495090e-01 0.000000e+00 -8.354878e-01
    outer loop
      vertex   9.478208e+00 0.000000e+00 1.532881e+01
      vertex   9.075000e+00 5.000000e+00 1.559401e+01
      vertex   9.478208e+00 5.000000e+00 1.532881e+01
    endloop
  endfacet
  facet normal -6.427876e-01 0.000000e+00 -7.660444e-01
    outer loop
      vertex   9.478208e+00 0.000000e+00 1.532881e+01
      vertex   9.478208e+00 5.000000e+00 1.532881e+01
      vertex   9.847903e+00 0.000000e+00 1.501860e+01
    endloop
  endfacet
  facet normal -6.427876e-01 -2.283640e-16 -7.660444e-01
    outer loop
      vertex   9.847903e+00 0.000000e+00 1.501860e+01
      vertex   9.478208e+00 5.000000e+00 1.532881e+01
      vertex   9.847903e+00 5.000000e+00 1.501860e+01
    endloop
  endfacet
  facet normal -7.273736e-01 -2.584150e-16 -6.862416e-01
    outer loop
      vertex   9.847903e+00 0.000000e+00 1.501860e+01
      vertex   9.847903e+00 5.000000e+00 1.501860e+01
      vertex   1.017908e+01 0.000000e+00 1.466757e+01
    endloop
  endfacet
  facet normal -7.273736e-01 0.000000e+00 -6.862416e-01
    outer loop
      vertex   1.017908e+01 0.000000e+00 1.466757e+01
      vertex   9.847903e+00 5.000000e+00 1.501860e+01
      vertex   1.017908e+01 5.000000e+00 1.466757e+01
    endloop
  endfacet
  facet normal -8.021232e-01 0.000000e+00 -5.971586e-01
    outer loop
      vertex   1.017908e+01 0.000000e+00 1.466757e+01
      vertex   1.017908e+01 5.000000e+00 1.466757e+01
      vertex   1.046727e+01 0.000000e+00 1.428046e+01
    endloop
  endfacet
  facet normal -8.021232e-01 -2.849714e-16 -5.971586e-01
    outer loop
      vertex   1.046727e+01 0.000000e+00 1.428046e+01
      vertex   1.017908e+01 5.000000e+00 1.466757e+01
      vertex   1.046727e+01 5.000000e+00 1.428046e+01
    endloop
  endfacet
  facet normal -8.660254e-01 -3.076740e-16 -5.000000e-01
    outer loop
      vertex   1.046727e+01 0.000000e+00 1.428046e+01
      vertex   1.046727e+01 5.000000e+00 1.428046e+01
      vertex   1.070858e+01 0.000000e+00 1.386252e+01
    endloop
  endfacet
  facet normal -8.660254e-01 0.000000e+00 -5.000000e-01
    outer loop
      vertex   1.070858e+01 0.000000e+00 1.386252e+01
      vertex   1.046727e+01 5.000000e+00 1.428046e+01
      vertex   1.070858e+01 5.000000e+00 1.386252e+01
    endloop
  endfacet
  facet normal -9.182161e-01 0.000000e+00 -3.960798e-01
    outer loop
      vertex   1.070858e+01 0.000000e+00 1.386252e+01
      vertex   1.070858e+01 5.000000e+00 1.386252e+01
      vertex   1.089972e+01 0.000000e+00 1.341938e+01
    endloop
  endfacet
  facet normal -9.182161e-01 1.407158e-16 -3.960798e-01
    outer loop
      vertex   1.089972e+01 0.000000e+00 1.341938e+01
      vertex   1.070858e+01 5.000000e+00 1.386252e+01
      vertex   1.089972e+01 5.000000e+00 1.341938e+01
    endloop
  endfacet
  facet normal -9.579895e-01 1.018930e-16 -2.868032e-01
    outer loop
      vertex   1.089972e+01 0.000000e+00 1.341938e+01
      vertex   1.089972e+01 5.000000e+00 1.341938e+01
      vertex   1.103814e+01 0.000000e+00 1.295706e+01
    endloop
  endfacet
  facet normal -9.579895e-01 0.000000e+00 -2.868032e-01
    outer loop
      vertex   1.103814e+01 0.000000e+00 1.295706e+01
      vertex   1.089972e+01 5.000000e+00 1.341938e+01
      vertex   1.103814e+01 5.000000e+00 1.295706e+01
    endloop
  endfacet
  facet normal -9.848078e-01 0.000000e+00 -1.736482e-01
    outer loop
      vertex   1.103814e+01 0.000000e+00 1.295706e+01
      vertex   1.103814e+01 5.000000e+00 1.295706e+01
      vertex   1.112194e+01 0.000000e+00 1.248179e+01
    endloop
  endfacet
  facet normal -9.848078e-01 1.233845e-16 -1.736482e-01
    outer loop
      vertex   1.112194e+01 0.000000e+00 1.248179e+01
      vertex   1.103814e+01 5.000000e+00 1.295706e+01
      vertex   1.112194e+01 5.000000e+00 1.248179e+01
    endloop
  endfacet
endsolid
