solid ASCII
  facet normal 7.058604e-01 -3.414237e-02 7.075276e-01
    outer loop
      vertex   -4.105743e+00 3.981199e-01 3.500000e+00
      vertex   -4.605838e+00 4.205737e-01 4.000000e+00
      vertex   -4.125000e+00 5.051668e-16 3.500000e+00
    endloop
  endfacet
  facet normal 7.067401e-01 -3.220036e-02 7.067401e-01
    outer loop
      vertex   -4.125000e+00 5.051668e-16 3.500000e+00
      vertex   -4.605838e+00 4.205737e-01 4.000000e+00
      vertex   -4.625000e+00 -5.663991e-16 4.000000e+00
    endloop
  endfacet
  facet normal 7.067401e-01 3.220036e-02 7.067401e-01
    outer loop
      vertex   -4.125000e+00 5.051668e-16 3.500000e+00
      vertex   -4.625000e+00 -5.663991e-16 4.000000e+00
      vertex   -4.605838e+00 -4.205737e-01 4.000000e+00
    endloop
  endfacet
  facet normal 7.015762e-01 -9.642943e-02 7.060398e-01
    outer loop
      vertex   -4.605838e+00 4.205737e-01 4.000000e+00
      vertex   -4.105743e+00 3.981199e-01 3.500000e+00
      vertex   -4.548510e+00 8.376625e-01 4.000000e+00
    endloop
  endfacet
  facet normal 6.985470e-01 -1.020028e-01 7.082567e-01
    outer loop
      vertex   -4.548510e+00 8.376625e-01 4.000000e+00
      vertex   -4.105743e+00 3.981199e-01 3.500000e+00
      vertex   -4.048152e+00 7.925227e-01 3.500000e+00
    endloop
  endfacet
  facet normal 6.904928e-01 -1.599648e-01 7.054296e-01
    outer loop
      vertex   -4.548510e+00 8.376625e-01 4.000000e+00
      vertex   -4.048152e+00 7.925227e-01 3.500000e+00
      vertex   -4.453492e+00 1.247810e+00 4.000000e+00
    endloop
  endfacet
  facet normal 6.848319e-01 -1.687959e-01 7.088817e-01
    outer loop
      vertex   -4.453492e+00 1.247810e+00 4.000000e+00
      vertex   -4.048152e+00 7.925227e-01 3.500000e+00
      vertex   -3.952764e+00 1.179526e+00 3.500000e+00
    endloop
  endfacet
  facet normal 6.735761e-01 -2.222538e-01 7.049102e-01
    outer loop
      vertex   -4.453492e+00 1.247810e+00 4.000000e+00
      vertex   -3.952764e+00 1.179526e+00 3.500000e+00
      vertex   -4.321571e+00 1.647618e+00 4.000000e+00
    endloop
  endfacet
  facet normal 6.648487e-01 -2.339295e-01 7.094034e-01
    outer loop
      vertex   -4.321571e+00 1.647618e+00 4.000000e+00
      vertex   -3.952764e+00 1.179526e+00 3.500000e+00
      vertex   -3.820470e+00 1.555516e+00 3.500000e+00
    endloop
  endfacet
  facet normal 6.509646e-01 -2.827538e-01 7.044823e-01
    outer loop
      vertex   -4.321571e+00 1.647618e+00 4.000000e+00
      vertex   -3.820470e+00 1.555516e+00 3.500000e+00
      vertex   -4.153841e+00 2.033773e+00 4.000000e+00
    endloop
  endfacet
  facet normal 6.387847e-01 -2.968268e-01 7.098225e-01
    outer loop
      vertex   -4.153841e+00 2.033773e+00 4.000000e+00
      vertex   -3.820470e+00 1.555516e+00 3.500000e+00
      vertex   -3.652506e+00 1.916983e+00 3.500000e+00
    endloop
  endfacet
  facet normal 6.228477e-01 -3.409377e-01 7.041464e-01
    outer loop
      vertex   -4.153841e+00 2.033773e+00 4.000000e+00
      vertex   -3.652506e+00 1.916983e+00 3.500000e+00
      vertex   -3.951690e+00 2.403076e+00 4.000000e+00
    endloop
  endfacet
  facet normal 6.068793e-01 -3.569307e-01 7.101395e-01
    outer loop
      vertex   -3.951690e+00 2.403076e+00 4.000000e+00
      vertex   -3.652506e+00 1.916983e+00 3.500000e+00
      vertex   -3.450439e+00 2.260552e+00 3.500000e+00
    endloop
  endfacet
  facet normal 5.894644e-01 -3.962985e-01 7.039028e-01
    outer loop
      vertex   -3.951690e+00 2.403076e+00 4.000000e+00
      vertex   -3.450439e+00 2.260552e+00 3.500000e+00
      vertex   -3.716794e+00 2.752466e+00 4.000000e+00
    endloop
  endfacet
  facet normal 5.694216e-01 -4.137090e-01 7.103548e-01
    outer loop
      vertex   -3.716794e+00 2.752466e+00 4.000000e+00
      vertex   -3.450439e+00 2.260552e+00 3.500000e+00
      vertex   -3.216157e+00 2.583014e+00 3.500000e+00
    endloop
  endfacet
  facet normal 5.511008e-01 -4.483538e-01 7.037519e-01
    outer loop
      vertex   -3.716794e+00 2.752466e+00 4.000000e+00
      vertex   -3.216157e+00 2.583014e+00 3.500000e+00
      vertex   -3.451100e+00 3.079048e+00 4.000000e+00
    endloop
  endfacet
  facet normal 5.267486e-01 -4.666585e-01 7.104687e-01
    outer loop
      vertex   -3.451100e+00 3.079048e+00 4.000000e+00
      vertex   -3.216157e+00 2.583014e+00 3.500000e+00
      vertex   -2.951846e+00 2.881359e+00 3.500000e+00
    endloop
  endfacet
  facet normal 5.080877e-01 -4.966507e-01 7.036939e-01
    outer loop
      vertex   -3.451100e+00 3.079048e+00 4.000000e+00
      vertex   -2.951846e+00 2.881359e+00 3.500000e+00
      vertex   -3.156808e+00 3.380116e+00 4.000000e+00
    endloop
  endfacet
  facet normal 4.792418e-01 -5.153092e-01 7.104813e-01
    outer loop
      vertex   -3.156808e+00 3.380116e+00 4.000000e+00
      vertex   -2.951846e+00 2.881359e+00 3.500000e+00
      vertex   -2.659974e+00 3.152802e+00 3.500000e+00
    endloop
  endfacet
  facet normal 4.607973e-01 -5.407696e-01 7.037287e-01
    outer loop
      vertex   -3.156808e+00 3.380116e+00 4.000000e+00
      vertex   -2.659974e+00 3.152802e+00 3.500000e+00
      vertex   -2.836359e+00 3.653176e+00 4.000000e+00
    endloop
  endfacet
  facet normal 4.273243e-01 -5.592281e-01 7.103928e-01
    outer loop
      vertex   -2.836359e+00 3.653176e+00 4.000000e+00
      vertex   -2.659974e+00 3.152802e+00 3.500000e+00
      vertex   -2.343267e+00 3.394808e+00 3.500000e+00
    endloop
  endfacet
  facet normal 4.096404e-01 -5.803283e-01 7.038564e-01
    outer loop
      vertex   -2.836359e+00 3.653176e+00 4.000000e+00
      vertex   -2.343267e+00 3.394808e+00 3.500000e+00
      vertex   -2.492406e+00 3.895964e+00 4.000000e+00
    endloop
  endfacet
  facet normal 3.714572e-01 -5.980230e-01 7.102028e-01
    outer loop
      vertex   -2.492406e+00 3.895964e+00 4.000000e+00
      vertex   -2.343267e+00 3.394808e+00 3.500000e+00
      vertex   -2.004682e+00 3.605118e+00 3.500000e+00
    endloop
  endfacet
  facet normal 3.550619e-01 -6.149853e-01 7.040768e-01
    outer loop
      vertex   -2.492406e+00 3.895964e+00 4.000000e+00
      vertex   -2.004682e+00 3.605118e+00 3.500000e+00
      vertex   -2.127801e+00 4.106469e+00 4.000000e+00
    endloop
  endfacet
  facet normal 3.121359e-01 -6.313455e-01 7.099113e-01
    outer loop
      vertex   -2.127801e+00 4.106469e+00 4.000000e+00
      vertex   -2.004682e+00 3.605118e+00 3.500000e+00
      vertex   -1.647379e+00 3.781768e+00 3.500000e+00
    endloop
  endfacet
  facet normal 2.975371e-01 -6.444430e-01 7.043897e-01
    outer loop
      vertex   -2.127801e+00 4.106469e+00 4.000000e+00
      vertex   -1.647379e+00 3.781768e+00 3.500000e+00
      vertex   -1.745564e+00 4.282947e+00 4.000000e+00
    endloop
  endfacet
  facet normal 2.498856e-01 -6.588943e-01 7.095178e-01
    outer loop
      vertex   -1.745564e+00 4.282947e+00 4.000000e+00
      vertex   -1.647379e+00 3.781768e+00 3.500000e+00
      vertex   -1.274695e+00 3.923108e+00 3.500000e+00
    endloop
  endfacet
  facet normal 2.375674e-01 -6.684506e-01 7.047947e-01
    outer loop
      vertex   -1.745564e+00 4.282947e+00 4.000000e+00
      vertex   -1.274695e+00 3.923108e+00 3.500000e+00
      vertex   -1.348862e+00 4.423934e+00 4.000000e+00
    endloop
  endfacet
  facet normal 1.852577e-01 -6.804173e-01 7.090218e-01
    outer loop
      vertex   -1.348862e+00 4.423934e+00 4.000000e+00
      vertex   -1.274695e+00 3.923108e+00 3.500000e+00
      vertex   -8.901098e-01 4.027819e+00 3.500000e+00
    endloop
  endfacet
  facet normal 1.756753e-01 -6.868060e-01 7.052912e-01
    outer loop
      vertex   -1.348862e+00 4.423934e+00 4.000000e+00
      vertex   -8.901098e-01 4.027819e+00 3.500000e+00
      vertex   -9.409841e-01 4.528264e+00 4.000000e+00
    endloop
  endfacet
  facet normal 1.188245e-01 -6.957141e-01 7.084227e-01
    outer loop
      vertex   -9.409841e-01 4.528264e+00 4.000000e+00
      vertex   -8.901098e-01 4.027819e+00 3.500000e+00
      vertex   -4.972138e-01 4.094924e+00 3.500000e+00
    endloop
  endfacet
  facet normal 1.124000e-01 -6.993579e-01 7.058788e-01
    outer loop
      vertex   -9.409841e-01 4.528264e+00 4.000000e+00
      vertex   -4.972138e-01 4.094924e+00 3.500000e+00
      vertex   -5.253084e-01 4.595071e+00 4.000000e+00
    endloop
  endfacet
  facet normal 5.117470e-02 -7.046375e-01 7.077197e-01
    outer loop
      vertex   -5.253084e-01 4.595071e+00 4.000000e+00
      vertex   -4.972138e-01 4.094924e+00 3.500000e+00
      vertex   -9.967545e-02 4.123796e+00 3.500000e+00
    endloop
  endfacet
  facet normal 4.829219e-02 -7.060068e-01 7.065566e-01
    outer loop
      vertex   -5.253084e-01 4.595071e+00 4.000000e+00
      vertex   -9.967545e-02 4.123796e+00 3.500000e+00
      vertex   -1.052798e-01 4.623802e+00 4.000000e+00
    endloop
  endfacet
  facet normal -1.610005e-02 -7.071011e-01 7.069292e-01
    outer loop
      vertex   -1.052798e-01 4.623802e+00 4.000000e+00
      vertex   -9.967545e-02 4.123796e+00 3.500000e+00
      vertex   3.156212e-01 4.614218e+00 4.000000e+00
    endloop
  endfacet
  facet normal -1.708098e-02 -7.066781e-01 7.073290e-01
    outer loop
      vertex   3.156212e-01 4.614218e+00 4.000000e+00
      vertex   -9.967545e-02 4.123796e+00 3.500000e+00
      vertex   2.987936e-01 4.114164e+00 3.500000e+00
    endloop
  endfacet
  facet normal -8.041545e-02 -7.034243e-01 7.062065e-01
    outer loop
      vertex   3.156212e-01 4.614218e+00 4.000000e+00
      vertex   2.987936e-01 4.114164e+00 3.500000e+00
      vertex   7.339068e-01 4.566400e+00 4.000000e+00
    endloop
  endfacet
  facet normal -8.511432e-02 -7.009795e-01 7.080842e-01
    outer loop
      vertex   7.339068e-01 4.566400e+00 4.000000e+00
      vertex   2.987936e-01 4.114164e+00 3.500000e+00
      vertex   6.944728e-01 4.066120e+00 3.500000e+00
    endloop
  endfacet
  facet normal -1.441764e-01 -6.938148e-01 7.055737e-01
    outer loop
      vertex   7.339068e-01 4.566400e+00 4.000000e+00
      vertex   6.944728e-01 4.066120e+00 3.500000e+00
      vertex   1.146111e+00 4.480743e+00 4.000000e+00
    endloop
  endfacet
  facet normal -1.522303e-01 -6.888544e-01 7.087352e-01
    outer loop
      vertex   1.146111e+00 4.480743e+00 4.000000e+00
      vertex   6.944728e-01 4.066120e+00 3.500000e+00
      vertex   1.083668e+00 3.980112e+00 3.500000e+00
    endloop
  endfacet
  facet normal -2.068283e-01 -6.783455e-01 7.050315e-01
    outer loop
      vertex   1.146111e+00 4.480743e+00 4.000000e+00
      vertex   1.083668e+00 3.980112e+00 3.500000e+00
      vertex   1.548818e+00 4.357957e+00 4.000000e+00
    endloop
  endfacet
  facet normal -2.178336e-01 -6.704228e-01 7.092826e-01
    outer loop
      vertex   1.548818e+00 4.357957e+00 4.000000e+00
      vertex   1.083668e+00 3.980112e+00 3.500000e+00
      vertex   1.462745e+00 3.856942e+00 3.500000e+00
    endloop
  endfacet
  facet normal -2.678257e-01 -6.571419e-01 7.045807e-01
    outer loop
      vertex   1.548818e+00 4.357957e+00 4.000000e+00
      vertex   1.462745e+00 3.856942e+00 3.500000e+00
      vertex   1.938691e+00 4.199059e+00 4.000000e+00
    endloop
  endfacet
  facet normal -2.813430e-01 -6.458586e-01 7.097273e-01
    outer loop
      vertex   1.938691e+00 4.199059e+00 4.000000e+00
      vertex   1.462745e+00 3.856942e+00 3.500000e+00
      vertex   1.828165e+00 3.697761e+00 3.500000e+00
    endloop
  endfacet
  facet normal -3.266370e-01 -6.303808e-01 7.042217e-01
    outer loop
      vertex   1.938691e+00 4.199059e+00 4.000000e+00
      vertex   1.828165e+00 3.697761e+00 3.500000e+00
      vertex   2.312500e+00 4.005367e+00 4.000000e+00
    endloop
  endfacet
  facet normal -3.421961e-01 -6.153883e-01 7.100698e-01
    outer loop
      vertex   2.312500e+00 4.005367e+00 4.000000e+00
      vertex   1.828165e+00 3.697761e+00 3.500000e+00
      vertex   2.176516e+00 3.504055e+00 3.500000e+00
    endloop
  endfacet
  facet normal -3.827498e-01 -5.982891e-01 7.039550e-01
    outer loop
      vertex   2.312500e+00 4.005367e+00 4.000000e+00
      vertex   2.176516e+00 3.504055e+00 3.500000e+00
      vertex   2.667146e+00 3.778486e+00 4.000000e+00
    endloop
  endfacet
  facet normal -3.998542e-01 -5.792889e-01 7.103105e-01
    outer loop
      vertex   2.667146e+00 3.778486e+00 4.000000e+00
      vertex   2.176516e+00 3.504055e+00 3.500000e+00
      vertex   2.504545e+00 3.277633e+00 3.500000e+00
    endloop
  endfacet
  facet normal -4.356752e-01 -5.611413e-01 7.037809e-01
    outer loop
      vertex   2.667146e+00 3.778486e+00 4.000000e+00
      vertex   2.504545e+00 3.277633e+00 3.500000e+00
      vertex   2.999692e+00 3.520294e+00 4.000000e+00
    endloop
  endfacet
  facet normal -4.538064e-01 -5.378856e-01 7.104497e-01
    outer loop
      vertex   2.999692e+00 3.520294e+00 4.000000e+00
      vertex   2.504545e+00 3.277633e+00 3.500000e+00
      vertex   2.809190e+00 3.020608e+00 3.500000e+00
    endloop
  endfacet
  facet normal -4.849523e-01 -5.192572e-01 7.036997e-01
    outer loop
      vertex   2.999692e+00 3.520294e+00 4.000000e+00
      vertex   2.809190e+00 3.020608e+00 3.500000e+00
      vertex   3.307381e+00 3.232933e+00 4.000000e+00
    endloop
  endfacet
  facet normal -5.035739e-01 -4.915492e-01 7.104877e-01
    outer loop
      vertex   3.307381e+00 3.232933e+00 4.000000e+00
      vertex   2.809190e+00 3.020608e+00 3.500000e+00
      vertex   3.087607e+00 2.735381e+00 3.500000e+00
    endloop
  endfacet
  facet normal -5.301531e-01 -4.729991e-01 7.037113e-01
    outer loop
      vertex   3.307381e+00 3.232933e+00 4.000000e+00
      vertex   3.087607e+00 2.735381e+00 3.500000e+00
      vertex   3.587665e+00 2.918782e+00 4.000000e+00
    endloop
  endfacet
  facet normal -5.487142e-01 -4.406926e-01 7.104244e-01
    outer loop
      vertex   3.587665e+00 2.918782e+00 4.000000e+00
      vertex   3.087607e+00 2.735381e+00 3.500000e+00
      vertex   3.337195e+00 2.424614e+00 3.500000e+00
    endloop
  endfacet
  facet normal -5.708855e-01 -4.227684e-01 7.038158e-01
    outer loop
      vertex   3.587665e+00 2.918782e+00 4.000000e+00
      vertex   3.337195e+00 2.424614e+00 3.500000e+00
      vertex   3.838219e+00 2.580445e+00 4.000000e+00
    endloop
  endfacet
  facet normal -5.888245e-01 -3.857677e-01 7.102598e-01
    outer loop
      vertex   3.838219e+00 2.580445e+00 4.000000e+00
      vertex   3.337195e+00 2.424614e+00 3.500000e+00
      vertex   3.555625e+00 2.091209e+00 3.500000e+00
    endloop
  endfacet
  facet normal -6.067976e-01 -3.690018e-01 7.040130e-01
    outer loop
      vertex   3.838219e+00 2.580445e+00 4.000000e+00
      vertex   3.555625e+00 2.091209e+00 3.500000e+00
      vertex   4.056970e+00 2.220726e+00 4.000000e+00
    endloop
  endfacet
  facet normal -6.235452e-01 -3.272618e-01 7.099937e-01
    outer loop
      vertex   4.056970e+00 2.220726e+00 4.000000e+00
      vertex   3.555625e+00 2.091209e+00 3.500000e+00
      vertex   3.740857e+00 1.738280e+00 3.500000e+00
    endloop
  endfacet
  facet normal -6.375805e-01 -3.121675e-01 7.043028e-01
    outer loop
      vertex   4.056970e+00 2.220726e+00 4.000000e+00
      vertex   3.740857e+00 1.738280e+00 3.500000e+00
      vertex   4.242102e+00 1.842605e+00 4.000000e+00
    endloop
  endfacet
  facet normal -6.525630e-01 -2.656930e-01 7.096257e-01
    outer loop
      vertex   4.242102e+00 1.842605e+00 4.000000e+00
      vertex   3.740857e+00 1.738280e+00 3.500000e+00
      vertex   3.891161e+00 1.369120e+00 3.500000e+00
    endloop
  endfacet
  facet normal -6.629716e-01 -2.527608e-01 7.046848e-01
    outer loop
      vertex   4.242102e+00 1.842605e+00 4.000000e+00
      vertex   3.891161e+00 1.369120e+00 3.500000e+00
      vertex   4.392084e+00 1.449216e+00 4.000000e+00
    endloop
  endfacet
  facet normal -6.756133e-01 -2.016066e-01 7.091554e-01
    outer loop
      vertex   4.392084e+00 1.449216e+00 4.000000e+00
      vertex   3.891161e+00 1.369120e+00 3.500000e+00
      vertex   4.005135e+00 9.871771e-01 3.500000e+00
    endloop
  endfacet
  facet normal -6.827562e-01 -1.912993e-01 7.051585e-01
    outer loop
      vertex   4.392084e+00 1.449216e+00 4.000000e+00
      vertex   4.005135e+00 9.871771e-01 3.500000e+00
      vertex   4.505671e+00 1.043818e+00 4.000000e+00
    endloop
  endfacet
  facet normal -6.924825e-01 -1.355701e-01 7.085822e-01
    outer loop
      vertex   4.505671e+00 1.043818e+00 4.000000e+00
      vertex   4.005135e+00 9.871771e-01 3.500000e+00
      vertex   4.081714e+00 5.960173e-01 3.500000e+00
    endloop
  endfacet
  facet normal -6.967703e-01 -1.283186e-01 7.057234e-01
    outer loop
      vertex   4.505671e+00 1.043818e+00 4.000000e+00
      vertex   4.081714e+00 5.960173e-01 3.500000e+00
      vertex   4.581923e+00 6.297708e-01 4.000000e+00
    endloop
  endfacet
  facet normal -7.030101e-01 -6.816850e-02 7.079052e-01
    outer loop
      vertex   4.581923e+00 6.297708e-01 4.000000e+00
      vertex   4.081714e+00 5.960173e-01 3.500000e+00
      vertex   4.120183e+00 1.992927e-01 3.500000e+00
    endloop
  endfacet
  facet normal -7.049014e-01 -6.436679e-02 7.063787e-01
    outer loop
      vertex   4.581923e+00 6.297708e-01 4.000000e+00
      vertex   4.120183e+00 1.992927e-01 3.500000e+00
      vertex   4.620207e+00 2.105050e-01 4.000000e+00
    endloop
  endfacet
  facet normal -7.070898e-01 0.000000e+00 7.071238e-01
    outer loop
      vertex   4.620207e+00 2.105050e-01 4.000000e+00
      vertex   4.120183e+00 1.992927e-01 3.500000e+00
      vertex   4.120183e+00 -1.992927e-01 3.500000e+00
    endloop
  endfacet
  facet normal -7.070898e-01 0.000000e+00 7.071238e-01
    outer loop
      vertex   4.620207e+00 2.105050e-01 4.000000e+00
      vertex   4.120183e+00 -1.992927e-01 3.500000e+00
      vertex   4.620207e+00 -2.105050e-01 4.000000e+00
    endloop
  endfacet
  facet normal -7.049014e-01 6.436679e-02 7.063787e-01
    outer loop
      vertex   4.620207e+00 -2.105050e-01 4.000000e+00
      vertex   4.120183e+00 -1.992927e-01 3.500000e+00
      vertex   4.581923e+00 -6.297708e-01 4.000000e+00
    endloop
  endfacet
  facet normal -7.030101e-01 6.816850e-02 7.079052e-01
    outer loop
      vertex   4.581923e+00 -6.297708e-01 4.000000e+00
      vertex   4.120183e+00 -1.992927e-01 3.500000e+00
      vertex   4.081714e+00 -5.960173e-01 3.500000e+00
    endloop
  endfacet
  facet normal -6.967703e-01 1.283186e-01 7.057234e-01
    outer loop
      vertex   4.581923e+00 -6.297708e-01 4.000000e+00
      vertex   4.081714e+00 -5.960173e-01 3.500000e+00
      vertex   4.505671e+00 -1.043818e+00 4.000000e+00
    endloop
  endfacet
  facet normal -6.924825e-01 1.355701e-01 7.085822e-01
    outer loop
      vertex   4.505671e+00 -1.043818e+00 4.000000e+00
      vertex   4.081714e+00 -5.960173e-01 3.500000e+00
      vertex   4.005135e+00 -9.871771e-01 3.500000e+00
    endloop
  endfacet
  facet normal -6.827562e-01 1.912993e-01 7.051585e-01
    outer loop
      vertex   4.505671e+00 -1.043818e+00 4.000000e+00
      vertex   4.005135e+00 -9.871771e-01 3.500000e+00
      vertex   4.392084e+00 -1.449216e+00 4.000000e+00
    endloop
  endfacet
  facet normal -6.756133e-01 2.016066e-01 7.091554e-01
    outer loop
      vertex   4.392084e+00 -1.449216e+00 4.000000e+00
      vertex   4.005135e+00 -9.871771e-01 3.500000e+00
      vertex   3.891161e+00 -1.369120e+00 3.500000e+00
    endloop
  endfacet
  facet normal -6.629716e-01 2.527608e-01 7.046848e-01
    outer loop
      vertex   4.392084e+00 -1.449216e+00 4.000000e+00
      vertex   3.891161e+00 -1.369120e+00 3.500000e+00
      vertex   4.242102e+00 -1.842605e+00 4.000000e+00
    endloop
  endfacet
  facet normal -6.525630e-01 2.656930e-01 7.096257e-01
    outer loop
      vertex   4.242102e+00 -1.842605e+00 4.000000e+00
      vertex   3.891161e+00 -1.369120e+00 3.500000e+00
      vertex   3.740857e+00 -1.738280e+00 3.500000e+00
    endloop
  endfacet
  facet normal -6.375805e-01 3.121675e-01 7.043028e-01
    outer loop
      vertex   4.242102e+00 -1.842605e+00 4.000000e+00
      vertex   3.740857e+00 -1.738280e+00 3.500000e+00
      vertex   4.056970e+00 -2.220726e+00 4.000000e+00
    endloop
  endfacet
  facet normal -6.235452e-01 3.272618e-01 7.099937e-01
    outer loop
      vertex   4.056970e+00 -2.220726e+00 4.000000e+00
      vertex   3.740857e+00 -1.738280e+00 3.500000e+00
      vertex   3.555625e+00 -2.091209e+00 3.500000e+00
    endloop
  endfacet
  facet normal -6.067976e-01 3.690018e-01 7.040130e-01
    outer loop
      vertex   4.056970e+00 -2.220726e+00 4.000000e+00
      vertex   3.555625e+00 -2.091209e+00 3.500000e+00
      vertex   3.838219e+00 -2.580445e+00 4.000000e+00
    endloop
  endfacet
  facet normal -5.888245e-01 3.857677e-01 7.102598e-01
    outer loop
      vertex   3.838219e+00 -2.580445e+00 4.000000e+00
      vertex   3.555625e+00 -2.091209e+00 3.500000e+00
      vertex   3.337195e+00 -2.424614e+00 3.500000e+00
    endloop
  endfacet
  facet normal -5.708855e-01 4.227684e-01 7.038158e-01
    outer loop
      vertex   3.838219e+00 -2.580445e+00 4.000000e+00
      vertex   3.337195e+00 -2.424614e+00 3.500000e+00
      vertex   3.587665e+00 -2.918782e+00 4.000000e+00
    endloop
  endfacet
  facet normal -5.487142e-01 4.406926e-01 7.104244e-01
    outer loop
      vertex   3.587665e+00 -2.918782e+00 4.000000e+00
      vertex   3.337195e+00 -2.424614e+00 3.500000e+00
      vertex   3.087607e+00 -2.735381e+00 3.500000e+00
    endloop
  endfacet
  facet normal -5.301531e-01 4.729991e-01 7.037113e-01
    outer loop
      vertex   3.587665e+00 -2.918782e+00 4.000000e+00
      vertex   3.087607e+00 -2.735381e+00 3.500000e+00
      vertex   3.307381e+00 -3.232933e+00 4.000000e+00
    endloop
  endfacet
  facet normal -5.035739e-01 4.915492e-01 7.104877e-01
    outer loop
      vertex   3.307381e+00 -3.232933e+00 4.000000e+00
      vertex   3.087607e+00 -2.735381e+00 3.500000e+00
      vertex   2.809190e+00 -3.020608e+00 3.500000e+00
    endloop
  endfacet
  facet normal -4.849523e-01 5.192572e-01 7.036997e-01
    outer loop
      vertex   3.307381e+00 -3.232933e+00 4.000000e+00
      vertex   2.809190e+00 -3.020608e+00 3.500000e+00
      vertex   2.999692e+00 -3.520294e+00 4.000000e+00
    endloop
  endfacet
  facet normal -4.538064e-01 5.378856e-01 7.104497e-01
    outer loop
      vertex   2.999692e+00 -3.520294e+00 4.000000e+00
      vertex   2.809190e+00 -3.020608e+00 3.500000e+00
      vertex   2.504545e+00 -3.277633e+00 3.500000e+00
    endloop
  endfacet
  facet normal -4.356752e-01 5.611413e-01 7.037809e-01
    outer loop
      vertex   2.999692e+00 -3.520294e+00 4.000000e+00
      vertex   2.504545e+00 -3.277633e+00 3.500000e+00
      vertex   2.667146e+00 -3.778486e+00 4.000000e+00
    endloop
  endfacet
  facet normal -3.998542e-01 5.792889e-01 7.103105e-01
    outer loop
      vertex   2.667146e+00 -3.778486e+00 4.000000e+00
      vertex   2.504545e+00 -3.277633e+00 3.500000e+00
      vertex   2.176516e+00 -3.504055e+00 3.500000e+00
    endloop
  endfacet
  facet normal -3.827498e-01 5.982891e-01 7.039550e-01
    outer loop
      vertex   2.667146e+00 -3.778486e+00 4.000000e+00
      vertex   2.176516e+00 -3.504055e+00 3.500000e+00
      vertex   2.312500e+00 -4.005367e+00 4.000000e+00
    endloop
  endfacet
  facet normal -3.421961e-01 6.153883e-01 7.100698e-01
    outer loop
      vertex   2.312500e+00 -4.005367e+00 4.000000e+00
      vertex   2.176516e+00 -3.504055e+00 3.500000e+00
      vertex   1.828165e+00 -3.697761e+00 3.500000e+00
    endloop
  endfacet
  facet normal -3.266370e-01 6.303808e-01 7.042217e-01
    outer loop
      vertex   2.312500e+00 -4.005367e+00 4.000000e+00
      vertex   1.828165e+00 -3.697761e+00 3.500000e+00
      vertex   1.938691e+00 -4.199059e+00 4.000000e+00
    endloop
  endfacet
  facet normal -2.813430e-01 6.458586e-01 7.097273e-01
    outer loop
      vertex   1.938691e+00 -4.199059e+00 4.000000e+00
      vertex   1.828165e+00 -3.697761e+00 3.500000e+00
      vertex   1.462745e+00 -3.856942e+00 3.500000e+00
    endloop
  endfacet
  facet normal -2.678257e-01 6.571419e-01 7.045807e-01
    outer loop
      vertex   1.938691e+00 -4.199059e+00 4.000000e+00
      vertex   1.462745e+00 -3.856942e+00 3.500000e+00
      vertex   1.548818e+00 -4.357957e+00 4.000000e+00
    endloop
  endfacet
  facet normal -2.178336e-01 6.704228e-01 7.092826e-01
    outer loop
      vertex   1.548818e+00 -4.357957e+00 4.000000e+00
      vertex   1.462745e+00 -3.856942e+00 3.500000e+00
      vertex   1.083668e+00 -3.980112e+00 3.500000e+00
    endloop
  endfacet
  facet normal -2.068283e-01 6.783455e-01 7.050315e-01
    outer loop
      vertex   1.548818e+00 -4.357957e+00 4.000000e+00
      vertex   1.083668e+00 -3.980112e+00 3.500000e+00
      vertex   1.146111e+00 -4.480743e+00 4.000000e+00
    endloop
  endfacet
  facet normal -1.522303e-01 6.888544e-01 7.087352e-01
    outer loop
      vertex   1.146111e+00 -4.480743e+00 4.000000e+00
      vertex   1.083668e+00 -3.980112e+00 3.500000e+00
      vertex   6.944728e-01 -4.066120e+00 3.500000e+00
    endloop
  endfacet
  facet normal -1.441764e-01 6.938148e-01 7.055737e-01
    outer loop
      vertex   1.146111e+00 -4.480743e+00 4.000000e+00
      vertex   6.944728e-01 -4.066120e+00 3.500000e+00
      vertex   7.339068e-01 -4.566400e+00 4.000000e+00
    endloop
  endfacet
  facet normal -8.511432e-02 7.009795e-01 7.080842e-01
    outer loop
      vertex   7.339068e-01 -4.566400e+00 4.000000e+00
      vertex   6.944728e-01 -4.066120e+00 3.500000e+00
      vertex   2.987936e-01 -4.114164e+00 3.500000e+00
    endloop
  endfacet
  facet normal -8.041545e-02 7.034243e-01 7.062065e-01
    outer loop
      vertex   7.339068e-01 -4.566400e+00 4.000000e+00
      vertex   2.987936e-01 -4.114164e+00 3.500000e+00
      vertex   3.156212e-01 -4.614218e+00 4.000000e+00
    endloop
  endfacet
  facet normal -1.708098e-02 7.066781e-01 7.073290e-01
    outer loop
      vertex   3.156212e-01 -4.614218e+00 4.000000e+00
      vertex   2.987936e-01 -4.114164e+00 3.500000e+00
      vertex   -9.967545e-02 -4.123796e+00 3.500000e+00
    endloop
  endfacet
  facet normal -1.610005e-02 7.071011e-01 7.069292e-01
    outer loop
      vertex   3.156212e-01 -4.614218e+00 4.000000e+00
      vertex   -9.967545e-02 -4.123796e+00 3.500000e+00
      vertex   -1.052798e-01 -4.623802e+00 4.000000e+00
    endloop
  endfacet
  facet normal 4.829219e-02 7.060068e-01 7.065566e-01
    outer loop
      vertex   -1.052798e-01 -4.623802e+00 4.000000e+00
      vertex   -9.967545e-02 -4.123796e+00 3.500000e+00
      vertex   -5.253084e-01 -4.595071e+00 4.000000e+00
    endloop
  endfacet
  facet normal 5.117470e-02 7.046375e-01 7.077197e-01
    outer loop
      vertex   -5.253084e-01 -4.595071e+00 4.000000e+00
      vertex   -9.967545e-02 -4.123796e+00 3.500000e+00
      vertex   -4.972138e-01 -4.094924e+00 3.500000e+00
    endloop
  endfacet
  facet normal 1.124000e-01 6.993579e-01 7.058788e-01
    outer loop
      vertex   -5.253084e-01 -4.595071e+00 4.000000e+00
      vertex   -4.972138e-01 -4.094924e+00 3.500000e+00
      vertex   -9.409841e-01 -4.528264e+00 4.000000e+00
    endloop
  endfacet
  facet normal 1.188245e-01 6.957141e-01 7.084227e-01
    outer loop
      vertex   -9.409841e-01 -4.528264e+00 4.000000e+00
      vertex   -4.972138e-01 -4.094924e+00 3.500000e+00
      vertex   -8.901098e-01 -4.027819e+00 3.500000e+00
    endloop
  endfacet
  facet normal 1.756753e-01 6.868060e-01 7.052912e-01
    outer loop
      vertex   -9.409841e-01 -4.528264e+00 4.000000e+00
      vertex   -8.901098e-01 -4.027819e+00 3.500000e+00
      vertex   -1.348862e+00 -4.423934e+00 4.000000e+00
    endloop
  endfacet
  facet normal 1.852577e-01 6.804173e-01 7.090218e-01
    outer loop
      vertex   -1.348862e+00 -4.423934e+00 4.000000e+00
      vertex   -8.901098e-01 -4.027819e+00 3.500000e+00
      vertex   -1.274695e+00 -3.923108e+00 3.500000e+00
    endloop
  endfacet
  facet normal 2.375674e-01 6.684506e-01 7.047947e-01
    outer loop
      vertex   -1.348862e+00 -4.423934e+00 4.000000e+00
      vertex   -1.274695e+00 -3.923108e+00 3.500000e+00
      vertex   -1.745564e+00 -4.282947e+00 4.000000e+00
    endloop
  endfacet
  facet normal 2.498856e-01 6.588943e-01 7.095178e-01
    outer loop
      vertex   -1.745564e+00 -4.282947e+00 4.000000e+00
      vertex   -1.274695e+00 -3.923108e+00 3.500000e+00
      vertex   -1.647379e+00 -3.781768e+00 3.500000e+00
    endloop
  endfacet
  facet normal 2.975371e-01 6.444430e-01 7.043897e-01
    outer loop
      vertex   -1.745564e+00 -4.282947e+00 4.000000e+00
      vertex   -1.647379e+00 -3.781768e+00 3.500000e+00
      vertex   -2.127801e+00 -4.106469e+00 4.000000e+00
    endloop
  endfacet
  facet normal 3.121359e-01 6.313455e-01 7.099113e-01
    outer loop
      vertex   -2.127801e+00 -4.106469e+00 4.000000e+00
      vertex   -1.647379e+00 -3.781768e+00 3.500000e+00
      vertex   -2.004682e+00 -3.605118e+00 3.500000e+00
    endloop
  endfacet
  facet normal 3.550619e-01 6.149853e-01 7.040768e-01
    outer loop
      vertex   -2.127801e+00 -4.106469e+00 4.000000e+00
      vertex   -2.004682e+00 -3.605118e+00 3.500000e+00
      vertex   -2.492406e+00 -3.895964e+00 4.000000e+00
    endloop
  endfacet
  facet normal 3.714572e-01 5.980230e-01 7.102028e-01
    outer loop
      vertex   -2.492406e+00 -3.895964e+00 4.000000e+00
      vertex   -2.004682e+00 -3.605118e+00 3.500000e+00
      vertex   -2.343267e+00 -3.394808e+00 3.500000e+00
    endloop
  endfacet
  facet normal 4.096404e-01 5.803283e-01 7.038564e-01
    outer loop
      vertex   -2.492406e+00 -3.895964e+00 4.000000e+00
      vertex   -2.343267e+00 -3.394808e+00 3.500000e+00
      vertex   -2.836359e+00 -3.653176e+00 4.000000e+00
    endloop
  endfacet
  facet normal 4.273243e-01 5.592281e-01 7.103928e-01
    outer loop
      vertex   -2.836359e+00 -3.653176e+00 4.000000e+00
      vertex   -2.343267e+00 -3.394808e+00 3.500000e+00
      vertex   -2.659974e+00 -3.152802e+00 3.500000e+00
    endloop
  endfacet
  facet normal 4.607973e-01 5.407696e-01 7.037287e-01
    outer loop
      vertex   -2.836359e+00 -3.653176e+00 4.000000e+00
      vertex   -2.659974e+00 -3.152802e+00 3.500000e+00
      vertex   -3.156808e+00 -3.380116e+00 4.000000e+00
    endloop
  endfacet
  facet normal 4.792418e-01 5.153092e-01 7.104813e-01
    outer loop
      vertex   -3.156808e+00 -3.380116e+00 4.000000e+00
      vertex   -2.659974e+00 -3.152802e+00 3.500000e+00
      vertex   -2.951846e+00 -2.881359e+00 3.500000e+00
    endloop
  endfacet
  facet normal 5.080877e-01 4.966507e-01 7.036939e-01
    outer loop
      vertex   -3.156808e+00 -3.380116e+00 4.000000e+00
      vertex   -2.951846e+00 -2.881359e+00 3.500000e+00
      vertex   -3.451100e+00 -3.079048e+00 4.000000e+00
    endloop
  endfacet
  facet normal 5.267486e-01 4.666585e-01 7.104687e-01
    outer loop
      vertex   -3.451100e+00 -3.079048e+00 4.000000e+00
      vertex   -2.951846e+00 -2.881359e+00 3.500000e+00
      vertex   -3.216157e+00 -2.583014e+00 3.500000e+00
    endloop
  endfacet
  facet normal 5.511008e-01 4.483538e-01 7.037519e-01
    outer loop
      vertex   -3.451100e+00 -3.079048e+00 4.000000e+00
      vertex   -3.216157e+00 -2.583014e+00 3.500000e+00
      vertex   -3.716794e+00 -2.752466e+00 4.000000e+00
    endloop
  endfacet
  facet normal 5.694216e-01 4.137090e-01 7.103548e-01
    outer loop
      vertex   -3.716794e+00 -2.752466e+00 4.000000e+00
      vertex   -3.216157e+00 -2.583014e+00 3.500000e+00
      vertex   -3.450439e+00 -2.260552e+00 3.500000e+00
    endloop
  endfacet
  facet normal 5.894644e-01 3.962985e-01 7.039028e-01
    outer loop
      vertex   -3.716794e+00 -2.752466e+00 4.000000e+00
      vertex   -3.450439e+00 -2.260552e+00 3.500000e+00
      vertex   -3.951690e+00 -2.403076e+00 4.000000e+00
    endloop
  endfacet
  facet normal 6.068793e-01 3.569307e-01 7.101395e-01
    outer loop
      vertex   -3.951690e+00 -2.403076e+00 4.000000e+00
      vertex   -3.450439e+00 -2.260552e+00 3.500000e+00
      vertex   -3.652506e+00 -1.916983e+00 3.500000e+00
    endloop
  endfacet
  facet normal 6.228477e-01 3.409377e-01 7.041464e-01
    outer loop
      vertex   -3.951690e+00 -2.403076e+00 4.000000e+00
      vertex   -3.652506e+00 -1.916983e+00 3.500000e+00
      vertex   -4.153841e+00 -2.033773e+00 4.000000e+00
    endloop
  endfacet
  facet normal 6.387847e-01 2.968268e-01 7.098225e-01
    outer loop
      vertex   -4.153841e+00 -2.033773e+00 4.000000e+00
      vertex   -3.652506e+00 -1.916983e+00 3.500000e+00
      vertex   -3.820470e+00 -1.555516e+00 3.500000e+00
    endloop
  endfacet
  facet normal 6.509646e-01 2.827538e-01 7.044823e-01
    outer loop
      vertex   -4.153841e+00 -2.033773e+00 4.000000e+00
      vertex   -3.820470e+00 -1.555516e+00 3.500000e+00
      vertex   -4.321571e+00 -1.647618e+00 4.000000e+00
    endloop
  endfacet
  facet normal 6.648487e-01 2.339295e-01 7.094034e-01
    outer loop
      vertex   -4.321571e+00 -1.647618e+00 4.000000e+00
      vertex   -3.820470e+00 -1.555516e+00 3.500000e+00
      vertex   -3.952764e+00 -1.179526e+00 3.500000e+00
    endloop
  endfacet
  facet normal 6.735761e-01 2.222538e-01 7.049102e-01
    outer loop
      vertex   -4.321571e+00 -1.647618e+00 4.000000e+00
      vertex   -3.952764e+00 -1.179526e+00 3.500000e+00
      vertex   -4.453492e+00 -1.247810e+00 4.000000e+00
    endloop
  endfacet
  facet normal 6.848319e-01 1.687959e-01 7.088817e-01
    outer loop
      vertex   -4.453492e+00 -1.247810e+00 4.000000e+00
      vertex   -3.952764e+00 -1.179526e+00 3.500000e+00
      vertex   -4.048152e+00 -7.925227e-01 3.500000e+00
    endloop
  endfacet
  facet normal 6.904928e-01 1.599648e-01 7.054296e-01
    outer loop
      vertex   -4.453492e+00 -1.247810e+00 4.000000e+00
      vertex   -4.048152e+00 -7.925227e-01 3.500000e+00
      vertex   -4.548510e+00 -8.376625e-01 4.000000e+00
    endloop
  endfacet
  facet normal 6.985470e-01 1.020028e-01 7.082567e-01
    outer loop
      vertex   -4.548510e+00 -8.376625e-01 4.000000e+00
      vertex   -4.048152e+00 -7.925227e-01 3.500000e+00
      vertex   -4.105743e+00 -3.981199e-01 3.500000e+00
    endloop
  endfacet
  facet normal 7.015762e-01 9.642943e-02 7.060398e-01
    outer loop
      vertex   -4.548510e+00 -8.376625e-01 4.000000e+00
      vertex   -4.105743e+00 -3.981199e-01 3.500000e+00
      vertex   -4.605838e+00 -4.205737e-01 4.000000e+00
    endloop
  endfacet
  facet normal 7.058604e-01 3.414237e-02 7.075276e-01
    outer loop
      vertex   -4.605838e+00 -4.205737e-01 4.000000e+00
      vertex   -4.105743e+00 -3.981199e-01 3.500000e+00
      vertex   -4.125000e+00 5.051668e-16 3.500000e+00
    endloop
  endfacet
  facet normal 0.000000e+00 0.000000e+00 1.000000e+00
    outer loop
      vertex   -8.255709e+00 5.647060e-01 4.000000e+00
      vertex   -8.275000e+00 1.013395e-15 4.000000e+00
      vertex   -4.625000e+00 -5.663991e-16 4.000000e+00
    endloop
  endfacet
  facet normal 0.000000e+00 0.000000e+00 1.000000e+00
    outer loop
      vertex   -4.625000e+00 -5.663991e-16 4.000000e+00
      vertex   -8.275000e+00 1.013395e-15 4.000000e+00
      vertex   -8.255709e+00 -5.647060e-01 4.000000e+00
    endloop
  endfacet
  facet normal 0.000000e+00 0.000000e+00 1.000000e+00
    outer loop
      vertex   -4.625000e+00 -5.663991e-16 4.000000e+00
      vertex   -8.255709e+00 -5.647060e-01 4.000000e+00
      vertex   -4.605838e+00 -4.205737e-01 4.000000e+00
    endloop
  endfacet
  facet normal 0.000000e+00 0.000000e+00 1.000000e+00
    outer loop
      vertex   -4.605838e+00 -4.205737e-01 4.000000e+00
      vertex   -8.255709e+00 -5.647060e-01 4.000000e+00
      vertex   -8.197926e+00 -1.126779e+00 4.000000e+00
    endloop
  endfacet
  facet normal 0.000000e+00 0.000000e+00 1.000000e+00
    outer loop
      vertex   -4.605838e+00 -4.205737e-01 4.000000e+00
      vertex   -8.197926e+00 -1.126779e+00 4.000000e+00
      vertex   -4.548510e+00 -8.376625e-01 4.000000e+00
    endloop
  endfacet
  facet normal 0.000000e+00 0.000000e+00 1.000000e+00
    outer loop
      vertex   -4.548510e+00 -8.376625e-01 4.000000e+00
      vertex   -8.197926e+00 -1.126779e+00 4.000000e+00
      vertex   -8.101921e+00 -1.683599e+00 4.000000e+00
    endloop
  endfacet
  facet normal 0.000000e+00 0.000000e+00 1.000000e+00
    outer loop
      vertex   -4.548510e+00 -8.376625e-01 4.000000e+00
      vertex   -8.101921e+00 -1.683599e+00 4.000000e+00
      vertex   -4.453492e+00 -1.247810e+00 4.000000e+00
    endloop
  endfacet
  facet normal 0.000000e+00 0.000000e+00 1.000000e+00
    outer loop
      vertex   -4.453492e+00 -1.247810e+00 4.000000e+00
      vertex   -8.101921e+00 -1.683599e+00 4.000000e+00
      vertex   -7.968141e+00 -2.232568e+00 4.000000e+00
    endloop
  endfacet
  facet normal 0.000000e+00 0.000000e+00 1.000000e+00
    outer loop
      vertex   -4.453492e+00 -1.247810e+00 4.000000e+00
      vertex   -7.968141e+00 -2.232568e+00 4.000000e+00
      vertex   -7.797209e+00 -2.771129e+00 4.000000e+00
    endloop
  endfacet
  facet normal 0.000000e+00 0.000000e+00 1.000000e+00
    outer loop
      vertex   -4.453492e+00 -1.247810e+00 4.000000e+00
      vertex   -7.797209e+00 -2.771129e+00 4.000000e+00
      vertex   -4.321571e+00 -1.647618e+00 4.000000e+00
    endloop
  endfacet
  facet normal 0.000000e+00 0.000000e+00 1.000000e+00
    outer loop
      vertex   -4.321571e+00 -1.647618e+00 4.000000e+00
      vertex   -7.797209e+00 -2.771129e+00 4.000000e+00
      vertex   -7.589924e+00 -3.296769e+00 4.000000e+00
    endloop
  endfacet
  facet normal 0.000000e+00 0.000000e+00 1.000000e+00
    outer loop
      vertex   -4.321571e+00 -1.647618e+00 4.000000e+00
      vertex   -7.589924e+00 -3.296769e+00 4.000000e+00
      vertex   -4.153841e+00 -2.033773e+00 4.000000e+00
    endloop
  endfacet
  facet normal 0.000000e+00 0.000000e+00 1.000000e+00
    outer loop
      vertex   -4.153841e+00 -2.033773e+00 4.000000e+00
      vertex   -7.589924e+00 -3.296769e+00 4.000000e+00
      vertex   -7.347250e+00 -3.807038e+00 4.000000e+00
    endloop
  endfacet
  facet normal 0.000000e+00 0.000000e+00 1.000000e+00
    outer loop
      vertex   -4.153841e+00 -2.033773e+00 4.000000e+00
      vertex   -7.347250e+00 -3.807038e+00 4.000000e+00
      vertex   -3.951690e+00 -2.403076e+00 4.000000e+00
    endloop
  endfacet
  facet normal 0.000000e+00 0.000000e+00 1.000000e+00
    outer loop
      vertex   -3.951690e+00 -2.403076e+00 4.000000e+00
      vertex   -7.347250e+00 -3.807038e+00 4.000000e+00
      vertex   -7.070321e+00 -4.299557e+00 4.000000e+00
    endloop
  endfacet
  facet normal 0.000000e+00 0.000000e+00 1.000000e+00
    outer loop
      vertex   -3.951690e+00 -2.403076e+00 4.000000e+00
      vertex   -7.070321e+00 -4.299557e+00 4.000000e+00
      vertex   -6.760426e+00 -4.772030e+00 4.000000e+00
    endloop
  endfacet
  facet normal 0.000000e+00 0.000000e+00 1.000000e+00
    outer loop
      vertex   -3.951690e+00 -2.403076e+00 4.000000e+00
      vertex   -6.760426e+00 -4.772030e+00 4.000000e+00
      vertex   -3.716794e+00 -2.752466e+00 4.000000e+00
    endloop
  endfacet
  facet normal 0.000000e+00 0.000000e+00 1.000000e+00
    outer loop
      vertex   -3.716794e+00 -2.752466e+00 4.000000e+00
      vertex   -6.760426e+00 -4.772030e+00 4.000000e+00
      vertex   -6.419011e+00 -5.222253e+00 4.000000e+00
    endloop
  endfacet
  facet normal 0.000000e+00 0.000000e+00 1.000000e+00
    outer loop
      vertex   -3.716794e+00 -2.752466e+00 4.000000e+00
      vertex   -6.419011e+00 -5.222253e+00 4.000000e+00
      vertex   -3.451100e+00 -3.079048e+00 4.000000e+00
    endloop
  endfacet
  facet normal 0.000000e+00 0.000000e+00 1.000000e+00
    outer loop
      vertex   -3.451100e+00 -3.079048e+00 4.000000e+00
      vertex   -6.419011e+00 -5.222253e+00 4.000000e+00
      vertex   -6.047668e+00 -5.648127e+00 4.000000e+00
    endloop
  endfacet
  facet normal 0.000000e+00 0.000000e+00 1.000000e+00
    outer loop
      vertex   -3.451100e+00 -3.079048e+00 4.000000e+00
      vertex   -6.047668e+00 -5.648127e+00 4.000000e+00
      vertex   -3.156808e+00 -3.380116e+00 4.000000e+00
    endloop
  endfacet
  facet normal 0.000000e+00 0.000000e+00 1.000000e+00
    outer loop
      vertex   -3.156808e+00 -3.380116e+00 4.000000e+00
      vertex   -6.047668e+00 -5.648127e+00 4.000000e+00
      vertex   -5.648127e+00 -6.047668e+00 4.000000e+00
    endloop
  endfacet
  facet normal 0.000000e+00 0.000000e+00 1.000000e+00
    outer loop
      vertex   -3.156808e+00 -3.380116e+00 4.000000e+00
      vertex   -5.648127e+00 -6.047668e+00 4.000000e+00
      vertex   -5.222253e+00 -6.419011e+00 4.000000e+00
    endloop
  endfacet
  facet normal 0.000000e+00 0.000000e+00 1.000000e+00
    outer loop
      vertex   -3.156808e+00 -3.380116e+00 4.000000e+00
      vertex   -5.222253e+00 -6.419011e+00 4.000000e+00
      vertex   -2.836359e+00 -3.653176e+00 4.000000e+00
    endloop
  endfacet
  facet normal 0.000000e+00 0.000000e+00 1.000000e+00
    outer loop
      vertex   -2.836359e+00 -3.653176e+00 4.000000e+00
      vertex   -5.222253e+00 -6.419011e+00 4.000000e+00
      vertex   -4.772030e+00 -6.760426e+00 4.000000e+00
    endloop
  endfacet
  facet normal 0.000000e+00 0.000000e+00 1.000000e+00
    outer loop
      vertex   -2.836359e+00 -3.653176e+00 4.000000e+00
      vertex   -4.772030e+00 -6.760426e+00 4.000000e+00
      vertex   -2.492406e+00 -3.895964e+00 4.000000e+00
    endloop
  endfacet
  facet normal 0.000000e+00 0.000000e+00 1.000000e+00
    outer loop
      vertex   -2.492406e+00 -3.895964e+00 4.000000e+00
      vertex   -4.772030e+00 -6.760426e+00 4.000000e+00
      vertex   -4.299557e+00 -7.070321e+00 4.000000e+00
    endloop
  endfacet
  facet normal 0.000000e+00 0.000000e+00 1.000000e+00
    outer loop
      vertex   -2.492406e+00 -3.895964e+00 4.000000e+00
      vertex   -4.299557e+00 -7.070321e+00 4.000000e+00
      vertex   -2.127801e+00 -4.106469e+00 4.000000e+00
    endloop
  endfacet
  facet normal 0.000000e+00 0.000000e+00 1.000000e+00
    outer loop
      vertex   -2.127801e+00 -4.106469e+00 4.000000e+00
      vertex   -4.299557e+00 -7.070321e+00 4.000000e+00
      vertex   -3.807038e+00 -7.347250e+00 4.000000e+00
    endloop
  endfacet
  facet normal 0.000000e+00 0.000000e+00 1.000000e+00
    outer loop
      vertex   -2.127801e+00 -4.106469e+00 4.000000e+00
      vertex   -3.807038e+00 -7.347250e+00 4.000000e+00
      vertex   -3.296769e+00 -7.589924e+00 4.000000e+00
    endloop
  endfacet
  facet normal 0.000000e+00 0.000000e+00 1.000000e+00
    outer loop
      vertex   -2.127801e+00 -4.106469e+00 4.000000e+00
      vertex   -3.296769e+00 -7.589924e+00 4.000000e+00
      vertex   -1.745564e+00 -4.282947e+00 4.000000e+00
    endloop
  endfacet
  facet normal 0.000000e+00 0.000000e+00 1.000000e+00
    outer loop
      vertex   -1.745564e+00 -4.282947e+00 4.000000e+00
      vertex   -3.296769e+00 -7.589924e+00 4.000000e+00
      vertex   -2.771129e+00 -7.797209e+00 4.000000e+00
    endloop
  endfacet
  facet normal 0.000000e+00 0.000000e+00 1.000000e+00
    outer loop
      vertex   -1.745564e+00 -4.282947e+00 4.000000e+00
      vertex   -2.771129e+00 -7.797209e+00 4.000000e+00
      vertex   -1.348862e+00 -4.423934e+00 4.000000e+00
    endloop
  endfacet
  facet normal 0.000000e+00 0.000000e+00 1.000000e+00
    outer loop
      vertex   -1.348862e+00 -4.423934e+00 4.000000e+00
      vertex   -2.771129e+00 -7.797209e+00 4.000000e+00
      vertex   -2.232568e+00 -7.968141e+00 4.000000e+00
    endloop
  endfacet
  facet normal 0.000000e+00 0.000000e+00 1.000000e+00
    outer loop
      vertex   -1.348862e+00 -4.423934e+00 4.000000e+00
      vertex   -2.232568e+00 -7.968141e+00 4.000000e+00
      vertex   -9.409841e-01 -4.528264e+00 4.000000e+00
    endloop
  endfacet
  facet normal 0.000000e+00 0.000000e+00 1.000000e+00
    outer loop
      vertex   -9.409841e-01 -4.528264e+00 4.000000e+00
      vertex   -2.232568e+00 -7.968141e+00 4.000000e+00
      vertex   -1.683599e+00 -8.101921e+00 4.000000e+00
    endloop
  endfacet
  facet normal 0.000000e+00 0.000000e+00 1.000000e+00
    outer loop
      vertex   -9.409841e-01 -4.528264e+00 4.000000e+00
      vertex   -1.683599e+00 -8.101921e+00 4.000000e+00
      vertex   -1.126779e+00 -8.197926e+00 4.000000e+00
    endloop
  endfacet
  facet normal 0.000000e+00 0.000000e+00 1.000000e+00
    outer loop
      vertex   -9.409841e-01 -4.528264e+00 4.000000e+00
      vertex   -1.126779e+00 -8.197926e+00 4.000000e+00
      vertex   -5.253084e-01 -4.595071e+00 4.000000e+00
    endloop
  endfacet
  facet normal 0.000000e+00 0.000000e+00 1.000000e+00
    outer loop
      vertex   -5.253084e-01 -4.595071e+00 4.000000e+00
      vertex   -1.126779e+00 -8.197926e+00 4.000000e+00
      vertex   -5.647060e-01 -8.255709e+00 4.000000e+00
    endloop
  endfacet
  facet normal 0.000000e+00 0.000000e+00 1.000000e+00
    outer loop
      vertex   -5.253084e-01 -4.595071e+00 4.000000e+00
      vertex   -5.647060e-01 -8.255709e+00 4.000000e+00
      vertex   -1.052798e-01 -4.623802e+00 4.000000e+00
    endloop
  endfacet
  facet normal 0.000000e+00 0.000000e+00 1.000000e+00
    outer loop
      vertex   -1.052798e-01 -4.623802e+00 4.000000e+00
      vertex   -5.647060e-01 -8.255709e+00 4.000000e+00
      vertex   5.066976e-16 -8.275000e+00 4.000000e+00
    endloop
  endfacet
  facet normal -0.000000e+00 0.000000e+00 1.000000e+00
    outer loop
      vertex   -1.052798e-01 -4.623802e+00 4.000000e+00
      vertex   5.066976e-16 -8.275000e+00 4.000000e+00
      vertex   3.156212e-01 -4.614218e+00 4.000000e+00
    endloop
  endfacet
  facet normal 0.000000e+00 0.000000e+00 1.000000e+00
    outer loop
      vertex   3.156212e-01 -4.614218e+00 4.000000e+00
      vertex   5.066976e-16 -8.275000e+00 4.000000e+00
      vertex   5.647060e-01 -8.255709e+00 4.000000e+00
    endloop
  endfacet
  facet normal 0.000000e+00 0.000000e+00 1.000000e+00
    outer loop
      vertex   3.156212e-01 -4.614218e+00 4.000000e+00
      vertex   5.647060e-01 -8.255709e+00 4.000000e+00
      vertex   1.126779e+00 -8.197926e+00 4.000000e+00
    endloop
  endfacet
  facet normal -0.000000e+00 0.000000e+00 1.000000e+00
    outer loop
      vertex   3.156212e-01 -4.614218e+00 4.000000e+00
      vertex   1.126779e+00 -8.197926e+00 4.000000e+00
      vertex   7.339068e-01 -4.566400e+00 4.000000e+00
    endloop
  endfacet
  facet normal 0.000000e+00 0.000000e+00 1.000000e+00
    outer loop
      vertex   7.339068e-01 -4.566400e+00 4.000000e+00
      vertex   1.126779e+00 -8.197926e+00 4.000000e+00
      vertex   1.683599e+00 -8.101921e+00 4.000000e+00
    endloop
  endfacet
  facet normal -0.000000e+00 0.000000e+00 1.000000e+00
    outer loop
      vertex   7.339068e-01 -4.566400e+00 4.000000e+00
      vertex   1.683599e+00 -8.101921e+00 4.000000e+00
      vertex   1.146111e+00 -4.480743e+00 4.000000e+00
    endloop
  endfacet
  facet normal 0.000000e+00 0.000000e+00 1.000000e+00
    outer loop
      vertex   1.146111e+00 -4.480743e+00 4.000000e+00
      vertex   1.683599e+00 -8.101921e+00 4.000000e+00
      vertex   2.232568e+00 -7.968141e+00 4.000000e+00
    endloop
  endfacet
  facet normal -0.000000e+00 0.000000e+00 1.000000e+00
    outer loop
      vertex   1.146111e+00 -4.480743e+00 4.000000e+00
      vertex   2.232568e+00 -7.968141e+00 4.000000e+00
      vertex   1.548818e+00 -4.357957e+00 4.000000e+00
    endloop
  endfacet
  facet normal 0.000000e+00 0.000000e+00 1.000000e+00
    outer loop
      vertex   1.548818e+00 -4.357957e+00 4.000000e+00
      vertex   2.232568e+00 -7.968141e+00 4.000000e+00
      vertex   2.771129e+00 -7.797209e+00 4.000000e+00
    endloop
  endfacet
  facet normal 0.000000e+00 0.000000e+00 1.000000e+00
    outer loop
      vertex   1.548818e+00 -4.357957e+00 4.000000e+00
      vertex   2.771129e+00 -7.797209e+00 4.000000e+00
      vertex   3.296769e+00 -7.589924e+00 4.000000e+00
    endloop
  endfacet
  facet normal -0.000000e+00 0.000000e+00 1.000000e+00
    outer loop
      vertex   1.548818e+00 -4.357957e+00 4.000000e+00
      vertex   3.296769e+00 -7.589924e+00 4.000000e+00
      vertex   1.938691e+00 -4.199059e+00 4.000000e+00
    endloop
  endfacet
  facet normal 0.000000e+00 0.000000e+00 1.000000e+00
    outer loop
      vertex   1.938691e+00 -4.199059e+00 4.000000e+00
      vertex   3.296769e+00 -7.589924e+00 4.000000e+00
      vertex   3.807038e+00 -7.347250e+00 4.000000e+00
    endloop
  endfacet
  facet normal -0.000000e+00 0.000000e+00 1.000000e+00
    outer loop
      vertex   1.938691e+00 -4.199059e+00 4.000000e+00
      vertex   3.807038e+00 -7.347250e+00 4.000000e+00
      vertex   2.312500e+00 -4.005367e+00 4.000000e+00
    endloop
  endfacet
  facet normal 0.000000e+00 0.000000e+00 1.000000e+00
    outer loop
      vertex   2.312500e+00 -4.005367e+00 4.000000e+00
      vertex   3.807038e+00 -7.347250e+00 4.000000e+00
      vertex   4.299557e+00 -7.070321e+00 4.000000e+00
    endloop
  endfacet
  facet normal -0.000000e+00 0.000000e+00 1.000000e+00
    outer loop
      vertex   2.312500e+00 -4.005367e+00 4.000000e+00
      vertex   4.299557e+00 -7.070321e+00 4.000000e+00
      vertex   2.667146e+00 -3.778486e+00 4.000000e+00
    endloop
  endfacet
  facet normal 0.000000e+00 0.000000e+00 1.000000e+00
    outer loop
      vertex   2.667146e+00 -3.778486e+00 4.000000e+00
      vertex   4.299557e+00 -7.070321e+00 4.000000e+00
      vertex   4.772030e+00 -6.760426e+00 4.000000e+00
    endloop
  endfacet
  facet normal 0.000000e+00 0.000000e+00 1.000000e+00
    outer loop
      vertex   2.667146e+00 -3.778486e+00 4.000000e+00
      vertex   4.772030e+00 -6.760426e+00 4.000000e+00
      vertex   5.222253e+00 -6.419011e+00 4.000000e+00
    endloop
  endfacet
  facet normal -0.000000e+00 0.000000e+00 1.000000e+00
    outer loop
      vertex   2.667146e+00 -3.778486e+00 4.000000e+00
      vertex   5.222253e+00 -6.419011e+00 4.000000e+00
      vertex   2.999692e+00 -3.520294e+00 4.000000e+00
    endloop
  endfacet
  facet normal 0.000000e+00 0.000000e+00 1.000000e+00
    outer loop
      vertex   2.999692e+00 -3.520294e+00 4.000000e+00
      vertex   5.222253e+00 -6.419011e+00 4.000000e+00
      vertex   5.648127e+00 -6.047668e+00 4.000000e+00
    endloop
  endfacet
  facet normal -0.000000e+00 0.000000e+00 1.000000e+00
    outer loop
      vertex   2.999692e+00 -3.520294e+00 4.000000e+00
      vertex   5.648127e+00 -6.047668e+00 4.000000e+00
      vertex   3.307381e+00 -3.232933e+00 4.000000e+00
    endloop
  endfacet
  facet normal 0.000000e+00 0.000000e+00 1.000000e+00
    outer loop
      vertex   3.307381e+00 -3.232933e+00 4.000000e+00
      vertex   5.648127e+00 -6.047668e+00 4.000000e+00
      vertex   6.047668e+00 -5.648127e+00 4.000000e+00
    endloop
  endfacet
  facet normal -0.000000e+00 0.000000e+00 1.000000e+00
    outer loop
      vertex   3.307381e+00 -3.232933e+00 4.000000e+00
      vertex   6.047668e+00 -5.648127e+00 4.000000e+00
      vertex   3.587665e+00 -2.918782e+00 4.000000e+00
    endloop
  endfacet
  facet normal 0.000000e+00 0.000000e+00 1.000000e+00
    outer loop
      vertex   3.587665e+00 -2.918782e+00 4.000000e+00
      vertex   6.047668e+00 -5.648127e+00 4.000000e+00
      vertex   6.419011e+00 -5.222253e+00 4.000000e+00
    endloop
  endfacet
  facet normal 0.000000e+00 0.000000e+00 1.000000e+00
    outer loop
      vertex   3.587665e+00 -2.918782e+00 4.000000e+00
      vertex   6.419011e+00 -5.222253e+00 4.000000e+00
      vertex   6.760426e+00 -4.772030e+00 4.000000e+00
    endloop
  endfacet
  facet normal -0.000000e+00 0.000000e+00 1.000000e+00
    outer loop
      vertex   3.587665e+00 -2.918782e+00 4.000000e+00
      vertex   6.760426e+00 -4.772030e+00 4.000000e+00
      vertex   3.838219e+00 -2.580445e+00 4.000000e+00
    endloop
  endfacet
  facet normal 0.000000e+00 0.000000e+00 1.000000e+00
    outer loop
      vertex   3.838219e+00 -2.580445e+00 4.000000e+00
      vertex   6.760426e+00 -4.772030e+00 4.000000e+00
      vertex   7.070321e+00 -4.299557e+00 4.000000e+00
    endloop
  endfacet
  facet normal -0.000000e+00 0.000000e+00 1.000000e+00
    outer loop
      vertex   3.838219e+00 -2.580445e+00 4.000000e+00
      vertex   7.070321e+00 -4.299557e+00 4.000000e+00
      vertex   4.056970e+00 -2.220726e+00 4.000000e+00
    endloop
  endfacet
  facet normal 0.000000e+00 0.000000e+00 1.000000e+00
    outer loop
      vertex   4.056970e+00 -2.220726e+00 4.000000e+00
      vertex   7.070321e+00 -4.299557e+00 4.000000e+00
      vertex   7.347250e+00 -3.807038e+00 4.000000e+00
    endloop
  endfacet
  facet normal -0.000000e+00 0.000000e+00 1.000000e+00
    outer loop
      vertex   4.056970e+00 -2.220726e+00 4.000000e+00
      vertex   7.347250e+00 -3.807038e+00 4.000000e+00
      vertex   4.242102e+00 -1.842605e+00 4.000000e+00
    endloop
  endfacet
  facet normal 0.000000e+00 0.000000e+00 1.000000e+00
    outer loop
      vertex   4.242102e+00 -1.842605e+00 4.000000e+00
      vertex   7.347250e+00 -3.807038e+00 4.000000e+00
      vertex   7.589924e+00 -3.296769e+00 4.000000e+00
    endloop
  endfacet
  facet normal 0.000000e+00 0.000000e+00 1.000000e+00
    outer loop
      vertex   4.242102e+00 -1.842605e+00 4.000000e+00
      vertex   7.589924e+00 -3.296769e+00 4.000000e+00
      vertex   7.797209e+00 -2.771129e+00 4.000000e+00
    endloop
  endfacet
  facet normal -0.000000e+00 0.000000e+00 1.000000e+00
    outer loop
      vertex   4.242102e+00 -1.842605e+00 4.000000e+00
      vertex   7.797209e+00 -2.771129e+00 4.000000e+00
      vertex   4.392084e+00 -1.449216e+00 4.000000e+00
    endloop
  endfacet
  facet normal 0.000000e+00 0.000000e+00 1.000000e+00
    outer loop
      vertex   4.392084e+00 -1.449216e+00 4.000000e+00
      vertex   7.797209e+00 -2.771129e+00 4.000000e+00
      vertex   7.968141e+00 -2.232568e+00 4.000000e+00
    endloop
  endfacet
  facet normal -0.000000e+00 0.000000e+00 1.000000e+00
    outer loop
      vertex   4.392084e+00 -1.449216e+00 4.000000e+00
      vertex   7.968141e+00 -2.232568e+00 4.000000e+00
      vertex   4.505671e+00 -1.043818e+00 4.000000e+00
    endloop
  endfacet
  facet normal 0.000000e+00 0.000000e+00 1.000000e+00
    outer loop
      vertex   4.505671e+00 -1.043818e+00 4.000000e+00
      vertex   7.968141e+00 -2.232568e+00 4.000000e+00
      vertex   8.101921e+00 -1.683599e+00 4.000000e+00
    endloop
  endfacet
  facet normal -0.000000e+00 0.000000e+00 1.000000e+00
    outer loop
      vertex   4.505671e+00 -1.043818e+00 4.000000e+00
      vertex   8.101921e+00 -1.683599e+00 4.000000e+00
      vertex   4.581923e+00 -6.297708e-01 4.000000e+00
    endloop
  endfacet
  facet normal 0.000000e+00 0.000000e+00 1.000000e+00
    outer loop
      vertex   4.581923e+00 -6.297708e-01 4.000000e+00
      vertex   8.101921e+00 -1.683599e+00 4.000000e+00
      vertex   8.197926e+00 -1.126779e+00 4.000000e+00
    endloop
  endfacet
  facet normal -0.000000e+00 0.000000e+00 1.000000e+00
    outer loop
      vertex   4.581923e+00 -6.297708e-01 4.000000e+00
      vertex   8.197926e+00 -1.126779e+00 4.000000e+00
      vertex   8.255709e+00 -5.647060e-01 4.000000e+00
    endloop
  endfacet
  facet normal 0.000000e+00 0.000000e+00 1.000000e+00
    outer loop
      vertex   4.581923e+00 -6.297708e-01 4.000000e+00
      vertex   8.255709e+00 -5.647060e-01 4.000000e+00
      vertex   4.620207e+00 -2.105050e-01 4.000000e+00
    endloop
  endfacet
  facet normal -0.000000e+00 0.000000e+00 1.000000e+00
    outer loop
      vertex   4.620207e+00 -2.105050e-01 4.000000e+00
      vertex   8.255709e+00 -5.647060e-01 4.000000e+00
      vertex   8.275000e+00 0.000000e+00 4.000000e+00
    endloop
  endfacet
  facet normal 0.000000e+00 0.000000e+00 1.000000e+00
    outer loop
      vertex   4.620207e+00 -2.105050e-01 4.000000e+00
      vertex   8.275000e+00 0.000000e+00 4.000000e+00
      vertex   4.620207e+00 2.105050e-01 4.000000e+00
    endloop
  endfacet
  facet normal -0.000000e+00 0.000000e+00 1.000000e+00
    outer loop
      vertex   4.620207e+00 2.105050e-01 4.000000e+00
      vertex   8.275000e+00 0.000000e+00 4.000000e+00
      vertex   8.255709e+00 5.647060e-01 4.000000e+00
    endloop
  endfacet
  facet normal 0.000000e+00 -0.000000e+00 1.000000e+00
    outer loop
      vertex   4.620207e+00 2.105050e-01 4.000000e+00
      vertex   8.255709e+00 5.647060e-01 4.000000e+00
      vertex   4.581923e+00 6.297708e-01 4.000000e+00
    endloop
  endfacet
  facet normal -0.000000e+00 0.000000e+00 1.000000e+00
    outer loop
      vertex   4.581923e+00 6.297708e-01 4.000000e+00
      vertex   8.255709e+00 5.647060e-01 4.000000e+00
      vertex   8.197926e+00 1.126779e+00 4.000000e+00
    endloop
  endfacet
  facet normal 0.000000e+00 0.000000e+00 1.000000e+00
    outer loop
      vertex   4.581923e+00 6.297708e-01 4.000000e+00
      vertex   8.197926e+00 1.126779e+00 4.000000e+00
      vertex   8.101921e+00 1.683599e+00 4.000000e+00
    endloop
  endfacet
  facet normal 0.000000e+00 -0.000000e+00 1.000000e+00
    outer loop
      vertex   4.581923e+00 6.297708e-01 4.000000e+00
      vertex   8.101921e+00 1.683599e+00 4.000000e+00
      vertex   4.505671e+00 1.043818e+00 4.000000e+00
    endloop
  endfacet
  facet normal 0.000000e+00 0.000000e+00 1.000000e+00
    outer loop
      vertex   4.505671e+00 1.043818e+00 4.000000e+00
      vertex   8.101921e+00 1.683599e+00 4.000000e+00
      vertex   7.968141e+00 2.232568e+00 4.000000e+00
    endloop
  endfacet
  facet normal 0.000000e+00 -0.000000e+00 1.000000e+00
    outer loop
      vertex   4.505671e+00 1.043818e+00 4.000000e+00
      vertex   7.968141e+00 2.232568e+00 4.000000e+00
      vertex   4.392084e+00 1.449216e+00 4.000000e+00
    endloop
  endfacet
  facet normal 0.000000e+00 0.000000e+00 1.000000e+00
    outer loop
      vertex   4.392084e+00 1.449216e+00 4.000000e+00
      vertex   7.968141e+00 2.232568e+00 4.000000e+00
      vertex   7.797209e+00 2.771129e+00 4.000000e+00
    endloop
  endfacet
  facet normal 0.000000e+00 -0.000000e+00 1.000000e+00
    outer loop
      vertex   4.392084e+00 1.449216e+00 4.000000e+00
      vertex   7.797209e+00 2.771129e+00 4.000000e+00
      vertex   4.242102e+00 1.842605e+00 4.000000e+00
    endloop
  endfacet
  facet normal 0.000000e+00 0.000000e+00 1.000000e+00
    outer loop
      vertex   4.242102e+00 1.842605e+00 4.000000e+00
      vertex   7.797209e+00 2.771129e+00 4.000000e+00
      vertex   7.589924e+00 3.296769e+00 4.000000e+00
    endloop
  endfacet
  facet normal 0.000000e+00 0.000000e+00 1.000000e+00
    outer loop
      vertex   4.242102e+00 1.842605e+00 4.000000e+00
      vertex   7.589924e+00 3.296769e+00 4.000000e+00
      vertex   7.347250e+00 3.807038e+00 4.000000e+00
    endloop
  endfacet
  facet normal 0.000000e+00 -0.000000e+00 1.000000e+00
    outer loop
      vertex   4.242102e+00 1.842605e+00 4.000000e+00
      vertex   7.347250e+00 3.807038e+00 4.000000e+00
      vertex   4.056970e+00 2.220726e+00 4.000000e+00
    endloop
  endfacet
  facet normal 0.000000e+00 0.000000e+00 1.000000e+00
    outer loop
      vertex   4.056970e+00 2.220726e+00 4.000000e+00
      vertex   7.347250e+00 3.807038e+00 4.000000e+00
      vertex   7.070321e+00 4.299557e+00 4.000000e+00
    endloop
  endfacet
  facet normal 0.000000e+00 -0.000000e+00 1.000000e+00
    outer loop
      vertex   4.056970e+00 2.220726e+00 4.000000e+00
      vertex   7.070321e+00 4.299557e+00 4.000000e+00
      vertex   3.838219e+00 2.580445e+00 4.000000e+00
    endloop
  endfacet
  facet normal 0.000000e+00 0.000000e+00 1.000000e+00
    outer loop
      vertex   3.838219e+00 2.580445e+00 4.000000e+00
      vertex   7.070321e+00 4.299557e+00 4.000000e+00
      vertex   6.760426e+00 4.772030e+00 4.000000e+00
    endloop
  endfacet
  facet normal 0.000000e+00 -0.000000e+00 1.000000e+00
    outer loop
      vertex   3.838219e+00 2.580445e+00 4.000000e+00
      vertex   6.760426e+00 4.772030e+00 4.000000e+00
      vertex   3.587665e+00 2.918782e+00 4.000000e+00
    endloop
  endfacet
  facet normal 0.000000e+00 0.000000e+00 1.000000e+00
    outer loop
      vertex   3.587665e+00 2.918782e+00 4.000000e+00
      vertex   6.760426e+00 4.772030e+00 4.000000e+00
      vertex   6.419011e+00 5.222253e+00 4.000000e+00
    endloop
  endfacet
  facet normal 0.000000e+00 0.000000e+00 1.000000e+00
    outer loop
      vertex   3.587665e+00 2.918782e+00 4.000000e+00
      vertex   6.419011e+00 5.222253e+00 4.000000e+00
      vertex   6.047668e+00 5.648127e+00 4.000000e+00
    endloop
  endfacet
  facet normal 0.000000e+00 -0.000000e+00 1.000000e+00
    outer loop
      vertex   3.587665e+00 2.918782e+00 4.000000e+00
      vertex   6.047668e+00 5.648127e+00 4.000000e+00
      vertex   3.307381e+00 3.232933e+00 4.000000e+00
    endloop
  endfacet
  facet normal 0.000000e+00 0.000000e+00 1.000000e+00
    outer loop
      vertex   3.307381e+00 3.232933e+00 4.000000e+00
      vertex   6.047668e+00 5.648127e+00 4.000000e+00
      vertex   5.648127e+00 6.047668e+00 4.000000e+00
    endloop
  endfacet
  facet normal 0.000000e+00 -0.000000e+00 1.000000e+00
    outer loop
      vertex   3.307381e+00 3.232933e+00 4.000000e+00
      vertex   5.648127e+00 6.047668e+00 4.000000e+00
      vertex   2.999692e+00 3.520294e+00 4.000000e+00
    endloop
  endfacet
  facet normal 0.000000e+00 0.000000e+00 1.000000e+00
    outer loop
      vertex   2.999692e+00 3.520294e+00 4.000000e+00
      vertex   5.648127e+00 6.047668e+00 4.000000e+00
      vertex   5.222253e+00 6.419011e+00 4.000000e+00
    endloop
  endfacet
  facet normal 0.000000e+00 -0.000000e+00 1.000000e+00
    outer loop
      vertex   2.999692e+00 3.520294e+00 4.000000e+00
      vertex   5.222253e+00 6.419011e+00 4.000000e+00
      vertex   2.667146e+00 3.778486e+00 4.000000e+00
    endloop
  endfacet
  facet normal 0.000000e+00 0.000000e+00 1.000000e+00
    outer loop
      vertex   2.667146e+00 3.778486e+00 4.000000e+00
      vertex   5.222253e+00 6.419011e+00 4.000000e+00
      vertex   4.772030e+00 6.760426e+00 4.000000e+00
    endloop
  endfacet
  facet normal 0.000000e+00 0.000000e+00 1.000000e+00
    outer loop
      vertex   2.667146e+00 3.778486e+00 4.000000e+00
      vertex   4.772030e+00 6.760426e+00 4.000000e+00
      vertex   4.299557e+00 7.070321e+00 4.000000e+00
    endloop
  endfacet
  facet normal 0.000000e+00 -0.000000e+00 1.000000e+00
    outer loop
      vertex   2.667146e+00 3.778486e+00 4.000000e+00
      vertex   4.299557e+00 7.070321e+00 4.000000e+00
      vertex   2.312500e+00 4.005367e+00 4.000000e+00
    endloop
  endfacet
  facet normal 0.000000e+00 0.000000e+00 1.000000e+00
    outer loop
      vertex   2.312500e+00 4.005367e+00 4.000000e+00
      vertex   4.299557e+00 7.070321e+00 4.000000e+00
      vertex   3.807038e+00 7.347250e+00 4.000000e+00
    endloop
  endfacet
  facet normal 0.000000e+00 -0.000000e+00 1.000000e+00
    outer loop
      vertex   2.312500e+00 4.005367e+00 4.000000e+00
      vertex   3.807038e+00 7.347250e+00 4.000000e+00
      vertex   1.938691e+00 4.199059e+00 4.000000e+00
    endloop
  endfacet
  facet normal 0.000000e+00 0.000000e+00 1.000000e+00
    outer loop
      vertex   1.938691e+00 4.199059e+00 4.000000e+00
      vertex   3.807038e+00 7.347250e+00 4.000000e+00
      vertex   3.296769e+00 7.589924e+00 4.000000e+00
    endloop
  endfacet
  facet normal 0.000000e+00 -0.000000e+00 1.000000e+00
    outer loop
      vertex   1.938691e+00 4.199059e+00 4.000000e+00
      vertex   3.296769e+00 7.589924e+00 4.000000e+00
      vertex   1.548818e+00 4.357957e+00 4.000000e+00
    endloop
  endfacet
  facet normal 0.000000e+00 0.000000e+00 1.000000e+00
    outer loop
      vertex   1.548818e+00 4.357957e+00 4.000000e+00
      vertex   3.296769e+00 7.589924e+00 4.000000e+00
      vertex   2.771129e+00 7.797209e+00 4.000000e+00
    endloop
  endfacet
  facet normal 0.000000e+00 0.000000e+00 1.000000e+00
    outer loop
      vertex   1.548818e+00 4.357957e+00 4.000000e+00
      vertex   2.771129e+00 7.797209e+00 4.000000e+00
      vertex   2.232568e+00 7.968141e+00 4.000000e+00
    endloop
  endfacet
  facet normal 0.000000e+00 -0.000000e+00 1.000000e+00
    outer loop
      vertex   1.548818e+00 4.357957e+00 4.000000e+00
      vertex   2.232568e+00 7.968141e+00 4.000000e+00
      vertex   1.146111e+00 4.480743e+00 4.000000e+00
    endloop
  endfacet
  facet normal 0.000000e+00 0.000000e+00 1.000000e+00
    outer loop
      vertex   1.146111e+00 4.480743e+00 4.000000e+00
      vertex   2.232568e+00 7.968141e+00 4.000000e+00
      vertex   1.683599e+00 8.101921e+00 4.000000e+00
    endloop
  endfacet
  facet normal 0.000000e+00 -0.000000e+00 1.000000e+00
    outer loop
      vertex   1.146111e+00 4.480743e+00 4.000000e+00
      vertex   1.683599e+00 8.101921e+00 4.000000e+00
      vertex   7.339068e-01 4.566400e+00 4.000000e+00
    endloop
  endfacet
  facet normal 0.000000e+00 0.000000e+00 1.000000e+00
    outer loop
      vertex   7.339068e-01 4.566400e+00 4.000000e+00
      vertex   1.683599e+00 8.101921e+00 4.000000e+00
      vertex   1.126779e+00 8.197926e+00 4.000000e+00
    endloop
  endfacet
  facet normal 0.000000e+00 -0.000000e+00 1.000000e+00
    outer loop
      vertex   7.339068e-01 4.566400e+00 4.000000e+00
      vertex   1.126779e+00 8.197926e+00 4.000000e+00
      vertex   3.156212e-01 4.614218e+00 4.000000e+00
    endloop
  endfacet
  facet normal 0.000000e+00 0.000000e+00 1.000000e+00
    outer loop
      vertex   3.156212e-01 4.614218e+00 4.000000e+00
      vertex   1.126779e+00 8.197926e+00 4.000000e+00
      vertex   5.647060e-01 8.255709e+00 4.000000e+00
    endloop
  endfacet
  facet normal 0.000000e+00 -0.000000e+00 1.000000e+00
    outer loop
      vertex   3.156212e-01 4.614218e+00 4.000000e+00
      vertex   5.647060e-01 8.255709e+00 4.000000e+00
      vertex   5.066976e-16 8.275000e+00 4.000000e+00
    endloop
  endfacet
  facet normal 0.000000e+00 0.000000e+00 1.000000e+00
    outer loop
      vertex   3.156212e-01 4.614218e+00 4.000000e+00
      vertex   5.066976e-16 8.275000e+00 4.000000e+00
      vertex   -1.052798e-01 4.623802e+00 4.000000e+00
    endloop
  endfacet
  facet normal 0.000000e+00 -0.000000e+00 1.000000e+00
    outer loop
      vertex   -1.052798e-01 4.623802e+00 4.000000e+00
      vertex   5.066976e-16 8.275000e+00 4.000000e+00
      vertex   -5.647060e-01 8.255709e+00 4.000000e+00
    endloop
  endfacet
  facet normal 0.000000e+00 0.000000e+00 1.000000e+00
    outer loop
      vertex   -1.052798e-01 4.623802e+00 4.000000e+00
      vertex   -5.647060e-01 8.255709e+00 4.000000e+00
      vertex   -5.253084e-01 4.595071e+00 4.000000e+00
    endloop
  endfacet
  facet normal 0.000000e+00 0.000000e+00 1.000000e+00
    outer loop
      vertex   -5.253084e-01 4.595071e+00 4.000000e+00
      vertex   -5.647060e-01 8.255709e+00 4.000000e+00
      vertex   -1.126779e+00 8.197926e+00 4.000000e+00
    endloop
  endfacet
  facet normal 0.000000e+00 0.000000e+00 1.000000e+00
    outer loop
      vertex   -5.253084e-01 4.595071e+00 4.000000e+00
      vertex   -1.126779e+00 8.197926e+00 4.000000e+00
      vertex   -9.409841e-01 4.528264e+00 4.000000e+00
    endloop
  endfacet
  facet normal 0.000000e+00 0.000000e+00 1.000000e+00
    outer loop
      vertex   -9.409841e-01 4.528264e+00 4.000000e+00
      vertex   -1.126779e+00 8.197926e+00 4.000000e+00
      vertex   -1.683599e+00 8.101921e+00 4.000000e+00
    endloop
  endfacet
  facet normal 0.000000e+00 0.000000e+00 1.000000e+00
    outer loop
      vertex   -9.409841e-01 4.528264e+00 4.000000e+00
      vertex   -1.683599e+00 8.101921e+00 4.000000e+00
      vertex   -2.232568e+00 7.968141e+00 4.000000e+00
    endloop
  endfacet
  facet normal 0.000000e+00 0.000000e+00 1.000000e+00
    outer loop
      vertex   -9.409841e-01 4.528264e+00 4.000000e+00
      vertex   -2.232568e+00 7.968141e+00 4.000000e+00
      vertex   -1.348862e+00 4.423934e+00 4.000000e+00
    endloop
  endfacet
  facet normal 0.000000e+00 0.000000e+00 1.000000e+00
    outer loop
      vertex   -1.348862e+00 4.423934e+00 4.000000e+00
      vertex   -2.232568e+00 7.968141e+00 4.000000e+00
      vertex   -2.771129e+00 7.797209e+00 4.000000e+00
    endloop
  endfacet
  facet normal 0.000000e+00 0.000000e+00 1.000000e+00
    outer loop
      vertex   -1.348862e+00 4.423934e+00 4.000000e+00
      vertex   -2.771129e+00 7.797209e+00 4.000000e+00
      vertex   -1.745564e+00 4.282947e+00 4.000000e+00
    endloop
  endfacet
  facet normal 0.000000e+00 0.000000e+00 1.000000e+00
    outer loop
      vertex   -1.745564e+00 4.282947e+00 4.000000e+00
      vertex   -2.771129e+00 7.797209e+00 4.000000e+00
      vertex   -3.296769e+00 7.589924e+00 4.000000e+00
    endloop
  endfacet
  facet normal 0.000000e+00 0.000000e+00 1.000000e+00
    outer loop
      vertex   -1.745564e+00 4.282947e+00 4.000000e+00
      vertex   -3.296769e+00 7.589924e+00 4.000000e+00
      vertex   -2.127801e+00 4.106469e+00 4.000000e+00
    endloop
  endfacet
  facet normal 0.000000e+00 0.000000e+00 1.000000e+00
    outer loop
      vertex   -2.127801e+00 4.106469e+00 4.000000e+00
      vertex   -3.296769e+00 7.589924e+00 4.000000e+00
      vertex   -3.807038e+00 7.347250e+00 4.000000e+00
    endloop
  endfacet
  facet normal 0.000000e+00 0.000000e+00 1.000000e+00
    outer loop
      vertex   -2.127801e+00 4.106469e+00 4.000000e+00
      vertex   -3.807038e+00 7.347250e+00 4.000000e+00
      vertex   -4.299557e+00 7.070321e+00 4.000000e+00
    endloop
  endfacet
  facet normal 0.000000e+00 0.000000e+00 1.000000e+00
    outer loop
      vertex   -2.127801e+00 4.106469e+00 4.000000e+00
      vertex   -4.299557e+00 7.070321e+00 4.000000e+00
      vertex   -2.492406e+00 3.895964e+00 4.000000e+00
    endloop
  endfacet
  facet normal 0.000000e+00 0.000000e+00 1.000000e+00
    outer loop
      vertex   -2.492406e+00 3.895964e+00 4.000000e+00
      vertex   -4.299557e+00 7.070321e+00 4.000000e+00
      vertex   -4.772030e+00 6.760426e+00 4.000000e+00
    endloop
  endfacet
  facet normal 0.000000e+00 0.000000e+00 1.000000e+00
    outer loop
      vertex   -2.492406e+00 3.895964e+00 4.000000e+00
      vertex   -4.772030e+00 6.760426e+00 4.000000e+00
      vertex   -2.836359e+00 3.653176e+00 4.000000e+00
    endloop
  endfacet
  facet normal 0.000000e+00 0.000000e+00 1.000000e+00
    outer loop
      vertex   -2.836359e+00 3.653176e+00 4.000000e+00
      vertex   -4.772030e+00 6.760426e+00 4.000000e+00
      vertex   -5.222253e+00 6.419011e+00 4.000000e+00
    endloop
  endfacet
  facet normal 0.000000e+00 0.000000e+00 1.000000e+00
    outer loop
      vertex   -2.836359e+00 3.653176e+00 4.000000e+00
      vertex   -5.222253e+00 6.419011e+00 4.000000e+00
      vertex   -3.156808e+00 3.380116e+00 4.000000e+00
    endloop
  endfacet
  facet normal 0.000000e+00 0.000000e+00 1.000000e+00
    outer loop
      vertex   -3.156808e+00 3.380116e+00 4.000000e+00
      vertex   -5.222253e+00 6.419011e+00 4.000000e+00
      vertex   -5.648127e+00 6.047668e+00 4.000000e+00
    endloop
  endfacet
  facet normal 0.000000e+00 0.000000e+00 1.000000e+00
    outer loop
      vertex   -3.156808e+00 3.380116e+00 4.000000e+00
      vertex   -5.648127e+00 6.047668e+00 4.000000e+00
      vertex   -6.047668e+00 5.648127e+00 4.000000e+00
    endloop
  endfacet
  facet normal 0.000000e+00 0.000000e+00 1.000000e+00
    outer loop
      vertex   -3.156808e+00 3.380116e+00 4.000000e+00
      vertex   -6.047668e+00 5.648127e+00 4.000000e+00
      vertex   -3.451100e+00 3.079048e+00 4.000000e+00
    endloop
  endfacet
  facet normal 0.000000e+00 0.000000e+00 1.000000e+00
    outer loop
      vertex   -3.451100e+00 3.079048e+00 4.000000e+00
      vertex   -6.047668e+00 5.648127e+00 4.000000e+00
      vertex   -6.419011e+00 5.222253e+00 4.000000e+00
    endloop
  endfacet
  facet normal 0.000000e+00 0.000000e+00 1.000000e+00
    outer loop
      vertex   -3.451100e+00 3.079048e+00 4.000000e+00
      vertex   -6.419011e+00 5.222253e+00 4.000000e+00
      vertex   -3.716794e+00 2.752466e+00 4.000000e+00
    endloop
  endfacet
  facet normal 0.000000e+00 0.000000e+00 1.000000e+00
    outer loop
      vertex   -3.716794e+00 2.752466e+00 4.000000e+00
      vertex   -6.419011e+00 5.222253e+00 4.000000e+00
      vertex   -6.760426e+00 4.772030e+00 4.000000e+00
    endloop
  endfacet
  facet normal 0.000000e+00 0.000000e+00 1.000000e+00
    outer loop
      vertex   -3.716794e+00 2.752466e+00 4.000000e+00
      vertex   -6.760426e+00 4.772030e+00 4.000000e+00
      vertex   -3.951690e+00 2.403076e+00 4.000000e+00
    endloop
  endfacet
  facet normal 0.000000e+00 0.000000e+00 1.000000e+00
    outer loop
      vertex   -3.951690e+00 2.403076e+00 4.000000e+00
      vertex   -6.760426e+00 4.772030e+00 4.000000e+00
      vertex   -7.070321e+00 4.299557e+00 4.000000e+00
    endloop
  endfacet
  facet normal 0.000000e+00 0.000000e+00 1.000000e+00
    outer loop
      vertex   -3.951690e+00 2.403076e+00 4.000000e+00
      vertex   -7.070321e+00 4.299557e+00 4.000000e+00
      vertex   -7.347250e+00 3.807038e+00 4.000000e+00
    endloop
  endfacet
  facet normal 0.000000e+00 0.000000e+00 1.000000e+00
    outer loop
      vertex   -3.951690e+00 2.403076e+00 4.000000e+00
      vertex   -7.347250e+00 3.807038e+00 4.000000e+00
      vertex   -4.153841e+00 2.033773e+00 4.000000e+00
    endloop
  endfacet
  facet normal 0.000000e+00 0.000000e+00 1.000000e+00
    outer loop
      vertex   -4.153841e+00 2.033773e+00 4.000000e+00
      vertex   -7.347250e+00 3.807038e+00 4.000000e+00
      vertex   -7.589924e+00 3.296769e+00 4.000000e+00
    endloop
  endfacet
  facet normal 0.000000e+00 0.000000e+00 1.000000e+00
    outer loop
      vertex   -4.153841e+00 2.033773e+00 4.000000e+00
      vertex   -7.589924e+00 3.296769e+00 4.000000e+00
      vertex   -4.321571e+00 1.647618e+00 4.000000e+00
    endloop
  endfacet
  facet normal 0.000000e+00 0.000000e+00 1.000000e+00
    outer loop
      vertex   -4.321571e+00 1.647618e+00 4.000000e+00
      vertex   -7.589924e+00 3.296769e+00 4.000000e+00
      vertex   -7.797209e+00 2.771129e+00 4.000000e+00
    endloop
  endfacet
  facet normal 0.000000e+00 0.000000e+00 1.000000e+00
    outer loop
      vertex   -4.321571e+00 1.647618e+00 4.000000e+00
      vertex   -7.797209e+00 2.771129e+00 4.000000e+00
      vertex   -4.453492e+00 1.247810e+00 4.000000e+00
    endloop
  endfacet
  facet normal 0.000000e+00 0.000000e+00 1.000000e+00
    outer loop
      vertex   -4.453492e+00 1.247810e+00 4.000000e+00
      vertex   -7.797209e+00 2.771129e+00 4.000000e+00
      vertex   -7.968141e+00 2.232568e+00 4.000000e+00
    endloop
  endfacet
  facet normal 0.000000e+00 0.000000e+00 1.000000e+00
    outer loop
      vertex   -4.453492e+00 1.247810e+00 4.000000e+00
      vertex   -7.968141e+00 2.232568e+00 4.000000e+00
      vertex   -8.101921e+00 1.683599e+00 4.000000e+00
    endloop
  endfacet
  facet normal 0.000000e+00 0.000000e+00 1.000000e+00
    outer loop
      vertex   -4.453492e+00 1.247810e+00 4.000000e+00
      vertex   -8.101921e+00 1.683599e+00 4.000000e+00
      vertex   -4.548510e+00 8.376625e-01 4.000000e+00
    endloop
  endfacet
  facet normal 0.000000e+00 0.000000e+00 1.000000e+00
    outer loop
      vertex   -4.548510e+00 8.376625e-01 4.000000e+00
      vertex   -8.101921e+00 1.683599e+00 4.000000e+00
      vertex   -8.197926e+00 1.126779e+00 4.000000e+00
    endloop
  endfacet
  facet normal 0.000000e+00 0.000000e+00 1.000000e+00
    outer loop
      vertex   -4.548510e+00 8.376625e-01 4.000000e+00
      vertex   -8.197926e+00 1.126779e+00 4.000000e+00
      vertex   -4.605838e+00 4.205737e-01 4.000000e+00
    endloop
  endfacet
  facet normal 0.000000e+00 0.000000e+00 1.000000e+00
    outer loop
      vertex   -4.605838e+00 4.205737e-01 4.000000e+00
      vertex   -8.197926e+00 1.126779e+00 4.000000e+00
      vertex   -8.255709e+00 5.647060e-01 4.000000e+00
    endloop
  endfacet
  facet normal 0.000000e+00 0.000000e+00 1.000000e+00
    outer loop
      vertex   -4.605838e+00 4.205737e-01 4.000000e+00
      vertex   -8.255709e+00 5.647060e-01 4.000000e+00
      vertex   -4.625000e+00 -5.663991e-16 4.000000e+00
    endloop
  endfacet
  facet normal 9.988322e-01 -4.831338e-02 -2.860727e-17
    outer loop
      vertex   -4.105743e+00 3.981199e-01 5.000000e-01
      vertex   -4.105743e+00 3.981199e-01 3.500000e+00
      vertex   -4.125000e+00 -5.051668e-16 5.000000e-01
    endloop
  endfacet
  facet normal 9.988322e-01 -4.831338e-02 1.627088e-17
    outer loop
      vertex   -4.125000e+00 -5.051668e-16 5.000000e-01
      vertex   -4.105743e+00 3.981199e-01 3.500000e+00
      vertex   -4.125000e+00 5.051668e-16 3.500000e+00
    endloop
  endfacet
  facet normal 9.988322e-01 4.831338e-02 -1.627088e-17
    outer loop
      vertex   -4.125000e+00 -5.051668e-16 5.000000e-01
      vertex   -4.125000e+00 5.051668e-16 3.500000e+00
      vertex   -4.105743e+00 -3.981199e-01 5.000000e-01
    endloop
  endfacet
  facet normal 9.988322e-01 4.831338e-02 2.860727e-17
    outer loop
      vertex   -4.105743e+00 -3.981199e-01 5.000000e-01
      vertex   -4.125000e+00 5.051668e-16 3.500000e+00
      vertex   -4.105743e+00 -3.981199e-01 3.500000e+00
    endloop
  endfacet
  facet normal 9.895064e-01 1.444890e-01 8.555470e-17
    outer loop
      vertex   -4.105743e+00 -3.981199e-01 5.000000e-01
      vertex   -4.105743e+00 -3.981199e-01 3.500000e+00
      vertex   -4.048152e+00 -7.925227e-01 5.000000e-01
    endloop
  endfacet
  facet normal 9.895064e-01 1.444890e-01 -2.020509e-16
    outer loop
      vertex   -4.048152e+00 -7.925227e-01 5.000000e-01
      vertex   -4.105743e+00 -3.981199e-01 3.500000e+00
      vertex   -4.048152e+00 -7.925227e-01 3.500000e+00
    endloop
  endfacet
  facet normal 9.709418e-01 2.393157e-01 -1.368967e-16
    outer loop
      vertex   -4.048152e+00 -7.925227e-01 5.000000e-01
      vertex   -4.048152e+00 -7.925227e-01 3.500000e+00
      vertex   -3.952764e+00 -1.179526e+00 5.000000e-01
    endloop
  endfacet
  facet normal 9.709418e-01 2.393157e-01 -0.000000e+00
    outer loop
      vertex   -3.952764e+00 -1.179526e+00 5.000000e-01
      vertex   -4.048152e+00 -7.925227e-01 3.500000e+00
      vertex   -3.952764e+00 -1.179526e+00 3.500000e+00
    endloop
  endfacet
  facet normal 9.433118e-01 3.319079e-01 -0.000000e+00
    outer loop
      vertex   -3.952764e+00 -1.179526e+00 5.000000e-01
      vertex   -3.952764e+00 -1.179526e+00 3.500000e+00
      vertex   -3.820470e+00 -1.555516e+00 5.000000e-01
    endloop
  endfacet
  facet normal 9.433118e-01 3.319079e-01 -0.000000e+00
    outer loop
      vertex   -3.820470e+00 -1.555516e+00 5.000000e-01
      vertex   -3.952764e+00 -1.179526e+00 3.500000e+00
      vertex   -3.820470e+00 -1.555516e+00 3.500000e+00
    endloop
  endfacet
  facet normal 9.068744e-01 4.214011e-01 -0.000000e+00
    outer loop
      vertex   -3.820470e+00 -1.555516e+00 5.000000e-01
      vertex   -3.820470e+00 -1.555516e+00 3.500000e+00
      vertex   -3.652506e+00 -1.916983e+00 5.000000e-01
    endloop
  endfacet
  facet normal 9.068744e-01 4.214011e-01 -5.015911e-17
    outer loop
      vertex   -3.652506e+00 -1.916983e+00 5.000000e-01
      vertex   -3.820470e+00 -1.555516e+00 3.500000e+00
      vertex   -3.652506e+00 -1.916983e+00 3.500000e+00
    endloop
  endfacet
  facet normal 8.619697e-01 5.069599e-01 7.463682e-18
    outer loop
      vertex   -3.652506e+00 -1.916983e+00 5.000000e-01
      vertex   -3.652506e+00 -1.916983e+00 3.500000e+00
      vertex   -3.450439e+00 -2.260552e+00 5.000000e-01
    endloop
  endfacet
  facet normal 8.619697e-01 5.069599e-01 -0.000000e+00
    outer loop
      vertex   -3.450439e+00 -2.260552e+00 5.000000e-01
      vertex   -3.652506e+00 -1.916983e+00 3.500000e+00
      vertex   -3.450439e+00 -2.260552e+00 3.500000e+00
    endloop
  endfacet
  facet normal 8.090170e-01 5.877853e-01 -0.000000e+00
    outer loop
      vertex   -3.450439e+00 -2.260552e+00 5.000000e-01
      vertex   -3.450439e+00 -2.260552e+00 3.500000e+00
      vertex   -3.216157e+00 -2.583014e+00 5.000000e-01
    endloop
  endfacet
  facet normal 8.090170e-01 5.877853e-01 -0.000000e+00
    outer loop
      vertex   -3.216157e+00 -2.583014e+00 5.000000e-01
      vertex   -3.450439e+00 -2.260552e+00 3.500000e+00
      vertex   -3.216157e+00 -2.583014e+00 3.500000e+00
    endloop
  endfacet
  facet normal 7.485107e-01 6.631227e-01 -0.000000e+00
    outer loop
      vertex   -3.216157e+00 -2.583014e+00 5.000000e-01
      vertex   -3.216157e+00 -2.583014e+00 3.500000e+00
      vertex   -2.951846e+00 -2.881359e+00 5.000000e-01
    endloop
  endfacet
  facet normal 7.485107e-01 6.631227e-01 -5.055991e-17
    outer loop
      vertex   -2.951846e+00 -2.881359e+00 5.000000e-01
      vertex   -3.216157e+00 -2.583014e+00 3.500000e+00
      vertex   -2.951846e+00 -2.881359e+00 3.500000e+00
    endloop
  endfacet
  facet normal 6.810159e-01 7.322687e-01 3.034776e-17
    outer loop
      vertex   -2.951846e+00 -2.881359e+00 5.000000e-01
      vertex   -2.951846e+00 -2.881359e+00 3.500000e+00
      vertex   -2.659974e+00 -3.152802e+00 5.000000e-01
    endloop
  endfacet
  facet normal 6.810159e-01 7.322687e-01 4.552164e-17
    outer loop
      vertex   -2.659974e+00 -3.152802e+00 5.000000e-01
      vertex   -2.951846e+00 -2.881359e+00 3.500000e+00
      vertex   -2.659974e+00 -3.152802e+00 3.500000e+00
    endloop
  endfacet
  facet normal 6.071625e-01 7.945777e-01 1.664581e-16
    outer loop
      vertex   -2.659974e+00 -3.152802e+00 5.000000e-01
      vertex   -2.659974e+00 -3.152802e+00 3.500000e+00
      vertex   -2.343267e+00 -3.394808e+00 5.000000e-01
    endloop
  endfacet
  facet normal 6.071625e-01 7.945777e-01 -0.000000e+00
    outer loop
      vertex   -2.343267e+00 -3.394808e+00 5.000000e-01
      vertex   -2.659974e+00 -3.152802e+00 3.500000e+00
      vertex   -2.343267e+00 -3.394808e+00 3.500000e+00
    endloop
  endfacet
  facet normal 5.276402e-01 8.494679e-01 -0.000000e+00
    outer loop
      vertex   -2.343267e+00 -3.394808e+00 5.000000e-01
      vertex   -2.343267e+00 -3.394808e+00 3.500000e+00
      vertex   -2.004682e+00 -3.605118e+00 5.000000e-01
    endloop
  endfacet
  facet normal 5.276402e-01 8.494679e-01 -1.866793e-16
    outer loop
      vertex   -2.004682e+00 -3.605118e+00 5.000000e-01
      vertex   -2.343267e+00 -3.394808e+00 3.500000e+00
      vertex   -2.004682e+00 -3.605118e+00 3.500000e+00
    endloop
  endfacet
  facet normal 4.431915e-01 8.964269e-01 -1.297243e-16
    outer loop
      vertex   -2.004682e+00 -3.605118e+00 5.000000e-01
      vertex   -2.004682e+00 -3.605118e+00 3.500000e+00
      vertex   -1.647379e+00 -3.781768e+00 5.000000e-01
    endloop
  endfacet
  facet normal 4.431915e-01 8.964269e-01 -9.543472e-17
    outer loop
      vertex   -1.647379e+00 -3.781768e+00 5.000000e-01
      vertex   -2.004682e+00 -3.605118e+00 3.500000e+00
      vertex   -1.647379e+00 -3.781768e+00 3.500000e+00
    endloop
  endfacet
  facet normal 3.546049e-01 9.350162e-01 -1.188596e-17
    outer loop
      vertex   -1.647379e+00 -3.781768e+00 5.000000e-01
      vertex   -1.647379e+00 -3.781768e+00 3.500000e+00
      vertex   -1.274695e+00 -3.923108e+00 5.000000e-01
    endloop
  endfacet
  facet normal 3.546049e-01 9.350162e-01 -0.000000e+00
    outer loop
      vertex   -1.274695e+00 -3.923108e+00 5.000000e-01
      vertex   -1.647379e+00 -3.781768e+00 3.500000e+00
      vertex   -1.274695e+00 -3.923108e+00 3.500000e+00
    endloop
  endfacet
  facet normal 2.627074e-01 9.648756e-01 -0.000000e+00
    outer loop
      vertex   -1.274695e+00 -3.923108e+00 5.000000e-01
      vertex   -1.274695e+00 -3.923108e+00 3.500000e+00
      vertex   -8.901098e-01 -4.027819e+00 5.000000e-01
    endloop
  endfacet
  facet normal 2.627074e-01 9.648756e-01 -1.555540e-16
    outer loop
      vertex   -8.901098e-01 -4.027819e+00 5.000000e-01
      vertex   -1.274695e+00 -3.923108e+00 3.500000e+00
      vertex   -8.901098e-01 -4.027819e+00 3.500000e+00
    endloop
  endfacet
  facet normal 1.683570e-01 9.857261e-01 -9.968739e-17
    outer loop
      vertex   -8.901098e-01 -4.027819e+00 5.000000e-01
      vertex   -8.901098e-01 -4.027819e+00 3.500000e+00
      vertex   -4.972138e-01 -4.094924e+00 5.000000e-01
    endloop
  endfacet
  facet normal 1.683570e-01 9.857261e-01 1.454177e-16
    outer loop
      vertex   -4.972138e-01 -4.094924e+00 5.000000e-01
      vertex   -8.901098e-01 -4.027819e+00 3.500000e+00
      vertex   -4.972138e-01 -4.094924e+00 3.500000e+00
    endloop
  endfacet
  facet normal 7.243480e-02 9.973731e-01 2.322871e-16
    outer loop
      vertex   -4.972138e-01 -4.094924e+00 5.000000e-01
      vertex   -4.972138e-01 -4.094924e+00 3.500000e+00
      vertex   -9.967545e-02 -4.123796e+00 5.000000e-01
    endloop
  endfacet
  facet normal 7.243480e-02 9.973731e-01 -0.000000e+00
    outer loop
      vertex   -9.967545e-02 -4.123796e+00 5.000000e-01
      vertex   -4.972138e-01 -4.094924e+00 3.500000e+00
      vertex   -9.967545e-02 -4.123796e+00 3.500000e+00
    endloop
  endfacet
  facet normal -2.416375e-02 9.997080e-01 0.000000e+00
    outer loop
      vertex   -9.967545e-02 -4.123796e+00 5.000000e-01
      vertex   -9.967545e-02 -4.123796e+00 3.500000e+00
      vertex   2.987936e-01 -4.114164e+00 5.000000e-01
    endloop
  endfacet
  facet normal -2.416375e-02 9.997080e-01 7.601025e-18
    outer loop
      vertex   2.987936e-01 -4.114164e+00 5.000000e-01
      vertex   -9.967545e-02 -4.123796e+00 3.500000e+00
      vertex   2.987936e-01 -4.114164e+00 3.500000e+00
    endloop
  endfacet
  facet normal -1.205367e-01 9.927089e-01 3.791640e-17
    outer loop
      vertex   2.987936e-01 -4.114164e+00 5.000000e-01
      vertex   2.987936e-01 -4.114164e+00 3.500000e+00
      vertex   6.944728e-01 -4.066120e+00 5.000000e-01
    endloop
  endfacet
  facet normal -1.205367e-01 9.927089e-01 7.137205e-17
    outer loop
      vertex   6.944728e-01 -4.066120e+00 5.000000e-01
      vertex   2.987936e-01 -4.114164e+00 3.500000e+00
      vertex   6.944728e-01 -4.066120e+00 3.500000e+00
    endloop
  endfacet
  facet normal -2.157842e-01 9.764411e-01 1.277699e-16
    outer loop
      vertex   6.944728e-01 -4.066120e+00 5.000000e-01
      vertex   6.944728e-01 -4.066120e+00 3.500000e+00
      vertex   1.083668e+00 -3.980112e+00 5.000000e-01
    endloop
  endfacet
  facet normal -2.157842e-01 9.764411e-01 0.000000e+00
    outer loop
      vertex   1.083668e+00 -3.980112e+00 5.000000e-01
      vertex   6.944728e-01 -4.066120e+00 3.500000e+00
      vertex   1.083668e+00 -3.980112e+00 3.500000e+00
    endloop
  endfacet
  facet normal -3.090170e-01 9.510565e-01 0.000000e+00
    outer loop
      vertex   1.083668e+00 -3.980112e+00 5.000000e-01
      vertex   1.083668e+00 -3.980112e+00 3.500000e+00
      vertex   1.462745e+00 -3.856942e+00 5.000000e-01
    endloop
  endfacet
  facet normal -3.090170e-01 9.510565e-01 -1.672100e-16
    outer loop
      vertex   1.462745e+00 -3.856942e+00 5.000000e-01
      vertex   1.083668e+00 -3.980112e+00 3.500000e+00
      vertex   1.462745e+00 -3.856942e+00 3.500000e+00
    endloop
  endfacet
  facet normal -3.993646e-01 9.167922e-01 -1.236304e-16
    outer loop
      vertex   1.462745e+00 -3.856942e+00 5.000000e-01
      vertex   1.462745e+00 -3.856942e+00 3.500000e+00
      vertex   1.828165e+00 -3.697761e+00 5.000000e-01
    endloop
  endfacet
  facet normal -3.993646e-01 9.167922e-01 1.007588e-16
    outer loop
      vertex   1.828165e+00 -3.697761e+00 5.000000e-01
      vertex   1.462745e+00 -3.856942e+00 3.500000e+00
      vertex   1.828165e+00 -3.697761e+00 3.500000e+00
    endloop
  endfacet
  facet normal -4.859834e-01 8.739680e-01 1.583867e-16
    outer loop
      vertex   1.828165e+00 -3.697761e+00 5.000000e-01
      vertex   1.828165e+00 -3.697761e+00 3.500000e+00
      vertex   2.176516e+00 -3.504055e+00 5.000000e-01
    endloop
  endfacet
  facet normal -4.859834e-01 8.739680e-01 0.000000e+00
    outer loop
      vertex   2.176516e+00 -3.504055e+00 5.000000e-01
      vertex   1.828165e+00 -3.697761e+00 3.500000e+00
      vertex   2.176516e+00 -3.504055e+00 3.500000e+00
    endloop
  endfacet
  facet normal -5.680647e-01 8.229839e-01 0.000000e+00
    outer loop
      vertex   2.176516e+00 -3.504055e+00 5.000000e-01
      vertex   2.176516e+00 -3.504055e+00 3.500000e+00
      vertex   2.504545e+00 -3.277633e+00 5.000000e-01
    endloop
  endfacet
  facet normal -5.680647e-01 8.229839e-01 0.000000e+00
    outer loop
      vertex   2.504545e+00 -3.277633e+00 5.000000e-01
      vertex   2.176516e+00 -3.504055e+00 3.500000e+00
      vertex   2.504545e+00 -3.277633e+00 3.500000e+00
    endloop
  endfacet
  facet normal -6.448422e-01 7.643157e-01 0.000000e+00
    outer loop
      vertex   2.504545e+00 -3.277633e+00 5.000000e-01
      vertex   2.504545e+00 -3.277633e+00 3.500000e+00
      vertex   2.809190e+00 -3.020608e+00 5.000000e-01
    endloop
  endfacet
  facet normal -6.448422e-01 7.643157e-01 4.239893e-17
    outer loop
      vertex   2.809190e+00 -3.020608e+00 5.000000e-01
      vertex   2.504545e+00 -3.277633e+00 3.500000e+00
      vertex   2.809190e+00 -3.020608e+00 3.500000e+00
    endloop
  endfacet
  facet normal -7.155990e-01 6.985114e-01 1.135183e-16
    outer loop
      vertex   2.809190e+00 -3.020608e+00 5.000000e-01
      vertex   2.809190e+00 -3.020608e+00 3.500000e+00
      vertex   3.087607e+00 -2.735381e+00 5.000000e-01
    endloop
  endfacet
  facet normal -7.155990e-01 6.985114e-01 -2.017420e-16
    outer loop
      vertex   3.087607e+00 -2.735381e+00 5.000000e-01
      vertex   2.809190e+00 -3.020608e+00 3.500000e+00
      vertex   3.087607e+00 -2.735381e+00 3.500000e+00
    endloop
  endfacet
  facet normal -7.796744e-01 6.261852e-01 -1.399461e-16
    outer loop
      vertex   3.087607e+00 -2.735381e+00 5.000000e-01
      vertex   3.087607e+00 -2.735381e+00 3.500000e+00
      vertex   3.337195e+00 -2.424614e+00 5.000000e-01
    endloop
  endfacet
  facet normal -7.796744e-01 6.261852e-01 0.000000e+00
    outer loop
      vertex   3.337195e+00 -2.424614e+00 5.000000e-01
      vertex   3.087607e+00 -2.735381e+00 3.500000e+00
      vertex   3.337195e+00 -2.424614e+00 3.500000e+00
    endloop
  endfacet
  facet normal -8.364701e-01 5.480125e-01 0.000000e+00
    outer loop
      vertex   3.337195e+00 -2.424614e+00 5.000000e-01
      vertex   3.337195e+00 -2.424614e+00 3.500000e+00
      vertex   3.555625e+00 -2.091209e+00 5.000000e-01
    endloop
  endfacet
  facet normal -8.364701e-01 5.480125e-01 -2.006661e-16
    outer loop
      vertex   3.555625e+00 -2.091209e+00 5.000000e-01
      vertex   3.337195e+00 -2.424614e+00 3.500000e+00
      vertex   3.555625e+00 -2.091209e+00 3.500000e+00
    endloop
  endfacet
  facet normal -8.854560e-01 4.647232e-01 -1.440976e-16
    outer loop
      vertex   3.555625e+00 -2.091209e+00 5.000000e-01
      vertex   3.555625e+00 -2.091209e+00 3.500000e+00
      vertex   3.740857e+00 -1.738280e+00 5.000000e-01
    endloop
  endfacet
  facet normal -8.854560e-01 4.647232e-01 -1.302375e-17
    outer loop
      vertex   3.740857e+00 -1.738280e+00 5.000000e-01
      vertex   3.555625e+00 -2.091209e+00 3.500000e+00
      vertex   3.740857e+00 -1.738280e+00 3.500000e+00
    endloop
  endfacet
  facet normal -9.261746e-01 3.770948e-01 5.091778e-17
    outer loop
      vertex   3.740857e+00 -1.738280e+00 5.000000e-01
      vertex   3.740857e+00 -1.738280e+00 3.500000e+00
      vertex   3.891161e+00 -1.369120e+00 5.000000e-01
    endloop
  endfacet
  facet normal -9.261746e-01 3.770948e-01 0.000000e+00
    outer loop
      vertex   3.891161e+00 -1.369120e+00 5.000000e-01
      vertex   3.740857e+00 -1.738280e+00 3.500000e+00
      vertex   3.891161e+00 -1.369120e+00 3.500000e+00
    endloop
  endfacet
  facet normal -9.582458e-01 2.859457e-01 0.000000e+00
    outer loop
      vertex   3.891161e+00 -1.369120e+00 5.000000e-01
      vertex   3.891161e+00 -1.369120e+00 3.500000e+00
      vertex   4.005135e+00 -9.871771e-01 5.000000e-01
    endloop
  endfacet
  facet normal -9.582458e-01 2.859457e-01 -1.587317e-16
    outer loop
      vertex   4.005135e+00 -9.871771e-01 5.000000e-01
      vertex   3.891161e+00 -1.369120e+00 3.500000e+00
      vertex   4.005135e+00 -9.871771e-01 3.500000e+00
    endloop
  endfacet
  facet normal -9.813701e-01 1.921267e-01 -1.066518e-16
    outer loop
      vertex   4.005135e+00 -9.871771e-01 5.000000e-01
      vertex   4.005135e+00 -9.871771e-01 3.500000e+00
      vertex   4.081714e+00 -5.960173e-01 5.000000e-01
    endloop
  endfacet
  facet normal -9.813701e-01 1.921267e-01 0.000000e+00
    outer loop
      vertex   4.081714e+00 -5.960173e-01 5.000000e-01
      vertex   4.005135e+00 -9.871771e-01 3.500000e+00
      vertex   4.081714e+00 -5.960173e-01 3.500000e+00
    endloop
  endfacet
  facet normal -9.953316e-01 9.651392e-02 0.000000e+00
    outer loop
      vertex   4.081714e+00 -5.960173e-01 5.000000e-01
      vertex   4.081714e+00 -5.960173e-01 3.500000e+00
      vertex   4.120183e+00 -1.992927e-01 5.000000e-01
    endloop
  endfacet
  facet normal -9.953316e-01 9.651392e-02 -5.804065e-17
    outer loop
      vertex   4.120183e+00 -1.992927e-01 5.000000e-01
      vertex   4.081714e+00 -5.960173e-01 3.500000e+00
      vertex   4.120183e+00 -1.992927e-01 3.500000e+00
    endloop
  endfacet
  facet normal -1.000000e+00 0.000000e+00 0.000000e+00
    outer loop
      vertex   4.120183e+00 -1.992927e-01 5.000000e-01
      vertex   4.120183e+00 -1.992927e-01 3.500000e+00
      vertex   4.120183e+00 1.992927e-01 5.000000e-01
    endloop
  endfacet
  facet normal -1.000000e+00 0.000000e+00 0.000000e+00
    outer loop
      vertex   4.120183e+00 1.992927e-01 5.000000e-01
      vertex   4.120183e+00 -1.992927e-01 3.500000e+00
      vertex   4.120183e+00 1.992927e-01 3.500000e+00
    endloop
  endfacet
  facet normal -9.953316e-01 -9.651392e-02 5.804065e-17
    outer loop
      vertex   4.120183e+00 1.992927e-01 5.000000e-01
      vertex   4.120183e+00 1.992927e-01 3.500000e+00
      vertex   4.081714e+00 5.960173e-01 5.000000e-01
    endloop
  endfacet
  facet normal -9.953316e-01 -9.651392e-02 0.000000e+00
    outer loop
      vertex   4.081714e+00 5.960173e-01 5.000000e-01
      vertex   4.120183e+00 1.992927e-01 3.500000e+00
      vertex   4.081714e+00 5.960173e-01 3.500000e+00
    endloop
  endfacet
  facet normal -9.813701e-01 -1.921267e-01 0.000000e+00
    outer loop
      vertex   4.081714e+00 5.960173e-01 5.000000e-01
      vertex   4.081714e+00 5.960173e-01 3.500000e+00
      vertex   4.005135e+00 9.871771e-01 5.000000e-01
    endloop
  endfacet
  facet normal -9.813701e-01 -1.921267e-01 1.066518e-16
    outer loop
      vertex   4.005135e+00 9.871771e-01 5.000000e-01
      vertex   4.081714e+00 5.960173e-01 3.500000e+00
      vertex   4.005135e+00 9.871771e-01 3.500000e+00
    endloop
  endfacet
  facet normal -9.582458e-01 -2.859457e-01 1.587317e-16
    outer loop
      vertex   4.005135e+00 9.871771e-01 5.000000e-01
      vertex   4.005135e+00 9.871771e-01 3.500000e+00
      vertex   3.891161e+00 1.369120e+00 5.000000e-01
    endloop
  endfacet
  facet normal -9.582458e-01 -2.859457e-01 0.000000e+00
    outer loop
      vertex   3.891161e+00 1.369120e+00 5.000000e-01
      vertex   4.005135e+00 9.871771e-01 3.500000e+00
      vertex   3.891161e+00 1.369120e+00 3.500000e+00
    endloop
  endfacet
  facet normal -9.261746e-01 -3.770948e-01 0.000000e+00
    outer loop
      vertex   3.891161e+00 1.369120e+00 5.000000e-01
      vertex   3.891161e+00 1.369120e+00 3.500000e+00
      vertex   3.740857e+00 1.738280e+00 5.000000e-01
    endloop
  endfacet
  facet normal -9.261746e-01 -3.770948e-01 -5.091778e-17
    outer loop
      vertex   3.740857e+00 1.738280e+00 5.000000e-01
      vertex   3.891161e+00 1.369120e+00 3.500000e+00
      vertex   3.740857e+00 1.738280e+00 3.500000e+00
    endloop
  endfacet
  facet normal -8.854560e-01 -4.647232e-01 1.302375e-17
    outer loop
      vertex   3.740857e+00 1.738280e+00 5.000000e-01
      vertex   3.740857e+00 1.738280e+00 3.500000e+00
      vertex   3.555625e+00 2.091209e+00 5.000000e-01
    endloop
  endfacet
  facet normal -8.854560e-01 -4.647232e-01 1.440976e-16
    outer loop
      vertex   3.555625e+00 2.091209e+00 5.000000e-01
      vertex   3.740857e+00 1.738280e+00 3.500000e+00
      vertex   3.555625e+00 2.091209e+00 3.500000e+00
    endloop
  endfacet
  facet normal -8.364701e-01 -5.480125e-01 2.006661e-16
    outer loop
      vertex   3.555625e+00 2.091209e+00 5.000000e-01
      vertex   3.555625e+00 2.091209e+00 3.500000e+00
      vertex   3.337195e+00 2.424614e+00 5.000000e-01
    endloop
  endfacet
  facet normal -8.364701e-01 -5.480125e-01 0.000000e+00
    outer loop
      vertex   3.337195e+00 2.424614e+00 5.000000e-01
      vertex   3.555625e+00 2.091209e+00 3.500000e+00
      vertex   3.337195e+00 2.424614e+00 3.500000e+00
    endloop
  endfacet
  facet normal -7.796744e-01 -6.261852e-01 0.000000e+00
    outer loop
      vertex   3.337195e+00 2.424614e+00 5.000000e-01
      vertex   3.337195e+00 2.424614e+00 3.500000e+00
      vertex   3.087607e+00 2.735381e+00 5.000000e-01
    endloop
  endfacet
  facet normal -7.796744e-01 -6.261852e-01 1.399461e-16
    outer loop
      vertex   3.087607e+00 2.735381e+00 5.000000e-01
      vertex   3.337195e+00 2.424614e+00 3.500000e+00
      vertex   3.087607e+00 2.735381e+00 3.500000e+00
    endloop
  endfacet
  facet normal -7.155990e-01 -6.985114e-01 2.017420e-16
    outer loop
      vertex   3.087607e+00 2.735381e+00 5.000000e-01
      vertex   3.087607e+00 2.735381e+00 3.500000e+00
      vertex   2.809190e+00 3.020608e+00 5.000000e-01
    endloop
  endfacet
  facet normal -7.155990e-01 -6.985114e-01 -1.135183e-16
    outer loop
      vertex   2.809190e+00 3.020608e+00 5.000000e-01
      vertex   3.087607e+00 2.735381e+00 3.500000e+00
      vertex   2.809190e+00 3.020608e+00 3.500000e+00
    endloop
  endfacet
  facet normal -6.448422e-01 -7.643157e-01 -4.239893e-17
    outer loop
      vertex   2.809190e+00 3.020608e+00 5.000000e-01
      vertex   2.809190e+00 3.020608e+00 3.500000e+00
      vertex   2.504545e+00 3.277633e+00 5.000000e-01
    endloop
  endfacet
  facet normal -6.448422e-01 -7.643157e-01 0.000000e+00
    outer loop
      vertex   2.504545e+00 3.277633e+00 5.000000e-01
      vertex   2.809190e+00 3.020608e+00 3.500000e+00
      vertex   2.504545e+00 3.277633e+00 3.500000e+00
    endloop
  endfacet
  facet normal -5.680647e-01 -8.229839e-01 0.000000e+00
    outer loop
      vertex   2.504545e+00 3.277633e+00 5.000000e-01
      vertex   2.504545e+00 3.277633e+00 3.500000e+00
      vertex   2.176516e+00 3.504055e+00 5.000000e-01
    endloop
  endfacet
  facet normal -5.680647e-01 -8.229839e-01 0.000000e+00
    outer loop
      vertex   2.176516e+00 3.504055e+00 5.000000e-01
      vertex   2.504545e+00 3.277633e+00 3.500000e+00
      vertex   2.176516e+00 3.504055e+00 3.500000e+00
    endloop
  endfacet
  facet normal -4.859834e-01 -8.739680e-01 0.000000e+00
    outer loop
      vertex   2.176516e+00 3.504055e+00 5.000000e-01
      vertex   2.176516e+00 3.504055e+00 3.500000e+00
      vertex   1.828165e+00 3.697761e+00 5.000000e-01
    endloop
  endfacet
  facet normal -4.859834e-01 -8.739680e-01 -1.583867e-16
    outer loop
      vertex   1.828165e+00 3.697761e+00 5.000000e-01
      vertex   2.176516e+00 3.504055e+00 3.500000e+00
      vertex   1.828165e+00 3.697761e+00 3.500000e+00
    endloop
  endfacet
  facet normal -3.993646e-01 -9.167922e-01 -1.007588e-16
    outer loop
      vertex   1.828165e+00 3.697761e+00 5.000000e-01
      vertex   1.828165e+00 3.697761e+00 3.500000e+00
      vertex   1.462745e+00 3.856942e+00 5.000000e-01
    endloop
  endfacet
  facet normal -3.993646e-01 -9.167922e-01 1.236304e-16
    outer loop
      vertex   1.462745e+00 3.856942e+00 5.000000e-01
      vertex   1.828165e+00 3.697761e+00 3.500000e+00
      vertex   1.462745e+00 3.856942e+00 3.500000e+00
    endloop
  endfacet
  facet normal -3.090170e-01 -9.510565e-01 1.672100e-16
    outer loop
      vertex   1.462745e+00 3.856942e+00 5.000000e-01
      vertex   1.462745e+00 3.856942e+00 3.500000e+00
      vertex   1.083668e+00 3.980112e+00 5.000000e-01
    endloop
  endfacet
  facet normal -3.090170e-01 -9.510565e-01 0.000000e+00
    outer loop
      vertex   1.083668e+00 3.980112e+00 5.000000e-01
      vertex   1.462745e+00 3.856942e+00 3.500000e+00
      vertex   1.083668e+00 3.980112e+00 3.500000e+00
    endloop
  endfacet
  facet normal -2.157842e-01 -9.764411e-01 0.000000e+00
    outer loop
      vertex   1.083668e+00 3.980112e+00 5.000000e-01
      vertex   1.083668e+00 3.980112e+00 3.500000e+00
      vertex   6.944728e-01 4.066120e+00 5.000000e-01
    endloop
  endfacet
  facet normal -2.157842e-01 -9.764411e-01 -1.277699e-16
    outer loop
      vertex   6.944728e-01 4.066120e+00 5.000000e-01
      vertex   1.083668e+00 3.980112e+00 3.500000e+00
      vertex   6.944728e-01 4.066120e+00 3.500000e+00
    endloop
  endfacet
  facet normal -1.205367e-01 -9.927089e-01 -7.137205e-17
    outer loop
      vertex   6.944728e-01 4.066120e+00 5.000000e-01
      vertex   6.944728e-01 4.066120e+00 3.500000e+00
      vertex   2.987936e-01 4.114164e+00 5.000000e-01
    endloop
  endfacet
  facet normal -1.205367e-01 -9.927089e-01 -3.791640e-17
    outer loop
      vertex   2.987936e-01 4.114164e+00 5.000000e-01
      vertex   6.944728e-01 4.066120e+00 3.500000e+00
      vertex   2.987936e-01 4.114164e+00 3.500000e+00
    endloop
  endfacet
  facet normal -2.416375e-02 -9.997080e-01 -7.601025e-18
    outer loop
      vertex   2.987936e-01 4.114164e+00 5.000000e-01
      vertex   2.987936e-01 4.114164e+00 3.500000e+00
      vertex   -9.967545e-02 4.123796e+00 5.000000e-01
    endloop
  endfacet
  facet normal -2.416375e-02 -9.997080e-01 0.000000e+00
    outer loop
      vertex   -9.967545e-02 4.123796e+00 5.000000e-01
      vertex   2.987936e-01 4.114164e+00 3.500000e+00
      vertex   -9.967545e-02 4.123796e+00 3.500000e+00
    endloop
  endfacet
  facet normal 7.243480e-02 -9.973731e-01 0.000000e+00
    outer loop
      vertex   -9.967545e-02 4.123796e+00 5.000000e-01
      vertex   -9.967545e-02 4.123796e+00 3.500000e+00
      vertex   -4.972138e-01 4.094924e+00 5.000000e-01
    endloop
  endfacet
  facet normal 7.243480e-02 -9.973731e-01 -2.322871e-16
    outer loop
      vertex   -4.972138e-01 4.094924e+00 5.000000e-01
      vertex   -9.967545e-02 4.123796e+00 3.500000e+00
      vertex   -4.972138e-01 4.094924e+00 3.500000e+00
    endloop
  endfacet
  facet normal 1.683570e-01 -9.857261e-01 -1.454177e-16
    outer loop
      vertex   -4.972138e-01 4.094924e+00 5.000000e-01
      vertex   -4.972138e-01 4.094924e+00 3.500000e+00
      vertex   -8.901098e-01 4.027819e+00 5.000000e-01
    endloop
  endfacet
  facet normal 1.683570e-01 -9.857261e-01 9.968739e-17
    outer loop
      vertex   -8.901098e-01 4.027819e+00 5.000000e-01
      vertex   -4.972138e-01 4.094924e+00 3.500000e+00
      vertex   -8.901098e-01 4.027819e+00 3.500000e+00
    endloop
  endfacet
  facet normal 2.627074e-01 -9.648756e-01 1.555540e-16
    outer loop
      vertex   -8.901098e-01 4.027819e+00 5.000000e-01
      vertex   -8.901098e-01 4.027819e+00 3.500000e+00
      vertex   -1.274695e+00 3.923108e+00 5.000000e-01
    endloop
  endfacet
  facet normal 2.627074e-01 -9.648756e-01 0.000000e+00
    outer loop
      vertex   -1.274695e+00 3.923108e+00 5.000000e-01
      vertex   -8.901098e-01 4.027819e+00 3.500000e+00
      vertex   -1.274695e+00 3.923108e+00 3.500000e+00
    endloop
  endfacet
  facet normal 3.546049e-01 -9.350162e-01 0.000000e+00
    outer loop
      vertex   -1.274695e+00 3.923108e+00 5.000000e-01
      vertex   -1.274695e+00 3.923108e+00 3.500000e+00
      vertex   -1.647379e+00 3.781768e+00 5.000000e-01
    endloop
  endfacet
  facet normal 3.546049e-01 -9.350162e-01 1.188596e-17
    outer loop
      vertex   -1.647379e+00 3.781768e+00 5.000000e-01
      vertex   -1.274695e+00 3.923108e+00 3.500000e+00
      vertex   -1.647379e+00 3.781768e+00 3.500000e+00
    endloop
  endfacet
  facet normal 4.431915e-01 -8.964269e-01 9.543472e-17
    outer loop
      vertex   -1.647379e+00 3.781768e+00 5.000000e-01
      vertex   -1.647379e+00 3.781768e+00 3.500000e+00
      vertex   -2.004682e+00 3.605118e+00 5.000000e-01
    endloop
  endfacet
  facet normal 4.431915e-01 -8.964269e-01 1.297243e-16
    outer loop
      vertex   -2.004682e+00 3.605118e+00 5.000000e-01
      vertex   -1.647379e+00 3.781768e+00 3.500000e+00
      vertex   -2.004682e+00 3.605118e+00 3.500000e+00
    endloop
  endfacet
  facet normal 5.276402e-01 -8.494679e-01 1.866793e-16
    outer loop
      vertex   -2.004682e+00 3.605118e+00 5.000000e-01
      vertex   -2.004682e+00 3.605118e+00 3.500000e+00
      vertex   -2.343267e+00 3.394808e+00 5.000000e-01
    endloop
  endfacet
  facet normal 5.276402e-01 -8.494679e-01 0.000000e+00
    outer loop
      vertex   -2.343267e+00 3.394808e+00 5.000000e-01
      vertex   -2.004682e+00 3.605118e+00 3.500000e+00
      vertex   -2.343267e+00 3.394808e+00 3.500000e+00
    endloop
  endfacet
  facet normal 6.071625e-01 -7.945777e-01 0.000000e+00
    outer loop
      vertex   -2.343267e+00 3.394808e+00 5.000000e-01
      vertex   -2.343267e+00 3.394808e+00 3.500000e+00
      vertex   -2.659974e+00 3.152802e+00 5.000000e-01
    endloop
  endfacet
  facet normal 6.071625e-01 -7.945777e-01 -1.664581e-16
    outer loop
      vertex   -2.659974e+00 3.152802e+00 5.000000e-01
      vertex   -2.343267e+00 3.394808e+00 3.500000e+00
      vertex   -2.659974e+00 3.152802e+00 3.500000e+00
    endloop
  endfacet
  facet normal 6.810159e-01 -7.322687e-01 -4.552164e-17
    outer loop
      vertex   -2.659974e+00 3.152802e+00 5.000000e-01
      vertex   -2.659974e+00 3.152802e+00 3.500000e+00
      vertex   -2.951846e+00 2.881359e+00 5.000000e-01
    endloop
  endfacet
  facet normal 6.810159e-01 -7.322687e-01 -3.034776e-17
    outer loop
      vertex   -2.951846e+00 2.881359e+00 5.000000e-01
      vertex   -2.659974e+00 3.152802e+00 3.500000e+00
      vertex   -2.951846e+00 2.881359e+00 3.500000e+00
    endloop
  endfacet
  facet normal 7.485107e-01 -6.631227e-01 5.055991e-17
    outer loop
      vertex   -2.951846e+00 2.881359e+00 5.000000e-01
      vertex   -2.951846e+00 2.881359e+00 3.500000e+00
      vertex   -3.216157e+00 2.583014e+00 5.000000e-01
    endloop
  endfacet
  facet normal 7.485107e-01 -6.631227e-01 0.000000e+00
    outer loop
      vertex   -3.216157e+00 2.583014e+00 5.000000e-01
      vertex   -2.951846e+00 2.881359e+00 3.500000e+00
      vertex   -3.216157e+00 2.583014e+00 3.500000e+00
    endloop
  endfacet
  facet normal 8.090170e-01 -5.877853e-01 0.000000e+00
    outer loop
      vertex   -3.216157e+00 2.583014e+00 5.000000e-01
      vertex   -3.216157e+00 2.583014e+00 3.500000e+00
      vertex   -3.450439e+00 2.260552e+00 5.000000e-01
    endloop
  endfacet
  facet normal 8.090170e-01 -5.877853e-01 0.000000e+00
    outer loop
      vertex   -3.450439e+00 2.260552e+00 5.000000e-01
      vertex   -3.216157e+00 2.583014e+00 3.500000e+00
      vertex   -3.450439e+00 2.260552e+00 3.500000e+00
    endloop
  endfacet
  facet normal 8.619697e-01 -5.069599e-01 0.000000e+00
    outer loop
      vertex   -3.450439e+00 2.260552e+00 5.000000e-01
      vertex   -3.450439e+00 2.260552e+00 3.500000e+00
      vertex   -3.652506e+00 1.916983e+00 5.000000e-01
    endloop
  endfacet
  facet normal 8.619697e-01 -5.069599e-01 -7.463682e-18
    outer loop
      vertex   -3.652506e+00 1.916983e+00 5.000000e-01
      vertex   -3.450439e+00 2.260552e+00 3.500000e+00
      vertex   -3.652506e+00 1.916983e+00 3.500000e+00
    endloop
  endfacet
  facet normal 9.068744e-01 -4.214011e-01 5.015911e-17
    outer loop
      vertex   -3.652506e+00 1.916983e+00 5.000000e-01
      vertex   -3.652506e+00 1.916983e+00 3.500000e+00
      vertex   -3.820470e+00 1.555516e+00 5.000000e-01
    endloop
  endfacet
  facet normal 9.068744e-01 -4.214011e-01 0.000000e+00
    outer loop
      vertex   -3.820470e+00 1.555516e+00 5.000000e-01
      vertex   -3.652506e+00 1.916983e+00 3.500000e+00
      vertex   -3.820470e+00 1.555516e+00 3.500000e+00
    endloop
  endfacet
  facet normal 9.433118e-01 -3.319079e-01 0.000000e+00
    outer loop
      vertex   -3.820470e+00 1.555516e+00 5.000000e-01
      vertex   -3.820470e+00 1.555516e+00 3.500000e+00
      vertex   -3.952764e+00 1.179526e+00 5.000000e-01
    endloop
  endfacet
  facet normal 9.433118e-01 -3.319079e-01 0.000000e+00
    outer loop
      vertex   -3.952764e+00 1.179526e+00 5.000000e-01
      vertex   -3.820470e+00 1.555516e+00 3.500000e+00
      vertex   -3.952764e+00 1.179526e+00 3.500000e+00
    endloop
  endfacet
  facet normal 9.709418e-01 -2.393157e-01 0.000000e+00
    outer loop
      vertex   -3.952764e+00 1.179526e+00 5.000000e-01
      vertex   -3.952764e+00 1.179526e+00 3.500000e+00
      vertex   -4.048152e+00 7.925227e-01 5.000000e-01
    endloop
  endfacet
  facet normal 9.709418e-01 -2.393157e-01 1.368967e-16
    outer loop
      vertex   -4.048152e+00 7.925227e-01 5.000000e-01
      vertex   -3.952764e+00 1.179526e+00 3.500000e+00
      vertex   -4.048152e+00 7.925227e-01 3.500000e+00
    endloop
  endfacet
  facet normal 9.895064e-01 -1.444890e-01 2.020509e-16
    outer loop
      vertex   -4.048152e+00 7.925227e-01 5.000000e-01
      vertex   -4.048152e+00 7.925227e-01 3.500000e+00
      vertex   -4.105743e+00 3.981199e-01 5.000000e-01
    endloop
  endfacet
  facet normal 9.895064e-01 -1.444890e-01 -8.555470e-17
    outer loop
      vertex   -4.105743e+00 3.981199e-01 5.000000e-01
      vertex   -4.048152e+00 7.925227e-01 3.500000e+00
      vertex   -4.105743e+00 3.981199e-01 3.500000e+00
    endloop
  endfacet
  facet normal -7.069093e-01 2.363456e-02 7.069093e-01
    outer loop
      vertex   -8.755404e+00 5.861054e-01 3.500000e+00
      vertex   -8.775000e+00 -1.074628e-15 3.500000e+00
      vertex   -8.275000e+00 1.013395e-15 4.000000e+00
    endloop
  endfacet
  facet normal -7.069093e-01 -2.363456e-02 7.069093e-01
    outer loop
      vertex   -8.275000e+00 1.013395e-15 4.000000e+00
      vertex   -8.775000e+00 -1.074628e-15 3.500000e+00
      vertex   -8.755404e+00 -5.861054e-01 3.500000e+00
    endloop
  endfacet
  facet normal -7.065995e-01 -2.413816e-02 7.072019e-01
    outer loop
      vertex   -8.275000e+00 1.013395e-15 4.000000e+00
      vertex   -8.755404e+00 -5.861054e-01 3.500000e+00
      vertex   -8.255709e+00 -5.647060e-01 4.000000e+00
    endloop
  endfacet
  facet normal -7.040287e-01 -7.082594e-02 7.066309e-01
    outer loop
      vertex   -8.255709e+00 -5.647060e-01 4.000000e+00
      vertex   -8.755404e+00 -5.861054e-01 3.500000e+00
      vertex   -8.696705e+00 -1.169593e+00 3.500000e+00
    endloop
  endfacet
  facet normal -7.030184e-01 -7.227248e-02 7.074898e-01
    outer loop
      vertex   -8.255709e+00 -5.647060e-01 4.000000e+00
      vertex   -8.696705e+00 -1.169593e+00 3.500000e+00
      vertex   -8.197926e+00 -1.126779e+00 4.000000e+00
    endloop
  endfacet
  facet normal -6.979880e-01 -1.177359e-01 7.063647e-01
    outer loop
      vertex   -8.197926e+00 -1.126779e+00 4.000000e+00
      vertex   -8.696705e+00 -1.169593e+00 3.500000e+00
      vertex   -8.599164e+00 -1.747857e+00 3.500000e+00
    endloop
  endfacet
  facet normal -6.961765e-01 -1.200330e-01 7.077643e-01
    outer loop
      vertex   -8.197926e+00 -1.126779e+00 4.000000e+00
      vertex   -8.599164e+00 -1.747857e+00 3.500000e+00
      vertex   -8.101921e+00 -1.683599e+00 4.000000e+00
    endloop
  endfacet
  facet normal -6.888120e-01 -1.641522e-01 7.061105e-01
    outer loop
      vertex   -8.101921e+00 -1.683599e+00 4.000000e+00
      vertex   -8.599164e+00 -1.747857e+00 3.500000e+00
      vertex   -8.463217e+00 -2.318315e+00 3.500000e+00
    endloop
  endfacet
  facet normal -6.861080e-01 -1.671999e-01 7.080254e-01
    outer loop
      vertex   -8.101921e+00 -1.683599e+00 4.000000e+00
      vertex   -8.463217e+00 -2.318315e+00 3.500000e+00
      vertex   -7.968141e+00 -2.232568e+00 4.000000e+00
    endloop
  endfacet
  facet normal -6.765401e-01 -2.098647e-01 7.058684e-01
    outer loop
      vertex   -7.968141e+00 -2.232568e+00 4.000000e+00
      vertex   -8.463217e+00 -2.318315e+00 3.500000e+00
      vertex   -8.289471e+00 -2.878418e+00 3.500000e+00
    endloop
  endfacet
  facet normal -6.728615e-01 -2.135566e-01 7.082732e-01
    outer loop
      vertex   -7.968141e+00 -2.232568e+00 4.000000e+00
      vertex   -8.289471e+00 -2.878418e+00 3.500000e+00
      vertex   -7.797209e+00 -2.771129e+00 4.000000e+00
    endloop
  endfacet
  facet normal -6.612256e-01 -2.546663e-01 7.056386e-01
    outer loop
      vertex   -7.797209e+00 -2.771129e+00 4.000000e+00
      vertex   -8.289471e+00 -2.878418e+00 3.500000e+00
      vertex   -8.078703e+00 -3.425666e+00 3.500000e+00
    endloop
  endfacet
  facet normal -6.565003e-01 -2.588901e-01 7.085077e-01
    outer loop
      vertex   -7.797209e+00 -2.771129e+00 4.000000e+00
      vertex   -8.078703e+00 -3.425666e+00 3.500000e+00
      vertex   -7.589924e+00 -3.296769e+00 4.000000e+00
    endloop
  endfacet
  facet normal -6.429357e-01 -2.983538e-01 7.054210e-01
    outer loop
      vertex   -7.589924e+00 -3.296769e+00 4.000000e+00
      vertex   -8.078703e+00 -3.425666e+00 3.500000e+00
      vertex   -7.831853e+00 -3.957614e+00 3.500000e+00
    endloop
  endfacet
  facet normal -6.371019e-01 -3.029923e-01 7.087290e-01
    outer loop
      vertex   -7.589924e+00 -3.296769e+00 4.000000e+00
      vertex   -7.831853e+00 -3.957614e+00 3.500000e+00
      vertex   -7.347250e+00 -3.807038e+00 4.000000e+00
    endloop
  endfacet
  facet normal -6.217513e-01 -3.407291e-01 7.052156e-01
    outer loop
      vertex   -7.347250e+00 -3.807038e+00 4.000000e+00
      vertex   -7.831853e+00 -3.957614e+00 3.500000e+00
      vertex   -7.550024e+00 -4.471886e+00 3.500000e+00
    endloop
  endfacet
  facet normal -6.147575e-01 -3.456609e-01 7.089371e-01
    outer loop
      vertex   -7.347250e+00 -3.807038e+00 4.000000e+00
      vertex   -7.550024e+00 -4.471886e+00 3.500000e+00
      vertex   -7.070321e+00 -4.299557e+00 4.000000e+00
    endloop
  endfacet
  facet normal -5.977665e-01 -3.815999e-01 7.050225e-01
    outer loop
      vertex   -7.070321e+00 -4.299557e+00 4.000000e+00
      vertex   -7.550024e+00 -4.471886e+00 3.500000e+00
      vertex   -7.234475e+00 -4.966186e+00 3.500000e+00
    endloop
  endfacet
  facet normal -5.895718e-01 -3.867001e-01 7.091320e-01
    outer loop
      vertex   -7.070321e+00 -4.299557e+00 4.000000e+00
      vertex   -7.234475e+00 -4.966186e+00 3.500000e+00
      vertex   -6.760426e+00 -4.772030e+00 4.000000e+00
    endloop
  endfacet
  facet normal -5.710882e-01 -4.207807e-01 7.048417e-01
    outer loop
      vertex   -6.760426e+00 -4.772030e+00 4.000000e+00
      vertex   -7.234475e+00 -4.966186e+00 3.500000e+00
      vertex   -6.886615e+00 -5.438305e+00 3.500000e+00
    endloop
  endfacet
  facet normal -5.616623e-01 -4.259220e-01 7.093137e-01
    outer loop
      vertex   -6.760426e+00 -4.772030e+00 4.000000e+00
      vertex   -6.886615e+00 -5.438305e+00 3.500000e+00
      vertex   -6.419011e+00 -5.222253e+00 4.000000e+00
    endloop
  endfacet
  facet normal -5.418356e-01 -4.580936e-01 7.046732e-01
    outer loop
      vertex   -6.419011e+00 -5.222253e+00 4.000000e+00
      vertex   -6.886615e+00 -5.438305e+00 3.500000e+00
      vertex   -6.507997e+00 -5.886136e+00 3.500000e+00
    endloop
  endfacet
  facet normal -5.311590e-01 -4.631467e-01 7.094824e-01
    outer loop
      vertex   -6.419011e+00 -5.222253e+00 4.000000e+00
      vertex   -6.507997e+00 -5.886136e+00 3.500000e+00
      vertex   -6.047668e+00 -5.648127e+00 4.000000e+00
    endloop
  endfacet
  facet normal -5.101398e-01 -4.933690e-01 7.045172e-01
    outer loop
      vertex   -6.047668e+00 -5.648127e+00 4.000000e+00
      vertex   -6.507997e+00 -5.886136e+00 3.500000e+00
      vertex   -6.100314e+00 -6.307678e+00 3.500000e+00
    endloop
  endfacet
  facet normal -4.982038e-01 -4.982038e-01 7.096380e-01
    outer loop
      vertex   -6.047668e+00 -5.648127e+00 4.000000e+00
      vertex   -6.100314e+00 -6.307678e+00 3.500000e+00
      vertex   -5.648127e+00 -6.047668e+00 4.000000e+00
    endloop
  endfacet
  facet normal -4.761428e-01 -5.264466e-01 7.043735e-01
    outer loop
      vertex   -5.648127e+00 -6.047668e+00 4.000000e+00
      vertex   -6.100314e+00 -6.307678e+00 3.500000e+00
      vertex   -5.665384e+00 -6.701048e+00 3.500000e+00
    endloop
  endfacet
  facet normal -4.629493e-01 -5.309327e-01 7.097805e-01
    outer loop
      vertex   -5.648127e+00 -6.047668e+00 4.000000e+00
      vertex   -5.665384e+00 -6.701048e+00 3.500000e+00
      vertex   -5.222253e+00 -6.419011e+00 4.000000e+00
    endloop
  endfacet
  facet normal -4.399975e-01 -5.571760e-01 7.042422e-01
    outer loop
      vertex   -5.222253e+00 -6.419011e+00 4.000000e+00
      vertex   -5.665384e+00 -6.701048e+00 3.500000e+00
      vertex   -5.205152e+00 -7.064490e+00 3.500000e+00
    endloop
  endfacet
  facet normal -4.255591e-01 -5.611838e-01 7.099100e-01
    outer loop
      vertex   -5.222253e+00 -6.419011e+00 4.000000e+00
      vertex   -5.205152e+00 -7.064490e+00 3.500000e+00
      vertex   -4.772030e+00 -6.760426e+00 4.000000e+00
    endloop
  endfacet
  facet normal -4.018664e-01 -5.854175e-01 7.041234e-01
    outer loop
      vertex   -4.772030e+00 -6.760426e+00 4.000000e+00
      vertex   -5.205152e+00 -7.064490e+00 3.500000e+00
      vertex   -4.721673e+00 -7.396380e+00 3.500000e+00
    endloop
  endfacet
  facet normal -3.862061e-01 -5.888186e-01 7.100264e-01
    outer loop
      vertex   -4.772030e+00 -6.760426e+00 4.000000e+00
      vertex   -4.721673e+00 -7.396380e+00 3.500000e+00
      vertex   -4.299557e+00 -7.070321e+00 4.000000e+00
    endloop
  endfacet
  facet normal -3.619211e-01 -6.110426e-01 7.040170e-01
    outer loop
      vertex   -4.299557e+00 -7.070321e+00 4.000000e+00
      vertex   -4.721673e+00 -7.396380e+00 3.500000e+00
      vertex   -4.217105e+00 -7.695236e+00 3.500000e+00
    endloop
  endfacet
  facet normal -3.450722e-01 -6.137106e-01 7.101299e-01
    outer loop
      vertex   -4.299557e+00 -7.070321e+00 4.000000e+00
      vertex   -4.217105e+00 -7.695236e+00 3.500000e+00
      vertex   -3.807038e+00 -7.347250e+00 4.000000e+00
    endloop
  endfacet
  facet normal -3.203417e-01 -6.339348e-01 7.039231e-01
    outer loop
      vertex   -3.807038e+00 -7.347250e+00 4.000000e+00
      vertex   -4.217105e+00 -7.695236e+00 3.500000e+00
      vertex   -3.693703e+00 -7.959723e+00 3.500000e+00
    endloop
  endfacet
  facet normal -3.023475e-01 -6.357460e-01 7.102204e-01
    outer loop
      vertex   -3.807038e+00 -7.347250e+00 4.000000e+00
      vertex   -3.693703e+00 -7.959723e+00 3.500000e+00
      vertex   -3.296769e+00 -7.589924e+00 4.000000e+00
    endloop
  endfacet
  facet normal -2.773157e-01 -6.539899e-01 7.038417e-01
    outer loop
      vertex   -3.296769e+00 -7.589924e+00 4.000000e+00
      vertex   -3.693703e+00 -7.959723e+00 3.500000e+00
      vertex   -3.153803e+00 -8.188660e+00 3.500000e+00
    endloop
  endfacet
  facet normal -2.582291e-01 -6.548240e-01 7.102980e-01
    outer loop
      vertex   -3.296769e+00 -7.589924e+00 4.000000e+00
      vertex   -3.153803e+00 -8.188660e+00 3.500000e+00
      vertex   -2.771129e+00 -7.797209e+00 4.000000e+00
    endloop
  endfacet
  facet normal -2.330371e-01 -6.711166e-01 7.037728e-01
    outer loop
      vertex   -2.771129e+00 -7.797209e+00 4.000000e+00
      vertex   -3.153803e+00 -8.188660e+00 3.500000e+00
      vertex   -2.599818e+00 -8.381024e+00 3.500000e+00
    endloop
  endfacet
  facet normal -2.129206e-01 -6.708575e-01 7.103626e-01
    outer loop
      vertex   -2.771129e+00 -7.797209e+00 4.000000e+00
      vertex   -2.599818e+00 -8.381024e+00 3.500000e+00
      vertex   -2.232568e+00 -7.968141e+00 4.000000e+00
    endloop
  endfacet
  facet normal -1.877058e-01 -6.852370e-01 7.037164e-01
    outer loop
      vertex   -2.232568e+00 -7.968141e+00 4.000000e+00
      vertex   -2.599818e+00 -8.381024e+00 3.500000e+00
      vertex   -2.034222e+00 -8.535957e+00 3.500000e+00
    endloop
  endfacet
  facet normal -1.666309e-01 -6.837731e-01 7.104143e-01
    outer loop
      vertex   -2.232568e+00 -7.968141e+00 4.000000e+00
      vertex   -2.034222e+00 -8.535957e+00 3.500000e+00
      vertex   -1.683599e+00 -8.101921e+00 4.000000e+00
    endloop
  endfacet
  facet normal -1.415265e-01 -6.962867e-01 7.036726e-01
    outer loop
      vertex   -1.683599e+00 -8.101921e+00 4.000000e+00
      vertex   -2.034222e+00 -8.535957e+00 3.500000e+00
      vertex   -1.459540e+00 -8.652766e+00 3.500000e+00
    endloop
  endfacet
  facet normal -1.195735e-01 -6.935118e-01 7.104530e-01
    outer loop
      vertex   -1.683599e+00 -8.101921e+00 4.000000e+00
      vertex   -1.459540e+00 -8.652766e+00 3.500000e+00
      vertex   -1.126779e+00 -8.197926e+00 4.000000e+00
    endloop
  endfacet
  facet normal -9.470777e-02 -7.042155e-01 7.036412e-01
    outer loop
      vertex   -1.126779e+00 -8.197926e+00 4.000000e+00
      vertex   -1.459540e+00 -8.652766e+00 3.500000e+00
      vertex   -8.783397e-01 -8.730930e+00 3.500000e+00
    endloop
  endfacet
  facet normal -7.196518e-02 -7.000291e-01 7.104789e-01
    outer loop
      vertex   -1.126779e+00 -8.197926e+00 4.000000e+00
      vertex   -8.783397e-01 -8.730930e+00 3.500000e+00
      vertex   -5.647060e-01 -8.255709e+00 4.000000e+00
    endloop
  endfacet
  facet normal -4.746111e-02 -7.089872e-01 7.036224e-01
    outer loop
      vertex   -5.647060e-01 -8.255709e+00 4.000000e+00
      vertex   -8.783397e-01 -8.730930e+00 3.500000e+00
      vertex   -2.932164e-01 -8.770100e+00 3.500000e+00
    endloop
  endfacet
  facet normal -2.402529e-02 -7.032953e-01 7.104918e-01
    outer loop
      vertex   -5.647060e-01 -8.255709e+00 4.000000e+00
      vertex   -2.932164e-01 -8.770100e+00 3.500000e+00
      vertex   5.066976e-16 -8.275000e+00 4.000000e+00
    endloop
  endfacet
  facet normal 0.000000e+00 -7.105802e-01 7.036162e-01
    outer loop
      vertex   5.066976e-16 -8.275000e+00 4.000000e+00
      vertex   -2.932164e-01 -8.770100e+00 3.500000e+00
      vertex   2.932164e-01 -8.770100e+00 3.500000e+00
    endloop
  endfacet
  facet normal 2.402529e-02 -7.032953e-01 7.104918e-01
    outer loop
      vertex   5.066976e-16 -8.275000e+00 4.000000e+00
      vertex   2.932164e-01 -8.770100e+00 3.500000e+00
      vertex   5.647060e-01 -8.255709e+00 4.000000e+00
    endloop
  endfacet
  facet normal 4.746111e-02 -7.089872e-01 7.036224e-01
    outer loop
      vertex   5.647060e-01 -8.255709e+00 4.000000e+00
      vertex   2.932164e-01 -8.770100e+00 3.500000e+00
      vertex   8.783397e-01 -8.730930e+00 3.500000e+00
    endloop
  endfacet
  facet normal 7.196518e-02 -7.000291e-01 7.104789e-01
    outer loop
      vertex   5.647060e-01 -8.255709e+00 4.000000e+00
      vertex   8.783397e-01 -8.730930e+00 3.500000e+00
      vertex   1.126779e+00 -8.197926e+00 4.000000e+00
    endloop
  endfacet
  facet normal 9.470777e-02 -7.042155e-01 7.036412e-01
    outer loop
      vertex   1.126779e+00 -8.197926e+00 4.000000e+00
      vertex   8.783397e-01 -8.730930e+00 3.500000e+00
      vertex   1.459540e+00 -8.652766e+00 3.500000e+00
    endloop
  endfacet
  facet normal 1.195735e-01 -6.935118e-01 7.104530e-01
    outer loop
      vertex   1.126779e+00 -8.197926e+00 4.000000e+00
      vertex   1.459540e+00 -8.652766e+00 3.500000e+00
      vertex   1.683599e+00 -8.101921e+00 4.000000e+00
    endloop
  endfacet
  facet normal 1.415265e-01 -6.962867e-01 7.036726e-01
    outer loop
      vertex   1.683599e+00 -8.101921e+00 4.000000e+00
      vertex   1.459540e+00 -8.652766e+00 3.500000e+00
      vertex   2.034222e+00 -8.535957e+00 3.500000e+00
    endloop
  endfacet
  facet normal 1.666309e-01 -6.837731e-01 7.104143e-01
    outer loop
      vertex   1.683599e+00 -8.101921e+00 4.000000e+00
      vertex   2.034222e+00 -8.535957e+00 3.500000e+00
      vertex   2.232568e+00 -7.968141e+00 4.000000e+00
    endloop
  endfacet
  facet normal 1.877058e-01 -6.852370e-01 7.037164e-01
    outer loop
      vertex   2.232568e+00 -7.968141e+00 4.000000e+00
      vertex   2.034222e+00 -8.535957e+00 3.500000e+00
      vertex   2.599818e+00 -8.381024e+00 3.500000e+00
    endloop
  endfacet
  facet normal 2.129206e-01 -6.708575e-01 7.103626e-01
    outer loop
      vertex   2.232568e+00 -7.968141e+00 4.000000e+00
      vertex   2.599818e+00 -8.381024e+00 3.500000e+00
      vertex   2.771129e+00 -7.797209e+00 4.000000e+00
    endloop
  endfacet
  facet normal 2.330371e-01 -6.711166e-01 7.037728e-01
    outer loop
      vertex   2.771129e+00 -7.797209e+00 4.000000e+00
      vertex   2.599818e+00 -8.381024e+00 3.500000e+00
      vertex   3.153803e+00 -8.188660e+00 3.500000e+00
    endloop
  endfacet
  facet normal 2.582291e-01 -6.548240e-01 7.102980e-01
    outer loop
      vertex   2.771129e+00 -7.797209e+00 4.000000e+00
      vertex   3.153803e+00 -8.188660e+00 3.500000e+00
      vertex   3.296769e+00 -7.589924e+00 4.000000e+00
    endloop
  endfacet
  facet normal 2.773157e-01 -6.539899e-01 7.038417e-01
    outer loop
      vertex   3.296769e+00 -7.589924e+00 4.000000e+00
      vertex   3.153803e+00 -8.188660e+00 3.500000e+00
      vertex   3.693703e+00 -7.959723e+00 3.500000e+00
    endloop
  endfacet
  facet normal 3.023475e-01 -6.357460e-01 7.102204e-01
    outer loop
      vertex   3.296769e+00 -7.589924e+00 4.000000e+00
      vertex   3.693703e+00 -7.959723e+00 3.500000e+00
      vertex   3.807038e+00 -7.347250e+00 4.000000e+00
    endloop
  endfacet
  facet normal 3.203417e-01 -6.339348e-01 7.039231e-01
    outer loop
      vertex   3.807038e+00 -7.347250e+00 4.000000e+00
      vertex   3.693703e+00 -7.959723e+00 3.500000e+00
      vertex   4.217105e+00 -7.695236e+00 3.500000e+00
    endloop
  endfacet
  facet normal 3.450722e-01 -6.137106e-01 7.101299e-01
    outer loop
      vertex   3.807038e+00 -7.347250e+00 4.000000e+00
      vertex   4.217105e+00 -7.695236e+00 3.500000e+00
      vertex   4.299557e+00 -7.070321e+00 4.000000e+00
    endloop
  endfacet
  facet normal 3.619211e-01 -6.110426e-01 7.040170e-01
    outer loop
      vertex   4.299557e+00 -7.070321e+00 4.000000e+00
      vertex   4.217105e+00 -7.695236e+00 3.500000e+00
      vertex   4.721673e+00 -7.396380e+00 3.500000e+00
    endloop
  endfacet
  facet normal 3.862061e-01 -5.888186e-01 7.100264e-01
    outer loop
      vertex   4.299557e+00 -7.070321e+00 4.000000e+00
      vertex   4.721673e+00 -7.396380e+00 3.500000e+00
      vertex   4.772030e+00 -6.760426e+00 4.000000e+00
    endloop
  endfacet
  facet normal 4.018664e-01 -5.854175e-01 7.041234e-01
    outer loop
      vertex   4.772030e+00 -6.760426e+00 4.000000e+00
      vertex   4.721673e+00 -7.396380e+00 3.500000e+00
      vertex   5.205152e+00 -7.064490e+00 3.500000e+00
    endloop
  endfacet
  facet normal 4.255591e-01 -5.611838e-01 7.099100e-01
    outer loop
      vertex   4.772030e+00 -6.760426e+00 4.000000e+00
      vertex   5.205152e+00 -7.064490e+00 3.500000e+00
      vertex   5.222253e+00 -6.419011e+00 4.000000e+00
    endloop
  endfacet
  facet normal 4.399975e-01 -5.571760e-01 7.042422e-01
    outer loop
      vertex   5.222253e+00 -6.419011e+00 4.000000e+00
      vertex   5.205152e+00 -7.064490e+00 3.500000e+00
      vertex   5.665384e+00 -6.701048e+00 3.500000e+00
    endloop
  endfacet
  facet normal 4.629493e-01 -5.309327e-01 7.097805e-01
    outer loop
      vertex   5.222253e+00 -6.419011e+00 4.000000e+00
      vertex   5.665384e+00 -6.701048e+00 3.500000e+00
      vertex   5.648127e+00 -6.047668e+00 4.000000e+00
    endloop
  endfacet
  facet normal 4.761428e-01 -5.264466e-01 7.043735e-01
    outer loop
      vertex   5.648127e+00 -6.047668e+00 4.000000e+00
      vertex   5.665384e+00 -6.701048e+00 3.500000e+00
      vertex   6.100314e+00 -6.307678e+00 3.500000e+00
    endloop
  endfacet
  facet normal 4.982038e-01 -4.982038e-01 7.096380e-01
    outer loop
      vertex   5.648127e+00 -6.047668e+00 4.000000e+00
      vertex   6.100314e+00 -6.307678e+00 3.500000e+00
      vertex   6.047668e+00 -5.648127e+00 4.000000e+00
    endloop
  endfacet
  facet normal 5.101398e-01 -4.933690e-01 7.045172e-01
    outer loop
      vertex   6.047668e+00 -5.648127e+00 4.000000e+00
      vertex   6.100314e+00 -6.307678e+00 3.500000e+00
      vertex   6.507997e+00 -5.886136e+00 3.500000e+00
    endloop
  endfacet
  facet normal 5.311590e-01 -4.631467e-01 7.094824e-01
    outer loop
      vertex   6.047668e+00 -5.648127e+00 4.000000e+00
      vertex   6.507997e+00 -5.886136e+00 3.500000e+00
      vertex   6.419011e+00 -5.222253e+00 4.000000e+00
    endloop
  endfacet
  facet normal 5.418356e-01 -4.580936e-01 7.046732e-01
    outer loop
      vertex   6.419011e+00 -5.222253e+00 4.000000e+00
      vertex   6.507997e+00 -5.886136e+00 3.500000e+00
      vertex   6.886615e+00 -5.438305e+00 3.500000e+00
    endloop
  endfacet
  facet normal 5.616623e-01 -4.259220e-01 7.093137e-01
    outer loop
      vertex   6.419011e+00 -5.222253e+00 4.000000e+00
      vertex   6.886615e+00 -5.438305e+00 3.500000e+00
      vertex   6.760426e+00 -4.772030e+00 4.000000e+00
    endloop
  endfacet
  facet normal 5.710882e-01 -4.207807e-01 7.048417e-01
    outer loop
      vertex   6.760426e+00 -4.772030e+00 4.000000e+00
      vertex   6.886615e+00 -5.438305e+00 3.500000e+00
      vertex   7.234475e+00 -4.966186e+00 3.500000e+00
    endloop
  endfacet
  facet normal 5.895718e-01 -3.867001e-01 7.091320e-01
    outer loop
      vertex   6.760426e+00 -4.772030e+00 4.000000e+00
      vertex   7.234475e+00 -4.966186e+00 3.500000e+00
      vertex   7.070321e+00 -4.299557e+00 4.000000e+00
    endloop
  endfacet
  facet normal 5.977665e-01 -3.815999e-01 7.050225e-01
    outer loop
      vertex   7.070321e+00 -4.299557e+00 4.000000e+00
      vertex   7.234475e+00 -4.966186e+00 3.500000e+00
      vertex   7.550024e+00 -4.471886e+00 3.500000e+00
    endloop
  endfacet
  facet normal 6.147575e-01 -3.456609e-01 7.089371e-01
    outer loop
      vertex   7.070321e+00 -4.299557e+00 4.000000e+00
      vertex   7.550024e+00 -4.471886e+00 3.500000e+00
      vertex   7.347250e+00 -3.807038e+00 4.000000e+00
    endloop
  endfacet
  facet normal 6.217513e-01 -3.407291e-01 7.052156e-01
    outer loop
      vertex   7.347250e+00 -3.807038e+00 4.000000e+00
      vertex   7.550024e+00 -4.471886e+00 3.500000e+00
      vertex   7.831853e+00 -3.957614e+00 3.500000e+00
    endloop
  endfacet
  facet normal 6.371019e-01 -3.029923e-01 7.087290e-01
    outer loop
      vertex   7.347250e+00 -3.807038e+00 4.000000e+00
      vertex   7.831853e+00 -3.957614e+00 3.500000e+00
      vertex   7.589924e+00 -3.296769e+00 4.000000e+00
    endloop
  endfacet
  facet normal 6.429357e-01 -2.983538e-01 7.054210e-01
    outer loop
      vertex   7.589924e+00 -3.296769e+00 4.000000e+00
      vertex   7.831853e+00 -3.957614e+00 3.500000e+00
      vertex   8.078703e+00 -3.425666e+00 3.500000e+00
    endloop
  endfacet
  facet normal 6.565003e-01 -2.588901e-01 7.085077e-01
    outer loop
      vertex   7.589924e+00 -3.296769e+00 4.000000e+00
      vertex   8.078703e+00 -3.425666e+00 3.500000e+00
      vertex   7.797209e+00 -2.771129e+00 4.000000e+00
    endloop
  endfacet
  facet normal 6.612256e-01 -2.546663e-01 7.056386e-01
    outer loop
      vertex   7.797209e+00 -2.771129e+00 4.000000e+00
      vertex   8.078703e+00 -3.425666e+00 3.500000e+00
      vertex   8.289471e+00 -2.878418e+00 3.500000e+00
    endloop
  endfacet
  facet normal 6.728615e-01 -2.135566e-01 7.082732e-01
    outer loop
      vertex   7.797209e+00 -2.771129e+00 4.000000e+00
      vertex   8.289471e+00 -2.878418e+00 3.500000e+00
      vertex   7.968141e+00 -2.232568e+00 4.000000e+00
    endloop
  endfacet
  facet normal 6.765401e-01 -2.098647e-01 7.058684e-01
    outer loop
      vertex   7.968141e+00 -2.232568e+00 4.000000e+00
      vertex   8.289471e+00 -2.878418e+00 3.500000e+00
      vertex   8.463217e+00 -2.318315e+00 3.500000e+00
    endloop
  endfacet
  facet normal 6.861080e-01 -1.671999e-01 7.080254e-01
    outer loop
      vertex   7.968141e+00 -2.232568e+00 4.000000e+00
      vertex   8.463217e+00 -2.318315e+00 3.500000e+00
      vertex   8.101921e+00 -1.683599e+00 4.000000e+00
    endloop
  endfacet
  facet normal 6.888120e-01 -1.641522e-01 7.061105e-01
    outer loop
      vertex   8.101921e+00 -1.683599e+00 4.000000e+00
      vertex   8.463217e+00 -2.318315e+00 3.500000e+00
      vertex   8.599164e+00 -1.747857e+00 3.500000e+00
    endloop
  endfacet
  facet normal 6.961765e-01 -1.200330e-01 7.077643e-01
    outer loop
      vertex   8.101921e+00 -1.683599e+00 4.000000e+00
      vertex   8.599164e+00 -1.747857e+00 3.500000e+00
      vertex   8.197926e+00 -1.126779e+00 4.000000e+00
    endloop
  endfacet
  facet normal 6.979880e-01 -1.177359e-01 7.063647e-01
    outer loop
      vertex   8.197926e+00 -1.126779e+00 4.000000e+00
      vertex   8.599164e+00 -1.747857e+00 3.500000e+00
      vertex   8.696705e+00 -1.169593e+00 3.500000e+00
    endloop
  endfacet
  facet normal 7.030184e-01 -7.227248e-02 7.074898e-01
    outer loop
      vertex   8.197926e+00 -1.126779e+00 4.000000e+00
      vertex   8.696705e+00 -1.169593e+00 3.500000e+00
      vertex   8.255709e+00 -5.647060e-01 4.000000e+00
    endloop
  endfacet
  facet normal 7.040287e-01 -7.082594e-02 7.066309e-01
    outer loop
      vertex   8.255709e+00 -5.647060e-01 4.000000e+00
      vertex   8.696705e+00 -1.169593e+00 3.500000e+00
      vertex   8.755404e+00 -5.861054e-01 3.500000e+00
    endloop
  endfacet
  facet normal 7.065995e-01 -2.413816e-02 7.072019e-01
    outer loop
      vertex   8.255709e+00 -5.647060e-01 4.000000e+00
      vertex   8.755404e+00 -5.861054e-01 3.500000e+00
      vertex   8.275000e+00 0.000000e+00 4.000000e+00
    endloop
  endfacet
  facet normal 7.069093e-01 -2.363456e-02 7.069093e-01
    outer loop
      vertex   8.275000e+00 0.000000e+00 4.000000e+00
      vertex   8.755404e+00 -5.861054e-01 3.500000e+00
      vertex   8.775000e+00 0.000000e+00 3.500000e+00
    endloop
  endfacet
  facet normal 7.069093e-01 2.363456e-02 7.069093e-01
    outer loop
      vertex   8.275000e+00 0.000000e+00 4.000000e+00
      vertex   8.775000e+00 0.000000e+00 3.500000e+00
      vertex   8.755404e+00 5.861054e-01 3.500000e+00
    endloop
  endfacet
  facet normal 7.065995e-01 2.413816e-02 7.072019e-01
    outer loop
      vertex   8.275000e+00 0.000000e+00 4.000000e+00
      vertex   8.755404e+00 5.861054e-01 3.500000e+00
      vertex   8.255709e+00 5.647060e-01 4.000000e+00
    endloop
  endfacet
  facet normal 7.040287e-01 7.082594e-02 7.066309e-01
    outer loop
      vertex   8.255709e+00 5.647060e-01 4.000000e+00
      vertex   8.755404e+00 5.861054e-01 3.500000e+00
      vertex   8.696705e+00 1.169593e+00 3.500000e+00
    endloop
  endfacet
  facet normal 7.030184e-01 7.227248e-02 7.074898e-01
    outer loop
      vertex   8.255709e+00 5.647060e-01 4.000000e+00
      vertex   8.696705e+00 1.169593e+00 3.500000e+00
      vertex   8.197926e+00 1.126779e+00 4.000000e+00
    endloop
  endfacet
  facet normal 6.979880e-01 1.177359e-01 7.063647e-01
    outer loop
      vertex   8.197926e+00 1.126779e+00 4.000000e+00
      vertex   8.696705e+00 1.169593e+00 3.500000e+00
      vertex   8.599164e+00 1.747857e+00 3.500000e+00
    endloop
  endfacet
  facet normal 6.961765e-01 1.200330e-01 7.077643e-01
    outer loop
      vertex   8.197926e+00 1.126779e+00 4.000000e+00
      vertex   8.599164e+00 1.747857e+00 3.500000e+00
      vertex   8.101921e+00 1.683599e+00 4.000000e+00
    endloop
  endfacet
  facet normal 6.888120e-01 1.641522e-01 7.061105e-01
    outer loop
      vertex   8.101921e+00 1.683599e+00 4.000000e+00
      vertex   8.599164e+00 1.747857e+00 3.500000e+00
      vertex   8.463217e+00 2.318315e+00 3.500000e+00
    endloop
  endfacet
  facet normal 6.861080e-01 1.671999e-01 7.080254e-01
    outer loop
      vertex   8.101921e+00 1.683599e+00 4.000000e+00
      vertex   8.463217e+00 2.318315e+00 3.500000e+00
      vertex   7.968141e+00 2.232568e+00 4.000000e+00
    endloop
  endfacet
  facet normal 6.765401e-01 2.098647e-01 7.058684e-01
    outer loop
      vertex   7.968141e+00 2.232568e+00 4.000000e+00
      vertex   8.463217e+00 2.318315e+00 3.500000e+00
      vertex   8.289471e+00 2.878418e+00 3.500000e+00
    endloop
  endfacet
  facet normal 6.728615e-01 2.135566e-01 7.082732e-01
    outer loop
      vertex   7.968141e+00 2.232568e+00 4.000000e+00
      vertex   8.289471e+00 2.878418e+00 3.500000e+00
      vertex   7.797209e+00 2.771129e+00 4.000000e+00
    endloop
  endfacet
  facet normal 6.612256e-01 2.546663e-01 7.056386e-01
    outer loop
      vertex   7.797209e+00 2.771129e+00 4.000000e+00
      vertex   8.289471e+00 2.878418e+00 3.500000e+00
      vertex   8.078703e+00 3.425666e+00 3.500000e+00
    endloop
  endfacet
  facet normal 6.565003e-01 2.588901e-01 7.085077e-01
    outer loop
      vertex   7.797209e+00 2.771129e+00 4.000000e+00
      vertex   8.078703e+00 3.425666e+00 3.500000e+00
      vertex   7.589924e+00 3.296769e+00 4.000000e+00
    endloop
  endfacet
  facet normal 6.429357e-01 2.983538e-01 7.054210e-01
    outer loop
      vertex   7.589924e+00 3.296769e+00 4.000000e+00
      vertex   8.078703e+00 3.425666e+00 3.500000e+00
      vertex   7.831853e+00 3.957614e+00 3.500000e+00
    endloop
  endfacet
  facet normal 6.371019e-01 3.029923e-01 7.087290e-01
    outer loop
      vertex   7.589924e+00 3.296769e+00 4.000000e+00
      vertex   7.831853e+00 3.957614e+00 3.500000e+00
      vertex   7.347250e+00 3.807038e+00 4.000000e+00
    endloop
  endfacet
  facet normal 6.217513e-01 3.407291e-01 7.052156e-01
    outer loop
      vertex   7.347250e+00 3.807038e+00 4.000000e+00
      vertex   7.831853e+00 3.957614e+00 3.500000e+00
      vertex   7.550024e+00 4.471886e+00 3.500000e+00
    endloop
  endfacet
  facet normal 6.147575e-01 3.456609e-01 7.089371e-01
    outer loop
      vertex   7.347250e+00 3.807038e+00 4.000000e+00
      vertex   7.550024e+00 4.471886e+00 3.500000e+00
      vertex   7.070321e+00 4.299557e+00 4.000000e+00
    endloop
  endfacet
  facet normal 5.977665e-01 3.815999e-01 7.050225e-01
    outer loop
      vertex   7.070321e+00 4.299557e+00 4.000000e+00
      vertex   7.550024e+00 4.471886e+00 3.500000e+00
      vertex   7.234475e+00 4.966186e+00 3.500000e+00
    endloop
  endfacet
  facet normal 5.895718e-01 3.867001e-01 7.091320e-01
    outer loop
      vertex   7.070321e+00 4.299557e+00 4.000000e+00
      vertex   7.234475e+00 4.966186e+00 3.500000e+00
      vertex   6.760426e+00 4.772030e+00 4.000000e+00
    endloop
  endfacet
  facet normal 5.710882e-01 4.207807e-01 7.048417e-01
    outer loop
      vertex   6.760426e+00 4.772030e+00 4.000000e+00
      vertex   7.234475e+00 4.966186e+00 3.500000e+00
      vertex   6.886615e+00 5.438305e+00 3.500000e+00
    endloop
  endfacet
  facet normal 5.616623e-01 4.259220e-01 7.093137e-01
    outer loop
      vertex   6.760426e+00 4.772030e+00 4.000000e+00
      vertex   6.886615e+00 5.438305e+00 3.500000e+00
      vertex   6.419011e+00 5.222253e+00 4.000000e+00
    endloop
  endfacet
  facet normal 5.418356e-01 4.580936e-01 7.046732e-01
    outer loop
      vertex   6.419011e+00 5.222253e+00 4.000000e+00
      vertex   6.886615e+00 5.438305e+00 3.500000e+00
      vertex   6.507997e+00 5.886136e+00 3.500000e+00
    endloop
  endfacet
  facet normal 5.311590e-01 4.631467e-01 7.094824e-01
    outer loop
      vertex   6.419011e+00 5.222253e+00 4.000000e+00
      vertex   6.507997e+00 5.886136e+00 3.500000e+00
      vertex   6.047668e+00 5.648127e+00 4.000000e+00
    endloop
  endfacet
  facet normal 5.101398e-01 4.933690e-01 7.045172e-01
    outer loop
      vertex   6.047668e+00 5.648127e+00 4.000000e+00
      vertex   6.507997e+00 5.886136e+00 3.500000e+00
      vertex   6.100314e+00 6.307678e+00 3.500000e+00
    endloop
  endfacet
  facet normal 4.982038e-01 4.982038e-01 7.096380e-01
    outer loop
      vertex   6.047668e+00 5.648127e+00 4.000000e+00
      vertex   6.100314e+00 6.307678e+00 3.500000e+00
      vertex   5.648127e+00 6.047668e+00 4.000000e+00
    endloop
  endfacet
  facet normal 4.761428e-01 5.264466e-01 7.043735e-01
    outer loop
      vertex   5.648127e+00 6.047668e+00 4.000000e+00
      vertex   6.100314e+00 6.307678e+00 3.500000e+00
      vertex   5.665384e+00 6.701048e+00 3.500000e+00
    endloop
  endfacet
  facet normal 4.629493e-01 5.309327e-01 7.097805e-01
    outer loop
      vertex   5.648127e+00 6.047668e+00 4.000000e+00
      vertex   5.665384e+00 6.701048e+00 3.500000e+00
      vertex   5.222253e+00 6.419011e+00 4.000000e+00
    endloop
  endfacet
  facet normal 4.399975e-01 5.571760e-01 7.042422e-01
    outer loop
      vertex   5.222253e+00 6.419011e+00 4.000000e+00
      vertex   5.665384e+00 6.701048e+00 3.500000e+00
      vertex   5.205152e+00 7.064490e+00 3.500000e+00
    endloop
  endfacet
  facet normal 4.255591e-01 5.611838e-01 7.099100e-01
    outer loop
      vertex   5.222253e+00 6.419011e+00 4.000000e+00
      vertex   5.205152e+00 7.064490e+00 3.500000e+00
      vertex   4.772030e+00 6.760426e+00 4.000000e+00
    endloop
  endfacet
  facet normal 4.018664e-01 5.854175e-01 7.041234e-01
    outer loop
      vertex   4.772030e+00 6.760426e+00 4.000000e+00
      vertex   5.205152e+00 7.064490e+00 3.500000e+00
      vertex   4.721673e+00 7.396380e+00 3.500000e+00
    endloop
  endfacet
  facet normal 3.862061e-01 5.888186e-01 7.100264e-01
    outer loop
      vertex   4.772030e+00 6.760426e+00 4.000000e+00
      vertex   4.721673e+00 7.396380e+00 3.500000e+00
      vertex   4.299557e+00 7.070321e+00 4.000000e+00
    endloop
  endfacet
  facet normal 3.619211e-01 6.110426e-01 7.040170e-01
    outer loop
      vertex   4.299557e+00 7.070321e+00 4.000000e+00
      vertex   4.721673e+00 7.396380e+00 3.500000e+00
      vertex   4.217105e+00 7.695236e+00 3.500000e+00
    endloop
  endfacet
  facet normal 3.450722e-01 6.137106e-01 7.101299e-01
    outer loop
      vertex   4.299557e+00 7.070321e+00 4.000000e+00
      vertex   4.217105e+00 7.695236e+00 3.500000e+00
      vertex   3.807038e+00 7.347250e+00 4.000000e+00
    endloop
  endfacet
  facet normal 3.203417e-01 6.339348e-01 7.039231e-01
    outer loop
      vertex   3.807038e+00 7.347250e+00 4.000000e+00
      vertex   4.217105e+00 7.695236e+00 3.500000e+00
      vertex   3.693703e+00 7.959723e+00 3.500000e+00
    endloop
  endfacet
  facet normal 3.023475e-01 6.357460e-01 7.102204e-01
    outer loop
      vertex   3.807038e+00 7.347250e+00 4.000000e+00
      vertex   3.693703e+00 7.959723e+00 3.500000e+00
      vertex   3.296769e+00 7.589924e+00 4.000000e+00
    endloop
  endfacet
  facet normal 2.773157e-01 6.539899e-01 7.038417e-01
    outer loop
      vertex   3.296769e+00 7.589924e+00 4.000000e+00
      vertex   3.693703e+00 7.959723e+00 3.500000e+00
      vertex   3.153803e+00 8.188660e+00 3.500000e+00
    endloop
  endfacet
  facet normal 2.582291e-01 6.548240e-01 7.102980e-01
    outer loop
      vertex   3.296769e+00 7.589924e+00 4.000000e+00
      vertex   3.153803e+00 8.188660e+00 3.500000e+00
      vertex   2.771129e+00 7.797209e+00 4.000000e+00
    endloop
  endfacet
  facet normal 2.330371e-01 6.711166e-01 7.037728e-01
    outer loop
      vertex   2.771129e+00 7.797209e+00 4.000000e+00
      vertex   3.153803e+00 8.188660e+00 3.500000e+00
      vertex   2.599818e+00 8.381024e+00 3.500000e+00
    endloop
  endfacet
  facet normal 2.129206e-01 6.708575e-01 7.103626e-01
    outer loop
      vertex   2.771129e+00 7.797209e+00 4.000000e+00
      vertex   2.599818e+00 8.381024e+00 3.500000e+00
      vertex   2.232568e+00 7.968141e+00 4.000000e+00
    endloop
  endfacet
  facet normal 1.877058e-01 6.852370e-01 7.037164e-01
    outer loop
      vertex   2.232568e+00 7.968141e+00 4.000000e+00
      vertex   2.599818e+00 8.381024e+00 3.500000e+00
      vertex   2.034222e+00 8.535957e+00 3.500000e+00
    endloop
  endfacet
  facet normal 1.666309e-01 6.837731e-01 7.104143e-01
    outer loop
      vertex   2.232568e+00 7.968141e+00 4.000000e+00
      vertex   2.034222e+00 8.535957e+00 3.500000e+00
      vertex   1.683599e+00 8.101921e+00 4.000000e+00
    endloop
  endfacet
  facet normal 1.415265e-01 6.962867e-01 7.036726e-01
    outer loop
      vertex   1.683599e+00 8.101921e+00 4.000000e+00
      vertex   2.034222e+00 8.535957e+00 3.500000e+00
      vertex   1.459540e+00 8.652766e+00 3.500000e+00
    endloop
  endfacet
  facet normal 1.195735e-01 6.935118e-01 7.104530e-01
    outer loop
      vertex   1.683599e+00 8.101921e+00 4.000000e+00
      vertex   1.459540e+00 8.652766e+00 3.500000e+00
      vertex   1.126779e+00 8.197926e+00 4.000000e+00
    endloop
  endfacet
  facet normal 9.470777e-02 7.042155e-01 7.036412e-01
    outer loop
      vertex   1.126779e+00 8.197926e+00 4.000000e+00
      vertex   1.459540e+00 8.652766e+00 3.500000e+00
      vertex   8.783397e-01 8.730930e+00 3.500000e+00
    endloop
  endfacet
  facet normal 7.196518e-02 7.000291e-01 7.104789e-01
    outer loop
      vertex   1.126779e+00 8.197926e+00 4.000000e+00
      vertex   8.783397e-01 8.730930e+00 3.500000e+00
      vertex   5.647060e-01 8.255709e+00 4.000000e+00
    endloop
  endfacet
  facet normal 4.746111e-02 7.089872e-01 7.036224e-01
    outer loop
      vertex   5.647060e-01 8.255709e+00 4.000000e+00
      vertex   8.783397e-01 8.730930e+00 3.500000e+00
      vertex   2.932164e-01 8.770100e+00 3.500000e+00
    endloop
  endfacet
  facet normal 2.402529e-02 7.032953e-01 7.104918e-01
    outer loop
      vertex   5.647060e-01 8.255709e+00 4.000000e+00
      vertex   2.932164e-01 8.770100e+00 3.500000e+00
      vertex   5.066976e-16 8.275000e+00 4.000000e+00
    endloop
  endfacet
  facet normal 0.000000e+00 7.105802e-01 7.036162e-01
    outer loop
      vertex   5.066976e-16 8.275000e+00 4.000000e+00
      vertex   2.932164e-01 8.770100e+00 3.500000e+00
      vertex   -2.932164e-01 8.770100e+00 3.500000e+00
    endloop
  endfacet
  facet normal -2.402529e-02 7.032953e-01 7.104918e-01
    outer loop
      vertex   5.066976e-16 8.275000e+00 4.000000e+00
      vertex   -2.932164e-01 8.770100e+00 3.500000e+00
      vertex   -5.647060e-01 8.255709e+00 4.000000e+00
    endloop
  endfacet
  facet normal -4.746111e-02 7.089872e-01 7.036224e-01
    outer loop
      vertex   -5.647060e-01 8.255709e+00 4.000000e+00
      vertex   -2.932164e-01 8.770100e+00 3.500000e+00
      vertex   -8.783397e-01 8.730930e+00 3.500000e+00
    endloop
  endfacet
  facet normal -7.196518e-02 7.000291e-01 7.104789e-01
    outer loop
      vertex   -5.647060e-01 8.255709e+00 4.000000e+00
      vertex   -8.783397e-01 8.730930e+00 3.500000e+00
      vertex   -1.126779e+00 8.197926e+00 4.000000e+00
    endloop
  endfacet
  facet normal -9.470777e-02 7.042155e-01 7.036412e-01
    outer loop
      vertex   -1.126779e+00 8.197926e+00 4.000000e+00
      vertex   -8.783397e-01 8.730930e+00 3.500000e+00
      vertex   -1.459540e+00 8.652766e+00 3.500000e+00
    endloop
  endfacet
  facet normal -1.195735e-01 6.935118e-01 7.104530e-01
    outer loop
      vertex   -1.126779e+00 8.197926e+00 4.000000e+00
      vertex   -1.459540e+00 8.652766e+00 3.500000e+00
      vertex   -1.683599e+00 8.101921e+00 4.000000e+00
    endloop
  endfacet
  facet normal -1.415265e-01 6.962867e-01 7.036726e-01
    outer loop
      vertex   -1.683599e+00 8.101921e+00 4.000000e+00
      vertex   -1.459540e+00 8.652766e+00 3.500000e+00
      vertex   -2.034222e+00 8.535957e+00 3.500000e+00
    endloop
  endfacet
  facet normal -1.666309e-01 6.837731e-01 7.104143e-01
    outer loop
      vertex   -1.683599e+00 8.101921e+00 4.000000e+00
      vertex   -2.034222e+00 8.535957e+00 3.500000e+00
      vertex   -2.232568e+00 7.968141e+00 4.000000e+00
    endloop
  endfacet
  facet normal -1.877058e-01 6.852370e-01 7.037164e-01
    outer loop
      vertex   -2.232568e+00 7.968141e+00 4.000000e+00
      vertex   -2.034222e+00 8.535957e+00 3.500000e+00
      vertex   -2.599818e+00 8.381024e+00 3.500000e+00
    endloop
  endfacet
  facet normal -2.129206e-01 6.708575e-01 7.103626e-01
    outer loop
      vertex   -2.232568e+00 7.968141e+00 4.000000e+00
      vertex   -2.599818e+00 8.381024e+00 3.500000e+00
      vertex   -2.771129e+00 7.797209e+00 4.000000e+00
    endloop
  endfacet
  facet normal -2.330371e-01 6.711166e-01 7.037728e-01
    outer loop
      vertex   -2.771129e+00 7.797209e+00 4.000000e+00
      vertex   -2.599818e+00 8.381024e+00 3.500000e+00
      vertex   -3.153803e+00 8.188660e+00 3.500000e+00
    endloop
  endfacet
  facet normal -2.582291e-01 6.548240e-01 7.102980e-01
    outer loop
      vertex   -2.771129e+00 7.797209e+00 4.000000e+00
      vertex   -3.153803e+00 8.188660e+00 3.500000e+00
      vertex   -3.296769e+00 7.589924e+00 4.000000e+00
    endloop
  endfacet
  facet normal -2.773157e-01 6.539899e-01 7.038417e-01
    outer loop
      vertex   -3.296769e+00 7.589924e+00 4.000000e+00
      vertex   -3.153803e+00 8.188660e+00 3.500000e+00
      vertex   -3.693703e+00 7.959723e+00 3.500000e+00
    endloop
  endfacet
  facet normal -3.023475e-01 6.357460e-01 7.102204e-01
    outer loop
      vertex   -3.296769e+00 7.589924e+00 4.000000e+00
      vertex   -3.693703e+00 7.959723e+00 3.500000e+00
      vertex   -3.807038e+00 7.347250e+00 4.000000e+00
    endloop
  endfacet
  facet normal -3.203417e-01 6.339348e-01 7.039231e-01
    outer loop
      vertex   -3.807038e+00 7.347250e+00 4.000000e+00
      vertex   -3.693703e+00 7.959723e+00 3.500000e+00
      vertex   -4.217105e+00 7.695236e+00 3.500000e+00
    endloop
  endfacet
  facet normal -3.450722e-01 6.137106e-01 7.101299e-01
    outer loop
      vertex   -3.807038e+00 7.347250e+00 4.000000e+00
      vertex   -4.217105e+00 7.695236e+00 3.500000e+00
      vertex   -4.299557e+00 7.070321e+00 4.000000e+00
    endloop
  endfacet
  facet normal -3.619211e-01 6.110426e-01 7.040170e-01
    outer loop
      vertex   -4.299557e+00 7.070321e+00 4.000000e+00
      vertex   -4.217105e+00 7.695236e+00 3.500000e+00
      vertex   -4.721673e+00 7.396380e+00 3.500000e+00
    endloop
  endfacet
  facet normal -3.862061e-01 5.888186e-01 7.100264e-01
    outer loop
      vertex   -4.299557e+00 7.070321e+00 4.000000e+00
      vertex   -4.721673e+00 7.396380e+00 3.500000e+00
      vertex   -4.772030e+00 6.760426e+00 4.000000e+00
    endloop
  endfacet
  facet normal -4.018664e-01 5.854175e-01 7.041234e-01
    outer loop
      vertex   -4.772030e+00 6.760426e+00 4.000000e+00
      vertex   -4.721673e+00 7.396380e+00 3.500000e+00
      vertex   -5.205152e+00 7.064490e+00 3.500000e+00
    endloop
  endfacet
  facet normal -4.255591e-01 5.611838e-01 7.099100e-01
    outer loop
      vertex   -4.772030e+00 6.760426e+00 4.000000e+00
      vertex   -5.205152e+00 7.064490e+00 3.500000e+00
      vertex   -5.222253e+00 6.419011e+00 4.000000e+00
    endloop
  endfacet
  facet normal -4.399975e-01 5.571760e-01 7.042422e-01
    outer loop
      vertex   -5.222253e+00 6.419011e+00 4.000000e+00
      vertex   -5.205152e+00 7.064490e+00 3.500000e+00
      vertex   -5.665384e+00 6.701048e+00 3.500000e+00
    endloop
  endfacet
  facet normal -4.629493e-01 5.309327e-01 7.097805e-01
    outer loop
      vertex   -5.222253e+00 6.419011e+00 4.000000e+00
      vertex   -5.665384e+00 6.701048e+00 3.500000e+00
      vertex   -5.648127e+00 6.047668e+00 4.000000e+00
    endloop
  endfacet
  facet normal -4.761428e-01 5.264466e-01 7.043735e-01
    outer loop
      vertex   -5.648127e+00 6.047668e+00 4.000000e+00
      vertex   -5.665384e+00 6.701048e+00 3.500000e+00
      vertex   -6.100314e+00 6.307678e+00 3.500000e+00
    endloop
  endfacet
  facet normal -4.982038e-01 4.982038e-01 7.096380e-01
    outer loop
      vertex   -5.648127e+00 6.047668e+00 4.000000e+00
      vertex   -6.100314e+00 6.307678e+00 3.500000e+00
      vertex   -6.047668e+00 5.648127e+00 4.000000e+00
    endloop
  endfacet
  facet normal -5.101398e-01 4.933690e-01 7.045172e-01
    outer loop
      vertex   -6.047668e+00 5.648127e+00 4.000000e+00
      vertex   -6.100314e+00 6.307678e+00 3.500000e+00
      vertex   -6.507997e+00 5.886136e+00 3.500000e+00
    endloop
  endfacet
  facet normal -5.311590e-01 4.631467e-01 7.094824e-01
    outer loop
      vertex   -6.047668e+00 5.648127e+00 4.000000e+00
      vertex   -6.507997e+00 5.886136e+00 3.500000e+00
      vertex   -6.419011e+00 5.222253e+00 4.000000e+00
    endloop
  endfacet
  facet normal -5.418356e-01 4.580936e-01 7.046732e-01
    outer loop
      vertex   -6.419011e+00 5.222253e+00 4.000000e+00
      vertex   -6.507997e+00 5.886136e+00 3.500000e+00
      vertex   -6.886615e+00 5.438305e+00 3.500000e+00
    endloop
  endfacet
  facet normal -5.616623e-01 4.259220e-01 7.093137e-01
    outer loop
      vertex   -6.419011e+00 5.222253e+00 4.000000e+00
      vertex   -6.886615e+00 5.438305e+00 3.500000e+00
      vertex   -6.760426e+00 4.772030e+00 4.000000e+00
    endloop
  endfacet
  facet normal -5.710882e-01 4.207807e-01 7.048417e-01
    outer loop
      vertex   -6.760426e+00 4.772030e+00 4.000000e+00
      vertex   -6.886615e+00 5.438305e+00 3.500000e+00
      vertex   -7.234475e+00 4.966186e+00 3.500000e+00
    endloop
  endfacet
  facet normal -5.895718e-01 3.867001e-01 7.091320e-01
    outer loop
      vertex   -6.760426e+00 4.772030e+00 4.000000e+00
      vertex   -7.234475e+00 4.966186e+00 3.500000e+00
      vertex   -7.070321e+00 4.299557e+00 4.000000e+00
    endloop
  endfacet
  facet normal -5.977665e-01 3.815999e-01 7.050225e-01
    outer loop
      vertex   -7.070321e+00 4.299557e+00 4.000000e+00
      vertex   -7.234475e+00 4.966186e+00 3.500000e+00
      vertex   -7.550024e+00 4.471886e+00 3.500000e+00
    endloop
  endfacet
  facet normal -6.147575e-01 3.456609e-01 7.089371e-01
    outer loop
      vertex   -7.070321e+00 4.299557e+00 4.000000e+00
      vertex   -7.550024e+00 4.471886e+00 3.500000e+00
      vertex   -7.347250e+00 3.807038e+00 4.000000e+00
    endloop
  endfacet
  facet normal -6.217513e-01 3.407291e-01 7.052156e-01
    outer loop
      vertex   -7.347250e+00 3.807038e+00 4.000000e+00
      vertex   -7.550024e+00 4.471886e+00 3.500000e+00
      vertex   -7.831853e+00 3.957614e+00 3.500000e+00
    endloop
  endfacet
  facet normal -6.371019e-01 3.029923e-01 7.087290e-01
    outer loop
      vertex   -7.347250e+00 3.807038e+00 4.000000e+00
      vertex   -7.831853e+00 3.957614e+00 3.500000e+00
      vertex   -7.589924e+00 3.296769e+00 4.000000e+00
    endloop
  endfacet
  facet normal -6.429357e-01 2.983538e-01 7.054210e-01
    outer loop
      vertex   -7.589924e+00 3.296769e+00 4.000000e+00
      vertex   -7.831853e+00 3.957614e+00 3.500000e+00
      vertex   -8.078703e+00 3.425666e+00 3.500000e+00
    endloop
  endfacet
  facet normal -6.565003e-01 2.588901e-01 7.085077e-01
    outer loop
      vertex   -7.589924e+00 3.296769e+00 4.000000e+00
      vertex   -8.078703e+00 3.425666e+00 3.500000e+00
      vertex   -7.797209e+00 2.771129e+00 4.000000e+00
    endloop
  endfacet
  facet normal -6.612256e-01 2.546663e-01 7.056386e-01
    outer loop
      vertex   -7.797209e+00 2.771129e+00 4.000000e+00
      vertex   -8.078703e+00 3.425666e+00 3.500000e+00
      vertex   -8.289471e+00 2.878418e+00 3.500000e+00
    endloop
  endfacet
  facet normal -6.728615e-01 2.135566e-01 7.082732e-01
    outer loop
      vertex   -7.797209e+00 2.771129e+00 4.000000e+00
      vertex   -8.289471e+00 2.878418e+00 3.500000e+00
      vertex   -7.968141e+00 2.232568e+00 4.000000e+00
    endloop
  endfacet
  facet normal -6.765401e-01 2.098647e-01 7.058684e-01
    outer loop
      vertex   -7.968141e+00 2.232568e+00 4.000000e+00
      vertex   -8.289471e+00 2.878418e+00 3.500000e+00
      vertex   -8.463217e+00 2.318315e+00 3.500000e+00
    endloop
  endfacet
  facet normal -6.861080e-01 1.671999e-01 7.080254e-01
    outer loop
      vertex   -7.968141e+00 2.232568e+00 4.000000e+00
      vertex   -8.463217e+00 2.318315e+00 3.500000e+00
      vertex   -8.101921e+00 1.683599e+00 4.000000e+00
    endloop
  endfacet
  facet normal -6.888120e-01 1.641522e-01 7.061105e-01
    outer loop
      vertex   -8.101921e+00 1.683599e+00 4.000000e+00
      vertex   -8.463217e+00 2.318315e+00 3.500000e+00
      vertex   -8.599164e+00 1.747857e+00 3.500000e+00
    endloop
  endfacet
  facet normal -6.961765e-01 1.200330e-01 7.077643e-01
    outer loop
      vertex   -8.101921e+00 1.683599e+00 4.000000e+00
      vertex   -8.599164e+00 1.747857e+00 3.500000e+00
      vertex   -8.197926e+00 1.126779e+00 4.000000e+00
    endloop
  endfacet
  facet normal -6.979880e-01 1.177359e-01 7.063647e-01
    outer loop
      vertex   -8.197926e+00 1.126779e+00 4.000000e+00
      vertex   -8.599164e+00 1.747857e+00 3.500000e+00
      vertex   -8.696705e+00 1.169593e+00 3.500000e+00
    endloop
  endfacet
  facet normal -7.030184e-01 7.227248e-02 7.074898e-01
    outer loop
      vertex   -8.197926e+00 1.126779e+00 4.000000e+00
      vertex   -8.696705e+00 1.169593e+00 3.500000e+00
      vertex   -8.255709e+00 5.647060e-01 4.000000e+00
    endloop
  endfacet
  facet normal -7.040287e-01 7.082594e-02 7.066309e-01
    outer loop
      vertex   -8.255709e+00 5.647060e-01 4.000000e+00
      vertex   -8.696705e+00 1.169593e+00 3.500000e+00
      vertex   -8.755404e+00 5.861054e-01 3.500000e+00
    endloop
  endfacet
  facet normal -7.065995e-01 2.413816e-02 7.072019e-01
    outer loop
      vertex   -8.255709e+00 5.647060e-01 4.000000e+00
      vertex   -8.755404e+00 5.861054e-01 3.500000e+00
      vertex   -8.275000e+00 1.013395e-15 4.000000e+00
    endloop
  endfacet
  facet normal -9.994416e-01 -3.341498e-02 0.000000e+00
    outer loop
      vertex   -8.755404e+00 -5.861054e-01 1.850000e+00
      vertex   -8.755404e+00 -5.861054e-01 3.500000e+00
      vertex   -8.775000e+00 -1.074628e-15 1.850000e+00
    endloop
  endfacet
  facet normal -9.994416e-01 -3.341498e-02 0.000000e+00
    outer loop
      vertex   -8.775000e+00 -1.074628e-15 1.850000e+00
      vertex   -8.755404e+00 -5.861054e-01 3.500000e+00
      vertex   -8.775000e+00 -1.074628e-15 3.500000e+00
    endloop
  endfacet
  facet normal -9.994416e-01 3.341498e-02 0.000000e+00
    outer loop
      vertex   -8.775000e+00 -1.074628e-15 1.850000e+00
      vertex   -8.775000e+00 -1.074628e-15 3.500000e+00
      vertex   -8.755404e+00 5.861054e-01 1.850000e+00
    endloop
  endfacet
  facet normal -9.994416e-01 3.341498e-02 0.000000e+00
    outer loop
      vertex   -8.755404e+00 5.861054e-01 1.850000e+00
      vertex   -8.775000e+00 -1.074628e-15 3.500000e+00
      vertex   -8.755404e+00 5.861054e-01 3.500000e+00
    endloop
  endfacet
  facet normal -9.949778e-01 1.000957e-01 0.000000e+00
    outer loop
      vertex   -8.755404e+00 5.861054e-01 1.850000e+00
      vertex   -8.755404e+00 5.861054e-01 3.500000e+00
      vertex   -8.696705e+00 1.169593e+00 1.850000e+00
    endloop
  endfacet
  facet normal -9.949778e-01 1.000957e-01 0.000000e+00
    outer loop
      vertex   -8.696705e+00 1.169593e+00 1.850000e+00
      vertex   -8.755404e+00 5.861054e-01 3.500000e+00
      vertex   -8.696705e+00 1.169593e+00 3.500000e+00
    endloop
  endfacet
  facet normal -9.860703e-01 1.663294e-01 0.000000e+00
    outer loop
      vertex   -8.696705e+00 1.169593e+00 1.850000e+00
      vertex   -8.696705e+00 1.169593e+00 3.500000e+00
      vertex   -8.599164e+00 1.747857e+00 1.850000e+00
    endloop
  endfacet
  facet normal -9.860703e-01 1.663294e-01 0.000000e+00
    outer loop
      vertex   -8.599164e+00 1.747857e+00 1.850000e+00
      vertex   -8.696705e+00 1.169593e+00 3.500000e+00
      vertex   -8.599164e+00 1.747857e+00 3.500000e+00
    endloop
  endfacet
  facet normal -9.727587e-01 2.318202e-01 0.000000e+00
    outer loop
      vertex   -8.599164e+00 1.747857e+00 1.850000e+00
      vertex   -8.599164e+00 1.747857e+00 3.500000e+00
      vertex   -8.463217e+00 2.318315e+00 1.850000e+00
    endloop
  endfacet
  facet normal -9.727587e-01 2.318202e-01 0.000000e+00
    outer loop
      vertex   -8.463217e+00 2.318315e+00 1.850000e+00
      vertex   -8.599164e+00 1.747857e+00 3.500000e+00
      vertex   -8.463217e+00 2.318315e+00 3.500000e+00
    endloop
  endfacet
  facet normal -9.551025e-01 2.962756e-01 0.000000e+00
    outer loop
      vertex   -8.463217e+00 2.318315e+00 1.850000e+00
      vertex   -8.463217e+00 2.318315e+00 3.500000e+00
      vertex   -8.289471e+00 2.878418e+00 1.850000e+00
    endloop
  endfacet
  facet normal -9.551025e-01 2.962756e-01 0.000000e+00
    outer loop
      vertex   -8.289471e+00 2.878418e+00 1.850000e+00
      vertex   -8.463217e+00 2.318315e+00 3.500000e+00
      vertex   -8.289471e+00 2.878418e+00 3.500000e+00
    endloop
  endfacet
  facet normal -9.331806e-01 3.594078e-01 0.000000e+00
    outer loop
      vertex   -8.289471e+00 2.878418e+00 1.850000e+00
      vertex   -8.289471e+00 2.878418e+00 3.500000e+00
      vertex   -8.078703e+00 3.425666e+00 1.850000e+00
    endloop
  endfacet
  facet normal -9.331806e-01 3.594078e-01 0.000000e+00
    outer loop
      vertex   -8.078703e+00 3.425666e+00 1.850000e+00
      vertex   -8.289471e+00 2.878418e+00 3.500000e+00
      vertex   -8.078703e+00 3.425666e+00 3.500000e+00
    endloop
  endfacet
  facet normal -9.070909e-01 4.209348e-01 0.000000e+00
    outer loop
      vertex   -8.078703e+00 3.425666e+00 1.850000e+00
      vertex   -8.078703e+00 3.425666e+00 3.500000e+00
      vertex   -7.831853e+00 3.957614e+00 1.850000e+00
    endloop
  endfacet
  facet normal -9.070909e-01 4.209348e-01 0.000000e+00
    outer loop
      vertex   -7.831853e+00 3.957614e+00 1.850000e+00
      vertex   -8.078703e+00 3.425666e+00 3.500000e+00
      vertex   -7.831853e+00 3.957614e+00 3.500000e+00
    endloop
  endfacet
  facet normal -8.769499e-01 4.805818e-01 0.000000e+00
    outer loop
      vertex   -7.831853e+00 3.957614e+00 1.850000e+00
      vertex   -7.831853e+00 3.957614e+00 3.500000e+00
      vertex   -7.550024e+00 4.471886e+00 1.850000e+00
    endloop
  endfacet
  facet normal -8.769499e-01 4.805818e-01 0.000000e+00
    outer loop
      vertex   -7.550024e+00 4.471886e+00 1.850000e+00
      vertex   -7.831853e+00 3.957614e+00 3.500000e+00
      vertex   -7.550024e+00 4.471886e+00 3.500000e+00
    endloop
  endfacet
  facet normal -8.428923e-01 5.380824e-01 0.000000e+00
    outer loop
      vertex   -7.550024e+00 4.471886e+00 1.850000e+00
      vertex   -7.550024e+00 4.471886e+00 3.500000e+00
      vertex   -7.234475e+00 4.966186e+00 1.850000e+00
    endloop
  endfacet
  facet normal -8.428923e-01 5.380824e-01 0.000000e+00
    outer loop
      vertex   -7.234475e+00 4.966186e+00 1.850000e+00
      vertex   -7.550024e+00 4.471886e+00 3.500000e+00
      vertex   -7.234475e+00 4.966186e+00 3.500000e+00
    endloop
  endfacet
  facet normal -8.050701e-01 5.931797e-01 0.000000e+00
    outer loop
      vertex   -7.234475e+00 4.966186e+00 1.850000e+00
      vertex   -7.234475e+00 4.966186e+00 3.500000e+00
      vertex   -6.886615e+00 5.438305e+00 1.850000e+00
    endloop
  endfacet
  facet normal -8.050701e-01 5.931797e-01 0.000000e+00
    outer loop
      vertex   -6.886615e+00 5.438305e+00 1.850000e+00
      vertex   -7.234475e+00 4.966186e+00 3.500000e+00
      vertex   -6.886615e+00 5.438305e+00 3.500000e+00
    endloop
  endfacet
  facet normal -7.636522e-01 6.456279e-01 0.000000e+00
    outer loop
      vertex   -6.886615e+00 5.438305e+00 1.850000e+00
      vertex   -6.886615e+00 5.438305e+00 3.500000e+00
      vertex   -6.507997e+00 5.886136e+00 1.850000e+00
    endloop
  endfacet
  facet normal -7.636522e-01 6.456279e-01 0.000000e+00
    outer loop
      vertex   -6.507997e+00 5.886136e+00 1.850000e+00
      vertex   -6.886615e+00 5.438305e+00 3.500000e+00
      vertex   -6.507997e+00 5.886136e+00 3.500000e+00
    endloop
  endfacet
  facet normal -7.188237e-01 6.951924e-01 0.000000e+00
    outer loop
      vertex   -6.507997e+00 5.886136e+00 1.850000e+00
      vertex   -6.507997e+00 5.886136e+00 3.500000e+00
      vertex   -6.100314e+00 6.307678e+00 1.850000e+00
    endloop
  endfacet
  facet normal -7.188237e-01 6.951924e-01 0.000000e+00
    outer loop
      vertex   -6.100314e+00 6.307678e+00 1.850000e+00
      vertex   -6.507997e+00 5.886136e+00 3.500000e+00
      vertex   -6.100314e+00 6.307678e+00 3.500000e+00
    endloop
  endfacet
  facet normal -6.707847e-01 7.416521e-01 0.000000e+00
    outer loop
      vertex   -6.100314e+00 6.307678e+00 1.850000e+00
      vertex   -6.100314e+00 6.307678e+00 3.500000e+00
      vertex   -5.665384e+00 6.701048e+00 1.850000e+00
    endloop
  endfacet
  facet normal -6.707847e-01 7.416521e-01 0.000000e+00
    outer loop
      vertex   -5.665384e+00 6.701048e+00 1.850000e+00
      vertex   -6.100314e+00 6.307678e+00 3.500000e+00
      vertex   -5.665384e+00 6.701048e+00 3.500000e+00
    endloop
  endfacet
  facet normal -6.197499e-01 7.847994e-01 0.000000e+00
    outer loop
      vertex   -5.665384e+00 6.701048e+00 1.850000e+00
      vertex   -5.665384e+00 6.701048e+00 3.500000e+00
      vertex   -5.205152e+00 7.064490e+00 1.850000e+00
    endloop
  endfacet
  facet normal -6.197499e-01 7.847994e-01 0.000000e+00
    outer loop
      vertex   -5.205152e+00 7.064490e+00 1.850000e+00
      vertex   -5.665384e+00 6.701048e+00 3.500000e+00
      vertex   -5.205152e+00 7.064490e+00 3.500000e+00
    endloop
  endfacet
  facet normal -5.659471e-01 8.244416e-01 0.000000e+00
    outer loop
      vertex   -5.205152e+00 7.064490e+00 1.850000e+00
      vertex   -5.205152e+00 7.064490e+00 3.500000e+00
      vertex   -4.721673e+00 7.396380e+00 1.850000e+00
    endloop
  endfacet
  facet normal -5.659471e-01 8.244416e-01 0.000000e+00
    outer loop
      vertex   -4.721673e+00 7.396380e+00 1.850000e+00
      vertex   -5.205152e+00 7.064490e+00 3.500000e+00
      vertex   -4.721673e+00 7.396380e+00 3.500000e+00
    endloop
  endfacet
  facet normal -5.096166e-01 8.604016e-01 0.000000e+00
    outer loop
      vertex   -4.721673e+00 7.396380e+00 1.850000e+00
      vertex   -4.721673e+00 7.396380e+00 3.500000e+00
      vertex   -4.217105e+00 7.695236e+00 1.850000e+00
    endloop
  endfacet
  facet normal -5.096166e-01 8.604016e-01 0.000000e+00
    outer loop
      vertex   -4.217105e+00 7.695236e+00 1.850000e+00
      vertex   -4.721673e+00 7.396380e+00 3.500000e+00
      vertex   -4.217105e+00 7.695236e+00 3.500000e+00
    endloop
  endfacet
  facet normal -4.510101e-01 8.925188e-01 0.000000e+00
    outer loop
      vertex   -4.217105e+00 7.695236e+00 1.850000e+00
      vertex   -4.217105e+00 7.695236e+00 3.500000e+00
      vertex   -3.693703e+00 7.959723e+00 1.850000e+00
    endloop
  endfacet
  facet normal -4.510101e-01 8.925188e-01 0.000000e+00
    outer loop
      vertex   -3.693703e+00 7.959723e+00 1.850000e+00
      vertex   -4.217105e+00 7.695236e+00 3.500000e+00
      vertex   -3.693703e+00 7.959723e+00 3.500000e+00
    endloop
  endfacet
  facet normal -3.903893e-01 9.206499e-01 0.000000e+00
    outer loop
      vertex   -3.693703e+00 7.959723e+00 1.850000e+00
      vertex   -3.693703e+00 7.959723e+00 3.500000e+00
      vertex   -3.153803e+00 8.188660e+00 1.850000e+00
    endloop
  endfacet
  facet normal -3.903893e-01 9.206499e-01 0.000000e+00
    outer loop
      vertex   -3.153803e+00 8.188660e+00 1.850000e+00
      vertex   -3.693703e+00 7.959723e+00 3.500000e+00
      vertex   -3.153803e+00 8.188660e+00 3.500000e+00
    endloop
  endfacet
  facet normal -3.280249e-01 9.446691e-01 0.000000e+00
    outer loop
      vertex   -3.153803e+00 8.188660e+00 1.850000e+00
      vertex   -3.153803e+00 8.188660e+00 3.500000e+00
      vertex   -2.599818e+00 8.381024e+00 1.850000e+00
    endloop
  endfacet
  facet normal -3.280249e-01 9.446691e-01 0.000000e+00
    outer loop
      vertex   -2.599818e+00 8.381024e+00 1.850000e+00
      vertex   -3.153803e+00 8.188660e+00 3.500000e+00
      vertex   -2.599818e+00 8.381024e+00 3.500000e+00
    endloop
  endfacet
  facet normal -2.641954e-01 9.644692e-01 0.000000e+00
    outer loop
      vertex   -2.599818e+00 8.381024e+00 1.850000e+00
      vertex   -2.599818e+00 8.381024e+00 3.500000e+00
      vertex   -2.034222e+00 8.535957e+00 1.850000e+00
    endloop
  endfacet
  facet normal -2.641954e-01 9.644692e-01 0.000000e+00
    outer loop
      vertex   -2.034222e+00 8.535957e+00 1.850000e+00
      vertex   -2.599818e+00 8.381024e+00 3.500000e+00
      vertex   -2.034222e+00 8.535957e+00 3.500000e+00
    endloop
  endfacet
  facet normal -1.991860e-01 9.799617e-01 0.000000e+00
    outer loop
      vertex   -2.034222e+00 8.535957e+00 1.850000e+00
      vertex   -2.034222e+00 8.535957e+00 3.500000e+00
      vertex   -1.459540e+00 8.652766e+00 1.850000e+00
    endloop
  endfacet
  facet normal -1.991860e-01 9.799617e-01 0.000000e+00
    outer loop
      vertex   -1.459540e+00 8.652766e+00 1.850000e+00
      vertex   -2.034222e+00 8.535957e+00 3.500000e+00
      vertex   -1.459540e+00 8.652766e+00 3.500000e+00
    endloop
  endfacet
  facet normal -1.332870e-01 9.910775e-01 0.000000e+00
    outer loop
      vertex   -1.459540e+00 8.652766e+00 1.850000e+00
      vertex   -1.459540e+00 8.652766e+00 3.500000e+00
      vertex   -8.783397e-01 8.730930e+00 1.850000e+00
    endloop
  endfacet
  facet normal -1.332870e-01 9.910775e-01 0.000000e+00
    outer loop
      vertex   -8.783397e-01 8.730930e+00 1.850000e+00
      vertex   -1.459540e+00 8.652766e+00 3.500000e+00
      vertex   -8.783397e-01 8.730930e+00 3.500000e+00
    endloop
  endfacet
  facet normal -6.679263e-02 9.977669e-01 0.000000e+00
    outer loop
      vertex   -8.783397e-01 8.730930e+00 1.850000e+00
      vertex   -8.783397e-01 8.730930e+00 3.500000e+00
      vertex   -2.932164e-01 8.770100e+00 1.850000e+00
    endloop
  endfacet
  facet normal -6.679263e-02 9.977669e-01 0.000000e+00
    outer loop
      vertex   -2.932164e-01 8.770100e+00 1.850000e+00
      vertex   -8.783397e-01 8.730930e+00 3.500000e+00
      vertex   -2.932164e-01 8.770100e+00 3.500000e+00
    endloop
  endfacet
  facet normal 0.000000e+00 1.000000e+00 0.000000e+00
    outer loop
      vertex   -2.932164e-01 8.770100e+00 1.850000e+00
      vertex   -2.932164e-01 8.770100e+00 3.500000e+00
      vertex   2.932164e-01 8.770100e+00 1.850000e+00
    endloop
  endfacet
  facet normal 0.000000e+00 1.000000e+00 -0.000000e+00
    outer loop
      vertex   2.932164e-01 8.770100e+00 1.850000e+00
      vertex   -2.932164e-01 8.770100e+00 3.500000e+00
      vertex   2.932164e-01 8.770100e+00 3.500000e+00
    endloop
  endfacet
  facet normal 6.679263e-02 9.977669e-01 -0.000000e+00
    outer loop
      vertex   2.932164e-01 8.770100e+00 1.850000e+00
      vertex   2.932164e-01 8.770100e+00 3.500000e+00
      vertex   8.783397e-01 8.730930e+00 1.850000e+00
    endloop
  endfacet
  facet normal 6.679263e-02 9.977669e-01 -0.000000e+00
    outer loop
      vertex   8.783397e-01 8.730930e+00 1.850000e+00
      vertex   2.932164e-01 8.770100e+00 3.500000e+00
      vertex   8.783397e-01 8.730930e+00 3.500000e+00
    endloop
  endfacet
  facet normal 1.332870e-01 9.910775e-01 -0.000000e+00
    outer loop
      vertex   8.783397e-01 8.730930e+00 1.850000e+00
      vertex   8.783397e-01 8.730930e+00 3.500000e+00
      vertex   1.459540e+00 8.652766e+00 1.850000e+00
    endloop
  endfacet
  facet normal 1.332870e-01 9.910775e-01 -0.000000e+00
    outer loop
      vertex   1.459540e+00 8.652766e+00 1.850000e+00
      vertex   8.783397e-01 8.730930e+00 3.500000e+00
      vertex   1.459540e+00 8.652766e+00 3.500000e+00
    endloop
  endfacet
  facet normal 1.991860e-01 9.799617e-01 -0.000000e+00
    outer loop
      vertex   1.459540e+00 8.652766e+00 1.850000e+00
      vertex   1.459540e+00 8.652766e+00 3.500000e+00
      vertex   2.034222e+00 8.535957e+00 1.850000e+00
    endloop
  endfacet
  facet normal 1.991860e-01 9.799617e-01 -0.000000e+00
    outer loop
      vertex   2.034222e+00 8.535957e+00 1.850000e+00
      vertex   1.459540e+00 8.652766e+00 3.500000e+00
      vertex   2.034222e+00 8.535957e+00 3.500000e+00
    endloop
  endfacet
  facet normal 2.641954e-01 9.644692e-01 -0.000000e+00
    outer loop
      vertex   2.034222e+00 8.535957e+00 1.850000e+00
      vertex   2.034222e+00 8.535957e+00 3.500000e+00
      vertex   2.599818e+00 8.381024e+00 1.850000e+00
    endloop
  endfacet
  facet normal 2.641954e-01 9.644692e-01 -0.000000e+00
    outer loop
      vertex   2.599818e+00 8.381024e+00 1.850000e+00
      vertex   2.034222e+00 8.535957e+00 3.500000e+00
      vertex   2.599818e+00 8.381024e+00 3.500000e+00
    endloop
  endfacet
  facet normal 3.280249e-01 9.446691e-01 -0.000000e+00
    outer loop
      vertex   2.599818e+00 8.381024e+00 1.850000e+00
      vertex   2.599818e+00 8.381024e+00 3.500000e+00
      vertex   3.153803e+00 8.188660e+00 1.850000e+00
    endloop
  endfacet
  facet normal 3.280249e-01 9.446691e-01 -0.000000e+00
    outer loop
      vertex   3.153803e+00 8.188660e+00 1.850000e+00
      vertex   2.599818e+00 8.381024e+00 3.500000e+00
      vertex   3.153803e+00 8.188660e+00 3.500000e+00
    endloop
  endfacet
  facet normal 3.903893e-01 9.206499e-01 -0.000000e+00
    outer loop
      vertex   3.153803e+00 8.188660e+00 1.850000e+00
      vertex   3.153803e+00 8.188660e+00 3.500000e+00
      vertex   3.693703e+00 7.959723e+00 1.850000e+00
    endloop
  endfacet
  facet normal 3.903893e-01 9.206499e-01 -0.000000e+00
    outer loop
      vertex   3.693703e+00 7.959723e+00 1.850000e+00
      vertex   3.153803e+00 8.188660e+00 3.500000e+00
      vertex   3.693703e+00 7.959723e+00 3.500000e+00
    endloop
  endfacet
  facet normal 4.510101e-01 8.925188e-01 -0.000000e+00
    outer loop
      vertex   3.693703e+00 7.959723e+00 1.850000e+00
      vertex   3.693703e+00 7.959723e+00 3.500000e+00
      vertex   4.217105e+00 7.695236e+00 1.850000e+00
    endloop
  endfacet
  facet normal 4.510101e-01 8.925188e-01 -0.000000e+00
    outer loop
      vertex   4.217105e+00 7.695236e+00 1.850000e+00
      vertex   3.693703e+00 7.959723e+00 3.500000e+00
      vertex   4.217105e+00 7.695236e+00 3.500000e+00
    endloop
  endfacet
  facet normal 5.096166e-01 8.604016e-01 -0.000000e+00
    outer loop
      vertex   4.217105e+00 7.695236e+00 1.850000e+00
      vertex   4.217105e+00 7.695236e+00 3.500000e+00
      vertex   4.721673e+00 7.396380e+00 1.850000e+00
    endloop
  endfacet
  facet normal 5.096166e-01 8.604016e-01 -0.000000e+00
    outer loop
      vertex   4.721673e+00 7.396380e+00 1.850000e+00
      vertex   4.217105e+00 7.695236e+00 3.500000e+00
      vertex   4.721673e+00 7.396380e+00 3.500000e+00
    endloop
  endfacet
  facet normal 5.659471e-01 8.244416e-01 -0.000000e+00
    outer loop
      vertex   4.721673e+00 7.396380e+00 1.850000e+00
      vertex   4.721673e+00 7.396380e+00 3.500000e+00
      vertex   5.205152e+00 7.064490e+00 1.850000e+00
    endloop
  endfacet
  facet normal 5.659471e-01 8.244416e-01 -0.000000e+00
    outer loop
      vertex   5.205152e+00 7.064490e+00 1.850000e+00
      vertex   4.721673e+00 7.396380e+00 3.500000e+00
      vertex   5.205152e+00 7.064490e+00 3.500000e+00
    endloop
  endfacet
  facet normal 6.197499e-01 7.847994e-01 -0.000000e+00
    outer loop
      vertex   5.205152e+00 7.064490e+00 1.850000e+00
      vertex   5.205152e+00 7.064490e+00 3.500000e+00
      vertex   5.665384e+00 6.701048e+00 1.850000e+00
    endloop
  endfacet
  facet normal 6.197499e-01 7.847994e-01 -0.000000e+00
    outer loop
      vertex   5.665384e+00 6.701048e+00 1.850000e+00
      vertex   5.205152e+00 7.064490e+00 3.500000e+00
      vertex   5.665384e+00 6.701048e+00 3.500000e+00
    endloop
  endfacet
  facet normal 6.707847e-01 7.416521e-01 -0.000000e+00
    outer loop
      vertex   5.665384e+00 6.701048e+00 1.850000e+00
      vertex   5.665384e+00 6.701048e+00 3.500000e+00
      vertex   6.100314e+00 6.307678e+00 1.850000e+00
    endloop
  endfacet
  facet normal 6.707847e-01 7.416521e-01 -0.000000e+00
    outer loop
      vertex   6.100314e+00 6.307678e+00 1.850000e+00
      vertex   5.665384e+00 6.701048e+00 3.500000e+00
      vertex   6.100314e+00 6.307678e+00 3.500000e+00
    endloop
  endfacet
  facet normal 7.188237e-01 6.951924e-01 -0.000000e+00
    outer loop
      vertex   6.100314e+00 6.307678e+00 1.850000e+00
      vertex   6.100314e+00 6.307678e+00 3.500000e+00
      vertex   6.507997e+00 5.886136e+00 1.850000e+00
    endloop
  endfacet
  facet normal 7.188237e-01 6.951924e-01 -0.000000e+00
    outer loop
      vertex   6.507997e+00 5.886136e+00 1.850000e+00
      vertex   6.100314e+00 6.307678e+00 3.500000e+00
      vertex   6.507997e+00 5.886136e+00 3.500000e+00
    endloop
  endfacet
  facet normal 7.636522e-01 6.456279e-01 -0.000000e+00
    outer loop
      vertex   6.507997e+00 5.886136e+00 1.850000e+00
      vertex   6.507997e+00 5.886136e+00 3.500000e+00
      vertex   6.886615e+00 5.438305e+00 1.850000e+00
    endloop
  endfacet
  facet normal 7.636522e-01 6.456279e-01 -0.000000e+00
    outer loop
      vertex   6.886615e+00 5.438305e+00 1.850000e+00
      vertex   6.507997e+00 5.886136e+00 3.500000e+00
      vertex   6.886615e+00 5.438305e+00 3.500000e+00
    endloop
  endfacet
  facet normal 8.050701e-01 5.931797e-01 -0.000000e+00
    outer loop
      vertex   6.886615e+00 5.438305e+00 1.850000e+00
      vertex   6.886615e+00 5.438305e+00 3.500000e+00
      vertex   7.234475e+00 4.966186e+00 1.850000e+00
    endloop
  endfacet
  facet normal 8.050701e-01 5.931797e-01 -0.000000e+00
    outer loop
      vertex   7.234475e+00 4.966186e+00 1.850000e+00
      vertex   6.886615e+00 5.438305e+00 3.500000e+00
      vertex   7.234475e+00 4.966186e+00 3.500000e+00
    endloop
  endfacet
  facet normal 8.428923e-01 5.380824e-01 -0.000000e+00
    outer loop
      vertex   7.234475e+00 4.966186e+00 1.850000e+00
      vertex   7.234475e+00 4.966186e+00 3.500000e+00
      vertex   7.550024e+00 4.471886e+00 1.850000e+00
    endloop
  endfacet
  facet normal 8.428923e-01 5.380824e-01 -0.000000e+00
    outer loop
      vertex   7.550024e+00 4.471886e+00 1.850000e+00
      vertex   7.234475e+00 4.966186e+00 3.500000e+00
      vertex   7.550024e+00 4.471886e+00 3.500000e+00
    endloop
  endfacet
  facet normal 8.769499e-01 4.805818e-01 -0.000000e+00
    outer loop
      vertex   7.550024e+00 4.471886e+00 1.850000e+00
      vertex   7.550024e+00 4.471886e+00 3.500000e+00
      vertex   7.831853e+00 3.957614e+00 1.850000e+00
    endloop
  endfacet
  facet normal 8.769499e-01 4.805818e-01 -0.000000e+00
    outer loop
      vertex   7.831853e+00 3.957614e+00 1.850000e+00
      vertex   7.550024e+00 4.471886e+00 3.500000e+00
      vertex   7.831853e+00 3.957614e+00 3.500000e+00
    endloop
  endfacet
  facet normal 9.070909e-01 4.209348e-01 -0.000000e+00
    outer loop
      vertex   7.831853e+00 3.957614e+00 1.850000e+00
      vertex   7.831853e+00 3.957614e+00 3.500000e+00
      vertex   8.078703e+00 3.425666e+00 1.850000e+00
    endloop
  endfacet
  facet normal 9.070909e-01 4.209348e-01 -0.000000e+00
    outer loop
      vertex   8.078703e+00 3.425666e+00 1.850000e+00
      vertex   7.831853e+00 3.957614e+00 3.500000e+00
      vertex   8.078703e+00 3.425666e+00 3.500000e+00
    endloop
  endfacet
  facet normal 9.331806e-01 3.594078e-01 -0.000000e+00
    outer loop
      vertex   8.078703e+00 3.425666e+00 1.850000e+00
      vertex   8.078703e+00 3.425666e+00 3.500000e+00
      vertex   8.289471e+00 2.878418e+00 1.850000e+00
    endloop
  endfacet
  facet normal 9.331806e-01 3.594078e-01 -0.000000e+00
    outer loop
      vertex   8.289471e+00 2.878418e+00 1.850000e+00
      vertex   8.078703e+00 3.425666e+00 3.500000e+00
      vertex   8.289471e+00 2.878418e+00 3.500000e+00
    endloop
  endfacet
  facet normal 9.551025e-01 2.962756e-01 -0.000000e+00
    outer loop
      vertex   8.289471e+00 2.878418e+00 1.850000e+00
      vertex   8.289471e+00 2.878418e+00 3.500000e+00
      vertex   8.463217e+00 2.318315e+00 1.850000e+00
    endloop
  endfacet
  facet normal 9.551025e-01 2.962756e-01 -0.000000e+00
    outer loop
      vertex   8.463217e+00 2.318315e+00 1.850000e+00
      vertex   8.289471e+00 2.878418e+00 3.500000e+00
      vertex   8.463217e+00 2.318315e+00 3.500000e+00
    endloop
  endfacet
  facet normal 9.727587e-01 2.318202e-01 -0.000000e+00
    outer loop
      vertex   8.463217e+00 2.318315e+00 1.850000e+00
      vertex   8.463217e+00 2.318315e+00 3.500000e+00
      vertex   8.599164e+00 1.747857e+00 1.850000e+00
    endloop
  endfacet
  facet normal 9.727587e-01 2.318202e-01 -0.000000e+00
    outer loop
      vertex   8.599164e+00 1.747857e+00 1.850000e+00
      vertex   8.463217e+00 2.318315e+00 3.500000e+00
      vertex   8.599164e+00 1.747857e+00 3.500000e+00
    endloop
  endfacet
  facet normal 9.860703e-01 1.663294e-01 -0.000000e+00
    outer loop
      vertex   8.599164e+00 1.747857e+00 1.850000e+00
      vertex   8.599164e+00 1.747857e+00 3.500000e+00
      vertex   8.696705e+00 1.169593e+00 1.850000e+00
    endloop
  endfacet
  facet normal 9.860703e-01 1.663294e-01 -0.000000e+00
    outer loop
      vertex   8.696705e+00 1.169593e+00 1.850000e+00
      vertex   8.599164e+00 1.747857e+00 3.500000e+00
      vertex   8.696705e+00 1.169593e+00 3.500000e+00
    endloop
  endfacet
  facet normal 9.949778e-01 1.000957e-01 -0.000000e+00
    outer loop
      vertex   8.696705e+00 1.169593e+00 1.850000e+00
      vertex   8.696705e+00 1.169593e+00 3.500000e+00
      vertex   8.755404e+00 5.861054e-01 1.850000e+00
    endloop
  endfacet
  facet normal 9.949778e-01 1.000957e-01 -0.000000e+00
    outer loop
      vertex   8.755404e+00 5.861054e-01 1.850000e+00
      vertex   8.696705e+00 1.169593e+00 3.500000e+00
      vertex   8.755404e+00 5.861054e-01 3.500000e+00
    endloop
  endfacet
  facet normal 9.994416e-01 3.341498e-02 -0.000000e+00
    outer loop
      vertex   8.755404e+00 5.861054e-01 1.850000e+00
      vertex   8.755404e+00 5.861054e-01 3.500000e+00
      vertex   8.775000e+00 0.000000e+00 1.850000e+00
    endloop
  endfacet
  facet normal 9.994416e-01 3.341498e-02 -0.000000e+00
    outer loop
      vertex   8.775000e+00 0.000000e+00 1.850000e+00
      vertex   8.755404e+00 5.861054e-01 3.500000e+00
      vertex   8.775000e+00 0.000000e+00 3.500000e+00
    endloop
  endfacet
  facet normal 9.994416e-01 -3.341498e-02 0.000000e+00
    outer loop
      vertex   8.775000e+00 0.000000e+00 1.850000e+00
      vertex   8.775000e+00 0.000000e+00 3.500000e+00
      vertex   8.755404e+00 -5.861054e-01 1.850000e+00
    endloop
  endfacet
  facet normal 9.994416e-01 -3.341498e-02 0.000000e+00
    outer loop
      vertex   8.755404e+00 -5.861054e-01 1.850000e+00
      vertex   8.775000e+00 0.000000e+00 3.500000e+00
      vertex   8.755404e+00 -5.861054e-01 3.500000e+00
    endloop
  endfacet
  facet normal 9.949778e-01 -1.000957e-01 0.000000e+00
    outer loop
      vertex   8.755404e+00 -5.861054e-01 1.850000e+00
      vertex   8.755404e+00 -5.861054e-01 3.500000e+00
      vertex   8.696705e+00 -1.169593e+00 1.850000e+00
    endloop
  endfacet
  facet normal 9.949778e-01 -1.000957e-01 0.000000e+00
    outer loop
      vertex   8.696705e+00 -1.169593e+00 1.850000e+00
      vertex   8.755404e+00 -5.861054e-01 3.500000e+00
      vertex   8.696705e+00 -1.169593e+00 3.500000e+00
    endloop
  endfacet
  facet normal 9.860703e-01 -1.663294e-01 0.000000e+00
    outer loop
      vertex   8.696705e+00 -1.169593e+00 1.850000e+00
      vertex   8.696705e+00 -1.169593e+00 3.500000e+00
      vertex   8.599164e+00 -1.747857e+00 1.850000e+00
    endloop
  endfacet
  facet normal 9.860703e-01 -1.663294e-01 0.000000e+00
    outer loop
      vertex   8.599164e+00 -1.747857e+00 1.850000e+00
      vertex   8.696705e+00 -1.169593e+00 3.500000e+00
      vertex   8.599164e+00 -1.747857e+00 3.500000e+00
    endloop
  endfacet
  facet normal 9.727587e-01 -2.318202e-01 0.000000e+00
    outer loop
      vertex   8.599164e+00 -1.747857e+00 1.850000e+00
      vertex   8.599164e+00 -1.747857e+00 3.500000e+00
      vertex   8.463217e+00 -2.318315e+00 1.850000e+00
    endloop
  endfacet
  facet normal 9.727587e-01 -2.318202e-01 0.000000e+00
    outer loop
      vertex   8.463217e+00 -2.318315e+00 1.850000e+00
      vertex   8.599164e+00 -1.747857e+00 3.500000e+00
      vertex   8.463217e+00 -2.318315e+00 3.500000e+00
    endloop
  endfacet
  facet normal 9.551025e-01 -2.962756e-01 0.000000e+00
    outer loop
      vertex   8.463217e+00 -2.318315e+00 1.850000e+00
      vertex   8.463217e+00 -2.318315e+00 3.500000e+00
      vertex   8.289471e+00 -2.878418e+00 1.850000e+00
    endloop
  endfacet
  facet normal 9.551025e-01 -2.962756e-01 0.000000e+00
    outer loop
      vertex   8.289471e+00 -2.878418e+00 1.850000e+00
      vertex   8.463217e+00 -2.318315e+00 3.500000e+00
      vertex   8.289471e+00 -2.878418e+00 3.500000e+00
    endloop
  endfacet
  facet normal 9.331806e-01 -3.594078e-01 0.000000e+00
    outer loop
      vertex   8.289471e+00 -2.878418e+00 1.850000e+00
      vertex   8.289471e+00 -2.878418e+00 3.500000e+00
      vertex   8.078703e+00 -3.425666e+00 1.850000e+00
    endloop
  endfacet
  facet normal 9.331806e-01 -3.594078e-01 0.000000e+00
    outer loop
      vertex   8.078703e+00 -3.425666e+00 1.850000e+00
      vertex   8.289471e+00 -2.878418e+00 3.500000e+00
      vertex   8.078703e+00 -3.425666e+00 3.500000e+00
    endloop
  endfacet
  facet normal 9.070909e-01 -4.209348e-01 0.000000e+00
    outer loop
      vertex   8.078703e+00 -3.425666e+00 1.850000e+00
      vertex   8.078703e+00 -3.425666e+00 3.500000e+00
      vertex   7.831853e+00 -3.957614e+00 1.850000e+00
    endloop
  endfacet
  facet normal 9.070909e-01 -4.209348e-01 0.000000e+00
    outer loop
      vertex   7.831853e+00 -3.957614e+00 1.850000e+00
      vertex   8.078703e+00 -3.425666e+00 3.500000e+00
      vertex   7.831853e+00 -3.957614e+00 3.500000e+00
    endloop
  endfacet
  facet normal 8.769499e-01 -4.805818e-01 0.000000e+00
    outer loop
      vertex   7.831853e+00 -3.957614e+00 1.850000e+00
      vertex   7.831853e+00 -3.957614e+00 3.500000e+00
      vertex   7.550024e+00 -4.471886e+00 1.850000e+00
    endloop
  endfacet
  facet normal 8.769499e-01 -4.805818e-01 0.000000e+00
    outer loop
      vertex   7.550024e+00 -4.471886e+00 1.850000e+00
      vertex   7.831853e+00 -3.957614e+00 3.500000e+00
      vertex   7.550024e+00 -4.471886e+00 3.500000e+00
    endloop
  endfacet
  facet normal 8.428923e-01 -5.380824e-01 0.000000e+00
    outer loop
      vertex   7.550024e+00 -4.471886e+00 1.850000e+00
      vertex   7.550024e+00 -4.471886e+00 3.500000e+00
      vertex   7.234475e+00 -4.966186e+00 1.850000e+00
    endloop
  endfacet
  facet normal 8.428923e-01 -5.380824e-01 0.000000e+00
    outer loop
      vertex   7.234475e+00 -4.966186e+00 1.850000e+00
      vertex   7.550024e+00 -4.471886e+00 3.500000e+00
      vertex   7.234475e+00 -4.966186e+00 3.500000e+00
    endloop
  endfacet
  facet normal 8.050701e-01 -5.931797e-01 0.000000e+00
    outer loop
      vertex   7.234475e+00 -4.966186e+00 1.850000e+00
      vertex   7.234475e+00 -4.966186e+00 3.500000e+00
      vertex   6.886615e+00 -5.438305e+00 1.850000e+00
    endloop
  endfacet
  facet normal 8.050701e-01 -5.931797e-01 0.000000e+00
    outer loop
      vertex   6.886615e+00 -5.438305e+00 1.850000e+00
      vertex   7.234475e+00 -4.966186e+00 3.500000e+00
      vertex   6.886615e+00 -5.438305e+00 3.500000e+00
    endloop
  endfacet
  facet normal 7.636522e-01 -6.456279e-01 0.000000e+00
    outer loop
      vertex   6.886615e+00 -5.438305e+00 1.850000e+00
      vertex   6.886615e+00 -5.438305e+00 3.500000e+00
      vertex   6.507997e+00 -5.886136e+00 1.850000e+00
    endloop
  endfacet
  facet normal 7.636522e-01 -6.456279e-01 0.000000e+00
    outer loop
      vertex   6.507997e+00 -5.886136e+00 1.850000e+00
      vertex   6.886615e+00 -5.438305e+00 3.500000e+00
      vertex   6.507997e+00 -5.886136e+00 3.500000e+00
    endloop
  endfacet
  facet normal 7.188237e-01 -6.951924e-01 0.000000e+00
    outer loop
      vertex   6.507997e+00 -5.886136e+00 1.850000e+00
      vertex   6.507997e+00 -5.886136e+00 3.500000e+00
      vertex   6.100314e+00 -6.307678e+00 1.850000e+00
    endloop
  endfacet
  facet normal 7.188237e-01 -6.951924e-01 0.000000e+00
    outer loop
      vertex   6.100314e+00 -6.307678e+00 1.850000e+00
      vertex   6.507997e+00 -5.886136e+00 3.500000e+00
      vertex   6.100314e+00 -6.307678e+00 3.500000e+00
    endloop
  endfacet
  facet normal 6.707847e-01 -7.416521e-01 0.000000e+00
    outer loop
      vertex   6.100314e+00 -6.307678e+00 1.850000e+00
      vertex   6.100314e+00 -6.307678e+00 3.500000e+00
      vertex   5.665384e+00 -6.701048e+00 1.850000e+00
    endloop
  endfacet
  facet normal 6.707847e-01 -7.416521e-01 0.000000e+00
    outer loop
      vertex   5.665384e+00 -6.701048e+00 1.850000e+00
      vertex   6.100314e+00 -6.307678e+00 3.500000e+00
      vertex   5.665384e+00 -6.701048e+00 3.500000e+00
    endloop
  endfacet
  facet normal 6.197499e-01 -7.847994e-01 0.000000e+00
    outer loop
      vertex   5.665384e+00 -6.701048e+00 1.850000e+00
      vertex   5.665384e+00 -6.701048e+00 3.500000e+00
      vertex   5.205152e+00 -7.064490e+00 1.850000e+00
    endloop
  endfacet
  facet normal 6.197499e-01 -7.847994e-01 0.000000e+00
    outer loop
      vertex   5.205152e+00 -7.064490e+00 1.850000e+00
      vertex   5.665384e+00 -6.701048e+00 3.500000e+00
      vertex   5.205152e+00 -7.064490e+00 3.500000e+00
    endloop
  endfacet
  facet normal 5.659471e-01 -8.244416e-01 0.000000e+00
    outer loop
      vertex   5.205152e+00 -7.064490e+00 1.850000e+00
      vertex   5.205152e+00 -7.064490e+00 3.500000e+00
      vertex   4.721673e+00 -7.396380e+00 1.850000e+00
    endloop
  endfacet
  facet normal 5.659471e-01 -8.244416e-01 0.000000e+00
    outer loop
      vertex   4.721673e+00 -7.396380e+00 1.850000e+00
      vertex   5.205152e+00 -7.064490e+00 3.500000e+00
      vertex   4.721673e+00 -7.396380e+00 3.500000e+00
    endloop
  endfacet
  facet normal 5.096166e-01 -8.604016e-01 0.000000e+00
    outer loop
      vertex   4.721673e+00 -7.396380e+00 1.850000e+00
      vertex   4.721673e+00 -7.396380e+00 3.500000e+00
      vertex   4.217105e+00 -7.695236e+00 1.850000e+00
    endloop
  endfacet
  facet normal 5.096166e-01 -8.604016e-01 0.000000e+00
    outer loop
      vertex   4.217105e+00 -7.695236e+00 1.850000e+00
      vertex   4.721673e+00 -7.396380e+00 3.500000e+00
      vertex   4.217105e+00 -7.695236e+00 3.500000e+00
    endloop
  endfacet
  facet normal 4.510101e-01 -8.925188e-01 0.000000e+00
    outer loop
      vertex   4.217105e+00 -7.695236e+00 1.850000e+00
      vertex   4.217105e+00 -7.695236e+00 3.500000e+00
      vertex   3.693703e+00 -7.959723e+00 1.850000e+00
    endloop
  endfacet
  facet normal 4.510101e-01 -8.925188e-01 0.000000e+00
    outer loop
      vertex   3.693703e+00 -7.959723e+00 1.850000e+00
      vertex   4.217105e+00 -7.695236e+00 3.500000e+00
      vertex   3.693703e+00 -7.959723e+00 3.500000e+00
    endloop
  endfacet
  facet normal 3.903893e-01 -9.206499e-01 0.000000e+00
    outer loop
      vertex   3.693703e+00 -7.959723e+00 1.850000e+00
      vertex   3.693703e+00 -7.959723e+00 3.500000e+00
      vertex   3.153803e+00 -8.188660e+00 1.850000e+00
    endloop
  endfacet
  facet normal 3.903893e-01 -9.206499e-01 0.000000e+00
    outer loop
      vertex   3.153803e+00 -8.188660e+00 1.850000e+00
      vertex   3.693703e+00 -7.959723e+00 3.500000e+00
      vertex   3.153803e+00 -8.188660e+00 3.500000e+00
    endloop
  endfacet
  facet normal 3.280249e-01 -9.446691e-01 0.000000e+00
    outer loop
      vertex   3.153803e+00 -8.188660e+00 1.850000e+00
      vertex   3.153803e+00 -8.188660e+00 3.500000e+00
      vertex   2.599818e+00 -8.381024e+00 1.850000e+00
    endloop
  endfacet
  facet normal 3.280249e-01 -9.446691e-01 0.000000e+00
    outer loop
      vertex   2.599818e+00 -8.381024e+00 1.850000e+00
      vertex   3.153803e+00 -8.188660e+00 3.500000e+00
      vertex   2.599818e+00 -8.381024e+00 3.500000e+00
    endloop
  endfacet
  facet normal 2.641954e-01 -9.644692e-01 0.000000e+00
    outer loop
      vertex   2.599818e+00 -8.381024e+00 1.850000e+00
      vertex   2.599818e+00 -8.381024e+00 3.500000e+00
      vertex   2.034222e+00 -8.535957e+00 1.850000e+00
    endloop
  endfacet
  facet normal 2.641954e-01 -9.644692e-01 0.000000e+00
    outer loop
      vertex   2.034222e+00 -8.535957e+00 1.850000e+00
      vertex   2.599818e+00 -8.381024e+00 3.500000e+00
      vertex   2.034222e+00 -8.535957e+00 3.500000e+00
    endloop
  endfacet
  facet normal 1.991860e-01 -9.799617e-01 0.000000e+00
    outer loop
      vertex   2.034222e+00 -8.535957e+00 1.850000e+00
      vertex   2.034222e+00 -8.535957e+00 3.500000e+00
      vertex   1.459540e+00 -8.652766e+00 1.850000e+00
    endloop
  endfacet
  facet normal 1.991860e-01 -9.799617e-01 0.000000e+00
    outer loop
      vertex   1.459540e+00 -8.652766e+00 1.850000e+00
      vertex   2.034222e+00 -8.535957e+00 3.500000e+00
      vertex   1.459540e+00 -8.652766e+00 3.500000e+00
    endloop
  endfacet
  facet normal 1.332870e-01 -9.910775e-01 0.000000e+00
    outer loop
      vertex   1.459540e+00 -8.652766e+00 1.850000e+00
      vertex   1.459540e+00 -8.652766e+00 3.500000e+00
      vertex   8.783397e-01 -8.730930e+00 1.850000e+00
    endloop
  endfacet
  facet normal 1.332870e-01 -9.910775e-01 0.000000e+00
    outer loop
      vertex   8.783397e-01 -8.730930e+00 1.850000e+00
      vertex   1.459540e+00 -8.652766e+00 3.500000e+00
      vertex   8.783397e-01 -8.730930e+00 3.500000e+00
    endloop
  endfacet
  facet normal 6.679263e-02 -9.977669e-01 0.000000e+00
    outer loop
      vertex   8.783397e-01 -8.730930e+00 1.850000e+00
      vertex   8.783397e-01 -8.730930e+00 3.500000e+00
      vertex   2.932164e-01 -8.770100e+00 1.850000e+00
    endloop
  endfacet
  facet normal 6.679263e-02 -9.977669e-01 0.000000e+00
    outer loop
      vertex   2.932164e-01 -8.770100e+00 1.850000e+00
      vertex   8.783397e-01 -8.730930e+00 3.500000e+00
      vertex   2.932164e-01 -8.770100e+00 3.500000e+00
    endloop
  endfacet
  facet normal 0.000000e+00 -1.000000e+00 0.000000e+00
    outer loop
      vertex   2.932164e-01 -8.770100e+00 1.850000e+00
      vertex   2.932164e-01 -8.770100e+00 3.500000e+00
      vertex   -2.932164e-01 -8.770100e+00 1.850000e+00
    endloop
  endfacet
  facet normal 0.000000e+00 -1.000000e+00 0.000000e+00
    outer loop
      vertex   -2.932164e-01 -8.770100e+00 1.850000e+00
      vertex   2.932164e-01 -8.770100e+00 3.500000e+00
      vertex   -2.932164e-01 -8.770100e+00 3.500000e+00
    endloop
  endfacet
  facet normal -6.679263e-02 -9.977669e-01 0.000000e+00
    outer loop
      vertex   -2.932164e-01 -8.770100e+00 1.850000e+00
      vertex   -2.932164e-01 -8.770100e+00 3.500000e+00
      vertex   -8.783397e-01 -8.730930e+00 1.850000e+00
    endloop
  endfacet
  facet normal -6.679263e-02 -9.977669e-01 0.000000e+00
    outer loop
      vertex   -8.783397e-01 -8.730930e+00 1.850000e+00
      vertex   -2.932164e-01 -8.770100e+00 3.500000e+00
      vertex   -8.783397e-01 -8.730930e+00 3.500000e+00
    endloop
  endfacet
  facet normal -1.332870e-01 -9.910775e-01 0.000000e+00
    outer loop
      vertex   -8.783397e-01 -8.730930e+00 1.850000e+00
      vertex   -8.783397e-01 -8.730930e+00 3.500000e+00
      vertex   -1.459540e+00 -8.652766e+00 1.850000e+00
    endloop
  endfacet
  facet normal -1.332870e-01 -9.910775e-01 0.000000e+00
    outer loop
      vertex   -1.459540e+00 -8.652766e+00 1.850000e+00
      vertex   -8.783397e-01 -8.730930e+00 3.500000e+00
      vertex   -1.459540e+00 -8.652766e+00 3.500000e+00
    endloop
  endfacet
  facet normal -1.991860e-01 -9.799617e-01 0.000000e+00
    outer loop
      vertex   -1.459540e+00 -8.652766e+00 1.850000e+00
      vertex   -1.459540e+00 -8.652766e+00 3.500000e+00
      vertex   -2.034222e+00 -8.535957e+00 1.850000e+00
    endloop
  endfacet
  facet normal -1.991860e-01 -9.799617e-01 0.000000e+00
    outer loop
      vertex   -2.034222e+00 -8.535957e+00 1.850000e+00
      vertex   -1.459540e+00 -8.652766e+00 3.500000e+00
      vertex   -2.034222e+00 -8.535957e+00 3.500000e+00
    endloop
  endfacet
  facet normal -2.641954e-01 -9.644692e-01 0.000000e+00
    outer loop
      vertex   -2.034222e+00 -8.535957e+00 1.850000e+00
      vertex   -2.034222e+00 -8.535957e+00 3.500000e+00
      vertex   -2.599818e+00 -8.381024e+00 1.850000e+00
    endloop
  endfacet
  facet normal -2.641954e-01 -9.644692e-01 0.000000e+00
    outer loop
      vertex   -2.599818e+00 -8.381024e+00 1.850000e+00
      vertex   -2.034222e+00 -8.535957e+00 3.500000e+00
      vertex   -2.599818e+00 -8.381024e+00 3.500000e+00
    endloop
  endfacet
  facet normal -3.280249e-01 -9.446691e-01 0.000000e+00
    outer loop
      vertex   -2.599818e+00 -8.381024e+00 1.850000e+00
      vertex   -2.599818e+00 -8.381024e+00 3.500000e+00
      vertex   -3.153803e+00 -8.188660e+00 1.850000e+00
    endloop
  endfacet
  facet normal -3.280249e-01 -9.446691e-01 0.000000e+00
    outer loop
      vertex   -3.153803e+00 -8.188660e+00 1.850000e+00
      vertex   -2.599818e+00 -8.381024e+00 3.500000e+00
      vertex   -3.153803e+00 -8.188660e+00 3.500000e+00
    endloop
  endfacet
  facet normal -3.903893e-01 -9.206499e-01 0.000000e+00
    outer loop
      vertex   -3.153803e+00 -8.188660e+00 1.850000e+00
      vertex   -3.153803e+00 -8.188660e+00 3.500000e+00
      vertex   -3.693703e+00 -7.959723e+00 1.850000e+00
    endloop
  endfacet
  facet normal -3.903893e-01 -9.206499e-01 0.000000e+00
    outer loop
      vertex   -3.693703e+00 -7.959723e+00 1.850000e+00
      vertex   -3.153803e+00 -8.188660e+00 3.500000e+00
      vertex   -3.693703e+00 -7.959723e+00 3.500000e+00
    endloop
  endfacet
  facet normal -4.510101e-01 -8.925188e-01 0.000000e+00
    outer loop
      vertex   -3.693703e+00 -7.959723e+00 1.850000e+00
      vertex   -3.693703e+00 -7.959723e+00 3.500000e+00
      vertex   -4.217105e+00 -7.695236e+00 1.850000e+00
    endloop
  endfacet
  facet normal -4.510101e-01 -8.925188e-01 0.000000e+00
    outer loop
      vertex   -4.217105e+00 -7.695236e+00 1.850000e+00
      vertex   -3.693703e+00 -7.959723e+00 3.500000e+00
      vertex   -4.217105e+00 -7.695236e+00 3.500000e+00
    endloop
  endfacet
  facet normal -5.096166e-01 -8.604016e-01 0.000000e+00
    outer loop
      vertex   -4.217105e+00 -7.695236e+00 1.850000e+00
      vertex   -4.217105e+00 -7.695236e+00 3.500000e+00
      vertex   -4.721673e+00 -7.396380e+00 1.850000e+00
    endloop
  endfacet
  facet normal -5.096166e-01 -8.604016e-01 0.000000e+00
    outer loop
      vertex   -4.721673e+00 -7.396380e+00 1.850000e+00
      vertex   -4.217105e+00 -7.695236e+00 3.500000e+00
      vertex   -4.721673e+00 -7.396380e+00 3.500000e+00
    endloop
  endfacet
  facet normal -5.659471e-01 -8.244416e-01 0.000000e+00
    outer loop
      vertex   -4.721673e+00 -7.396380e+00 1.850000e+00
      vertex   -4.721673e+00 -7.396380e+00 3.500000e+00
      vertex   -5.205152e+00 -7.064490e+00 1.850000e+00
    endloop
  endfacet
  facet normal -5.659471e-01 -8.244416e-01 0.000000e+00
    outer loop
      vertex   -5.205152e+00 -7.064490e+00 1.850000e+00
      vertex   -4.721673e+00 -7.396380e+00 3.500000e+00
      vertex   -5.205152e+00 -7.064490e+00 3.500000e+00
    endloop
  endfacet
  facet normal -6.197499e-01 -7.847994e-01 0.000000e+00
    outer loop
      vertex   -5.205152e+00 -7.064490e+00 1.850000e+00
      vertex   -5.205152e+00 -7.064490e+00 3.500000e+00
      vertex   -5.665384e+00 -6.701048e+00 1.850000e+00
    endloop
  endfacet
  facet normal -6.197499e-01 -7.847994e-01 0.000000e+00
    outer loop
      vertex   -5.665384e+00 -6.701048e+00 1.850000e+00
      vertex   -5.205152e+00 -7.064490e+00 3.500000e+00
      vertex   -5.665384e+00 -6.701048e+00 3.500000e+00
    endloop
  endfacet
  facet normal -6.707847e-01 -7.416521e-01 0.000000e+00
    outer loop
      vertex   -5.665384e+00 -6.701048e+00 1.850000e+00
      vertex   -5.665384e+00 -6.701048e+00 3.500000e+00
      vertex   -6.100314e+00 -6.307678e+00 1.850000e+00
    endloop
  endfacet
  facet normal -6.707847e-01 -7.416521e-01 0.000000e+00
    outer loop
      vertex   -6.100314e+00 -6.307678e+00 1.850000e+00
      vertex   -5.665384e+00 -6.701048e+00 3.500000e+00
      vertex   -6.100314e+00 -6.307678e+00 3.500000e+00
    endloop
  endfacet
  facet normal -7.188237e-01 -6.951924e-01 0.000000e+00
    outer loop
      vertex   -6.100314e+00 -6.307678e+00 1.850000e+00
      vertex   -6.100314e+00 -6.307678e+00 3.500000e+00
      vertex   -6.507997e+00 -5.886136e+00 1.850000e+00
    endloop
  endfacet
  facet normal -7.188237e-01 -6.951924e-01 0.000000e+00
    outer loop
      vertex   -6.507997e+00 -5.886136e+00 1.850000e+00
      vertex   -6.100314e+00 -6.307678e+00 3.500000e+00
      vertex   -6.507997e+00 -5.886136e+00 3.500000e+00
    endloop
  endfacet
  facet normal -7.636522e-01 -6.456279e-01 0.000000e+00
    outer loop
      vertex   -6.507997e+00 -5.886136e+00 1.850000e+00
      vertex   -6.507997e+00 -5.886136e+00 3.500000e+00
      vertex   -6.886615e+00 -5.438305e+00 1.850000e+00
    endloop
  endfacet
  facet normal -7.636522e-01 -6.456279e-01 0.000000e+00
    outer loop
      vertex   -6.886615e+00 -5.438305e+00 1.850000e+00
      vertex   -6.507997e+00 -5.886136e+00 3.500000e+00
      vertex   -6.886615e+00 -5.438305e+00 3.500000e+00
    endloop
  endfacet
  facet normal -8.050701e-01 -5.931797e-01 0.000000e+00
    outer loop
      vertex   -6.886615e+00 -5.438305e+00 1.850000e+00
      vertex   -6.886615e+00 -5.438305e+00 3.500000e+00
      vertex   -7.234475e+00 -4.966186e+00 1.850000e+00
    endloop
  endfacet
  facet normal -8.050701e-01 -5.931797e-01 0.000000e+00
    outer loop
      vertex   -7.234475e+00 -4.966186e+00 1.850000e+00
      vertex   -6.886615e+00 -5.438305e+00 3.500000e+00
      vertex   -7.234475e+00 -4.966186e+00 3.500000e+00
    endloop
  endfacet
  facet normal -8.428923e-01 -5.380824e-01 0.000000e+00
    outer loop
      vertex   -7.234475e+00 -4.966186e+00 1.850000e+00
      vertex   -7.234475e+00 -4.966186e+00 3.500000e+00
      vertex   -7.550024e+00 -4.471886e+00 1.850000e+00
    endloop
  endfacet
  facet normal -8.428923e-01 -5.380824e-01 0.000000e+00
    outer loop
      vertex   -7.550024e+00 -4.471886e+00 1.850000e+00
      vertex   -7.234475e+00 -4.966186e+00 3.500000e+00
      vertex   -7.550024e+00 -4.471886e+00 3.500000e+00
    endloop
  endfacet
  facet normal -8.769499e-01 -4.805818e-01 0.000000e+00
    outer loop
      vertex   -7.550024e+00 -4.471886e+00 1.850000e+00
      vertex   -7.550024e+00 -4.471886e+00 3.500000e+00
      vertex   -7.831853e+00 -3.957614e+00 1.850000e+00
    endloop
  endfacet
  facet normal -8.769499e-01 -4.805818e-01 0.000000e+00
    outer loop
      vertex   -7.831853e+00 -3.957614e+00 1.850000e+00
      vertex   -7.550024e+00 -4.471886e+00 3.500000e+00
      vertex   -7.831853e+00 -3.957614e+00 3.500000e+00
    endloop
  endfacet
  facet normal -9.070909e-01 -4.209348e-01 0.000000e+00
    outer loop
      vertex   -7.831853e+00 -3.957614e+00 1.850000e+00
      vertex   -7.831853e+00 -3.957614e+00 3.500000e+00
      vertex   -8.078703e+00 -3.425666e+00 1.850000e+00
    endloop
  endfacet
  facet normal -9.070909e-01 -4.209348e-01 0.000000e+00
    outer loop
      vertex   -8.078703e+00 -3.425666e+00 1.850000e+00
      vertex   -7.831853e+00 -3.957614e+00 3.500000e+00
      vertex   -8.078703e+00 -3.425666e+00 3.500000e+00
    endloop
  endfacet
  facet normal -9.331806e-01 -3.594078e-01 0.000000e+00
    outer loop
      vertex   -8.078703e+00 -3.425666e+00 1.850000e+00
      vertex   -8.078703e+00 -3.425666e+00 3.500000e+00
      vertex   -8.289471e+00 -2.878418e+00 1.850000e+00
    endloop
  endfacet
  facet normal -9.331806e-01 -3.594078e-01 0.000000e+00
    outer loop
      vertex   -8.289471e+00 -2.878418e+00 1.850000e+00
      vertex   -8.078703e+00 -3.425666e+00 3.500000e+00
      vertex   -8.289471e+00 -2.878418e+00 3.500000e+00
    endloop
  endfacet
  facet normal -9.551025e-01 -2.962756e-01 0.000000e+00
    outer loop
      vertex   -8.289471e+00 -2.878418e+00 1.850000e+00
      vertex   -8.289471e+00 -2.878418e+00 3.500000e+00
      vertex   -8.463217e+00 -2.318315e+00 1.850000e+00
    endloop
  endfacet
  facet normal -9.551025e-01 -2.962756e-01 0.000000e+00
    outer loop
      vertex   -8.463217e+00 -2.318315e+00 1.850000e+00
      vertex   -8.289471e+00 -2.878418e+00 3.500000e+00
      vertex   -8.463217e+00 -2.318315e+00 3.500000e+00
    endloop
  endfacet
  facet normal -9.727587e-01 -2.318202e-01 0.000000e+00
    outer loop
      vertex   -8.463217e+00 -2.318315e+00 1.850000e+00
      vertex   -8.463217e+00 -2.318315e+00 3.500000e+00
      vertex   -8.599164e+00 -1.747857e+00 1.850000e+00
    endloop
  endfacet
  facet normal -9.727587e-01 -2.318202e-01 0.000000e+00
    outer loop
      vertex   -8.599164e+00 -1.747857e+00 1.850000e+00
      vertex   -8.463217e+00 -2.318315e+00 3.500000e+00
      vertex   -8.599164e+00 -1.747857e+00 3.500000e+00
    endloop
  endfacet
  facet normal -9.860703e-01 -1.663294e-01 0.000000e+00
    outer loop
      vertex   -8.599164e+00 -1.747857e+00 1.850000e+00
      vertex   -8.599164e+00 -1.747857e+00 3.500000e+00
      vertex   -8.696705e+00 -1.169593e+00 1.850000e+00
    endloop
  endfacet
  facet normal -9.860703e-01 -1.663294e-01 0.000000e+00
    outer loop
      vertex   -8.696705e+00 -1.169593e+00 1.850000e+00
      vertex   -8.599164e+00 -1.747857e+00 3.500000e+00
      vertex   -8.696705e+00 -1.169593e+00 3.500000e+00
    endloop
  endfacet
  facet normal -9.949778e-01 -1.000957e-01 0.000000e+00
    outer loop
      vertex   -8.696705e+00 -1.169593e+00 1.850000e+00
      vertex   -8.696705e+00 -1.169593e+00 3.500000e+00
      vertex   -8.755404e+00 -5.861054e-01 1.850000e+00
    endloop
  endfacet
  facet normal -9.949778e-01 -1.000957e-01 0.000000e+00
    outer loop
      vertex   -8.755404e+00 -5.861054e-01 1.850000e+00
      vertex   -8.696705e+00 -1.169593e+00 3.500000e+00
      vertex   -8.755404e+00 -5.861054e-01 3.500000e+00
    endloop
  endfacet
  facet normal -7.066751e-01 -2.156091e-02 -7.072096e-01
    outer loop
      vertex   -1.035570e+01 -6.325012e-01 0.000000e+00
      vertex   -1.085554e+01 -6.503702e-01 5.000000e-01
      vertex   -1.037500e+01 -1.270571e-15 0.000000e+00
    endloop
  endfacet
  facet normal -7.069485e-01 -2.115816e-02 -7.069485e-01
    outer loop
      vertex   -1.037500e+01 -1.270571e-15 0.000000e+00
      vertex   -1.085554e+01 -6.503702e-01 5.000000e-01
      vertex   -1.087500e+01 1.331803e-15 5.000000e-01
    endloop
  endfacet
  facet normal -7.069485e-01 2.115816e-02 -7.069485e-01
    outer loop
      vertex   -1.037500e+01 -1.270571e-15 0.000000e+00
      vertex   -1.087500e+01 1.331803e-15 5.000000e-01
      vertex   -1.085554e+01 6.503702e-01 5.000000e-01
    endloop
  endfacet
  facet normal -7.046669e-01 -6.342117e-02 -7.066981e-01
    outer loop
      vertex   -1.085554e+01 -6.503702e-01 5.000000e-01
      vertex   -1.035570e+01 -6.325012e-01 0.000000e+00
      vertex   -1.079721e+01 -1.298412e+00 5.000000e-01
    endloop
  endfacet
  facet normal -7.037905e-01 -6.457906e-02 -7.074663e-01
    outer loop
      vertex   -1.079721e+01 -1.298412e+00 5.000000e-01
      vertex   -1.035570e+01 -6.325012e-01 0.000000e+00
      vertex   -1.029788e+01 -1.262649e+00 0.000000e+00
    endloop
  endfacet
  facet normal -6.998505e-01 -1.054855e-01 -7.064574e-01
    outer loop
      vertex   -1.079721e+01 -1.298412e+00 5.000000e-01
      vertex   -1.029788e+01 -1.262649e+00 0.000000e+00
      vertex   -1.070023e+01 -1.941806e+00 5.000000e-01
    endloop
  endfacet
  facet normal -6.983009e-01 -1.073274e-01 -7.077123e-01
    outer loop
      vertex   -1.070023e+01 -1.941806e+00 5.000000e-01
      vertex   -1.029788e+01 -1.262649e+00 0.000000e+00
      vertex   -1.020175e+01 -1.888101e+00 0.000000e+00
    endloop
  endfacet
  facet normal -6.925148e-01 -1.471986e-01 -7.062264e-01
    outer loop
      vertex   -1.070023e+01 -1.941806e+00 5.000000e-01
      vertex   -1.020175e+01 -1.888101e+00 0.000000e+00
      vertex   -1.056495e+01 -2.578249e+00 5.000000e-01
    endloop
  endfacet
  facet normal -6.902283e-01 -1.496490e-01 -7.079478e-01
    outer loop
      vertex   -1.056495e+01 -2.578249e+00 5.000000e-01
      vertex   -1.020175e+01 -1.888101e+00 0.000000e+00
      vertex   -1.006767e+01 -2.506528e+00 0.000000e+00
    endloop
  endfacet
  facet normal -6.826850e-01 -1.884091e-01 -7.060052e-01
    outer loop
      vertex   -1.056495e+01 -2.578249e+00 5.000000e-01
      vertex   -1.006767e+01 -2.506528e+00 0.000000e+00
      vertex   -1.039185e+01 -3.205463e+00 5.000000e-01
    endloop
  endfacet
  facet normal -6.796043e-01 -1.913885e-01 -7.081726e-01
    outer loop
      vertex   -1.039185e+01 -3.205463e+00 5.000000e-01
      vertex   -1.006767e+01 -2.506528e+00 0.000000e+00
      vertex   -9.896134e+00 -3.115631e+00 0.000000e+00
    endloop
  endfacet
  facet normal -6.703949e-01 -2.289674e-01 -7.057936e-01
    outer loop
      vertex   -1.039185e+01 -3.205463e+00 5.000000e-01
      vertex   -9.896134e+00 -3.115631e+00 0.000000e+00
      vertex   -1.018155e+01 -3.821201e+00 5.000000e-01
    endloop
  endfacet
  facet normal -6.664693e-01 -2.323931e-01 -7.083870e-01
    outer loop
      vertex   -1.018155e+01 -3.821201e+00 5.000000e-01
      vertex   -9.896134e+00 -3.115631e+00 0.000000e+00
      vertex   -9.687786e+00 -3.713143e+00 0.000000e+00
    endloop
  endfacet
  facet normal -6.556877e-01 -2.687262e-01 -7.055919e-01
    outer loop
      vertex   -1.018155e+01 -3.821201e+00 5.000000e-01
      vertex   -9.687786e+00 -3.713143e+00 0.000000e+00
      vertex   -9.934807e+00 -4.423261e+00 5.000000e-01
    endloop
  endfacet
  facet normal -6.508733e-01 -2.725125e-01 -7.085908e-01
    outer loop
      vertex   -9.934807e+00 -4.423261e+00 5.000000e-01
      vertex   -9.687786e+00 -3.713143e+00 0.000000e+00
      vertex   -9.443398e+00 -4.296843e+00 0.000000e+00
    endloop
  endfacet
  facet normal -6.386153e-01 -3.075409e-01 -7.053999e-01
    outer loop
      vertex   -9.934807e+00 -4.423261e+00 5.000000e-01
      vertex   -9.443398e+00 -4.296843e+00 0.000000e+00
      vertex   -9.652495e+00 -5.009487e+00 5.000000e-01
    endloop
  endfacet
  facet normal -6.328750e-01 -3.115996e-01 -7.087841e-01
    outer loop
      vertex   -9.652495e+00 -5.009487e+00 5.000000e-01
      vertex   -9.443398e+00 -4.296843e+00 0.000000e+00
      vertex   -9.163881e+00 -4.864557e+00 0.000000e+00
    endloop
  endfacet
  facet normal -6.192383e-01 -3.452706e-01 -7.052178e-01
    outer loop
      vertex   -9.652495e+00 -5.009487e+00 5.000000e-01
      vertex   -9.163881e+00 -4.864557e+00 0.000000e+00
      vertex   -9.335631e+00 -5.577780e+00 5.000000e-01
    endloop
  endfacet
  facet normal -6.125418e-01 -3.495115e-01 -7.089670e-01
    outer loop
      vertex   -9.335631e+00 -5.577780e+00 5.000000e-01
      vertex   -9.163881e+00 -4.864557e+00 0.000000e+00
      vertex   -8.850273e+00 -5.414176e+00 0.000000e+00
    endloop
  endfacet
  facet normal -5.976257e-01 -3.817778e-01 -7.050455e-01
    outer loop
      vertex   -9.335631e+00 -5.577780e+00 5.000000e-01
      vertex   -8.850273e+00 -5.414176e+00 0.000000e+00
      vertex   -8.985347e+00 -6.126106e+00 5.000000e-01
    endloop
  endfacet
  facet normal -5.899498e-01 -3.861094e-01 -7.091395e-01
    outer loop
      vertex   -8.985347e+00 -6.126106e+00 5.000000e-01
      vertex   -8.850273e+00 -5.414176e+00 0.000000e+00
      vertex   -8.503741e+00 -5.943653e+00 0.000000e+00
    endloop
  endfacet
  facet normal -5.738548e-01 -4.169299e-01 -7.048831e-01
    outer loop
      vertex   -8.985347e+00 -6.126106e+00 5.000000e-01
      vertex   -8.503741e+00 -5.943653e+00 0.000000e+00
      vertex   -8.602898e+00 -6.652502e+00 5.000000e-01
    endloop
  endfacet
  facet normal -5.651830e-01 -4.212595e-01 -7.093015e-01
    outer loop
      vertex   -8.602898e+00 -6.652502e+00 5.000000e-01
      vertex   -8.503741e+00 -5.943653e+00 0.000000e+00
      vertex   -8.125575e+00 -6.451019e+00 0.000000e+00
    endloop
  endfacet
  facet normal -5.480105e-01 -4.505988e-01 -7.047306e-01
    outer loop
      vertex   -8.602898e+00 -6.652502e+00 5.000000e-01
      vertex   -8.125575e+00 -6.451019e+00 0.000000e+00
      vertex   -8.189652e+00 -7.155084e+00 5.000000e-01
    endloop
  endfacet
  facet normal -5.383335e-01 -4.548333e-01 -7.094532e-01
    outer loop
      vertex   -8.189652e+00 -7.155084e+00 5.000000e-01
      vertex   -8.125575e+00 -6.451019e+00 0.000000e+00
      vertex   -7.717182e+00 -6.934388e+00 0.000000e+00
    endloop
  endfacet
  facet normal -5.201858e-01 -4.826619e-01 -7.045880e-01
    outer loop
      vertex   -8.189652e+00 -7.155084e+00 5.000000e-01
      vertex   -7.717182e+00 -6.934388e+00 0.000000e+00
      vertex   -7.747090e+00 -7.632052e+00 5.000000e-01
    endloop
  endfacet
  facet normal -5.095009e-01 -4.867079e-01 -7.095944e-01
    outer loop
      vertex   -7.747090e+00 -7.632052e+00 5.000000e-01
      vertex   -7.717182e+00 -6.934388e+00 0.000000e+00
      vertex   -7.280080e+00 -7.391959e+00 0.000000e+00
    endloop
  endfacet
  facet normal -4.904806e-01 -5.130024e-01 -7.044553e-01
    outer loop
      vertex   -7.747090e+00 -7.632052e+00 5.000000e-01
      vertex   -7.280080e+00 -7.391959e+00 0.000000e+00
      vertex   -7.276795e+00 -8.081700e+00 5.000000e-01
    endloop
  endfacet
  facet normal -4.787919e-01 -5.167671e-01 -7.097254e-01
    outer loop
      vertex   -7.276795e+00 -8.081700e+00 5.000000e-01
      vertex   -7.280080e+00 -7.391959e+00 0.000000e+00
      vertex   -6.815895e+00 -7.822033e+00 0.000000e+00
    endloop
  endfacet
  facet normal -4.590017e-01 -5.415099e-01 -7.043326e-01
    outer loop
      vertex   -7.276795e+00 -8.081700e+00 5.000000e-01
      vertex   -6.815895e+00 -7.822033e+00 0.000000e+00
      vertex   -6.780452e+00 -8.502417e+00 5.000000e-01
    endloop
  endfacet
  facet normal -4.463201e-01 -5.449009e-01 -7.098460e-01
    outer loop
      vertex   -6.780452e+00 -8.502417e+00 5.000000e-01
      vertex   -6.815895e+00 -7.822033e+00 0.000000e+00
      vertex   -6.326355e+00 -8.223008e+00 0.000000e+00
    endloop
  endfacet
  facet normal -4.258627e-01 -5.680804e-01 -7.042198e-01
    outer loop
      vertex   -6.780452e+00 -8.502417e+00 5.000000e-01
      vertex   -6.326355e+00 -8.223008e+00 0.000000e+00
      vertex   -6.259836e+00 -8.892698e+00 5.000000e-01
    endloop
  endfacet
  facet normal -4.122056e-01 -5.710067e-01 -7.099562e-01
    outer loop
      vertex   -6.259836e+00 -8.892698e+00 5.000000e-01
      vertex   -6.326355e+00 -8.223008e+00 0.000000e+00
      vertex   -5.813281e+00 -8.593392e+00 0.000000e+00
    endloop
  endfacet
  facet normal -3.911831e-01 -5.926170e-01 -7.041171e-01
    outer loop
      vertex   -6.259836e+00 -8.892698e+00 5.000000e-01
      vertex   -5.813281e+00 -8.593392e+00 0.000000e+00
      vertex   -5.716811e+00 -9.251146e+00 5.000000e-01
    endloop
  endfacet
  facet normal -3.765741e-01 -5.949892e-01 -7.100562e-01
    outer loop
      vertex   -5.716811e+00 -9.251146e+00 5.000000e-01
      vertex   -5.813281e+00 -8.593392e+00 0.000000e+00
      vertex   -5.278581e+00 -8.931809e+00 0.000000e+00
    endloop
  endfacet
  facet normal -3.550880e-01 -6.150304e-01 -7.040243e-01
    outer loop
      vertex   -5.716811e+00 -9.251146e+00 5.000000e-01
      vertex   -5.278581e+00 -8.931809e+00 0.000000e+00
      vertex   -5.153322e+00 -9.576476e+00 5.000000e-01
    endloop
  endfacet
  facet normal -3.395572e-01 -6.167607e-01 -7.101459e-01
    outer loop
      vertex   -5.153322e+00 -9.576476e+00 5.000000e-01
      vertex   -5.278581e+00 -8.931809e+00 0.000000e+00
      vertex   -4.724244e+00 -9.236999e+00 0.000000e+00
    endloop
  endfacet
  facet normal -3.177077e-01 -6.352387e-01 -7.039415e-01
    outer loop
      vertex   -5.153322e+00 -9.576476e+00 5.000000e-01
      vertex   -4.724244e+00 -9.236999e+00 0.000000e+00
      vertex   -4.571385e+00 -9.867526e+00 5.000000e-01
    endloop
  endfacet
  facet normal -3.012911e-01 -6.362418e-01 -7.102253e-01
    outer loop
      vertex   -4.571385e+00 -9.867526e+00 5.000000e-01
      vertex   -4.724244e+00 -9.236999e+00 0.000000e+00
      vertex   -4.152332e+00 -9.507826e+00 0.000000e+00
    endloop
  endfacet
  facet normal -2.791775e-01 -6.531683e-01 -7.038687e-01
    outer loop
      vertex   -4.571385e+00 -9.867526e+00 5.000000e-01
      vertex   -4.152332e+00 -9.507826e+00 0.000000e+00
      vertex   -3.973084e+00 -1.012325e+01 5.000000e-01
    endloop
  endfacet
  facet normal -2.619169e-01 -6.533616e-01 -7.102945e-01
    outer loop
      vertex   -3.973084e+00 -1.012325e+01 5.000000e-01
      vertex   -4.152332e+00 -9.507826e+00 0.000000e+00
      vertex   -3.564974e+00 -9.743284e+00 0.000000e+00
    endloop
  endfacet
  facet normal -2.396366e-01 -6.687537e-01 -7.038059e-01
    outer loop
      vertex   -3.973084e+00 -1.012325e+01 5.000000e-01
      vertex   -3.564974e+00 -9.743284e+00 0.000000e+00
      vertex   -3.360560e+00 -1.034274e+01 5.000000e-01
    endloop
  endfacet
  facet normal -2.215795e-01 -6.680574e-01 -7.103533e-01
    outer loop
      vertex   -3.360560e+00 -1.034274e+01 5.000000e-01
      vertex   -3.564974e+00 -9.743284e+00 0.000000e+00
      vertex   -2.964354e+00 -9.942496e+00 0.000000e+00
    endloop
  endfacet
  facet normal -1.992281e-01 -6.819381e-01 -7.037532e-01
    outer loop
      vertex   -3.360560e+00 -1.034274e+01 5.000000e-01
      vertex   -2.964354e+00 -9.942496e+00 0.000000e+00
      vertex   -2.736006e+00 -1.052520e+01 5.000000e-01
    endloop
  endfacet
  facet normal -1.804274e-01 -6.802757e-01 -7.104020e-01
    outer loop
      vertex   -2.736006e+00 -1.052520e+01 5.000000e-01
      vertex   -2.964354e+00 -9.942496e+00 0.000000e+00
      vertex   -2.352706e+00 -1.010472e+01 0.000000e+00
    endloop
  endfacet
  facet normal -1.580982e-01 -6.926735e-01 -7.037105e-01
    outer loop
      vertex   -2.736006e+00 -1.052520e+01 5.000000e-01
      vertex   -2.352706e+00 -1.010472e+01 0.000000e+00
      vertex   -2.101658e+00 -1.066999e+01 5.000000e-01
    endloop
  endfacet
  facet normal -1.386118e-01 -6.899719e-01 -7.104404e-01
    outer loop
      vertex   -2.101658e+00 -1.066999e+01 5.000000e-01
      vertex   -2.352706e+00 -1.010472e+01 0.000000e+00
      vertex   -1.732306e+00 -1.022936e+01 0.000000e+00
    endloop
  endfacet
  facet normal -1.163958e-01 -7.009205e-01 -7.036778e-01
    outer loop
      vertex   -2.101658e+00 -1.066999e+01 5.000000e-01
      vertex   -1.732306e+00 -1.022936e+01 0.000000e+00
      vertex   -1.459787e+00 -1.077658e+01 5.000000e-01
    endloop
  endfacet
  facet normal -9.628667e-02 -6.971107e-01 -7.104685e-01
    outer loop
      vertex   -1.459787e+00 -1.077658e+01 5.000000e-01
      vertex   -1.732306e+00 -1.022936e+01 0.000000e+00
      vertex   -1.105461e+00 -1.031594e+01 0.000000e+00
    endloop
  endfacet
  facet normal -7.427182e-02 -7.066492e-01 -7.036552e-01
    outer loop
      vertex   -1.459787e+00 -1.077658e+01 5.000000e-01
      vertex   -1.105461e+00 -1.031594e+01 0.000000e+00
      vertex   -8.126898e-01 -1.084459e+01 5.000000e-01
    endloop
  endfacet
  facet normal -5.360756e-02 -7.016661e-01 -7.104864e-01
    outer loop
      vertex   -8.126898e-01 -1.084459e+01 5.000000e-01
      vertex   -1.105461e+00 -1.031594e+01 0.000000e+00
      vertex   -4.745047e-01 -1.036414e+01 0.000000e+00
    endloop
  endfacet
  facet normal -3.187889e-02 -7.098385e-01 -7.036427e-01
    outer loop
      vertex   -8.126898e-01 -1.084459e+01 5.000000e-01
      vertex   -4.745047e-01 -1.036414e+01 0.000000e+00
      vertex   -1.626836e-01 -1.087378e+01 5.000000e-01
    endloop
  endfacet
  facet normal -1.073137e-02 -7.036213e-01 -7.104941e-01
    outer loop
      vertex   -1.626836e-01 -1.087378e+01 5.000000e-01
      vertex   -4.745047e-01 -1.036414e+01 0.000000e+00
      vertex   1.582173e-01 -1.037379e+01 0.000000e+00
    endloop
  endfacet
  facet normal 1.062950e-02 -7.104770e-01 -7.036401e-01
    outer loop
      vertex   -1.626836e-01 -1.087378e+01 5.000000e-01
      vertex   1.582173e-01 -1.037379e+01 0.000000e+00
      vertex   4.879050e-01 -1.086405e+01 5.000000e-01
    endloop
  endfacet
  facet normal 3.218426e-02 -7.029694e-01 -7.104915e-01
    outer loop
      vertex   4.879050e-01 -1.086405e+01 5.000000e-01
      vertex   1.582173e-01 -1.037379e+01 0.000000e+00
      vertex   7.903507e-01 -1.034485e+01 0.000000e+00
    endloop
  endfacet
  facet normal 5.309940e-02 -7.085622e-01 -7.036477e-01
    outer loop
      vertex   4.879050e-01 -1.086405e+01 5.000000e-01
      vertex   7.903507e-01 -1.034485e+01 0.000000e+00
      vertex   1.136747e+00 -1.081543e+01 5.000000e-01
    endloop
  endfacet
  facet normal 7.498158e-02 -6.997126e-01 -7.104787e-01
    outer loop
      vertex   1.136747e+00 -1.081543e+01 5.000000e-01
      vertex   7.903507e-01 -1.034485e+01 0.000000e+00
      vertex   1.419544e+00 -1.027743e+01 0.000000e+00
    endloop
  endfacet
  facet normal 9.537698e-02 -7.041011e-01 -7.036653e-01
    outer loop
      vertex   1.136747e+00 -1.081543e+01 5.000000e-01
      vertex   1.419544e+00 -1.027743e+01 0.000000e+00
      vertex   1.781520e+00 -1.072809e+01 5.000000e-01
    endloop
  endfacet
  facet normal 1.175032e-01 -6.938629e-01 -7.104557e-01
    outer loop
      vertex   1.781520e+00 -1.072809e+01 5.000000e-01
      vertex   1.419544e+00 -1.027743e+01 0.000000e+00
      vertex   2.043456e+00 -1.017177e+01 0.000000e+00
    endloop
  endfacet
  facet normal 1.373092e-01 -6.971101e-01 -7.036929e-01
    outer loop
      vertex   1.781520e+00 -1.072809e+01 5.000000e-01
      vertex   2.043456e+00 -1.017177e+01 0.000000e+00
      vertex   2.419915e+00 -1.060234e+01 5.000000e-01
    endloop
  endfacet
  facet normal 1.595929e-01 -6.854415e-01 -7.104224e-01
    outer loop
      vertex   2.419915e+00 -1.060234e+01 5.000000e-01
      vertex   2.043456e+00 -1.017177e+01 0.000000e+00
      vertex   2.659767e+00 -1.002827e+01 0.000000e+00
    endloop
  endfacet
  facet normal 1.787441e-01 -6.876146e-01 -7.037306e-01
    outer loop
      vertex   2.419915e+00 -1.060234e+01 5.000000e-01
      vertex   2.659767e+00 -1.002827e+01 0.000000e+00
      vertex   3.049648e+00 -1.043864e+01 5.000000e-01
    endloop
  endfacet
  facet normal 2.010959e-01 -6.744792e-01 -7.103789e-01
    outer loop
      vertex   3.049648e+00 -1.043864e+01 5.000000e-01
      vertex   2.659767e+00 -1.002827e+01 0.000000e+00
      vertex   3.266183e+00 -9.847470e+00 0.000000e+00
    endloop
  endfacet
  facet normal 2.195318e-01 -6.756493e-01 -7.037783e-01
    outer loop
      vertex   3.049648e+00 -1.043864e+01 5.000000e-01
      vertex   3.266183e+00 -9.847470e+00 0.000000e+00
      vertex   3.668464e+00 -1.023758e+01 5.000000e-01
    endloop
  endfacet
  facet normal 2.418594e-01 -6.610160e-01 -7.103252e-01
    outer loop
      vertex   3.668464e+00 -1.023758e+01 5.000000e-01
      vertex   3.266183e+00 -9.847470e+00 0.000000e+00
      vertex   3.860449e+00 -9.630034e+00 0.000000e+00
    endloop
  endfacet
  facet normal 2.595245e-01 -6.612578e-01 -7.038360e-01
    outer loop
      vertex   3.668464e+00 -1.023758e+01 5.000000e-01
      vertex   3.860449e+00 -9.630034e+00 0.000000e+00
      vertex   4.274147e+00 -9.999865e+00 5.000000e-01
    endloop
  endfacet
  facet normal 2.817336e-01 -6.451010e-01 -7.102612e-01
    outer loop
      vertex   4.274147e+00 -9.999865e+00 5.000000e-01
      vertex   3.860449e+00 -9.630034e+00 0.000000e+00
      vertex   4.440353e+00 -9.376774e+00 0.000000e+00
    endloop
  endfacet
  facet normal 2.985778e-01 -6.444926e-01 -7.039038e-01
    outer loop
      vertex   4.274147e+00 -9.999865e+00 5.000000e-01
      vertex   4.440353e+00 -9.376774e+00 0.000000e+00
      vertex   4.864530e+00 -9.726354e+00 5.000000e-01
    endloop
  endfacet
  facet normal 3.205716e-01 -6.267922e-01 -7.101869e-01
    outer loop
      vertex   4.864530e+00 -9.726354e+00 5.000000e-01
      vertex   4.440353e+00 -9.376774e+00 0.000000e+00
      vertex   5.003740e+00 -9.088631e+00 0.000000e+00
    endloop
  endfacet
  facet normal 3.365501e-01 -6.254150e-01 -7.039816e-01
    outer loop
      vertex   4.864530e+00 -9.726354e+00 5.000000e-01
      vertex   5.003740e+00 -9.088631e+00 0.000000e+00
      vertex   5.437500e+00 -9.418026e+00 5.000000e-01
    endloop
  endfacet
  facet normal 3.582304e-01 -6.061564e-01 -7.101024e-01
    outer loop
      vertex   5.437500e+00 -9.418026e+00 5.000000e-01
      vertex   5.003740e+00 -9.088631e+00 0.000000e+00
      vertex   5.548511e+00 -8.766678e+00 0.000000e+00
    endloop
  endfacet
  facet normal 3.733044e-01 -6.040944e-01 -7.040694e-01
    outer loop
      vertex   5.437500e+00 -9.418026e+00 5.000000e-01
      vertex   5.548511e+00 -8.766678e+00 0.000000e+00
      vertex   5.991005e+00 -9.075984e+00 5.000000e-01
    endloop
  endfacet
  facet normal 3.945714e-01 -5.832690e-01 -7.100075e-01
    outer loop
      vertex   5.991005e+00 -9.075984e+00 5.000000e-01
      vertex   5.548511e+00 -8.766678e+00 0.000000e+00
      vertex   6.072643e+00 -8.412113e+00 0.000000e+00
    endloop
  endfacet
  facet normal 4.087078e-01 -5.806087e-01 -7.041672e-01
    outer loop
      vertex   5.991005e+00 -9.075984e+00 5.000000e-01
      vertex   6.072643e+00 -8.412113e+00 0.000000e+00
      vertex   6.523063e+00 -8.701452e+00 5.000000e-01
    endloop
  endfacet
  facet normal 4.294605e-01 -5.582135e-01 -7.099024e-01
    outer loop
      vertex   6.523063e+00 -8.701452e+00 5.000000e-01
      vertex   6.072643e+00 -8.412113e+00 0.000000e+00
      vertex   6.574183e+00 -8.026253e+00 0.000000e+00
    endloop
  endfacet
  facet normal 4.426324e-01 -5.550435e-01 -7.042750e-01
    outer loop
      vertex   6.523063e+00 -8.701452e+00 5.000000e-01
      vertex   6.574183e+00 -8.026253e+00 0.000000e+00
      vertex   7.031771e+00 -8.295772e+00 5.000000e-01
    endloop
  endfacet
  facet normal 4.627690e-01 -5.310813e-01 -7.097870e-01
    outer loop
      vertex   7.031771e+00 -8.295772e+00 5.000000e-01
      vertex   6.574183e+00 -8.026253e+00 0.000000e+00
      vertex   7.051267e+00 -7.610536e+00 0.000000e+00
    endloop
  endfacet
  facet normal 4.749559e-01 -5.274920e-01 -7.043927e-01
    outer loop
      vertex   7.031771e+00 -8.295772e+00 5.000000e-01
      vertex   7.051267e+00 -7.610536e+00 0.000000e+00
      vertex   7.515306e+00 -7.860394e+00 5.000000e-01
    endloop
  endfacet
  facet normal 4.943740e-01 -5.019715e-01 -7.096612e-01
    outer loop
      vertex   7.515306e+00 -7.860394e+00 5.000000e-01
      vertex   7.051267e+00 -7.610536e+00 0.000000e+00
      vertex   7.502120e+00 -7.166507e+00 0.000000e+00
    endloop
  endfacet
  facet normal 5.055617e-01 -4.980545e-01 -7.045204e-01
    outer loop
      vertex   7.515306e+00 -7.860394e+00 5.000000e-01
      vertex   7.502120e+00 -7.166507e+00 0.000000e+00
      vertex   7.971939e+00 -7.396879e+00 5.000000e-01
    endloop
  endfacet
  facet normal 5.241586e-01 -4.709904e-01 -7.095251e-01
    outer loop
      vertex   7.971939e+00 -7.396879e+00 5.000000e-01
      vertex   7.502120e+00 -7.166507e+00 0.000000e+00
      vertex   7.925065e+00 -6.695818e+00 0.000000e+00
    endloop
  endfacet
  facet normal 5.343396e-01 -4.668385e-01 -7.046581e-01
    outer loop
      vertex   7.971939e+00 -7.396879e+00 5.000000e-01
      vertex   7.925065e+00 -6.695818e+00 0.000000e+00
      vertex   8.400034e+00 -6.906884e+00 5.000000e-01
    endloop
  endfacet
  facet normal 5.520125e-01 -4.382512e-01 -7.093786e-01
    outer loop
      vertex   8.400034e+00 -6.906884e+00 5.000000e-01
      vertex   7.925065e+00 -6.695818e+00 0.000000e+00
      vertex   8.318527e+00 -6.200220e+00 0.000000e+00
    endloop
  endfacet
  facet normal 5.611862e-01 -4.339575e-01 -7.048056e-01
    outer loop
      vertex   8.400034e+00 -6.906884e+00 5.000000e-01
      vertex   8.318527e+00 -6.200220e+00 0.000000e+00
      vertex   8.798060e+00 -6.392165e+00 5.000000e-01
    endloop
  endfacet
  facet normal 5.778326e-01 -4.038736e-01 -7.092218e-01
    outer loop
      vertex   8.798060e+00 -6.392165e+00 5.000000e-01
      vertex   8.318527e+00 -6.200220e+00 0.000000e+00
      vertex   8.681045e+00 -5.681557e+00 0.000000e+00
    endloop
  endfacet
  facet normal 5.860049e-01 -3.995314e-01 -7.049631e-01
    outer loop
      vertex   8.798060e+00 -6.392165e+00 5.000000e-01
      vertex   8.681045e+00 -5.681557e+00 0.000000e+00
      vertex   9.164590e+00 -5.854563e+00 5.000000e-01
    endloop
  endfacet
  facet normal 6.015231e-01 -3.679832e-01 -7.090545e-01
    outer loop
      vertex   9.164590e+00 -5.854563e+00 5.000000e-01
      vertex   8.681045e+00 -5.681557e+00 0.000000e+00
      vertex   9.011268e+00 -5.141758e+00 0.000000e+00
    endloop
  endfacet
  facet normal 6.087068e-01 -3.636854e-01 -7.051304e-01
    outer loop
      vertex   9.164590e+00 -5.854563e+00 5.000000e-01
      vertex   9.011268e+00 -5.141758e+00 0.000000e+00
      vertex   9.498314e+00 -5.296003e+00 5.000000e-01
    endloop
  endfacet
  facet normal 6.229957e-01 -3.307112e-01 -7.088769e-01
    outer loop
      vertex   9.498314e+00 -5.296003e+00 5.000000e-01
      vertex   9.011268e+00 -5.141758e+00 0.000000e+00
      vertex   9.307969e+00 -4.582831e+00 0.000000e+00
    endloop
  endfacet
  facet normal 6.292108e-01 -3.265501e-01 -7.053076e-01
    outer loop
      vertex   9.498314e+00 -5.296003e+00 5.000000e-01
      vertex   9.307969e+00 -4.582831e+00 0.000000e+00
      vertex   9.798036e+00 -4.718486e+00 5.000000e-01
    endloop
  endfacet
  facet normal 6.421704e-01 -2.921941e-01 -7.086888e-01
    outer loop
      vertex   9.798036e+00 -4.718486e+00 5.000000e-01
      vertex   9.307969e+00 -4.582831e+00 0.000000e+00
      vertex   9.570043e+00 -4.006857e+00 0.000000e+00
    endloop
  endfacet
  facet normal 6.474436e-01 -2.882605e-01 -7.054947e-01
    outer loop
      vertex   9.798036e+00 -4.718486e+00 5.000000e-01
      vertex   9.570043e+00 -4.006857e+00 0.000000e+00
      vertex   1.006268e+01 -4.124077e+00 5.000000e-01
    endloop
  endfacet
  facet normal 6.589755e-01 -2.525727e-01 -7.084902e-01
    outer loop
      vertex   1.006268e+01 -4.124077e+00 5.000000e-01
      vertex   9.570043e+00 -4.006857e+00 0.000000e+00
      vertex   9.796516e+00 -3.415976e+00 0.000000e+00
    endloop
  endfacet
  facet normal 6.633404e-01 -2.489558e-01 -7.056915e-01
    outer loop
      vertex   1.006268e+01 -4.124077e+00 5.000000e-01
      vertex   9.796516e+00 -3.415976e+00 0.000000e+00
      vertex   1.029131e+01 -3.514905e+00 5.000000e-01
    endloop
  endfacet
  facet normal 6.733478e-01 -2.119922e-01 -7.082811e-01
    outer loop
      vertex   1.029131e+01 -3.514905e+00 5.000000e-01
      vertex   9.796516e+00 -3.415976e+00 0.000000e+00
      vertex   9.986546e+00 -2.812387e+00 0.000000e+00
    endloop
  endfacet
  facet normal 6.768450e-01 -2.087790e-01 -7.058982e-01
    outer loop
      vertex   1.029131e+01 -3.514905e+00 5.000000e-01
      vertex   9.986546e+00 -2.812387e+00 0.000000e+00
      vertex   1.048310e+01 -2.893151e+00 5.000000e-01
    endloop
  endfacet
  facet normal 6.852329e-01 -1.706011e-01 -7.080615e-01
    outer loop
      vertex   1.048310e+01 -2.893151e+00 5.000000e-01
      vertex   9.986546e+00 -2.812387e+00 0.000000e+00
      vertex   1.013943e+01 -2.198337e+00 0.000000e+00
    endloop
  endfacet
  facet normal 6.879098e-01 -1.678760e-01 -7.061146e-01
    outer loop
      vertex   1.048310e+01 -2.893151e+00 5.000000e-01
      vertex   1.013943e+01 -2.198337e+00 0.000000e+00
      vertex   1.063736e+01 -2.261040e+00 5.000000e-01
    endloop
  endfacet
  facet normal 6.945857e-01 -1.285513e-01 -7.078314e-01
    outer loop
      vertex   1.063736e+01 -2.261040e+00 5.000000e-01
      vertex   1.013943e+01 -2.198337e+00 0.000000e+00
      vertex   1.025458e+01 -1.576108e+00 0.000000e+00
    endloop
  endfacet
  facet normal 6.964962e-01 -1.263954e-01 -7.063407e-01
    outer loop
      vertex   1.063736e+01 -2.261040e+00 5.000000e-01
      vertex   1.025458e+01 -1.576108e+00 0.000000e+00
      vertex   1.075354e+01 -1.620835e+00 5.000000e-01
    endloop
  endfacet
  facet normal 7.013701e-01 -8.599679e-02 -7.075906e-01
    outer loop
      vertex   1.075354e+01 -1.620835e+00 5.000000e-01
      vertex   1.025458e+01 -1.576108e+00 0.000000e+00
      vertex   1.033160e+01 -9.480163e-01 0.000000e+00
    endloop
  endfacet
  facet normal 7.025748e-01 -8.448772e-02 -7.065766e-01
    outer loop
      vertex   1.075354e+01 -1.620835e+00 5.000000e-01
      vertex   1.033160e+01 -9.480163e-01 0.000000e+00
      vertex   1.083122e+01 -9.748275e-01 5.000000e-01
    endloop
  endfacet
  facet normal 7.055594e-01 -4.309386e-02 -7.073393e-01
    outer loop
      vertex   1.083122e+01 -9.748275e-01 5.000000e-01
      vertex   1.033160e+01 -9.480163e-01 0.000000e+00
      vertex   1.037017e+01 -3.163978e-01 0.000000e+00
    endloop
  endfacet
  facet normal 7.061252e-01 -4.230494e-02 -7.068221e-01
    outer loop
      vertex   1.083122e+01 -9.748275e-01 5.000000e-01
      vertex   1.037017e+01 -3.163978e-01 0.000000e+00
      vertex   1.087013e+01 -3.253307e-01 5.000000e-01
    endloop
  endfacet
  facet normal 7.071363e-01 0.000000e+00 -7.070773e-01
    outer loop
      vertex   1.087013e+01 -3.253307e-01 5.000000e-01
      vertex   1.037017e+01 -3.163978e-01 0.000000e+00
      vertex   1.087013e+01 3.253307e-01 5.000000e-01
    endloop
  endfacet
  facet normal 7.071363e-01 0.000000e+00 -7.070773e-01
    outer loop
      vertex   1.087013e+01 3.253307e-01 5.000000e-01
      vertex   1.037017e+01 -3.163978e-01 0.000000e+00
      vertex   1.037017e+01 3.163978e-01 0.000000e+00
    endloop
  endfacet
  facet normal 7.061252e-01 4.230494e-02 -7.068221e-01
    outer loop
      vertex   1.087013e+01 3.253307e-01 5.000000e-01
      vertex   1.037017e+01 3.163978e-01 0.000000e+00
      vertex   1.083122e+01 9.748275e-01 5.000000e-01
    endloop
  endfacet
  facet normal 7.055594e-01 4.309386e-02 -7.073393e-01
    outer loop
      vertex   1.083122e+01 9.748275e-01 5.000000e-01
      vertex   1.037017e+01 3.163978e-01 0.000000e+00
      vertex   1.033160e+01 9.480163e-01 0.000000e+00
    endloop
  endfacet
  facet normal 7.025748e-01 8.448772e-02 -7.065766e-01
    outer loop
      vertex   1.083122e+01 9.748275e-01 5.000000e-01
      vertex   1.033160e+01 9.480163e-01 0.000000e+00
      vertex   1.075354e+01 1.620835e+00 5.000000e-01
    endloop
  endfacet
  facet normal 7.013701e-01 8.599679e-02 -7.075906e-01
    outer loop
      vertex   1.075354e+01 1.620835e+00 5.000000e-01
      vertex   1.033160e+01 9.480163e-01 0.000000e+00
      vertex   1.025458e+01 1.576108e+00 0.000000e+00
    endloop
  endfacet
  facet normal 6.964962e-01 1.263954e-01 -7.063407e-01
    outer loop
      vertex   1.075354e+01 1.620835e+00 5.000000e-01
      vertex   1.025458e+01 1.576108e+00 0.000000e+00
      vertex   1.063736e+01 2.261040e+00 5.000000e-01
    endloop
  endfacet
  facet normal 6.945857e-01 1.285513e-01 -7.078314e-01
    outer loop
      vertex   1.063736e+01 2.261040e+00 5.000000e-01
      vertex   1.025458e+01 1.576108e+00 0.000000e+00
      vertex   1.013943e+01 2.198337e+00 0.000000e+00
    endloop
  endfacet
  facet normal 6.879098e-01 1.678760e-01 -7.061146e-01
    outer loop
      vertex   1.063736e+01 2.261040e+00 5.000000e-01
      vertex   1.013943e+01 2.198337e+00 0.000000e+00
      vertex   1.048310e+01 2.893151e+00 5.000000e-01
    endloop
  endfacet
  facet normal 6.852329e-01 1.706011e-01 -7.080615e-01
    outer loop
      vertex   1.048310e+01 2.893151e+00 5.000000e-01
      vertex   1.013943e+01 2.198337e+00 0.000000e+00
      vertex   9.986546e+00 2.812387e+00 0.000000e+00
    endloop
  endfacet
  facet normal 6.768450e-01 2.087790e-01 -7.058982e-01
    outer loop
      vertex   1.048310e+01 2.893151e+00 5.000000e-01
      vertex   9.986546e+00 2.812387e+00 0.000000e+00
      vertex   1.029131e+01 3.514905e+00 5.000000e-01
    endloop
  endfacet
  facet normal 6.733478e-01 2.119922e-01 -7.082811e-01
    outer loop
      vertex   1.029131e+01 3.514905e+00 5.000000e-01
      vertex   9.986546e+00 2.812387e+00 0.000000e+00
      vertex   9.796516e+00 3.415976e+00 0.000000e+00
    endloop
  endfacet
  facet normal 6.633404e-01 2.489558e-01 -7.056915e-01
    outer loop
      vertex   1.029131e+01 3.514905e+00 5.000000e-01
      vertex   9.796516e+00 3.415976e+00 0.000000e+00
      vertex   1.006268e+01 4.124077e+00 5.000000e-01
    endloop
  endfacet
  facet normal 6.589755e-01 2.525727e-01 -7.084902e-01
    outer loop
      vertex   1.006268e+01 4.124077e+00 5.000000e-01
      vertex   9.796516e+00 3.415976e+00 0.000000e+00
      vertex   9.570043e+00 4.006857e+00 0.000000e+00
    endloop
  endfacet
  facet normal 6.474436e-01 2.882605e-01 -7.054947e-01
    outer loop
      vertex   1.006268e+01 4.124077e+00 5.000000e-01
      vertex   9.570043e+00 4.006857e+00 0.000000e+00
      vertex   9.798036e+00 4.718486e+00 5.000000e-01
    endloop
  endfacet
  facet normal 6.421704e-01 2.921941e-01 -7.086888e-01
    outer loop
      vertex   9.798036e+00 4.718486e+00 5.000000e-01
      vertex   9.570043e+00 4.006857e+00 0.000000e+00
      vertex   9.307969e+00 4.582831e+00 0.000000e+00
    endloop
  endfacet
  facet normal 6.292108e-01 3.265501e-01 -7.053076e-01
    outer loop
      vertex   9.798036e+00 4.718486e+00 5.000000e-01
      vertex   9.307969e+00 4.582831e+00 0.000000e+00
      vertex   9.498314e+00 5.296003e+00 5.000000e-01
    endloop
  endfacet
  facet normal 6.229957e-01 3.307112e-01 -7.088769e-01
    outer loop
      vertex   9.498314e+00 5.296003e+00 5.000000e-01
      vertex   9.307969e+00 4.582831e+00 0.000000e+00
      vertex   9.011268e+00 5.141758e+00 0.000000e+00
    endloop
  endfacet
  facet normal 6.087068e-01 3.636854e-01 -7.051304e-01
    outer loop
      vertex   9.498314e+00 5.296003e+00 5.000000e-01
      vertex   9.011268e+00 5.141758e+00 0.000000e+00
      vertex   9.164590e+00 5.854563e+00 5.000000e-01
    endloop
  endfacet
  facet normal 6.015231e-01 3.679832e-01 -7.090545e-01
    outer loop
      vertex   9.164590e+00 5.854563e+00 5.000000e-01
      vertex   9.011268e+00 5.141758e+00 0.000000e+00
      vertex   8.681045e+00 5.681557e+00 0.000000e+00
    endloop
  endfacet
  facet normal 5.860049e-01 3.995314e-01 -7.049631e-01
    outer loop
      vertex   9.164590e+00 5.854563e+00 5.000000e-01
      vertex   8.681045e+00 5.681557e+00 0.000000e+00
      vertex   8.798060e+00 6.392165e+00 5.000000e-01
    endloop
  endfacet
  facet normal 5.778326e-01 4.038736e-01 -7.092218e-01
    outer loop
      vertex   8.798060e+00 6.392165e+00 5.000000e-01
      vertex   8.681045e+00 5.681557e+00 0.000000e+00
      vertex   8.318527e+00 6.200220e+00 0.000000e+00
    endloop
  endfacet
  facet normal 5.611862e-01 4.339575e-01 -7.048056e-01
    outer loop
      vertex   8.798060e+00 6.392165e+00 5.000000e-01
      vertex   8.318527e+00 6.200220e+00 0.000000e+00
      vertex   8.400034e+00 6.906884e+00 5.000000e-01
    endloop
  endfacet
  facet normal 5.520125e-01 4.382512e-01 -7.093786e-01
    outer loop
      vertex   8.400034e+00 6.906884e+00 5.000000e-01
      vertex   8.318527e+00 6.200220e+00 0.000000e+00
      vertex   7.925065e+00 6.695818e+00 0.000000e+00
    endloop
  endfacet
  facet normal 5.343396e-01 4.668385e-01 -7.046581e-01
    outer loop
      vertex   8.400034e+00 6.906884e+00 5.000000e-01
      vertex   7.925065e+00 6.695818e+00 0.000000e+00
      vertex   7.971939e+00 7.396879e+00 5.000000e-01
    endloop
  endfacet
  facet normal 5.241586e-01 4.709904e-01 -7.095251e-01
    outer loop
      vertex   7.971939e+00 7.396879e+00 5.000000e-01
      vertex   7.925065e+00 6.695818e+00 0.000000e+00
      vertex   7.502120e+00 7.166507e+00 0.000000e+00
    endloop
  endfacet
  facet normal 5.055617e-01 4.980545e-01 -7.045204e-01
    outer loop
      vertex   7.971939e+00 7.396879e+00 5.000000e-01
      vertex   7.502120e+00 7.166507e+00 0.000000e+00
      vertex   7.515306e+00 7.860394e+00 5.000000e-01
    endloop
  endfacet
  facet normal 4.943740e-01 5.019715e-01 -7.096612e-01
    outer loop
      vertex   7.515306e+00 7.860394e+00 5.000000e-01
      vertex   7.502120e+00 7.166507e+00 0.000000e+00
      vertex   7.051267e+00 7.610536e+00 0.000000e+00
    endloop
  endfacet
  facet normal 4.749559e-01 5.274920e-01 -7.043927e-01
    outer loop
      vertex   7.515306e+00 7.860394e+00 5.000000e-01
      vertex   7.051267e+00 7.610536e+00 0.000000e+00
      vertex   7.031771e+00 8.295772e+00 5.000000e-01
    endloop
  endfacet
  facet normal 4.627690e-01 5.310813e-01 -7.097870e-01
    outer loop
      vertex   7.031771e+00 8.295772e+00 5.000000e-01
      vertex   7.051267e+00 7.610536e+00 0.000000e+00
      vertex   6.574183e+00 8.026253e+00 0.000000e+00
    endloop
  endfacet
  facet normal 4.426324e-01 5.550435e-01 -7.042750e-01
    outer loop
      vertex   7.031771e+00 8.295772e+00 5.000000e-01
      vertex   6.574183e+00 8.026253e+00 0.000000e+00
      vertex   6.523063e+00 8.701452e+00 5.000000e-01
    endloop
  endfacet
  facet normal 4.294605e-01 5.582135e-01 -7.099024e-01
    outer loop
      vertex   6.523063e+00 8.701452e+00 5.000000e-01
      vertex   6.574183e+00 8.026253e+00 0.000000e+00
      vertex   6.072643e+00 8.412113e+00 0.000000e+00
    endloop
  endfacet
  facet normal 4.087078e-01 5.806087e-01 -7.041672e-01
    outer loop
      vertex   6.523063e+00 8.701452e+00 5.000000e-01
      vertex   6.072643e+00 8.412113e+00 0.000000e+00
      vertex   5.991005e+00 9.075984e+00 5.000000e-01
    endloop
  endfacet
  facet normal 3.945714e-01 5.832690e-01 -7.100075e-01
    outer loop
      vertex   5.991005e+00 9.075984e+00 5.000000e-01
      vertex   6.072643e+00 8.412113e+00 0.000000e+00
      vertex   5.548511e+00 8.766678e+00 0.000000e+00
    endloop
  endfacet
  facet normal 3.733044e-01 6.040944e-01 -7.040694e-01
    outer loop
      vertex   5.991005e+00 9.075984e+00 5.000000e-01
      vertex   5.548511e+00 8.766678e+00 0.000000e+00
      vertex   5.437500e+00 9.418026e+00 5.000000e-01
    endloop
  endfacet
  facet normal 3.582304e-01 6.061564e-01 -7.101024e-01
    outer loop
      vertex   5.437500e+00 9.418026e+00 5.000000e-01
      vertex   5.548511e+00 8.766678e+00 0.000000e+00
      vertex   5.003740e+00 9.088631e+00 0.000000e+00
    endloop
  endfacet
  facet normal 3.365501e-01 6.254150e-01 -7.039816e-01
    outer loop
      vertex   5.437500e+00 9.418026e+00 5.000000e-01
      vertex   5.003740e+00 9.088631e+00 0.000000e+00
      vertex   4.864530e+00 9.726354e+00 5.000000e-01
    endloop
  endfacet
  facet normal 3.205716e-01 6.267922e-01 -7.101869e-01
    outer loop
      vertex   4.864530e+00 9.726354e+00 5.000000e-01
      vertex   5.003740e+00 9.088631e+00 0.000000e+00
      vertex   4.440353e+00 9.376774e+00 0.000000e+00
    endloop
  endfacet
  facet normal 2.985778e-01 6.444926e-01 -7.039038e-01
    outer loop
      vertex   4.864530e+00 9.726354e+00 5.000000e-01
      vertex   4.440353e+00 9.376774e+00 0.000000e+00
      vertex   4.274147e+00 9.999865e+00 5.000000e-01
    endloop
  endfacet
  facet normal 2.817336e-01 6.451010e-01 -7.102612e-01
    outer loop
      vertex   4.274147e+00 9.999865e+00 5.000000e-01
      vertex   4.440353e+00 9.376774e+00 0.000000e+00
      vertex   3.860449e+00 9.630034e+00 0.000000e+00
    endloop
  endfacet
  facet normal 2.595245e-01 6.612578e-01 -7.038360e-01
    outer loop
      vertex   4.274147e+00 9.999865e+00 5.000000e-01
      vertex   3.860449e+00 9.630034e+00 0.000000e+00
      vertex   3.668464e+00 1.023758e+01 5.000000e-01
    endloop
  endfacet
  facet normal 2.418594e-01 6.610160e-01 -7.103252e-01
    outer loop
      vertex   3.668464e+00 1.023758e+01 5.000000e-01
      vertex   3.860449e+00 9.630034e+00 0.000000e+00
      vertex   3.266183e+00 9.847470e+00 0.000000e+00
    endloop
  endfacet
  facet normal 2.195318e-01 6.756493e-01 -7.037783e-01
    outer loop
      vertex   3.668464e+00 1.023758e+01 5.000000e-01
      vertex   3.266183e+00 9.847470e+00 0.000000e+00
      vertex   3.049648e+00 1.043864e+01 5.000000e-01
    endloop
  endfacet
  facet normal 2.010959e-01 6.744792e-01 -7.103789e-01
    outer loop
      vertex   3.049648e+00 1.043864e+01 5.000000e-01
      vertex   3.266183e+00 9.847470e+00 0.000000e+00
      vertex   2.659767e+00 1.002827e+01 0.000000e+00
    endloop
  endfacet
  facet normal 1.787441e-01 6.876146e-01 -7.037306e-01
    outer loop
      vertex   3.049648e+00 1.043864e+01 5.000000e-01
      vertex   2.659767e+00 1.002827e+01 0.000000e+00
      vertex   2.419915e+00 1.060234e+01 5.000000e-01
    endloop
  endfacet
  facet normal 1.595929e-01 6.854415e-01 -7.104224e-01
    outer loop
      vertex   2.419915e+00 1.060234e+01 5.000000e-01
      vertex   2.659767e+00 1.002827e+01 0.000000e+00
      vertex   2.043456e+00 1.017177e+01 0.000000e+00
    endloop
  endfacet
  facet normal 1.373092e-01 6.971101e-01 -7.036929e-01
    outer loop
      vertex   2.419915e+00 1.060234e+01 5.000000e-01
      vertex   2.043456e+00 1.017177e+01 0.000000e+00
      vertex   1.781520e+00 1.072809e+01 5.000000e-01
    endloop
  endfacet
  facet normal 1.175032e-01 6.938629e-01 -7.104557e-01
    outer loop
      vertex   1.781520e+00 1.072809e+01 5.000000e-01
      vertex   2.043456e+00 1.017177e+01 0.000000e+00
      vertex   1.419544e+00 1.027743e+01 0.000000e+00
    endloop
  endfacet
  facet normal 9.537698e-02 7.041011e-01 -7.036653e-01
    outer loop
      vertex   1.781520e+00 1.072809e+01 5.000000e-01
      vertex   1.419544e+00 1.027743e+01 0.000000e+00
      vertex   1.136747e+00 1.081543e+01 5.000000e-01
    endloop
  endfacet
  facet normal 7.498158e-02 6.997126e-01 -7.104787e-01
    outer loop
      vertex   1.136747e+00 1.081543e+01 5.000000e-01
      vertex   1.419544e+00 1.027743e+01 0.000000e+00
      vertex   7.903507e-01 1.034485e+01 0.000000e+00
    endloop
  endfacet
  facet normal 5.309940e-02 7.085622e-01 -7.036477e-01
    outer loop
      vertex   1.136747e+00 1.081543e+01 5.000000e-01
      vertex   7.903507e-01 1.034485e+01 0.000000e+00
      vertex   4.879050e-01 1.086405e+01 5.000000e-01
    endloop
  endfacet
  facet normal 3.218426e-02 7.029694e-01 -7.104915e-01
    outer loop
      vertex   4.879050e-01 1.086405e+01 5.000000e-01
      vertex   7.903507e-01 1.034485e+01 0.000000e+00
      vertex   1.582173e-01 1.037379e+01 0.000000e+00
    endloop
  endfacet
  facet normal 1.062950e-02 7.104770e-01 -7.036401e-01
    outer loop
      vertex   4.879050e-01 1.086405e+01 5.000000e-01
      vertex   1.582173e-01 1.037379e+01 0.000000e+00
      vertex   -1.626836e-01 1.087378e+01 5.000000e-01
    endloop
  endfacet
  facet normal -1.073137e-02 7.036213e-01 -7.104941e-01
    outer loop
      vertex   -1.626836e-01 1.087378e+01 5.000000e-01
      vertex   1.582173e-01 1.037379e+01 0.000000e+00
      vertex   -4.745047e-01 1.036414e+01 0.000000e+00
    endloop
  endfacet
  facet normal -3.187889e-02 7.098385e-01 -7.036427e-01
    outer loop
      vertex   -1.626836e-01 1.087378e+01 5.000000e-01
      vertex   -4.745047e-01 1.036414e+01 0.000000e+00
      vertex   -8.126898e-01 1.084459e+01 5.000000e-01
    endloop
  endfacet
  facet normal -5.360756e-02 7.016661e-01 -7.104864e-01
    outer loop
      vertex   -8.126898e-01 1.084459e+01 5.000000e-01
      vertex   -4.745047e-01 1.036414e+01 0.000000e+00
      vertex   -1.105461e+00 1.031594e+01 0.000000e+00
    endloop
  endfacet
  facet normal -7.427182e-02 7.066492e-01 -7.036552e-01
    outer loop
      vertex   -8.126898e-01 1.084459e+01 5.000000e-01
      vertex   -1.105461e+00 1.031594e+01 0.000000e+00
      vertex   -1.459787e+00 1.077658e+01 5.000000e-01
    endloop
  endfacet
  facet normal -9.628667e-02 6.971107e-01 -7.104685e-01
    outer loop
      vertex   -1.459787e+00 1.077658e+01 5.000000e-01
      vertex   -1.105461e+00 1.031594e+01 0.000000e+00
      vertex   -1.732306e+00 1.022936e+01 0.000000e+00
    endloop
  endfacet
  facet normal -1.163958e-01 7.009205e-01 -7.036778e-01
    outer loop
      vertex   -1.459787e+00 1.077658e+01 5.000000e-01
      vertex   -1.732306e+00 1.022936e+01 0.000000e+00
      vertex   -2.101658e+00 1.066999e+01 5.000000e-01
    endloop
  endfacet
  facet normal -1.386118e-01 6.899719e-01 -7.104404e-01
    outer loop
      vertex   -2.101658e+00 1.066999e+01 5.000000e-01
      vertex   -1.732306e+00 1.022936e+01 0.000000e+00
      vertex   -2.352706e+00 1.010472e+01 0.000000e+00
    endloop
  endfacet
  facet normal -1.580982e-01 6.926735e-01 -7.037105e-01
    outer loop
      vertex   -2.101658e+00 1.066999e+01 5.000000e-01
      vertex   -2.352706e+00 1.010472e+01 0.000000e+00
      vertex   -2.736006e+00 1.052520e+01 5.000000e-01
    endloop
  endfacet
  facet normal -1.804274e-01 6.802757e-01 -7.104020e-01
    outer loop
      vertex   -2.736006e+00 1.052520e+01 5.000000e-01
      vertex   -2.352706e+00 1.010472e+01 0.000000e+00
      vertex   -2.964354e+00 9.942496e+00 0.000000e+00
    endloop
  endfacet
  facet normal -1.992281e-01 6.819381e-01 -7.037532e-01
    outer loop
      vertex   -2.736006e+00 1.052520e+01 5.000000e-01
      vertex   -2.964354e+00 9.942496e+00 0.000000e+00
      vertex   -3.360560e+00 1.034274e+01 5.000000e-01
    endloop
  endfacet
  facet normal -2.215795e-01 6.680574e-01 -7.103533e-01
    outer loop
      vertex   -3.360560e+00 1.034274e+01 5.000000e-01
      vertex   -2.964354e+00 9.942496e+00 0.000000e+00
      vertex   -3.564974e+00 9.743284e+00 0.000000e+00
    endloop
  endfacet
  facet normal -2.396366e-01 6.687537e-01 -7.038059e-01
    outer loop
      vertex   -3.360560e+00 1.034274e+01 5.000000e-01
      vertex   -3.564974e+00 9.743284e+00 0.000000e+00
      vertex   -3.973084e+00 1.012325e+01 5.000000e-01
    endloop
  endfacet
  facet normal -2.619169e-01 6.533616e-01 -7.102945e-01
    outer loop
      vertex   -3.973084e+00 1.012325e+01 5.000000e-01
      vertex   -3.564974e+00 9.743284e+00 0.000000e+00
      vertex   -4.152332e+00 9.507826e+00 0.000000e+00
    endloop
  endfacet
  facet normal -2.791775e-01 6.531683e-01 -7.038687e-01
    outer loop
      vertex   -3.973084e+00 1.012325e+01 5.000000e-01
      vertex   -4.152332e+00 9.507826e+00 0.000000e+00
      vertex   -4.571385e+00 9.867526e+00 5.000000e-01
    endloop
  endfacet
  facet normal -3.012911e-01 6.362418e-01 -7.102253e-01
    outer loop
      vertex   -4.571385e+00 9.867526e+00 5.000000e-01
      vertex   -4.152332e+00 9.507826e+00 0.000000e+00
      vertex   -4.724244e+00 9.236999e+00 0.000000e+00
    endloop
  endfacet
  facet normal -3.177077e-01 6.352387e-01 -7.039415e-01
    outer loop
      vertex   -4.571385e+00 9.867526e+00 5.000000e-01
      vertex   -4.724244e+00 9.236999e+00 0.000000e+00
      vertex   -5.153322e+00 9.576476e+00 5.000000e-01
    endloop
  endfacet
  facet normal -3.395572e-01 6.167607e-01 -7.101459e-01
    outer loop
      vertex   -5.153322e+00 9.576476e+00 5.000000e-01
      vertex   -4.724244e+00 9.236999e+00 0.000000e+00
      vertex   -5.278581e+00 8.931809e+00 0.000000e+00
    endloop
  endfacet
  facet normal -3.550880e-01 6.150304e-01 -7.040243e-01
    outer loop
      vertex   -5.153322e+00 9.576476e+00 5.000000e-01
      vertex   -5.278581e+00 8.931809e+00 0.000000e+00
      vertex   -5.716811e+00 9.251146e+00 5.000000e-01
    endloop
  endfacet
  facet normal -3.765741e-01 5.949892e-01 -7.100562e-01
    outer loop
      vertex   -5.716811e+00 9.251146e+00 5.000000e-01
      vertex   -5.278581e+00 8.931809e+00 0.000000e+00
      vertex   -5.813281e+00 8.593392e+00 0.000000e+00
    endloop
  endfacet
  facet normal -3.911831e-01 5.926170e-01 -7.041171e-01
    outer loop
      vertex   -5.716811e+00 9.251146e+00 5.000000e-01
      vertex   -5.813281e+00 8.593392e+00 0.000000e+00
      vertex   -6.259836e+00 8.892698e+00 5.000000e-01
    endloop
  endfacet
  facet normal -4.122056e-01 5.710067e-01 -7.099562e-01
    outer loop
      vertex   -6.259836e+00 8.892698e+00 5.000000e-01
      vertex   -5.813281e+00 8.593392e+00 0.000000e+00
      vertex   -6.326355e+00 8.223008e+00 0.000000e+00
    endloop
  endfacet
  facet normal -4.258627e-01 5.680804e-01 -7.042198e-01
    outer loop
      vertex   -6.259836e+00 8.892698e+00 5.000000e-01
      vertex   -6.326355e+00 8.223008e+00 0.000000e+00
      vertex   -6.780452e+00 8.502417e+00 5.000000e-01
    endloop
  endfacet
  facet normal -4.463201e-01 5.449009e-01 -7.098460e-01
    outer loop
      vertex   -6.780452e+00 8.502417e+00 5.000000e-01
      vertex   -6.326355e+00 8.223008e+00 0.000000e+00
      vertex   -6.815895e+00 7.822033e+00 0.000000e+00
    endloop
  endfacet
  facet normal -4.590017e-01 5.415099e-01 -7.043326e-01
    outer loop
      vertex   -6.780452e+00 8.502417e+00 5.000000e-01
      vertex   -6.815895e+00 7.822033e+00 0.000000e+00
      vertex   -7.276795e+00 8.081700e+00 5.000000e-01
    endloop
  endfacet
  facet normal -4.787919e-01 5.167671e-01 -7.097254e-01
    outer loop
      vertex   -7.276795e+00 8.081700e+00 5.000000e-01
      vertex   -6.815895e+00 7.822033e+00 0.000000e+00
      vertex   -7.280080e+00 7.391959e+00 0.000000e+00
    endloop
  endfacet
  facet normal -4.904806e-01 5.130024e-01 -7.044553e-01
    outer loop
      vertex   -7.276795e+00 8.081700e+00 5.000000e-01
      vertex   -7.280080e+00 7.391959e+00 0.000000e+00
      vertex   -7.747090e+00 7.632052e+00 5.000000e-01
    endloop
  endfacet
  facet normal -5.095009e-01 4.867079e-01 -7.095944e-01
    outer loop
      vertex   -7.747090e+00 7.632052e+00 5.000000e-01
      vertex   -7.280080e+00 7.391959e+00 0.000000e+00
      vertex   -7.717182e+00 6.934388e+00 0.000000e+00
    endloop
  endfacet
  facet normal -5.201858e-01 4.826619e-01 -7.045880e-01
    outer loop
      vertex   -7.747090e+00 7.632052e+00 5.000000e-01
      vertex   -7.717182e+00 6.934388e+00 0.000000e+00
      vertex   -8.189652e+00 7.155084e+00 5.000000e-01
    endloop
  endfacet
  facet normal -5.383335e-01 4.548333e-01 -7.094532e-01
    outer loop
      vertex   -8.189652e+00 7.155084e+00 5.000000e-01
      vertex   -7.717182e+00 6.934388e+00 0.000000e+00
      vertex   -8.125575e+00 6.451019e+00 0.000000e+00
    endloop
  endfacet
  facet normal -5.480105e-01 4.505988e-01 -7.047306e-01
    outer loop
      vertex   -8.189652e+00 7.155084e+00 5.000000e-01
      vertex   -8.125575e+00 6.451019e+00 0.000000e+00
      vertex   -8.602898e+00 6.652502e+00 5.000000e-01
    endloop
  endfacet
  facet normal -5.651830e-01 4.212595e-01 -7.093015e-01
    outer loop
      vertex   -8.602898e+00 6.652502e+00 5.000000e-01
      vertex   -8.125575e+00 6.451019e+00 0.000000e+00
      vertex   -8.503741e+00 5.943653e+00 0.000000e+00
    endloop
  endfacet
  facet normal -5.738548e-01 4.169299e-01 -7.048831e-01
    outer loop
      vertex   -8.602898e+00 6.652502e+00 5.000000e-01
      vertex   -8.503741e+00 5.943653e+00 0.000000e+00
      vertex   -8.985347e+00 6.126106e+00 5.000000e-01
    endloop
  endfacet
  facet normal -5.899498e-01 3.861094e-01 -7.091395e-01
    outer loop
      vertex   -8.985347e+00 6.126106e+00 5.000000e-01
      vertex   -8.503741e+00 5.943653e+00 0.000000e+00
      vertex   -8.850273e+00 5.414176e+00 0.000000e+00
    endloop
  endfacet
  facet normal -5.976257e-01 3.817778e-01 -7.050455e-01
    outer loop
      vertex   -8.985347e+00 6.126106e+00 5.000000e-01
      vertex   -8.850273e+00 5.414176e+00 0.000000e+00
      vertex   -9.335631e+00 5.577780e+00 5.000000e-01
    endloop
  endfacet
  facet normal -6.125418e-01 3.495115e-01 -7.089670e-01
    outer loop
      vertex   -9.335631e+00 5.577780e+00 5.000000e-01
      vertex   -8.850273e+00 5.414176e+00 0.000000e+00
      vertex   -9.163881e+00 4.864557e+00 0.000000e+00
    endloop
  endfacet
  facet normal -6.192383e-01 3.452706e-01 -7.052178e-01
    outer loop
      vertex   -9.335631e+00 5.577780e+00 5.000000e-01
      vertex   -9.163881e+00 4.864557e+00 0.000000e+00
      vertex   -9.652495e+00 5.009487e+00 5.000000e-01
    endloop
  endfacet
  facet normal -6.328750e-01 3.115996e-01 -7.087841e-01
    outer loop
      vertex   -9.652495e+00 5.009487e+00 5.000000e-01
      vertex   -9.163881e+00 4.864557e+00 0.000000e+00
      vertex   -9.443398e+00 4.296843e+00 0.000000e+00
    endloop
  endfacet
  facet normal -6.386153e-01 3.075409e-01 -7.053999e-01
    outer loop
      vertex   -9.652495e+00 5.009487e+00 5.000000e-01
      vertex   -9.443398e+00 4.296843e+00 0.000000e+00
      vertex   -9.934807e+00 4.423261e+00 5.000000e-01
    endloop
  endfacet
  facet normal -6.508733e-01 2.725125e-01 -7.085908e-01
    outer loop
      vertex   -9.934807e+00 4.423261e+00 5.000000e-01
      vertex   -9.443398e+00 4.296843e+00 0.000000e+00
      vertex   -9.687786e+00 3.713143e+00 0.000000e+00
    endloop
  endfacet
  facet normal -6.556877e-01 2.687262e-01 -7.055919e-01
    outer loop
      vertex   -9.934807e+00 4.423261e+00 5.000000e-01
      vertex   -9.687786e+00 3.713143e+00 0.000000e+00
      vertex   -1.018155e+01 3.821201e+00 5.000000e-01
    endloop
  endfacet
  facet normal -6.664693e-01 2.323931e-01 -7.083870e-01
    outer loop
      vertex   -1.018155e+01 3.821201e+00 5.000000e-01
      vertex   -9.687786e+00 3.713143e+00 0.000000e+00
      vertex   -9.896134e+00 3.115631e+00 0.000000e+00
    endloop
  endfacet
  facet normal -6.703949e-01 2.289674e-01 -7.057936e-01
    outer loop
      vertex   -1.018155e+01 3.821201e+00 5.000000e-01
      vertex   -9.896134e+00 3.115631e+00 0.000000e+00
      vertex   -1.039185e+01 3.205463e+00 5.000000e-01
    endloop
  endfacet
  facet normal -6.796043e-01 1.913885e-01 -7.081726e-01
    outer loop
      vertex   -1.039185e+01 3.205463e+00 5.000000e-01
      vertex   -9.896134e+00 3.115631e+00 0.000000e+00
      vertex   -1.006767e+01 2.506528e+00 0.000000e+00
    endloop
  endfacet
  facet normal -6.826850e-01 1.884091e-01 -7.060052e-01
    outer loop
      vertex   -1.039185e+01 3.205463e+00 5.000000e-01
      vertex   -1.006767e+01 2.506528e+00 0.000000e+00
      vertex   -1.056495e+01 2.578249e+00 5.000000e-01
    endloop
  endfacet
  facet normal -6.902283e-01 1.496490e-01 -7.079478e-01
    outer loop
      vertex   -1.056495e+01 2.578249e+00 5.000000e-01
      vertex   -1.006767e+01 2.506528e+00 0.000000e+00
      vertex   -1.020175e+01 1.888101e+00 0.000000e+00
    endloop
  endfacet
  facet normal -6.925148e-01 1.471986e-01 -7.062264e-01
    outer loop
      vertex   -1.056495e+01 2.578249e+00 5.000000e-01
      vertex   -1.020175e+01 1.888101e+00 0.000000e+00
      vertex   -1.070023e+01 1.941806e+00 5.000000e-01
    endloop
  endfacet
  facet normal -6.983009e-01 1.073274e-01 -7.077123e-01
    outer loop
      vertex   -1.070023e+01 1.941806e+00 5.000000e-01
      vertex   -1.020175e+01 1.888101e+00 0.000000e+00
      vertex   -1.029788e+01 1.262649e+00 0.000000e+00
    endloop
  endfacet
  facet normal -6.998505e-01 1.054855e-01 -7.064574e-01
    outer loop
      vertex   -1.070023e+01 1.941806e+00 5.000000e-01
      vertex   -1.029788e+01 1.262649e+00 0.000000e+00
      vertex   -1.079721e+01 1.298412e+00 5.000000e-01
    endloop
  endfacet
  facet normal -7.037905e-01 6.457906e-02 -7.074663e-01
    outer loop
      vertex   -1.079721e+01 1.298412e+00 5.000000e-01
      vertex   -1.029788e+01 1.262649e+00 0.000000e+00
      vertex   -1.035570e+01 6.325012e-01 0.000000e+00
    endloop
  endfacet
  facet normal -7.046669e-01 6.342117e-02 -7.066981e-01
    outer loop
      vertex   -1.079721e+01 1.298412e+00 5.000000e-01
      vertex   -1.035570e+01 6.325012e-01 0.000000e+00
      vertex   -1.085554e+01 6.503702e-01 5.000000e-01
    endloop
  endfacet
  facet normal -7.066751e-01 2.156091e-02 -7.072096e-01
    outer loop
      vertex   -1.085554e+01 6.503702e-01 5.000000e-01
      vertex   -1.035570e+01 6.325012e-01 0.000000e+00
      vertex   -1.037500e+01 -1.270571e-15 0.000000e+00
    endloop
  endfacet
  facet normal -0.000000e+00 0.000000e+00 -1.000000e+00
    outer loop
      vertex   -4.605838e+00 -4.205737e-01 0.000000e+00
      vertex   -1.035570e+01 -6.325012e-01 0.000000e+00
      vertex   -4.625000e+00 5.663991e-16 0.000000e+00
    endloop
  endfacet
  facet normal 0.000000e+00 0.000000e+00 -1.000000e+00
    outer loop
      vertex   -4.625000e+00 5.663991e-16 0.000000e+00
      vertex   -1.035570e+01 -6.325012e-01 0.000000e+00
      vertex   -1.037500e+01 -1.270571e-15 0.000000e+00
    endloop
  endfacet
  facet normal -0.000000e+00 0.000000e+00 -1.000000e+00
    outer loop
      vertex   -4.625000e+00 5.663991e-16 0.000000e+00
      vertex   -1.037500e+01 -1.270571e-15 0.000000e+00
      vertex   -4.605838e+00 4.205737e-01 0.000000e+00
    endloop
  endfacet
  facet normal -0.000000e+00 0.000000e+00 -1.000000e+00
    outer loop
      vertex   -4.605838e+00 4.205737e-01 0.000000e+00
      vertex   -1.037500e+01 -1.270571e-15 0.000000e+00
      vertex   -1.035570e+01 6.325012e-01 0.000000e+00
    endloop
  endfacet
  facet normal 0.000000e+00 0.000000e+00 -1.000000e+00
    outer loop
      vertex   -4.605838e+00 4.205737e-01 0.000000e+00
      vertex   -1.035570e+01 6.325012e-01 0.000000e+00
      vertex   -4.548510e+00 8.376625e-01 0.000000e+00
    endloop
  endfacet
  facet normal -0.000000e+00 0.000000e+00 -1.000000e+00
    outer loop
      vertex   -4.548510e+00 8.376625e-01 0.000000e+00
      vertex   -1.035570e+01 6.325012e-01 0.000000e+00
      vertex   -4.453492e+00 1.247810e+00 0.000000e+00
    endloop
  endfacet
  facet normal -0.000000e+00 0.000000e+00 -1.000000e+00
    outer loop
      vertex   -4.453492e+00 1.247810e+00 0.000000e+00
      vertex   -1.035570e+01 6.325012e-01 0.000000e+00
      vertex   -1.029788e+01 1.262649e+00 0.000000e+00
    endloop
  endfacet
  facet normal 0.000000e+00 0.000000e+00 -1.000000e+00
    outer loop
      vertex   -4.453492e+00 1.247810e+00 0.000000e+00
      vertex   -1.029788e+01 1.262649e+00 0.000000e+00
      vertex   -4.321571e+00 1.647618e+00 0.000000e+00
    endloop
  endfacet
  facet normal -0.000000e+00 0.000000e+00 -1.000000e+00
    outer loop
      vertex   -4.321571e+00 1.647618e+00 0.000000e+00
      vertex   -1.029788e+01 1.262649e+00 0.000000e+00
      vertex   -1.020175e+01 1.888101e+00 0.000000e+00
    endloop
  endfacet
  facet normal 0.000000e+00 0.000000e+00 -1.000000e+00
    outer loop
      vertex   -4.321571e+00 1.647618e+00 0.000000e+00
      vertex   -1.020175e+01 1.888101e+00 0.000000e+00
      vertex   -4.153841e+00 2.033773e+00 0.000000e+00
    endloop
  endfacet
  facet normal -0.000000e+00 0.000000e+00 -1.000000e+00
    outer loop
      vertex   -4.153841e+00 2.033773e+00 0.000000e+00
      vertex   -1.020175e+01 1.888101e+00 0.000000e+00
      vertex   -3.951690e+00 2.403076e+00 0.000000e+00
    endloop
  endfacet
  facet normal -0.000000e+00 0.000000e+00 -1.000000e+00
    outer loop
      vertex   -3.951690e+00 2.403076e+00 0.000000e+00
      vertex   -1.020175e+01 1.888101e+00 0.000000e+00
      vertex   -1.006767e+01 2.506528e+00 0.000000e+00
    endloop
  endfacet
  facet normal 0.000000e+00 0.000000e+00 -1.000000e+00
    outer loop
      vertex   -3.951690e+00 2.403076e+00 0.000000e+00
      vertex   -1.006767e+01 2.506528e+00 0.000000e+00
      vertex   -3.716794e+00 2.752466e+00 0.000000e+00
    endloop
  endfacet
  facet normal -0.000000e+00 0.000000e+00 -1.000000e+00
    outer loop
      vertex   -3.716794e+00 2.752466e+00 0.000000e+00
      vertex   -1.006767e+01 2.506528e+00 0.000000e+00
      vertex   -3.451100e+00 3.079048e+00 0.000000e+00
    endloop
  endfacet
  facet normal -0.000000e+00 0.000000e+00 -1.000000e+00
    outer loop
      vertex   -3.451100e+00 3.079048e+00 0.000000e+00
      vertex   -1.006767e+01 2.506528e+00 0.000000e+00
      vertex   -9.896134e+00 3.115631e+00 0.000000e+00
    endloop
  endfacet
  facet normal 0.000000e+00 0.000000e+00 -1.000000e+00
    outer loop
      vertex   -3.451100e+00 3.079048e+00 0.000000e+00
      vertex   -9.896134e+00 3.115631e+00 0.000000e+00
      vertex   -3.156808e+00 3.380116e+00 0.000000e+00
    endloop
  endfacet
  facet normal -0.000000e+00 0.000000e+00 -1.000000e+00
    outer loop
      vertex   -3.156808e+00 3.380116e+00 0.000000e+00
      vertex   -9.896134e+00 3.115631e+00 0.000000e+00
      vertex   -2.836359e+00 3.653176e+00 0.000000e+00
    endloop
  endfacet
  facet normal -0.000000e+00 0.000000e+00 -1.000000e+00
    outer loop
      vertex   -2.836359e+00 3.653176e+00 0.000000e+00
      vertex   -9.896134e+00 3.115631e+00 0.000000e+00
      vertex   -9.687786e+00 3.713143e+00 0.000000e+00
    endloop
  endfacet
  facet normal 0.000000e+00 0.000000e+00 -1.000000e+00
    outer loop
      vertex   -2.836359e+00 3.653176e+00 0.000000e+00
      vertex   -9.687786e+00 3.713143e+00 0.000000e+00
      vertex   -2.492406e+00 3.895964e+00 0.000000e+00
    endloop
  endfacet
  facet normal -0.000000e+00 0.000000e+00 -1.000000e+00
    outer loop
      vertex   -2.492406e+00 3.895964e+00 0.000000e+00
      vertex   -9.687786e+00 3.713143e+00 0.000000e+00
      vertex   -2.127801e+00 4.106469e+00 0.000000e+00
    endloop
  endfacet
  facet normal -0.000000e+00 0.000000e+00 -1.000000e+00
    outer loop
      vertex   -2.127801e+00 4.106469e+00 0.000000e+00
      vertex   -9.687786e+00 3.713143e+00 0.000000e+00
      vertex   -1.745564e+00 4.282947e+00 0.000000e+00
    endloop
  endfacet
  facet normal -0.000000e+00 0.000000e+00 -1.000000e+00
    outer loop
      vertex   -1.745564e+00 4.282947e+00 0.000000e+00
      vertex   -9.687786e+00 3.713143e+00 0.000000e+00
      vertex   -9.443398e+00 4.296843e+00 0.000000e+00
    endloop
  endfacet
  facet normal 0.000000e+00 0.000000e+00 -1.000000e+00
    outer loop
      vertex   -1.745564e+00 4.282947e+00 0.000000e+00
      vertex   -9.443398e+00 4.296843e+00 0.000000e+00
      vertex   -1.348862e+00 4.423934e+00 0.000000e+00
    endloop
  endfacet
  facet normal -0.000000e+00 0.000000e+00 -1.000000e+00
    outer loop
      vertex   -1.348862e+00 4.423934e+00 0.000000e+00
      vertex   -9.443398e+00 4.296843e+00 0.000000e+00
      vertex   -9.163881e+00 4.864557e+00 0.000000e+00
    endloop
  endfacet
  facet normal 0.000000e+00 0.000000e+00 -1.000000e+00
    outer loop
      vertex   -1.348862e+00 4.423934e+00 0.000000e+00
      vertex   -9.163881e+00 4.864557e+00 0.000000e+00
      vertex   -9.409841e-01 4.528264e+00 0.000000e+00
    endloop
  endfacet
  facet normal 0.000000e+00 0.000000e+00 -1.000000e+00
    outer loop
      vertex   -9.409841e-01 4.528264e+00 0.000000e+00
      vertex   -9.163881e+00 4.864557e+00 0.000000e+00
      vertex   -5.253084e-01 4.595071e+00 0.000000e+00
    endloop
  endfacet
  facet normal 0.000000e+00 0.000000e+00 -1.000000e+00
    outer loop
      vertex   -5.253084e-01 4.595071e+00 0.000000e+00
      vertex   -9.163881e+00 4.864557e+00 0.000000e+00
      vertex   -1.052798e-01 4.623802e+00 0.000000e+00
    endloop
  endfacet
  facet normal 0.000000e+00 0.000000e+00 -1.000000e+00
    outer loop
      vertex   -1.052798e-01 4.623802e+00 0.000000e+00
      vertex   -9.163881e+00 4.864557e+00 0.000000e+00
      vertex   -8.850273e+00 5.414176e+00 0.000000e+00
    endloop
  endfacet
  facet normal 0.000000e+00 0.000000e+00 -1.000000e+00
    outer loop
      vertex   -1.052798e-01 4.623802e+00 0.000000e+00
      vertex   -8.850273e+00 5.414176e+00 0.000000e+00
      vertex   -8.503741e+00 5.943653e+00 0.000000e+00
    endloop
  endfacet
  facet normal 0.000000e+00 -0.000000e+00 -1.000000e+00
    outer loop
      vertex   -4.605838e+00 -4.205737e-01 0.000000e+00
      vertex   -4.548510e+00 -8.376625e-01 0.000000e+00
      vertex   -1.035570e+01 -6.325012e-01 0.000000e+00
    endloop
  endfacet
  facet normal 0.000000e+00 0.000000e+00 -1.000000e+00
    outer loop
      vertex   -1.035570e+01 -6.325012e-01 0.000000e+00
      vertex   -4.548510e+00 -8.376625e-01 0.000000e+00
      vertex   -1.029788e+01 -1.262649e+00 0.000000e+00
    endloop
  endfacet
  facet normal 0.000000e+00 0.000000e+00 -1.000000e+00
    outer loop
      vertex   -1.029788e+01 -1.262649e+00 0.000000e+00
      vertex   -4.548510e+00 -8.376625e-01 0.000000e+00
      vertex   -4.453492e+00 -1.247810e+00 0.000000e+00
    endloop
  endfacet
  facet normal 0.000000e+00 0.000000e+00 -1.000000e+00
    outer loop
      vertex   -1.029788e+01 -1.262649e+00 0.000000e+00
      vertex   -4.453492e+00 -1.247810e+00 0.000000e+00
      vertex   -4.321571e+00 -1.647618e+00 0.000000e+00
    endloop
  endfacet
  facet normal 0.000000e+00 0.000000e+00 -1.000000e+00
    outer loop
      vertex   -1.029788e+01 -1.262649e+00 0.000000e+00
      vertex   -4.321571e+00 -1.647618e+00 0.000000e+00
      vertex   -1.020175e+01 -1.888101e+00 0.000000e+00
    endloop
  endfacet
  facet normal 0.000000e+00 0.000000e+00 -1.000000e+00
    outer loop
      vertex   -1.020175e+01 -1.888101e+00 0.000000e+00
      vertex   -4.321571e+00 -1.647618e+00 0.000000e+00
      vertex   -4.153841e+00 -2.033773e+00 0.000000e+00
    endloop
  endfacet
  facet normal 0.000000e+00 0.000000e+00 -1.000000e+00
    outer loop
      vertex   -1.020175e+01 -1.888101e+00 0.000000e+00
      vertex   -4.153841e+00 -2.033773e+00 0.000000e+00
      vertex   -1.006767e+01 -2.506528e+00 0.000000e+00
    endloop
  endfacet
  facet normal 0.000000e+00 0.000000e+00 -1.000000e+00
    outer loop
      vertex   -1.006767e+01 -2.506528e+00 0.000000e+00
      vertex   -4.153841e+00 -2.033773e+00 0.000000e+00
      vertex   -3.951690e+00 -2.403076e+00 0.000000e+00
    endloop
  endfacet
  facet normal 0.000000e+00 0.000000e+00 -1.000000e+00
    outer loop
      vertex   -1.006767e+01 -2.506528e+00 0.000000e+00
      vertex   -3.951690e+00 -2.403076e+00 0.000000e+00
      vertex   -3.716794e+00 -2.752466e+00 0.000000e+00
    endloop
  endfacet
  facet normal 0.000000e+00 0.000000e+00 -1.000000e+00
    outer loop
      vertex   -1.006767e+01 -2.506528e+00 0.000000e+00
      vertex   -3.716794e+00 -2.752466e+00 0.000000e+00
      vertex   -9.896134e+00 -3.115631e+00 0.000000e+00
    endloop
  endfacet
  facet normal 0.000000e+00 0.000000e+00 -1.000000e+00
    outer loop
      vertex   -9.896134e+00 -3.115631e+00 0.000000e+00
      vertex   -3.716794e+00 -2.752466e+00 0.000000e+00
      vertex   -3.451100e+00 -3.079048e+00 0.000000e+00
    endloop
  endfacet
  facet normal 0.000000e+00 0.000000e+00 -1.000000e+00
    outer loop
      vertex   -9.896134e+00 -3.115631e+00 0.000000e+00
      vertex   -3.451100e+00 -3.079048e+00 0.000000e+00
      vertex   -3.156808e+00 -3.380116e+00 0.000000e+00
    endloop
  endfacet
  facet normal 0.000000e+00 0.000000e+00 -1.000000e+00
    outer loop
      vertex   -9.896134e+00 -3.115631e+00 0.000000e+00
      vertex   -3.156808e+00 -3.380116e+00 0.000000e+00
      vertex   -9.687786e+00 -3.713143e+00 0.000000e+00
    endloop
  endfacet
  facet normal 0.000000e+00 0.000000e+00 -1.000000e+00
    outer loop
      vertex   -9.687786e+00 -3.713143e+00 0.000000e+00
      vertex   -3.156808e+00 -3.380116e+00 0.000000e+00
      vertex   -2.836359e+00 -3.653176e+00 0.000000e+00
    endloop
  endfacet
  facet normal 0.000000e+00 0.000000e+00 -1.000000e+00
    outer loop
      vertex   -9.687786e+00 -3.713143e+00 0.000000e+00
      vertex   -2.836359e+00 -3.653176e+00 0.000000e+00
      vertex   -2.492406e+00 -3.895964e+00 0.000000e+00
    endloop
  endfacet
  facet normal 0.000000e+00 0.000000e+00 -1.000000e+00
    outer loop
      vertex   -9.687786e+00 -3.713143e+00 0.000000e+00
      vertex   -2.492406e+00 -3.895964e+00 0.000000e+00
      vertex   -9.443398e+00 -4.296843e+00 0.000000e+00
    endloop
  endfacet
  facet normal 0.000000e+00 0.000000e+00 -1.000000e+00
    outer loop
      vertex   -9.443398e+00 -4.296843e+00 0.000000e+00
      vertex   -2.492406e+00 -3.895964e+00 0.000000e+00
      vertex   -2.127801e+00 -4.106469e+00 0.000000e+00
    endloop
  endfacet
  facet normal 0.000000e+00 0.000000e+00 -1.000000e+00
    outer loop
      vertex   -9.443398e+00 -4.296843e+00 0.000000e+00
      vertex   -2.127801e+00 -4.106469e+00 0.000000e+00
      vertex   -1.745564e+00 -4.282947e+00 0.000000e+00
    endloop
  endfacet
  facet normal 0.000000e+00 -0.000000e+00 -1.000000e+00
    outer loop
      vertex   -1.745564e+00 -4.282947e+00 0.000000e+00
      vertex   -1.348862e+00 -4.423934e+00 0.000000e+00
      vertex   -9.443398e+00 -4.296843e+00 0.000000e+00
    endloop
  endfacet
  facet normal 0.000000e+00 0.000000e+00 -1.000000e+00
    outer loop
      vertex   -9.443398e+00 -4.296843e+00 0.000000e+00
      vertex   -1.348862e+00 -4.423934e+00 0.000000e+00
      vertex   -9.163881e+00 -4.864557e+00 0.000000e+00
    endloop
  endfacet
  facet normal 0.000000e+00 0.000000e+00 -1.000000e+00
    outer loop
      vertex   -9.163881e+00 -4.864557e+00 0.000000e+00
      vertex   -1.348862e+00 -4.423934e+00 0.000000e+00
      vertex   -9.409841e-01 -4.528264e+00 0.000000e+00
    endloop
  endfacet
  facet normal 0.000000e+00 0.000000e+00 -1.000000e+00
    outer loop
      vertex   -9.163881e+00 -4.864557e+00 0.000000e+00
      vertex   -9.409841e-01 -4.528264e+00 0.000000e+00
      vertex   -5.253084e-01 -4.595071e+00 0.000000e+00
    endloop
  endfacet
  facet normal 0.000000e+00 -0.000000e+00 -1.000000e+00
    outer loop
      vertex   -5.253084e-01 -4.595071e+00 0.000000e+00
      vertex   -1.052798e-01 -4.623802e+00 0.000000e+00
      vertex   -9.163881e+00 -4.864557e+00 0.000000e+00
    endloop
  endfacet
  facet normal 0.000000e+00 0.000000e+00 -1.000000e+00
    outer loop
      vertex   -9.163881e+00 -4.864557e+00 0.000000e+00
      vertex   -1.052798e-01 -4.623802e+00 0.000000e+00
      vertex   -8.850273e+00 -5.414176e+00 0.000000e+00
    endloop
  endfacet
  facet normal 0.000000e+00 0.000000e+00 -1.000000e+00
    outer loop
      vertex   -8.850273e+00 -5.414176e+00 0.000000e+00
      vertex   -1.052798e-01 -4.623802e+00 0.000000e+00
      vertex   -8.503741e+00 -5.943653e+00 0.000000e+00
    endloop
  endfacet
  facet normal 0.000000e+00 0.000000e+00 -1.000000e+00
    outer loop
      vertex   -8.503741e+00 -5.943653e+00 0.000000e+00
      vertex   -1.052798e-01 -4.623802e+00 0.000000e+00
      vertex   -8.125575e+00 -6.451019e+00 0.000000e+00
    endloop
  endfacet
  facet normal 0.000000e+00 0.000000e+00 -1.000000e+00
    outer loop
      vertex   -8.125575e+00 -6.451019e+00 0.000000e+00
      vertex   -1.052798e-01 -4.623802e+00 0.000000e+00
      vertex   -7.717182e+00 -6.934388e+00 0.000000e+00
    endloop
  endfacet
  facet normal 0.000000e+00 0.000000e+00 -1.000000e+00
    outer loop
      vertex   -7.717182e+00 -6.934388e+00 0.000000e+00
      vertex   -1.052798e-01 -4.623802e+00 0.000000e+00
      vertex   -7.280080e+00 -7.391959e+00 0.000000e+00
    endloop
  endfacet
  facet normal 0.000000e+00 0.000000e+00 -1.000000e+00
    outer loop
      vertex   -7.280080e+00 -7.391959e+00 0.000000e+00
      vertex   -1.052798e-01 -4.623802e+00 0.000000e+00
      vertex   -6.815895e+00 -7.822033e+00 0.000000e+00
    endloop
  endfacet
  facet normal 0.000000e+00 0.000000e+00 -1.000000e+00
    outer loop
      vertex   -6.815895e+00 -7.822033e+00 0.000000e+00
      vertex   -1.052798e-01 -4.623802e+00 0.000000e+00
      vertex   -6.326355e+00 -8.223008e+00 0.000000e+00
    endloop
  endfacet
  facet normal 0.000000e+00 0.000000e+00 -1.000000e+00
    outer loop
      vertex   -6.326355e+00 -8.223008e+00 0.000000e+00
      vertex   -1.052798e-01 -4.623802e+00 0.000000e+00
      vertex   -5.813281e+00 -8.593392e+00 0.000000e+00
    endloop
  endfacet
  facet normal 0.000000e+00 0.000000e+00 -1.000000e+00
    outer loop
      vertex   -5.813281e+00 -8.593392e+00 0.000000e+00
      vertex   -1.052798e-01 -4.623802e+00 0.000000e+00
      vertex   -5.278581e+00 -8.931809e+00 0.000000e+00
    endloop
  endfacet
  facet normal 0.000000e+00 0.000000e+00 -1.000000e+00
    outer loop
      vertex   -5.278581e+00 -8.931809e+00 0.000000e+00
      vertex   -1.052798e-01 -4.623802e+00 0.000000e+00
      vertex   -4.724244e+00 -9.236999e+00 0.000000e+00
    endloop
  endfacet
  facet normal 0.000000e+00 0.000000e+00 -1.000000e+00
    outer loop
      vertex   -4.724244e+00 -9.236999e+00 0.000000e+00
      vertex   -1.052798e-01 -4.623802e+00 0.000000e+00
      vertex   -4.152332e+00 -9.507826e+00 0.000000e+00
    endloop
  endfacet
  facet normal 0.000000e+00 0.000000e+00 -1.000000e+00
    outer loop
      vertex   -4.152332e+00 -9.507826e+00 0.000000e+00
      vertex   -1.052798e-01 -4.623802e+00 0.000000e+00
      vertex   -3.564974e+00 -9.743284e+00 0.000000e+00
    endloop
  endfacet
  facet normal 0.000000e+00 0.000000e+00 -1.000000e+00
    outer loop
      vertex   -3.564974e+00 -9.743284e+00 0.000000e+00
      vertex   -1.052798e-01 -4.623802e+00 0.000000e+00
      vertex   -2.964354e+00 -9.942496e+00 0.000000e+00
    endloop
  endfacet
  facet normal 0.000000e+00 0.000000e+00 -1.000000e+00
    outer loop
      vertex   -2.964354e+00 -9.942496e+00 0.000000e+00
      vertex   -1.052798e-01 -4.623802e+00 0.000000e+00
      vertex   -2.352706e+00 -1.010472e+01 0.000000e+00
    endloop
  endfacet
  facet normal 0.000000e+00 0.000000e+00 -1.000000e+00
    outer loop
      vertex   -2.352706e+00 -1.010472e+01 0.000000e+00
      vertex   -1.052798e-01 -4.623802e+00 0.000000e+00
      vertex   -1.732306e+00 -1.022936e+01 0.000000e+00
    endloop
  endfacet
  facet normal 0.000000e+00 0.000000e+00 -1.000000e+00
    outer loop
      vertex   -1.732306e+00 -1.022936e+01 0.000000e+00
      vertex   -1.052798e-01 -4.623802e+00 0.000000e+00
      vertex   -1.105461e+00 -1.031594e+01 0.000000e+00
    endloop
  endfacet
  facet normal 0.000000e+00 0.000000e+00 -1.000000e+00
    outer loop
      vertex   -1.105461e+00 -1.031594e+01 0.000000e+00
      vertex   -1.052798e-01 -4.623802e+00 0.000000e+00
      vertex   -4.745047e-01 -1.036414e+01 0.000000e+00
    endloop
  endfacet
  facet normal 0.000000e+00 0.000000e+00 -1.000000e+00
    outer loop
      vertex   -4.745047e-01 -1.036414e+01 0.000000e+00
      vertex   -1.052798e-01 -4.623802e+00 0.000000e+00
      vertex   1.582173e-01 -1.037379e+01 0.000000e+00
    endloop
  endfacet
  facet normal 0.000000e+00 0.000000e+00 -1.000000e+00
    outer loop
      vertex   1.582173e-01 -1.037379e+01 0.000000e+00
      vertex   -1.052798e-01 -4.623802e+00 0.000000e+00
      vertex   3.156212e-01 -4.614218e+00 0.000000e+00
    endloop
  endfacet
  facet normal 0.000000e+00 0.000000e+00 -1.000000e+00
    outer loop
      vertex   1.582173e-01 -1.037379e+01 0.000000e+00
      vertex   3.156212e-01 -4.614218e+00 0.000000e+00
      vertex   7.903507e-01 -1.034485e+01 0.000000e+00
    endloop
  endfacet
  facet normal 0.000000e+00 0.000000e+00 -1.000000e+00
    outer loop
      vertex   7.903507e-01 -1.034485e+01 0.000000e+00
      vertex   3.156212e-01 -4.614218e+00 0.000000e+00
      vertex   1.419544e+00 -1.027743e+01 0.000000e+00
    endloop
  endfacet
  facet normal 0.000000e+00 0.000000e+00 -1.000000e+00
    outer loop
      vertex   1.419544e+00 -1.027743e+01 0.000000e+00
      vertex   3.156212e-01 -4.614218e+00 0.000000e+00
      vertex   7.339068e-01 -4.566400e+00 0.000000e+00
    endloop
  endfacet
  facet normal 0.000000e+00 0.000000e+00 -1.000000e+00
    outer loop
      vertex   1.419544e+00 -1.027743e+01 0.000000e+00
      vertex   7.339068e-01 -4.566400e+00 0.000000e+00
      vertex   2.043456e+00 -1.017177e+01 0.000000e+00
    endloop
  endfacet
  facet normal 0.000000e+00 0.000000e+00 -1.000000e+00
    outer loop
      vertex   2.043456e+00 -1.017177e+01 0.000000e+00
      vertex   7.339068e-01 -4.566400e+00 0.000000e+00
      vertex   1.146111e+00 -4.480743e+00 0.000000e+00
    endloop
  endfacet
  facet normal 0.000000e+00 0.000000e+00 -1.000000e+00
    outer loop
      vertex   2.043456e+00 -1.017177e+01 0.000000e+00
      vertex   1.146111e+00 -4.480743e+00 0.000000e+00
      vertex   2.659767e+00 -1.002827e+01 0.000000e+00
    endloop
  endfacet
  facet normal 0.000000e+00 0.000000e+00 -1.000000e+00
    outer loop
      vertex   2.659767e+00 -1.002827e+01 0.000000e+00
      vertex   1.146111e+00 -4.480743e+00 0.000000e+00
      vertex   3.266183e+00 -9.847470e+00 0.000000e+00
    endloop
  endfacet
  facet normal 0.000000e+00 0.000000e+00 -1.000000e+00
    outer loop
      vertex   3.266183e+00 -9.847470e+00 0.000000e+00
      vertex   1.146111e+00 -4.480743e+00 0.000000e+00
      vertex   1.548818e+00 -4.357957e+00 0.000000e+00
    endloop
  endfacet
  facet normal 0.000000e+00 0.000000e+00 -1.000000e+00
    outer loop
      vertex   3.266183e+00 -9.847470e+00 0.000000e+00
      vertex   1.548818e+00 -4.357957e+00 0.000000e+00
      vertex   3.860449e+00 -9.630034e+00 0.000000e+00
    endloop
  endfacet
  facet normal 0.000000e+00 0.000000e+00 -1.000000e+00
    outer loop
      vertex   3.860449e+00 -9.630034e+00 0.000000e+00
      vertex   1.548818e+00 -4.357957e+00 0.000000e+00
      vertex   1.938691e+00 -4.199059e+00 0.000000e+00
    endloop
  endfacet
  facet normal 0.000000e+00 0.000000e+00 -1.000000e+00
    outer loop
      vertex   3.860449e+00 -9.630034e+00 0.000000e+00
      vertex   1.938691e+00 -4.199059e+00 0.000000e+00
      vertex   4.440353e+00 -9.376774e+00 0.000000e+00
    endloop
  endfacet
  facet normal 0.000000e+00 0.000000e+00 -1.000000e+00
    outer loop
      vertex   4.440353e+00 -9.376774e+00 0.000000e+00
      vertex   1.938691e+00 -4.199059e+00 0.000000e+00
      vertex   5.003740e+00 -9.088631e+00 0.000000e+00
    endloop
  endfacet
  facet normal 0.000000e+00 0.000000e+00 -1.000000e+00
    outer loop
      vertex   5.003740e+00 -9.088631e+00 0.000000e+00
      vertex   1.938691e+00 -4.199059e+00 0.000000e+00
      vertex   2.312500e+00 -4.005367e+00 0.000000e+00
    endloop
  endfacet
  facet normal 0.000000e+00 0.000000e+00 -1.000000e+00
    outer loop
      vertex   5.003740e+00 -9.088631e+00 0.000000e+00
      vertex   2.312500e+00 -4.005367e+00 0.000000e+00
      vertex   5.548511e+00 -8.766678e+00 0.000000e+00
    endloop
  endfacet
  facet normal 0.000000e+00 0.000000e+00 -1.000000e+00
    outer loop
      vertex   5.548511e+00 -8.766678e+00 0.000000e+00
      vertex   2.312500e+00 -4.005367e+00 0.000000e+00
      vertex   2.667146e+00 -3.778486e+00 0.000000e+00
    endloop
  endfacet
  facet normal 0.000000e+00 0.000000e+00 -1.000000e+00
    outer loop
      vertex   5.548511e+00 -8.766678e+00 0.000000e+00
      vertex   2.667146e+00 -3.778486e+00 0.000000e+00
      vertex   6.072643e+00 -8.412113e+00 0.000000e+00
    endloop
  endfacet
  facet normal 0.000000e+00 0.000000e+00 -1.000000e+00
    outer loop
      vertex   6.072643e+00 -8.412113e+00 0.000000e+00
      vertex   2.667146e+00 -3.778486e+00 0.000000e+00
      vertex   6.574183e+00 -8.026253e+00 0.000000e+00
    endloop
  endfacet
  facet normal 0.000000e+00 0.000000e+00 -1.000000e+00
    outer loop
      vertex   6.574183e+00 -8.026253e+00 0.000000e+00
      vertex   2.667146e+00 -3.778486e+00 0.000000e+00
      vertex   2.999692e+00 -3.520294e+00 0.000000e+00
    endloop
  endfacet
  facet normal 0.000000e+00 0.000000e+00 -1.000000e+00
    outer loop
      vertex   6.574183e+00 -8.026253e+00 0.000000e+00
      vertex   2.999692e+00 -3.520294e+00 0.000000e+00
      vertex   7.051267e+00 -7.610536e+00 0.000000e+00
    endloop
  endfacet
  facet normal 0.000000e+00 0.000000e+00 -1.000000e+00
    outer loop
      vertex   7.051267e+00 -7.610536e+00 0.000000e+00
      vertex   2.999692e+00 -3.520294e+00 0.000000e+00
      vertex   3.307381e+00 -3.232933e+00 0.000000e+00
    endloop
  endfacet
  facet normal 0.000000e+00 0.000000e+00 -1.000000e+00
    outer loop
      vertex   7.051267e+00 -7.610536e+00 0.000000e+00
      vertex   3.307381e+00 -3.232933e+00 0.000000e+00
      vertex   7.502120e+00 -7.166507e+00 0.000000e+00
    endloop
  endfacet
  facet normal 0.000000e+00 0.000000e+00 -1.000000e+00
    outer loop
      vertex   7.502120e+00 -7.166507e+00 0.000000e+00
      vertex   3.307381e+00 -3.232933e+00 0.000000e+00
      vertex   7.925065e+00 -6.695818e+00 0.000000e+00
    endloop
  endfacet
  facet normal 0.000000e+00 0.000000e+00 -1.000000e+00
    outer loop
      vertex   7.925065e+00 -6.695818e+00 0.000000e+00
      vertex   3.307381e+00 -3.232933e+00 0.000000e+00
      vertex   3.587665e+00 -2.918782e+00 0.000000e+00
    endloop
  endfacet
  facet normal 0.000000e+00 0.000000e+00 -1.000000e+00
    outer loop
      vertex   7.925065e+00 -6.695818e+00 0.000000e+00
      vertex   3.587665e+00 -2.918782e+00 0.000000e+00
      vertex   8.318527e+00 -6.200220e+00 0.000000e+00
    endloop
  endfacet
  facet normal 0.000000e+00 0.000000e+00 -1.000000e+00
    outer loop
      vertex   8.318527e+00 -6.200220e+00 0.000000e+00
      vertex   3.587665e+00 -2.918782e+00 0.000000e+00
      vertex   3.838219e+00 -2.580445e+00 0.000000e+00
    endloop
  endfacet
  facet normal 0.000000e+00 0.000000e+00 -1.000000e+00
    outer loop
      vertex   8.318527e+00 -6.200220e+00 0.000000e+00
      vertex   3.838219e+00 -2.580445e+00 0.000000e+00
      vertex   8.681045e+00 -5.681557e+00 0.000000e+00
    endloop
  endfacet
  facet normal 0.000000e+00 0.000000e+00 -1.000000e+00
    outer loop
      vertex   8.681045e+00 -5.681557e+00 0.000000e+00
      vertex   3.838219e+00 -2.580445e+00 0.000000e+00
      vertex   9.011268e+00 -5.141758e+00 0.000000e+00
    endloop
  endfacet
  facet normal 0.000000e+00 0.000000e+00 -1.000000e+00
    outer loop
      vertex   9.011268e+00 -5.141758e+00 0.000000e+00
      vertex   3.838219e+00 -2.580445e+00 0.000000e+00
      vertex   4.056970e+00 -2.220726e+00 0.000000e+00
    endloop
  endfacet
  facet normal 0.000000e+00 0.000000e+00 -1.000000e+00
    outer loop
      vertex   9.011268e+00 -5.141758e+00 0.000000e+00
      vertex   4.056970e+00 -2.220726e+00 0.000000e+00
      vertex   9.307969e+00 -4.582831e+00 0.000000e+00
    endloop
  endfacet
  facet normal 0.000000e+00 0.000000e+00 -1.000000e+00
    outer loop
      vertex   9.307969e+00 -4.582831e+00 0.000000e+00
      vertex   4.056970e+00 -2.220726e+00 0.000000e+00
      vertex   4.242102e+00 -1.842605e+00 0.000000e+00
    endloop
  endfacet
  facet normal 0.000000e+00 0.000000e+00 -1.000000e+00
    outer loop
      vertex   9.307969e+00 -4.582831e+00 0.000000e+00
      vertex   4.242102e+00 -1.842605e+00 0.000000e+00
      vertex   9.570043e+00 -4.006857e+00 0.000000e+00
    endloop
  endfacet
  facet normal 0.000000e+00 0.000000e+00 -1.000000e+00
    outer loop
      vertex   9.570043e+00 -4.006857e+00 0.000000e+00
      vertex   4.242102e+00 -1.842605e+00 0.000000e+00
      vertex   9.796516e+00 -3.415976e+00 0.000000e+00
    endloop
  endfacet
  facet normal 0.000000e+00 0.000000e+00 -1.000000e+00
    outer loop
      vertex   9.796516e+00 -3.415976e+00 0.000000e+00
      vertex   4.242102e+00 -1.842605e+00 0.000000e+00
      vertex   4.392084e+00 -1.449216e+00 0.000000e+00
    endloop
  endfacet
  facet normal 0.000000e+00 0.000000e+00 -1.000000e+00
    outer loop
      vertex   9.796516e+00 -3.415976e+00 0.000000e+00
      vertex   4.392084e+00 -1.449216e+00 0.000000e+00
      vertex   9.986546e+00 -2.812387e+00 0.000000e+00
    endloop
  endfacet
  facet normal 0.000000e+00 0.000000e+00 -1.000000e+00
    outer loop
      vertex   9.986546e+00 -2.812387e+00 0.000000e+00
      vertex   4.392084e+00 -1.449216e+00 0.000000e+00
      vertex   4.505671e+00 -1.043818e+00 0.000000e+00
    endloop
  endfacet
  facet normal 0.000000e+00 0.000000e+00 -1.000000e+00
    outer loop
      vertex   9.986546e+00 -2.812387e+00 0.000000e+00
      vertex   4.505671e+00 -1.043818e+00 0.000000e+00
      vertex   1.013943e+01 -2.198337e+00 0.000000e+00
    endloop
  endfacet
  facet normal 0.000000e+00 0.000000e+00 -1.000000e+00
    outer loop
      vertex   1.013943e+01 -2.198337e+00 0.000000e+00
      vertex   4.505671e+00 -1.043818e+00 0.000000e+00
      vertex   1.025458e+01 -1.576108e+00 0.000000e+00
    endloop
  endfacet
  facet normal 0.000000e+00 0.000000e+00 -1.000000e+00
    outer loop
      vertex   1.025458e+01 -1.576108e+00 0.000000e+00
      vertex   4.505671e+00 -1.043818e+00 0.000000e+00
      vertex   4.581923e+00 -6.297708e-01 0.000000e+00
    endloop
  endfacet
  facet normal 0.000000e+00 0.000000e+00 -1.000000e+00
    outer loop
      vertex   1.025458e+01 -1.576108e+00 0.000000e+00
      vertex   4.581923e+00 -6.297708e-01 0.000000e+00
      vertex   1.033160e+01 -9.480163e-01 0.000000e+00
    endloop
  endfacet
  facet normal 0.000000e+00 0.000000e+00 -1.000000e+00
    outer loop
      vertex   1.033160e+01 -9.480163e-01 0.000000e+00
      vertex   4.581923e+00 -6.297708e-01 0.000000e+00
      vertex   4.620207e+00 -2.105050e-01 0.000000e+00
    endloop
  endfacet
  facet normal 0.000000e+00 0.000000e+00 -1.000000e+00
    outer loop
      vertex   1.033160e+01 -9.480163e-01 0.000000e+00
      vertex   4.620207e+00 -2.105050e-01 0.000000e+00
      vertex   1.037017e+01 -3.163978e-01 0.000000e+00
    endloop
  endfacet
  facet normal 0.000000e+00 0.000000e+00 -1.000000e+00
    outer loop
      vertex   1.037017e+01 -3.163978e-01 0.000000e+00
      vertex   4.620207e+00 -2.105050e-01 0.000000e+00
      vertex   4.620207e+00 2.105050e-01 0.000000e+00
    endloop
  endfacet
  facet normal 0.000000e+00 0.000000e+00 -1.000000e+00
    outer loop
      vertex   1.037017e+01 -3.163978e-01 0.000000e+00
      vertex   4.620207e+00 2.105050e-01 0.000000e+00
      vertex   1.037017e+01 3.163978e-01 0.000000e+00
    endloop
  endfacet
  facet normal -0.000000e+00 0.000000e+00 -1.000000e+00
    outer loop
      vertex   1.037017e+01 3.163978e-01 0.000000e+00
      vertex   4.620207e+00 2.105050e-01 0.000000e+00
      vertex   1.033160e+01 9.480163e-01 0.000000e+00
    endloop
  endfacet
  facet normal 0.000000e+00 0.000000e+00 -1.000000e+00
    outer loop
      vertex   1.033160e+01 9.480163e-01 0.000000e+00
      vertex   4.620207e+00 2.105050e-01 0.000000e+00
      vertex   4.581923e+00 6.297708e-01 0.000000e+00
    endloop
  endfacet
  facet normal -0.000000e+00 0.000000e+00 -1.000000e+00
    outer loop
      vertex   1.033160e+01 9.480163e-01 0.000000e+00
      vertex   4.581923e+00 6.297708e-01 0.000000e+00
      vertex   1.025458e+01 1.576108e+00 0.000000e+00
    endloop
  endfacet
  facet normal 0.000000e+00 0.000000e+00 -1.000000e+00
    outer loop
      vertex   1.025458e+01 1.576108e+00 0.000000e+00
      vertex   4.581923e+00 6.297708e-01 0.000000e+00
      vertex   4.505671e+00 1.043818e+00 0.000000e+00
    endloop
  endfacet
  facet normal -0.000000e+00 0.000000e+00 -1.000000e+00
    outer loop
      vertex   1.025458e+01 1.576108e+00 0.000000e+00
      vertex   4.505671e+00 1.043818e+00 0.000000e+00
      vertex   1.013943e+01 2.198337e+00 0.000000e+00
    endloop
  endfacet
  facet normal -0.000000e+00 0.000000e+00 -1.000000e+00
    outer loop
      vertex   1.013943e+01 2.198337e+00 0.000000e+00
      vertex   4.505671e+00 1.043818e+00 0.000000e+00
      vertex   9.986546e+00 2.812387e+00 0.000000e+00
    endloop
  endfacet
  facet normal 0.000000e+00 0.000000e+00 -1.000000e+00
    outer loop
      vertex   9.986546e+00 2.812387e+00 0.000000e+00
      vertex   4.505671e+00 1.043818e+00 0.000000e+00
      vertex   4.392084e+00 1.449216e+00 0.000000e+00
    endloop
  endfacet
  facet normal -0.000000e+00 0.000000e+00 -1.000000e+00
    outer loop
      vertex   9.986546e+00 2.812387e+00 0.000000e+00
      vertex   4.392084e+00 1.449216e+00 0.000000e+00
      vertex   9.796516e+00 3.415976e+00 0.000000e+00
    endloop
  endfacet
  facet normal 0.000000e+00 0.000000e+00 -1.000000e+00
    outer loop
      vertex   9.796516e+00 3.415976e+00 0.000000e+00
      vertex   4.392084e+00 1.449216e+00 0.000000e+00
      vertex   4.242102e+00 1.842605e+00 0.000000e+00
    endloop
  endfacet
  facet normal -0.000000e+00 0.000000e+00 -1.000000e+00
    outer loop
      vertex   9.796516e+00 3.415976e+00 0.000000e+00
      vertex   4.242102e+00 1.842605e+00 0.000000e+00
      vertex   9.570043e+00 4.006857e+00 0.000000e+00
    endloop
  endfacet
  facet normal -0.000000e+00 0.000000e+00 -1.000000e+00
    outer loop
      vertex   9.570043e+00 4.006857e+00 0.000000e+00
      vertex   4.242102e+00 1.842605e+00 0.000000e+00
      vertex   9.307969e+00 4.582831e+00 0.000000e+00
    endloop
  endfacet
  facet normal 0.000000e+00 0.000000e+00 -1.000000e+00
    outer loop
      vertex   9.307969e+00 4.582831e+00 0.000000e+00
      vertex   4.242102e+00 1.842605e+00 0.000000e+00
      vertex   4.056970e+00 2.220726e+00 0.000000e+00
    endloop
  endfacet
  facet normal -0.000000e+00 0.000000e+00 -1.000000e+00
    outer loop
      vertex   9.307969e+00 4.582831e+00 0.000000e+00
      vertex   4.056970e+00 2.220726e+00 0.000000e+00
      vertex   9.011268e+00 5.141758e+00 0.000000e+00
    endloop
  endfacet
  facet normal 0.000000e+00 0.000000e+00 -1.000000e+00
    outer loop
      vertex   9.011268e+00 5.141758e+00 0.000000e+00
      vertex   4.056970e+00 2.220726e+00 0.000000e+00
      vertex   3.838219e+00 2.580445e+00 0.000000e+00
    endloop
  endfacet
  facet normal -0.000000e+00 0.000000e+00 -1.000000e+00
    outer loop
      vertex   9.011268e+00 5.141758e+00 0.000000e+00
      vertex   3.838219e+00 2.580445e+00 0.000000e+00
      vertex   8.681045e+00 5.681557e+00 0.000000e+00
    endloop
  endfacet
  facet normal -0.000000e+00 0.000000e+00 -1.000000e+00
    outer loop
      vertex   8.681045e+00 5.681557e+00 0.000000e+00
      vertex   3.838219e+00 2.580445e+00 0.000000e+00
      vertex   8.318527e+00 6.200220e+00 0.000000e+00
    endloop
  endfacet
  facet normal 0.000000e+00 0.000000e+00 -1.000000e+00
    outer loop
      vertex   8.318527e+00 6.200220e+00 0.000000e+00
      vertex   3.838219e+00 2.580445e+00 0.000000e+00
      vertex   3.587665e+00 2.918782e+00 0.000000e+00
    endloop
  endfacet
  facet normal -0.000000e+00 0.000000e+00 -1.000000e+00
    outer loop
      vertex   8.318527e+00 6.200220e+00 0.000000e+00
      vertex   3.587665e+00 2.918782e+00 0.000000e+00
      vertex   7.925065e+00 6.695818e+00 0.000000e+00
    endloop
  endfacet
  facet normal 0.000000e+00 0.000000e+00 -1.000000e+00
    outer loop
      vertex   7.925065e+00 6.695818e+00 0.000000e+00
      vertex   3.587665e+00 2.918782e+00 0.000000e+00
      vertex   3.307381e+00 3.232933e+00 0.000000e+00
    endloop
  endfacet
  facet normal -0.000000e+00 0.000000e+00 -1.000000e+00
    outer loop
      vertex   7.925065e+00 6.695818e+00 0.000000e+00
      vertex   3.307381e+00 3.232933e+00 0.000000e+00
      vertex   7.502120e+00 7.166507e+00 0.000000e+00
    endloop
  endfacet
  facet normal -0.000000e+00 0.000000e+00 -1.000000e+00
    outer loop
      vertex   7.502120e+00 7.166507e+00 0.000000e+00
      vertex   3.307381e+00 3.232933e+00 0.000000e+00
      vertex   7.051267e+00 7.610536e+00 0.000000e+00
    endloop
  endfacet
  facet normal 0.000000e+00 0.000000e+00 -1.000000e+00
    outer loop
      vertex   7.051267e+00 7.610536e+00 0.000000e+00
      vertex   3.307381e+00 3.232933e+00 0.000000e+00
      vertex   2.999692e+00 3.520294e+00 0.000000e+00
    endloop
  endfacet
  facet normal -0.000000e+00 0.000000e+00 -1.000000e+00
    outer loop
      vertex   7.051267e+00 7.610536e+00 0.000000e+00
      vertex   2.999692e+00 3.520294e+00 0.000000e+00
      vertex   6.574183e+00 8.026253e+00 0.000000e+00
    endloop
  endfacet
  facet normal 0.000000e+00 0.000000e+00 -1.000000e+00
    outer loop
      vertex   6.574183e+00 8.026253e+00 0.000000e+00
      vertex   2.999692e+00 3.520294e+00 0.000000e+00
      vertex   2.667146e+00 3.778486e+00 0.000000e+00
    endloop
  endfacet
  facet normal -0.000000e+00 0.000000e+00 -1.000000e+00
    outer loop
      vertex   6.574183e+00 8.026253e+00 0.000000e+00
      vertex   2.667146e+00 3.778486e+00 0.000000e+00
      vertex   6.072643e+00 8.412113e+00 0.000000e+00
    endloop
  endfacet
  facet normal -0.000000e+00 0.000000e+00 -1.000000e+00
    outer loop
      vertex   6.072643e+00 8.412113e+00 0.000000e+00
      vertex   2.667146e+00 3.778486e+00 0.000000e+00
      vertex   5.548511e+00 8.766678e+00 0.000000e+00
    endloop
  endfacet
  facet normal 0.000000e+00 0.000000e+00 -1.000000e+00
    outer loop
      vertex   5.548511e+00 8.766678e+00 0.000000e+00
      vertex   2.667146e+00 3.778486e+00 0.000000e+00
      vertex   2.312500e+00 4.005367e+00 0.000000e+00
    endloop
  endfacet
  facet normal -0.000000e+00 0.000000e+00 -1.000000e+00
    outer loop
      vertex   5.548511e+00 8.766678e+00 0.000000e+00
      vertex   2.312500e+00 4.005367e+00 0.000000e+00
      vertex   5.003740e+00 9.088631e+00 0.000000e+00
    endloop
  endfacet
  facet normal 0.000000e+00 0.000000e+00 -1.000000e+00
    outer loop
      vertex   5.003740e+00 9.088631e+00 0.000000e+00
      vertex   2.312500e+00 4.005367e+00 0.000000e+00
      vertex   1.938691e+00 4.199059e+00 0.000000e+00
    endloop
  endfacet
  facet normal -0.000000e+00 0.000000e+00 -1.000000e+00
    outer loop
      vertex   5.003740e+00 9.088631e+00 0.000000e+00
      vertex   1.938691e+00 4.199059e+00 0.000000e+00
      vertex   4.440353e+00 9.376774e+00 0.000000e+00
    endloop
  endfacet
  facet normal -0.000000e+00 0.000000e+00 -1.000000e+00
    outer loop
      vertex   4.440353e+00 9.376774e+00 0.000000e+00
      vertex   1.938691e+00 4.199059e+00 0.000000e+00
      vertex   3.860449e+00 9.630034e+00 0.000000e+00
    endloop
  endfacet
  facet normal 0.000000e+00 0.000000e+00 -1.000000e+00
    outer loop
      vertex   3.860449e+00 9.630034e+00 0.000000e+00
      vertex   1.938691e+00 4.199059e+00 0.000000e+00
      vertex   1.548818e+00 4.357957e+00 0.000000e+00
    endloop
  endfacet
  facet normal -0.000000e+00 0.000000e+00 -1.000000e+00
    outer loop
      vertex   3.860449e+00 9.630034e+00 0.000000e+00
      vertex   1.548818e+00 4.357957e+00 0.000000e+00
      vertex   3.266183e+00 9.847470e+00 0.000000e+00
    endloop
  endfacet
  facet normal 0.000000e+00 0.000000e+00 -1.000000e+00
    outer loop
      vertex   3.266183e+00 9.847470e+00 0.000000e+00
      vertex   1.548818e+00 4.357957e+00 0.000000e+00
      vertex   1.146111e+00 4.480743e+00 0.000000e+00
    endloop
  endfacet
  facet normal -0.000000e+00 0.000000e+00 -1.000000e+00
    outer loop
      vertex   3.266183e+00 9.847470e+00 0.000000e+00
      vertex   1.146111e+00 4.480743e+00 0.000000e+00
      vertex   2.659767e+00 1.002827e+01 0.000000e+00
    endloop
  endfacet
  facet normal -0.000000e+00 0.000000e+00 -1.000000e+00
    outer loop
      vertex   2.659767e+00 1.002827e+01 0.000000e+00
      vertex   1.146111e+00 4.480743e+00 0.000000e+00
      vertex   2.043456e+00 1.017177e+01 0.000000e+00
    endloop
  endfacet
  facet normal 0.000000e+00 0.000000e+00 -1.000000e+00
    outer loop
      vertex   2.043456e+00 1.017177e+01 0.000000e+00
      vertex   1.146111e+00 4.480743e+00 0.000000e+00
      vertex   7.339068e-01 4.566400e+00 0.000000e+00
    endloop
  endfacet
  facet normal -0.000000e+00 0.000000e+00 -1.000000e+00
    outer loop
      vertex   2.043456e+00 1.017177e+01 0.000000e+00
      vertex   7.339068e-01 4.566400e+00 0.000000e+00
      vertex   1.419544e+00 1.027743e+01 0.000000e+00
    endloop
  endfacet
  facet normal 0.000000e+00 0.000000e+00 -1.000000e+00
    outer loop
      vertex   1.419544e+00 1.027743e+01 0.000000e+00
      vertex   7.339068e-01 4.566400e+00 0.000000e+00
      vertex   3.156212e-01 4.614218e+00 0.000000e+00
    endloop
  endfacet
  facet normal -0.000000e+00 0.000000e+00 -1.000000e+00
    outer loop
      vertex   1.419544e+00 1.027743e+01 0.000000e+00
      vertex   3.156212e-01 4.614218e+00 0.000000e+00
      vertex   7.903507e-01 1.034485e+01 0.000000e+00
    endloop
  endfacet
  facet normal -0.000000e+00 0.000000e+00 -1.000000e+00
    outer loop
      vertex   7.903507e-01 1.034485e+01 0.000000e+00
      vertex   3.156212e-01 4.614218e+00 0.000000e+00
      vertex   1.582173e-01 1.037379e+01 0.000000e+00
    endloop
  endfacet
  facet normal 0.000000e+00 -0.000000e+00 -1.000000e+00
    outer loop
      vertex   1.582173e-01 1.037379e+01 0.000000e+00
      vertex   3.156212e-01 4.614218e+00 0.000000e+00
      vertex   -1.052798e-01 4.623802e+00 0.000000e+00
    endloop
  endfacet
  facet normal 0.000000e+00 0.000000e+00 -1.000000e+00
    outer loop
      vertex   1.582173e-01 1.037379e+01 0.000000e+00
      vertex   -1.052798e-01 4.623802e+00 0.000000e+00
      vertex   -4.745047e-01 1.036414e+01 0.000000e+00
    endloop
  endfacet
  facet normal 0.000000e+00 -0.000000e+00 -1.000000e+00
    outer loop
      vertex   -4.745047e-01 1.036414e+01 0.000000e+00
      vertex   -1.052798e-01 4.623802e+00 0.000000e+00
      vertex   -1.105461e+00 1.031594e+01 0.000000e+00
    endloop
  endfacet
  facet normal 0.000000e+00 -0.000000e+00 -1.000000e+00
    outer loop
      vertex   -1.105461e+00 1.031594e+01 0.000000e+00
      vertex   -1.052798e-01 4.623802e+00 0.000000e+00
      vertex   -1.732306e+00 1.022936e+01 0.000000e+00
    endloop
  endfacet
  facet normal 0.000000e+00 -0.000000e+00 -1.000000e+00
    outer loop
      vertex   -1.732306e+00 1.022936e+01 0.000000e+00
      vertex   -1.052798e-01 4.623802e+00 0.000000e+00
      vertex   -2.352706e+00 1.010472e+01 0.000000e+00
    endloop
  endfacet
  facet normal 0.000000e+00 -0.000000e+00 -1.000000e+00
    outer loop
      vertex   -2.352706e+00 1.010472e+01 0.000000e+00
      vertex   -1.052798e-01 4.623802e+00 0.000000e+00
      vertex   -2.964354e+00 9.942496e+00 0.000000e+00
    endloop
  endfacet
  facet normal 0.000000e+00 -0.000000e+00 -1.000000e+00
    outer loop
      vertex   -2.964354e+00 9.942496e+00 0.000000e+00
      vertex   -1.052798e-01 4.623802e+00 0.000000e+00
      vertex   -3.564974e+00 9.743284e+00 0.000000e+00
    endloop
  endfacet
  facet normal 0.000000e+00 -0.000000e+00 -1.000000e+00
    outer loop
      vertex   -3.564974e+00 9.743284e+00 0.000000e+00
      vertex   -1.052798e-01 4.623802e+00 0.000000e+00
      vertex   -4.152332e+00 9.507826e+00 0.000000e+00
    endloop
  endfacet
  facet normal 0.000000e+00 -0.000000e+00 -1.000000e+00
    outer loop
      vertex   -4.152332e+00 9.507826e+00 0.000000e+00
      vertex   -1.052798e-01 4.623802e+00 0.000000e+00
      vertex   -4.724244e+00 9.236999e+00 0.000000e+00
    endloop
  endfacet
  facet normal 0.000000e+00 -0.000000e+00 -1.000000e+00
    outer loop
      vertex   -4.724244e+00 9.236999e+00 0.000000e+00
      vertex   -1.052798e-01 4.623802e+00 0.000000e+00
      vertex   -5.278581e+00 8.931809e+00 0.000000e+00
    endloop
  endfacet
  facet normal 0.000000e+00 -0.000000e+00 -1.000000e+00
    outer loop
      vertex   -5.278581e+00 8.931809e+00 0.000000e+00
      vertex   -1.052798e-01 4.623802e+00 0.000000e+00
      vertex   -5.813281e+00 8.593392e+00 0.000000e+00
    endloop
  endfacet
  facet normal 0.000000e+00 -0.000000e+00 -1.000000e+00
    outer loop
      vertex   -5.813281e+00 8.593392e+00 0.000000e+00
      vertex   -1.052798e-01 4.623802e+00 0.000000e+00
      vertex   -6.326355e+00 8.223008e+00 0.000000e+00
    endloop
  endfacet
  facet normal 0.000000e+00 -0.000000e+00 -1.000000e+00
    outer loop
      vertex   -6.326355e+00 8.223008e+00 0.000000e+00
      vertex   -1.052798e-01 4.623802e+00 0.000000e+00
      vertex   -6.815895e+00 7.822033e+00 0.000000e+00
    endloop
  endfacet
  facet normal 0.000000e+00 -0.000000e+00 -1.000000e+00
    outer loop
      vertex   -6.815895e+00 7.822033e+00 0.000000e+00
      vertex   -1.052798e-01 4.623802e+00 0.000000e+00
      vertex   -7.280080e+00 7.391959e+00 0.000000e+00
    endloop
  endfacet
  facet normal 0.000000e+00 -0.000000e+00 -1.000000e+00
    outer loop
      vertex   -7.280080e+00 7.391959e+00 0.000000e+00
      vertex   -1.052798e-01 4.623802e+00 0.000000e+00
      vertex   -7.717182e+00 6.934388e+00 0.000000e+00
    endloop
  endfacet
  facet normal 0.000000e+00 -0.000000e+00 -1.000000e+00
    outer loop
      vertex   -7.717182e+00 6.934388e+00 0.000000e+00
      vertex   -1.052798e-01 4.623802e+00 0.000000e+00
      vertex   -8.125575e+00 6.451019e+00 0.000000e+00
    endloop
  endfacet
  facet normal 0.000000e+00 -0.000000e+00 -1.000000e+00
    outer loop
      vertex   -8.125575e+00 6.451019e+00 0.000000e+00
      vertex   -1.052798e-01 4.623802e+00 0.000000e+00
      vertex   -8.503741e+00 5.943653e+00 0.000000e+00
    endloop
  endfacet
  facet normal -9.995524e-01 2.991547e-02 1.033288e-16
    outer loop
      vertex   -1.085554e+01 6.503702e-01 1.850000e+00
      vertex   -1.085554e+01 6.503702e-01 5.000000e-01
      vertex   -1.087500e+01 -1.331803e-15 1.850000e+00
    endloop
  endfacet
  facet normal -9.995524e-01 2.991547e-02 5.902447e-17
    outer loop
      vertex   -1.087500e+01 -1.331803e-15 1.850000e+00
      vertex   -1.085554e+01 6.503702e-01 5.000000e-01
      vertex   -1.087500e+01 1.331803e-15 5.000000e-01
    endloop
  endfacet
  facet normal -9.995524e-01 -2.991547e-02 -5.902447e-17
    outer loop
      vertex   -1.087500e+01 -1.331803e-15 1.850000e+00
      vertex   -1.087500e+01 1.331803e-15 5.000000e-01
      vertex   -1.085554e+01 -6.503702e-01 1.850000e+00
    endloop
  endfacet
  facet normal -9.995524e-01 -2.991547e-02 -1.033288e-16
    outer loop
      vertex   -1.085554e+01 -6.503702e-01 1.850000e+00
      vertex   -1.087500e+01 1.331803e-15 5.000000e-01
      vertex   -1.085554e+01 -6.503702e-01 5.000000e-01
    endloop
  endfacet
  facet normal -9.959743e-01 -8.963931e-02 -3.096166e-16
    outer loop
      vertex   -1.085554e+01 -6.503702e-01 1.850000e+00
      vertex   -1.085554e+01 -6.503702e-01 5.000000e-01
      vertex   -1.079721e+01 -1.298412e+00 1.850000e+00
    endloop
  endfacet
  facet normal -9.959743e-01 -8.963931e-02 -3.096166e-16
    outer loop
      vertex   -1.079721e+01 -1.298412e+00 1.850000e+00
      vertex   -1.085554e+01 -6.503702e-01 5.000000e-01
      vertex   -1.079721e+01 -1.298412e+00 5.000000e-01
    endloop
  endfacet
  facet normal -9.888308e-01 -1.490423e-01 -5.147960e-16
    outer loop
      vertex   -1.079721e+01 -1.298412e+00 1.850000e+00
      vertex   -1.079721e+01 -1.298412e+00 5.000000e-01
      vertex   -1.070023e+01 -1.941806e+00 1.850000e+00
    endloop
  endfacet
  facet normal -9.888308e-01 -1.490423e-01 -0.000000e+00
    outer loop
      vertex   -1.070023e+01 -1.941806e+00 1.850000e+00
      vertex   -1.079721e+01 -1.298412e+00 5.000000e-01
      vertex   -1.070023e+01 -1.941806e+00 5.000000e-01
    endloop
  endfacet
  facet normal -9.781476e-01 -2.079117e-01 -0.000000e+00
    outer loop
      vertex   -1.070023e+01 -1.941806e+00 1.850000e+00
      vertex   -1.070023e+01 -1.941806e+00 5.000000e-01
      vertex   -1.056495e+01 -2.578249e+00 1.850000e+00
    endloop
  endfacet
  facet normal -9.781476e-01 -2.079117e-01 -6.839358e-16
    outer loop
      vertex   -1.056495e+01 -2.578249e+00 1.850000e+00
      vertex   -1.070023e+01 -1.941806e+00 5.000000e-01
      vertex   -1.056495e+01 -2.578249e+00 5.000000e-01
    endloop
  endfacet
  facet normal -9.639629e-01 -2.660368e-01 -8.751414e-16
    outer loop
      vertex   -1.056495e+01 -2.578249e+00 1.850000e+00
      vertex   -1.056495e+01 -2.578249e+00 5.000000e-01
      vertex   -1.039185e+01 -3.205463e+00 1.850000e+00
    endloop
  endfacet
  facet normal -9.639629e-01 -2.660368e-01 -7.876273e-16
    outer loop
      vertex   -1.039185e+01 -3.205463e+00 1.850000e+00
      vertex   -1.056495e+01 -2.578249e+00 5.000000e-01
      vertex   -1.039185e+01 -3.205463e+00 5.000000e-01
    endloop
  endfacet
  facet normal -9.463274e-01 -3.232097e-01 -9.568928e-16
    outer loop
      vertex   -1.039185e+01 -3.205463e+00 1.850000e+00
      vertex   -1.039185e+01 -3.205463e+00 5.000000e-01
      vertex   -1.018155e+01 -3.821201e+00 1.850000e+00
    endloop
  endfacet
  facet normal -9.463274e-01 -3.232097e-01 -0.000000e+00
    outer loop
      vertex   -1.018155e+01 -3.821201e+00 1.850000e+00
      vertex   -1.039185e+01 -3.205463e+00 5.000000e-01
      vertex   -1.018155e+01 -3.821201e+00 5.000000e-01
    endloop
  endfacet
  facet normal -9.253043e-01 -3.792255e-01 -0.000000e+00
    outer loop
      vertex   -1.018155e+01 -3.821201e+00 1.850000e+00
      vertex   -1.018155e+01 -3.821201e+00 5.000000e-01
      vertex   -9.934807e+00 -4.423261e+00 1.850000e+00
    endloop
  endfacet
  facet normal -9.253043e-01 -3.792255e-01 2.195490e-16
    outer loop
      vertex   -9.934807e+00 -4.423261e+00 1.850000e+00
      vertex   -1.018155e+01 -3.821201e+00 5.000000e-01
      vertex   -9.934807e+00 -4.423261e+00 5.000000e-01
    endloop
  endfacet
  facet normal -9.009689e-01 -4.338837e-01 4.368705e-17
    outer loop
      vertex   -9.934807e+00 -4.423261e+00 1.850000e+00
      vertex   -9.934807e+00 -4.423261e+00 5.000000e-01
      vertex   -9.652495e+00 -5.009487e+00 1.850000e+00
    endloop
  endfacet
  facet normal -9.009689e-01 -4.338837e-01 -2.417694e-16
    outer loop
      vertex   -9.652495e+00 -5.009487e+00 1.850000e+00
      vertex   -9.934807e+00 -4.423261e+00 5.000000e-01
      vertex   -9.652495e+00 -5.009487e+00 5.000000e-01
    endloop
  endfacet
  facet normal -8.734082e-01 -4.869888e-01 -4.527261e-16
    outer loop
      vertex   -9.652495e+00 -5.009487e+00 1.850000e+00
      vertex   -9.652495e+00 -5.009487e+00 5.000000e-01
      vertex   -9.335631e+00 -5.577780e+00 1.850000e+00
    endloop
  endfacet
  facet normal -8.734082e-01 -4.869888e-01 -0.000000e+00
    outer loop
      vertex   -9.335631e+00 -5.577780e+00 1.850000e+00
      vertex   -9.652495e+00 -5.009487e+00 5.000000e-01
      vertex   -9.335631e+00 -5.577780e+00 5.000000e-01
    endloop
  endfacet
  facet normal -8.427210e-01 -5.383506e-01 -0.000000e+00
    outer loop
      vertex   -9.335631e+00 -5.577780e+00 1.850000e+00
      vertex   -9.335631e+00 -5.577780e+00 5.000000e-01
      vertex   -8.985347e+00 -6.126106e+00 1.850000e+00
    endloop
  endfacet
  facet normal -8.427210e-01 -5.383506e-01 8.009931e-16
    outer loop
      vertex   -8.985347e+00 -6.126106e+00 1.850000e+00
      vertex   -9.335631e+00 -5.577780e+00 5.000000e-01
      vertex   -8.985347e+00 -6.126106e+00 5.000000e-01
    endloop
  endfacet
  facet normal -8.090170e-01 -5.877853e-01 5.822022e-16
    outer loop
      vertex   -8.985347e+00 -6.126106e+00 1.850000e+00
      vertex   -8.985347e+00 -6.126106e+00 5.000000e-01
      vertex   -8.602898e+00 -6.652502e+00 1.850000e+00
    endloop
  endfacet
  facet normal -8.090170e-01 -5.877853e-01 -6.735357e-16
    outer loop
      vertex   -8.602898e+00 -6.652502e+00 1.850000e+00
      vertex   -8.985347e+00 -6.126106e+00 5.000000e-01
      vertex   -8.602898e+00 -6.652502e+00 5.000000e-01
    endloop
  endfacet
  facet normal -7.724170e-01 -6.351158e-01 -1.129405e-15
    outer loop
      vertex   -8.602898e+00 -6.652502e+00 1.850000e+00
      vertex   -8.602898e+00 -6.652502e+00 5.000000e-01
      vertex   -8.189652e+00 -7.155084e+00 1.850000e+00
    endloop
  endfacet
  facet normal -7.724170e-01 -6.351158e-01 -0.000000e+00
    outer loop
      vertex   -8.189652e+00 -7.155084e+00 1.850000e+00
      vertex   -8.602898e+00 -6.652502e+00 5.000000e-01
      vertex   -8.189652e+00 -7.155084e+00 5.000000e-01
    endloop
  endfacet
  facet normal -7.330519e-01 -6.801727e-01 -0.000000e+00
    outer loop
      vertex   -8.189652e+00 -7.155084e+00 1.850000e+00
      vertex   -8.189652e+00 -7.155084e+00 5.000000e-01
      vertex   -7.747090e+00 -7.632052e+00 1.850000e+00
    endloop
  endfacet
  facet normal -7.330519e-01 -6.801727e-01 -3.431233e-16
    outer loop
      vertex   -7.747090e+00 -7.632052e+00 1.850000e+00
      vertex   -8.189652e+00 -7.155084e+00 5.000000e-01
      vertex   -7.747090e+00 -7.632052e+00 5.000000e-01
    endloop
  endfacet
  facet normal -6.910626e-01 -7.227949e-01 -5.381647e-16
    outer loop
      vertex   -7.747090e+00 -7.632052e+00 1.850000e+00
      vertex   -7.747090e+00 -7.632052e+00 5.000000e-01
      vertex   -7.276795e+00 -8.081700e+00 1.850000e+00
    endloop
  endfacet
  facet normal -6.910626e-01 -7.227949e-01 2.876415e-16
    outer loop
      vertex   -7.276795e+00 -8.081700e+00 1.850000e+00
      vertex   -7.747090e+00 -7.632052e+00 5.000000e-01
      vertex   -7.276795e+00 -8.081700e+00 5.000000e-01
    endloop
  endfacet
  facet normal -6.465996e-01 -7.628296e-01 -1.863465e-16
    outer loop
      vertex   -7.276795e+00 -8.081700e+00 1.850000e+00
      vertex   -7.276795e+00 -8.081700e+00 5.000000e-01
      vertex   -6.780452e+00 -8.502417e+00 1.850000e+00
    endloop
  endfacet
  facet normal -6.465996e-01 -7.628296e-01 -0.000000e+00
    outer loop
      vertex   -6.780452e+00 -8.502417e+00 1.850000e+00
      vertex   -7.276795e+00 -8.081700e+00 5.000000e-01
      vertex   -6.780452e+00 -8.502417e+00 5.000000e-01
    endloop
  endfacet
  facet normal -5.998219e-01 -8.001335e-01 -0.000000e+00
    outer loop
      vertex   -6.780452e+00 -8.502417e+00 1.850000e+00
      vertex   -6.780452e+00 -8.502417e+00 5.000000e-01
      vertex   -6.259836e+00 -8.892698e+00 1.850000e+00
    endloop
  endfacet
  facet normal -5.998219e-01 -8.001335e-01 5.256835e-16
    outer loop
      vertex   -6.259836e+00 -8.892698e+00 1.850000e+00
      vertex   -6.780452e+00 -8.502417e+00 5.000000e-01
      vertex   -6.259836e+00 -8.892698e+00 5.000000e-01
    endloop
  endfacet
  facet normal -5.508970e-01 -8.345733e-01 3.516143e-16
    outer loop
      vertex   -6.259836e+00 -8.892698e+00 1.850000e+00
      vertex   -6.259836e+00 -8.892698e+00 5.000000e-01
      vertex   -5.716811e+00 -9.251146e+00 1.850000e+00
    endloop
  endfacet
  facet normal -5.508970e-01 -8.345733e-01 3.299618e-16
    outer loop
      vertex   -5.716811e+00 -9.251146e+00 1.850000e+00
      vertex   -6.259836e+00 -8.892698e+00 5.000000e-01
      vertex   -5.716811e+00 -9.251146e+00 5.000000e-01
    endloop
  endfacet
  facet normal -5.000000e-01 -8.660254e-01 -1.290506e-16
    outer loop
      vertex   -5.716811e+00 -9.251146e+00 1.850000e+00
      vertex   -5.716811e+00 -9.251146e+00 5.000000e-01
      vertex   -5.153322e+00 -9.576476e+00 1.850000e+00
    endloop
  endfacet
  facet normal -5.000000e-01 -8.660254e-01 -0.000000e+00
    outer loop
      vertex   -5.153322e+00 -9.576476e+00 1.850000e+00
      vertex   -5.716811e+00 -9.251146e+00 5.000000e-01
      vertex   -5.153322e+00 -9.576476e+00 5.000000e-01
    endloop
  endfacet
  facet normal -4.473131e-01 -8.943774e-01 -0.000000e+00
    outer loop
      vertex   -5.153322e+00 -9.576476e+00 1.850000e+00
      vertex   -5.153322e+00 -9.576476e+00 5.000000e-01
      vertex   -4.571385e+00 -9.867526e+00 1.850000e+00
    endloop
  endfacet
  facet normal -4.473131e-01 -8.943774e-01 2.946193e-16
    outer loop
      vertex   -4.571385e+00 -9.867526e+00 1.850000e+00
      vertex   -5.153322e+00 -9.576476e+00 5.000000e-01
      vertex   -4.571385e+00 -9.867526e+00 5.000000e-01
    endloop
  endfacet
  facet normal -3.930250e-01 -9.195278e-01 8.294245e-17
    outer loop
      vertex   -4.571385e+00 -9.867526e+00 1.850000e+00
      vertex   -4.571385e+00 -9.867526e+00 5.000000e-01
      vertex   -3.973084e+00 -1.012325e+01 1.850000e+00
    endloop
  endfacet
  facet normal -3.930250e-01 -9.195278e-01 -4.805528e-16
    outer loop
      vertex   -3.973084e+00 -1.012325e+01 1.850000e+00
      vertex   -4.571385e+00 -9.867526e+00 5.000000e-01
      vertex   -3.973084e+00 -1.012325e+01 5.000000e-01
    endloop
  endfacet
  facet normal -3.373300e-01 -9.413865e-01 -8.128944e-16
    outer loop
      vertex   -3.973084e+00 -1.012325e+01 1.850000e+00
      vertex   -3.973084e+00 -1.012325e+01 5.000000e-01
      vertex   -3.360560e+00 -1.034274e+01 1.850000e+00
    endloop
  endfacet
  facet normal -3.373300e-01 -9.413865e-01 -0.000000e+00
    outer loop
      vertex   -3.360560e+00 -1.034274e+01 1.850000e+00
      vertex   -3.973084e+00 -1.012325e+01 5.000000e-01
      vertex   -3.360560e+00 -1.034274e+01 5.000000e-01
    endloop
  endfacet
  facet normal -2.804274e-01 -9.598752e-01 -0.000000e+00
    outer loop
      vertex   -3.360560e+00 -1.034274e+01 1.850000e+00
      vertex   -3.360560e+00 -1.034274e+01 5.000000e-01
      vertex   -2.736006e+00 -1.052520e+01 1.850000e+00
    endloop
  endfacet
  facet normal -2.804274e-01 -9.598752e-01 -1.560471e-16
    outer loop
      vertex   -2.736006e+00 -1.052520e+01 1.850000e+00
      vertex   -3.360560e+00 -1.034274e+01 5.000000e-01
      vertex   -2.736006e+00 -1.052520e+01 5.000000e-01
    endloop
  endfacet
  facet normal -2.225209e-01 -9.749279e-01 -4.044371e-16
    outer loop
      vertex   -2.736006e+00 -1.052520e+01 1.850000e+00
      vertex   -2.736006e+00 -1.052520e+01 5.000000e-01
      vertex   -2.101658e+00 -1.066999e+01 1.850000e+00
    endloop
  endfacet
  facet normal -2.225209e-01 -9.749279e-01 -1.394469e-15
    outer loop
      vertex   -2.101658e+00 -1.066999e+01 1.850000e+00
      vertex   -2.736006e+00 -1.052520e+01 5.000000e-01
      vertex   -2.101658e+00 -1.066999e+01 5.000000e-01
    endloop
  endfacet
  facet normal -1.638179e-01 -9.864906e-01 -1.733868e-15
    outer loop
      vertex   -2.101658e+00 -1.066999e+01 1.850000e+00
      vertex   -2.101658e+00 -1.066999e+01 5.000000e-01
      vertex   -1.459787e+00 -1.077658e+01 1.850000e+00
    endloop
  endfacet
  facet normal -1.638179e-01 -9.864906e-01 -0.000000e+00
    outer loop
      vertex   -1.459787e+00 -1.077658e+01 1.850000e+00
      vertex   -2.101658e+00 -1.066999e+01 5.000000e-01
      vertex   -1.459787e+00 -1.077658e+01 5.000000e-01
    endloop
  endfacet
  facet normal -1.045285e-01 -9.945219e-01 -0.000000e+00
    outer loop
      vertex   -1.459787e+00 -1.077658e+01 1.850000e+00
      vertex   -1.459787e+00 -1.077658e+01 5.000000e-01
      vertex   -8.126898e-01 -1.084459e+01 1.850000e+00
    endloop
  endfacet
  facet normal -1.045285e-01 -9.945219e-01 3.782367e-16
    outer loop
      vertex   -8.126898e-01 -1.084459e+01 1.850000e+00
      vertex   -1.459787e+00 -1.077658e+01 5.000000e-01
      vertex   -8.126898e-01 -1.084459e+01 5.000000e-01
    endloop
  endfacet
  facet normal -4.486483e-02 -9.989931e-01 1.623436e-16
    outer loop
      vertex   -8.126898e-01 -1.084459e+01 1.850000e+00
      vertex   -8.126898e-01 -1.084459e+01 5.000000e-01
      vertex   -1.626836e-01 -1.087378e+01 1.850000e+00
    endloop
  endfacet
  facet normal -4.486483e-02 -9.989931e-01 2.416706e-16
    outer loop
      vertex   -1.626836e-01 -1.087378e+01 1.850000e+00
      vertex   -8.126898e-01 -1.084459e+01 5.000000e-01
      vertex   -1.626836e-01 -1.087378e+01 5.000000e-01
    endloop
  endfacet
  facet normal 1.495941e-02 -9.998881e-01 -8.058090e-17
    outer loop
      vertex   -1.626836e-01 -1.087378e+01 1.850000e+00
      vertex   -1.626836e-01 -1.087378e+01 5.000000e-01
      vertex   4.879050e-01 -1.086405e+01 1.850000e+00
    endloop
  endfacet
  facet normal 1.495941e-02 -9.998881e-01 0.000000e+00
    outer loop
      vertex   4.879050e-01 -1.086405e+01 1.850000e+00
      vertex   -1.626836e-01 -1.087378e+01 5.000000e-01
      vertex   4.879050e-01 -1.086405e+01 5.000000e-01
    endloop
  endfacet
  facet normal 7.473009e-02 -9.972038e-01 0.000000e+00
    outer loop
      vertex   4.879050e-01 -1.086405e+01 1.850000e+00
      vertex   4.879050e-01 -1.086405e+01 5.000000e-01
      vertex   1.136747e+00 -1.081543e+01 1.850000e+00
    endloop
  endfacet
  facet normal 7.473009e-02 -9.972038e-01 -2.704112e-16
    outer loop
      vertex   1.136747e+00 -1.081543e+01 1.850000e+00
      vertex   4.879050e-01 -1.086405e+01 5.000000e-01
      vertex   1.136747e+00 -1.081543e+01 5.000000e-01
    endloop
  endfacet
  facet normal 1.342333e-01 -9.909498e-01 -4.857237e-16
    outer loop
      vertex   1.136747e+00 -1.081543e+01 1.850000e+00
      vertex   1.136747e+00 -1.081543e+01 5.000000e-01
      vertex   1.781520e+00 -1.072809e+01 1.850000e+00
    endloop
  endfacet
  facet normal 1.342333e-01 -9.909498e-01 5.974042e-16
    outer loop
      vertex   1.781520e+00 -1.072809e+01 1.850000e+00
      vertex   1.136747e+00 -1.081543e+01 5.000000e-01
      vertex   1.781520e+00 -1.072809e+01 5.000000e-01
    endloop
  endfacet
  facet normal 1.932559e-01 -9.811484e-01 2.738546e-16
    outer loop
      vertex   1.781520e+00 -1.072809e+01 1.850000e+00
      vertex   1.781520e+00 -1.072809e+01 5.000000e-01
      vertex   2.419915e+00 -1.060234e+01 1.850000e+00
    endloop
  endfacet
  facet normal 1.932559e-01 -9.811484e-01 0.000000e+00
    outer loop
      vertex   2.419915e+00 -1.060234e+01 1.850000e+00
      vertex   1.781520e+00 -1.072809e+01 5.000000e-01
      vertex   2.419915e+00 -1.060234e+01 5.000000e-01
    endloop
  endfacet
  facet normal 2.515868e-01 -9.678347e-01 0.000000e+00
    outer loop
      vertex   2.419915e+00 -1.060234e+01 1.850000e+00
      vertex   2.419915e+00 -1.060234e+01 5.000000e-01
      vertex   3.049648e+00 -1.043864e+01 1.850000e+00
    endloop
  endfacet
  facet normal 2.515868e-01 -9.678347e-01 4.458890e-16
    outer loop
      vertex   3.049648e+00 -1.043864e+01 1.850000e+00
      vertex   2.419915e+00 -1.060234e+01 5.000000e-01
      vertex   3.049648e+00 -1.043864e+01 5.000000e-01
    endloop
  endfacet
  facet normal 3.090170e-01 -9.510565e-01 2.348923e-16
    outer loop
      vertex   3.049648e+00 -1.043864e+01 1.850000e+00
      vertex   3.049648e+00 -1.043864e+01 5.000000e-01
      vertex   3.668464e+00 -1.023758e+01 1.850000e+00
    endloop
  endfacet
  facet normal 3.090170e-01 -9.510565e-01 9.780480e-16
    outer loop
      vertex   3.668464e+00 -1.023758e+01 1.850000e+00
      vertex   3.049648e+00 -1.043864e+01 5.000000e-01
      vertex   3.668464e+00 -1.023758e+01 5.000000e-01
    endloop
  endfacet
  facet normal 3.653410e-01 -9.308737e-01 6.470132e-16
    outer loop
      vertex   3.668464e+00 -1.023758e+01 1.850000e+00
      vertex   3.668464e+00 -1.023758e+01 5.000000e-01
      vertex   4.274147e+00 -9.999865e+00 1.850000e+00
    endloop
  endfacet
  facet normal 3.653410e-01 -9.308737e-01 0.000000e+00
    outer loop
      vertex   4.274147e+00 -9.999865e+00 1.850000e+00
      vertex   3.668464e+00 -1.023758e+01 5.000000e-01
      vertex   4.274147e+00 -9.999865e+00 5.000000e-01
    endloop
  endfacet
  facet normal 4.203572e-01 -9.073587e-01 0.000000e+00
    outer loop
      vertex   4.274147e+00 -9.999865e+00 1.850000e+00
      vertex   4.274147e+00 -9.999865e+00 5.000000e-01
      vertex   4.864530e+00 -9.726354e+00 1.850000e+00
    endloop
  endfacet
  facet normal 4.203572e-01 -9.073587e-01 -1.888654e-16
    outer loop
      vertex   4.864530e+00 -9.726354e+00 1.850000e+00
      vertex   4.274147e+00 -9.999865e+00 5.000000e-01
      vertex   4.864530e+00 -9.726354e+00 5.000000e-01
    endloop
  endfacet
  facet normal 4.738687e-01 -8.805955e-01 -4.001094e-16
    outer loop
      vertex   4.864530e+00 -9.726354e+00 1.850000e+00
      vertex   4.864530e+00 -9.726354e+00 5.000000e-01
      vertex   5.437500e+00 -9.418026e+00 1.850000e+00
    endloop
  endfacet
  facet normal 4.738687e-01 -8.805955e-01 -8.002188e-16
    outer loop
      vertex   5.437500e+00 -9.418026e+00 1.850000e+00
      vertex   4.864530e+00 -9.726354e+00 5.000000e-01
      vertex   5.437500e+00 -9.418026e+00 5.000000e-01
    endloop
  endfacet
  facet normal 5.256838e-01 -8.506801e-01 -1.219842e-15
    outer loop
      vertex   5.437500e+00 -9.418026e+00 1.850000e+00
      vertex   5.437500e+00 -9.418026e+00 5.000000e-01
      vertex   5.991005e+00 -9.075984e+00 1.850000e+00
    endloop
  endfacet
  facet normal 5.256838e-01 -8.506801e-01 0.000000e+00
    outer loop
      vertex   5.991005e+00 -9.075984e+00 1.850000e+00
      vertex   5.437500e+00 -9.418026e+00 5.000000e-01
      vertex   5.991005e+00 -9.075984e+00 5.000000e-01
    endloop
  endfacet
  facet normal 5.756171e-01 -8.177194e-01 0.000000e+00
    outer loop
      vertex   5.991005e+00 -9.075984e+00 1.850000e+00
      vertex   5.991005e+00 -9.075984e+00 5.000000e-01
      vertex   6.523063e+00 -8.701452e+00 1.850000e+00
    endloop
  endfacet
  facet normal 5.756171e-01 -8.177194e-01 -4.388453e-16
    outer loop
      vertex   6.523063e+00 -8.701452e+00 1.850000e+00
      vertex   5.991005e+00 -9.075984e+00 5.000000e-01
      vertex   6.523063e+00 -8.701452e+00 5.000000e-01
    endloop
  endfacet
  facet normal 6.234898e-01 -7.818315e-01 -6.120511e-16
    outer loop
      vertex   6.523063e+00 -8.701452e+00 1.850000e+00
      vertex   6.523063e+00 -8.701452e+00 5.000000e-01
      vertex   7.031771e+00 -8.295772e+00 1.850000e+00
    endloop
  endfacet
  facet normal 6.234898e-01 -7.818315e-01 -6.055530e-16
    outer loop
      vertex   7.031771e+00 -8.295772e+00 1.850000e+00
      vertex   6.523063e+00 -8.701452e+00 5.000000e-01
      vertex   7.031771e+00 -8.295772e+00 5.000000e-01
    endloop
  endfacet
  facet normal 6.691306e-01 -7.431448e-01 -1.028515e-15
    outer loop
      vertex   7.031771e+00 -8.295772e+00 1.850000e+00
      vertex   7.031771e+00 -8.295772e+00 5.000000e-01
      vertex   7.515306e+00 -7.860394e+00 1.850000e+00
    endloop
  endfacet
  facet normal 6.691306e-01 -7.431448e-01 0.000000e+00
    outer loop
      vertex   7.515306e+00 -7.860394e+00 1.850000e+00
      vertex   7.031771e+00 -8.295772e+00 5.000000e-01
      vertex   7.515306e+00 -7.860394e+00 5.000000e-01
    endloop
  endfacet
  facet normal 7.123761e-01 -7.017979e-01 0.000000e+00
    outer loop
      vertex   7.515306e+00 -7.860394e+00 1.850000e+00
      vertex   7.515306e+00 -7.860394e+00 5.000000e-01
      vertex   7.971939e+00 -7.396879e+00 1.850000e+00
    endloop
  endfacet
  facet normal 7.123761e-01 -7.017979e-01 -2.783800e-17
    outer loop
      vertex   7.971939e+00 -7.396879e+00 1.850000e+00
      vertex   7.515306e+00 -7.860394e+00 5.000000e-01
      vertex   7.971939e+00 -7.396879e+00 5.000000e-01
    endloop
  endfacet
  facet normal 7.530715e-01 -6.579387e-01 -2.503551e-16
    outer loop
      vertex   7.971939e+00 -7.396879e+00 1.850000e+00
      vertex   7.971939e+00 -7.396879e+00 5.000000e-01
      vertex   8.400034e+00 -6.906884e+00 1.850000e+00
    endloop
  endfacet
  facet normal 7.530715e-01 -6.579387e-01 -2.503551e-16
    outer loop
      vertex   8.400034e+00 -6.906884e+00 1.850000e+00
      vertex   7.971939e+00 -7.396879e+00 5.000000e-01
      vertex   8.400034e+00 -6.906884e+00 5.000000e-01
    endloop
  endfacet
  facet normal 7.910710e-01 -6.117243e-01 -4.719760e-16
    outer loop
      vertex   8.400034e+00 -6.906884e+00 1.850000e+00
      vertex   8.400034e+00 -6.906884e+00 5.000000e-01
      vertex   8.798060e+00 -6.392165e+00 1.850000e+00
    endloop
  endfacet
  facet normal 7.910710e-01 -6.117243e-01 0.000000e+00
    outer loop
      vertex   8.798060e+00 -6.392165e+00 1.850000e+00
      vertex   8.400034e+00 -6.906884e+00 5.000000e-01
      vertex   8.798060e+00 -6.392165e+00 5.000000e-01
    endloop
  endfacet
  facet normal 8.262388e-01 -5.633201e-01 0.000000e+00
    outer loop
      vertex   8.798060e+00 -6.392165e+00 1.850000e+00
      vertex   8.798060e+00 -6.392165e+00 5.000000e-01
      vertex   9.164590e+00 -5.854563e+00 1.850000e+00
    endloop
  endfacet
  facet normal 8.262388e-01 -5.633201e-01 -1.062521e-15
    outer loop
      vertex   9.164590e+00 -5.854563e+00 1.850000e+00
      vertex   8.798060e+00 -6.392165e+00 5.000000e-01
      vertex   9.164590e+00 -5.854563e+00 5.000000e-01
    endloop
  endfacet
  facet normal 8.584488e-01 -5.128993e-01 -1.246803e-15
    outer loop
      vertex   9.164590e+00 -5.854563e+00 1.850000e+00
      vertex   9.164590e+00 -5.854563e+00 5.000000e-01
      vertex   9.498314e+00 -5.296003e+00 1.850000e+00
    endloop
  endfacet
  facet normal 8.584488e-01 -5.128993e-01 2.202021e-16
    outer loop
      vertex   9.498314e+00 -5.296003e+00 1.850000e+00
      vertex   9.164590e+00 -5.854563e+00 5.000000e-01
      vertex   9.498314e+00 -5.296003e+00 5.000000e-01
    endloop
  endfacet
  facet normal 8.875858e-01 -4.606425e-01 4.434196e-17
    outer loop
      vertex   9.498314e+00 -5.296003e+00 1.850000e+00
      vertex   9.498314e+00 -5.296003e+00 5.000000e-01
      vertex   9.798036e+00 -4.718486e+00 1.850000e+00
    endloop
  endfacet
  facet normal 8.875858e-01 -4.606425e-01 0.000000e+00
    outer loop
      vertex   9.798036e+00 -4.718486e+00 1.850000e+00
      vertex   9.498314e+00 -5.296003e+00 5.000000e-01
      vertex   9.798036e+00 -4.718486e+00 5.000000e-01
    endloop
  endfacet
  facet normal 9.135455e-01 -4.067366e-01 0.000000e+00
    outer loop
      vertex   9.798036e+00 -4.718486e+00 1.850000e+00
      vertex   9.798036e+00 -4.718486e+00 5.000000e-01
      vertex   1.006268e+01 -4.124077e+00 1.850000e+00
    endloop
  endfacet
  facet normal 9.135455e-01 -4.067366e-01 4.035152e-16
    outer loop
      vertex   1.006268e+01 -4.124077e+00 1.850000e+00
      vertex   9.798036e+00 -4.718486e+00 5.000000e-01
      vertex   1.006268e+01 -4.124077e+00 5.000000e-01
    endloop
  endfacet
  facet normal 9.362349e-01 -3.513748e-01 1.551215e-16
    outer loop
      vertex   1.006268e+01 -4.124077e+00 1.850000e+00
      vertex   1.006268e+01 -4.124077e+00 5.000000e-01
      vertex   1.029131e+01 -3.514905e+00 1.850000e+00
    endloop
  endfacet
  facet normal 9.362349e-01 -3.513748e-01 1.155865e-15
    outer loop
      vertex   1.029131e+01 -3.514905e+00 1.850000e+00
      vertex   1.006268e+01 -4.124077e+00 5.000000e-01
      vertex   1.029131e+01 -3.514905e+00 5.000000e-01
    endloop
  endfacet
  facet normal 9.555728e-01 -2.947552e-01 9.696118e-16
    outer loop
      vertex   1.029131e+01 -3.514905e+00 1.850000e+00
      vertex   1.029131e+01 -3.514905e+00 5.000000e-01
      vertex   1.048310e+01 -2.893151e+00 1.850000e+00
    endloop
  endfacet
  facet normal 9.555728e-01 -2.947552e-01 0.000000e+00
    outer loop
      vertex   1.048310e+01 -2.893151e+00 1.850000e+00
      vertex   1.029131e+01 -3.514905e+00 5.000000e-01
      vertex   1.048310e+01 -2.893151e+00 5.000000e-01
    endloop
  endfacet
  facet normal 9.714900e-01 -2.370804e-01 0.000000e+00
    outer loop
      vertex   1.048310e+01 -2.893151e+00 1.850000e+00
      vertex   1.048310e+01 -2.893151e+00 5.000000e-01
      vertex   1.063736e+01 -2.261040e+00 1.850000e+00
    endloop
  endfacet
  facet normal 9.714900e-01 -2.370804e-01 7.798877e-16
    outer loop
      vertex   1.063736e+01 -2.261040e+00 1.850000e+00
      vertex   1.048310e+01 -2.893151e+00 5.000000e-01
      vertex   1.063736e+01 -2.261040e+00 5.000000e-01
    endloop
  endfacet
  facet normal 9.839296e-01 -1.785569e-01 5.873718e-16
    outer loop
      vertex   1.063736e+01 -2.261040e+00 1.850000e+00
      vertex   1.063736e+01 -2.261040e+00 5.000000e-01
      vertex   1.075354e+01 -1.620835e+00 1.850000e+00
    endloop
  endfacet
  facet normal 9.839296e-01 -1.785569e-01 6.461090e-16
    outer loop
      vertex   1.075354e+01 -1.620835e+00 1.850000e+00
      vertex   1.063736e+01 -2.261040e+00 5.000000e-01
      vertex   1.075354e+01 -1.620835e+00 5.000000e-01
    endloop
  endfacet
  facet normal 9.928469e-01 -1.193942e-01 4.320286e-16
    outer loop
      vertex   1.075354e+01 -1.620835e+00 1.850000e+00
      vertex   1.075354e+01 -1.620835e+00 5.000000e-01
      vertex   1.083122e+01 -9.748275e-01 1.850000e+00
    endloop
  endfacet
  facet normal 9.928469e-01 -1.193942e-01 0.000000e+00
    outer loop
      vertex   1.083122e+01 -9.748275e-01 1.850000e+00
      vertex   1.075354e+01 -1.620835e+00 5.000000e-01
      vertex   1.083122e+01 -9.748275e-01 5.000000e-01
    endloop
  endfacet
  facet normal 9.982101e-01 -5.980415e-02 0.000000e+00
    outer loop
      vertex   1.083122e+01 -9.748275e-01 1.850000e+00
      vertex   1.083122e+01 -9.748275e-01 5.000000e-01
      vertex   1.087013e+01 -3.253307e-01 1.850000e+00
    endloop
  endfacet
  facet normal 9.982101e-01 -5.980415e-02 2.139425e-16
    outer loop
      vertex   1.087013e+01 -3.253307e-01 1.850000e+00
      vertex   1.083122e+01 -9.748275e-01 5.000000e-01
      vertex   1.087013e+01 -3.253307e-01 5.000000e-01
    endloop
  endfacet
  facet normal 1.000000e+00 -0.000000e+00 0.000000e+00
    outer loop
      vertex   1.087013e+01 -3.253307e-01 1.850000e+00
      vertex   1.087013e+01 -3.253307e-01 5.000000e-01
      vertex   1.087013e+01 3.253307e-01 1.850000e+00
    endloop
  endfacet
  facet normal 1.000000e+00 0.000000e+00 0.000000e+00
    outer loop
      vertex   1.087013e+01 3.253307e-01 1.850000e+00
      vertex   1.087013e+01 -3.253307e-01 5.000000e-01
      vertex   1.087013e+01 3.253307e-01 5.000000e-01
    endloop
  endfacet
  facet normal 9.982101e-01 5.980415e-02 -2.139425e-16
    outer loop
      vertex   1.087013e+01 3.253307e-01 1.850000e+00
      vertex   1.087013e+01 3.253307e-01 5.000000e-01
      vertex   1.083122e+01 9.748275e-01 1.850000e+00
    endloop
  endfacet
  facet normal 9.982101e-01 5.980415e-02 0.000000e+00
    outer loop
      vertex   1.083122e+01 9.748275e-01 1.850000e+00
      vertex   1.087013e+01 3.253307e-01 5.000000e-01
      vertex   1.083122e+01 9.748275e-01 5.000000e-01
    endloop
  endfacet
  facet normal 9.928469e-01 1.193942e-01 0.000000e+00
    outer loop
      vertex   1.083122e+01 9.748275e-01 1.850000e+00
      vertex   1.083122e+01 9.748275e-01 5.000000e-01
      vertex   1.075354e+01 1.620835e+00 1.850000e+00
    endloop
  endfacet
  facet normal 9.928469e-01 1.193942e-01 -4.320286e-16
    outer loop
      vertex   1.075354e+01 1.620835e+00 1.850000e+00
      vertex   1.083122e+01 9.748275e-01 5.000000e-01
      vertex   1.075354e+01 1.620835e+00 5.000000e-01
    endloop
  endfacet
  facet normal 9.839296e-01 1.785569e-01 -6.461090e-16
    outer loop
      vertex   1.075354e+01 1.620835e+00 1.850000e+00
      vertex   1.075354e+01 1.620835e+00 5.000000e-01
      vertex   1.063736e+01 2.261040e+00 1.850000e+00
    endloop
  endfacet
  facet normal 9.839296e-01 1.785569e-01 -5.873718e-16
    outer loop
      vertex   1.063736e+01 2.261040e+00 1.850000e+00
      vertex   1.075354e+01 1.620835e+00 5.000000e-01
      vertex   1.063736e+01 2.261040e+00 5.000000e-01
    endloop
  endfacet
  facet normal 9.714900e-01 2.370804e-01 -7.798877e-16
    outer loop
      vertex   1.063736e+01 2.261040e+00 1.850000e+00
      vertex   1.063736e+01 2.261040e+00 5.000000e-01
      vertex   1.048310e+01 2.893151e+00 1.850000e+00
    endloop
  endfacet
  facet normal 9.714900e-01 2.370804e-01 0.000000e+00
    outer loop
      vertex   1.048310e+01 2.893151e+00 1.850000e+00
      vertex   1.063736e+01 2.261040e+00 5.000000e-01
      vertex   1.048310e+01 2.893151e+00 5.000000e-01
    endloop
  endfacet
  facet normal 9.555728e-01 2.947552e-01 0.000000e+00
    outer loop
      vertex   1.048310e+01 2.893151e+00 1.850000e+00
      vertex   1.048310e+01 2.893151e+00 5.000000e-01
      vertex   1.029131e+01 3.514905e+00 1.850000e+00
    endloop
  endfacet
  facet normal 9.555728e-01 2.947552e-01 -9.696118e-16
    outer loop
      vertex   1.029131e+01 3.514905e+00 1.850000e+00
      vertex   1.048310e+01 2.893151e+00 5.000000e-01
      vertex   1.029131e+01 3.514905e+00 5.000000e-01
    endloop
  endfacet
  facet normal 9.362349e-01 3.513748e-01 -1.155865e-15
    outer loop
      vertex   1.029131e+01 3.514905e+00 1.850000e+00
      vertex   1.029131e+01 3.514905e+00 5.000000e-01
      vertex   1.006268e+01 4.124077e+00 1.850000e+00
    endloop
  endfacet
  facet normal 9.362349e-01 3.513748e-01 -1.551215e-16
    outer loop
      vertex   1.006268e+01 4.124077e+00 1.850000e+00
      vertex   1.029131e+01 3.514905e+00 5.000000e-01
      vertex   1.006268e+01 4.124077e+00 5.000000e-01
    endloop
  endfacet
  facet normal 9.135455e-01 4.067366e-01 -4.035152e-16
    outer loop
      vertex   1.006268e+01 4.124077e+00 1.850000e+00
      vertex   1.006268e+01 4.124077e+00 5.000000e-01
      vertex   9.798036e+00 4.718486e+00 1.850000e+00
    endloop
  endfacet
  facet normal 9.135455e-01 4.067366e-01 0.000000e+00
    outer loop
      vertex   9.798036e+00 4.718486e+00 1.850000e+00
      vertex   1.006268e+01 4.124077e+00 5.000000e-01
      vertex   9.798036e+00 4.718486e+00 5.000000e-01
    endloop
  endfacet
  facet normal 8.875858e-01 4.606425e-01 0.000000e+00
    outer loop
      vertex   9.798036e+00 4.718486e+00 1.850000e+00
      vertex   9.798036e+00 4.718486e+00 5.000000e-01
      vertex   9.498314e+00 5.296003e+00 1.850000e+00
    endloop
  endfacet
  facet normal 8.875858e-01 4.606425e-01 -4.434196e-17
    outer loop
      vertex   9.498314e+00 5.296003e+00 1.850000e+00
      vertex   9.798036e+00 4.718486e+00 5.000000e-01
      vertex   9.498314e+00 5.296003e+00 5.000000e-01
    endloop
  endfacet
  facet normal 8.584488e-01 5.128993e-01 -2.202021e-16
    outer loop
      vertex   9.498314e+00 5.296003e+00 1.850000e+00
      vertex   9.498314e+00 5.296003e+00 5.000000e-01
      vertex   9.164590e+00 5.854563e+00 1.850000e+00
    endloop
  endfacet
  facet normal 8.584488e-01 5.128993e-01 1.246803e-15
    outer loop
      vertex   9.164590e+00 5.854563e+00 1.850000e+00
      vertex   9.498314e+00 5.296003e+00 5.000000e-01
      vertex   9.164590e+00 5.854563e+00 5.000000e-01
    endloop
  endfacet
  facet normal 8.262388e-01 5.633201e-01 1.062521e-15
    outer loop
      vertex   9.164590e+00 5.854563e+00 1.850000e+00
      vertex   9.164590e+00 5.854563e+00 5.000000e-01
      vertex   8.798060e+00 6.392165e+00 1.850000e+00
    endloop
  endfacet
  facet normal 8.262388e-01 5.633201e-01 0.000000e+00
    outer loop
      vertex   8.798060e+00 6.392165e+00 1.850000e+00
      vertex   9.164590e+00 5.854563e+00 5.000000e-01
      vertex   8.798060e+00 6.392165e+00 5.000000e-01
    endloop
  endfacet
  facet normal 7.910710e-01 6.117243e-01 0.000000e+00
    outer loop
      vertex   8.798060e+00 6.392165e+00 1.850000e+00
      vertex   8.798060e+00 6.392165e+00 5.000000e-01
      vertex   8.400034e+00 6.906884e+00 1.850000e+00
    endloop
  endfacet
  facet normal 7.910710e-01 6.117243e-01 4.719760e-16
    outer loop
      vertex   8.400034e+00 6.906884e+00 1.850000e+00
      vertex   8.798060e+00 6.392165e+00 5.000000e-01
      vertex   8.400034e+00 6.906884e+00 5.000000e-01
    endloop
  endfacet
  facet normal 7.530715e-01 6.579387e-01 2.503551e-16
    outer loop
      vertex   8.400034e+00 6.906884e+00 1.850000e+00
      vertex   8.400034e+00 6.906884e+00 5.000000e-01
      vertex   7.971939e+00 7.396879e+00 1.850000e+00
    endloop
  endfacet
  facet normal 7.530715e-01 6.579387e-01 2.503551e-16
    outer loop
      vertex   7.971939e+00 7.396879e+00 1.850000e+00
      vertex   8.400034e+00 6.906884e+00 5.000000e-01
      vertex   7.971939e+00 7.396879e+00 5.000000e-01
    endloop
  endfacet
  facet normal 7.123761e-01 7.017979e-01 2.783800e-17
    outer loop
      vertex   7.971939e+00 7.396879e+00 1.850000e+00
      vertex   7.971939e+00 7.396879e+00 5.000000e-01
      vertex   7.515306e+00 7.860394e+00 1.850000e+00
    endloop
  endfacet
  facet normal 7.123761e-01 7.017979e-01 0.000000e+00
    outer loop
      vertex   7.515306e+00 7.860394e+00 1.850000e+00
      vertex   7.971939e+00 7.396879e+00 5.000000e-01
      vertex   7.515306e+00 7.860394e+00 5.000000e-01
    endloop
  endfacet
  facet normal 6.691306e-01 7.431448e-01 0.000000e+00
    outer loop
      vertex   7.515306e+00 7.860394e+00 1.850000e+00
      vertex   7.515306e+00 7.860394e+00 5.000000e-01
      vertex   7.031771e+00 8.295772e+00 1.850000e+00
    endloop
  endfacet
  facet normal 6.691306e-01 7.431448e-01 1.028515e-15
    outer loop
      vertex   7.031771e+00 8.295772e+00 1.850000e+00
      vertex   7.515306e+00 7.860394e+00 5.000000e-01
      vertex   7.031771e+00 8.295772e+00 5.000000e-01
    endloop
  endfacet
  facet normal 6.234898e-01 7.818315e-01 6.055530e-16
    outer loop
      vertex   7.031771e+00 8.295772e+00 1.850000e+00
      vertex   7.031771e+00 8.295772e+00 5.000000e-01
      vertex   6.523063e+00 8.701452e+00 1.850000e+00
    endloop
  endfacet
  facet normal 6.234898e-01 7.818315e-01 6.120511e-16
    outer loop
      vertex   6.523063e+00 8.701452e+00 1.850000e+00
      vertex   7.031771e+00 8.295772e+00 5.000000e-01
      vertex   6.523063e+00 8.701452e+00 5.000000e-01
    endloop
  endfacet
  facet normal 5.756171e-01 8.177194e-01 4.388453e-16
    outer loop
      vertex   6.523063e+00 8.701452e+00 1.850000e+00
      vertex   6.523063e+00 8.701452e+00 5.000000e-01
      vertex   5.991005e+00 9.075984e+00 1.850000e+00
    endloop
  endfacet
  facet normal 5.756171e-01 8.177194e-01 0.000000e+00
    outer loop
      vertex   5.991005e+00 9.075984e+00 1.850000e+00
      vertex   6.523063e+00 8.701452e+00 5.000000e-01
      vertex   5.991005e+00 9.075984e+00 5.000000e-01
    endloop
  endfacet
  facet normal 5.256838e-01 8.506801e-01 0.000000e+00
    outer loop
      vertex   5.991005e+00 9.075984e+00 1.850000e+00
      vertex   5.991005e+00 9.075984e+00 5.000000e-01
      vertex   5.437500e+00 9.418026e+00 1.850000e+00
    endloop
  endfacet
  facet normal 5.256838e-01 8.506801e-01 1.219842e-15
    outer loop
      vertex   5.437500e+00 9.418026e+00 1.850000e+00
      vertex   5.991005e+00 9.075984e+00 5.000000e-01
      vertex   5.437500e+00 9.418026e+00 5.000000e-01
    endloop
  endfacet
  facet normal 4.738687e-01 8.805955e-01 8.002188e-16
    outer loop
      vertex   5.437500e+00 9.418026e+00 1.850000e+00
      vertex   5.437500e+00 9.418026e+00 5.000000e-01
      vertex   4.864530e+00 9.726354e+00 1.850000e+00
    endloop
  endfacet
  facet normal 4.738687e-01 8.805955e-01 4.001094e-16
    outer loop
      vertex   4.864530e+00 9.726354e+00 1.850000e+00
      vertex   5.437500e+00 9.418026e+00 5.000000e-01
      vertex   4.864530e+00 9.726354e+00 5.000000e-01
    endloop
  endfacet
  facet normal 4.203572e-01 9.073587e-01 1.888654e-16
    outer loop
      vertex   4.864530e+00 9.726354e+00 1.850000e+00
      vertex   4.864530e+00 9.726354e+00 5.000000e-01
      vertex   4.274147e+00 9.999865e+00 1.850000e+00
    endloop
  endfacet
  facet normal 4.203572e-01 9.073587e-01 0.000000e+00
    outer loop
      vertex   4.274147e+00 9.999865e+00 1.850000e+00
      vertex   4.864530e+00 9.726354e+00 5.000000e-01
      vertex   4.274147e+00 9.999865e+00 5.000000e-01
    endloop
  endfacet
  facet normal 3.653410e-01 9.308737e-01 0.000000e+00
    outer loop
      vertex   4.274147e+00 9.999865e+00 1.850000e+00
      vertex   4.274147e+00 9.999865e+00 5.000000e-01
      vertex   3.668464e+00 1.023758e+01 1.850000e+00
    endloop
  endfacet
  facet normal 3.653410e-01 9.308737e-01 -6.470132e-16
    outer loop
      vertex   3.668464e+00 1.023758e+01 1.850000e+00
      vertex   4.274147e+00 9.999865e+00 5.000000e-01
      vertex   3.668464e+00 1.023758e+01 5.000000e-01
    endloop
  endfacet
  facet normal 3.090170e-01 9.510565e-01 -9.780480e-16
    outer loop
      vertex   3.668464e+00 1.023758e+01 1.850000e+00
      vertex   3.668464e+00 1.023758e+01 5.000000e-01
      vertex   3.049648e+00 1.043864e+01 1.850000e+00
    endloop
  endfacet
  facet normal 3.090170e-01 9.510565e-01 -2.348923e-16
    outer loop
      vertex   3.049648e+00 1.043864e+01 1.850000e+00
      vertex   3.668464e+00 1.023758e+01 5.000000e-01
      vertex   3.049648e+00 1.043864e+01 5.000000e-01
    endloop
  endfacet
  facet normal 2.515868e-01 9.678347e-01 -4.458890e-16
    outer loop
      vertex   3.049648e+00 1.043864e+01 1.850000e+00
      vertex   3.049648e+00 1.043864e+01 5.000000e-01
      vertex   2.419915e+00 1.060234e+01 1.850000e+00
    endloop
  endfacet
  facet normal 2.515868e-01 9.678347e-01 0.000000e+00
    outer loop
      vertex   2.419915e+00 1.060234e+01 1.850000e+00
      vertex   3.049648e+00 1.043864e+01 5.000000e-01
      vertex   2.419915e+00 1.060234e+01 5.000000e-01
    endloop
  endfacet
  facet normal 1.932559e-01 9.811484e-01 0.000000e+00
    outer loop
      vertex   2.419915e+00 1.060234e+01 1.850000e+00
      vertex   2.419915e+00 1.060234e+01 5.000000e-01
      vertex   1.781520e+00 1.072809e+01 1.850000e+00
    endloop
  endfacet
  facet normal 1.932559e-01 9.811484e-01 -2.738546e-16
    outer loop
      vertex   1.781520e+00 1.072809e+01 1.850000e+00
      vertex   2.419915e+00 1.060234e+01 5.000000e-01
      vertex   1.781520e+00 1.072809e+01 5.000000e-01
    endloop
  endfacet
  facet normal 1.342333e-01 9.909498e-01 -5.974042e-16
    outer loop
      vertex   1.781520e+00 1.072809e+01 1.850000e+00
      vertex   1.781520e+00 1.072809e+01 5.000000e-01
      vertex   1.136747e+00 1.081543e+01 1.850000e+00
    endloop
  endfacet
  facet normal 1.342333e-01 9.909498e-01 4.857237e-16
    outer loop
      vertex   1.136747e+00 1.081543e+01 1.850000e+00
      vertex   1.781520e+00 1.072809e+01 5.000000e-01
      vertex   1.136747e+00 1.081543e+01 5.000000e-01
    endloop
  endfacet
  facet normal 7.473009e-02 9.972038e-01 2.704112e-16
    outer loop
      vertex   1.136747e+00 1.081543e+01 1.850000e+00
      vertex   1.136747e+00 1.081543e+01 5.000000e-01
      vertex   4.879050e-01 1.086405e+01 1.850000e+00
    endloop
  endfacet
  facet normal 7.473009e-02 9.972038e-01 0.000000e+00
    outer loop
      vertex   4.879050e-01 1.086405e+01 1.850000e+00
      vertex   1.136747e+00 1.081543e+01 5.000000e-01
      vertex   4.879050e-01 1.086405e+01 5.000000e-01
    endloop
  endfacet
  facet normal 1.495941e-02 9.998881e-01 0.000000e+00
    outer loop
      vertex   4.879050e-01 1.086405e+01 1.850000e+00
      vertex   4.879050e-01 1.086405e+01 5.000000e-01
      vertex   -1.626836e-01 1.087378e+01 1.850000e+00
    endloop
  endfacet
  facet normal 1.495941e-02 9.998881e-01 8.058090e-17
    outer loop
      vertex   -1.626836e-01 1.087378e+01 1.850000e+00
      vertex   4.879050e-01 1.086405e+01 5.000000e-01
      vertex   -1.626836e-01 1.087378e+01 5.000000e-01
    endloop
  endfacet
  facet normal -4.486483e-02 9.989931e-01 -2.416706e-16
    outer loop
      vertex   -1.626836e-01 1.087378e+01 1.850000e+00
      vertex   -1.626836e-01 1.087378e+01 5.000000e-01
      vertex   -8.126898e-01 1.084459e+01 1.850000e+00
    endloop
  endfacet
  facet normal -4.486483e-02 9.989931e-01 -1.623436e-16
    outer loop
      vertex   -8.126898e-01 1.084459e+01 1.850000e+00
      vertex   -1.626836e-01 1.087378e+01 5.000000e-01
      vertex   -8.126898e-01 1.084459e+01 5.000000e-01
    endloop
  endfacet
  facet normal -1.045285e-01 9.945219e-01 -3.782367e-16
    outer loop
      vertex   -8.126898e-01 1.084459e+01 1.850000e+00
      vertex   -8.126898e-01 1.084459e+01 5.000000e-01
      vertex   -1.459787e+00 1.077658e+01 1.850000e+00
    endloop
  endfacet
  facet normal -1.045285e-01 9.945219e-01 0.000000e+00
    outer loop
      vertex   -1.459787e+00 1.077658e+01 1.850000e+00
      vertex   -8.126898e-01 1.084459e+01 5.000000e-01
      vertex   -1.459787e+00 1.077658e+01 5.000000e-01
    endloop
  endfacet
  facet normal -1.638179e-01 9.864906e-01 0.000000e+00
    outer loop
      vertex   -1.459787e+00 1.077658e+01 1.850000e+00
      vertex   -1.459787e+00 1.077658e+01 5.000000e-01
      vertex   -2.101658e+00 1.066999e+01 1.850000e+00
    endloop
  endfacet
  facet normal -1.638179e-01 9.864906e-01 1.733868e-15
    outer loop
      vertex   -2.101658e+00 1.066999e+01 1.850000e+00
      vertex   -1.459787e+00 1.077658e+01 5.000000e-01
      vertex   -2.101658e+00 1.066999e+01 5.000000e-01
    endloop
  endfacet
  facet normal -2.225209e-01 9.749279e-01 1.394469e-15
    outer loop
      vertex   -2.101658e+00 1.066999e+01 1.850000e+00
      vertex   -2.101658e+00 1.066999e+01 5.000000e-01
      vertex   -2.736006e+00 1.052520e+01 1.850000e+00
    endloop
  endfacet
  facet normal -2.225209e-01 9.749279e-01 4.044371e-16
    outer loop
      vertex   -2.736006e+00 1.052520e+01 1.850000e+00
      vertex   -2.101658e+00 1.066999e+01 5.000000e-01
      vertex   -2.736006e+00 1.052520e+01 5.000000e-01
    endloop
  endfacet
  facet normal -2.804274e-01 9.598752e-01 1.560471e-16
    outer loop
      vertex   -2.736006e+00 1.052520e+01 1.850000e+00
      vertex   -2.736006e+00 1.052520e+01 5.000000e-01
      vertex   -3.360560e+00 1.034274e+01 1.850000e+00
    endloop
  endfacet
  facet normal -2.804274e-01 9.598752e-01 0.000000e+00
    outer loop
      vertex   -3.360560e+00 1.034274e+01 1.850000e+00
      vertex   -2.736006e+00 1.052520e+01 5.000000e-01
      vertex   -3.360560e+00 1.034274e+01 5.000000e-01
    endloop
  endfacet
  facet normal -3.373300e-01 9.413865e-01 0.000000e+00
    outer loop
      vertex   -3.360560e+00 1.034274e+01 1.850000e+00
      vertex   -3.360560e+00 1.034274e+01 5.000000e-01
      vertex   -3.973084e+00 1.012325e+01 1.850000e+00
    endloop
  endfacet
  facet normal -3.373300e-01 9.413865e-01 8.128944e-16
    outer loop
      vertex   -3.973084e+00 1.012325e+01 1.850000e+00
      vertex   -3.360560e+00 1.034274e+01 5.000000e-01
      vertex   -3.973084e+00 1.012325e+01 5.000000e-01
    endloop
  endfacet
  facet normal -3.930250e-01 9.195278e-01 4.805528e-16
    outer loop
      vertex   -3.973084e+00 1.012325e+01 1.850000e+00
      vertex   -3.973084e+00 1.012325e+01 5.000000e-01
      vertex   -4.571385e+00 9.867526e+00 1.850000e+00
    endloop
  endfacet
  facet normal -3.930250e-01 9.195278e-01 -8.294245e-17
    outer loop
      vertex   -4.571385e+00 9.867526e+00 1.850000e+00
      vertex   -3.973084e+00 1.012325e+01 5.000000e-01
      vertex   -4.571385e+00 9.867526e+00 5.000000e-01
    endloop
  endfacet
  facet normal -4.473131e-01 8.943774e-01 -2.946193e-16
    outer loop
      vertex   -4.571385e+00 9.867526e+00 1.850000e+00
      vertex   -4.571385e+00 9.867526e+00 5.000000e-01
      vertex   -5.153322e+00 9.576476e+00 1.850000e+00
    endloop
  endfacet
  facet normal -4.473131e-01 8.943774e-01 0.000000e+00
    outer loop
      vertex   -5.153322e+00 9.576476e+00 1.850000e+00
      vertex   -4.571385e+00 9.867526e+00 5.000000e-01
      vertex   -5.153322e+00 9.576476e+00 5.000000e-01
    endloop
  endfacet
  facet normal -5.000000e-01 8.660254e-01 0.000000e+00
    outer loop
      vertex   -5.153322e+00 9.576476e+00 1.850000e+00
      vertex   -5.153322e+00 9.576476e+00 5.000000e-01
      vertex   -5.716811e+00 9.251146e+00 1.850000e+00
    endloop
  endfacet
  facet normal -5.000000e-01 8.660254e-01 1.290506e-16
    outer loop
      vertex   -5.716811e+00 9.251146e+00 1.850000e+00
      vertex   -5.153322e+00 9.576476e+00 5.000000e-01
      vertex   -5.716811e+00 9.251146e+00 5.000000e-01
    endloop
  endfacet
  facet normal -5.508970e-01 8.345733e-01 -3.299618e-16
    outer loop
      vertex   -5.716811e+00 9.251146e+00 1.850000e+00
      vertex   -5.716811e+00 9.251146e+00 5.000000e-01
      vertex   -6.259836e+00 8.892698e+00 1.850000e+00
    endloop
  endfacet
  facet normal -5.508970e-01 8.345733e-01 -3.516143e-16
    outer loop
      vertex   -6.259836e+00 8.892698e+00 1.850000e+00
      vertex   -5.716811e+00 9.251146e+00 5.000000e-01
      vertex   -6.259836e+00 8.892698e+00 5.000000e-01
    endloop
  endfacet
  facet normal -5.998219e-01 8.001335e-01 -5.256835e-16
    outer loop
      vertex   -6.259836e+00 8.892698e+00 1.850000e+00
      vertex   -6.259836e+00 8.892698e+00 5.000000e-01
      vertex   -6.780452e+00 8.502417e+00 1.850000e+00
    endloop
  endfacet
  facet normal -5.998219e-01 8.001335e-01 0.000000e+00
    outer loop
      vertex   -6.780452e+00 8.502417e+00 1.850000e+00
      vertex   -6.259836e+00 8.892698e+00 5.000000e-01
      vertex   -6.780452e+00 8.502417e+00 5.000000e-01
    endloop
  endfacet
  facet normal -6.465996e-01 7.628296e-01 0.000000e+00
    outer loop
      vertex   -6.780452e+00 8.502417e+00 1.850000e+00
      vertex   -6.780452e+00 8.502417e+00 5.000000e-01
      vertex   -7.276795e+00 8.081700e+00 1.850000e+00
    endloop
  endfacet
  facet normal -6.465996e-01 7.628296e-01 1.863465e-16
    outer loop
      vertex   -7.276795e+00 8.081700e+00 1.850000e+00
      vertex   -6.780452e+00 8.502417e+00 5.000000e-01
      vertex   -7.276795e+00 8.081700e+00 5.000000e-01
    endloop
  endfacet
  facet normal -6.910626e-01 7.227949e-01 -2.876415e-16
    outer loop
      vertex   -7.276795e+00 8.081700e+00 1.850000e+00
      vertex   -7.276795e+00 8.081700e+00 5.000000e-01
      vertex   -7.747090e+00 7.632052e+00 1.850000e+00
    endloop
  endfacet
  facet normal -6.910626e-01 7.227949e-01 5.381647e-16
    outer loop
      vertex   -7.747090e+00 7.632052e+00 1.850000e+00
      vertex   -7.276795e+00 8.081700e+00 5.000000e-01
      vertex   -7.747090e+00 7.632052e+00 5.000000e-01
    endloop
  endfacet
  facet normal -7.330519e-01 6.801727e-01 3.431233e-16
    outer loop
      vertex   -7.747090e+00 7.632052e+00 1.850000e+00
      vertex   -7.747090e+00 7.632052e+00 5.000000e-01
      vertex   -8.189652e+00 7.155084e+00 1.850000e+00
    endloop
  endfacet
  facet normal -7.330519e-01 6.801727e-01 0.000000e+00
    outer loop
      vertex   -8.189652e+00 7.155084e+00 1.850000e+00
      vertex   -7.747090e+00 7.632052e+00 5.000000e-01
      vertex   -8.189652e+00 7.155084e+00 5.000000e-01
    endloop
  endfacet
  facet normal -7.724170e-01 6.351158e-01 0.000000e+00
    outer loop
      vertex   -8.189652e+00 7.155084e+00 1.850000e+00
      vertex   -8.189652e+00 7.155084e+00 5.000000e-01
      vertex   -8.602898e+00 6.652502e+00 1.850000e+00
    endloop
  endfacet
  facet normal -7.724170e-01 6.351158e-01 1.129405e-15
    outer loop
      vertex   -8.602898e+00 6.652502e+00 1.850000e+00
      vertex   -8.189652e+00 7.155084e+00 5.000000e-01
      vertex   -8.602898e+00 6.652502e+00 5.000000e-01
    endloop
  endfacet
  facet normal -8.090170e-01 5.877853e-01 6.735357e-16
    outer loop
      vertex   -8.602898e+00 6.652502e+00 1.850000e+00
      vertex   -8.602898e+00 6.652502e+00 5.000000e-01
      vertex   -8.985347e+00 6.126106e+00 1.850000e+00
    endloop
  endfacet
  facet normal -8.090170e-01 5.877853e-01 -5.822022e-16
    outer loop
      vertex   -8.985347e+00 6.126106e+00 1.850000e+00
      vertex   -8.602898e+00 6.652502e+00 5.000000e-01
      vertex   -8.985347e+00 6.126106e+00 5.000000e-01
    endloop
  endfacet
  facet normal -8.427210e-01 5.383506e-01 -8.009931e-16
    outer loop
      vertex   -8.985347e+00 6.126106e+00 1.850000e+00
      vertex   -8.985347e+00 6.126106e+00 5.000000e-01
      vertex   -9.335631e+00 5.577780e+00 1.850000e+00
    endloop
  endfacet
  facet normal -8.427210e-01 5.383506e-01 0.000000e+00
    outer loop
      vertex   -9.335631e+00 5.577780e+00 1.850000e+00
      vertex   -8.985347e+00 6.126106e+00 5.000000e-01
      vertex   -9.335631e+00 5.577780e+00 5.000000e-01
    endloop
  endfacet
  facet normal -8.734082e-01 4.869888e-01 0.000000e+00
    outer loop
      vertex   -9.335631e+00 5.577780e+00 1.850000e+00
      vertex   -9.335631e+00 5.577780e+00 5.000000e-01
      vertex   -9.652495e+00 5.009487e+00 1.850000e+00
    endloop
  endfacet
  facet normal -8.734082e-01 4.869888e-01 4.527261e-16
    outer loop
      vertex   -9.652495e+00 5.009487e+00 1.850000e+00
      vertex   -9.335631e+00 5.577780e+00 5.000000e-01
      vertex   -9.652495e+00 5.009487e+00 5.000000e-01
    endloop
  endfacet
  facet normal -9.009689e-01 4.338837e-01 2.417694e-16
    outer loop
      vertex   -9.652495e+00 5.009487e+00 1.850000e+00
      vertex   -9.652495e+00 5.009487e+00 5.000000e-01
      vertex   -9.934807e+00 4.423261e+00 1.850000e+00
    endloop
  endfacet
  facet normal -9.009689e-01 4.338837e-01 -4.368705e-17
    outer loop
      vertex   -9.934807e+00 4.423261e+00 1.850000e+00
      vertex   -9.652495e+00 5.009487e+00 5.000000e-01
      vertex   -9.934807e+00 4.423261e+00 5.000000e-01
    endloop
  endfacet
  facet normal -9.253043e-01 3.792255e-01 -2.195490e-16
    outer loop
      vertex   -9.934807e+00 4.423261e+00 1.850000e+00
      vertex   -9.934807e+00 4.423261e+00 5.000000e-01
      vertex   -1.018155e+01 3.821201e+00 1.850000e+00
    endloop
  endfacet
  facet normal -9.253043e-01 3.792255e-01 0.000000e+00
    outer loop
      vertex   -1.018155e+01 3.821201e+00 1.850000e+00
      vertex   -9.934807e+00 4.423261e+00 5.000000e-01
      vertex   -1.018155e+01 3.821201e+00 5.000000e-01
    endloop
  endfacet
  facet normal -9.463274e-01 3.232097e-01 0.000000e+00
    outer loop
      vertex   -1.018155e+01 3.821201e+00 1.850000e+00
      vertex   -1.018155e+01 3.821201e+00 5.000000e-01
      vertex   -1.039185e+01 3.205463e+00 1.850000e+00
    endloop
  endfacet
  facet normal -9.463274e-01 3.232097e-01 9.568928e-16
    outer loop
      vertex   -1.039185e+01 3.205463e+00 1.850000e+00
      vertex   -1.018155e+01 3.821201e+00 5.000000e-01
      vertex   -1.039185e+01 3.205463e+00 5.000000e-01
    endloop
  endfacet
  facet normal -9.639629e-01 2.660368e-01 7.876273e-16
    outer loop
      vertex   -1.039185e+01 3.205463e+00 1.850000e+00
      vertex   -1.039185e+01 3.205463e+00 5.000000e-01
      vertex   -1.056495e+01 2.578249e+00 1.850000e+00
    endloop
  endfacet
  facet normal -9.639629e-01 2.660368e-01 8.751414e-16
    outer loop
      vertex   -1.056495e+01 2.578249e+00 1.850000e+00
      vertex   -1.039185e+01 3.205463e+00 5.000000e-01
      vertex   -1.056495e+01 2.578249e+00 5.000000e-01
    endloop
  endfacet
  facet normal -9.781476e-01 2.079117e-01 6.839358e-16
    outer loop
      vertex   -1.056495e+01 2.578249e+00 1.850000e+00
      vertex   -1.056495e+01 2.578249e+00 5.000000e-01
      vertex   -1.070023e+01 1.941806e+00 1.850000e+00
    endloop
  endfacet
  facet normal -9.781476e-01 2.079117e-01 0.000000e+00
    outer loop
      vertex   -1.070023e+01 1.941806e+00 1.850000e+00
      vertex   -1.056495e+01 2.578249e+00 5.000000e-01
      vertex   -1.070023e+01 1.941806e+00 5.000000e-01
    endloop
  endfacet
  facet normal -9.888308e-01 1.490423e-01 0.000000e+00
    outer loop
      vertex   -1.070023e+01 1.941806e+00 1.850000e+00
      vertex   -1.070023e+01 1.941806e+00 5.000000e-01
      vertex   -1.079721e+01 1.298412e+00 1.850000e+00
    endloop
  endfacet
  facet normal -9.888308e-01 1.490423e-01 5.147960e-16
    outer loop
      vertex   -1.079721e+01 1.298412e+00 1.850000e+00
      vertex   -1.070023e+01 1.941806e+00 5.000000e-01
      vertex   -1.079721e+01 1.298412e+00 5.000000e-01
    endloop
  endfacet
  facet normal -9.959743e-01 8.963931e-02 3.096166e-16
    outer loop
      vertex   -1.079721e+01 1.298412e+00 1.850000e+00
      vertex   -1.079721e+01 1.298412e+00 5.000000e-01
      vertex   -1.085554e+01 6.503702e-01 1.850000e+00
    endloop
  endfacet
  facet normal -9.959743e-01 8.963931e-02 3.096166e-16
    outer loop
      vertex   -1.085554e+01 6.503702e-01 1.850000e+00
      vertex   -1.079721e+01 1.298412e+00 5.000000e-01
      vertex   -1.085554e+01 6.503702e-01 5.000000e-01
    endloop
  endfacet
  facet normal 7.067401e-01 3.220036e-02 -7.067401e-01
    outer loop
      vertex   -4.605838e+00 -4.205737e-01 0.000000e+00
      vertex   -4.625000e+00 5.663991e-16 0.000000e+00
      vertex   -4.125000e+00 -5.051668e-16 5.000000e-01
    endloop
  endfacet
  facet normal 7.067401e-01 -3.220036e-02 -7.067401e-01
    outer loop
      vertex   -4.125000e+00 -5.051668e-16 5.000000e-01
      vertex   -4.625000e+00 5.663991e-16 0.000000e+00
      vertex   -4.605838e+00 4.205737e-01 0.000000e+00
    endloop
  endfacet
  facet normal 7.058604e-01 -3.414237e-02 -7.075276e-01
    outer loop
      vertex   -4.125000e+00 -5.051668e-16 5.000000e-01
      vertex   -4.605838e+00 4.205737e-01 0.000000e+00
      vertex   -4.105743e+00 3.981199e-01 5.000000e-01
    endloop
  endfacet
  facet normal 7.015762e-01 -9.642943e-02 -7.060398e-01
    outer loop
      vertex   -4.105743e+00 3.981199e-01 5.000000e-01
      vertex   -4.605838e+00 4.205737e-01 0.000000e+00
      vertex   -4.548510e+00 8.376625e-01 0.000000e+00
    endloop
  endfacet
  facet normal 6.985470e-01 -1.020028e-01 -7.082567e-01
    outer loop
      vertex   -4.105743e+00 3.981199e-01 5.000000e-01
      vertex   -4.548510e+00 8.376625e-01 0.000000e+00
      vertex   -4.048152e+00 7.925227e-01 5.000000e-01
    endloop
  endfacet
  facet normal 6.904928e-01 -1.599648e-01 -7.054296e-01
    outer loop
      vertex   -4.048152e+00 7.925227e-01 5.000000e-01
      vertex   -4.548510e+00 8.376625e-01 0.000000e+00
      vertex   -4.453492e+00 1.247810e+00 0.000000e+00
    endloop
  endfacet
  facet normal 6.848319e-01 -1.687959e-01 -7.088817e-01
    outer loop
      vertex   -4.048152e+00 7.925227e-01 5.000000e-01
      vertex   -4.453492e+00 1.247810e+00 0.000000e+00
      vertex   -3.952764e+00 1.179526e+00 5.000000e-01
    endloop
  endfacet
  facet normal 6.735761e-01 -2.222538e-01 -7.049102e-01
    outer loop
      vertex   -3.952764e+00 1.179526e+00 5.000000e-01
      vertex   -4.453492e+00 1.247810e+00 0.000000e+00
      vertex   -4.321571e+00 1.647618e+00 0.000000e+00
    endloop
  endfacet
  facet normal 6.648487e-01 -2.339295e-01 -7.094034e-01
    outer loop
      vertex   -3.952764e+00 1.179526e+00 5.000000e-01
      vertex   -4.321571e+00 1.647618e+00 0.000000e+00
      vertex   -3.820470e+00 1.555516e+00 5.000000e-01
    endloop
  endfacet
  facet normal 6.509646e-01 -2.827538e-01 -7.044823e-01
    outer loop
      vertex   -3.820470e+00 1.555516e+00 5.000000e-01
      vertex   -4.321571e+00 1.647618e+00 0.000000e+00
      vertex   -4.153841e+00 2.033773e+00 0.000000e+00
    endloop
  endfacet
  facet normal 6.387847e-01 -2.968268e-01 -7.098225e-01
    outer loop
      vertex   -3.820470e+00 1.555516e+00 5.000000e-01
      vertex   -4.153841e+00 2.033773e+00 0.000000e+00
      vertex   -3.652506e+00 1.916983e+00 5.000000e-01
    endloop
  endfacet
  facet normal 6.228477e-01 -3.409377e-01 -7.041464e-01
    outer loop
      vertex   -3.652506e+00 1.916983e+00 5.000000e-01
      vertex   -4.153841e+00 2.033773e+00 0.000000e+00
      vertex   -3.951690e+00 2.403076e+00 0.000000e+00
    endloop
  endfacet
  facet normal 6.068793e-01 -3.569307e-01 -7.101395e-01
    outer loop
      vertex   -3.652506e+00 1.916983e+00 5.000000e-01
      vertex   -3.951690e+00 2.403076e+00 0.000000e+00
      vertex   -3.450439e+00 2.260552e+00 5.000000e-01
    endloop
  endfacet
  facet normal 5.894644e-01 -3.962985e-01 -7.039028e-01
    outer loop
      vertex   -3.450439e+00 2.260552e+00 5.000000e-01
      vertex   -3.951690e+00 2.403076e+00 0.000000e+00
      vertex   -3.716794e+00 2.752466e+00 0.000000e+00
    endloop
  endfacet
  facet normal 5.694216e-01 -4.137090e-01 -7.103548e-01
    outer loop
      vertex   -3.450439e+00 2.260552e+00 5.000000e-01
      vertex   -3.716794e+00 2.752466e+00 0.000000e+00
      vertex   -3.216157e+00 2.583014e+00 5.000000e-01
    endloop
  endfacet
  facet normal 5.511008e-01 -4.483538e-01 -7.037519e-01
    outer loop
      vertex   -3.216157e+00 2.583014e+00 5.000000e-01
      vertex   -3.716794e+00 2.752466e+00 0.000000e+00
      vertex   -3.451100e+00 3.079048e+00 0.000000e+00
    endloop
  endfacet
  facet normal 5.267486e-01 -4.666585e-01 -7.104687e-01
    outer loop
      vertex   -3.216157e+00 2.583014e+00 5.000000e-01
      vertex   -3.451100e+00 3.079048e+00 0.000000e+00
      vertex   -2.951846e+00 2.881359e+00 5.000000e-01
    endloop
  endfacet
  facet normal 5.080877e-01 -4.966507e-01 -7.036939e-01
    outer loop
      vertex   -2.951846e+00 2.881359e+00 5.000000e-01
      vertex   -3.451100e+00 3.079048e+00 0.000000e+00
      vertex   -3.156808e+00 3.380116e+00 0.000000e+00
    endloop
  endfacet
  facet normal 4.792418e-01 -5.153092e-01 -7.104813e-01
    outer loop
      vertex   -2.951846e+00 2.881359e+00 5.000000e-01
      vertex   -3.156808e+00 3.380116e+00 0.000000e+00
      vertex   -2.659974e+00 3.152802e+00 5.000000e-01
    endloop
  endfacet
  facet normal 4.607973e-01 -5.407696e-01 -7.037287e-01
    outer loop
      vertex   -2.659974e+00 3.152802e+00 5.000000e-01
      vertex   -3.156808e+00 3.380116e+00 0.000000e+00
      vertex   -2.836359e+00 3.653176e+00 0.000000e+00
    endloop
  endfacet
  facet normal 4.273243e-01 -5.592281e-01 -7.103928e-01
    outer loop
      vertex   -2.659974e+00 3.152802e+00 5.000000e-01
      vertex   -2.836359e+00 3.653176e+00 0.000000e+00
      vertex   -2.343267e+00 3.394808e+00 5.000000e-01
    endloop
  endfacet
  facet normal 4.096404e-01 -5.803283e-01 -7.038564e-01
    outer loop
      vertex   -2.343267e+00 3.394808e+00 5.000000e-01
      vertex   -2.836359e+00 3.653176e+00 0.000000e+00
      vertex   -2.492406e+00 3.895964e+00 0.000000e+00
    endloop
  endfacet
  facet normal 3.714572e-01 -5.980230e-01 -7.102028e-01
    outer loop
      vertex   -2.343267e+00 3.394808e+00 5.000000e-01
      vertex   -2.492406e+00 3.895964e+00 0.000000e+00
      vertex   -2.004682e+00 3.605118e+00 5.000000e-01
    endloop
  endfacet
  facet normal 3.550619e-01 -6.149853e-01 -7.040768e-01
    outer loop
      vertex   -2.004682e+00 3.605118e+00 5.000000e-01
      vertex   -2.492406e+00 3.895964e+00 0.000000e+00
      vertex   -2.127801e+00 4.106469e+00 0.000000e+00
    endloop
  endfacet
  facet normal 3.121359e-01 -6.313455e-01 -7.099113e-01
    outer loop
      vertex   -2.004682e+00 3.605118e+00 5.000000e-01
      vertex   -2.127801e+00 4.106469e+00 0.000000e+00
      vertex   -1.647379e+00 3.781768e+00 5.000000e-01
    endloop
  endfacet
  facet normal 2.975371e-01 -6.444430e-01 -7.043897e-01
    outer loop
      vertex   -1.647379e+00 3.781768e+00 5.000000e-01
      vertex   -2.127801e+00 4.106469e+00 0.000000e+00
      vertex   -1.745564e+00 4.282947e+00 0.000000e+00
    endloop
  endfacet
  facet normal 2.498856e-01 -6.588943e-01 -7.095178e-01
    outer loop
      vertex   -1.647379e+00 3.781768e+00 5.000000e-01
      vertex   -1.745564e+00 4.282947e+00 0.000000e+00
      vertex   -1.274695e+00 3.923108e+00 5.000000e-01
    endloop
  endfacet
  facet normal 2.375674e-01 -6.684506e-01 -7.047947e-01
    outer loop
      vertex   -1.274695e+00 3.923108e+00 5.000000e-01
      vertex   -1.745564e+00 4.282947e+00 0.000000e+00
      vertex   -1.348862e+00 4.423934e+00 0.000000e+00
    endloop
  endfacet
  facet normal 1.852577e-01 -6.804173e-01 -7.090218e-01
    outer loop
      vertex   -1.274695e+00 3.923108e+00 5.000000e-01
      vertex   -1.348862e+00 4.423934e+00 0.000000e+00
      vertex   -8.901098e-01 4.027819e+00 5.000000e-01
    endloop
  endfacet
  facet normal 1.756753e-01 -6.868060e-01 -7.052912e-01
    outer loop
      vertex   -8.901098e-01 4.027819e+00 5.000000e-01
      vertex   -1.348862e+00 4.423934e+00 0.000000e+00
      vertex   -9.409841e-01 4.528264e+00 0.000000e+00
    endloop
  endfacet
  facet normal 1.188245e-01 -6.957141e-01 -7.084227e-01
    outer loop
      vertex   -8.901098e-01 4.027819e+00 5.000000e-01
      vertex   -9.409841e-01 4.528264e+00 0.000000e+00
      vertex   -4.972138e-01 4.094924e+00 5.000000e-01
    endloop
  endfacet
  facet normal 1.124000e-01 -6.993579e-01 -7.058788e-01
    outer loop
      vertex   -4.972138e-01 4.094924e+00 5.000000e-01
      vertex   -9.409841e-01 4.528264e+00 0.000000e+00
      vertex   -5.253084e-01 4.595071e+00 0.000000e+00
    endloop
  endfacet
  facet normal 5.117470e-02 -7.046375e-01 -7.077197e-01
    outer loop
      vertex   -4.972138e-01 4.094924e+00 5.000000e-01
      vertex   -5.253084e-01 4.595071e+00 0.000000e+00
      vertex   -9.967545e-02 4.123796e+00 5.000000e-01
    endloop
  endfacet
  facet normal 4.829219e-02 -7.060068e-01 -7.065566e-01
    outer loop
      vertex   -9.967545e-02 4.123796e+00 5.000000e-01
      vertex   -5.253084e-01 4.595071e+00 0.000000e+00
      vertex   -1.052798e-01 4.623802e+00 0.000000e+00
    endloop
  endfacet
  facet normal -1.610005e-02 -7.071011e-01 -7.069292e-01
    outer loop
      vertex   -9.967545e-02 4.123796e+00 5.000000e-01
      vertex   -1.052798e-01 4.623802e+00 0.000000e+00
      vertex   3.156212e-01 4.614218e+00 0.000000e+00
    endloop
  endfacet
  facet normal -1.708098e-02 -7.066781e-01 -7.073290e-01
    outer loop
      vertex   -9.967545e-02 4.123796e+00 5.000000e-01
      vertex   3.156212e-01 4.614218e+00 0.000000e+00
      vertex   2.987936e-01 4.114164e+00 5.000000e-01
    endloop
  endfacet
  facet normal -8.041545e-02 -7.034243e-01 -7.062065e-01
    outer loop
      vertex   2.987936e-01 4.114164e+00 5.000000e-01
      vertex   3.156212e-01 4.614218e+00 0.000000e+00
      vertex   7.339068e-01 4.566400e+00 0.000000e+00
    endloop
  endfacet
  facet normal -8.511432e-02 -7.009795e-01 -7.080842e-01
    outer loop
      vertex   2.987936e-01 4.114164e+00 5.000000e-01
      vertex   7.339068e-01 4.566400e+00 0.000000e+00
      vertex   6.944728e-01 4.066120e+00 5.000000e-01
    endloop
  endfacet
  facet normal -1.441764e-01 -6.938148e-01 -7.055737e-01
    outer loop
      vertex   6.944728e-01 4.066120e+00 5.000000e-01
      vertex   7.339068e-01 4.566400e+00 0.000000e+00
      vertex   1.146111e+00 4.480743e+00 0.000000e+00
    endloop
  endfacet
  facet normal -1.522303e-01 -6.888544e-01 -7.087352e-01
    outer loop
      vertex   6.944728e-01 4.066120e+00 5.000000e-01
      vertex   1.146111e+00 4.480743e+00 0.000000e+00
      vertex   1.083668e+00 3.980112e+00 5.000000e-01
    endloop
  endfacet
  facet normal -2.068283e-01 -6.783455e-01 -7.050315e-01
    outer loop
      vertex   1.083668e+00 3.980112e+00 5.000000e-01
      vertex   1.146111e+00 4.480743e+00 0.000000e+00
      vertex   1.548818e+00 4.357957e+00 0.000000e+00
    endloop
  endfacet
  facet normal -2.178336e-01 -6.704228e-01 -7.092826e-01
    outer loop
      vertex   1.083668e+00 3.980112e+00 5.000000e-01
      vertex   1.548818e+00 4.357957e+00 0.000000e+00
      vertex   1.462745e+00 3.856942e+00 5.000000e-01
    endloop
  endfacet
  facet normal -2.678257e-01 -6.571419e-01 -7.045807e-01
    outer loop
      vertex   1.462745e+00 3.856942e+00 5.000000e-01
      vertex   1.548818e+00 4.357957e+00 0.000000e+00
      vertex   1.938691e+00 4.199059e+00 0.000000e+00
    endloop
  endfacet
  facet normal -2.813430e-01 -6.458586e-01 -7.097273e-01
    outer loop
      vertex   1.462745e+00 3.856942e+00 5.000000e-01
      vertex   1.938691e+00 4.199059e+00 0.000000e+00
      vertex   1.828165e+00 3.697761e+00 5.000000e-01
    endloop
  endfacet
  facet normal -3.266370e-01 -6.303808e-01 -7.042217e-01
    outer loop
      vertex   1.828165e+00 3.697761e+00 5.000000e-01
      vertex   1.938691e+00 4.199059e+00 0.000000e+00
      vertex   2.312500e+00 4.005367e+00 0.000000e+00
    endloop
  endfacet
  facet normal -3.421961e-01 -6.153883e-01 -7.100698e-01
    outer loop
      vertex   1.828165e+00 3.697761e+00 5.000000e-01
      vertex   2.312500e+00 4.005367e+00 0.000000e+00
      vertex   2.176516e+00 3.504055e+00 5.000000e-01
    endloop
  endfacet
  facet normal -3.827498e-01 -5.982891e-01 -7.039550e-01
    outer loop
      vertex   2.176516e+00 3.504055e+00 5.000000e-01
      vertex   2.312500e+00 4.005367e+00 0.000000e+00
      vertex   2.667146e+00 3.778486e+00 0.000000e+00
    endloop
  endfacet
  facet normal -3.998542e-01 -5.792889e-01 -7.103105e-01
    outer loop
      vertex   2.176516e+00 3.504055e+00 5.000000e-01
      vertex   2.667146e+00 3.778486e+00 0.000000e+00
      vertex   2.504545e+00 3.277633e+00 5.000000e-01
    endloop
  endfacet
  facet normal -4.356752e-01 -5.611413e-01 -7.037809e-01
    outer loop
      vertex   2.504545e+00 3.277633e+00 5.000000e-01
      vertex   2.667146e+00 3.778486e+00 0.000000e+00
      vertex   2.999692e+00 3.520294e+00 0.000000e+00
    endloop
  endfacet
  facet normal -4.538064e-01 -5.378856e-01 -7.104497e-01
    outer loop
      vertex   2.504545e+00 3.277633e+00 5.000000e-01
      vertex   2.999692e+00 3.520294e+00 0.000000e+00
      vertex   2.809190e+00 3.020608e+00 5.000000e-01
    endloop
  endfacet
  facet normal -4.849523e-01 -5.192572e-01 -7.036997e-01
    outer loop
      vertex   2.809190e+00 3.020608e+00 5.000000e-01
      vertex   2.999692e+00 3.520294e+00 0.000000e+00
      vertex   3.307381e+00 3.232933e+00 0.000000e+00
    endloop
  endfacet
  facet normal -5.035739e-01 -4.915492e-01 -7.104877e-01
    outer loop
      vertex   2.809190e+00 3.020608e+00 5.000000e-01
      vertex   3.307381e+00 3.232933e+00 0.000000e+00
      vertex   3.087607e+00 2.735381e+00 5.000000e-01
    endloop
  endfacet
  facet normal -5.301531e-01 -4.729991e-01 -7.037113e-01
    outer loop
      vertex   3.087607e+00 2.735381e+00 5.000000e-01
      vertex   3.307381e+00 3.232933e+00 0.000000e+00
      vertex   3.587665e+00 2.918782e+00 0.000000e+00
    endloop
  endfacet
  facet normal -5.487142e-01 -4.406926e-01 -7.104244e-01
    outer loop
      vertex   3.087607e+00 2.735381e+00 5.000000e-01
      vertex   3.587665e+00 2.918782e+00 0.000000e+00
      vertex   3.337195e+00 2.424614e+00 5.000000e-01
    endloop
  endfacet
  facet normal -5.708855e-01 -4.227684e-01 -7.038158e-01
    outer loop
      vertex   3.337195e+00 2.424614e+00 5.000000e-01
      vertex   3.587665e+00 2.918782e+00 0.000000e+00
      vertex   3.838219e+00 2.580445e+00 0.000000e+00
    endloop
  endfacet
  facet normal -5.888245e-01 -3.857677e-01 -7.102598e-01
    outer loop
      vertex   3.337195e+00 2.424614e+00 5.000000e-01
      vertex   3.838219e+00 2.580445e+00 0.000000e+00
      vertex   3.555625e+00 2.091209e+00 5.000000e-01
    endloop
  endfacet
  facet normal -6.067976e-01 -3.690018e-01 -7.040130e-01
    outer loop
      vertex   3.555625e+00 2.091209e+00 5.000000e-01
      vertex   3.838219e+00 2.580445e+00 0.000000e+00
      vertex   4.056970e+00 2.220726e+00 0.000000e+00
    endloop
  endfacet
  facet normal -6.235452e-01 -3.272618e-01 -7.099937e-01
    outer loop
      vertex   3.555625e+00 2.091209e+00 5.000000e-01
      vertex   4.056970e+00 2.220726e+00 0.000000e+00
      vertex   3.740857e+00 1.738280e+00 5.000000e-01
    endloop
  endfacet
  facet normal -6.375805e-01 -3.121675e-01 -7.043028e-01
    outer loop
      vertex   3.740857e+00 1.738280e+00 5.000000e-01
      vertex   4.056970e+00 2.220726e+00 0.000000e+00
      vertex   4.242102e+00 1.842605e+00 0.000000e+00
    endloop
  endfacet
  facet normal -6.525630e-01 -2.656930e-01 -7.096257e-01
    outer loop
      vertex   3.740857e+00 1.738280e+00 5.000000e-01
      vertex   4.242102e+00 1.842605e+00 0.000000e+00
      vertex   3.891161e+00 1.369120e+00 5.000000e-01
    endloop
  endfacet
  facet normal -6.629716e-01 -2.527608e-01 -7.046848e-01
    outer loop
      vertex   3.891161e+00 1.369120e+00 5.000000e-01
      vertex   4.242102e+00 1.842605e+00 0.000000e+00
      vertex   4.392084e+00 1.449216e+00 0.000000e+00
    endloop
  endfacet
  facet normal -6.756133e-01 -2.016066e-01 -7.091554e-01
    outer loop
      vertex   3.891161e+00 1.369120e+00 5.000000e-01
      vertex   4.392084e+00 1.449216e+00 0.000000e+00
      vertex   4.005135e+00 9.871771e-01 5.000000e-01
    endloop
  endfacet
  facet normal -6.827562e-01 -1.912993e-01 -7.051585e-01
    outer loop
      vertex   4.005135e+00 9.871771e-01 5.000000e-01
      vertex   4.392084e+00 1.449216e+00 0.000000e+00
      vertex   4.505671e+00 1.043818e+00 0.000000e+00
    endloop
  endfacet
  facet normal -6.924825e-01 -1.355701e-01 -7.085822e-01
    outer loop
      vertex   4.005135e+00 9.871771e-01 5.000000e-01
      vertex   4.505671e+00 1.043818e+00 0.000000e+00
      vertex   4.081714e+00 5.960173e-01 5.000000e-01
    endloop
  endfacet
  facet normal -6.967703e-01 -1.283186e-01 -7.057234e-01
    outer loop
      vertex   4.081714e+00 5.960173e-01 5.000000e-01
      vertex   4.505671e+00 1.043818e+00 0.000000e+00
      vertex   4.581923e+00 6.297708e-01 0.000000e+00
    endloop
  endfacet
  facet normal -7.030101e-01 -6.816850e-02 -7.079052e-01
    outer loop
      vertex   4.081714e+00 5.960173e-01 5.000000e-01
      vertex   4.581923e+00 6.297708e-01 0.000000e+00
      vertex   4.120183e+00 1.992927e-01 5.000000e-01
    endloop
  endfacet
  facet normal -7.049014e-01 -6.436679e-02 -7.063787e-01
    outer loop
      vertex   4.120183e+00 1.992927e-01 5.000000e-01
      vertex   4.581923e+00 6.297708e-01 0.000000e+00
      vertex   4.620207e+00 2.105050e-01 0.000000e+00
    endloop
  endfacet
  facet normal -7.070898e-01 0.000000e+00 -7.071238e-01
    outer loop
      vertex   4.120183e+00 1.992927e-01 5.000000e-01
      vertex   4.620207e+00 2.105050e-01 0.000000e+00
      vertex   4.620207e+00 -2.105050e-01 0.000000e+00
    endloop
  endfacet
  facet normal -7.070898e-01 -0.000000e+00 -7.071238e-01
    outer loop
      vertex   4.120183e+00 1.992927e-01 5.000000e-01
      vertex   4.620207e+00 -2.105050e-01 0.000000e+00
      vertex   4.120183e+00 -1.992927e-01 5.000000e-01
    endloop
  endfacet
  facet normal -7.049014e-01 6.436679e-02 -7.063787e-01
    outer loop
      vertex   4.120183e+00 -1.992927e-01 5.000000e-01
      vertex   4.620207e+00 -2.105050e-01 0.000000e+00
      vertex   4.581923e+00 -6.297708e-01 0.000000e+00
    endloop
  endfacet
  facet normal -7.030101e-01 6.816850e-02 -7.079052e-01
    outer loop
      vertex   4.120183e+00 -1.992927e-01 5.000000e-01
      vertex   4.581923e+00 -6.297708e-01 0.000000e+00
      vertex   4.081714e+00 -5.960173e-01 5.000000e-01
    endloop
  endfacet
  facet normal -6.967703e-01 1.283186e-01 -7.057234e-01
    outer loop
      vertex   4.081714e+00 -5.960173e-01 5.000000e-01
      vertex   4.581923e+00 -6.297708e-01 0.000000e+00
      vertex   4.505671e+00 -1.043818e+00 0.000000e+00
    endloop
  endfacet
  facet normal -6.924825e-01 1.355701e-01 -7.085822e-01
    outer loop
      vertex   4.081714e+00 -5.960173e-01 5.000000e-01
      vertex   4.505671e+00 -1.043818e+00 0.000000e+00
      vertex   4.005135e+00 -9.871771e-01 5.000000e-01
    endloop
  endfacet
  facet normal -6.827562e-01 1.912993e-01 -7.051585e-01
    outer loop
      vertex   4.005135e+00 -9.871771e-01 5.000000e-01
      vertex   4.505671e+00 -1.043818e+00 0.000000e+00
      vertex   4.392084e+00 -1.449216e+00 0.000000e+00
    endloop
  endfacet
  facet normal -6.756133e-01 2.016066e-01 -7.091554e-01
    outer loop
      vertex   4.005135e+00 -9.871771e-01 5.000000e-01
      vertex   4.392084e+00 -1.449216e+00 0.000000e+00
      vertex   3.891161e+00 -1.369120e+00 5.000000e-01
    endloop
  endfacet
  facet normal -6.629716e-01 2.527608e-01 -7.046848e-01
    outer loop
      vertex   3.891161e+00 -1.369120e+00 5.000000e-01
      vertex   4.392084e+00 -1.449216e+00 0.000000e+00
      vertex   4.242102e+00 -1.842605e+00 0.000000e+00
    endloop
  endfacet
  facet normal -6.525630e-01 2.656930e-01 -7.096257e-01
    outer loop
      vertex   3.891161e+00 -1.369120e+00 5.000000e-01
      vertex   4.242102e+00 -1.842605e+00 0.000000e+00
      vertex   3.740857e+00 -1.738280e+00 5.000000e-01
    endloop
  endfacet
  facet normal -6.375805e-01 3.121675e-01 -7.043028e-01
    outer loop
      vertex   3.740857e+00 -1.738280e+00 5.000000e-01
      vertex   4.242102e+00 -1.842605e+00 0.000000e+00
      vertex   4.056970e+00 -2.220726e+00 0.000000e+00
    endloop
  endfacet
  facet normal -6.235452e-01 3.272618e-01 -7.099937e-01
    outer loop
      vertex   3.740857e+00 -1.738280e+00 5.000000e-01
      vertex   4.056970e+00 -2.220726e+00 0.000000e+00
      vertex   3.555625e+00 -2.091209e+00 5.000000e-01
    endloop
  endfacet
  facet normal -6.067976e-01 3.690018e-01 -7.040130e-01
    outer loop
      vertex   3.555625e+00 -2.091209e+00 5.000000e-01
      vertex   4.056970e+00 -2.220726e+00 0.000000e+00
      vertex   3.838219e+00 -2.580445e+00 0.000000e+00
    endloop
  endfacet
  facet normal -5.888245e-01 3.857677e-01 -7.102598e-01
    outer loop
      vertex   3.555625e+00 -2.091209e+00 5.000000e-01
      vertex   3.838219e+00 -2.580445e+00 0.000000e+00
      vertex   3.337195e+00 -2.424614e+00 5.000000e-01
    endloop
  endfacet
  facet normal -5.708855e-01 4.227684e-01 -7.038158e-01
    outer loop
      vertex   3.337195e+00 -2.424614e+00 5.000000e-01
      vertex   3.838219e+00 -2.580445e+00 0.000000e+00
      vertex   3.587665e+00 -2.918782e+00 0.000000e+00
    endloop
  endfacet
  facet normal -5.487142e-01 4.406926e-01 -7.104244e-01
    outer loop
      vertex   3.337195e+00 -2.424614e+00 5.000000e-01
      vertex   3.587665e+00 -2.918782e+00 0.000000e+00
      vertex   3.087607e+00 -2.735381e+00 5.000000e-01
    endloop
  endfacet
  facet normal -5.301531e-01 4.729991e-01 -7.037113e-01
    outer loop
      vertex   3.087607e+00 -2.735381e+00 5.000000e-01
      vertex   3.587665e+00 -2.918782e+00 0.000000e+00
      vertex   3.307381e+00 -3.232933e+00 0.000000e+00
    endloop
  endfacet
  facet normal -5.035739e-01 4.915492e-01 -7.104877e-01
    outer loop
      vertex   3.087607e+00 -2.735381e+00 5.000000e-01
      vertex   3.307381e+00 -3.232933e+00 0.000000e+00
      vertex   2.809190e+00 -3.020608e+00 5.000000e-01
    endloop
  endfacet
  facet normal -4.849523e-01 5.192572e-01 -7.036997e-01
    outer loop
      vertex   2.809190e+00 -3.020608e+00 5.000000e-01
      vertex   3.307381e+00 -3.232933e+00 0.000000e+00
      vertex   2.999692e+00 -3.520294e+00 0.000000e+00
    endloop
  endfacet
  facet normal -4.538064e-01 5.378856e-01 -7.104497e-01
    outer loop
      vertex   2.809190e+00 -3.020608e+00 5.000000e-01
      vertex   2.999692e+00 -3.520294e+00 0.000000e+00
      vertex   2.504545e+00 -3.277633e+00 5.000000e-01
    endloop
  endfacet
  facet normal -4.356752e-01 5.611413e-01 -7.037809e-01
    outer loop
      vertex   2.504545e+00 -3.277633e+00 5.000000e-01
      vertex   2.999692e+00 -3.520294e+00 0.000000e+00
      vertex   2.667146e+00 -3.778486e+00 0.000000e+00
    endloop
  endfacet
  facet normal -3.998542e-01 5.792889e-01 -7.103105e-01
    outer loop
      vertex   2.504545e+00 -3.277633e+00 5.000000e-01
      vertex   2.667146e+00 -3.778486e+00 0.000000e+00
      vertex   2.176516e+00 -3.504055e+00 5.000000e-01
    endloop
  endfacet
  facet normal -3.827498e-01 5.982891e-01 -7.039550e-01
    outer loop
      vertex   2.176516e+00 -3.504055e+00 5.000000e-01
      vertex   2.667146e+00 -3.778486e+00 0.000000e+00
      vertex   2.312500e+00 -4.005367e+00 0.000000e+00
    endloop
  endfacet
  facet normal -3.421961e-01 6.153883e-01 -7.100698e-01
    outer loop
      vertex   2.176516e+00 -3.504055e+00 5.000000e-01
      vertex   2.312500e+00 -4.005367e+00 0.000000e+00
      vertex   1.828165e+00 -3.697761e+00 5.000000e-01
    endloop
  endfacet
  facet normal -3.266370e-01 6.303808e-01 -7.042217e-01
    outer loop
      vertex   1.828165e+00 -3.697761e+00 5.000000e-01
      vertex   2.312500e+00 -4.005367e+00 0.000000e+00
      vertex   1.938691e+00 -4.199059e+00 0.000000e+00
    endloop
  endfacet
  facet normal -2.813430e-01 6.458586e-01 -7.097273e-01
    outer loop
      vertex   1.828165e+00 -3.697761e+00 5.000000e-01
      vertex   1.938691e+00 -4.199059e+00 0.000000e+00
      vertex   1.462745e+00 -3.856942e+00 5.000000e-01
    endloop
  endfacet
  facet normal -2.678257e-01 6.571419e-01 -7.045807e-01
    outer loop
      vertex   1.462745e+00 -3.856942e+00 5.000000e-01
      vertex   1.938691e+00 -4.199059e+00 0.000000e+00
      vertex   1.548818e+00 -4.357957e+00 0.000000e+00
    endloop
  endfacet
  facet normal -2.178336e-01 6.704228e-01 -7.092826e-01
    outer loop
      vertex   1.462745e+00 -3.856942e+00 5.000000e-01
      vertex   1.548818e+00 -4.357957e+00 0.000000e+00
      vertex   1.083668e+00 -3.980112e+00 5.000000e-01
    endloop
  endfacet
  facet normal -2.068283e-01 6.783455e-01 -7.050315e-01
    outer loop
      vertex   1.083668e+00 -3.980112e+00 5.000000e-01
      vertex   1.548818e+00 -4.357957e+00 0.000000e+00
      vertex   1.146111e+00 -4.480743e+00 0.000000e+00
    endloop
  endfacet
  facet normal -1.522303e-01 6.888544e-01 -7.087352e-01
    outer loop
      vertex   1.083668e+00 -3.980112e+00 5.000000e-01
      vertex   1.146111e+00 -4.480743e+00 0.000000e+00
      vertex   6.944728e-01 -4.066120e+00 5.000000e-01
    endloop
  endfacet
  facet normal -1.441764e-01 6.938148e-01 -7.055737e-01
    outer loop
      vertex   6.944728e-01 -4.066120e+00 5.000000e-01
      vertex   1.146111e+00 -4.480743e+00 0.000000e+00
      vertex   7.339068e-01 -4.566400e+00 0.000000e+00
    endloop
  endfacet
  facet normal -8.511432e-02 7.009795e-01 -7.080842e-01
    outer loop
      vertex   6.944728e-01 -4.066120e+00 5.000000e-01
      vertex   7.339068e-01 -4.566400e+00 0.000000e+00
      vertex   2.987936e-01 -4.114164e+00 5.000000e-01
    endloop
  endfacet
  facet normal -8.041545e-02 7.034243e-01 -7.062065e-01
    outer loop
      vertex   2.987936e-01 -4.114164e+00 5.000000e-01
      vertex   7.339068e-01 -4.566400e+00 0.000000e+00
      vertex   3.156212e-01 -4.614218e+00 0.000000e+00
    endloop
  endfacet
  facet normal -1.708098e-02 7.066781e-01 -7.073290e-01
    outer loop
      vertex   2.987936e-01 -4.114164e+00 5.000000e-01
      vertex   3.156212e-01 -4.614218e+00 0.000000e+00
      vertex   -9.967545e-02 -4.123796e+00 5.000000e-01
    endloop
  endfacet
  facet normal -1.610005e-02 7.071011e-01 -7.069292e-01
    outer loop
      vertex   -9.967545e-02 -4.123796e+00 5.000000e-01
      vertex   3.156212e-01 -4.614218e+00 0.000000e+00
      vertex   -1.052798e-01 -4.623802e+00 0.000000e+00
    endloop
  endfacet
  facet normal 4.829219e-02 7.060068e-01 -7.065566e-01
    outer loop
      vertex   -9.967545e-02 -4.123796e+00 5.000000e-01
      vertex   -1.052798e-01 -4.623802e+00 0.000000e+00
      vertex   -5.253084e-01 -4.595071e+00 0.000000e+00
    endloop
  endfacet
  facet normal 5.117470e-02 7.046375e-01 -7.077197e-01
    outer loop
      vertex   -9.967545e-02 -4.123796e+00 5.000000e-01
      vertex   -5.253084e-01 -4.595071e+00 0.000000e+00
      vertex   -4.972138e-01 -4.094924e+00 5.000000e-01
    endloop
  endfacet
  facet normal 1.124000e-01 6.993579e-01 -7.058788e-01
    outer loop
      vertex   -4.972138e-01 -4.094924e+00 5.000000e-01
      vertex   -5.253084e-01 -4.595071e+00 0.000000e+00
      vertex   -9.409841e-01 -4.528264e+00 0.000000e+00
    endloop
  endfacet
  facet normal 1.188245e-01 6.957141e-01 -7.084227e-01
    outer loop
      vertex   -4.972138e-01 -4.094924e+00 5.000000e-01
      vertex   -9.409841e-01 -4.528264e+00 0.000000e+00
      vertex   -8.901098e-01 -4.027819e+00 5.000000e-01
    endloop
  endfacet
  facet normal 1.756753e-01 6.868060e-01 -7.052912e-01
    outer loop
      vertex   -8.901098e-01 -4.027819e+00 5.000000e-01
      vertex   -9.409841e-01 -4.528264e+00 0.000000e+00
      vertex   -1.348862e+00 -4.423934e+00 0.000000e+00
    endloop
  endfacet
  facet normal 1.852577e-01 6.804173e-01 -7.090218e-01
    outer loop
      vertex   -8.901098e-01 -4.027819e+00 5.000000e-01
      vertex   -1.348862e+00 -4.423934e+00 0.000000e+00
      vertex   -1.274695e+00 -3.923108e+00 5.000000e-01
    endloop
  endfacet
  facet normal 2.375674e-01 6.684506e-01 -7.047947e-01
    outer loop
      vertex   -1.274695e+00 -3.923108e+00 5.000000e-01
      vertex   -1.348862e+00 -4.423934e+00 0.000000e+00
      vertex   -1.745564e+00 -4.282947e+00 0.000000e+00
    endloop
  endfacet
  facet normal 2.498856e-01 6.588943e-01 -7.095178e-01
    outer loop
      vertex   -1.274695e+00 -3.923108e+00 5.000000e-01
      vertex   -1.745564e+00 -4.282947e+00 0.000000e+00
      vertex   -1.647379e+00 -3.781768e+00 5.000000e-01
    endloop
  endfacet
  facet normal 2.975371e-01 6.444430e-01 -7.043897e-01
    outer loop
      vertex   -1.647379e+00 -3.781768e+00 5.000000e-01
      vertex   -1.745564e+00 -4.282947e+00 0.000000e+00
      vertex   -2.127801e+00 -4.106469e+00 0.000000e+00
    endloop
  endfacet
  facet normal 3.121359e-01 6.313455e-01 -7.099113e-01
    outer loop
      vertex   -1.647379e+00 -3.781768e+00 5.000000e-01
      vertex   -2.127801e+00 -4.106469e+00 0.000000e+00
      vertex   -2.004682e+00 -3.605118e+00 5.000000e-01
    endloop
  endfacet
  facet normal 3.550619e-01 6.149853e-01 -7.040768e-01
    outer loop
      vertex   -2.004682e+00 -3.605118e+00 5.000000e-01
      vertex   -2.127801e+00 -4.106469e+00 0.000000e+00
      vertex   -2.492406e+00 -3.895964e+00 0.000000e+00
    endloop
  endfacet
  facet normal 3.714572e-01 5.980230e-01 -7.102028e-01
    outer loop
      vertex   -2.004682e+00 -3.605118e+00 5.000000e-01
      vertex   -2.492406e+00 -3.895964e+00 0.000000e+00
      vertex   -2.343267e+00 -3.394808e+00 5.000000e-01
    endloop
  endfacet
  facet normal 4.096404e-01 5.803283e-01 -7.038564e-01
    outer loop
      vertex   -2.343267e+00 -3.394808e+00 5.000000e-01
      vertex   -2.492406e+00 -3.895964e+00 0.000000e+00
      vertex   -2.836359e+00 -3.653176e+00 0.000000e+00
    endloop
  endfacet
  facet normal 4.273243e-01 5.592281e-01 -7.103928e-01
    outer loop
      vertex   -2.343267e+00 -3.394808e+00 5.000000e-01
      vertex   -2.836359e+00 -3.653176e+00 0.000000e+00
      vertex   -2.659974e+00 -3.152802e+00 5.000000e-01
    endloop
  endfacet
  facet normal 4.607973e-01 5.407696e-01 -7.037287e-01
    outer loop
      vertex   -2.659974e+00 -3.152802e+00 5.000000e-01
      vertex   -2.836359e+00 -3.653176e+00 0.000000e+00
      vertex   -3.156808e+00 -3.380116e+00 0.000000e+00
    endloop
  endfacet
  facet normal 4.792418e-01 5.153092e-01 -7.104813e-01
    outer loop
      vertex   -2.659974e+00 -3.152802e+00 5.000000e-01
      vertex   -3.156808e+00 -3.380116e+00 0.000000e+00
      vertex   -2.951846e+00 -2.881359e+00 5.000000e-01
    endloop
  endfacet
  facet normal 5.080877e-01 4.966507e-01 -7.036939e-01
    outer loop
      vertex   -2.951846e+00 -2.881359e+00 5.000000e-01
      vertex   -3.156808e+00 -3.380116e+00 0.000000e+00
      vertex   -3.451100e+00 -3.079048e+00 0.000000e+00
    endloop
  endfacet
  facet normal 5.267486e-01 4.666585e-01 -7.104687e-01
    outer loop
      vertex   -2.951846e+00 -2.881359e+00 5.000000e-01
      vertex   -3.451100e+00 -3.079048e+00 0.000000e+00
      vertex   -3.216157e+00 -2.583014e+00 5.000000e-01
    endloop
  endfacet
  facet normal 5.511008e-01 4.483538e-01 -7.037519e-01
    outer loop
      vertex   -3.216157e+00 -2.583014e+00 5.000000e-01
      vertex   -3.451100e+00 -3.079048e+00 0.000000e+00
      vertex   -3.716794e+00 -2.752466e+00 0.000000e+00
    endloop
  endfacet
  facet normal 5.694216e-01 4.137090e-01 -7.103548e-01
    outer loop
      vertex   -3.216157e+00 -2.583014e+00 5.000000e-01
      vertex   -3.716794e+00 -2.752466e+00 0.000000e+00
      vertex   -3.450439e+00 -2.260552e+00 5.000000e-01
    endloop
  endfacet
  facet normal 5.894644e-01 3.962985e-01 -7.039028e-01
    outer loop
      vertex   -3.450439e+00 -2.260552e+00 5.000000e-01
      vertex   -3.716794e+00 -2.752466e+00 0.000000e+00
      vertex   -3.951690e+00 -2.403076e+00 0.000000e+00
    endloop
  endfacet
  facet normal 6.068793e-01 3.569307e-01 -7.101395e-01
    outer loop
      vertex   -3.450439e+00 -2.260552e+00 5.000000e-01
      vertex   -3.951690e+00 -2.403076e+00 0.000000e+00
      vertex   -3.652506e+00 -1.916983e+00 5.000000e-01
    endloop
  endfacet
  facet normal 6.228477e-01 3.409377e-01 -7.041464e-01
    outer loop
      vertex   -3.652506e+00 -1.916983e+00 5.000000e-01
      vertex   -3.951690e+00 -2.403076e+00 0.000000e+00
      vertex   -4.153841e+00 -2.033773e+00 0.000000e+00
    endloop
  endfacet
  facet normal 6.387847e-01 2.968268e-01 -7.098225e-01
    outer loop
      vertex   -3.652506e+00 -1.916983e+00 5.000000e-01
      vertex   -4.153841e+00 -2.033773e+00 0.000000e+00
      vertex   -3.820470e+00 -1.555516e+00 5.000000e-01
    endloop
  endfacet
  facet normal 6.509646e-01 2.827538e-01 -7.044823e-01
    outer loop
      vertex   -3.820470e+00 -1.555516e+00 5.000000e-01
      vertex   -4.153841e+00 -2.033773e+00 0.000000e+00
      vertex   -4.321571e+00 -1.647618e+00 0.000000e+00
    endloop
  endfacet
  facet normal 6.648487e-01 2.339295e-01 -7.094034e-01
    outer loop
      vertex   -3.820470e+00 -1.555516e+00 5.000000e-01
      vertex   -4.321571e+00 -1.647618e+00 0.000000e+00
      vertex   -3.952764e+00 -1.179526e+00 5.000000e-01
    endloop
  endfacet
  facet normal 6.735761e-01 2.222538e-01 -7.049102e-01
    outer loop
      vertex   -3.952764e+00 -1.179526e+00 5.000000e-01
      vertex   -4.321571e+00 -1.647618e+00 0.000000e+00
      vertex   -4.453492e+00 -1.247810e+00 0.000000e+00
    endloop
  endfacet
  facet normal 6.848319e-01 1.687959e-01 -7.088817e-01
    outer loop
      vertex   -3.952764e+00 -1.179526e+00 5.000000e-01
      vertex   -4.453492e+00 -1.247810e+00 0.000000e+00
      vertex   -4.048152e+00 -7.925227e-01 5.000000e-01
    endloop
  endfacet
  facet normal 6.904928e-01 1.599648e-01 -7.054296e-01
    outer loop
      vertex   -4.048152e+00 -7.925227e-01 5.000000e-01
      vertex   -4.453492e+00 -1.247810e+00 0.000000e+00
      vertex   -4.548510e+00 -8.376625e-01 0.000000e+00
    endloop
  endfacet
  facet normal 6.985470e-01 1.020028e-01 -7.082567e-01
    outer loop
      vertex   -4.048152e+00 -7.925227e-01 5.000000e-01
      vertex   -4.548510e+00 -8.376625e-01 0.000000e+00
      vertex   -4.105743e+00 -3.981199e-01 5.000000e-01
    endloop
  endfacet
  facet normal 7.015762e-01 9.642943e-02 -7.060398e-01
    outer loop
      vertex   -4.105743e+00 -3.981199e-01 5.000000e-01
      vertex   -4.548510e+00 -8.376625e-01 0.000000e+00
      vertex   -4.605838e+00 -4.205737e-01 0.000000e+00
    endloop
  endfacet
  facet normal 7.058604e-01 3.414237e-02 -7.075276e-01
    outer loop
      vertex   -4.105743e+00 -3.981199e-01 5.000000e-01
      vertex   -4.605838e+00 -4.205737e-01 0.000000e+00
      vertex   -4.125000e+00 -5.051668e-16 5.000000e-01
    endloop
  endfacet
  facet normal 0.000000e+00 0.000000e+00 1.000000e+00
    outer loop
      vertex   -8.755404e+00 5.861054e-01 1.850000e+00
      vertex   -1.085554e+01 6.503702e-01 1.850000e+00
      vertex   -8.775000e+00 -1.074628e-15 1.850000e+00
    endloop
  endfacet
  facet normal 0.000000e+00 0.000000e+00 1.000000e+00
    outer loop
      vertex   -8.775000e+00 -1.074628e-15 1.850000e+00
      vertex   -1.085554e+01 6.503702e-01 1.850000e+00
      vertex   -1.087500e+01 -1.331803e-15 1.850000e+00
    endloop
  endfacet
  facet normal 0.000000e+00 0.000000e+00 1.000000e+00
    outer loop
      vertex   -8.775000e+00 -1.074628e-15 1.850000e+00
      vertex   -1.087500e+01 -1.331803e-15 1.850000e+00
      vertex   -1.085554e+01 -6.503702e-01 1.850000e+00
    endloop
  endfacet
  facet normal -0.000000e+00 0.000000e+00 1.000000e+00
    outer loop
      vertex   -1.085554e+01 6.503702e-01 1.850000e+00
      vertex   -8.755404e+00 5.861054e-01 1.850000e+00
      vertex   -1.079721e+01 1.298412e+00 1.850000e+00
    endloop
  endfacet
  facet normal 0.000000e+00 0.000000e+00 1.000000e+00
    outer loop
      vertex   -1.079721e+01 1.298412e+00 1.850000e+00
      vertex   -8.755404e+00 5.861054e-01 1.850000e+00
      vertex   -8.696705e+00 1.169593e+00 1.850000e+00
    endloop
  endfacet
  facet normal -0.000000e+00 0.000000e+00 1.000000e+00
    outer loop
      vertex   -1.079721e+01 1.298412e+00 1.850000e+00
      vertex   -8.696705e+00 1.169593e+00 1.850000e+00
      vertex   -1.070023e+01 1.941806e+00 1.850000e+00
    endloop
  endfacet
  facet normal 0.000000e+00 0.000000e+00 1.000000e+00
    outer loop
      vertex   -1.070023e+01 1.941806e+00 1.850000e+00
      vertex   -8.696705e+00 1.169593e+00 1.850000e+00
      vertex   -8.599164e+00 1.747857e+00 1.850000e+00
    endloop
  endfacet
  facet normal -0.000000e+00 0.000000e+00 1.000000e+00
    outer loop
      vertex   -1.070023e+01 1.941806e+00 1.850000e+00
      vertex   -8.599164e+00 1.747857e+00 1.850000e+00
      vertex   -1.056495e+01 2.578249e+00 1.850000e+00
    endloop
  endfacet
  facet normal 0.000000e+00 0.000000e+00 1.000000e+00
    outer loop
      vertex   -1.056495e+01 2.578249e+00 1.850000e+00
      vertex   -8.599164e+00 1.747857e+00 1.850000e+00
      vertex   -8.463217e+00 2.318315e+00 1.850000e+00
    endloop
  endfacet
  facet normal -0.000000e+00 0.000000e+00 1.000000e+00
    outer loop
      vertex   -1.056495e+01 2.578249e+00 1.850000e+00
      vertex   -8.463217e+00 2.318315e+00 1.850000e+00
      vertex   -1.039185e+01 3.205463e+00 1.850000e+00
    endloop
  endfacet
  facet normal 0.000000e+00 0.000000e+00 1.000000e+00
    outer loop
      vertex   -1.039185e+01 3.205463e+00 1.850000e+00
      vertex   -8.463217e+00 2.318315e+00 1.850000e+00
      vertex   -8.289471e+00 2.878418e+00 1.850000e+00
    endloop
  endfacet
  facet normal -0.000000e+00 0.000000e+00 1.000000e+00
    outer loop
      vertex   -1.039185e+01 3.205463e+00 1.850000e+00
      vertex   -8.289471e+00 2.878418e+00 1.850000e+00
      vertex   -1.018155e+01 3.821201e+00 1.850000e+00
    endloop
  endfacet
  facet normal 0.000000e+00 0.000000e+00 1.000000e+00
    outer loop
      vertex   -1.018155e+01 3.821201e+00 1.850000e+00
      vertex   -8.289471e+00 2.878418e+00 1.850000e+00
      vertex   -8.078703e+00 3.425666e+00 1.850000e+00
    endloop
  endfacet
  facet normal -0.000000e+00 0.000000e+00 1.000000e+00
    outer loop
      vertex   -1.018155e+01 3.821201e+00 1.850000e+00
      vertex   -8.078703e+00 3.425666e+00 1.850000e+00
      vertex   -9.934807e+00 4.423261e+00 1.850000e+00
    endloop
  endfacet
  facet normal 0.000000e+00 0.000000e+00 1.000000e+00
    outer loop
      vertex   -9.934807e+00 4.423261e+00 1.850000e+00
      vertex   -8.078703e+00 3.425666e+00 1.850000e+00
      vertex   -7.831853e+00 3.957614e+00 1.850000e+00
    endloop
  endfacet
  facet normal -0.000000e+00 0.000000e+00 1.000000e+00
    outer loop
      vertex   -9.934807e+00 4.423261e+00 1.850000e+00
      vertex   -7.831853e+00 3.957614e+00 1.850000e+00
      vertex   -9.652495e+00 5.009487e+00 1.850000e+00
    endloop
  endfacet
  facet normal 0.000000e+00 0.000000e+00 1.000000e+00
    outer loop
      vertex   -9.652495e+00 5.009487e+00 1.850000e+00
      vertex   -7.831853e+00 3.957614e+00 1.850000e+00
      vertex   -7.550024e+00 4.471886e+00 1.850000e+00
    endloop
  endfacet
  facet normal -0.000000e+00 0.000000e+00 1.000000e+00
    outer loop
      vertex   -9.652495e+00 5.009487e+00 1.850000e+00
      vertex   -7.550024e+00 4.471886e+00 1.850000e+00
      vertex   -9.335631e+00 5.577780e+00 1.850000e+00
    endloop
  endfacet
  facet normal 0.000000e+00 0.000000e+00 1.000000e+00
    outer loop
      vertex   -9.335631e+00 5.577780e+00 1.850000e+00
      vertex   -7.550024e+00 4.471886e+00 1.850000e+00
      vertex   -7.234475e+00 4.966186e+00 1.850000e+00
    endloop
  endfacet
  facet normal -0.000000e+00 0.000000e+00 1.000000e+00
    outer loop
      vertex   -9.335631e+00 5.577780e+00 1.850000e+00
      vertex   -7.234475e+00 4.966186e+00 1.850000e+00
      vertex   -8.985347e+00 6.126106e+00 1.850000e+00
    endloop
  endfacet
  facet normal -0.000000e+00 0.000000e+00 1.000000e+00
    outer loop
      vertex   -8.985347e+00 6.126106e+00 1.850000e+00
      vertex   -7.234475e+00 4.966186e+00 1.850000e+00
      vertex   -8.602898e+00 6.652502e+00 1.850000e+00
    endloop
  endfacet
  facet normal 0.000000e+00 0.000000e+00 1.000000e+00
    outer loop
      vertex   -8.602898e+00 6.652502e+00 1.850000e+00
      vertex   -7.234475e+00 4.966186e+00 1.850000e+00
      vertex   -6.886615e+00 5.438305e+00 1.850000e+00
    endloop
  endfacet
  facet normal -0.000000e+00 0.000000e+00 1.000000e+00
    outer loop
      vertex   -8.602898e+00 6.652502e+00 1.850000e+00
      vertex   -6.886615e+00 5.438305e+00 1.850000e+00
      vertex   -8.189652e+00 7.155084e+00 1.850000e+00
    endloop
  endfacet
  facet normal 0.000000e+00 0.000000e+00 1.000000e+00
    outer loop
      vertex   -8.189652e+00 7.155084e+00 1.850000e+00
      vertex   -6.886615e+00 5.438305e+00 1.850000e+00
      vertex   -6.507997e+00 5.886136e+00 1.850000e+00
    endloop
  endfacet
  facet normal -0.000000e+00 0.000000e+00 1.000000e+00
    outer loop
      vertex   -8.189652e+00 7.155084e+00 1.850000e+00
      vertex   -6.507997e+00 5.886136e+00 1.850000e+00
      vertex   -7.747090e+00 7.632052e+00 1.850000e+00
    endloop
  endfacet
  facet normal 0.000000e+00 0.000000e+00 1.000000e+00
    outer loop
      vertex   -7.747090e+00 7.632052e+00 1.850000e+00
      vertex   -6.507997e+00 5.886136e+00 1.850000e+00
      vertex   -6.100314e+00 6.307678e+00 1.850000e+00
    endloop
  endfacet
  facet normal -0.000000e+00 0.000000e+00 1.000000e+00
    outer loop
      vertex   -7.747090e+00 7.632052e+00 1.850000e+00
      vertex   -6.100314e+00 6.307678e+00 1.850000e+00
      vertex   -7.276795e+00 8.081700e+00 1.850000e+00
    endloop
  endfacet
  facet normal 0.000000e+00 0.000000e+00 1.000000e+00
    outer loop
      vertex   -7.276795e+00 8.081700e+00 1.850000e+00
      vertex   -6.100314e+00 6.307678e+00 1.850000e+00
      vertex   -5.665384e+00 6.701048e+00 1.850000e+00
    endloop
  endfacet
  facet normal -0.000000e+00 0.000000e+00 1.000000e+00
    outer loop
      vertex   -7.276795e+00 8.081700e+00 1.850000e+00
      vertex   -5.665384e+00 6.701048e+00 1.850000e+00
      vertex   -6.780452e+00 8.502417e+00 1.850000e+00
    endloop
  endfacet
  facet normal 0.000000e+00 0.000000e+00 1.000000e+00
    outer loop
      vertex   -6.780452e+00 8.502417e+00 1.850000e+00
      vertex   -5.665384e+00 6.701048e+00 1.850000e+00
      vertex   -5.205152e+00 7.064490e+00 1.850000e+00
    endloop
  endfacet
  facet normal -0.000000e+00 0.000000e+00 1.000000e+00
    outer loop
      vertex   -6.780452e+00 8.502417e+00 1.850000e+00
      vertex   -5.205152e+00 7.064490e+00 1.850000e+00
      vertex   -6.259836e+00 8.892698e+00 1.850000e+00
    endloop
  endfacet
  facet normal 0.000000e+00 0.000000e+00 1.000000e+00
    outer loop
      vertex   -6.259836e+00 8.892698e+00 1.850000e+00
      vertex   -5.205152e+00 7.064490e+00 1.850000e+00
      vertex   -4.721673e+00 7.396380e+00 1.850000e+00
    endloop
  endfacet
  facet normal -0.000000e+00 0.000000e+00 1.000000e+00
    outer loop
      vertex   -6.259836e+00 8.892698e+00 1.850000e+00
      vertex   -4.721673e+00 7.396380e+00 1.850000e+00
      vertex   -5.716811e+00 9.251146e+00 1.850000e+00
    endloop
  endfacet
  facet normal 0.000000e+00 0.000000e+00 1.000000e+00
    outer loop
      vertex   -5.716811e+00 9.251146e+00 1.850000e+00
      vertex   -4.721673e+00 7.396380e+00 1.850000e+00
      vertex   -4.217105e+00 7.695236e+00 1.850000e+00
    endloop
  endfacet
  facet normal -0.000000e+00 0.000000e+00 1.000000e+00
    outer loop
      vertex   -5.716811e+00 9.251146e+00 1.850000e+00
      vertex   -4.217105e+00 7.695236e+00 1.850000e+00
      vertex   -5.153322e+00 9.576476e+00 1.850000e+00
    endloop
  endfacet
  facet normal 0.000000e+00 0.000000e+00 1.000000e+00
    outer loop
      vertex   -5.153322e+00 9.576476e+00 1.850000e+00
      vertex   -4.217105e+00 7.695236e+00 1.850000e+00
      vertex   -3.693703e+00 7.959723e+00 1.850000e+00
    endloop
  endfacet
  facet normal -0.000000e+00 0.000000e+00 1.000000e+00
    outer loop
      vertex   -5.153322e+00 9.576476e+00 1.850000e+00
      vertex   -3.693703e+00 7.959723e+00 1.850000e+00
      vertex   -4.571385e+00 9.867526e+00 1.850000e+00
    endloop
  endfacet
  facet normal -0.000000e+00 0.000000e+00 1.000000e+00
    outer loop
      vertex   -4.571385e+00 9.867526e+00 1.850000e+00
      vertex   -3.693703e+00 7.959723e+00 1.850000e+00
      vertex   -3.973084e+00 1.012325e+01 1.850000e+00
    endloop
  endfacet
  facet normal 0.000000e+00 0.000000e+00 1.000000e+00
    outer loop
      vertex   -3.973084e+00 1.012325e+01 1.850000e+00
      vertex   -3.693703e+00 7.959723e+00 1.850000e+00
      vertex   -3.153803e+00 8.188660e+00 1.850000e+00
    endloop
  endfacet
  facet normal -0.000000e+00 0.000000e+00 1.000000e+00
    outer loop
      vertex   -3.973084e+00 1.012325e+01 1.850000e+00
      vertex   -3.153803e+00 8.188660e+00 1.850000e+00
      vertex   -3.360560e+00 1.034274e+01 1.850000e+00
    endloop
  endfacet
  facet normal 0.000000e+00 0.000000e+00 1.000000e+00
    outer loop
      vertex   -3.360560e+00 1.034274e+01 1.850000e+00
      vertex   -3.153803e+00 8.188660e+00 1.850000e+00
      vertex   -2.599818e+00 8.381024e+00 1.850000e+00
    endloop
  endfacet
  facet normal -0.000000e+00 0.000000e+00 1.000000e+00
    outer loop
      vertex   -3.360560e+00 1.034274e+01 1.850000e+00
      vertex   -2.599818e+00 8.381024e+00 1.850000e+00
      vertex   -2.736006e+00 1.052520e+01 1.850000e+00
    endloop
  endfacet
  facet normal 0.000000e+00 0.000000e+00 1.000000e+00
    outer loop
      vertex   -2.736006e+00 1.052520e+01 1.850000e+00
      vertex   -2.599818e+00 8.381024e+00 1.850000e+00
      vertex   -2.034222e+00 8.535957e+00 1.850000e+00
    endloop
  endfacet
  facet normal -0.000000e+00 0.000000e+00 1.000000e+00
    outer loop
      vertex   -2.736006e+00 1.052520e+01 1.850000e+00
      vertex   -2.034222e+00 8.535957e+00 1.850000e+00
      vertex   -2.101658e+00 1.066999e+01 1.850000e+00
    endloop
  endfacet
  facet normal 0.000000e+00 0.000000e+00 1.000000e+00
    outer loop
      vertex   -2.101658e+00 1.066999e+01 1.850000e+00
      vertex   -2.034222e+00 8.535957e+00 1.850000e+00
      vertex   -1.459540e+00 8.652766e+00 1.850000e+00
    endloop
  endfacet
  facet normal -0.000000e+00 0.000000e+00 1.000000e+00
    outer loop
      vertex   -2.101658e+00 1.066999e+01 1.850000e+00
      vertex   -1.459540e+00 8.652766e+00 1.850000e+00
      vertex   -1.459787e+00 1.077658e+01 1.850000e+00
    endloop
  endfacet
  facet normal 0.000000e+00 0.000000e+00 1.000000e+00
    outer loop
      vertex   -1.459787e+00 1.077658e+01 1.850000e+00
      vertex   -1.459540e+00 8.652766e+00 1.850000e+00
      vertex   -8.783397e-01 8.730930e+00 1.850000e+00
    endloop
  endfacet
  facet normal -0.000000e+00 0.000000e+00 1.000000e+00
    outer loop
      vertex   -1.459787e+00 1.077658e+01 1.850000e+00
      vertex   -8.783397e-01 8.730930e+00 1.850000e+00
      vertex   -8.126898e-01 1.084459e+01 1.850000e+00
    endloop
  endfacet
  facet normal 0.000000e+00 0.000000e+00 1.000000e+00
    outer loop
      vertex   -8.126898e-01 1.084459e+01 1.850000e+00
      vertex   -8.783397e-01 8.730930e+00 1.850000e+00
      vertex   -2.932164e-01 8.770100e+00 1.850000e+00
    endloop
  endfacet
  facet normal -0.000000e+00 0.000000e+00 1.000000e+00
    outer loop
      vertex   -8.126898e-01 1.084459e+01 1.850000e+00
      vertex   -2.932164e-01 8.770100e+00 1.850000e+00
      vertex   -1.626836e-01 1.087378e+01 1.850000e+00
    endloop
  endfacet
  facet normal 0.000000e+00 0.000000e+00 1.000000e+00
    outer loop
      vertex   -1.626836e-01 1.087378e+01 1.850000e+00
      vertex   -2.932164e-01 8.770100e+00 1.850000e+00
      vertex   2.932164e-01 8.770100e+00 1.850000e+00
    endloop
  endfacet
  facet normal 0.000000e+00 0.000000e+00 1.000000e+00
    outer loop
      vertex   -1.626836e-01 1.087378e+01 1.850000e+00
      vertex   2.932164e-01 8.770100e+00 1.850000e+00
      vertex   4.879050e-01 1.086405e+01 1.850000e+00
    endloop
  endfacet
  facet normal 0.000000e+00 0.000000e+00 1.000000e+00
    outer loop
      vertex   4.879050e-01 1.086405e+01 1.850000e+00
      vertex   2.932164e-01 8.770100e+00 1.850000e+00
      vertex   8.783397e-01 8.730930e+00 1.850000e+00
    endloop
  endfacet
  facet normal 0.000000e+00 0.000000e+00 1.000000e+00
    outer loop
      vertex   4.879050e-01 1.086405e+01 1.850000e+00
      vertex   8.783397e-01 8.730930e+00 1.850000e+00
      vertex   1.136747e+00 1.081543e+01 1.850000e+00
    endloop
  endfacet
  facet normal 0.000000e+00 0.000000e+00 1.000000e+00
    outer loop
      vertex   1.136747e+00 1.081543e+01 1.850000e+00
      vertex   8.783397e-01 8.730930e+00 1.850000e+00
      vertex   1.459540e+00 8.652766e+00 1.850000e+00
    endloop
  endfacet
  facet normal 0.000000e+00 0.000000e+00 1.000000e+00
    outer loop
      vertex   1.136747e+00 1.081543e+01 1.850000e+00
      vertex   1.459540e+00 8.652766e+00 1.850000e+00
      vertex   1.781520e+00 1.072809e+01 1.850000e+00
    endloop
  endfacet
  facet normal 0.000000e+00 0.000000e+00 1.000000e+00
    outer loop
      vertex   1.781520e+00 1.072809e+01 1.850000e+00
      vertex   1.459540e+00 8.652766e+00 1.850000e+00
      vertex   2.419915e+00 1.060234e+01 1.850000e+00
    endloop
  endfacet
  facet normal 0.000000e+00 0.000000e+00 1.000000e+00
    outer loop
      vertex   2.419915e+00 1.060234e+01 1.850000e+00
      vertex   1.459540e+00 8.652766e+00 1.850000e+00
      vertex   2.034222e+00 8.535957e+00 1.850000e+00
    endloop
  endfacet
  facet normal 0.000000e+00 0.000000e+00 1.000000e+00
    outer loop
      vertex   2.419915e+00 1.060234e+01 1.850000e+00
      vertex   2.034222e+00 8.535957e+00 1.850000e+00
      vertex   3.049648e+00 1.043864e+01 1.850000e+00
    endloop
  endfacet
  facet normal 0.000000e+00 0.000000e+00 1.000000e+00
    outer loop
      vertex   3.049648e+00 1.043864e+01 1.850000e+00
      vertex   2.034222e+00 8.535957e+00 1.850000e+00
      vertex   2.599818e+00 8.381024e+00 1.850000e+00
    endloop
  endfacet
  facet normal 0.000000e+00 0.000000e+00 1.000000e+00
    outer loop
      vertex   3.049648e+00 1.043864e+01 1.850000e+00
      vertex   2.599818e+00 8.381024e+00 1.850000e+00
      vertex   3.668464e+00 1.023758e+01 1.850000e+00
    endloop
  endfacet
  facet normal 0.000000e+00 0.000000e+00 1.000000e+00
    outer loop
      vertex   3.668464e+00 1.023758e+01 1.850000e+00
      vertex   2.599818e+00 8.381024e+00 1.850000e+00
      vertex   3.153803e+00 8.188660e+00 1.850000e+00
    endloop
  endfacet
  facet normal 0.000000e+00 0.000000e+00 1.000000e+00
    outer loop
      vertex   3.668464e+00 1.023758e+01 1.850000e+00
      vertex   3.153803e+00 8.188660e+00 1.850000e+00
      vertex   4.274147e+00 9.999865e+00 1.850000e+00
    endloop
  endfacet
  facet normal 0.000000e+00 0.000000e+00 1.000000e+00
    outer loop
      vertex   4.274147e+00 9.999865e+00 1.850000e+00
      vertex   3.153803e+00 8.188660e+00 1.850000e+00
      vertex   3.693703e+00 7.959723e+00 1.850000e+00
    endloop
  endfacet
  facet normal 0.000000e+00 0.000000e+00 1.000000e+00
    outer loop
      vertex   4.274147e+00 9.999865e+00 1.850000e+00
      vertex   3.693703e+00 7.959723e+00 1.850000e+00
      vertex   4.864530e+00 9.726354e+00 1.850000e+00
    endloop
  endfacet
  facet normal 0.000000e+00 0.000000e+00 1.000000e+00
    outer loop
      vertex   4.864530e+00 9.726354e+00 1.850000e+00
      vertex   3.693703e+00 7.959723e+00 1.850000e+00
      vertex   4.217105e+00 7.695236e+00 1.850000e+00
    endloop
  endfacet
  facet normal 0.000000e+00 0.000000e+00 1.000000e+00
    outer loop
      vertex   4.864530e+00 9.726354e+00 1.850000e+00
      vertex   4.217105e+00 7.695236e+00 1.850000e+00
      vertex   5.437500e+00 9.418026e+00 1.850000e+00
    endloop
  endfacet
  facet normal 0.000000e+00 0.000000e+00 1.000000e+00
    outer loop
      vertex   5.437500e+00 9.418026e+00 1.850000e+00
      vertex   4.217105e+00 7.695236e+00 1.850000e+00
      vertex   4.721673e+00 7.396380e+00 1.850000e+00
    endloop
  endfacet
  facet normal 0.000000e+00 0.000000e+00 1.000000e+00
    outer loop
      vertex   5.437500e+00 9.418026e+00 1.850000e+00
      vertex   4.721673e+00 7.396380e+00 1.850000e+00
      vertex   5.991005e+00 9.075984e+00 1.850000e+00
    endloop
  endfacet
  facet normal 0.000000e+00 0.000000e+00 1.000000e+00
    outer loop
      vertex   5.991005e+00 9.075984e+00 1.850000e+00
      vertex   4.721673e+00 7.396380e+00 1.850000e+00
      vertex   5.205152e+00 7.064490e+00 1.850000e+00
    endloop
  endfacet
  facet normal 0.000000e+00 0.000000e+00 1.000000e+00
    outer loop
      vertex   5.991005e+00 9.075984e+00 1.850000e+00
      vertex   5.205152e+00 7.064490e+00 1.850000e+00
      vertex   6.523063e+00 8.701452e+00 1.850000e+00
    endloop
  endfacet
  facet normal 0.000000e+00 0.000000e+00 1.000000e+00
    outer loop
      vertex   6.523063e+00 8.701452e+00 1.850000e+00
      vertex   5.205152e+00 7.064490e+00 1.850000e+00
      vertex   5.665384e+00 6.701048e+00 1.850000e+00
    endloop
  endfacet
  facet normal 0.000000e+00 0.000000e+00 1.000000e+00
    outer loop
      vertex   6.523063e+00 8.701452e+00 1.850000e+00
      vertex   5.665384e+00 6.701048e+00 1.850000e+00
      vertex   7.031771e+00 8.295772e+00 1.850000e+00
    endloop
  endfacet
  facet normal 0.000000e+00 0.000000e+00 1.000000e+00
    outer loop
      vertex   7.031771e+00 8.295772e+00 1.850000e+00
      vertex   5.665384e+00 6.701048e+00 1.850000e+00
      vertex   7.515306e+00 7.860394e+00 1.850000e+00
    endloop
  endfacet
  facet normal 0.000000e+00 0.000000e+00 1.000000e+00
    outer loop
      vertex   7.515306e+00 7.860394e+00 1.850000e+00
      vertex   5.665384e+00 6.701048e+00 1.850000e+00
      vertex   6.100314e+00 6.307678e+00 1.850000e+00
    endloop
  endfacet
  facet normal 0.000000e+00 0.000000e+00 1.000000e+00
    outer loop
      vertex   7.515306e+00 7.860394e+00 1.850000e+00
      vertex   6.100314e+00 6.307678e+00 1.850000e+00
      vertex   7.971939e+00 7.396879e+00 1.850000e+00
    endloop
  endfacet
  facet normal 0.000000e+00 0.000000e+00 1.000000e+00
    outer loop
      vertex   7.971939e+00 7.396879e+00 1.850000e+00
      vertex   6.100314e+00 6.307678e+00 1.850000e+00
      vertex   6.507997e+00 5.886136e+00 1.850000e+00
    endloop
  endfacet
  facet normal 0.000000e+00 0.000000e+00 1.000000e+00
    outer loop
      vertex   7.971939e+00 7.396879e+00 1.850000e+00
      vertex   6.507997e+00 5.886136e+00 1.850000e+00
      vertex   8.400034e+00 6.906884e+00 1.850000e+00
    endloop
  endfacet
  facet normal 0.000000e+00 0.000000e+00 1.000000e+00
    outer loop
      vertex   8.400034e+00 6.906884e+00 1.850000e+00
      vertex   6.507997e+00 5.886136e+00 1.850000e+00
      vertex   6.886615e+00 5.438305e+00 1.850000e+00
    endloop
  endfacet
  facet normal 0.000000e+00 0.000000e+00 1.000000e+00
    outer loop
      vertex   8.400034e+00 6.906884e+00 1.850000e+00
      vertex   6.886615e+00 5.438305e+00 1.850000e+00
      vertex   8.798060e+00 6.392165e+00 1.850000e+00
    endloop
  endfacet
  facet normal 0.000000e+00 0.000000e+00 1.000000e+00
    outer loop
      vertex   8.798060e+00 6.392165e+00 1.850000e+00
      vertex   6.886615e+00 5.438305e+00 1.850000e+00
      vertex   7.234475e+00 4.966186e+00 1.850000e+00
    endloop
  endfacet
  facet normal 0.000000e+00 0.000000e+00 1.000000e+00
    outer loop
      vertex   8.798060e+00 6.392165e+00 1.850000e+00
      vertex   7.234475e+00 4.966186e+00 1.850000e+00
      vertex   9.164590e+00 5.854563e+00 1.850000e+00
    endloop
  endfacet
  facet normal 0.000000e+00 0.000000e+00 1.000000e+00
    outer loop
      vertex   9.164590e+00 5.854563e+00 1.850000e+00
      vertex   7.234475e+00 4.966186e+00 1.850000e+00
      vertex   7.550024e+00 4.471886e+00 1.850000e+00
    endloop
  endfacet
  facet normal 0.000000e+00 0.000000e+00 1.000000e+00
    outer loop
      vertex   9.164590e+00 5.854563e+00 1.850000e+00
      vertex   7.550024e+00 4.471886e+00 1.850000e+00
      vertex   9.498314e+00 5.296003e+00 1.850000e+00
    endloop
  endfacet
  facet normal 0.000000e+00 0.000000e+00 1.000000e+00
    outer loop
      vertex   9.498314e+00 5.296003e+00 1.850000e+00
      vertex   7.550024e+00 4.471886e+00 1.850000e+00
      vertex   7.831853e+00 3.957614e+00 1.850000e+00
    endloop
  endfacet
  facet normal 0.000000e+00 0.000000e+00 1.000000e+00
    outer loop
      vertex   9.498314e+00 5.296003e+00 1.850000e+00
      vertex   7.831853e+00 3.957614e+00 1.850000e+00
      vertex   9.798036e+00 4.718486e+00 1.850000e+00
    endloop
  endfacet
  facet normal 0.000000e+00 0.000000e+00 1.000000e+00
    outer loop
      vertex   9.798036e+00 4.718486e+00 1.850000e+00
      vertex   7.831853e+00 3.957614e+00 1.850000e+00
      vertex   8.078703e+00 3.425666e+00 1.850000e+00
    endloop
  endfacet
  facet normal 0.000000e+00 0.000000e+00 1.000000e+00
    outer loop
      vertex   9.798036e+00 4.718486e+00 1.850000e+00
      vertex   8.078703e+00 3.425666e+00 1.850000e+00
      vertex   1.006268e+01 4.124077e+00 1.850000e+00
    endloop
  endfacet
  facet normal 0.000000e+00 0.000000e+00 1.000000e+00
    outer loop
      vertex   1.006268e+01 4.124077e+00 1.850000e+00
      vertex   8.078703e+00 3.425666e+00 1.850000e+00
      vertex   8.289471e+00 2.878418e+00 1.850000e+00
    endloop
  endfacet
  facet normal 0.000000e+00 0.000000e+00 1.000000e+00
    outer loop
      vertex   1.006268e+01 4.124077e+00 1.850000e+00
      vertex   8.289471e+00 2.878418e+00 1.850000e+00
      vertex   1.029131e+01 3.514905e+00 1.850000e+00
    endloop
  endfacet
  facet normal 0.000000e+00 0.000000e+00 1.000000e+00
    outer loop
      vertex   1.029131e+01 3.514905e+00 1.850000e+00
      vertex   8.289471e+00 2.878418e+00 1.850000e+00
      vertex   8.463217e+00 2.318315e+00 1.850000e+00
    endloop
  endfacet
  facet normal 0.000000e+00 0.000000e+00 1.000000e+00
    outer loop
      vertex   1.029131e+01 3.514905e+00 1.850000e+00
      vertex   8.463217e+00 2.318315e+00 1.850000e+00
      vertex   1.048310e+01 2.893151e+00 1.850000e+00
    endloop
  endfacet
  facet normal 0.000000e+00 0.000000e+00 1.000000e+00
    outer loop
      vertex   1.048310e+01 2.893151e+00 1.850000e+00
      vertex   8.463217e+00 2.318315e+00 1.850000e+00
      vertex   1.063736e+01 2.261040e+00 1.850000e+00
    endloop
  endfacet
  facet normal 0.000000e+00 0.000000e+00 1.000000e+00
    outer loop
      vertex   1.063736e+01 2.261040e+00 1.850000e+00
      vertex   8.463217e+00 2.318315e+00 1.850000e+00
      vertex   8.599164e+00 1.747857e+00 1.850000e+00
    endloop
  endfacet
  facet normal 0.000000e+00 0.000000e+00 1.000000e+00
    outer loop
      vertex   1.063736e+01 2.261040e+00 1.850000e+00
      vertex   8.599164e+00 1.747857e+00 1.850000e+00
      vertex   1.075354e+01 1.620835e+00 1.850000e+00
    endloop
  endfacet
  facet normal 0.000000e+00 0.000000e+00 1.000000e+00
    outer loop
      vertex   1.075354e+01 1.620835e+00 1.850000e+00
      vertex   8.599164e+00 1.747857e+00 1.850000e+00
      vertex   8.696705e+00 1.169593e+00 1.850000e+00
    endloop
  endfacet
  facet normal 0.000000e+00 0.000000e+00 1.000000e+00
    outer loop
      vertex   1.075354e+01 1.620835e+00 1.850000e+00
      vertex   8.696705e+00 1.169593e+00 1.850000e+00
      vertex   1.083122e+01 9.748275e-01 1.850000e+00
    endloop
  endfacet
  facet normal 0.000000e+00 0.000000e+00 1.000000e+00
    outer loop
      vertex   1.083122e+01 9.748275e-01 1.850000e+00
      vertex   8.696705e+00 1.169593e+00 1.850000e+00
      vertex   8.755404e+00 5.861054e-01 1.850000e+00
    endloop
  endfacet
  facet normal 0.000000e+00 0.000000e+00 1.000000e+00
    outer loop
      vertex   1.083122e+01 9.748275e-01 1.850000e+00
      vertex   8.755404e+00 5.861054e-01 1.850000e+00
      vertex   1.087013e+01 3.253307e-01 1.850000e+00
    endloop
  endfacet
  facet normal 0.000000e+00 0.000000e+00 1.000000e+00
    outer loop
      vertex   1.087013e+01 3.253307e-01 1.850000e+00
      vertex   8.755404e+00 5.861054e-01 1.850000e+00
      vertex   8.775000e+00 0.000000e+00 1.850000e+00
    endloop
  endfacet
  facet normal 0.000000e+00 0.000000e+00 1.000000e+00
    outer loop
      vertex   1.087013e+01 3.253307e-01 1.850000e+00
      vertex   8.775000e+00 0.000000e+00 1.850000e+00
      vertex   1.087013e+01 -3.253307e-01 1.850000e+00
    endloop
  endfacet
  facet normal 0.000000e+00 0.000000e+00 1.000000e+00
    outer loop
      vertex   1.087013e+01 -3.253307e-01 1.850000e+00
      vertex   8.775000e+00 0.000000e+00 1.850000e+00
      vertex   8.755404e+00 -5.861054e-01 1.850000e+00
    endloop
  endfacet
  facet normal 0.000000e+00 0.000000e+00 1.000000e+00
    outer loop
      vertex   1.087013e+01 -3.253307e-01 1.850000e+00
      vertex   8.755404e+00 -5.861054e-01 1.850000e+00
      vertex   1.083122e+01 -9.748275e-01 1.850000e+00
    endloop
  endfacet
  facet normal 0.000000e+00 0.000000e+00 1.000000e+00
    outer loop
      vertex   1.083122e+01 -9.748275e-01 1.850000e+00
      vertex   8.755404e+00 -5.861054e-01 1.850000e+00
      vertex   8.696705e+00 -1.169593e+00 1.850000e+00
    endloop
  endfacet
  facet normal 0.000000e+00 0.000000e+00 1.000000e+00
    outer loop
      vertex   1.083122e+01 -9.748275e-01 1.850000e+00
      vertex   8.696705e+00 -1.169593e+00 1.850000e+00
      vertex   1.075354e+01 -1.620835e+00 1.850000e+00
    endloop
  endfacet
  facet normal 0.000000e+00 0.000000e+00 1.000000e+00
    outer loop
      vertex   1.075354e+01 -1.620835e+00 1.850000e+00
      vertex   8.696705e+00 -1.169593e+00 1.850000e+00
      vertex   8.599164e+00 -1.747857e+00 1.850000e+00
    endloop
  endfacet
  facet normal 0.000000e+00 0.000000e+00 1.000000e+00
    outer loop
      vertex   1.075354e+01 -1.620835e+00 1.850000e+00
      vertex   8.599164e+00 -1.747857e+00 1.850000e+00
      vertex   1.063736e+01 -2.261040e+00 1.850000e+00
    endloop
  endfacet
  facet normal 0.000000e+00 0.000000e+00 1.000000e+00
    outer loop
      vertex   1.063736e+01 -2.261040e+00 1.850000e+00
      vertex   8.599164e+00 -1.747857e+00 1.850000e+00
      vertex   8.463217e+00 -2.318315e+00 1.850000e+00
    endloop
  endfacet
  facet normal 0.000000e+00 0.000000e+00 1.000000e+00
    outer loop
      vertex   1.063736e+01 -2.261040e+00 1.850000e+00
      vertex   8.463217e+00 -2.318315e+00 1.850000e+00
      vertex   1.048310e+01 -2.893151e+00 1.850000e+00
    endloop
  endfacet
  facet normal 0.000000e+00 0.000000e+00 1.000000e+00
    outer loop
      vertex   1.048310e+01 -2.893151e+00 1.850000e+00
      vertex   8.463217e+00 -2.318315e+00 1.850000e+00
      vertex   1.029131e+01 -3.514905e+00 1.850000e+00
    endloop
  endfacet
  facet normal 0.000000e+00 0.000000e+00 1.000000e+00
    outer loop
      vertex   1.029131e+01 -3.514905e+00 1.850000e+00
      vertex   8.463217e+00 -2.318315e+00 1.850000e+00
      vertex   8.289471e+00 -2.878418e+00 1.850000e+00
    endloop
  endfacet
  facet normal 0.000000e+00 0.000000e+00 1.000000e+00
    outer loop
      vertex   1.029131e+01 -3.514905e+00 1.850000e+00
      vertex   8.289471e+00 -2.878418e+00 1.850000e+00
      vertex   1.006268e+01 -4.124077e+00 1.850000e+00
    endloop
  endfacet
  facet normal 0.000000e+00 0.000000e+00 1.000000e+00
    outer loop
      vertex   1.006268e+01 -4.124077e+00 1.850000e+00
      vertex   8.289471e+00 -2.878418e+00 1.850000e+00
      vertex   8.078703e+00 -3.425666e+00 1.850000e+00
    endloop
  endfacet
  facet normal 0.000000e+00 0.000000e+00 1.000000e+00
    outer loop
      vertex   1.006268e+01 -4.124077e+00 1.850000e+00
      vertex   8.078703e+00 -3.425666e+00 1.850000e+00
      vertex   9.798036e+00 -4.718486e+00 1.850000e+00
    endloop
  endfacet
  facet normal 0.000000e+00 0.000000e+00 1.000000e+00
    outer loop
      vertex   9.798036e+00 -4.718486e+00 1.850000e+00
      vertex   8.078703e+00 -3.425666e+00 1.850000e+00
      vertex   7.831853e+00 -3.957614e+00 1.850000e+00
    endloop
  endfacet
  facet normal 0.000000e+00 0.000000e+00 1.000000e+00
    outer loop
      vertex   9.798036e+00 -4.718486e+00 1.850000e+00
      vertex   7.831853e+00 -3.957614e+00 1.850000e+00
      vertex   9.498314e+00 -5.296003e+00 1.850000e+00
    endloop
  endfacet
  facet normal 0.000000e+00 0.000000e+00 1.000000e+00
    outer loop
      vertex   9.498314e+00 -5.296003e+00 1.850000e+00
      vertex   7.831853e+00 -3.957614e+00 1.850000e+00
      vertex   7.550024e+00 -4.471886e+00 1.850000e+00
    endloop
  endfacet
  facet normal 0.000000e+00 0.000000e+00 1.000000e+00
    outer loop
      vertex   9.498314e+00 -5.296003e+00 1.850000e+00
      vertex   7.550024e+00 -4.471886e+00 1.850000e+00
      vertex   9.164590e+00 -5.854563e+00 1.850000e+00
    endloop
  endfacet
  facet normal 0.000000e+00 0.000000e+00 1.000000e+00
    outer loop
      vertex   9.164590e+00 -5.854563e+00 1.850000e+00
      vertex   7.550024e+00 -4.471886e+00 1.850000e+00
      vertex   7.234475e+00 -4.966186e+00 1.850000e+00
    endloop
  endfacet
  facet normal 0.000000e+00 0.000000e+00 1.000000e+00
    outer loop
      vertex   9.164590e+00 -5.854563e+00 1.850000e+00
      vertex   7.234475e+00 -4.966186e+00 1.850000e+00
      vertex   8.798060e+00 -6.392165e+00 1.850000e+00
    endloop
  endfacet
  facet normal 0.000000e+00 0.000000e+00 1.000000e+00
    outer loop
      vertex   8.798060e+00 -6.392165e+00 1.850000e+00
      vertex   7.234475e+00 -4.966186e+00 1.850000e+00
      vertex   6.886615e+00 -5.438305e+00 1.850000e+00
    endloop
  endfacet
  facet normal 0.000000e+00 0.000000e+00 1.000000e+00
    outer loop
      vertex   8.798060e+00 -6.392165e+00 1.850000e+00
      vertex   6.886615e+00 -5.438305e+00 1.850000e+00
      vertex   8.400034e+00 -6.906884e+00 1.850000e+00
    endloop
  endfacet
  facet normal 0.000000e+00 0.000000e+00 1.000000e+00
    outer loop
      vertex   8.400034e+00 -6.906884e+00 1.850000e+00
      vertex   6.886615e+00 -5.438305e+00 1.850000e+00
      vertex   6.507997e+00 -5.886136e+00 1.850000e+00
    endloop
  endfacet
  facet normal 0.000000e+00 0.000000e+00 1.000000e+00
    outer loop
      vertex   8.400034e+00 -6.906884e+00 1.850000e+00
      vertex   6.507997e+00 -5.886136e+00 1.850000e+00
      vertex   7.971939e+00 -7.396879e+00 1.850000e+00
    endloop
  endfacet
  facet normal 0.000000e+00 0.000000e+00 1.000000e+00
    outer loop
      vertex   7.971939e+00 -7.396879e+00 1.850000e+00
      vertex   6.507997e+00 -5.886136e+00 1.850000e+00
      vertex   6.100314e+00 -6.307678e+00 1.850000e+00
    endloop
  endfacet
  facet normal 0.000000e+00 0.000000e+00 1.000000e+00
    outer loop
      vertex   7.971939e+00 -7.396879e+00 1.850000e+00
      vertex   6.100314e+00 -6.307678e+00 1.850000e+00
      vertex   7.515306e+00 -7.860394e+00 1.850000e+00
    endloop
  endfacet
  facet normal 0.000000e+00 0.000000e+00 1.000000e+00
    outer loop
      vertex   7.515306e+00 -7.860394e+00 1.850000e+00
      vertex   6.100314e+00 -6.307678e+00 1.850000e+00
      vertex   5.665384e+00 -6.701048e+00 1.850000e+00
    endloop
  endfacet
  facet normal 0.000000e+00 0.000000e+00 1.000000e+00
    outer loop
      vertex   7.515306e+00 -7.860394e+00 1.850000e+00
      vertex   5.665384e+00 -6.701048e+00 1.850000e+00
      vertex   7.031771e+00 -8.295772e+00 1.850000e+00
    endloop
  endfacet
  facet normal 0.000000e+00 0.000000e+00 1.000000e+00
    outer loop
      vertex   7.031771e+00 -8.295772e+00 1.850000e+00
      vertex   5.665384e+00 -6.701048e+00 1.850000e+00
      vertex   6.523063e+00 -8.701452e+00 1.850000e+00
    endloop
  endfacet
  facet normal 0.000000e+00 0.000000e+00 1.000000e+00
    outer loop
      vertex   6.523063e+00 -8.701452e+00 1.850000e+00
      vertex   5.665384e+00 -6.701048e+00 1.850000e+00
      vertex   5.205152e+00 -7.064490e+00 1.850000e+00
    endloop
  endfacet
  facet normal 0.000000e+00 0.000000e+00 1.000000e+00
    outer loop
      vertex   6.523063e+00 -8.701452e+00 1.850000e+00
      vertex   5.205152e+00 -7.064490e+00 1.850000e+00
      vertex   5.991005e+00 -9.075984e+00 1.850000e+00
    endloop
  endfacet
  facet normal 0.000000e+00 0.000000e+00 1.000000e+00
    outer loop
      vertex   5.991005e+00 -9.075984e+00 1.850000e+00
      vertex   5.205152e+00 -7.064490e+00 1.850000e+00
      vertex   4.721673e+00 -7.396380e+00 1.850000e+00
    endloop
  endfacet
  facet normal 0.000000e+00 0.000000e+00 1.000000e+00
    outer loop
      vertex   5.991005e+00 -9.075984e+00 1.850000e+00
      vertex   4.721673e+00 -7.396380e+00 1.850000e+00
      vertex   5.437500e+00 -9.418026e+00 1.850000e+00
    endloop
  endfacet
  facet normal 0.000000e+00 0.000000e+00 1.000000e+00
    outer loop
      vertex   5.437500e+00 -9.418026e+00 1.850000e+00
      vertex   4.721673e+00 -7.396380e+00 1.850000e+00
      vertex   4.217105e+00 -7.695236e+00 1.850000e+00
    endloop
  endfacet
  facet normal 0.000000e+00 0.000000e+00 1.000000e+00
    outer loop
      vertex   5.437500e+00 -9.418026e+00 1.850000e+00
      vertex   4.217105e+00 -7.695236e+00 1.850000e+00
      vertex   4.864530e+00 -9.726354e+00 1.850000e+00
    endloop
  endfacet
  facet normal 0.000000e+00 0.000000e+00 1.000000e+00
    outer loop
      vertex   4.864530e+00 -9.726354e+00 1.850000e+00
      vertex   4.217105e+00 -7.695236e+00 1.850000e+00
      vertex   3.693703e+00 -7.959723e+00 1.850000e+00
    endloop
  endfacet
  facet normal 0.000000e+00 0.000000e+00 1.000000e+00
    outer loop
      vertex   4.864530e+00 -9.726354e+00 1.850000e+00
      vertex   3.693703e+00 -7.959723e+00 1.850000e+00
      vertex   4.274147e+00 -9.999865e+00 1.850000e+00
    endloop
  endfacet
  facet normal 0.000000e+00 0.000000e+00 1.000000e+00
    outer loop
      vertex   4.274147e+00 -9.999865e+00 1.850000e+00
      vertex   3.693703e+00 -7.959723e+00 1.850000e+00
      vertex   3.153803e+00 -8.188660e+00 1.850000e+00
    endloop
  endfacet
  facet normal 0.000000e+00 0.000000e+00 1.000000e+00
    outer loop
      vertex   4.274147e+00 -9.999865e+00 1.850000e+00
      vertex   3.153803e+00 -8.188660e+00 1.850000e+00
      vertex   3.668464e+00 -1.023758e+01 1.850000e+00
    endloop
  endfacet
  facet normal 0.000000e+00 0.000000e+00 1.000000e+00
    outer loop
      vertex   3.668464e+00 -1.023758e+01 1.850000e+00
      vertex   3.153803e+00 -8.188660e+00 1.850000e+00
      vertex   2.599818e+00 -8.381024e+00 1.850000e+00
    endloop
  endfacet
  facet normal 0.000000e+00 0.000000e+00 1.000000e+00
    outer loop
      vertex   3.668464e+00 -1.023758e+01 1.850000e+00
      vertex   2.599818e+00 -8.381024e+00 1.850000e+00
      vertex   3.049648e+00 -1.043864e+01 1.850000e+00
    endloop
  endfacet
  facet normal 0.000000e+00 0.000000e+00 1.000000e+00
    outer loop
      vertex   3.049648e+00 -1.043864e+01 1.850000e+00
      vertex   2.599818e+00 -8.381024e+00 1.850000e+00
      vertex   2.034222e+00 -8.535957e+00 1.850000e+00
    endloop
  endfacet
  facet normal 0.000000e+00 0.000000e+00 1.000000e+00
    outer loop
      vertex   3.049648e+00 -1.043864e+01 1.850000e+00
      vertex   2.034222e+00 -8.535957e+00 1.850000e+00
      vertex   2.419915e+00 -1.060234e+01 1.850000e+00
    endloop
  endfacet
  facet normal 0.000000e+00 0.000000e+00 1.000000e+00
    outer loop
      vertex   2.419915e+00 -1.060234e+01 1.850000e+00
      vertex   2.034222e+00 -8.535957e+00 1.850000e+00
      vertex   1.459540e+00 -8.652766e+00 1.850000e+00
    endloop
  endfacet
  facet normal 0.000000e+00 0.000000e+00 1.000000e+00
    outer loop
      vertex   2.419915e+00 -1.060234e+01 1.850000e+00
      vertex   1.459540e+00 -8.652766e+00 1.850000e+00
      vertex   1.781520e+00 -1.072809e+01 1.850000e+00
    endloop
  endfacet
  facet normal 0.000000e+00 0.000000e+00 1.000000e+00
    outer loop
      vertex   1.781520e+00 -1.072809e+01 1.850000e+00
      vertex   1.459540e+00 -8.652766e+00 1.850000e+00
      vertex   1.136747e+00 -1.081543e+01 1.850000e+00
    endloop
  endfacet
  facet normal 0.000000e+00 -0.000000e+00 1.000000e+00
    outer loop
      vertex   1.136747e+00 -1.081543e+01 1.850000e+00
      vertex   1.459540e+00 -8.652766e+00 1.850000e+00
      vertex   8.783397e-01 -8.730930e+00 1.850000e+00
    endloop
  endfacet
  facet normal 0.000000e+00 0.000000e+00 1.000000e+00
    outer loop
      vertex   1.136747e+00 -1.081543e+01 1.850000e+00
      vertex   8.783397e-01 -8.730930e+00 1.850000e+00
      vertex   4.879050e-01 -1.086405e+01 1.850000e+00
    endloop
  endfacet
  facet normal 0.000000e+00 -0.000000e+00 1.000000e+00
    outer loop
      vertex   4.879050e-01 -1.086405e+01 1.850000e+00
      vertex   8.783397e-01 -8.730930e+00 1.850000e+00
      vertex   2.932164e-01 -8.770100e+00 1.850000e+00
    endloop
  endfacet
  facet normal 0.000000e+00 0.000000e+00 1.000000e+00
    outer loop
      vertex   4.879050e-01 -1.086405e+01 1.850000e+00
      vertex   2.932164e-01 -8.770100e+00 1.850000e+00
      vertex   -1.626836e-01 -1.087378e+01 1.850000e+00
    endloop
  endfacet
  facet normal 0.000000e+00 -0.000000e+00 1.000000e+00
    outer loop
      vertex   -1.626836e-01 -1.087378e+01 1.850000e+00
      vertex   2.932164e-01 -8.770100e+00 1.850000e+00
      vertex   -2.932164e-01 -8.770100e+00 1.850000e+00
    endloop
  endfacet
  facet normal 0.000000e+00 0.000000e+00 1.000000e+00
    outer loop
      vertex   -1.626836e-01 -1.087378e+01 1.850000e+00
      vertex   -2.932164e-01 -8.770100e+00 1.850000e+00
      vertex   -8.126898e-01 -1.084459e+01 1.850000e+00
    endloop
  endfacet
  facet normal 0.000000e+00 -0.000000e+00 1.000000e+00
    outer loop
      vertex   -8.126898e-01 -1.084459e+01 1.850000e+00
      vertex   -2.932164e-01 -8.770100e+00 1.850000e+00
      vertex   -8.783397e-01 -8.730930e+00 1.850000e+00
    endloop
  endfacet
  facet normal 0.000000e+00 0.000000e+00 1.000000e+00
    outer loop
      vertex   -8.126898e-01 -1.084459e+01 1.850000e+00
      vertex   -8.783397e-01 -8.730930e+00 1.850000e+00
      vertex   -1.459787e+00 -1.077658e+01 1.850000e+00
    endloop
  endfacet
  facet normal 0.000000e+00 0.000000e+00 1.000000e+00
    outer loop
      vertex   -1.459787e+00 -1.077658e+01 1.850000e+00
      vertex   -8.783397e-01 -8.730930e+00 1.850000e+00
      vertex   -1.459540e+00 -8.652766e+00 1.850000e+00
    endloop
  endfacet
  facet normal 0.000000e+00 -0.000000e+00 1.000000e+00
    outer loop
      vertex   -1.459787e+00 -1.077658e+01 1.850000e+00
      vertex   -1.459540e+00 -8.652766e+00 1.850000e+00
      vertex   -2.101658e+00 -1.066999e+01 1.850000e+00
    endloop
  endfacet
  facet normal 0.000000e+00 0.000000e+00 1.000000e+00
    outer loop
      vertex   -2.101658e+00 -1.066999e+01 1.850000e+00
      vertex   -1.459540e+00 -8.652766e+00 1.850000e+00
      vertex   -2.034222e+00 -8.535957e+00 1.850000e+00
    endloop
  endfacet
  facet normal 0.000000e+00 -0.000000e+00 1.000000e+00
    outer loop
      vertex   -2.101658e+00 -1.066999e+01 1.850000e+00
      vertex   -2.034222e+00 -8.535957e+00 1.850000e+00
      vertex   -2.736006e+00 -1.052520e+01 1.850000e+00
    endloop
  endfacet
  facet normal 0.000000e+00 0.000000e+00 1.000000e+00
    outer loop
      vertex   -2.736006e+00 -1.052520e+01 1.850000e+00
      vertex   -2.034222e+00 -8.535957e+00 1.850000e+00
      vertex   -2.599818e+00 -8.381024e+00 1.850000e+00
    endloop
  endfacet
  facet normal 0.000000e+00 -0.000000e+00 1.000000e+00
    outer loop
      vertex   -2.736006e+00 -1.052520e+01 1.850000e+00
      vertex   -2.599818e+00 -8.381024e+00 1.850000e+00
      vertex   -3.360560e+00 -1.034274e+01 1.850000e+00
    endloop
  endfacet
  facet normal 0.000000e+00 0.000000e+00 1.000000e+00
    outer loop
      vertex   -3.360560e+00 -1.034274e+01 1.850000e+00
      vertex   -2.599818e+00 -8.381024e+00 1.850000e+00
      vertex   -3.153803e+00 -8.188660e+00 1.850000e+00
    endloop
  endfacet
  facet normal 0.000000e+00 -0.000000e+00 1.000000e+00
    outer loop
      vertex   -3.360560e+00 -1.034274e+01 1.850000e+00
      vertex   -3.153803e+00 -8.188660e+00 1.850000e+00
      vertex   -3.973084e+00 -1.012325e+01 1.850000e+00
    endloop
  endfacet
  facet normal 0.000000e+00 0.000000e+00 1.000000e+00
    outer loop
      vertex   -3.973084e+00 -1.012325e+01 1.850000e+00
      vertex   -3.153803e+00 -8.188660e+00 1.850000e+00
      vertex   -3.693703e+00 -7.959723e+00 1.850000e+00
    endloop
  endfacet
  facet normal 0.000000e+00 -0.000000e+00 1.000000e+00
    outer loop
      vertex   -3.973084e+00 -1.012325e+01 1.850000e+00
      vertex   -3.693703e+00 -7.959723e+00 1.850000e+00
      vertex   -4.571385e+00 -9.867526e+00 1.850000e+00
    endloop
  endfacet
  facet normal 0.000000e+00 -0.000000e+00 1.000000e+00
    outer loop
      vertex   -4.571385e+00 -9.867526e+00 1.850000e+00
      vertex   -3.693703e+00 -7.959723e+00 1.850000e+00
      vertex   -5.153322e+00 -9.576476e+00 1.850000e+00
    endloop
  endfacet
  facet normal 0.000000e+00 0.000000e+00 1.000000e+00
    outer loop
      vertex   -5.153322e+00 -9.576476e+00 1.850000e+00
      vertex   -3.693703e+00 -7.959723e+00 1.850000e+00
      vertex   -4.217105e+00 -7.695236e+00 1.850000e+00
    endloop
  endfacet
  facet normal 0.000000e+00 -0.000000e+00 1.000000e+00
    outer loop
      vertex   -5.153322e+00 -9.576476e+00 1.850000e+00
      vertex   -4.217105e+00 -7.695236e+00 1.850000e+00
      vertex   -5.716811e+00 -9.251146e+00 1.850000e+00
    endloop
  endfacet
  facet normal 0.000000e+00 0.000000e+00 1.000000e+00
    outer loop
      vertex   -5.716811e+00 -9.251146e+00 1.850000e+00
      vertex   -4.217105e+00 -7.695236e+00 1.850000e+00
      vertex   -4.721673e+00 -7.396380e+00 1.850000e+00
    endloop
  endfacet
  facet normal 0.000000e+00 -0.000000e+00 1.000000e+00
    outer loop
      vertex   -5.716811e+00 -9.251146e+00 1.850000e+00
      vertex   -4.721673e+00 -7.396380e+00 1.850000e+00
      vertex   -6.259836e+00 -8.892698e+00 1.850000e+00
    endloop
  endfacet
  facet normal 0.000000e+00 0.000000e+00 1.000000e+00
    outer loop
      vertex   -6.259836e+00 -8.892698e+00 1.850000e+00
      vertex   -4.721673e+00 -7.396380e+00 1.850000e+00
      vertex   -5.205152e+00 -7.064490e+00 1.850000e+00
    endloop
  endfacet
  facet normal 0.000000e+00 -0.000000e+00 1.000000e+00
    outer loop
      vertex   -6.259836e+00 -8.892698e+00 1.850000e+00
      vertex   -5.205152e+00 -7.064490e+00 1.850000e+00
      vertex   -6.780452e+00 -8.502417e+00 1.850000e+00
    endloop
  endfacet
  facet normal 0.000000e+00 0.000000e+00 1.000000e+00
    outer loop
      vertex   -6.780452e+00 -8.502417e+00 1.850000e+00
      vertex   -5.205152e+00 -7.064490e+00 1.850000e+00
      vertex   -5.665384e+00 -6.701048e+00 1.850000e+00
    endloop
  endfacet
  facet normal 0.000000e+00 -0.000000e+00 1.000000e+00
    outer loop
      vertex   -6.780452e+00 -8.502417e+00 1.850000e+00
      vertex   -5.665384e+00 -6.701048e+00 1.850000e+00
      vertex   -7.276795e+00 -8.081700e+00 1.850000e+00
    endloop
  endfacet
  facet normal 0.000000e+00 0.000000e+00 1.000000e+00
    outer loop
      vertex   -7.276795e+00 -8.081700e+00 1.850000e+00
      vertex   -5.665384e+00 -6.701048e+00 1.850000e+00
      vertex   -6.100314e+00 -6.307678e+00 1.850000e+00
    endloop
  endfacet
  facet normal 0.000000e+00 -0.000000e+00 1.000000e+00
    outer loop
      vertex   -7.276795e+00 -8.081700e+00 1.850000e+00
      vertex   -6.100314e+00 -6.307678e+00 1.850000e+00
      vertex   -7.747090e+00 -7.632052e+00 1.850000e+00
    endloop
  endfacet
  facet normal 0.000000e+00 0.000000e+00 1.000000e+00
    outer loop
      vertex   -7.747090e+00 -7.632052e+00 1.850000e+00
      vertex   -6.100314e+00 -6.307678e+00 1.850000e+00
      vertex   -6.507997e+00 -5.886136e+00 1.850000e+00
    endloop
  endfacet
  facet normal 0.000000e+00 -0.000000e+00 1.000000e+00
    outer loop
      vertex   -7.747090e+00 -7.632052e+00 1.850000e+00
      vertex   -6.507997e+00 -5.886136e+00 1.850000e+00
      vertex   -8.189652e+00 -7.155084e+00 1.850000e+00
    endloop
  endfacet
  facet normal 0.000000e+00 0.000000e+00 1.000000e+00
    outer loop
      vertex   -8.189652e+00 -7.155084e+00 1.850000e+00
      vertex   -6.507997e+00 -5.886136e+00 1.850000e+00
      vertex   -6.886615e+00 -5.438305e+00 1.850000e+00
    endloop
  endfacet
  facet normal 0.000000e+00 -0.000000e+00 1.000000e+00
    outer loop
      vertex   -8.189652e+00 -7.155084e+00 1.850000e+00
      vertex   -6.886615e+00 -5.438305e+00 1.850000e+00
      vertex   -8.602898e+00 -6.652502e+00 1.850000e+00
    endloop
  endfacet
  facet normal 0.000000e+00 0.000000e+00 1.000000e+00
    outer loop
      vertex   -8.602898e+00 -6.652502e+00 1.850000e+00
      vertex   -6.886615e+00 -5.438305e+00 1.850000e+00
      vertex   -7.234475e+00 -4.966186e+00 1.850000e+00
    endloop
  endfacet
  facet normal 0.000000e+00 -0.000000e+00 1.000000e+00
    outer loop
      vertex   -8.602898e+00 -6.652502e+00 1.850000e+00
      vertex   -7.234475e+00 -4.966186e+00 1.850000e+00
      vertex   -8.985347e+00 -6.126106e+00 1.850000e+00
    endloop
  endfacet
  facet normal 0.000000e+00 -0.000000e+00 1.000000e+00
    outer loop
      vertex   -8.985347e+00 -6.126106e+00 1.850000e+00
      vertex   -7.234475e+00 -4.966186e+00 1.850000e+00
      vertex   -9.335631e+00 -5.577780e+00 1.850000e+00
    endloop
  endfacet
  facet normal 0.000000e+00 0.000000e+00 1.000000e+00
    outer loop
      vertex   -9.335631e+00 -5.577780e+00 1.850000e+00
      vertex   -7.234475e+00 -4.966186e+00 1.850000e+00
      vertex   -7.550024e+00 -4.471886e+00 1.850000e+00
    endloop
  endfacet
  facet normal 0.000000e+00 -0.000000e+00 1.000000e+00
    outer loop
      vertex   -9.335631e+00 -5.577780e+00 1.850000e+00
      vertex   -7.550024e+00 -4.471886e+00 1.850000e+00
      vertex   -9.652495e+00 -5.009487e+00 1.850000e+00
    endloop
  endfacet
  facet normal 0.000000e+00 0.000000e+00 1.000000e+00
    outer loop
      vertex   -9.652495e+00 -5.009487e+00 1.850000e+00
      vertex   -7.550024e+00 -4.471886e+00 1.850000e+00
      vertex   -7.831853e+00 -3.957614e+00 1.850000e+00
    endloop
  endfacet
  facet normal 0.000000e+00 -0.000000e+00 1.000000e+00
    outer loop
      vertex   -9.652495e+00 -5.009487e+00 1.850000e+00
      vertex   -7.831853e+00 -3.957614e+00 1.850000e+00
      vertex   -9.934807e+00 -4.423261e+00 1.850000e+00
    endloop
  endfacet
  facet normal 0.000000e+00 0.000000e+00 1.000000e+00
    outer loop
      vertex   -9.934807e+00 -4.423261e+00 1.850000e+00
      vertex   -7.831853e+00 -3.957614e+00 1.850000e+00
      vertex   -8.078703e+00 -3.425666e+00 1.850000e+00
    endloop
  endfacet
  facet normal 0.000000e+00 -0.000000e+00 1.000000e+00
    outer loop
      vertex   -9.934807e+00 -4.423261e+00 1.850000e+00
      vertex   -8.078703e+00 -3.425666e+00 1.850000e+00
      vertex   -1.018155e+01 -3.821201e+00 1.850000e+00
    endloop
  endfacet
  facet normal 0.000000e+00 0.000000e+00 1.000000e+00
    outer loop
      vertex   -1.018155e+01 -3.821201e+00 1.850000e+00
      vertex   -8.078703e+00 -3.425666e+00 1.850000e+00
      vertex   -8.289471e+00 -2.878418e+00 1.850000e+00
    endloop
  endfacet
  facet normal 0.000000e+00 -0.000000e+00 1.000000e+00
    outer loop
      vertex   -1.018155e+01 -3.821201e+00 1.850000e+00
      vertex   -8.289471e+00 -2.878418e+00 1.850000e+00
      vertex   -1.039185e+01 -3.205463e+00 1.850000e+00
    endloop
  endfacet
  facet normal 0.000000e+00 0.000000e+00 1.000000e+00
    outer loop
      vertex   -1.039185e+01 -3.205463e+00 1.850000e+00
      vertex   -8.289471e+00 -2.878418e+00 1.850000e+00
      vertex   -8.463217e+00 -2.318315e+00 1.850000e+00
    endloop
  endfacet
  facet normal 0.000000e+00 -0.000000e+00 1.000000e+00
    outer loop
      vertex   -1.039185e+01 -3.205463e+00 1.850000e+00
      vertex   -8.463217e+00 -2.318315e+00 1.850000e+00
      vertex   -1.056495e+01 -2.578249e+00 1.850000e+00
    endloop
  endfacet
  facet normal 0.000000e+00 0.000000e+00 1.000000e+00
    outer loop
      vertex   -1.056495e+01 -2.578249e+00 1.850000e+00
      vertex   -8.463217e+00 -2.318315e+00 1.850000e+00
      vertex   -8.599164e+00 -1.747857e+00 1.850000e+00
    endloop
  endfacet
  facet normal 0.000000e+00 -0.000000e+00 1.000000e+00
    outer loop
      vertex   -1.056495e+01 -2.578249e+00 1.850000e+00
      vertex   -8.599164e+00 -1.747857e+00 1.850000e+00
      vertex   -1.070023e+01 -1.941806e+00 1.850000e+00
    endloop
  endfacet
  facet normal 0.000000e+00 0.000000e+00 1.000000e+00
    outer loop
      vertex   -1.070023e+01 -1.941806e+00 1.850000e+00
      vertex   -8.599164e+00 -1.747857e+00 1.850000e+00
      vertex   -8.696705e+00 -1.169593e+00 1.850000e+00
    endloop
  endfacet
  facet normal 0.000000e+00 -0.000000e+00 1.000000e+00
    outer loop
      vertex   -1.070023e+01 -1.941806e+00 1.850000e+00
      vertex   -8.696705e+00 -1.169593e+00 1.850000e+00
      vertex   -1.079721e+01 -1.298412e+00 1.850000e+00
    endloop
  endfacet
  facet normal 0.000000e+00 0.000000e+00 1.000000e+00
    outer loop
      vertex   -1.079721e+01 -1.298412e+00 1.850000e+00
      vertex   -8.696705e+00 -1.169593e+00 1.850000e+00
      vertex   -8.755404e+00 -5.861054e-01 1.850000e+00
    endloop
  endfacet
  facet normal 0.000000e+00 -0.000000e+00 1.000000e+00
    outer loop
      vertex   -1.079721e+01 -1.298412e+00 1.850000e+00
      vertex   -8.755404e+00 -5.861054e-01 1.850000e+00
      vertex   -1.085554e+01 -6.503702e-01 1.850000e+00
    endloop
  endfacet
  facet normal 0.000000e+00 0.000000e+00 1.000000e+00
    outer loop
      vertex   -1.085554e+01 -6.503702e-01 1.850000e+00
      vertex   -8.755404e+00 -5.861054e-01 1.850000e+00
      vertex   -8.775000e+00 -1.074628e-15 1.850000e+00
    endloop
  endfacet
endsolid
